student_id,cluster,distancia_centroide,probabilidad_pertenencia,study_hours_wk_scaled,sleep_hours_scaled,attendance_rate_scaled,assignments_on_time_rate_scaled,procrastination_index_scaled,self_efficacy_scaled,stress_scaled,part_time_job_hours_scaled,social_support_scaled,screen_time_nonstudy_hr_scaled,extracurricular_hours_scaled,habit_consistency_scaled,age_scaled,credits_enrolled_scaled,year_of_study_scaled,attendance_lecture_scaled,attendance_lab_scaled,grade_Matemáticas_prior_20_scaled,grade_Matemáticas_current_20_scaled,grade_Programación_prior_20_scaled,grade_Programación_current_20_scaled,grade_Comunicación_prior_20_scaled,grade_Comunicación_current_20_scaled,grade_Estadística_prior_20_scaled,grade_Estadística_current_20_scaled,grade_Ética_prior_20_scaled,grade_Ética_current_20_scaled,commute_min,lms_activity_rate,lms_quiz_rate,lms_forum_rate,lms_resource_rate,lms_submission_rate,primary_device,internet_type,internet_quality,major,C1,C2,C3
620.4368834199452,3,2.3546,0.9131,0.9911477654269352,0.8971687502802512,-0.9858399547269664,-1.0807286766939377,-1.206950121241686,0.09765925294774734,-1.0337123962127974,0.6546851762009741,0.7729203598196491,0.06755846181777284,2.0142472457643312,0.2969709808148591,-1.2551476267191044,1.467295445386704,1.987970215309112,1.3788761965196685,-0.6438669808637872,-0.6179207123259159,-0.8717603671559324,-0.5005098406924536,0.47642420952132847,-1.5311974314756223,-0.760645445051879,1.236128987716058,-1.3382160906236846,0.8391334497307824,-1.192300392039714,22.18379198411325,66.96468144666349,77.42279580653481,30.71849755455458,57.2064288876586,86.9197796612013,Laptop,Fibra,72.62003128360749,Psicología,5.153261997918033,-0.1158223529427069,1.3916303789431381
780.919439689615,3,3.4454,0.8774,0.8649703787248448,1.354566164490397,0.11664775589818567,-0.8543600400884408,-1.2222320642272737,-0.22357650886432903,-1.1959739984822746,0.38384722947050676,0.6760100264226102,-0.389143107679204,2.3371461898311647,0.03461764873483474,-0.9238879227346457,1.3337973772151333,2.0027768336048086,0.8583331593253747,-0.326624342607416,-0.03651701631704702,-0.24204581090996366,-0.827525416856942,0.8761659775255792,-2.025827529835811,0.9524522788800787,0.7318968109575569,-0.9470911991443967,0.8481048203933288,-1.9920930930099774,25.176870557604037,72.62129494020283,72.17538038205605,34.58416314031016,57.98414658076695,88.99882698523507,Laptop,Fibra,67.85297275305501,Psicología,4.475088633946645,-1.2631029043634052,2.3899150201343455
709.5280284038066,3,1.3826,0.9462,1.4666615197379695,1.3512974611385993,-1.124615183356718,-0.6160717066346514,-1.2116254997557425,-0.2955123050158769,-1.5336737733032004,0.6832882205447947,0.5810407078438787,-0.01649535557103792,1.046323269228249,0.13561784204497207,-1.2406159107023478,1.5213830588282502,1.431473509849164,1.1099139272372034,-0.41534603018587657,-0.8207836174100783,-0.5895560198934586,-0.7923638921583243,0.7279695603793469,-1.2580453706340677,-0.30359405745459994,1.242984316656516,-1.3245992999501737,1.0833117739327704,-1.378783676405035,21.60107877507724,70.56914648561975,78.02526764053165,27.636210214608926,58.16092382331227,89.0799501248051,Smartphone,Fibra,72.28331069733171,Industrial,5.161190973540739,-0.8798375112780414,0.34039645591421125
827.095582943991,3,3.2057,0.8844,0.5577785535376238,1.7057864016226594,1.7202882034982128,-0.4782532006927951,-1.6861119868284509,-0.26951809418090583,-1.1263960600029097,0.5252573098356401,0.8002173808084686,0.5487635485108969,-0.19297942724262512,-0.4712938646554761,-1.573998870830227,1.2300379837705901,0.8307580129201394,0.9322836497292877,-0.43532460034341436,-1.54938998048068,-0.38403225611946235,-0.860493601994324,0.9177886141450529,-1.102394441086446,0.5257659823337113,1.7186787557336687,-1.4076284475909828,1.4627374984465573,-1.0611810175887102,22.415528664652317,77.40092832343679,75.3943179535477,32.18731736358575,66.03554481479367,94.21538011347744,Laptop,Fibra,68.02516005247404,Sistemas,4.5649983400229095,-0.5066474032781779,1.5053940608964178
649.5228427320519,3,2.4074,0.9077,0.4341279334071612,1.3125981879893662,-0.9992024604346029,-0.5477195315693942,-2.1265279915467756,-0.19669602707039913,-1.3226403720138944,0.07042562709148714,0.8181646020914847,-0.11601352060846366,0.9416230924823409,0.5900677901901563,-1.1203335590146275,1.445998476240351,1.5462215161587693,0.9123598509914922,-0.049229238495972646,-0.7939935492931912,-0.41301113171199666,-0.5142342842442854,0.7207777272826754,-0.8562370537604244,0.6804307044787549,1.8339482201484658,-0.9762391818194043,0.6018076661455197,-1.347933875057305,21.85668669141809,74.80551496435594,77.21641570531344,33.3496901843516,59.30710033739571,88.45017146133627,Smartphone,Cable,69.23094240580829,Sistemas,4.531446431736047,-1.406939220405594,0.5329125744020401
669.1167745195532,3,1.492,0.9416,1.3047756543573623,1.1269057934387328,-1.5775465518038319,-0.41434523382186234,-1.3671947561026436,0.0014867698297402895,-1.346077937340589,0.6317161066824725,0.8225326918349724,-0.1295354962479285,-0.2827930554978515,-0.14088990690293912,-1.2386646862023358,1.4323211114238859,1.0844973264095807,1.0711826722168405,-0.6304925822260184,-1.2740610415396227,-1.1476282782244298,-0.3122624498475076,0.37061753074380516,-0.780027145843759,-1.100613610126251,1.3187180624701085,-1.3882260127309498,1.2378641266404475,-1.0194903128522148,21.614185940658388,74.17275403434326,78.98614511014479,27.618090095777923,63.18152272934486,87.24324263587641,Smartphone,Fibra,73.28138554170226,Sistemas,5.127782912478729,0.05348856711407002,-1.0800649109945626
793.5916433890053,3,2.9611,0.8912,2.301038693780171,1.5022230735213036,-0.5117328901267258,-0.5209963794712884,-0.4191761753266947,-0.26363740706022215,-1.3338924541495618,0.219601161777186,0.6479452973800789,-0.5237290065292475,0.6352606983074488,-0.5207926665320104,-0.9424782740610701,1.034605011168042,1.6903773635383128,0.3028083959279885,-0.670288137009864,0.13041072467980086,-0.11507773437647467,-0.6188381608760878,0.7765082607872607,-2.1515124740818847,-0.17197445622172425,-0.07130379732477068,-1.065515805072683,1.5712030875927825,-1.9920930930099774,26.463726596064905,71.16380092365465,73.53594459861792,32.63198681155652,61.58702300829247,85.06273583188678,Smartphone,Móvil,73.31733086733396,Sistemas,4.583655193871153,-0.7115738002138221,0.21472183985504528
710.7699609201509,3,2.0548,0.9186,0.43108592714872473,0.9248758504254345,0.2399193155086836,-0.7105090162389568,-1.1598331010844498,-0.06312752595024473,-0.8593752871052631,0.6839897717964084,0.5505695949388598,0.05900842859626554,1.5296679746647373,0.08690920920525341,-1.3988539938421867,1.4126603347685716,1.3511727195379792,1.28730762679532,-0.5041731036902204,-1.3392697058466336,-0.9830087148198545,-0.7368192686038261,0.6154869474486827,-0.9584841964678477,-0.6440373364290009,1.4368360617527691,-1.2865411308667338,0.8147892079355067,-0.9641100088009019,22.53409523804487,69.53805658203791,75.05440256746988,30.40184184728502,61.185213227795714,92.04312255165316,Laptop,Cable,71.39131745016776,Psicología,4.534128861090505,-0.3312330658410022,1.7880488621971509
640.6568057927137,3,1.8307,0.9302,0.6032726593815333,1.0905030026870084,-1.4487101535982052,-0.2721886008643115,-1.9681744544538589,0.04289478476346469,-1.134974237764891,-0.02941894877933473,0.9631161143359377,-0.6135139151385934,-0.09718406102957979,0.26490607603699173,-1.3836731541875664,1.5283936660107864,1.422605038305622,0.8521981915119993,-0.4152190222543757,-1.5275328393155057,-1.251458917636604,-0.18911831694587464,0.4858378895425817,-0.7688938335761301,-0.8464883130011321,1.7524465358589207,-1.1760165277671204,0.9161676061962578,-1.1888935280910744,23.135453766037347,75.95214963760135,78.77585010657387,31.284457462522703,62.46378413899777,86.90640423636069,Smartphone,Móvil,73.35700518174197,Industrial,5.111976294312092,-0.6183171562488342,-0.7368790017658653
827.0730442118745,3,2.6024,0.9015,0.535434590437854,1.0507018258592777,0.5039831897890987,-0.5447140163758479,-0.8805023702340908,-0.13988087210259162,-0.9501682936748713,0.6932313040266832,0.5160704938879315,-0.7110928132470014,1.9150358549620106,-0.32952472667875005,-1.1449005033510702,1.4580975687091258,1.5036792105532313,1.0419563536957928,-0.5391679956557552,-1.041198049713097,-1.1100998995337712,-0.863591558434745,0.7400471363289178,-1.4186660497315682,-0.20943711828109568,0.735726024741226,-1.1112206477737443,0.9313463484615979,-1.9814480986478624,25.725519542197155,73.65875615001728,71.21230248681846,31.07198100966297,61.57069025543238,91.78537965040798,Laptop,Fibra,69.44391727187023,Administración,4.56331803667408,-0.7157683296867642,2.193489168239081
774.2341200154481,3,2.2108,0.9084,0.6940342988301308,1.127830325748015,0.2797880635353327,-0.37738661971649373,-0.9387368283144922,-0.3233622845885118,-1.1894636859844225,1.0996275344414452,0.3047039638252554,0.3631595223902132,0.5467658538339081,-0.2459049635904169,-1.1753705040404079,1.2938299819155434,0.4725812645397112,1.2281462425036296,-0.35240608809532264,-1.4498868767171786,-0.7563072966849498,-0.9345419974341934,0.6321029384602513,-0.2883879420504547,-0.23156166647438423,1.3172857378626999,-1.2683494268871383,0.9725043450246362,-0.7854556028520117,20.886963280535127,72.7983867434977,74.23447338439779,27.25779393045425,64.61807068156673,94.21538011347744,Smartphone,Cable,69.39023340180964,Industrial,3.942359497143824,-0.39476709372162216,0.8563155948151963
696.6478142159397,3,3.4215,0.876,0.7569987619393301,0.9930078852562892,1.4956760531874391,-1.0894686709082662,-0.8287508892926734,-0.04836584893240205,-0.5414449398492699,0.608445877300649,0.5214242446783037,1.0473757699962016,1.544812839148228,0.1124776074791115,-1.7639332326555528,1.0904868627473134,1.4329974247193031,1.2884654682336032,-0.6767701906342779,-1.2037009362537143,-0.3512851864809921,-0.8332097006514583,0.7109518826218104,-1.574819065392542,-0.9102130728723036,1.5496527885872935,-1.5064829812327871,1.0719551449708065,-0.12953419876771144,21.50775755617663,62.12987645115385,76.27006206362056,32.38247229687286,61.32050006461859,94.06976211178396,Laptop,Cable,73.78597964389395,Psicología,4.378171461026243,0.185760400543023,2.7746410014653535
772.7988330509908,3,1.7966,0.9355,1.1744139386660035,1.7057864016226594,-0.3179713913985554,-0.5569944000640006,-2.0200994756147095,-0.20224202497457558,-1.4206917331474465,-0.025652864035541297,1.0337160930238565,-0.15947707470301797,0.27032685723272903,0.12317632314813823,-1.6693888097124088,1.5644231126612569,1.7873779431663661,0.8122889037654955,-0.45056018580898355,-1.1947291933017714,-0.5466040697496906,-0.6119486389351139,0.9288247092984113,-1.7623278464666956,-0.030943447851352328,1.7740838395879348,-1.407055273073453,1.3773085800088267,-1.5602859485414575,23.204709203394117,74.76421648558002,79.86328519736843,31.718393653255323,59.2195714244097,90.72538205165796,Laptop,DSL,72.55823326699317,Industrial,5.817278022923989,-1.0949117373536985,0.4646404012950111
711.2384935764421,3,2.4658,0.9083,2.4093858666518626,1.7056968843061469,-1.0869863078578283,-0.3493250121959188,-0.9236572737381471,-0.4367477365968037,-1.6490578970707086,0.29313929412032114,0.601869555393104,0.4561511550627129,-0.8804323757807762,-0.12776867565901476,-1.329289278019505,1.0831812680834723,0.9763716881192513,0.500943056598333,-0.47884459224278153,-0.6252334523317359,0.1201539132986231,-0.6397070362475842,0.769299237290129,-1.645494885887781,-0.5259286729010126,1.0142059633751705,-1.3669138417030524,1.659487643237028,-0.8182732366303406,21.30001467356902,69.55750239671768,80.00576234711242,28.441854613012588,62.202504356036656,87.5336103183294,Laptop,Móvil,75.66593842276835,Industrial,4.866575489047817,-0.6647677917962422,-1.3149577809800612
800.331822182623,3,2.5896,0.9051,2.4093858666518626,1.6293842301949593,-0.679667621634684,-0.34654347607761377,-0.45338486681829604,-0.2989552838357429,-1.5242265156063628,0.5423069125292043,0.6458841105762093,0.03802671315060732,-0.7999794438183672,-0.7251087627598141,-1.2636203400736903,1.0790283301185202,1.0310384230314966,0.4995040944306396,-0.8144534896582944,-0.6289192063147488,-0.3164781955722442,-0.6133644071684192,0.6833328817368415,-2.036690747526398,-0.9657049456325545,0.37758916731699965,-1.445439871717807,1.7116409221162254,-1.3144611944490368,23.63255521541482,71.40956635379028,77.52096720505874,27.891064526487312,64.19246163909659,87.57984880811972,Smartphone,Cable,75.47062221408602,Sistemas,4.995098015963405,-0.10343628922777345,-0.9787087059853515
733.9652759613039,3,1.2021,0.9527,1.4328208705988177,1.524371136962701,-1.1171344494254616,-0.32127951588462234,-1.6095919081925902,-0.18792057829581973,-1.5038801976928513,0.26937968401103596,0.8788688775433672,-0.1981724210093279,-0.448507246033052,-0.1198987603082025,-1.278099593935071,1.389968099564864,1.2136663171521294,0.7418850640432458,-0.46145659568084657,-1.05608640091181,-0.6638484609288456,-0.44687294707575986,0.6528766182773721,-1.206455211399335,-0.30239734396259277,1.3442537589823746,-1.2867458296769558,1.36209465529168,-1.3766400164097172,22.578367945273925,76.14418185499105,78.68498385533543,29.779773390646557,62.596850968893,88.23270068665353,Smartphone,Cable,72.34725938465483,Administración,5.172905337769958,-0.665495794493422,-0.8601117026678495
767.3818179834467,3,2.076,0.9151,0.9806072772999689,1.5631508169706396,0.4323189719145782,-0.23522455080791987,-1.3941410695423435,-0.47860736280412863,-1.2063730036935265,-0.03974763104040923,0.5091403488628271,0.05930113965121472,0.16326779124420465,0.1375377252136083,-1.363086885305722,1.1470794537781608,1.0491472149015577,0.4689954147624279,-0.11891871852971826,-1.0314675934713464,0.004382725845767954,-0.8421104820812457,0.9923529640884358,-1.2691857272038525,0.4212172859906866,1.4289666178199536,-1.0244233832695713,1.0597291204371555,-1.0947247342146749,23.233838079461115,72.6341577022213,75.33084681550831,33.05804814393503,62.88017680120971,92.00659776348786,Smartphone,Fibra,71.57974172956004,Industrial,4.094440182677148,-1.5167869625950596,0.7164618595189596
782.4341257222192,3,2.038,0.9224,1.449299534753402,1.2630612583928502,0.6389646460136978,-0.4149693692040297,-0.585467219816049,-0.32726709038374807,-0.9547718179148736,0.31953143268564427,0.38292322456696387,-0.092143679048546,0.7636306787730746,-0.14263406969986783,-1.758704797359723,1.302936987792816,1.303665551116872,0.7779777196608885,-0.6322777629676285,-1.4740147727464026,-0.6616515143258952,-0.9531609524047987,0.9119010075805353,-1.762846072910603,-1.2966815736453414,1.0688747483712693,-1.4110473518135185,1.361457242520934,-0.9555819317082204,24.200670612002103,66.2395348029115,76.10639812556349,29.15759629680762,61.44748268096811,92.47466425226312,Laptop,Móvil,76.52461429512957,Industrial,4.924268909100929,-0.6804122930163369,1.250673875317367
723.2530817130356,3,2.128,0.9162,0.25475126215654126,0.9375355104863825,-0.13984183941041767,-0.4489240628441357,-1.2903937696126107,-0.16179777445138496,-0.9600074300935517,0.4663242699812021,0.49338565977204174,-0.559243944854889,1.673091161223876,0.19436424528122184,-1.2746584980111044,1.5366826637089464,1.4064035472938738,1.1005204193476048,-0.32295796964890994,-1.3695607534671281,-1.120847434548958,-0.769727769087281,0.7009056860083126,-0.8491331460342588,-0.3896944278031811,1.3615616559335153,-1.079733061375949,0.6274243013995349,-1.4387041183642757,23.86189771917519,72.20496003390082,73.84901142145983,30.63231342303407,60.55267799908872,91.1538557020288,Laptop,DSL,70.87780611797257,Administración,4.482681660080408,-0.9943110825399954,1.5751605993991513
785.601468700738,3,2.9502,0.885,2.0208556459842715,0.993912430935046,0.16692400148226993,-0.36114851961839695,0.40856436805971447,-0.3122048723598073,-1.0316321273172484,1.0561223847547034,0.09676946777951582,0.041424055575971605,0.49248445533659807,-0.7388137260399791,-1.1375774569981358,0.9936881910468114,0.6644049219902999,0.8071329765912977,-0.7980740821766962,-0.8976335796296147,-0.6600486737360106,-0.9114725638825047,0.5795464079170102,-1.4644051892553651,-1.4829732480906723,0.05138620715752318,-1.3117298681055467,1.472258057690484,-0.9314603544988609,23.86174309612004,66.25928062634885,72.61683757574745,26.51695158358589,65.28700907761737,90.08630707781238,Laptop,Fibra,75.06997688933063,Administración,4.010935220223707,0.16267019779614705,0.464456128343499
784.5628808812143,3,1.5013,0.9426,1.3423162837475753,1.6306374534988561,-0.05365393235027742,-0.6712590557365321,-1.6144846420331238,-0.10907939705376675,-1.3479436666141411,0.41994892241889725,0.9905619419190614,0.2817740150773876,-0.05442893582884845,-0.2726924163844727,-1.4521046103626303,1.3289460323523077,1.4067715201997637,0.928686973172634,-0.6196122088610834,-0.9798284970986881,-0.483828320809695,-0.5455794851982813,0.7231514183616199,-1.6130598421546691,-0.09385066738557328,1.4219468288962065,-1.4649229079211346,1.5374339823880878,-1.286726837667932,22.40843124552209,74.72690272013456,78.49264870566844,31.156294735044654,62.34238839919192,90.9020804879234,Laptop,Cable,71.21110432882037,Administración,5.34328646124817,-0.28193591014479313,0.34837361869651984
789.4393553466039,3,1.7943,0.9286,1.5081901074707367,1.5567533762005419,0.10105926862682166,-0.6426163930762846,-1.0773035026226474,-0.3121129815226859,-1.3973101222948257,0.6953226847971176,0.6265528691036425,0.4406920227935855,0.4339774014471303,-0.2733728531613998,-1.2215802635119442,1.2012985643324883,1.1337286435448295,0.9182556713989078,-0.4809992210101395,-0.6734877546055685,-0.1648689121324323,-0.8174171047773631,0.7827354203354409,-1.4859824970106341,0.175570221173649,1.0663971422981753,-1.3301943300068289,1.381363332983216,-1.2209965836705898,21.9746526072304,72.05882702277218,76.21434161852044,30.04758122559929,62.034979308534766,91.458987821902,Smartphone,Cable,70.49389198087022,Sistemas,4.65486593422833,-0.5397277351314502,0.7334209614163535
722.6210058272193,3,1.7553,0.9364,0.9328528353550487,1.2346483403775945,-1.1550116753525834,-0.24418625743008482,-1.7255624976910569,-0.015111185995105367,-1.201871453505127,0.0029691585074049873,0.9479869045055596,-0.9711879044967314,0.1580635188806767,0.02797755489980495,-1.577413357893633,1.684116746905927,1.6532690647213866,0.824786504403376,-0.5897279805718093,-1.671161187116273,-1.4539059207548202,-0.3694215354630542,0.6432312452433722,-1.2878333029792435,-1.183051507873285,1.5009454629055723,-1.3192412953180674,1.1912096982549238,-1.6353527052115389,24.72543719423977,75.7117000612698,78.6383935709856,29.817579967547907,61.14912932656304,87.99251521621187,Laptop,Móvil,74.74288977134256,Industrial,5.767340722312745,-0.7315949522906515,-0.3754265381100936
760.3407622174166,3,2.5412,0.9103,1.6780319614877326,1.5865706841166751,-1.7858522903498264,-0.2282716372787897,-1.7082606106753342,-0.06617017337887475,-1.7377705710675544,0.6551743568621412,1.0615506846758327,-0.20845070883166028,-1.3980262697686807,-0.5361597677076523,-1.1459295896641506,1.4653504935586539,0.8807455789212462,0.8969048105104606,-0.650824674053617,-1.217361251937269,-1.0572500671828582,-0.24559358431218145,0.42329050206557767,-0.8370838999443044,-0.5493392606193437,1.2669231685436986,-1.4584534029002496,1.6632483437577021,-1.4681939212942217,21.678180535246103,80.96436610479309,79.98881708389459,26.918736402945363,65.09618782280792,87.61567332488569,Laptop,Fibra,71.32575431678944,Administración,5.543360040170217,0.007376296206871075,-2.1367938869208323
681.9077426952307,3,2.7925,0.8978,2.4093858666518626,1.393793069563926,-1.5417875036379536,-0.21843463791229636,-0.3252970314795622,-0.3986540322161845,-1.5637117988943814,0.5572293123284108,0.38592558471355987,0.256086586757727,-0.9362998810582408,-0.2699953874106473,-1.3510664734532842,1.1113538772536102,0.7553808401600701,0.596029667123182,-0.6643749729046704,-0.9114592992457525,-0.3292461380925373,-0.6370574051670548,0.605728936057319,-1.4422212792778746,-1.6198304579450555,0.7016910152456652,-1.4553603567442142,1.6956656740166276,-0.5925600446639531,21.38671298860072,66.70371604131867,79.9045227231036,25.517607030705424,62.9560190179815,86.45595764756371,Desktop,Fibra,78.59453201163126,Industrial,4.810396150352717,-0.19450356755126907,-1.7855244726574362
767.8060778335074,3,2.0434,0.9228,0.7155176914872302,1.399354429894276,-0.9125598142723546,-0.27676914300747996,-1.6797832391941554,-0.3607411772734639,-1.5237491363736604,0.38492123875961093,0.6124648852277034,-0.7526996693275102,1.1319827321587963,0.1819381334244091,-1.1445864290108598,1.6820621813711938,1.4137455512858577,0.9256063649247361,-0.15791918695141394,-1.1203284456974796,-0.8653729088271952,-0.8215938512897101,0.8559780366649226,-0.9283193085766984,0.33736873587503063,1.3929810115997456,-1.0569538621131678,0.8152669548425739,-1.987555959295772,23.506860876035383,76.81023012303373,75.57409810143712,29.399038214973334,59.073853537580256,90.32490284855945,Smartphone,Fibra,69.5860449999325,Industrial,4.968137775237878,-1.6543877420250443,0.5697107830245165
723.083503966518,3,1.743,0.9286,1.0791292917927267,0.9612910997226594,-0.06219673547813008,-0.6058300283254199,-0.7648317376293253,0.05866156332205161,-0.7694699709097099,0.246906372996366,0.7215276826254065,-0.5007553008248335,1.0010224223839166,-0.29291364560156935,-1.143005143928967,1.1285122706468091,1.63959496318098,0.6988128868456939,-0.7143885824057782,-0.6569386365931295,-0.8379885872553873,-0.40746761894149436,0.5300091996298428,-1.8655668551921856,-0.7942426676384178,0.5464848548804998,-1.0914879685981953,1.133127976890747,-1.5096885054733196,25.96647704406069,70.85618919027165,73.09454104657422,33.78288196257412,63.36257546759313,86.82832466480527,Smartphone,Fibra,72.93298350494064,Industrial,4.45511294896532,-0.12002277817978989,1.047223893141512
778.552881008045,3,1.7936,0.9231,0.550135664975726,1.112216791354988,0.0248811418674455,0.030193287303858694,-1.0192004294447037,-0.37795558299958404,-1.04712934419189,0.22154787909439613,0.3250520940811144,-0.8285606294492471,0.6613493251830831,-0.07140492935934405,-1.1215405153968654,1.3146915311526841,0.9091763642210104,0.5730173179123277,-0.1850502630349567,-1.3551159278204803,-0.8551665523374804,-0.8114876432367824,0.801926013774825,-0.7925478083865762,-0.17034512811888844,0.988029370093472,-0.8676562329320564,0.7891009702897309,-1.5449188230742332,25.179197592617925,74.9759602877483,71.87460255442956,31.092330527099207,64.23776596648221,91.02056875080646,Desktop,Móvil,71.13332443967774,Administración,3.8648374162073824,-1.3945675763815868,0.6816788396051523
655.2031661730066,3,2.9092,0.8984,1.079632040614909,1.515948240864575,-1.9092529462835675,-0.37012558025929637,-2.1212300125489665,-0.26301742838873793,-1.5646967892685162,-0.4100297591046079,0.9323881314544314,-0.8895798653706939,0.8385719128216726,0.6312125492344935,-1.110952783033975,1.5643851766847725,2.0029775680846673,0.5025977212442221,-0.0765202824859373,-0.4781902283688059,-0.4097417521598418,-0.42512737973826586,0.8482437073951992,-1.5908386186214007,0.530147894774927,1.4613474480928133,-0.8870846098979227,0.7827732154957627,-1.9920930930099774,24.233384862330336,75.65181489288875,78.16390548582548,33.713187152741604,56.838726837505625,84.43055910037839,Laptop,Fibra,71.84640447265558,Psicología,5.194642382726233,-1.995818989023291,-0.2862146493981775
710.220344099096,3,1.9948,0.9264,2.1493962496654286,1.4228776957578484,-1.9126271737508946,-0.35114682184093493,-0.9978403898643361,-0.22884307188844225,-1.6473426516772303,0.4409224703339788,0.720203884148951,-0.45841902199578327,-0.062673993938564,-0.19821474878993225,-1.116046535102954,1.4006204956408097,1.377915207199669,0.7031241119341266,-0.5960086436430119,-0.6427483561534574,-0.6937464450842129,-0.489576016193985,0.5988976291843988,-1.5875737261606293,-0.7985414562302385,0.7330994976823311,-1.2891651846397123,1.4467088937590908,-1.627961083114118,23.206404525250388,72.91712414658265,78.49471646801499,27.5743031531945,60.60675525722692,85.04863652582742,Desktop,Cable,74.55527702363503,Industrial,5.3672362397554165,-0.6095355060982406,-1.254359401427378
751.0153403527006,3,1.5735,0.936,1.2552967412988507,1.301952341392361,-1.2201664041611706,-0.21254792521088312,-1.1692992338706585,-0.3210594023169565,-1.6058097901106099,0.9238959911271779,0.5019551104625293,-0.17077539031135958,0.008004637723963778,-0.24478444210750905,-0.9856826623038515,1.4416493469425284,0.6792844079962171,1.0316682618652868,-0.3548001729147748,-1.1516017311313178,-0.8675542433538774,-0.7094464118192076,0.5702736706915895,-0.45650027326096626,-0.23139873038549008,1.120004984695794,-1.222855707130249,1.1172154922116586,-1.3440407129511553,21.40168799607337,76.28328894534505,76.2358880989401,26.112229056244686,63.255016486254526,89.97390360733039,Laptop,Móvil,70.19210447101665,Administración,4.568164337106703,-0.6483937327577617,-0.6982648603116713
752.1191433089691,3,1.4949,0.9424,1.2352915461028517,1.3111129316528132,-0.042699377614162835,-0.3643320039862066,-1.2557663407950699,-0.10366020071925283,-1.0639889452824511,0.28269388667218776,0.7673058352594803,-0.04842540250590604,-0.3054194939825927,-0.21605984254318322,-1.7283828503688152,1.3684368484048555,1.1736256500514621,0.8646404824351033,-0.6927148302245072,-1.7126227904216849,-0.9771519574481078,-0.5499832097393561,0.6757880533280959,-1.3105109157666017,-1.30509483030562,1.473341077631588,-1.4987512735535655,1.466930103673118,-0.8578974387773624,23.105458644739706,71.77294428326883,78.57622323183107,29.301860104219887,63.75740956232315,91.23546551518574,Laptop,Fibra,75.31954820605876,Administración,5.25876161895228,-0.17889828026546553,0.0037355288757153606
699.5065680801973,3,2.1048,0.916,1.3485858215403126,1.0162817225813077,-1.0515303204763777,0.22661879337079605,-0.6716383860422939,-0.39620379246787485,-1.1831965675964249,0.27350356159820066,0.21793414819301507,-0.6921866790435165,-0.3581665175140624,-0.02626810106485701,-1.39375578340724,1.3540348918476655,0.6144956980507275,0.5814975625587284,-0.3707319999959338,-1.8103018645113633,-1.098145333086318,-0.7055708209587315,0.6598717759014167,-0.588538908868075,-1.6184986113880635,1.0695969603675302,-1.1357299371411398,1.0586488096110753,-0.8587561720794604,23.525713876154036,70.79062148539457,76.19024553138723,26.33032547671,64.41735045569006,89.03724527912172,Laptop,Fibra,76.98675501328408,Industrial,4.3521186707652735,-0.9500918892587255,-1.0769502951889742
779.3793932690711,3,2.1572,0.9114,0.8093521959611656,1.0533767110575687,0.32292427956971165,-0.8678607004086833,-0.9516697059508301,0.11457353630375473,-0.9995257357147208,1.212858780766213,0.7781756488879042,0.4123891006947429,0.7378207067018163,-0.683355316041593,-0.9265115141028236,1.132391938593171,1.0164413409822757,1.3158200651509357,-0.7674837125387053,-0.7159765607627919,-0.8567368339212694,-0.5001826916002006,0.34073320721923767,-1.0453301757425135,-0.12892496441771475,0.8007360912235416,-1.3331631541510844,1.243046926132321,-1.214722254195917,22.37148655876704,74.83374830648648,73.18553983681493,30.86461926141861,65.75835840932123,91.01445980843928,Laptop,DSL,67.33544675356261,Psicología,4.249307419045915,0.7240932589723894,1.2100606987679459
642.1277353844938,3,2.8791,0.8924,1.9015073519072971,1.2400194582566417,-1.955825388087021,0.20640133851091505,-1.0548491697774103,-0.19230147420270524,-1.2776273365620356,-0.36858879358820673,0.7082007025867579,-0.8020251880844474,-1.5442732437783606,-0.10233681004551304,-1.1383342401109178,1.0636785014096248,0.9581838078367081,0.03483600850714397,-0.44823712064979654,-0.99795064728059,-0.6698785631787012,-0.10896694245314259,0.49945202681724826,-1.2628461225961147,-1.249540897242946,0.7852404267185606,-0.9730410371821769,1.3472820576341897,-1.1112284264324748,24.782859416721568,74.26754638658838,77.66463959783133,31.194619011729007,66.20415353815886,82.58486106156863,Laptop,Cable,77.3934796870416,Psicología,4.45557850280087,-0.7187859811924978,-2.608216941429612
651.7547109563221,3,1.8956,0.9187,0.6063169842052794,0.9829320678034795,0.37674921636914094,-0.5407105287847417,-1.2264166904683655,-0.004024066190372956,-0.5533880709376873,-0.3073742486677594,0.7250015540463853,-0.09347981739859246,0.6367495578278328,0.20896664375683044,-1.327105110559083,0.9510773342012985,1.5443869619517556,0.4862106632506852,-0.4153117955072507,-0.8207161124298401,-0.3659628613848594,-0.3427803677517014,0.633442004563954,-1.6129520208029926,-0.4297782465888475,1.1910377940373582,-0.9419196589775688,0.8624936760626275,-0.8387158898291943,24.95057989506188,69.17280654428612,74.14722483763948,37.281940083826,64.0415648836448,87.67575679102177,Laptop,Fibra,73.47622684689867,Industrial,3.8609643665711646,-0.5575188113632451,1.158734689365426
762.5709091150657,3,2.47,0.9014,0.8534438046872758,1.1145782537239344,0.30485694099766175,-0.9766927212676677,-0.9693328002049667,0.01637878853314212,-1.033390448620759,1.0102532898132686,0.7220094371347214,0.3446096945033493,1.4393972010712484,-0.4077150516448598,-0.8838028199927682,1.1393982481364122,1.3603770387288139,1.2203383338210012,-0.6251224358110253,-0.3351264066796971,-0.5264568994358982,-0.6150691067211055,0.49189255636498636,-1.4004745922208495,0.29632816780189786,0.7521399065941259,-1.2064829335006746,1.0756160317069619,-1.4314854860307227,22.847750313970035,72.7744263078866,72.763831323137,32.38435618288677,62.88799488058628,90.18383654696372,Tablet,Fibra,67.28147301393624,Industrial,4.209746869054793,0.16326088355410712,1.7991269645714947
608.4232938584715,3,2.8792,0.9046,1.770974485250802,1.0036183745927307,-2.3845128701362297,-0.393404284620747,-1.2334384534974479,0.09909033546720737,-1.2607553759605772,0.008599159117070283,0.929607058169141,-1.0578473548900762,0.2918459850237761,0.15202187535460251,-1.4837371623954825,1.6445117993241147,1.975329050019371,0.8049947902589137,-0.8050862630568891,-1.1991866722990372,-1.4972733888203735,-0.15188091348632024,0.43364080210594763,-1.708690259670049,-2.1272717485296804,1.053767372294416,-1.3767157828900551,1.2599867117870986,-1.5162635884930378,24.594300751479917,70.30352395358742,80.67027598408552,28.22982543706866,58.77203912672198,82.23930213540034,Desktop,DSL,78.95388257767408,Sistemas,6.093160615600798,-0.3117923526354236,-1.2458257537945678
740.9819778977844,3,1.1366,0.9528,1.3704547267670162,1.3157148650364852,0.0675052854363983,-0.4416874969767037,-1.0184927490066962,-0.1793516269678938,-1.0663457097024904,0.3036024669152444,0.6534743864095113,0.14314662706257694,-0.056777161157184876,-0.2041351446864786,-1.4658811775898215,1.1585052618968414,1.1324229074143835,0.7339856625146539,-0.5877155006506845,-1.1600143067794983,-0.5233775492369807,-0.5979704800074678,0.6900411572651072,-1.453370700561018,-0.7790606182990718,1.1640674140616831,-1.3269769865060723,1.3743371700330451,-0.8762735134557395,23.117996712471232,70.58076867217885,76.80371155575682,30.856825393857715,63.86638897829555,90.25354152886302,Tablet,Fibra,74.06397807048059,Sistemas,4.660728387647086,-0.31034169058506794,0.2615828909210935
691.3370634124334,3,2.1933,0.9111,1.1492372355075873,1.4788511491291008,-0.5539573536476434,-0.45435882135234906,-1.4292592846603986,-0.5022639261151385,-1.5150181144616974,0.5017392800178961,0.42316373823798636,0.5657846339025927,0.4615010723788642,0.3604131708140988,-1.158384625044737,1.2473939901711033,0.8911472369112214,0.9034713903157713,-0.04222814693621307,-0.7991966794898409,0.07617414681996251,-0.8839782622075969,0.8342301484042631,-0.7307400208760665,0.5456707558332395,1.6133546157065204,-1.1228393986334817,0.8804842881638743,-0.7951698149854914,19.926188500060093,70.9360926523436,77.3861859670179,29.68695997131485,60.542308101795015,91.17383832881237,Desktop,Móvil,70.43471047449037,Administración,4.111024852416032,-1.3208367870275934,0.2799128832246838
738.9942917015761,3,1.862,0.9186,0.3988829631365428,1.0947311010317449,-0.15121971374533152,-0.4421548229513043,-1.438474692374619,-0.025445714086279936,-1.0709252176339321,0.6967873945266253,0.742999029975857,0.03747884056466124,0.15960353338424066,-0.3229101102821443,-0.8308721717219215,1.135495790658697,0.7948720232974736,0.967995641407704,-0.375255105686049,-0.9057060703214482,-0.7572209015049668,-0.408209302471011,0.4141830992514904,-0.5104531669551888,0.3404386966811149,1.1457374920042822,-1.0212612418007045,0.9199012631982801,-1.2173048238593167,22.562964409796795,78.24908964633389,73.09130670372501,32.47156445406935,66.7624585466978,90.07825195902312,Tablet,Fibra,66.90908901426936,Sistemas,3.7603242787072437,-0.132303375920678,0.3687154890677198
780.0620316637885,3,1.8903,0.9291,1.7374603678014104,1.425905973336348,-1.3469473238283376,-0.34845686877645426,-1.1849786197131833,-0.040438559635233635,-1.4991015023128256,0.5057846761856313,0.9496179799990898,-0.6466331228984128,-0.33827439209108756,-0.6110922010106385,-1.0048013175060517,1.3585510652747774,1.330409049625669,0.7041924100164912,-0.73068528329467,-0.7133149318385847,-0.9808402165072708,-0.3187614820654039,0.4926413426537276,-1.570637353221574,-0.5318666173497556,0.6028096778673362,-1.2675813619299772,1.5695837104681272,-1.9644113205814002,24.572212593762423,78.26981586354266,76.4080000384377,29.496573938878367,63.86715547827457,85.96314847504871,Laptop,Fibra,71.69469886270159,Sistemas,5.3029380101115455,-0.16100824458796853,-1.0094750025708419
695.3196249805003,3,2.4391,0.9075,2.200005748511835,1.33704026620288,-2.080499720912295,0.08860974288101454,-0.6828476519530713,-0.4535989571411462,-1.6708211113406644,0.3583197107339219,0.37544823417216727,-0.6048934848507352,-0.6010460571996097,-0.13704611409174244,-1.0301874870708954,1.290741460602812,0.8079960417626322,0.44352531528549466,-0.37698795311032063,-0.8915958214847551,-0.6148935829380234,-0.6060510588357182,0.6364708172884525,-1.0612993455852269,-0.9651528879653702,0.6437970786039808,-1.1047862005281435,1.3030306274759573,-1.3385427890922779,23.06017979559461,72.46033904741972,77.3650522268866,26.14463387481703,62.68861481166408,85.23059332748998,Laptop,Móvil,75.80378670665978,Administración,4.643149728413501,-1.0332945117098977,-2.0091009600766285
643.4541914965185,3,1.3195,0.9425,1.5360933976037006,1.1937713662439662,-0.8865718101788458,-0.4276611162427028,-0.9029679001437887,-0.3049598846245701,-1.2276813464019547,0.2901443187658,0.45224292741799466,0.22036345485714437,0.2616613709528766,0.1817279711165799,-1.1264324980508016,1.069687151565435,1.0733130726117046,0.6631725666841495,-0.32194074386960503,-0.6277190554671376,-0.14659037664769772,-0.5985072833773329,0.6385086935167913,-1.1992346870729427,-0.41958426938940746,1.0481694653175628,-1.0849850919900075,1.0174624758035566,-0.7579434538993177,21.93464827698375,68.26037808380471,76.64756764472766,30.761336672317704,62.04772568346064,87.14830781347806,Laptop,Fibra,73.90698539819252,Industrial,4.075643385458838,-0.7486929377009297,-0.2181185133790539
766.6455520616294,3,1.024,0.9566,0.8315578772683465,1.1075832984007585,-0.04368187442821968,-0.3560763280476614,-1.0765349210660566,-0.07297226359595703,-0.9710505650166094,0.3749404128123422,0.675410305221043,-0.5198968899030857,0.5129907499255422,-0.3124525365482296,-1.2220472697119773,1.2915105387134265,1.2456242771847135,0.7881167983674023,-0.5675986633975914,-1.1782583850871169,-1.009058503435355,-0.5374843702959075,0.6040791342069254,-1.2611257363556445,-0.6032752829763054,0.9317931583326179,-1.1434424285568454,1.1272854630902638,-1.4775088577287177,24.910006115694305,74.41531678764443,73.84655875994504,31.54647259279017,64.29818389440047,89.63570661629112,Smartphone,Fibra,71.70410804152567,Administración,4.530937817251357,-0.40430463216800533,0.6411113906494402
709.4269588548839,3,1.6896,0.9339,1.657741173269596,1.247115684853212,-1.2446114266227828,-0.7869027870802479,-1.0961807473759904,0.0343383123970798,-1.4501103373758057,1.0675507513148181,0.8667789485595633,0.3496371536472359,0.12049575502157513,-0.4407849580924614,-1.0082641974020612,1.2909736960381049,1.1663962163264847,1.237918014450763,-0.7739624955473862,-0.6106750140790158,-0.787112185244544,-0.3865096398625822,0.3326370634146947,-1.17929866737229,-0.5740113235616261,0.9188673392920031,-1.4697729458639142,1.4345948572420135,-1.1872010209151274,21.054129044271257,73.58676135163769,77.92475922433303,27.889881259063,62.80390998814896,87.41100468237842,Desktop,Cable,70.79257235999323,Psicología,5.067735587183041,0.5049991815188213,-0.46192412968635677
782.7186629217018,3,1.3404,0.9477,1.7844930573503588,1.3635169260685536,-0.5362750197289671,-0.32982585962178107,-0.66680635315227,-0.37606754834387673,-1.4051440787056895,0.6358176575954816,0.41545389047677045,-0.2974078138691968,0.5462417868375194,-0.24889988533340318,-1.419357885318787,1.4429520663829334,1.1773486420046524,0.8647861093702263,-0.5833549906499083,-1.1933339707096093,-0.7685265003406169,-0.9069021189157659,0.8067318946997456,-1.480114019992539,-0.9958065984190313,0.8698906405770024,-1.3865300507093847,1.3912419118075245,-1.381406617360547,23.36041322810043,69.95465753772942,76.73715839836909,26.42652558482493,60.7098851996245,90.3905410967482,Laptop,Cable,74.81124920688353,Industrial,5.1497892149822535,-0.760684367206724,0.18067480638650227
789.5791267302377,3,1.9131,0.9198,1.438536953759316,1.3687092759667852,-0.03954122211883215,-0.0361314368289746,-0.7054854975648797,-0.41794534947797585,-1.1501958254660647,-0.017720489390389768,0.41315859786460746,-0.6823846351899389,0.15139816315285756,-0.2693707255936127,-1.084119925926494,1.0643451508158432,1.0875996892270785,0.1957885356649456,-0.32544218126629215,-0.7421722494437344,-0.31598407261834566,-0.7268603271974383,0.8608940875159385,-1.6391385909995688,-0.1470951970514922,0.5077990822791226,-0.8834624392004452,1.1973081548748596,-1.6380566464820727,26.07460024940694,73.22718641303555,72.49554185588367,32.58400814878442,64.42304062595763,88.42615420053346,Laptop,Fibra,73.01869721128936,Psicología,3.990474005435809,-1.291789885705892,0.17503989545739038
694.9562730795569,3,1.6595,0.9337,0.484561785927353,0.8327728095056687,-0.3084233975574465,-0.6066963199075177,-1.2918069594403994,0.16854403060988368,-0.8173354346526001,0.632112240917843,0.8016622329767465,-0.19623917579717182,0.6913024060859284,-0.16279593749119983,-1.3694912263354473,1.4133924196448602,1.29912978049839,1.2423091962456914,-0.7141616985910989,-1.5175319843224784,-1.4248773785102726,-0.37101734872383907,0.3741033729893058,-0.8616977676292068,-1.1850521393337612,1.363156513524603,-1.3505482117906644,1.0061858647220168,-0.9976735961752886,23.10108443310083,72.79354827512304,75.96335854700729,30.311719326057435,63.80432916407978,89.81656175002216,Laptop,Fibra,72.12931400814011,Psicología,4.819286814929266,0.29501327815869494,0.7115514368256423
691.1390147993926,3,1.821,0.9313,0.8198677543772616,1.3756715276539266,-0.9178231528669674,-0.6286243051085676,-1.9191913175558726,-0.11874011367082261,-1.308702785741546,0.06350963770417435,0.9250408109915651,-0.34482595581555914,1.0162547236039086,0.3527557900740157,-1.2886041840813276,1.522760470278751,1.8543697768296412,0.8981404245516664,-0.3180253541978149,-0.8123434426492048,-0.6227588875072195,-0.5025235586407748,0.7469609698928094,-1.443673349666009,0.1639589894203865,1.5721588112859213,-1.1455037310445395,0.911738564916131,-1.6334124997628614,23.22030595982686,74.03335436734439,77.76194912722391,32.72976256984001,58.52873999724059,87.97630377259073,Laptop,Fibra,71.07669877785186,Sistemas,5.200755270905376,-1.1415760718993382,0.6372389300683894
760.587433328288,3,1.8771,0.9269,1.7217418326033378,1.1126095933435793,-0.6267885272251529,-0.4530042908537381,-0.3602637999271938,-0.240613775984646,-1.2240881892195978,0.7176032049284783,0.39708878531799424,-0.4983266312396055,1.0895986912475009,-0.3440549450870438,-1.1742050444488825,1.3466825420597621,1.3470713939065553,0.8688633322326118,-0.6769879323266403,-0.8183355344244598,-0.8726349311338492,-0.7968383259416626,0.6627098445783782,-1.6564608658766278,-1.063064272808293,0.42483010350735945,-1.2581179328923584,1.2656237505339751,-1.5862561673223934,24.529521815734107,69.16875558648947,74.43944625143635,27.74360409747201,60.95980644619536,88.23149713793214,Smartphone,Fibra,74.21640685259649,Industrial,4.843363338915828,-0.4752797230492795,0.5431429058161915
734.044534245236,3,1.0197,0.9569,0.9871838148164679,1.0161530118574333,-0.12143898348851483,-0.41483540570731287,-0.9051236118270611,-0.05012012113115212,-0.8961945145684315,0.3724427223982947,0.6265148962879806,-0.4044604892270594,0.5724839458430342,-0.2397402603942848,-1.3215818136480613,1.2672012941004869,1.289319525560028,0.822991026715798,-0.6374023554052323,-1.216009736927663,-1.014213063249274,-0.529424075560262,0.5740684425686957,-1.3434520715395124,-1.0161607330675795,0.9313103006723594,-1.2098191525633613,1.1431686924849378,-1.231475322389684,24.60585248634141,71.57869985491728,74.63423350503314,31.021880936961598,63.76817681709428,89.13542177452777,Laptop,Fibra,73.46601084446299,Sistemas,4.591724916723247,-0.2407651902451282,0.6161397885203066
666.9563822465577,3,1.6456,0.9309,0.6816224220935915,0.9238949141470304,-1.0239572777494508,-0.1287430430374796,-1.4185736459982021,0.10313173323177863,-0.9072167693968302,0.059321484855704716,0.8563676761360245,-0.6657466031742402,-0.5655261373963418,-0.18179007614238718,-1.10263678245257,1.1951315899861188,1.0374698455662104,0.6083451917794036,-0.5234909444406151,-1.3135959829722588,-1.2162008034145262,-0.07334471737909622,0.32964544201540835,-0.7624931239433779,-0.9419012633775088,1.1269208214845468,-1.0186620360276508,1.019585338095482,-1.1431496858763133,24.49492858474448,76.94651918111911,75.2805292513859,32.63399311467852,67.12949859619415,86.03053622794717,Desktop,DSL,72.70274954275533,Psicología,4.2781907548915115,-0.11511092711298802,-0.9394845345743844
692.8224600899482,3,2.0301,0.9249,0.6643027615481332,1.2674585422364162,-1.2662451070360434,-0.6809185146236871,-1.9426259439941214,-0.07196615599909936,-1.4334062039974882,0.5282341134277364,0.8980160492924514,-0.2924095510864172,1.1975039911248035,0.2664992277307806,-1.1673513168692515,1.6703651746631247,1.674487197092827,1.2430333129135913,-0.35005906772337236,-0.9477991250856679,-0.9477614224342892,-0.5323460944653653,0.6142884746777485,-0.9657573061281071,0.12277744046462528,1.6292844457609517,-1.2318196718656307,0.8345347974588088,-1.6622378714198123,21.98817923586444,75.53450520933096,77.84756769895047,30.11021075627718,58.41272718307152,88.70044239915545,Tablet,Fibra,69.422823924962,Industrial,5.29225859144895,-0.8588371791389905,0.5384223053802162
725.787390291502,3,1.9841,0.9212,0.7049016421985906,1.2559470429080404,-0.2560553192589603,-0.7068603518747466,-1.5121021836311541,-0.1051682079624454,-1.1395061850662513,0.32551169168352023,0.7904325996021268,-0.19253028735373853,1.3199229306783793,0.0825643065420661,-1.058886148324106,1.3190974457988365,1.6601319207072245,0.909609626161099,-0.3562457668065711,-0.5394179130298785,-0.49562875018476305,-0.5763344244162474,0.6916577880986021,-1.4512639167513597,0.43366368964573215,1.1642247130801402,-1.046709729540888,0.8793142574144173,-1.6513359989571637,23.733143105323634,73.81877522285131,74.51219854116943,33.73045423878286,60.53378370231855,88.82148892251801,Laptop,Cable,69.06840467291711,Administración,4.534147976398991,-0.8502596346780831,1.3196807983518704
709.18901735303,3,3.7074,0.8572,0.8025083013344207,1.1815885010775353,1.6471149537733585,-0.5217746216825937,-0.8839775506391403,-0.28277746292960404,-0.6464767436141825,0.3916848832775303,0.36066152005149704,1.3121556179378486,-0.2808073859231234,-0.015601854685338512,-1.6478520156927745,0.7711450428591842,0.4552292692559973,0.826710999794825,-0.3913576651697076,-1.4814412173477853,0.06392033622488197,-0.7913077644254589,0.7301577301852542,-0.8338124729835524,-0.5490580558253901,1.6889115964766606,-1.3194099666836334,1.159038496649978,0.42956234503962726,20.46074489614114,65.80735688058957,75.88693574516512,32.57104834366624,67.22693725045585,94.21538011347744,Tablet,Fibra,73.3655670862589,Industrial,3.354789065957667,-0.06163265035793912,1.2467203392834312
827.095582943991,3,2.8821,0.8952,1.4110402274156097,1.1438277038454208,0.29454532544417605,0.21739206027625246,-0.4558788941905024,-0.19300302456872662,-0.7975837748235483,-0.11360971609404681,0.504906418128647,-1.249391351132194,-0.5224520304204368,-0.6613172098387925,-1.597268073052184,1.226819873802396,1.0543697450707505,0.20693200218716973,-0.7674700271909232,-1.8190778784026878,-1.3180184018159118,-0.5729321531458779,0.751233834982788,-1.7163343881139612,-1.9009878828278588,0.5013482668138184,-1.180426116346368,1.5609686745158673,-1.507867441434233,28.16228880607704,73.28537927212633,73.42669891519915,30.39572800180178,67.26652401941776,89.51774883265077,Tablet,Fibra,77.7116130272256,Industrial,4.766474978206168,-0.5377928173857865,-0.22932971939396485
787.8510465724017,3,1.5146,0.9389,1.4344959628688239,1.357431810938136,-0.020209340081158857,-0.28409979215422154,-1.020895047075813,-0.07380188625892828,-1.0611278365319683,0.20376044126647136,0.819585208753654,-0.30318909593519167,-0.5785374623982741,-0.5658085806674121,-1.3304241870683127,1.1209271573825552,1.1279783892692878,0.5257524542313493,-0.7149725627881256,-1.1106729273619544,-0.7594207618884179,-0.40257482314906623,0.6073730131242782,-1.619984563833347,-0.8045722330696407,0.820579787358418,-1.2648350544784421,1.5724915484088873,-1.3135535397788505,24.961610792113262,74.90170989270008,75.52705395143536,31.825207186670863,66.3249503163779,88.87081548044556,Smartphone,Fibra,73.42778912121028,Psicología,4.748436874578378,-0.09977886422209611,-0.26165811196926136
754.425676288278,3,1.8502,0.9256,1.0636219589477478,1.0152896022012186,-0.6798557660501077,-0.034388406043392473,-0.7021070066412229,-0.29685367362776444,-1.0849899898659372,0.1909493325035086,0.35616020556995276,-1.232544277736818,0.9796433867486092,-0.10761152462054167,-1.1473568416377766,1.4180702462537143,1.306458705391607,0.5509658783520214,-0.3996209882077986,-1.1776904249723066,-1.1076316343458974,-0.7316798646415842,0.7446401724775524,-1.3007129384051406,-0.8714043294133412,0.6061901325666198,-0.9412698289018528,0.916520651885792,-1.8450057322664453,26.385916602798176,72.64247452085614,72.67844674508252,29.868673731565348,62.06634562910851,87.9101314368128,Desktop,Cable,73.95970102985052,Sistemas,4.461087726076133,-1.2477310553685932,0.3772435155287455
676.9180642493438,3,2.3209,0.9134,0.1680006050169946,0.9895582647320458,-1.2553229945460156,-0.3241704148988473,-1.915430952113767,-0.024396366780727458,-1.138208592114255,0.16295386789427227,0.8142153622936873,-0.9842559799040141,1.0948786970935318,0.3333544108743866,-1.1925368839119654,1.688958867914799,1.6005420553619476,1.007356906667596,-0.2799140693686923,-1.3897549091483385,-1.392484512885944,-0.4175010144638024,0.5764150764114518,-0.6969418920959403,-0.33212562770660503,1.5935468559820698,-1.0187332429681313,0.5929573541591844,-1.73490299210195,24.060994475321014,76.82993298634513,75.9018709801033,31.305196277155417,60.36740431440322,87.95726515905686,Laptop,Fibra,70.70941192074339,Industrial,4.944937248107298,-1.0967975290819114,0.3761379256877901
739.3828153083359,3,3.0085,0.8957,2.0344833701017633,1.7057864016226594,-1.9218250514433208,-0.41168412706238405,-1.8746767542638854,-0.1711547969582566,-1.7377705710675544,0.1934484565593156,1.175812895235804,-0.13397529246533277,-1.0551117840075848,-0.2859392171033106,-0.91868822114885,1.2733177480009525,1.3713513141544362,0.5163568345748122,-0.45620536987218424,-0.22045611993206068,-0.2037676700999478,-0.2147926058819792,0.6012121440735432,-1.6180837532332355,0.5297502298608634,1.0402249236677874,-1.2130747494511076,1.6245281791553177,-1.856264150158989,22.49291101071412,80.21686542913932,79.60483436412122,31.29807683144233,62.549302158190336,84.64280614435413,Tablet,Cable,70.27612089926454,Administración,5.2873512069888,-0.6125267339003221,-1.8460598882573627
730.7218626780739,3,1.5175,0.9364,0.42825659250826686,1.1405508652020673,0.2642231046936912,-0.26594445384541837,-1.530789833847509,-0.05662065689871291,-0.810277306940892,-0.0346720402717455,0.7746505907886281,-0.33050355671443976,0.003262172693917906,-0.04637115449989294,-1.420184808241332,1.2208284713601232,1.170425702972859,0.6559448758805475,-0.42084546885239293,-1.4878451487842321,-0.8693443933369991,-0.42085033977096964,0.6463498634690172,-1.0383575803283784,-0.49246192894627805,1.4665072873246952,-1.0955604321843526,1.0183622570408908,-1.0492913981758827,24.409793942960405,74.78954138353467,75.03520282117223,33.82267064884862,65.49057858875776,90.4979993827767,Laptop,DSL,72.14941103150997,Sistemas,4.323890545618747,-0.5746524432817199,0.528687270075646
748.8456744758662,3,1.2414,0.9487,0.602535080777396,1.2579516837009106,-0.09422202824658234,-0.21868947145238374,-1.6114319105059898,-0.10902099630961133,-1.0263612093581245,0.07024433923063378,0.797223025385333,-0.41696982909494046,-0.11297958036467569,-0.08958992749105514,-1.3954159552100045,1.3338786495997146,1.1500827152742168,0.7009129037605494,-0.4131812890136362,-1.5011807166414624,-0.9296503998538066,-0.4609051603270347,0.6692007092830405,-0.9882700687527336,-0.4221062467416167,1.4754250957255943,-1.148008969330093,1.097446047180017,-1.239059411635863,24.073880148688797,76.2377916702378,75.85478171771832,32.280192198990804,64.75618269484781,90.46129170154494,Desktop,Fibra,71.86607809299962,Psicología,4.621649192622647,-0.6891191034542226,0.16151177900961536
826.3558747736206,3,2.5839,0.9096,0.6548750310497788,1.7057864016226594,0.7570552881975683,-0.5779347941142321,-2.098477065868557,-0.22867585657114195,-1.2038243946954643,-0.08109353994577488,0.9931245839976913,-0.10599886222018096,0.6225627624944327,0.08937799267911661,-1.7464270519887084,1.5206956047575688,1.7632843518619168,0.8111023350994547,-0.3755941988873031,-1.3510516245485222,-0.47890047521973517,-0.755496714210208,1.0543837908646827,-1.756102981323181,0.37444072583987964,1.8939011831472987,-1.3433696963088213,1.2762050904662778,-1.5867288898972027,23.92303702988709,75.45787206460558,77.77394737568532,33.70461861551456,60.128817054658384,93.746138723855,Laptop,Móvil,70.7772210198543,Industrial,5.480841190318617,-1.260874205549091,1.5735353725120524
796.8787130315316,3,1.6735,0.9342,0.8413838191106949,1.0766927225210943,-0.32410169293708996,-0.4481511975574551,-0.983116934918567,-0.09438397833497898,-1.150473667937237,0.7863014874289166,0.6093272888696615,-0.6944333581336691,1.190194966682102,-0.3828257098757897,-1.1413436481373465,1.5233296777450542,1.336533102228694,1.0897471823215437,-0.6129801513722454,-1.1805922842844694,-1.2982508187931276,-0.7020419430459176,0.6021864251630872,-1.1694764885250508,-0.5948850315080196,0.8221501322677747,-1.2269251295768089,1.0805405939172643,-1.8478230205642696,24.65705264807431,74.9558450585676,73.53285699449629,28.85130830446584,62.1589499996922,90.31209644094685,Desktop,Fibra,70.52548244144272,Administración,4.89769430133362,-0.43284198090076764,0.9794373101876492
753.3897989709783,3,1.9457,0.9258,1.3945264874254233,1.2041554084934785,-1.6163394144294985,-0.10303235151915192,-1.1850410393637347,-0.04201024701333151,-1.4193643197149166,0.5235409773157638,0.8208171638015684,-0.9113758742624944,-0.4873412598801844,-0.5255944222029901,-1.0022017318724388,1.437834378729789,1.0542314449814327,0.7427813042638581,-0.6485216484649118,-1.1586112480643604,-1.3575219858465402,-0.294515596071626,0.410253906770132,-0.9870247226240482,-0.9069494191634088,0.7406503482296906,-1.1981258869942477,1.357391529811227,-1.8033745838718125,24.45760715619228,79.04065644163705,75.9914466715705,28.158778431640933,65.0414155592333,86.17957771701536,Laptop,Fibra,72.2104879726019,Administración,5.061782127926495,-0.22215082013079657,-1.3957661755738944
721.4003452611587,3,1.7964,0.927,0.6507166194761177,0.8564641184435071,-0.2370691773789942,-0.14539989842470913,-1.0754504186534808,0.10309216731709427,-0.6815658644730601,0.06399689776169815,0.755033416511915,-0.8566334660175426,-0.10245965311500585,-0.32970949256045934,-1.3546714208507555,1.246552047295515,1.1844598119040903,0.628725982730446,-0.6852577377320499,-1.6072587410163515,-1.4382804551183137,-0.24743668232382282,0.4412560041964868,-1.1164215478845052,-1.4488152031163326,0.975332219881957,-1.1193087206670616,1.1242306683338832,-1.2246965196820618,26.00302160433677,74.64000414757025,74.1403661121175,32.32376225990629,66.83563050649501,87.99642780148803,Laptop,Fibra,74.3029971742473,Industrial,4.4950835271150895,-0.05233374041328668,-0.04058175877170443
592.3119054647028,3,2.13,0.9108,1.2951074582462736,0.9415405339248972,0.0828910722218891,-0.6549425717880341,-0.7517259334590158,-0.08973470213917431,-0.6289577272902902,-0.06128786213721856,0.5221947096680415,0.5399975284833033,0.4135114792896585,0.2996604645532372,-1.4995548461626402,0.858279489422299,1.3375465474535493,0.6196958244886983,-0.5246736971284368,-0.8313286261675636,-0.1223121052467393,-0.44905677206771216,0.594465119981785,-1.6217353502339387,-1.162298530314154,1.206878036633326,-1.1716350064080943,1.0279927216082516,-0.10543814889561438,22.68312483061636,62.68253996600812,76.84609751668464,34.10266327081411,63.02712377040369,87.47474715052046,Tablet,Cable,76.97731841047967,Sistemas,3.935462725245035,-0.1852227009110601,0.6841223155723405
668.175633974279,3,1.9812,0.926,1.146445556383019,1.1938748582920937,-2.094900899264875,-0.24597421174664896,-1.6859870316099648,-0.05835664976590392,-1.520508660760058,0.4930079742798699,0.8590240984741858,-0.5125933565658625,-0.30011647916814227,0.0030239248355354784,-1.156050280376798,1.5869734224910381,1.1325572841857297,1.0066294114240872,-0.46917255038918404,-1.3293104120383084,-1.2634313665754944,-0.29723074406360334,0.4168567826629839,-0.5792400333767487,-0.8067760491840761,1.445473973281023,-1.2757975448248178,1.0969323724580347,-1.3535192386885555,21.89788040366561,77.10309723034898,79.18075015475051,27.415202370555697,62.28066696300585,86.55667581072545,Smartphone,Fibra,72.46894446979248,Administración,5.25788743608594,-0.4446428957132517,-1.4649085704457017
665.6434868994877,3,2.1385,0.9201,0.45318029736106685,1.2789819754208447,-0.6765783013563187,-0.5977230342547388,-2.211227162459554,0.15961329882771674,-1.106251532870001,0.2010711899767238,1.2024270342794896,0.24206135571691603,-0.47781606139791183,0.12499420674850172,-1.5320319964330702,1.4331358970163575,1.3165562242076165,1.1212995512794557,-0.5236786021559485,-1.5710501484869797,-1.0110673529401923,-0.1421023554115146,0.44575309008782943,-0.7238541892577071,-0.4705019560836115,2.07063886395549,-1.4203530997575171,1.1399545055782536,-0.7549749270007579,21.0939110836042,76.76797560448767,80.41886140407892,32.17107339317472,63.80453996881276,89.8170457556113,Desktop,Móvil,71.22257539723756,Administración,5.172626113269415,0.0339864337965955,-0.31125624838020766
616.8784860581551,3,1.9955,0.9259,1.0141629669333667,1.0463778688076337,-1.631730329771522,-0.5645397948738805,-1.8377658253863784,0.3078181286208555,-1.0576344473283568,0.11342839254120399,1.2254811617745502,-0.2991348020928292,-0.46379527984675273,-0.019662636119638068,-1.3614319667969246,1.3875300105009596,1.587601920359995,0.9416589274983425,-0.7613422340968511,-1.2234202541224097,-1.289343346172632,0.10748511136434488,0.2515868838522455,-1.1705088634636736,-1.2760700608652253,1.5127674555311137,-1.364630563764412,1.2427696297021797,-1.042972742043145,22.928541084613567,75.14048873871576,80.028735625226,31.83132785131564,63.60418694694148,84.67066003293283,Laptop,Fibra,74.11806908005107,Psicología,5.434192194935222,0.3742811541273442,-1.1027032708058855
633.4429146276399,3,2.4721,0.9086,1.1122500675296274,1.5392440192530512,-1.7969327381964684,-0.4307240923971062,-2.2111753138459966,-0.19094942801947784,-1.5670810501680232,-0.18300750730202436,1.0082824723569888,-0.19877842212736382,-0.045738323970477585,0.4889292469831111,-1.0837030283904978,1.3744941894114602,1.5870099850678574,0.616245188026017,-0.12503227196534594,-0.5444440781030019,-0.24189045861873548,-0.2843615707133641,0.6798456259641865,-1.1770094321371867,0.5542971885530614,1.67835714026767,-1.0066355217848388,0.9270642224940434,-1.4459521131314712,22.03458706886192,76.300533766197,79.43102328004723,33.352765413219814,59.878937193065205,85.2775565861056,Tablet,Cable,70.97519890533971,Psicología,4.90527987211414,-1.3465096510278278,-0.8783052434465181
727.8306772447874,3,2.7464,0.9036,0.3978855300634216,0.8974872001143847,0.028118883568065512,-0.5163418504107606,-1.192048660706946,-0.13192803475201717,-0.8619792177397997,0.4366300650344449,0.4838602877746089,-0.6414204239326632,1.9592199323249393,0.28121794047827,-1.7673713540889462,1.7192136233112378,1.6840619660922458,1.2814531016493937,-0.5301838091918943,-1.9341064411585849,-1.4957047682582865,-0.8879435347581172,0.7927459742178089,-1.1259017321507458,-1.3799678306443601,1.605691910767702,-1.3725441135098606,0.7804910662626049,-1.2725893671323052,24.02521155158177,68.32690277468377,76.2451729334661,28.37422830212502,58.22039592657503,92.60596306128237,Smartphone,Cable,74.67897543046197,Industrial,5.326852567976669,-0.8756954203345694,1.9280842580639435
794.0559100389627,3,1.9801,0.9221,0.46387835483119366,1.0081241831089303,0.1491880823710593,-0.6983228787839508,-1.2573757394462386,0.19158884052919697,-0.8916461529837638,0.753239822006097,0.9241386195648802,-0.4653500979677195,1.04823341436524,-0.5621487409529995,-1.0671807502115656,1.368450391568282,1.4784498005532718,1.1516039713793729,-0.7649865902378317,-1.000575030623836,-1.3280879034228126,-0.4036205816139754,0.4243469055329413,-1.2953509724221628,-0.35093957869374137,0.8562559358587856,-1.233038233558232,1.13351276434948,-1.8023916511143347,25.008736262343547,77.19016297250751,72.78804638081883,32.30791300524197,64.45861314711945,89.92606799577293,Laptop,Fibra,68.37315911419248,Administración,4.764672573701546,0.2529538469299187,1.3605027022307616
675.3475972595181,3,1.8609,0.9239,1.7561265594362285,1.0349984879059435,-0.7474120000217933,-0.2047859031476845,-0.508041992348622,-0.11750822177239165,-0.9075578534621069,-0.06768493274438965,0.5587887359424359,-0.5249718868566688,-0.2104625925099882,-0.212166138229721,-1.2605122944232368,1.0003033048120624,1.2576524169177576,0.30719730973727405,-0.6549700655774915,-0.8570038069243472,-0.6505831028123739,-0.35232103177367285,0.5520768973403329,-1.7638228078247904,-1.4604619617430616,0.5117084354934612,-1.08145809236786,1.3151309660668342,-1.0479673261197247,25.51899216466246,68.81002916279279,75.29477741662637,31.97189986093177,64.76448176425454,84.90819854248502,Desktop,Cable,77.33325957144712,Industrial,4.350837328223861,-0.32470749515751685,-0.6158522607157023
617.7911032904369,3,2.9355,0.8858,1.6218583059567961,1.1414418203006043,-1.4814886974604318,0.014635275799366559,-1.1643928623175608,-0.024998169754883292,-1.0852284348121044,-0.15577306313618075,0.8189497817695212,-0.13165286939015583,-1.9672157738308875,-0.2173210550535718,-1.1171252150564919,0.8635076413553036,0.6713850822594687,0.22531065746433906,-0.5296036995170608,-1.0378815546110058,-0.5804488579565574,0.053615239471924335,0.3085450934614387,-0.9323882729349977,-1.1821919196990875,1.0064130513625342,-1.0616918244488662,1.3764820438854939,-0.5239482976282268,23.132304257335758,74.39790032114377,77.86402616101212,32.28719415399781,69.09146206786917,83.76100408791211,Laptop,Fibra,75.84184427079704,Industrial,4.040310776909088,0.05165737956120163,-2.5163640667398206
827.095582943991,3,2.0825,0.919,0.7388521415739385,1.319906751896957,0.6584432445778948,-0.598261483529389,-1.1737718966322412,-0.16905686700920713,-1.1989318317540845,1.0996880563120188,0.6212358308002011,0.2531160804107495,0.6841549788496643,-0.5053478456660803,-1.3198844918145722,1.4136710206100072,0.9020090285136346,1.3171403326154998,-0.5918876031666105,-1.4101869100620494,-0.9288768247579634,-0.8689359763304717,0.6710810810869616,-0.8644150261544338,-0.16189292540399963,1.288645957388294,-1.4500484982267712,1.27495899070805,-1.2478411311304891,22.043022610949336,75.0851748074501,74.78643222266287,28.233615087912124,63.90096889259702,94.21538011347744,Desktop,Fibra,68.58815856919857,Sistemas,4.731547696832958,-0.1039403109771929,1.360996361663204
707.9122958399988,3,1.7318,0.9374,1.3188139199389082,1.2311022485693148,-0.9203112822769298,-0.6885596960616808,-1.2916645581421546,-0.09774465845515463,-1.2446099026118063,0.33811550796616996,0.7713125125042386,-0.46716331983759474,1.3627010262905077,0.1672722921639831,-1.5637303614720464,1.6552627762644367,1.9679311231888394,1.0808136428044701,-0.6393780468542266,-1.1189237089209412,-1.0265004527672066,-0.6527935272610451,0.7385324884290764,-1.7751839344450966,-1.0299385107464005,1.2915466344504511,-1.4217461451639521,1.1552263767975186,-1.5610878912174637,23.692065381871068,69.35397815055468,78.6255696566084,29.05946791887982,57.09798531656711,88.35482951972685,Laptop,Móvil,74.90928287777382,Administración,5.824877451445267,-0.7203662682942763,0.8041648045581581
595.3182502124172,3,2.8074,0.8784,0.09709540877970896,0.5202955272894555,-0.9106021342438521,-0.3483289040564473,-0.9599391002413743,-0.16073808949087964,-0.8371797991821199,0.5127840659931279,0.2300103743399756,-0.4312003277056019,1.681010032603152,0.4278310517769876,-0.7120409133560409,1.2080840796648118,0.9938257355240142,0.9659901328980688,-0.07125787870797129,-0.8269174482821768,-0.8402214656152187,-0.582739376377197,0.42929271214491366,-0.20846059729794877,-0.14634425110322982,1.0425347494162145,-0.6810459673740108,0.1301363924226473,-1.0243389630575241,22.922602288978855,70.59091838024288,71.33748775160397,31.96447525125949,62.5810952139087,87.28066740457582,Smartphone,Fibra,69.8152928068036,Industrial,3.0610002017572007,-0.9508459253244951,0.9288046570626199
762.4314939686283,3,1.4137,0.9459,1.1820309156249114,1.512745094817381,-0.9593517733014735,-0.6218592752312618,-1.7668985644615107,-0.06869729869108789,-1.5611950912133556,0.7223656561974171,0.9984294472586636,0.02272052981833274,0.10647657977798601,-0.25246267235087466,-1.1839374202092576,1.5110635270430757,1.3171165109959866,1.1474742326730885,-0.5566858027076124,-0.9574569368686194,-0.8311361871615195,-0.48031475771428006,0.5697077677003554,-1.1029930362243465,0.028821777668923614,1.4103264012752612,-1.4127558837527983,1.3465356623660825,-1.5616389387113887,21.6920018788676,77.73246170294239,78.41787281869523,29.08180163095817,61.742345343289045,89.63547675186076,Smartphone,Móvil,69.34349674394471,Administración,5.408291752616331,-0.2805788231733452,-0.1800240812239146
639.6857915979883,3,2.7027,0.9021,0.933665580615946,0.9063936434332157,-0.022470048504323745,-0.7537959083515503,-0.9139230672144593,-0.21730070531881457,-0.8917030680336023,0.600246653445382,0.32777505616669317,0.4224683541733212,1.6535347737154296,0.5126912051152047,-1.8462319477666336,1.511231665782853,1.4245273345091014,1.3870277881500659,-0.5188348331372189,-1.6985684526205542,-0.8516330388059733,-0.9453051634902383,0.7511961234588874,-1.0689763344970822,-1.587338715013989,1.8038842549653438,-1.5294269379599374,0.8507992022943057,-0.2659571551388624,20.77789164570497,61.505948099898106,78.98516912916271,27.297398794450395,57.68852750053173,92.57356363596494,Smartphone,Fibra,76.80270058895604,Psicología,4.995463409693755,-0.5139829403047202,1.6423558418059432
636.3456039409922,3,2.2391,0.9085,0.5646135374307453,1.0928861510911307,-0.9071959588416109,-0.48399064197046965,-1.9341837882678938,0.2872511158206163,-0.8362021243625952,-0.3378823718773977,1.262028425185753,-0.423854666833126,-0.47022551545408414,-0.07488210671819412,-0.8842898938296949,0.9718944111818512,1.5590748696725247,0.416346824683143,-0.48473878574831625,-0.4619816556581586,-0.6513529297150606,0.2433663880635361,0.2964935082769862,-1.370140487755488,0.09594719270032576,1.1171330886936022,-0.8524058149089191,1.002972174383651,-1.39115500119982,25.09555477752744,78.83281530688504,75.02770056859646,38.74583561130423,66.81009647538654,83.28472613484409,Smartphone,Fibra,69.97881937725742,Sistemas,4.140845601610346,-0.06483275442365805,-0.5549422399312771
736.2667639283009,3,1.8562,0.9264,1.0140051831024104,1.502948985811711,0.24385629505617654,-0.26613193649617817,-1.6298024430019358,-0.2222146637579766,-1.0588707669630637,-0.18263805985690712,0.8067817465727571,0.12286016137187694,-0.6575520747519167,0.026090343746537098,-1.611710606035173,1.1537900865419526,1.1085210706216102,0.5082290388483184,-0.3800124594645097,-1.4056894705813154,-0.3558571490950185,-0.5035725957221602,0.807017974197059,-1.3022095331869783,-0.3538087620499758,1.6711147590908733,-1.2343414151203052,1.3095280714449347,-0.7758493131083686,23.1097358695002,73.31402023347609,77.90974278952484,33.235660214044394,64.70452245704261,91.0172493373606,Desktop,Fibra,73.70177243807905,Industrial,4.611388609315733,-0.7794812798320566,-0.020031417675529642
690.5156492182498,3,1.3226,0.9473,1.0980414318458496,1.1930746229780944,-0.1970259027733647,-0.508872700205082,-1.2474727445255265,-0.16794415429667203,-1.0551805184898893,0.35232408053751463,0.6185868802389917,0.22523281443659401,0.3247843898262447,0.143861521167331,-1.682144286830677,1.370901185350102,1.2229418086650043,1.0153862037096302,-0.5330085754474029,-1.552564052096713,-0.7598804953996879,-0.6577897771668298,0.6930893541952518,-1.125210485735726,-1.1183346116716075,1.651781604907365,-1.4386524457817462,1.1663685800457173,-0.5940303202390189,21.774803181878024,68.46740644894071,78.82635993598012,29.203586146317814,61.55769480794995,91.16868273926218,Laptop,Cable,75.1474673031409,Sistemas,4.974775607143513,-0.41384109532788454,0.43684542708728236
800.2030825221477,3,1.5007,0.9378,0.7349531623746798,1.1635867397684776,0.09956084680980509,-0.4181682274151808,-1.242593844054071,0.04743681714705674,-1.03990946474346,0.7572370498724359,0.8330955236499044,-0.15576830135636086,-0.12696750283443,-0.6507935384142076,-1.153596872538266,1.2618670074341019,0.9023702010963941,1.0112285708958952,-0.6945317807542317,-1.323315125155053,-1.1602793662127253,-0.4243567995169322,0.43754718553486827,-0.8881304316286592,-0.4965735020907426,1.041897011587775,-1.299713549801258,1.3260160566796146,-1.3230776315735182,23.58920971758228,77.96981192891292,74.29661358882665,30.51191846588378,67.0888696203229,91.11660905585072,Laptop,Fibra,69.42643931194313,Sistemas,4.554253361950118,0.2792482692719422,0.27485677821599025
630.3343980550924,3,1.6214,0.9342,0.8741910143855773,0.8225042441589964,-1.64389006712237,-0.4786042054240418,-1.2572311854580163,0.10628261650888593,-1.0789136155810648,0.4269514191369447,0.7836753036714279,-0.634384697577619,0.7031862065627633,0.021357027311231177,-0.9640091287275999,1.3827240906803813,1.4528402407387517,0.9651656792334532,-0.5503622161823153,-0.868332414927739,-1.2311906369136074,-0.21611546560751224,0.31148061381378134,-0.9563783681857924,-0.8666306779232069,0.9740975984587368,-1.0746213889677274,0.8401341460173528,-1.4203681405062896,23.69120477593711,73.7218745153416,75.68070687238753,30.805838811730467,62.3213325409141,84.68492882269075,Laptop,Fibra,72.2156330055912,Industrial,4.645876597921958,-0.18402446440948522,-0.3107488839145903
733.4732490588655,3,1.6372,0.9366,1.604760085746334,1.5368384344655157,-0.8949674206582756,-0.6161524637614751,-1.2778457459129156,-0.3822131958891029,-1.6816076457721418,0.8670172996025294,0.5693103518699952,0.46032753868708826,0.5176633743329316,0.031878696152994754,-1.2562626557775307,1.4457920366799841,1.0988731807067658,1.1621854598220778,-0.3780561101391507,-0.8611410745161372,-0.33238988448374207,-0.8676571691832093,0.7538661553112864,-1.0487264097991293,-0.025593570323797332,1.4063051244300426,-1.4217180648707706,1.2365363621682914,-1.1003283712899963,20.030420385066886,71.32616975403806,78.92717597556674,26.69195642232921,59.35829193776562,90.89199807585426,Laptop,Cable,71.30772419326489,Industrial,5.048844339659903,-0.7621813725314593,0.0814669076539204
755.8888099089882,3,2.8638,0.9005,0.9030120251282167,1.0819295173352899,-0.5302337381669362,-0.7472171437019183,-1.0562718539154123,-0.14372174022137885,-1.1664367948016137,0.5590488158299165,0.5926978612137325,-0.8642756501922806,2.5126434908242463,0.1111309769585558,-1.2888910830609215,1.7192136233112378,2.0029775680846673,1.1771303645456348,-0.5452088385687189,-0.8547252190835628,-1.1363805189090652,-0.8694390818829183,0.8016533845919598,-1.7995491827896892,-0.49752899614346474,0.9129657210177021,-1.215832827330846,0.8532259130353264,-1.9920930930099774,25.20385952203602,70.17046863486429,74.5022326874077,29.73103560516479,56.834678317337385,89.16486516018824,Laptop,Fibra,71.9512577607971,Psicología,5.367915242338925,-1.0414928131488637,1.9888973144608744
701.1074323505335,3,2.0375,0.9233,0.9861775528222662,1.1922089524897255,-0.5159476437422205,-0.8413428668628042,-1.3148387340516001,-0.12388821275755087,-1.177671775703868,0.4492492915555532,0.7044446797437527,-0.15777754311438766,1.8282984610119628,0.23714553888908743,-1.2866978069909851,1.4881190574881042,1.8913964008274589,1.116568249980985,-0.4677902022841142,-0.6854884274217401,-0.6461777478438465,-0.7075296522702195,0.7328237471383459,-1.6375615722637142,-0.19117185867392497,1.233831457892957,-1.2362351856266833,0.9091864619372063,-1.5370537138933216,23.181619949111127,69.57194232177169,76.37526822591781,31.27828106307784,57.4678948823529,88.86670758226086,Smartphone,Móvil,71.66911779102999,Sistemas,5.090758506557527,-0.8222316441286034,1.5315847068805326
620.1810934685532,3,2.1952,0.915,0.6928648729041597,1.2334203860837012,-1.4010348663941818,-0.3067179953362192,-1.825087553103008,-0.39103521502532573,-1.4259400585267736,0.14322681927983535,0.5072130761224038,-0.1510954091622815,0.816983105950482,0.7766143269671766,-1.2970818767275036,1.5523021280295732,1.2542612156356567,0.9384925805496547,0.029625077385678066,-1.230703699366999,-0.526027117459939,-0.7183256947885003,0.7871478834439669,-0.5032454269763179,0.006327548086412952,1.9558990666057454,-1.045342589990501,0.5438445081286382,-0.9810687350427882,20.842112902627623,71.42003633698597,78.62603013507416,29.583361647186035,58.30699875211356,89.12228994639317,Laptop,Cable,72.34759660186428,Industrial,4.567750271198976,-1.6994423471484783,-0.008192458183571782
754.3640824424475,3,1.4794,0.9419,1.2886298118879909,1.1414684873337555,-0.8341110330340823,-0.17032208211007357,-1.038038353222906,-0.053785694125451616,-1.171337359114517,0.47238530200584217,0.722999737050555,-0.6136678615263784,-0.3612229904151887,-0.44686561707813977,-1.348616072877603,1.4050437210486462,1.0351028900306225,0.8154806431314551,-0.7171228155842339,-1.5432518390516634,-1.3425528375294984,-0.42483418791988337,0.49628797364031324,-1.0659257079105662,-1.3775512487572374,0.9810431358425998,-1.3395638595281052,1.3933388262604427,-1.3247638916196791,24.16385809665268,75.12903817684756,76.57638961689436,28.103890036476407,65.03077632989475,88.63266748028404,Desktop,Cable,74.22064102281189,Industrial,5.075395583205886,-0.08697670774908216,-0.7222254334798074
659.2688344963797,3,3.2246,0.8936,0.7954285906143166,1.4372805554507397,-1.744406160686674,-0.0535593110331045,-2.211227162459554,0.12009439647571779,-1.2894375060365233,-0.4911858961280953,1.365870405157617,-0.7104918686223468,-1.626160681952923,0.1833641154519038,-1.71500120506577,1.610760882695333,1.4296273457118414,0.6185898524989117,-0.5047803265403988,-1.9342744198890731,-1.3846998375421238,0.10082341219028321,0.5087559935711321,-0.860450029073055,-1.1010264527561395,2.07063886395549,-1.3565852248972763,1.3305549002210877,-1.1412100412379305,23.19413294078999,80.43433293183901,81.47512928838503,31.682303279646995,64.22503718001525,86.61770243356207,Laptop,Móvil,75.13769620410987,Sistemas,5.768297857509947,-0.5046447843210762,-2.1104078198282314
665.3245703792769,3,1.7449,0.928,1.7917373159278698,1.4179268060452737,-0.9881829377785112,-0.2775327852274124,-1.062273399890231,-0.3439499506925587,-1.3065737159284203,-0.13672510549471395,0.5930513763965842,-0.06887113787742169,-0.24245767690084197,0.14490004353479335,-1.158765387154631,1.0243807861822773,1.2379431969999188,0.2993411314040264,-0.3007741102658377,-0.491927159836265,0.025829877054099327,-0.4975514871024126,0.7436392216099008,-1.6132845374229174,-0.2533387034737087,0.9518789060567799,-1.008525532554499,1.1950559790542394,-1.0507962695303554,23.34687362058804,70.15711810454962,77.04171650857569,32.537634322752155,62.36937496616685,85.72274243853182,Laptop,Fibra,74.75771075998702,Psicología,4.278468219300698,-1.0756000770201308,-0.7107306282156433
790.7761831033706,3,2.2198,0.9123,1.0714963314060382,1.5436620538887018,0.2595541463337858,-0.681522822481608,-1.3448912886707007,-0.32318329657812594,-1.4181396843582104,0.8429593106885025,0.6211833338668543,0.610241287435486,0.6131662480750099,-0.18139852837312387,-1.137544099921388,1.2423135972811064,0.9949423785497717,1.0877867512549855,-0.34072960818351644,-0.7406137417229088,-0.15358186626856657,-0.8663122051749268,0.7735114209557313,-1.0701326933693935,0.6539364582473509,1.3300750227033202,-1.285031641354976,1.1863007636828191,-1.1664390087273147,20.97880568880725,73.76083796350552,75.73466551072875,30.22329954152498,62.190670815093725,93.00872845546236,Laptop,Fibra,68.02723700781462,Administración,4.404343856031863,-0.6330766876725528,1.0576239766836182
653.9677372288079,3,1.7627,0.9305,0.3317479103493392,0.8694546767307595,-0.6434232454189165,-0.5283574351934334,-1.541842019132179,0.03439261197437807,-0.8732562084845081,0.2209878048958421,0.737635138679802,-0.4979020552995364,1.1973184894917661,0.3060725366343769,-1.3781834297490039,1.5070950661068958,1.5972671612249487,1.0697496348878905,-0.44330151567936715,-1.3907849328161512,-1.222060983138543,-0.4457882655388739,0.5468736651480915,-0.9495259052136741,-0.821592729903422,1.5499382898111427,-1.151447480490024,0.6983704719006262,-1.1899223919406476,23.598271634453152,71.76574087760301,76.1638605965635,31.7262925196922,60.8310701504926,88.68781709865539,Laptop,Fibra,72.66385328183081,Psicología,4.786699577496957,-0.5956759146012038,0.9016595025746635
827.095582943991,3,2.5011,0.9087,1.7784662128839157,1.3535490195711173,0.041559341079414294,-0.3523897341223264,-0.43435939755242253,-0.2923206908458524,-1.1355742610539346,0.20159603862698297,0.5116280817967741,-0.9722123303356285,1.1347871643476863,-0.43983517294081825,-1.3438946560225182,1.340612172158592,1.7347178686173501,0.48086381575091575,-0.6968475813241148,-0.7706550502719026,-0.7508411831174004,-0.8425636552821814,0.9118867543450306,-2.1515124740818847,-0.8514352709638849,0.2556797300932204,-1.17964299624623,1.4491051245011493,-1.9920930930099774,27.42491527232056,70.47434921776825,73.32552781585805,30.687347007451734,60.662727147301794,88.54107268737813,Laptop,Fibra,74.95412538259335,Industrial,5.040457584575113,-0.9635849231081961,1.0206490028551618
577.207038057511,3,3.0705,0.8933,2.4093858666518626,1.2980580673365834,-1.6892373379281007,-0.9571586649286172,-0.6493624190787778,-0.2678484113147737,-1.37277854056783,0.0699765226148206,0.5741179252720983,0.17578494829445174,1.5162679791771279,0.549519560703886,-1.3829683480361665,1.240570987485629,2.0029775680846673,0.7174682770777624,-0.5731441323549997,0.08405672922805453,0.12252643322746397,-0.6456980375581091,0.78186978454454,-2.1515124740818847,-0.9877226444001229,0.7932706324102501,-1.3057014321486493,1.2055970368857067,-1.084680350742021,22.57346168393229,59.7908022862029,80.27483190268754,30.51345418154501,56.834678317337385,82.888407043687,Desktop,Fibra,78.75876992967233,Administración,5.170293280058218,-0.9085512221613858,0.2246654506757901
629.2990323686347,3,2.7127,0.8978,1.3572894793622734,1.3356509948402726,-2.3845128701362297,-0.08738133817816589,-1.7902244318892662,-0.2251373265499543,-1.7377705710675544,0.4232321837578801,0.7834088779969675,-0.321057776385043,-0.8577847314878982,0.12962871194590767,-0.773421054334532,1.3970095322999219,0.7954789878702304,0.7617111631617218,-0.17443272175342994,-0.8237937507053398,-0.7125781181591271,-0.24496713759372787,0.4003842493370535,-0.26036006320608845,0.006878832228273033,1.36641187213326,-1.0303840406981004,0.9731360755680108,-1.2981214158425158,20.705565875219516,78.99594886085325,78.94122920324538,28.098949921393253,63.195558304867646,84.5748166755859,Laptop,Cable,70.68706161739289,Sistemas,4.508704569482455,-0.8244716884740806,-2.202985717788643
670.4504434988489,3,2.0442,0.9248,0.5990398679517493,1.4012882578796046,-0.267122773647259,-0.6892826377126877,-2.2112157207562495,-0.01594652886433786,-1.0467373027185904,-0.23212416376723716,1.0798753638239695,0.0488532416454845,0.48793531998275913,0.4677272386170485,-1.6920182288104646,1.449441335067271,1.8634851909920567,0.8875921238061567,-0.3920492348421536,-1.2605282764224868,-0.5850743991408554,-0.38893506952145535,0.7665083269828763,-1.480269913226369,-0.20630659061051768,2.07063886395549,-1.304229806809373,1.0243864209850222,-1.029328053609778,22.642439627691225,72.43143851734547,79.85920723485911,34.34008491244514,59.77992858508052,89.68084149214391,Laptop,Cable,72.89442680335003,Sistemas,5.337219500699533,-0.839660948655898,0.774493087759737
692.723813045623,3,1.264,0.949,1.5375801694587707,1.1624653079081653,-0.614819073558596,-0.2743445061593841,-0.8065278517983099,-0.293938848023742,-1.1463386574453174,0.3113618588923685,0.4211744770410824,-0.11896072417441483,0.17699858682877276,0.06214536363486801,-1.5856709714855353,1.3356023816975233,1.102518627576342,0.789252108706128,-0.526988316695855,-1.4678210203327149,-0.7646943751024259,-0.7217475848087377,0.7184575181001591,-1.223312914283346,-1.4475175096007422,1.2355332118221627,-1.3505395242174065,1.2205022254410696,-0.7402853358144079,22.70237510469816,67.45026358622295,78.05491422299724,27.768975632204658,61.69926231302254,89.54984281136382,Laptop,Fibra,77.01855096334232,Industrial,4.857200492926006,-0.6407451679810751,-0.15104982342438483
730.8597937730987,3,1.6692,0.933,1.1632388541441923,1.3553082907331737,-0.8518229400333303,-0.08299924304818797,-1.5098387567779803,-0.08224257749095365,-1.1489077456969394,-0.27314174497098315,0.9285976898724418,-0.8052555630649127,-0.6829536017681548,-0.21205603917007312,-1.1592215099470364,1.185670267115019,1.3104243627369823,0.2704594971583497,-0.45456605623991747,-0.9678400361215663,-0.7480927365052995,-0.20458429726433072,0.6101843586028225,-1.4594611319576791,-0.37871783757957483,0.9791391687018248,-0.9850878256734311,1.2725310759653772,-1.6182595789259644,25.694213294140653,77.85356687901147,75.673969325295,33.94511440761924,65.50732474444312,85.90665699647096,Laptop,Fibra,72.93262331123002,Psicología,4.635583075541902,-0.7638293279472935,-0.9134036071191635
772.514052022949,3,1.5771,0.9373,1.07757612634819,1.3805623251552988,0.21236107391424486,-0.7350697108639127,-1.246526598740865,-0.16353625557541873,-1.1829841753356054,0.5774245738981018,0.7244286513851459,0.18485998900637762,0.9458997277579786,-0.15652922952552417,-1.3075771577628352,1.3086144094686512,1.437751927701873,1.021919471098883,-0.5299344146095288,-0.8293169401560175,-0.4824938000690639,-0.7315416694774202,0.7433897209546302,-1.5352516788029609,-0.01145497670299247,1.1923798140332933,-1.3145685728043786,1.2154919163762725,-1.338423610411758,22.86393407706919,71.9912686014843,75.806411996609,31.30128653854396,61.22906952176733,91.27809266187866,Smartphone,Fibra,70.5260020398056,Sistemas,4.826147505024242,-0.48352313484230913,1.3054718071033098
680.8298091546689,3,2.1586,0.9054,0.22220829315732699,0.8950861165205533,0.2518076087208264,-0.3539248604736176,-1.2674178861353018,-0.09718262254948024,-0.7821732454272449,0.4805862194665327,0.5094446898601063,0.2563557117586873,0.2048195616339715,0.020414657121442893,-1.186639311628347,1.0911507374588685,0.6591790026958906,0.9557176922164509,-0.30611885954741286,-1.4244613771813492,-0.7409225108416826,-0.5211798407157707,0.48614663447273765,-0.3044531059071238,-0.3579449382736115,1.5133804571321836,-1.060613642865778,0.748672821896124,-0.47297533433874844,21.893605693014518,72.70275401533576,74.07165084555658,32.11235713817262,66.5631690096415,91.585298107939,Laptop,Fibra,70.39033938500354,Administración,3.5001661981922165,-0.25412685043773875,0.6489879186333762
717.5419486133866,3,1.5417,0.9399,0.9764481422993653,1.4587384285511158,-0.7085769792557434,-0.6223105275931547,-1.7603652408630501,-0.24026557861864292,-1.482977585005185,0.5697794570584713,0.761538520651834,0.25098403863343177,0.6114525300330435,0.19173200156981324,-1.311150168955819,1.4992862398715765,1.3016321665935524,1.1483868570381086,-0.3138703416106694,-1.0409755355549264,-0.522649166999284,-0.6968041844264387,0.7289004553362747,-0.9438921899423872,0.16698259449569958,1.7252469852550143,-1.3276276014815562,1.0419545017668828,-1.1821153206918213,20.77250965700745,73.64677704570538,78.61824502561187,29.39421927000065,59.77056642044128,90.9270611671906,Laptop,Cable,70.2424251923226,Psicología,5.0392977485845,-0.8483033008716984,0.4097221588216173
713.7880747692584,3,1.2158,0.947,1.5702018728909588,1.1398940937535327,-0.6828400079684055,-0.24742082180817174,-0.6228952351368949,-0.24916195515507905,-1.1768484297852246,0.4625541681218843,0.4411724663069977,-0.17260426037835777,-0.03208041361626605,-0.26758161782298445,-1.0849574203569066,1.0932144026293802,0.889143304303388,0.6246103215270309,-0.5042152833783609,-0.8689089930359882,-0.571301915680232,-0.581502966620019,0.570797629964017,-1.185280161364983,-0.7957449477989724,0.6818409541283424,-1.1205453083524066,1.2180678144525363,-1.0562131288674494,23.444098783204325,71.02905455001677,74.90911364450949,29.572195171344447,64.56523871212849,87.70159928524144,Laptop,Cable,73.77065697804707,Sistemas,4.15056131511467,-0.4188061678583998,-0.4092256239905402
769.9695364636323,3,2.7342,0.8925,1.205918729674306,0.8497718576636806,0.5619039466611748,-0.4050769850743195,-0.043327298998519954,-0.1748596251911833,-0.6555643723268768,0.36880097260005457,0.27368764666355777,-0.6891823574285636,1.4984204705507556,-0.3724618478004733,-1.2149004779570536,1.097342597810184,1.4033418742686632,0.6065877653949714,-0.6743868850018867,-0.8641292400066898,-0.8341732759879604,-0.7908475671841101,0.7028425138227299,-1.896787684772626,-1.1632463702473093,0.19039675222434696,-1.0357186742772777,1.0783681543405312,-1.4758225893802037,26.980280819399088,67.13088648102658,70.57413024517399,31.907317708558534,63.300858015717765,88.95588910623695,Tablet,Fibra,74.62100483634504,Psicología,4.049174286441405,-0.4799686408406183,1.7047807779346713
827.095582943991,3,1.8598,0.9304,1.420765563713043,1.4125641786806562,-0.23257616439094347,-0.6953610802785982,-0.9477282934441528,-0.22735778946064306,-1.478710232722648,1.1053578207263415,0.6184800736063121,-0.07176793071216063,1.1873585355517409,-0.45037167998928423,-1.222247393357557,1.5417687543504628,1.3420840270066847,1.2686676172368754,-0.6627752422598349,-0.9182230625261024,-0.864167697935966,-0.9140236463140148,0.724386089331753,-1.442965950637921,-0.27222106252648387,0.8905044548222913,-1.467122138458706,1.3734467818926248,-1.7591985094883742,22.733139375397315,73.28213720440473,75.71865225179802,26.850735754575325,60.10118073119864,91.88224252083184,Laptop,Móvil,70.12964408596984,Psicología,5.326686664507214,-0.37750808448387363,1.083348109990471
718.5556717132274,3,1.3548,0.9426,1.2116552160396616,0.9783067096825625,-0.6555481547742797,-0.07552197448892353,-0.7127786205224743,-0.1451814479435155,-0.9585826234509083,0.15708611784138643,0.5034029476045662,-0.8164132778400757,0.0798703061704022,-0.24953830104347346,-1.1986239143387254,1.208772554332856,1.0935824846275244,0.5066577465330533,-0.5497849286557868,-1.222140400149908,-1.0421955529961793,-0.4705190823347401,0.5636877785777791,-1.2378508573364948,-1.2228203164384577,0.6774178193757187,-1.0423267746870801,1.121385865148161,-1.3214985540050004,25.536050208727897,72.37907564993088,74.00373085020368,30.620742865465463,64.98667954100208,87.09531002878998,Laptop,Fibra,74.92983414745693,Psicología,4.327205323005389,-0.540549322794794,-0.31247568081890054
656.0373463262858,3,1.4433,0.9403,1.0142667411049893,0.8966415694495373,-1.3507519328634594,-0.12171950160343818,-1.0181070775055003,-0.1617133902486423,-1.121841751292364,0.3382321886135516,0.4736524138615373,-0.6562107822297113,0.27853094986521043,0.09028393788219463,-1.218042648384135,1.4064206749540744,1.0380003533833055,0.8127352486144883,-0.4188492009783196,-1.423512382632337,-1.1864676520902562,-0.4924161058237938,0.5046702523211508,-0.6842440219977411,-1.2523445062794882,1.1331958028669429,-1.10403099648857,0.8777362624083213,-1.083925275297357,23.37805848955029,71.85174559470542,76.14413474692948,28.39218402223684,62.908320834647625,87.2136095242302,Smartphone,Cable,74.697461775247,Psicología,4.499414416746658,-0.6622258567737067,-0.6013505218942623
776.3134966406724,3,2.5603,0.9044,2.0169775032159505,1.534021285721412,0.5724969847048863,-0.6749235849031539,-0.7502374851839705,-0.12531081439876313,-1.0480627393574506,0.30578360962576984,0.7964984893928448,0.5933413723143901,-0.45024537913208895,-0.5250358043892486,-1.5531802420065424,0.9292491722592353,1.2579866221073066,0.6112506118738789,-0.8456375764094062,-0.7705535915685577,-0.12298787660746938,-0.5466220465362127,0.7075230671617836,-2.1515124740818847,-0.8453020952278373,0.8604244283215896,-1.5002934232381806,1.7116409221162254,-0.774315373871051,23.34909080493347,68.70526473962747,77.5162303018817,32.02574472635273,64.71368968574512,89.94712098653041,Desktop,Fibra,75.05765109721371,Industrial,4.833732810642969,0.2102696632747989,0.32922210473974073
651.3635758955438,3,2.3643,0.906,0.7505728839623762,1.041558239898386,-1.1678826046639237,0.2228316003563343,-1.475902014822231,-0.2065430587428285,-1.0771024367637014,-0.1149633346084822,0.5737618514918461,-0.6109257733982788,-0.9807881355184677,0.16147775400604436,-1.3520207262472965,1.2913948545976888,0.6655483719924139,0.49561062133774186,-0.2469269095093061,-1.8483230922088638,-1.0697757064947595,-0.33214089386733253,0.541569620030081,-0.29797004656886744,-1.1086206166348087,1.5755367671320113,-1.0187515788358097,0.9133318812099256,-0.7255609019107471,23.15881006162421,75.13384824433683,77.14903430533903,30.096830847178683,66.29902145003015,88.04099428630892,Laptop,Fibra,75.00864612755917,Industrial,4.193222716117974,-0.8775606102224176,-1.4901962816706251
780.5184980637517,3,1.7111,0.9353,1.3461836514369523,1.5392264496102994,-0.42445653707206343,-0.43927317794675114,-1.6580478790122684,0.06456322869226214,-1.2244669191555833,0.11364538934021669,1.1813868814305868,-0.25817902993597924,-0.8101681597751265,-0.5037682793644113,-1.3623951310447002,1.2566259913350626,1.4129663763747882,0.6342689592381837,-0.7468530956740015,-1.044318555291876,-0.818831918320041,-0.1971846255542597,0.562325371151063,-1.6930623672701535,-0.47124042230140684,1.161128473165911,-1.3606628398996743,1.6597442649556713,-1.517434038324088,24.386810566748917,78.24378698326335,77.81789830397138,32.712318450984064,65.32837999705802,88.08727405743647,Laptop,Móvil,72.0858525973185,Administración,5.357803867025011,-0.0016651523753263575,-0.5775587774997156
704.7411946454667,3,2.4987,0.8959,1.2630922429904894,0.7755986177819584,-0.6056787664648366,-0.3995717786083122,-0.08289687354556388,-0.3020467987872489,-1.0449682936008182,0.8366484233745272,0.08882609718276874,-0.46401008264589755,1.6849344613766513,-0.1476825586045015,-0.8021660766734217,1.1714828638413046,1.0616517259749845,0.8664384507708369,-0.42319407311600515,-0.5530924704947602,-0.7140431876033535,-0.858803531701254,0.5727603574549667,-1.128073343385074,-0.6685906333652002,0.23994114423951826,-0.9327007459821098,0.7606796421281226,-1.398527944363805,24.227365131899216,67.77546770749676,71.04879217943405,28.853044120643617,61.839471309235584,87.65419272055983,Desktop,DSL,72.2812251158655,Psicología,3.6649347713831086,-0.6866874831108641,0.9789756284568896
742.4854484145154,3,1.1124,0.956,1.3859878850531737,1.4938752010656438,-0.8744958841002716,-0.33686013065730636,-1.555406272523246,-0.16825468720905806,-1.4386113019772013,0.3544214046636851,0.8608052692222594,-0.07841346925343962,-0.5154489535289001,-0.17888618463269723,-1.3707536862051188,1.3880246068099564,1.1259226990857405,0.8186728490979346,-0.5187543873998309,-1.2364373998269003,-0.741718595271945,-0.47328412185946556,0.639579744473614,-1.1361226113549565,-0.49755869851728907,1.412506110883839,-1.364838322230568,1.410418186936204,-1.2127571232426742,22.302167380835417,75.59756425934052,78.85247556773048,29.254200363267437,63.167081329327495,89.28263256800837,Laptop,Móvil,72.64987260302493,Sistemas,5.192423456419195,-0.476553529142701,-0.7413018880707617
825.6544967296626,3,2.3695,0.9099,0.47980442787780625,1.1651995208359682,0.629734992365042,0.06688368377144713,-1.0625889315562485,-0.37149381657983327,-0.8862596846896189,-0.011672679820095415,0.36385086453720517,-1.1105752908377575,0.857957829100224,-0.04829476071773276,-1.637170156560407,1.527859021822668,1.2124610363965393,0.5923660711129247,-0.3371806491877558,-1.9342744198890731,-1.2067211135309308,-0.9422774780644443,0.9877276194553413,-1.1665072801611394,-0.8724820604133336,1.2408451446294912,-1.0758319757392367,0.9533594021805796,-1.592905084017211,26.484962461502807,73.24626963698215,73.14639884648948,30.470625741444596,62.82302244968715,93.35322622334328,Tablet,Fibra,74.10055800941414,Sistemas,4.626557666847057,-1.5155085648817295,1.288930909997786
774.2043922484816,3,1.5735,0.9404,1.5098198501340219,1.3876582677541223,-0.47031871790028756,-0.25705689232471274,-0.8728747082721521,-0.5134342068325163,-1.412128376587913,0.39916615015881385,0.3075025050794069,-0.5125276409248746,1.1016020698843183,0.12893362173254497,-1.5956718814644681,1.6185861898713365,1.3695108238690838,0.8564431787198232,-0.3830726142131347,-1.4229768347431244,-0.760851589380241,-1.0952349187820032,1.0070780832601611,-1.4402312715130672,-0.8798276258255134,1.1946447546782721,-1.323455412796196,1.1461886807427246,-1.4557964740817446,23.541761598458532,68.6283338696729,77.12770684847324,26.46185791913289,58.00386337883799,91.53675571436936,Smartphone,Fibra,75.50639338948915,Psicología,5.280404844170839,-1.4974546618656979,0.696493388597207
793.4683563091921,3,1.8813,0.9295,1.153491237786987,1.0978411169977638,-0.616747558214797,-0.43718701657360043,-0.8600267729860598,-0.09692401048386655,-1.1973918628361115,0.6916302505275626,0.6219671310761002,-0.9062616326074378,1.2461646368961172,-0.378223712459562,-1.2264255610111898,1.5885987158638353,1.5386802852615358,1.025236466361756,-0.701382654732264,-1.1579330447984084,-1.377418764457703,-0.696239780557874,0.6324261023152519,-1.4778936201179438,-0.9503130039281336,0.6895122419521416,-1.2795865004341829,1.1874855466107832,-1.9917081363457343,25.32037708404288,73.71579586948,74.33290048868797,28.181270169422227,60.90044806444169,89.1089468253223,Laptop,Cable,72.3976758820542,Sistemas,5.279573720228639,-0.4860770002966135,0.7799604501932443
672.2753483730935,3,1.4219,0.9377,1.1911235680371588,0.8097242798255058,-0.6247655398668436,-0.24628482822179282,-0.5364808764958046,-0.08785527195339526,-0.8534963234652821,0.37559538162950146,0.4290182151357717,-0.4034580112342389,0.2516068390937335,-0.1924933240855659,-1.1520521280220897,1.1049574989382092,0.9823405252639297,0.6844311177976397,-0.5855858874580071,-1.125061368948001,-0.9562933403380851,-0.4539805036491942,0.44546195008637074,-1.067702338330245,-1.3675759178163691,0.697432541051984,-1.083563973171399,1.0337113386978023,-0.9071619089971402,24.260129707472444,69.65064413693017,74.10222484538814,30.305789731132336,65.17724088819509,87.03835106422055,Tablet,Móvil,74.94264155040663,Industrial,4.026728824330741,-0.15199875268819033,-0.13503825816307996
732.255184631008,3,1.8112,0.9237,0.8371159105540396,0.8464868158484758,0.10314656278291258,-0.2160125087095831,-0.5695716737612613,-0.19112050819242837,-0.8313458827942058,0.6026773998404571,0.293210414946346,-0.30467359146271494,0.5661562855441966,-0.21678926089282466,-1.3485857402857995,1.2514398421785542,0.8050203658181739,0.9061732596038305,-0.5371339184890334,-1.6107909909513345,-1.113368710851883,-0.7372711343446255,0.582055303436764,-0.7802539235997966,-1.321372589725164,0.9784927824690527,-1.1923484212282813,0.9896497249130808,-0.8377706473644901,23.74388386789508,69.7838262531265,73.67208910148003,28.657649782648264,64.93701619355885,91.24549696713608,Laptop,Fibra,74.03440476661939,Administración,4.0860070905933945,-0.3133265245445474,0.6468045272300335
671.9516909005815,3,2.5709,0.8985,2.228846973322431,1.3973566542465434,-1.8953329996043775,-0.1704462148848096,-0.678895436266861,-0.4947061430224324,-1.7376708568939105,0.5852444093493796,0.3391362360370067,0.059225639539994254,-0.39165237681376563,-0.06811187285177125,-0.8002118815263112,1.0945908672156133,0.692001710362553,0.550426745453758,-0.2636770755565884,-0.3545310638936562,-0.05774685437600253,-0.6561062572524866,0.6096695259227721,-0.9907419926408563,-0.21491336237851397,0.645298784585466,-1.0522158623241122,1.2121205001168998,-1.0893328058637675,21.29026351871856,71.27999961386477,76.92329009898575,27.25980395481768,62.528523877160566,85.48886062644263,Smartphone,Móvil,73.28203018622985,Sistemas,4.105904788542883,-0.9302386175113644,-1.6357460334380245
658.943176455655,3,2.1514,0.9142,0.41810609401129056,0.9447514714957923,-0.09813438598334429,-0.8706115559675175,-1.386202133329517,-0.01996173173905932,-0.9038346641760949,0.571084086377958,0.6578533466366904,0.24597650000438329,1.6615787863236848,0.2940071164481536,-1.2517393826170284,1.3401613410550735,1.5299325217833566,1.2689807724157576,-0.41176486476737817,-0.9219879406450386,-0.6926940011717084,-0.6132539097374693,0.572151329051816,-1.0321069226335657,-0.20242485199917104,1.5093778367411956,-1.1948612793445321,0.6885814493339688,-0.9418250866685512,21.917221722737565,69.30334178926103,75.57575599012078,32.20662636941543,60.153989025079085,90.21994098475636,Desktop,Cable,70.43086236544707,Administración,4.3993940758586225,-0.4011503090650956,1.7387269611647909
726.0163324268266,3,0.7492,0.9681,1.0259815045773941,1.110141790296213,-0.25506538407577245,-0.2918237386335932,-1.0293262075345775,-0.16623417571058502,-0.9983826619136614,0.24328938474972947,0.5692543226157056,-0.39607909283877824,0.3788878629620634,-0.07664631848301731,-1.4078557735748656,1.3116848875066123,1.2092946476128832,0.7514420339738724,-0.5121638193328713,-1.3583290997399426,-0.9091678105211598,-0.600679285099507,0.6678776647498706,-1.2185089132855191,-0.9622692935782544,1.1371646685901242,-1.1979463945026048,1.1083304863185734,-1.1314405012599316,24.11660179882688,71.37751190519349,75.63071473562432,30.45470267805573,63.17474656468804,89.58196379657572,Laptop,Móvil,74.16140855264787,Psicología,4.623021745878903,-0.6006215645089262,0.34264158405771744
750.6765362573901,3,1.859,0.931,1.3090949734301107,1.2779190805461786,-0.8044020164869958,-0.32708612005599086,-1.4222871788580211,0.0900047460669221,-1.1936302653639663,0.4351368080762835,1.0112695704618164,-0.2982062062993847,-0.8696701207152091,-0.5014202956274666,-1.4951396138663853,1.4098460723261224,1.1272475638152957,0.9094954292492718,-0.8420458354774939,-1.617327402007877,-1.3411437736874778,-0.24165209952361286,0.430508027027648,-1.1526175288543175,-1.3867955565279597,1.2871121080563332,-1.516867063556543,1.6038814165631228,-1.1568721939170357,23.316965324723377,76.48461078766408,78.85371121369406,28.76145595805464,65.57118286002388,88.82762841031894,Laptop,Cable,74.04236014934291,Industrial,5.503482156650221,0.3372323680421241,-0.9898711430583053
716.9522051757378,3,1.9446,0.9266,1.65833197785936,1.5561534998142548,-0.621057610587782,-0.7896195108605043,-1.354809385346505,-0.20589065084613914,-1.3984972172326045,0.2383656374232494,0.8406751598078795,0.16452633794623206,0.7697044826728383,0.07254812395163553,-1.2536051371287007,1.2642392260473592,1.7739803494388071,0.7788541115639356,-0.482280031511593,-0.311788850201566,-0.08720428473435966,-0.6024175805283041,0.7865806510322384,-2.017128363898545,0.1285180513468294,1.1072953397811456,-1.2621652681686464,1.295751000729592,-1.4575135515340554,22.849509930978293,70.59153894843416,77.89397441514573,32.304286147099674,58.916058684018985,87.61558422351345,Laptop,Cable,72.21911156528566,Psicología,5.1194912472761525,-0.7947206411645131,0.5797900228187967
740.6925039752753,3,2.0345,0.9236,1.7343094381263795,1.0900610642390578,-0.938327866154281,-0.1967290067098865,-0.35951769716560766,-0.412557153685733,-1.2987817335420033,0.5677498074097103,0.1960585746012976,-0.7482129308013907,1.0937844475238134,-0.05032918199908973,-1.4286879170762388,1.542608480470297,1.2660521395976694,0.8468648936953329,-0.5456337021330773,-1.3430351115272021,-1.0537383232640107,-0.972284513163812,0.8006358252372141,-1.395537934009974,-1.5582727004275894,0.721586330577621,-1.2880313343594403,1.1455545679642494,-1.425244421199344,24.22007387697258,67.20009169209514,75.96078374378146,25.517607030705424,59.25062446993618,89.10039811100172,Laptop,Fibra,76.97602632326438,Psicología,5.076494177038412,-1.0336080628760824,0.23348852208205118
662.9299196412601,3,1.3014,0.942,0.9045503494139325,1.0262773983298887,-0.3850720331976094,-0.5784856973939033,-1.1917774916035604,0.009934088745879614,-0.9699789236147699,0.5362955489710551,0.7218470171459834,0.3883596610768496,-0.005179376509081654,-0.130155059785556,-1.084886089182068,1.0362158161755368,0.9454745333865852,0.9341904644563767,-0.5142315189911187,-0.8827130684223335,-0.5764816558690944,-0.336666385509734,0.3843430823307572,-0.8516716690624573,-0.43645733436594714,1.2076249195618278,-1.1769157111049977,1.0515359355137526,-0.6480443399712392,21.770231939284397,72.22938213036686,75.76314022300483,32.06637743182269,65.53716251846407,88.46434095189805,Laptop,Móvil,71.11536344164178,Administración,3.992335323501663,0.16182292996801897,0.05398865398077588
743.7481086255705,3,2.2649,0.9141,1.8403190472391837,1.2386757343744383,-1.288346250193962,-0.45855916742676756,-0.9146227827236968,0.07301523837324243,-1.4041696003898894,0.9763592923985274,0.8918082633507278,0.03629282907401165,-0.8992616082302334,-0.8052989236828292,-1.0213233313713148,1.208436785722046,0.8366775051063468,0.9922108516822045,-0.9071328106093719,-0.9224132769375487,-1.0686306370679874,-0.2340312449612118,0.24297917369187896,-1.0889622708082705,-1.0973427638929794,0.6790880144738904,-1.4755791927244906,1.6933983089953994,-1.1933256614869843,22.232394487897267,76.29438152920697,77.4555459953572,27.261010950136928,66.57901394149663,86.88080191343116,Smartphone,Móvil,72.12697190144021,Sistemas,5.024933404651977,0.8097028722987589,-1.4455577246579197
756.5237615266694,3,1.7526,0.9322,0.8674876524084848,1.4139616745796255,-0.41768371382030245,-0.42835012820466484,-1.6735999081110604,-0.12662126965071346,-1.183481003442711,-0.1030718962260486,0.9133332695129077,-0.7112199038679824,0.6967256269254765,0.015530274034869557,-1.221803105758736,1.3895056337506202,1.7704016225589627,0.585840805182436,-0.3847085043433525,-0.7886648184626018,-0.6559282181458073,-0.4788600699082505,0.7865887319157583,-1.7130904924868877,0.17246215073057244,1.1556514335903094,-1.0309678216383926,1.07304714111474,-1.9412436942752835,25.46273223362468,76.18221410351896,75.2788457763178,34.23584428435257,61.16600126939099,87.96678115978213,Laptop,Móvil,70.9755938696615,Psicología,4.9564985948201725,-1.1485214375905044,0.6509203122096755
669.7832228800995,3,2.1528,0.9212,0.7622874183109875,1.3899985351497575,-1.4108142837970687,-0.15411279521004104,-2.211227162459554,-0.1464694994506318,-1.3905532897484738,-0.081026490847879,0.9426467121021971,-0.41101119430753963,-0.5424474028805059,0.34830836870088383,-1.520296786410926,1.5925988461304226,1.2490189595552623,0.8027733709735156,-0.2727179116475552,-1.6964248835255633,-1.0009289518517248,-0.34373079499723874,0.6580055233793864,-0.6516849826699365,-0.529103125224762,2.070512817357133,-1.247074960931434,1.0280578312069895,-1.1028249483251509,22.016355669918383,76.90932103624912,80.52310995355943,30.110036520744817,61.913217566595776,88.7432446526219,Smartphone,Fibra,73.31291313317212,Administración,5.300124869340676,-1.0396173334459573,-1.0728285013679395
738.0905824654444,3,1.8001,0.928,0.4366151000465987,1.1703830189834783,0.4990828346103871,-0.46211313452168185,-1.5788103817820514,0.03257332436882317,-0.7021430328130286,-0.21699129940821552,0.9141503980266543,-0.44446906815524745,0.48560408056030147,-0.023156701217252478,-1.4741677338331423,1.2245516001807843,1.6258742000945243,0.6126573298345133,-0.5110008864618948,-1.2357874802796232,-0.809793256140653,-0.37608471953180245,0.6982427854912837,-1.5948640104638647,-0.4044791065175162,1.360166100068236,-1.094345885209309,1.0559840437553827,-1.3195193140711814,25.639575448273188,73.93380593747263,74.74357771755432,35.936035758635896,64.01032984495203,89.68961009449919,Laptop,Cable,72.29722813436464,Industrial,4.598548911932441,-0.5850246043578035,1.1683117039335782
698.9440050136243,3,2.087,0.9169,1.9992435850725425,1.531464640515379,-1.0413659364153367,-0.20225146214181614,-1.0604134062880595,-0.32340307298771426,-1.4120094333009265,-0.037402466002893084,0.6775040156809792,-0.03725101503405658,-0.8537757957673846,-0.12047225892589446,-1.1300844735562925,0.9939868182701954,1.0548311499710747,0.26073243426037174,-0.39490645745825015,-0.5379106584771162,-0.027946639303730477,-0.4287081303095729,0.6923146955044961,-1.588136160013788,-0.29657199159796266,0.8585373260657461,-1.0840182305326596,1.429989596530647,-1.0965732012691682,23.276978150112445,72.4593537268914,77.4056506289473,31.77536292528432,64.11463210672686,85.82264436627088,Laptop,DSL,74.44323826156543,Sistemas,4.403344596081853,-0.8063477896961823,-1.2718047367545753
804.7836625095961,3,2.9393,0.8872,0.7835495652130187,1.6831039849644998,0.780243130415775,-0.6471688368604845,-1.8038509964429117,-0.1625459817079354,-1.2346323252759148,0.4279503608967689,0.9547730054378136,0.7260389187861079,-0.3193312437839675,-0.3372409408397124,-1.1175235534072563,1.005086493065026,0.963033914937077,0.7943064673931476,-0.350508068853574,-0.666326454493654,0.04291193317408901,-0.5378312294213459,0.7145199867174326,-1.190881330090119,1.1141403533590077,1.4672281370631584,-1.1906792304744553,1.3309371322203307,-1.1045662849948623,21.81304146742511,77.99772191140474,75.37019250923055,34.77424430171972,65.99762966260745,92.64231872710594,Desktop,Cable,66.48148364084713,Psicología,4.1300532592059565,-0.37042779265246206,0.7860927037040351
618.8575579566719,3,2.1354,0.92,1.9764067310301048,1.0673279905627178,-1.8619467529121527,-0.33315705028627757,-0.780201210651804,-0.11028913894106923,-1.1894376111447547,-0.05594376329267452,0.6532554447375126,-0.6860418745493363,0.22919374796281256,0.11468873686379483,-1.2779487933722202,1.272384967179407,1.6537266399899797,0.49208082949224863,-0.626812343468561,-0.7267368473945517,-0.7729564780407128,-0.3234655383947285,0.5472077711514475,-1.829391353663156,-1.5521737862860496,0.7026344759708306,-1.1581755660892983,1.2184765678636558,-1.2728600224264008,24.641377358819344,67.94358960737246,78.06977358901024,30.16712508035475,60.45683186905519,82.69573804211247,Laptop,Fibra,78.25786441120043,Sistemas,5.07714444369228,-0.5938028709310189,-1.002267836662689
673.1064494581484,3,1.681,0.9357,1.4983698842974855,1.2707472517618976,-0.479088138859768,-0.20684579820976642,-1.0548255785707448,-0.3597366201114544,-1.058103014998236,-0.2768530714264976,0.47141924669254137,-0.33260921495759416,0.26477640572539635,0.4043133441829512,-1.8462319477666336,1.3766172309018871,1.4636575116610155,0.5282214423753154,-0.41834137942481975,-1.5729729975848585,-0.5945026313124483,-0.7325853447573739,0.9216224074441266,-1.6142536500627098,-1.4840768660986192,1.498201650913243,-1.2906422891489255,1.1642056321476337,-0.7569663514515023,23.75384571776909,65.7008140779134,79.2088364249258,29.898607606158656,59.81280504747269,89.17755271781431,Laptop,Móvil,79.30245659995425,Industrial,5.101898544285259,-1.2494839604933528,0.05556496341822904
715.1076767103882,3,1.5735,0.9343,1.2639964979467946,0.9982276909904289,-0.8578247454677463,-0.0006847728714428214,-0.7278830573451905,-0.2120899913036763,-1.1096258472686704,0.4336031555305177,0.4175131771799217,-0.5505862634865654,-0.2964412120646145,-0.2668039683091252,-1.229293115214869,1.2630500841028107,0.7289883209833405,0.6788911849449482,-0.5179878222557411,-1.495085552423446,-1.109116168445063,-0.5426426867219918,0.5218910113601793,-0.7593038298338546,-1.3504841705201325,0.888615099390231,-1.1551869412508105,1.1513189980311997,-1.0172205669647698,23.77926672974429,72.65455743365618,75.254378283589,27.941633006589026,65.5679051322712,88.44834089529044,Tablet,Fibra,74.8312689684941,Administración,4.325992195653486,-0.4152155862039939,-0.7987882378577628
751.0519936238758,3,1.9771,0.9291,1.3963397424160053,1.150142846168427,-1.5031091573044715,-0.4788785639205431,-1.218762294962919,0.09917600622461246,-1.3516107681994716,0.6851799380995128,0.9456950353208885,-0.8387174328936996,0.39499286961488567,-0.4531338369954871,-1.2323175929542618,1.6402034364008817,1.5776919080056109,1.0916141206040877,-0.8628836702399885,-1.186572029545552,-1.592912268081578,-0.34433011022714266,0.419040681506785,-1.3996881599161455,-1.268381999851275,0.8574977905187643,-1.4337053281635257,1.4057342482380497,-1.908165330936197,24.38472113932904,76.19818430781318,77.39300423807009,27.48834175523997,61.67001626918464,86.67720288992258,Laptop,Fibra,73.02300976252143,Administración,5.835369648143773,0.0657940857133195,-0.4810472691989128
653.5475937510222,3,1.9889,0.9196,0.5183502647278998,1.1211012227676167,-0.8249570887497717,-0.33033380232863785,-1.8433743956590978,-0.024218229246907755,-1.1268652320887345,0.3562983423379301,0.8322348359337404,0.17198979206009316,-0.5288707731434942,0.10652221993438357,-1.2748716059124885,1.2955035450298422,0.8257537792687853,0.990595365908813,-0.35037479142524164,-1.5107860148779724,-0.8962909199299461,-0.28825933540175325,0.4260917784577237,-0.28228219934825394,-0.450502197205934,1.8573114358905431,-1.2169309087286797,0.9471493710169351,-0.6068914819393004,20.91275901255725,75.80850457307432,78.12603780261493,30.794513154088627,65.3256215850953,89.61517723184228,Smartphone,Fibra,71.13498966770936,Industrial,4.384257548039434,-0.22815123683634983,-0.6431675492125118
646.2586343543531,3,1.772,0.9222,1.3594503522428865,1.2022762188098994,-0.6614016808535792,-0.4950204228465003,-1.1231626152004408,-0.1075961890980294,-1.1146320356400932,0.30499383791504675,0.703378106084928,0.49219097981491533,-0.47184330019776266,-0.08552972793968892,-0.9780437325131699,0.8638432869514953,0.8961835335722069,0.6254456962304179,-0.4187553440734705,-0.49536949645056083,-0.10306484677975469,-0.30106925685268937,0.44502229165921514,-1.0885195269004853,-0.1542115677852836,1.0415203561071464,-1.0735191829655883,1.152254113540375,-0.6170807273924597,21.74180616644877,71.73858369658865,76.19745943743024,33.047341129693294,65.72997033048082,86.6657004593708,Laptop,Fibra,71.82426271112762,Administración,3.7800159166982623,-0.10227319260249562,-0.5713221703109098
731.8289247178876,3,1.6695,0.9353,1.0840895411572402,1.1394084836406055,-0.5910779830263213,-0.6055852573082618,-1.0298740462143634,-0.2093242714632942,-1.2263051537213545,0.5949024089870288,0.5333500938446544,-0.4104850553565216,1.6290348798750331,0.06777893815401523,-1.2702204690284389,1.5348735330715408,1.6082469106098163,1.0850597729339317,-0.48285313735619423,-0.9519777315819286,-0.8832185261826554,-0.8092340059101626,0.7333553088558172,-1.4099296449597662,-0.526430507605152,1.0504090805590833,-1.2363620861483928,0.9539867768120959,-1.5960900149256978,23.568544938427245,70.20312956429855,75.55288377772277,29.0605551015436,58.57232897285817,89.50240470702015,Laptop,Fibra,72.341899776948,Psicología,5.019113773426134,-0.863236658240413,1.1848656256968246
620.3328027148128,3,2.7722,0.8995,1.574113542607638,1.5846285611285653,-2.1204257218769054,-0.17463634471191708,-2.0315932609059026,-0.2258966041526128,-1.6471254402954234,-0.18018386040350745,0.969765972958913,-0.016860700226955353,-1.3120215603314729,0.3093121463133845,-1.1921242044390856,1.2625361131367527,1.110021302487257,0.47257685146724415,-0.21629337347391686,-0.866830745770184,-0.27332619827968985,-0.1773191014133824,0.5872531700584939,-0.9278659417808497,-0.0958448821165145,1.6910294055005792,-1.1306581996537017,1.2162734837417697,-0.9614884971464426,21.119408163857138,76.20788089640247,81.328434121548,31.186275245667225,62.74907663072501,84.90419910681767,Laptop,Cable,73.53039881311852,Sistemas,4.896335170951273,-0.9800676733608648,-2.2596247459473915
676.1181055181039,3,1.5897,0.9361,1.3436391801085672,1.1485844160069159,-1.6810726646909848,-0.3228735696961186,-1.3486645279250982,0.04340343459810391,-1.3128360157877275,0.39798202837513363,0.9104432199839543,-0.41830421243451543,-0.5172574677504552,-0.280157761686625,-0.9675381932300026,1.2642257568469568,1.137020054203423,0.7577641327398318,-0.5987547481143817,-0.8555624970482044,-0.9976658504823539,-0.1369613996776197,0.3251753008259621,-1.0042419910129892,-0.7095104821406157,0.9423231717719138,-1.165914514093691,1.2448190502323735,-1.3640216293220382,23.20555480105321,76.77411984392378,77.03293910999818,30.31040252717574,64.85360990749932,84.89146398616441,Smartphone,Cable,72.15277868220171,Psicología,4.765877516078907,-0.020392417456342352,-1.3654019271576852
725.2929956266282,3,1.0541,0.9557,0.7874667492481382,1.2286751745939317,-0.386815779584167,-0.3557893999468888,-1.4969072359605444,-0.12196651757532505,-1.1656824483667136,0.45343270076965597,0.7293838446943843,-0.01124836593255922,-0.07306918193154477,-0.09513361974819215,-1.3145319713856998,1.3349527964692767,0.9712279232949709,0.9489548736586111,-0.4373755396534748,-1.4019641605442277,-0.8622133965929462,-0.512249058018947,0.5782481936656481,-0.7401573429130313,-0.4458433175806741,1.5068317164076628,-1.2577306302775544,1.105671187345414,-0.984340819556575,22.194046329316823,74.90776840589277,76.81131405227865,30.15064835336636,64.25039467933405,90.674179054164,Tablet,DSL,71.37116369796988,Psicología,4.595866101625616,-0.39570614344226795,-0.01750978575197934
777.0345542383685,3,1.5169,0.9394,1.2819579510602808,1.1240642615644678,-0.3876725552417218,-0.4433004383729728,-0.6949096263617417,-0.18937363475275884,-1.1693537496910302,0.6582561584385509,0.5009236378327829,-0.5779343961711142,1.127528352882354,-0.31782660572929733,-1.1806803042986949,1.4069438794599536,1.368475667500783,0.9177978133248677,-0.6137666447192804,-0.9713392505601338,-0.9911751862705167,-0.7576714886645047,0.6697210821424097,-1.4781026906899557,-0.759601254968691,0.6485645632616728,-1.2179900219121331,1.1654042465993963,-1.694343183809786,24.706698024430963,71.74771132441627,73.98709917896687,28.868780703568397,61.47754497041862,89.29116480659978,Smartphone,Móvil,72.5378151554241,Psicología,4.8226325059294695,-0.5545331687859795,0.8194652145276698
816.1557667563502,3,2.0766,0.9164,1.394163553369232,1.3905017734337535,0.07455180832675329,-0.04549106842638264,-0.9452757036225246,-0.17542156746737658,-1.1374969890018425,0.3455400267067417,0.6950392482560135,-0.24837494907622196,-1.158316490610521,-0.7263784172670626,-1.2468626677704713,1.0616548886059551,0.636317104996948,0.4715588791231054,-0.6311831830580283,-1.3260845406269222,-0.7670126882123699,-0.46220812073032974,0.5931972085228199,-1.1660863660695144,-0.7135596909857238,0.8146542583692465,-1.2274426097733917,1.6018569783041763,-1.1744285877017648,24.423887816499832,77.00080247644465,74.80125278479098,30.552121342357133,68.80994835109685,90.21736098978172,Laptop,Móvil,72.58491839933151,Administración,4.364266832415446,-0.11343826437787753,-0.7522570272445357
540.7093920024225,3,2.9419,0.8862,0.6666355779837615,1.0618824522579522,-2.21763177153716,-0.1573644519378022,-2.14023231858017,0.048580695305075756,-1.20526365510216,-0.26542134129262956,1.0080790600972254,-0.2935562790518585,-1.0185244872771886,0.41964938746890296,-0.8990997135503968,1.1447315833936262,1.0557036800123074,0.5148287153909048,-0.15630732268107164,-0.8802047377387545,-0.6626552562753081,0.15459308597233198,0.2824560008343399,-0.37506922353069644,-0.1306391204793375,1.6661512714094482,-0.8418816088970819,0.7245467551542711,-0.8424885509386556,21.93442295515086,77.8279017500304,78.36300812725113,34.27037474750545,65.42406323291793,82.88664546030633,Laptop,Fibra,71.67071861074821,Industrial,4.042682299796453,-0.6175421927645962,-2.0442272578523535
629.0343935846079,3,2.3481,0.914,1.9459506285639412,1.366541257651728,-1.5293653654562411,-0.5187735509560308,-1.43156294261431,0.05909182509956361,-1.290152930404934,0.09897680210409261,1.064314561235012,0.2795035921296759,-1.208873384657957,-0.1132813685603918,-1.4170358189259395,1.1344678445327678,1.2986694068133076,0.6758225293282902,-0.7483431830168417,-0.9054504574643623,-0.5586140688577915,-0.055148279768521914,0.396743370177144,-1.520140751350477,-1.2244636359639183,1.3138264270843767,-1.4519167314506694,1.6093966496574703,-0.6527432027248138,21.753438165194336,71.74805308922468,81.47512928838503,30.753652286770105,63.97442205802547,84.76837519846694,Laptop,Fibra,76.19702725353507,Sistemas,5.282922363834313,0.2876739760763953,-1.745545416253892
715.4068360865704,3,1.8163,0.9319,1.485064252688718,1.0325194526576524,-0.7028512528053628,-0.2586019761380835,-0.7109152860732644,-0.14420819547510616,-1.00989171863656,0.21738866102070095,0.5276754081130655,-0.7265500635520481,0.49626397510129194,-0.09437671089929477,-1.6344205326664947,1.4657285959111996,1.4458309083058098,0.7664847946871984,-0.7218768776384239,-1.573615887299178,-1.2509207881663669,-0.6181694970412377,0.6718931399253737,-1.560137284875529,-1.9366113794755704,0.9696129208329467,-1.363237870306544,1.2782659270345444,-1.200494682101702,24.908398289516267,68.3665488134321,77.17091491287971,28.049410938482577,61.35965397298867,88.28599543494774,Laptop,Cable,78.01936485589106,Psicología,5.303168307676026,-0.49293383958733344,0.032641518069470396
795.3081572870149,3,2.0199,0.929,2.0335188593387827,1.7057864016226594,-0.3895286397399571,-0.6022034976266087,-1.4628117293100729,-0.1372488924120406,-1.4941947394834236,0.3387152137193782,1.0454292594055448,0.24488131919030007,-0.6437918352264238,-0.3802105490510513,-1.7579705024359766,1.4135639664035398,1.485326683854326,0.8531646306672382,-0.8283449152330867,-1.2173228623541479,-0.5840262655896259,-0.5403722208490089,0.7739837509813053,-1.989879572072927,-0.8872970970156263,1.4040043500389465,-1.5604050510470002,1.7116409221162254,-1.1995335384702726,22.4348732878208,72.92714211888631,81.47486817945305,28.751951555331257,61.58641559270077,90.345020128353,Laptop,Cable,75.03527178549929,Sistemas,6.012366322942844,-0.15525233331296667,-0.42406533872950625
814.3963949896975,3,1.4788,0.9432,1.3673196370349452,1.5438104312348078,-0.3046148712959109,-0.25231083991510145,-1.15716924472468,-0.4552572278122362,-1.4533028692380612,0.2849274425861221,0.5104420786538194,-0.6157279077794621,0.8254804310849464,-0.04956776102286856,-1.4183028716908403,1.5460788457311978,1.4169347653826707,0.7119088919025719,-0.356778499639526,-1.1657361451011035,-0.648926309704822,-0.9626316785227381,0.9992477471163265,-1.5627244229355584,-0.23141888836103097,1.1010123532621403,-1.2168073637407286,1.2185992263618752,-1.8197229539690902,24.396846600569283,73.03076054633378,75.99440337774122,28.847576032438795,59.51190365618272,91.14873143833628,Laptop,Cable,72.93045151489932,Industrial,5.182994794329278,-1.513048602452551,0.655555661720343
678.9218812906591,3,1.1631,0.9533,0.6826201025316533,1.0556556459391828,-0.40740002078321075,-0.5078335794279619,-1.5231851525060445,0.033650566712280276,-0.8877560255568996,0.06358261108316647,0.8436021227179429,-0.35012379495839707,0.5738953304205272,0.145790504369107,-1.5218690310894343,1.4048318776308266,1.5868033153370509,0.8961591776041044,-0.5534206556097427,-1.3935017308096542,-1.0492622436922623,-0.3888338848790432,0.592604798597322,-1.284108287724251,-0.9562263471521036,1.5167718690698284,-1.2517955806764252,1.0079920917529406,-1.091841982995112,23.86148902322866,71.74911298471487,77.23526461945006,32.26767092521036,61.9386513972438,88.75051883958139,Laptop,Fibra,73.9311647363165,Industrial,4.994849143011483,-0.428275537467107,0.5599864557395308
518.8785835003879,3,2.2353,0.9039,0.7470590923241014,0.6137219709307247,-1.7068640868978753,-0.37952959694301686,-1.303845501100508,0.26529802275895126,-0.6822520256294314,-0.22750811523418255,0.8910501048636075,-0.4959322909193864,-0.14874191079959156,0.2027612743286258,-0.8305447597764141,0.9273902170099583,1.3706584274121605,0.475538105460344,-0.4732166862694863,-0.5595580307341517,-0.8493659192674434,0.23907640741990085,0.12695601133838572,-0.9971833346638801,-0.9252070103054011,0.9217932235540578,-0.7828082850339909,0.7008583989504567,-0.8506935529045601,24.388062646591944,72.55422764151652,75.03190286526896,36.18691761845479,66.07990821115725,80.74590897314374,Tablet,Fibra,73.69842288373525,Sistemas,3.6901885473297127,0.05743870188988246,-1.036433122089362
618.2566180941126,3,1.3357,0.9446,1.2285764110735908,0.9247875907539725,-0.6650647357213653,-0.6175326032411355,-0.9284097510999612,-0.05855809875361048,-0.9235064160402432,0.38475925447115633,0.5660194507611879,0.22614819995533275,0.5897029333449604,0.19685893558801446,-1.4531770740106063,1.2205697348081563,1.3023182843542425,0.992412849880859,-0.5874342726612907,-1.1455673053842317,-0.7222110886445307,-0.49607567665879787,0.5092075290629378,-1.1934887319646703,-1.3488096519334574,1.3092034453626284,-1.3237322202630093,1.0254224719097889,-0.4837271646631649,21.9355718643832,65.98380819890016,77.91501941303756,30.004572572585253,61.6136911108086,87.99934286812876,Smartphone,Cable,75.80095525512145,Industrial,4.596967268981945,-0.10441437461820652,0.28468399970822406
729.5355537334036,3,1.3511,0.9422,1.0268280710721356,1.2904327421703667,-0.3420033059137055,-0.15658643101437747,-1.1772263211573697,-0.3420520398006609,-1.1259907498977193,-0.1167801957191045,0.5223767666200506,-0.6023585692157087,0.4610739505990348,0.10773324904218663,-1.179894999287258,1.210844583621922,1.2879777967592339,0.3924471535609812,-0.22092489585868674,-0.8931845313295445,-0.4197657239098991,-0.6503790009939416,0.8331100053068814,-1.3819978790724665,-0.06934783292589053,1.0122442224527464,-0.8972784054713409,0.9430079494614819,-1.480892025475907,25.001908269038555,72.92749149057951,74.17011949331626,33.0537655700287,62.52391359494384,88.34224539728706,Laptop,Fibra,72.72756418769025,Sistemas,4.181228007683378,-1.421373609872015,0.33413140377042433
716.4505718707053,3,2.1476,0.9115,2.027248077910551,1.2699082299865354,-0.9551077584516924,-0.3503998215938296,-0.5419231974911852,-0.19650990083085862,-1.3397625282028363,0.650220019230482,0.5644365159425611,0.16548336172047684,-0.6181898117598592,-0.5308743079355651,-0.8919966449973001,0.9298063410531837,0.7513187869070889,0.5970965723784881,-0.6177266041178688,-0.4604983660301376,-0.3289076190725471,-0.4391558271591196,0.44497911725311723,-1.3064941912453516,-0.606984453305953,0.4385427805826447,-1.1807070153348538,1.4808440752009864,-1.0167860938064575,22.65999040384214,72.23230487849868,75.48185532649043,29.47780749638086,66.03004472248591,86.28147382990105,Laptop,Móvil,72.88780678066514,Industrial,4.118016702171122,0.059476993959118395,-1.0777793851259243
750.5617427230837,3,1.3135,0.9467,1.5623296930065558,1.1784494669416503,-1.0150385945423321,-0.18065150634304727,-0.7168758326953358,-0.2532614076580772,-1.306622176721527,0.4642968882039457,0.48932937791219655,-0.7334439886245194,0.3505061179363647,-0.2931286648702682,-1.1353704285981803,1.363926900840101,1.1625172083000277,0.6813898915804795,-0.5474328691207776,-1.0221518203467308,-0.9568933971106531,-0.642047127187813,0.6381115201941495,-1.3240115715019505,-0.9337470796894469,0.6242800618307038,-1.1543806999683948,1.230077926815252,-1.6143962236986982,24.62492045221486,72.83517515764976,75.0090737256301,28.223686211113968,62.5911871866355,87.51359430241472,Desktop,Cable,73.96171502328757,Administración,4.76690153009503,-0.7046860410727522,-0.34825451475745034
642.4544796714972,3,2.5139,0.9003,0.5931640265347659,0.8523078746632857,0.8007348683989652,-0.7583791531461251,-1.0159717412331952,0.01054569580432948,-0.4672471150296252,0.17296554653169738,0.5802302470217633,0.5090292340150333,0.9389187381881754,0.2465221217928881,-1.6888184559989288,1.074254189338518,1.377545969415815,0.9851774817248776,-0.5805145319784348,-1.3687862897849925,-0.5876771526963408,-0.5570910869682155,0.6093644999183079,-1.330476473313139,-1.1844863773553274,1.569020586910822,-1.3030168228643244,0.9238839995890901,-0.1678954783741005,22.62896005471729,64.37720059959379,76.25438916451547,33.57999872295881,62.95197991643452,91.17381719081966,Desktop,Móvil,75.13484065928333,Sistemas,4.189118191037021,-0.01870322789725017,1.7266076017203966
642.3905313716657,3,1.8827,0.9303,1.4818729940020965,1.328747741660331,-1.5073135431431666,-0.6601595810405458,-1.611469176518311,-0.007274880015120522,-1.2672917167242228,-0.16661098978403727,1.025583555492236,-0.45450935923756475,0.611775280015296,0.27134955483679035,-1.2893010373223335,1.381250767551547,2.0029775680846673,0.6589152449989728,-0.5335451411835115,-0.49073055127092924,-0.5662407387655798,-0.25653669186443806,0.6326383330580236,-2.0040805735878817,-0.4818608482646956,1.181936345507066,-1.1768037436535395,1.1539714355096207,-1.5925682867540978,24.15572362398807,71.56977542429627,78.91778817491817,33.3110843561497,58.65035866467935,83.94791022323696,Smartphone,Fibra,74.38428355988107,Sistemas,5.42095333485032,-0.7717525347685482,-0.18294996979290884
581.7266167624745,3,1.9098,0.9205,1.2256515837067758,0.7002875708819765,-0.8005140511094799,-0.7180238089888563,-0.7962708573087082,0.26939590452873446,-0.5810271291123676,0.044466478173546105,0.8408214469644385,-0.141022691261762,0.44900293914859335,-0.041610912153488826,-1.1615163261513948,0.9379383945681309,1.6506174961101632,0.6756905247286169,-0.8006620121196795,-0.5548536556115985,-0.7831753742334759,-0.015982329011919486,0.25495899709204045,-1.751536143551923,-1.448096994065342,0.7078850121283414,-1.1115925727704075,1.0705917080268739,-0.7824299447996739,24.65131562801667,67.40334737835323,75.53784585256508,34.85697382135875,64.2406775265374,83.10732982597553,Laptop,Cable,75.68022366709089,Psicología,4.277918643345762,0.49694591209055694,0.10752758218413118
764.040281734706,3,2.2465,0.9194,1.6358469035093524,1.1146775253701835,-0.2681715957985025,-0.5989197727837767,-0.49871789945766853,-0.16279842010183163,-1.0783726790276167,0.5797966161134218,0.4996414279216428,-0.5040112018521944,1.419299158274014,-0.21660391261961948,-1.5882395479958995,1.5150646347257135,1.710747336506528,1.012594632842161,-0.8221757569822836,-1.2061095537548299,-1.0989719694979219,-0.8391094196990777,0.753095946711439,-1.9704637527603637,-1.5989662766306945,0.7470949660081994,-1.470368607664758,1.3499821504060443,-1.4870881582156659,24.808526818796963,66.6996247247807,76.30521667412607,27.58086367712324,58.97273838590378,89.60131037547562,Desktop,DSL,76.41697783495435,Administración,5.532851299591107,-0.40278390112520657,1.148817330817228
646.5398806058388,3,2.171,0.9201,0.95610377973691,0.9945865625702466,-0.34415788151847915,-0.493066317888613,-1.3575303845808666,0.05780532575084379,-0.7878297857147292,0.08520998177712114,0.7963234331456709,-0.0013308727403529713,0.034711278168871845,0.178729745315871,-1.8462319477666336,1.4106677631570912,1.4202947461972515,0.9987839479098514,-0.7247638904493987,-1.9294567406655072,-1.1927502716420324,-0.3865815620836133,0.5580101578079573,-1.2089756458727408,-1.966160906651048,1.8033838435336755,-1.527736046747877,1.2141240950042713,-0.3988005497776286,22.613801742529688,67.76898940277113,80.14073962580505,29.95770353898416,62.37657858555323,89.7953912400934,Tablet,Fibra,77.80575016331903,Sistemas,5.314275120527863,0.025250728024356166,0.12341330896855165
718.8979258792426,3,1.6324,0.9371,1.3092804643354055,1.0766986795430165,-1.286853109918864,-0.17003915164070008,-1.1062979196256517,-0.008416573154549759,-1.1812824147788985,0.35192659215086114,0.7700548220230587,-0.8005106857691494,-0.2657037209166217,-0.32469977205630696,-1.3042984316581563,1.444381538131551,1.1986079772694498,0.779995904611442,-0.7062350973785777,-1.4490680942442007,-1.4138459985230414,-0.32467001224423353,0.4522168588526356,-1.114743501690383,-1.4723501148898785,0.9614390447086612,-1.287772996348539,1.3120184202098453,-1.4185060678686239,24.44881000109887,74.9735005566428,76.97688286141478,28.43326635191093,64.16709718250878,86.8517376027811,Laptop,Fibra,74.81169243939465,Psicología,5.176975850834825,-0.1608905052569036,-0.9616133615100539
618.6457685853125,3,1.8636,0.924,1.360400194990046,1.1119912399073464,-1.570140817349271,-0.446588231884408,-1.0738769089239755,-0.30097478573853964,-1.3267366955895112,0.18363008885390214,0.46950002028949567,-0.34614283229257053,1.1069393136310708,0.4367678426324218,-0.9745476679911422,1.285470702190818,1.4951698393987762,0.6937470708620438,-0.20854064174014653,-0.41052472334620355,-0.3374187212567499,-0.5992107845114255,0.6675601029279868,-1.283991636121794,-0.1922251746811705,0.9761833051856825,-0.9304953164737854,0.7298891856834747,-1.332690178429935,22.936717417049085,69.07289685060086,76.06979215266736,31.04080094392147,58.815476258156735,85.06019280765064,Desktop,Fibra,73.26205236044564,Administración,4.3194314831922895,-1.2801161799259546,0.003935791485748257
713.3874982934564,3,1.6416,0.9331,1.3894503912478486,1.0924417420571544,-0.6991831061047554,-0.22421392489584152,-0.7651859959132506,-0.25200645664578175,-1.2311103632778608,0.7679349087616444,0.39425655659549635,0.05462678319186254,-0.18907463563194052,-0.21653558534202255,-1.3591327106291915,1.3084738349517324,0.6395399721048289,0.9881853164941516,-0.5494311905707299,-1.5526917555242459,-0.9512152388911173,-0.6879610769593861,0.5430329709390367,-0.6407298444779994,-1.3121216428059659,1.1732837522339825,-1.3742634961452813,1.232372908973583,-0.6604204875156791,21.562796077489587,70.57557800676787,77.14485321899808,26.02860283584745,64.29974411349092,90.50659909294394,Desktop,Fibra,74.523490014725,Administración,4.539052094114545,-0.19099992492609635,-0.5381447461813391
621.7164401804665,3,2.1145,0.9211,0.4830897097449668,0.8536409098908575,-1.145858314093798,-0.49587464561121963,-1.6994069942453918,0.12740649279492294,-0.9620913027114644,0.36021468799265094,0.8490586959942408,-0.27986719253110015,0.447221049204962,0.2708253752303715,-1.5445326613388188,1.5893341968450874,1.3924823419121886,1.2443440315755305,-0.5729683753945396,-1.7927011842636076,-1.4996441052904061,-0.29627724498418756,0.39883424719560867,-0.6085891324202669,-1.4332873691504475,1.8595117692577932,-1.3770293828699094,0.8673127084387026,-0.7883070425147035,21.98899430113695,72.0895430725644,79.16662038447078,29.26753573340917,61.71419011517777,88.6285969048376,Laptop,Cable,74.18536175108969,Psicología,5.20268424034867,-0.09683707575134208,-0.061073293286905354
740.4823256173584,3,2.4694,0.9046,1.4006442812294215,1.380084928830353,0.4995250022988454,-0.16786620508034455,-1.0954481792623378,-0.13442070712343224,-0.8089625320863979,-0.3233589539259718,0.7753334062916725,0.014208225856111773,-1.174300955557863,-0.28188460597922144,-1.6715581081572404,0.9277451510879823,1.0306463699090669,0.24370292807717905,-0.6226202433740706,-1.4106490749274054,-0.4183878610313425,-0.36553008515241486,0.7174725984633468,-1.683891731360491,-1.1151385803048321,1.2080285127002905,-1.2536575095274878,1.57527369796847,-0.6065022397720042,24.686418098002143,71.34241460782437,77.00261534869418,33.906957430463265,67.44145122176478,89.56270929050052,Laptop,Fibra,76.54065082824806,Industrial,4.456152987320605,-0.2676257185950671,-0.370725792022588
788.8763391727493,3,2.0442,0.9216,1.1871894204769338,1.70290484630877,0.21401260497791974,-0.6596024632583517,-1.6964109316017735,-0.19540576956113626,-1.3530009778045002,0.32980076240069917,0.9415498382494393,0.4090001613246949,0.015969715497873883,-0.19332854940957525,-1.3082087896982362,1.209712056667053,1.3269863705416445,0.8094877111888916,-0.44262660173305185,-0.7332010641739614,-0.13698072473854428,-0.5984880151522776,0.7930292089213681,-1.5631832231070208,0.5433965744404463,1.4242671677387495,-1.306086041962054,1.4090544938453442,-1.3035102308530906,22.329388445432688,75.41385946460892,77.24476925170505,32.91129349487809,62.7300268213802,91.27527518575428,Smartphone,Cable,69.48402327466864,Psicología,4.862027355586276,-0.5930652774702327,0.6158972928421339
739.0882815329746,3,2.9693,0.895,1.4613818645687646,1.1945443360318928,-0.21588621241378114,-0.19037759777376118,-1.0722855029418867,0.04861447218962482,-0.9493916173637987,0.3361017200702975,0.8465699419290162,0.02792359210368533,-1.499896514676852,-0.5469000651378407,-1.8082821309647301,1.2387057340386718,0.7797412541742252,0.800921634506742,-0.9314393168048422,-1.9342744198890731,-1.2930589370687147,-0.2859247375035351,0.4447609505631922,-1.0800373759781545,-2.1274221353417806,1.394551361348647,-1.5604050510470002,1.7116409221162254,-0.4253177692099919,22.90940964085713,72.63478045183986,79.60603145493852,28.073189951263156,67.8870523247132,90.43931809796796,Laptop,Cable,77.38622557594036,Psicología,5.185138932081969,0.6432331518006245,-1.1673026797947927
682.2443195368096,3,1.3713,0.9479,1.7009574958026008,1.2868339086170792,-1.3728523555432877,-0.26102172603624346,-1.0847562815779943,-0.3139547951803681,-1.3823810731290913,0.1406656071284757,0.5450721212760754,-0.5086411349928467,0.37285543792484643,0.23003647907380634,-1.5651172137736085,1.5366893315422765,1.4630790009850507,0.7466440298813468,-0.47743103178931173,-1.320807453884466,-0.8396819441280949,-0.6809487550585015,0.779541133923518,-1.4368743507888377,-1.3135241503780861,1.270591969660887,-1.327625224787427,1.1998096671699192,-1.2032824553413775,23.186368995854234,68.81277685757817,79.39576898340974,27.451667879367378,58.92824591183833,87.61259563907295,Laptop,Fibra,77.33674918875053,Administración,5.429415735242574,-1.0702634784732585,-0.506078021132005
731.0756550273308,3,2.7342,0.898,0.8733131805939192,0.9967258469732002,0.06140307706855208,-0.6578495326628444,-0.714629619807156,-0.2939858491119466,-0.9857384338276256,0.5043758235814949,0.30351422193251043,-0.4435194836019033,2.4664946336181983,0.22463809866814033,-1.298240864811791,1.4596341795090393,1.7268642780123298,1.0317731046197165,-0.3945274415495521,-0.8638856066760395,-0.7139359622958571,-1.0123973379354991,0.8601943063514469,-1.594161943337535,-0.4612972402174758,0.9174016577152279,-1.1069178684906875,0.727436020661063,-1.5553074380710512,24.464606335365257,66.56063827486868,73.3362529371466,30.43204981737185,57.51732571519474,90.46695290050896,Tablet,DSL,72.7054333406401,Industrial,4.573064829245082,-1.1902306894106784,2.3051644440312664
752.2124872768009,3,2.1144,0.9222,0.6544718451027836,1.1312668775989005,0.31053467646199445,-0.8816035481450766,-1.4001094406235155,0.043540484079671087,-0.9870216837895793,0.834320841762394,0.8086300814796454,0.2588815697608869,1.2045591842698524,-0.11403197060203192,-1.6396931429531623,1.554040255922328,1.5037901935249964,1.4908080389290093,-0.7380070207084368,-1.5379257043927015,-1.1573927979398062,-0.6884196314883239,0.6087802944886328,-1.1936694518848852,-0.8746936807712495,1.6438072674546271,-1.5604050510470002,1.1776939584914539,-1.006052147423243,21.9283001522412,70.77139155740005,77.62994804506863,29.080417051393496,60.71089406736392,93.21845106128129,Laptop,Fibra,71.68237267184097,Administración,5.387088408817471,0.11179728504048358,1.6648959718211496
731.0123014209362,3,2.2985,0.9078,1.531095181633288,1.5460381320614158,0.10970649720690798,-0.42936743961521673,-1.1330912429368374,-0.398522094646126,-1.3302726642880591,0.483773208879672,0.5214343309151928,0.8740277884515816,-0.5503964502718526,-0.08208120726449863,-1.3719656386403407,1.018299870290243,0.6561143214540819,0.7584732184208394,-0.34539370803038155,-1.0071907433216196,0.08701935311743311,-0.7553816447424628,0.7629782677596234,-1.0277271869297984,-0.0872189592829251,1.4459420951226458,-1.3253506157586215,1.363521792817851,-0.40482619661796543,20.32762492371524,70.33399576174948,77.9327426612632,29.932367456480005,64.3500396230075,91.97562509750674,Laptop,Cable,72.46291748810059,Sistemas,4.1739682865738175,-0.5284727236801802,-0.10977751213706942
696.336755208996,3,2.1508,0.9216,1.5512830743584336,1.43239212046485,-2.307091975363306,-0.1809419300075937,-1.5030633552585564,-0.40954201235758736,-1.7377705710675544,0.5288691720803803,0.5773709248361557,-0.6079592403076383,0.3523678580101169,0.2326758355562667,-1.1260426505997192,1.719188765094148,1.2204449005552749,0.9396228054027054,-0.23389878294809238,-1.0729122594510816,-0.8687995699520749,-0.708833620888508,0.7174401141282383,-0.7750082906311491,-0.3343025267028239,1.343477719694855,-1.2111593495645507,1.0165181306167779,-1.6798558014643177,21.63475331171324,74.95217615566311,79.21853494858328,25.517607030705424,58.26755189727808,87.27237535396853,Laptop,Fibra,72.71139986790041,Administración,5.336522785849418,-1.4028047541551558,-1.1533536275793168
692.6553545982977,3,1.9619,0.9184,0.5433322554189001,1.329588533085444,-0.561559272755432,-0.1278793711107176,-1.9069864019636222,-0.17892949617891798,-1.1545824922991132,-0.12445736592670546,0.816226521121201,-0.21287412187208488,-0.5807891517756315,0.14052542932549983,-1.1493027673687493,1.1777618740425528,0.9517539069640553,0.5152001999215109,-0.1483471300330596,-1.1747254572346713,-0.5030629836330518,-0.3322855590315903,0.6339953111470897,-0.6703507655957337,0.24748897260795918,1.62304063611536,-0.9366927515764089,0.9140259387898461,-1.0656041864515018,22.974643491934057,77.78400151044892,76.11356301589748,33.960571429693175,65.55654157707194,88.81109302286211,Laptop,DSL,70.42878274944539,Psicología,4.051800598700909,-1.0003079503727164,-0.5320659568533272
771.2378511983322,3,1.9468,0.9269,0.6824745382430194,1.052275842078766,0.4350994942684989,-0.727779053354008,-1.2131355186039978,0.1315475280775779,-0.7882026889902018,0.520797393922006,0.8690040149790166,-0.2542670419715075,1.0126922026446974,-0.3147139739736002,-1.5806424401427484,1.4453870150669075,1.6339674214649524,1.1664429037574604,-0.8393921891661019,-1.4596300308192849,-1.3025500440162396,-0.5258161189997754,0.5776789716497823,-1.5553962963020695,-1.1103126831044416,1.2381427402974818,-1.4585804253789365,1.258577967808308,-1.3159520646018337,24.49934956172385,72.02571983376511,75.70995339838204,31.24106940368038,62.56083592309405,91.34983595772088,Smartphone,DSL,72.61804245693023,Sistemas,5.279337078628019,0.16701957566076403,1.5391463330829205
725.391515553742,3,1.046,0.9589,1.2280140486869746,1.3781533497022997,-0.4281375263658923,-0.3409738692917126,-1.4906408414647183,-0.1196380598286034,-1.1225281662725946,-0.06294789547711976,0.8568901140383365,-0.31594094364099484,-0.168240409985208,-0.0040214487357753,-1.6273852886758673,1.3727198485988374,1.4605674299692297,0.6587977430019887,-0.5620854752492103,-1.4043930514870364,-0.8026629406570798,-0.45809479483872384,0.7323776014745759,-1.5360987553415884,-0.9257272608740561,1.4563355785953074,-1.3299145884062569,1.343387663928493,-1.1505729875750854,23.92874464645717,72.60800287941795,78.5610789334452,31.357671768342072,62.39931990890712,89.07854272244418,Laptop,Fibra,75.15053742724795,Industrial,5.271149303277395,-0.6373960431977984,-0.12518366936175573
728.5394317258524,3,2.642,0.9043,2.4093326688816323,1.2189626668212628,-1.770682204658826,-0.36555300513551736,-0.3632596394008984,-0.14847570898863824,-1.4995884473786625,0.7257715058691727,0.6007401697356034,-0.53043630689153,-0.011034170098913512,-0.5734631839968694,-0.9761167457303437,1.2631798019257303,1.2356888155775587,0.7095829179991348,-0.8224334386329787,-0.5152828695534909,-0.871971703584691,-0.46840855711153445,0.45295335327572617,-1.723817788547228,-1.3041990996272272,0.15252156519985136,-1.3080062075053946,1.5840043244987785,-1.643547881321231,24.12398128627661,71.60068608670433,76.44996869631039,26.69969568742162,62.512586324343495,84.24822501400998,Laptop,Fibra,75.17156464877822,Administración,5.121958406027716,-0.02275350862371238,-1.2232117330287924
611.4212131033962,3,2.092,0.9177,0.9292205211279522,0.6429288321948655,-1.313873472917821,-0.6004546643851573,-0.7983974743990346,-0.0056575480017443825,-0.9700039309406592,0.6870973438266779,0.46029933301205184,-0.3853850281501839,1.5337699235232922,0.20899407733950376,-1.1686971299033033,1.4503397097173154,1.4392008174026398,1.2179289719176234,-0.5655618529186341,-1.081127579391466,-1.2454223079050188,-0.5320594082966154,0.3975839358051076,-0.9150930261305871,-1.3882930348963542,1.0255285965563348,-1.1964447024242633,0.706196115789456,-1.0402215807526014,22.770629806793465,67.47177180088424,75.80421475054958,28.35055924085125,59.946406615202086,86.66411715525098,Laptop,Móvil,74.23645322751172,Industrial,4.615749131315938,-0.2318509059889397,0.5424276152121508
619.2510453942994,3,2.0744,0.9075,1.0440469441434144,0.9324992788759496,-1.416795105697671,-0.28446506604126925,-0.9515169949950559,-0.2550099673214637,-1.2853705433935265,0.7133971653786649,0.3518601573117506,0.1408556625114238,0.175045879444458,0.10094832808486,-0.706532309118181,1.081600138936736,0.5728452615705169,0.8728403088242062,-0.18508204662150154,-0.6796734247670033,-0.463749978882878,-0.5090217206483932,0.3884043951940015,-0.23916414607845005,-0.13773420012785395,1.0088822501007255,-0.9206327327020202,0.6990207068650434,-0.7504569654811892,20.83302720537525,72.23187119516858,74.69255383788986,29.345039385614328,64.43072169923639,86.864977690057,Laptop,Fibra,70.50622335706154,Sistemas,3.4005244144448463,-0.5410313492279746,-0.7112641544153787
729.6913792183973,3,1.7541,0.9345,1.3400308148344175,1.5595013416592478,-1.261407994480587,-0.4089191459960555,-1.9129119749068813,-0.048828591464237604,-1.5412691405982495,0.3676499079968084,1.091339267948291,-0.02663442461638654,-0.8446438735655557,-0.21007115089761352,-1.3021255502340376,1.4273046067928454,1.1879215497280107,0.8890299829865044,-0.5552107896435047,-1.1608772320635259,-0.815054556739295,-0.2784889864842469,0.5323576101262044,-1.0550054515544305,-0.3163060293102018,1.5561331947056192,-1.4062050297973532,1.4686753225115117,-1.2923546826406354,21.767947843757888,78.3385033360774,80.04455725405472,29.661366317035995,63.50292628109041,88.28901925253687,Desktop,Móvil,71.48401668197867,Sistemas,5.435431967849043,-0.24742587374272815,-1.2013755343477777
704.533753960574,3,1.7194,0.934,0.9913505647549901,1.3369444930122967,-1.4886803194939133,-0.0772491803918763,-1.7481294269014587,-0.25322505353480124,-1.5085650161145858,0.3005706887362246,0.7138663046375571,-0.48932757539674626,-0.3406370357771585,0.12460904234931293,-1.32672106815353,1.5885195356769841,0.9927449661296341,0.8659180649061411,-0.29026045292247754,-1.5932759621604515,-1.0562286421319813,-0.5205359729473552,0.6412686713822288,-0.5167064971999437,-0.5633548662185901,1.6681477816341936,-1.2271896811217817,1.0486826156374942,-1.2597770281713025,22.02010308142621,76.74227355410319,78.83283407255715,27.73205484756189,62.257164850036446,89.12820342864418,Laptop,DSL,72.68194237675989,Psicología,5.0719344075932655,-1.010839711823189,-1.0917834749994928
757.3651647935415,3,1.8222,0.9308,0.5428698262147902,1.1350673801131796,-0.3751410577706296,-0.10574978403385717,-1.5986709694897445,-0.03484509522817589,-1.0055148887765597,0.15110072068595212,0.8122167009822008,-0.7964956731051154,-0.13383196028744535,-0.1513582253665469,-1.595750510445104,1.5693833537858135,1.1871568068411518,0.8527551879028603,-0.5603823917402696,-1.9342744198890731,-1.535279764927565,-0.44488732774180395,0.6180615150939025,-0.8412354354922671,-1.198073107009769,1.5685041765577117,-1.2977558717299134,1.151860166834699,-1.3154575663534582,24.512617149105697,76.6366150082079,76.85847257213267,29.788127965347705,64.42047236706243,90.8204528195786,Laptop,Cable,73.65907157261482,Industrial,5.164024568832617,-0.5046615616691807,-0.09788602513413681
677.0620069874689,3,2.5662,0.9143,2.346762961290409,1.3399058172428873,-1.5203767292023074,-0.9685772945024476,-0.9682307566733112,0.032606318266845534,-1.4424149554105472,0.6904853940437795,0.9343205236353043,0.18726412629254793,0.5879654548728338,-0.1376354002534104,-1.6100737408162253,1.5241783411756853,1.928263818257013,1.2252767219903213,-1.0172637814830252,-0.8036102125420536,-0.8730279614738665,-0.46850144042857117,0.531463891467877,-2.151388796798913,-1.7001604546168123,1.0610767767346894,-1.5604050510470002,1.6972789748216883,-1.1535093063800654,21.82516131919452,66.52564035119859,81.47512928838503,26.540263252074883,57.4117876092395,86.19714128321816,Laptop,Móvil,77.2654942815644,Sistemas,6.339671879871922,0.30571062859014486,-0.2695528687409644
679.4946301079757,3,2.1097,0.9189,1.3565964481211519,1.1088246611889938,-2.179244836748313,-0.0752970432614292,-1.24409555199353,-0.13866653194370882,-1.5180038905954847,0.5633910167705983,0.6659395498029408,-0.7112963561462042,-0.37174838584057984,-0.16193483929609798,-0.9591920569343341,1.4691646518110189,0.9111235889183962,0.8374705662840327,-0.45524759901009443,-1.1733468654440504,-1.2296116710149267,-0.34598352532622895,0.39121311112406304,-0.5548706029997484,-0.8910448779942395,1.0007680164818604,-1.1453608032155131,1.0932423088500434,-1.4502454246151872,22.70160644400516,76.86689032101798,77.19309193559326,26.88681261271039,63.60697035261856,85.63389142973098,Smartphone,Fibra,72.72461915917278,Administración,4.820284780512893,-0.4913331408691215,-1.7221370172971118
685.1420813605647,3,1.6853,0.9351,1.2447376511731993,1.3842427439572134,-1.1175901550924459,-0.44955469130311093,-1.4841851958986443,-0.3948976508761233,-1.5899331354883426,0.6953467391689442,0.49958178198877967,0.3180297239799894,0.4587405673869372,0.33745938960711613,-1.4329040905575245,1.5687892894344704,1.0147919006487074,1.2049446609861911,-0.25934798773480877,-1.364868676778778,-0.5896157745284436,-0.8544974960826638,0.7529592118615948,-0.6065484411306965,-0.4059735425254494,1.8216222570233824,-1.4034835838550532,1.0051076478405838,-0.8057446055838758,19.548160563805645,70.58663325283649,80.00572579547159,25.97239557631259,59.03156983479028,91.34388972575304,Laptop,DSL,72.77650952946455,Industrial,5.041595257555277,-0.9972822080376036,-0.13401926134680814
732.186503321279,3,1.6092,0.9349,0.4093241304772099,0.9554909395392299,0.11250215808151814,-0.3944652695340866,-1.2483358988201898,-0.04822468333373772,-0.8087810762039415,0.29736245602440026,0.6300254042941007,-0.5139934117471078,0.9431225852840148,-0.015037230502367438,-1.442233728539609,1.4228279963395682,1.3512731038222856,0.9573000677313298,-0.50944802569177,-1.5665534217041135,-1.2084137848757754,-0.5936998249560912,0.6366795902945812,-1.0432072433567618,-0.874434429946794,1.3358505743895464,-1.1822262390992306,0.8993762364430395,-1.2283576455443956,24.468689915013805,72.41734711566266,74.58665626365043,31.394395934724265,62.92875877784326,90.909937010091,Smartphone,Fibra,72.59358576426943,Sistemas,4.621267404695353,-0.5370817875848738,1.1551913940040766
611.5148630383285,3,2.4153,0.897,1.2271976872739978,0.7839945629648403,-0.8530346013085113,0.07897821438647169,-0.29126797355696493,-0.5804828275629241,-1.003678810156646,0.19351944091888268,-0.18092321427421146,-0.35751323849941696,0.7885265677177615,0.5186575777356954,-1.2906368147515002,1.184491639386223,0.6829657408801693,0.5623544525613938,-0.08272389706941102,-1.3909225372275704,-0.5239554941916504,-0.9577784232366076,0.7736694668946184,-0.5742445170420525,-1.3295441890233597,1.0411793081683365,-0.8992627547273481,0.5574706595083783,-0.43738188932898703,22.71538569359635,63.47077016150268,74.6279568761414,27.682989013346614,61.59304978836359,88.67911934237495,Laptop,Fibra,77.64066552660553,Industrial,3.4535207397672876,-1.526348871945913,-0.03283064563143867
701.2469429893872,3,1.5533,0.9401,0.5389928851288432,1.0920194036386626,-0.970047906430119,-0.2942125094834893,-1.707897452663022,-0.06130606600674432,-1.1438955434347453,0.21146553032988408,0.7872312866979805,-0.7387232744779569,0.5864652247654231,0.16507998057546364,-1.4090259553667823,1.634895408921165,1.4422221219300368,0.9795481332390849,-0.42047635634046815,-1.6060199072207049,-1.3440550133258096,-0.4721580845655518,0.6120706793336234,-0.841206792496496,-0.7818956640169331,1.595605851636447,-1.2034553164730826,0.8882489926022332,-1.445417306291233,23.67888393443431,75.21935610401765,77.17336934108766,29.95467946021964,61.29584566323881,89.11156252848807,Laptop,Móvil,72.65650164749303,Industrial,5.157792754946559,-0.8230522476747504,0.11851845609499423
703.8121525521301,3,1.796,0.9354,1.9753446923126887,1.4499515598497943,-1.5123478919615816,-0.49229289654093594,-1.1749651891648258,-0.23722397282585236,-1.5103352547343514,0.16111014765042053,0.7529018744092646,-0.5116808087121035,0.5968970936523834,0.10741319057979883,-1.4555496757226096,1.5418066717722885,1.8315030014311013,0.7489833406141244,-0.5874923204307981,-0.830493777694499,-0.6909894458489916,-0.6055334871481205,0.7808888185447219,-1.9626212700288035,-0.9497739366233181,1.050825538605646,-1.363600508330559,1.3676673530838275,-1.6248746904723037,23.723510836381298,69.89191769933804,79.59877899170654,28.59232965937521,57.575408488058585,86.17077289147383,Laptop,Cable,76.20970015279326,Psicología,5.817004042744717,-0.9593039619950994,-0.3441998948698652
658.3200832235939,3,1.9754,0.9191,1.7470826817686333,1.2670798017856968,-1.1053311021488568,-0.39714477649309493,-1.0985639143633177,-0.009870969371734078,-1.1646776599736197,0.1127398454966852,0.8831332815110629,0.09802153735657025,-0.9808596257615415,-0.2858874722917632,-1.03594335917659,0.9020186664060797,1.0827016938624805,0.4427737127018631,-0.6128845915989617,-0.5070242713479644,-0.33682224973911534,-0.10608072214995827,0.39251637994730265,-1.4699401093107192,-0.6307542104998105,0.810232976394159,-1.1380812629937531,1.4323187786038178,-0.9026918758014677,23.15350595932363,73.20650599491788,77.15845520489012,32.928379085124455,66.23708636821863,84.41805678284041,Laptop,Móvil,73.74009060679711,Administración,4.319248892800781,0.09503642862164086,-1.339972102134135
720.124545405597,3,2.4151,0.9067,2.4093858666518626,1.4606565603741573,-0.8838156492156324,-0.39900248438315744,-0.5211812589120515,-0.28529873971539693,-1.393285008093405,0.3502868003459482,0.588449814533642,0.15866616365518946,-0.5311369883258947,-0.3947146026927291,-1.1028251909361697,0.9406645019647222,1.072153487546063,0.4228621400980971,-0.6326620832078066,-0.3393920151591454,-0.05498115217346418,-0.518921584830925,0.6274405840386011,-1.8860177747857956,-0.6839548845761624,0.4485117549929371,-1.2365896533515124,1.6302545347364354,-1.0783286289271843,23.222145192489755,69.64725135138187,76.88690967447411,30.093990693489665,63.84290745629703,85.85128363555893,Laptop,Móvil,75.1112759778118,Sistemas,4.519343177019641,-0.27892094097201703,-0.9462990804574632
663.5511668559823,3,2.8824,0.8964,2.003258667655854,1.3315293810960993,-2.2130656912361886,-0.22049218731942388,-1.3036521328906105,0.022699558201201165,-1.5263143869137723,0.37517091082651477,0.9973158035310765,-0.18427954872290306,-1.6218450102975028,-0.4298553571171411,-1.0272052635482456,1.1772558835578042,0.9172022020407387,0.620029449064666,-0.7070902744873233,-0.8521612681309728,-0.8575009238776985,-0.001629987253739054,0.2623979010563546,-1.0641491686733962,-1.060844646133764,0.9164961684962849,-1.3122083238665394,1.6049039900805822,-1.100599587974177,22.239035553718168,76.94195334315425,79.66436330042391,28.749547548512925,66.16057085702997,83.53151538334052,Laptop,Cable,74.15676617491677,Sistemas,5.040897256075623,0.2832414362286666,-2.702606997730635
769.2820192628319,3,2.0345,0.9143,1.0312393516650642,1.3511941623097334,0.5706048009900517,-0.4622152004468193,-1.1723461707838425,-0.11237871272136796,-1.0063824377640749,0.45942154133989943,0.744574717563574,0.48285471616058223,-0.5264595602483526,-0.45895541728599576,-1.1952354379464951,0.9336407350960877,0.7670007593463849,0.719361585792138,-0.5318249861059366,-0.9667564655455158,-0.32353459470870627,-0.48209539043331334,0.5746355690065601,-1.1263968702398524,-0.05681962412943489,1.1296597576049325,-1.219321259074512,1.3730098493938454,-0.7888212177053775,22.614437596445853,74.53505212296227,74.85410498867961,32.918723159605946,67.59662901095678,91.26731698076692,Laptop,Fibra,70.23716161219699,Sistemas,3.9715276207355394,0.03842123563544499,0.2941462477019425
704.1683721537926,3,2.3266,0.9085,0.60745041779102,0.7433998674601776,-0.8586147164827661,0.16085070993621464,-0.8401500361141344,-0.2094624730836663,-0.901092034495689,0.17785578686519452,0.30941889318583427,-1.297568366599257,0.5806678629833235,0.026650168792124444,-1.3084524998244074,1.4979273290749036,1.0032030847059046,0.6796796163433666,-0.38362130210787165,-1.8719913357459617,-1.5850422752428779,-0.6166037126525118,0.602391437798426,-0.6057899228878242,-1.5490044400199705,1.008325685923308,-0.9794641527538963,0.7385381970940856,-1.3570951562875515,25.606192377119267,72.73139869178202,73.5814520900278,28.54104038935244,63.805479264208486,88.62173828518318,Laptop,Cable,75.30484301696656,Administración,4.341478853028865,-1.017698717957195,-0.09867795519285699
685.3096453580634,3,2.0374,0.9203,1.1117026619895596,1.0007579970943583,-1.7822915040935008,-0.1509464592807657,-1.0044810828082753,-0.29170949180742306,-1.401229370587057,0.4642192847425573,0.4011334974319142,-1.018928702819966,1.0724384407110137,0.14533746615798768,-0.9519363608988852,1.5591879614519757,1.2769407101523418,0.8323350662780539,-0.28219919132933036,-0.9832230103225105,-1.1032820188792507,-0.666017107828722,0.6151765115279983,-0.8415377401715818,-0.6105441816540923,0.8556714187484157,-0.9667644029769751,0.735672661018401,-1.7797437771366944,24.00147839293312,73.29479443040547,74.80585120595819,27.81413030912602,59.95973998908795,86.33982869206446,Smartphone,Fibra,72.66394534250242,Sistemas,4.614621399860234,-1.2645711015450212,-0.2822345260229414
658.4995453306512,3,1.5453,0.9388,1.1990487879286522,1.3149870005891011,-1.572450749202318,-0.40923622164720397,-1.596892929304845,-0.22540661486788194,-1.4458895180921172,0.11887428580636283,0.7413784221934114,-0.4131189026658547,0.5737169871294016,0.33012267913488674,-1.0997040625081385,1.4265093480891358,1.5292927810872496,0.7423944203307933,-0.2516228008440347,-0.6934278007647012,-0.5397086467870154,-0.4864674487178297,0.674958498598591,-1.2084486958096228,-0.03461683917146516,1.3046313911475946,-1.0487836680829936,0.9021132069551662,-1.5085711698556907,22.82999930944092,73.45558671911371,77.61904089182443,31.08999253279036,59.49701041432674,86.09433076648055,Laptop,Fibra,72.18802816412675,Administración,4.8463668374085165,-1.2074834615216181,-0.33890948212562394
735.2465934339882,3,2.1607,0.9225,1.7382624062917005,1.4980816711518727,-0.16645664338872557,-0.5932777848938611,-1.3873498815666367,0.07141160706272484,-1.035229534104351,-0.09132156413647635,1.1286239195999808,0.05781634201006208,-0.7208669942361596,-0.3115890382017829,-1.7736954620091443,1.2030544199831597,1.6514853380896566,0.6175936558172412,-0.904424525767158,-1.1928210891221345,-0.6731237909316754,-0.24335539707158538,0.637361032332845,-2.1515124740818847,-1.304467202408631,1.2895782826641893,-1.5602415071393656,1.7116409221162254,-0.9804520573216686,24.103264506010994,71.44106932698955,80.16631472086851,32.50376966757919,63.62225063919885,88.0631614235349,Laptop,Cable,76.62062899994567,Sistemas,5.674421121388429,0.16613904370481358,-0.3193770075983461
673.5575851563285,3,2.7154,0.9044,1.2591942687434174,0.7401443048388061,-1.5430418754605606,-0.6052722309113381,-0.7110844617506993,0.08607536063973009,-1.0570858752568084,0.644056740638176,0.6380151875664094,-1.0013215284612578,1.6887585624638641,-0.09102774057975803,-1.1974489712435248,1.6167159153770743,1.8577263874452843,1.147358576202938,-0.8088600489751869,-0.9990524573386085,-1.6049892289816503,-0.47275469958468824,0.4194965206201887,-1.5326377665754762,-1.6850498473776454,0.6254458453220261,-1.2791198070806304,0.9872209562355945,-1.7739132640448316,25.069481347867946,69.5543116521697,75.60180574121708,27.941907323224942,58.91404869007134,85.2070640672913,Laptop,DSL,74.99912808479719,Administración,5.4162944590758135,-0.15620168734471912,0.4854661160552028
602.465738711722,3,1.9284,0.9192,0.6594185380290499,0.7481309742078119,-0.07726576888588496,-0.8000730348691711,-1.0400210565755243,0.10976284140284147,-0.549078724828293,0.0895443434835618,0.684081483956408,0.06565237735521508,1.2838116988212827,0.28191580264931176,-1.3010929415713004,1.0670695563765593,1.67718146014619,0.8747734967229841,-0.5521380830296724,-0.7705093958201782,-0.621661809773745,-0.3453006477059573,0.4777670790699574,-1.5046318005454544,-0.8738649468024691,1.1679018402589636,-1.0822233088651052,0.7630050772987602,-0.7033916072696847,23.77978616076424,66.23717951730303,74.98352947784406,35.07540566141668,62.01319990685429,86.92688691439173,Smartphone,Móvil,73.91704138195615,Psicología,4.105734850078929,-0.11607019958449348,1.3830562924060064
736.0380275128201,3,2.4316,0.8978,0.47406963965972143,0.9548767062636009,0.8720138120458558,-0.23669252401764881,-0.8389195722213929,-0.26752487704423544,-0.7321444594804517,0.48776208503987684,0.27441898798448644,0.19226521914051634,0.3543966547950951,-0.07067632697273088,-1.447826746026755,1.1181585612321148,0.5866525736176494,0.8824637304893083,-0.3595463830245657,-1.7283483907824522,-0.7336483648629186,-0.8161144817637731,0.6836431786799401,-0.5489298394904444,-0.7949701625932856,1.3924115538487674,-1.1589702797507235,0.9000762089006789,-0.41459897055115263,22.61879100947714,69.69866424062978,73.67797625538124,30.467924748102863,66.09453640082769,93.90592058775307,Laptop,Fibra,72.68693376524861,Psicología,3.622880402200246,-0.4758943637673772,1.102069998449693
680.5714702169714,3,2.6567,0.9055,0.7396308852174537,1.0524746859445009,-0.8062858931744555,-0.3680140779540944,-1.24245270027537,-0.40411548565052924,-1.1783578733191502,0.14733223911099266,0.3114331561560285,-0.8251383706553718,2.1858201493610534,0.7137317034829659,-1.6132573779118915,1.7192136233112378,1.797377335871982,1.0216546406979565,-0.199248082768233,-1.517715277918436,-1.0216149424262189,-1.0237311853957272,0.9753430629722531,-1.1975413103497714,-0.8675833232800928,1.5819215505805275,-1.1501241058168383,0.5607855402184971,-1.4688627116520887,23.744638580223945,66.92787482447717,76.90661791592768,28.27090787509468,56.834678317337385,90.35034735990573,Laptop,Móvil,75.40147588927776,Industrial,5.179732819716513,-1.8960224232073541,1.4476837398225073
819.6308228133548,3,1.9253,0.9276,1.771434692955449,1.6865026882919114,-0.04474193522534129,-0.2636931648818047,-0.995228073192747,-0.5577151541541651,-1.6055603596869943,0.727391545681794,0.39602863094159496,0.33417228967065343,-0.17180688869691768,-0.21634962434562247,-1.6159689051665094,1.429990687074233,0.7475273340017062,0.9311463590739557,-0.4328057505826449,-1.5234825123315145,-0.4207589286212049,-1.08564752293705,0.9550216039264867,-1.1000925426951185,-0.5622449916231824,1.4172763254022531,-1.5340855579110504,1.5346395198002472,-0.9305114955533145,21.033385970389347,71.0381336504977,78.75737647551134,25.517607030705424,61.63436874256558,94.21538011347744,Laptop,DSL,73.82869337257465,Sistemas,5.121046629283421,-0.9251958249115106,-0.01217416980654451
656.7830194903205,3,2.0057,0.914,1.5334420582761434,1.331154692708936,-1.0129144478880352,-0.1715229206021134,-1.1262179692738234,-0.3224369465928746,-1.319828827365602,0.14261042736182475,0.5492153565180001,0.22147774482958252,-0.8224167386632933,0.021315265304935268,-0.9972745119931821,0.9343132240960746,0.6980305831301075,0.41770413110455656,-0.23705577199457162,-0.6718581138567863,-0.04186852659023517,-0.42863175598123104,0.5825667267401418,-0.9076718848070147,-0.12014159171762917,1.0836236804881851,-0.9893046638700002,1.129378126809176,-0.7032960845309675,21.833772829339384,72.5470011069422,76.60737208619497,31.60062866596017,65.42484366097777,86.74814772852486,Desktop,Fibra,72.85414083233809,Industrial,3.7573871155464293,-0.7299116718885515,-1.2192205335444584
708.1704207365763,3,1.9098,0.9298,0.6692891989473267,1.2631381102120063,0.12470459502163873,-0.8117139484307683,-1.8432812281305184,0.1266283874863901,-0.8626183293834431,-0.014714686924505381,1.1004887004681136,-0.05761526387479192,0.7561014613255993,0.13614621083965747,-1.727579651268962,1.4378844435612341,1.9670395071916014,0.9985916498563703,-0.6691327828978858,-1.2963091761878673,-0.8906757745578098,-0.3727564194219009,0.6793165331849159,-1.7692181032693872,-0.6966391828852125,1.7470250229669395,-1.4191700043909925,1.1949316114576327,-1.1594358874556934,23.78939733953566,71.65865210349185,78.59693578890483,33.96423988594131,60.6090976861528,89.94116881732113,Desktop,Fibra,73.33459560192269,Psicología,5.521892063114461,-0.2700170946630971,1.2526902423316377
614.6986169807878,3,2.1887,0.9208,0.9539351107736073,1.166559852233231,-1.1422756328766843,-0.1672053292422569,-1.777540017319423,-0.11875201805730093,-0.9822282838117756,-0.638249450764095,0.8219694362963409,-0.7237899877793319,-0.005494446893388663,0.6197735540145124,-1.8461750140862168,1.5128171768841623,1.7340022701123456,0.520555435391559,-0.3814195219435978,-1.7451545749335662,-0.9878822336721135,-0.3394103284430376,0.7637393736994285,-1.379214046421623,-1.4643119387074428,1.8889519149757805,-1.2040625996362204,0.9749303447566061,-0.9167163531273782,24.222208467749933,69.83554021736435,80.45119507338376,32.09394480603908,60.08187408729738,86.85299756219682,Smartphone,Fibra,78.6548662918388,Psicología,5.38959657388136,-1.2192234709883258,-0.5019451799431893
630.0034157816351,3,2.2506,0.9191,1.245426234900555,0.907726737137396,-1.4573181141592686,-0.30478819564698456,-1.2311095207979714,0.08029915294177475,-0.9885593996359647,0.13200960589248015,0.796146136403309,-0.6018249135945052,-0.08189952158890954,0.0922779340030691,-1.6962971331464616,1.5370323526735559,1.4572429377967686,0.9259588444168169,-0.7653537811499185,-1.8207465029288556,-1.5443491502762732,-0.260673436955105,0.43759417701478415,-1.143724223729024,-2.1274221353417806,1.446681445589471,-1.4504838241806854,1.2114045217073857,-0.8440094683532686,23.48219336041276,69.83652869538106,80.05221535898553,28.09655415762245,61.97681311200712,86.5429143916957,Laptop,Fibra,78.48730015282558,Psicología,5.553193473645365,-0.07042796282697356,-0.8531266463523082
712.3166119447675,3,1.7471,0.9284,1.7204692533119894,1.2697169587247021,-1.5543699206505681,-0.05655845996020609,-0.8033906305289007,-0.41916495981926993,-1.585398168050195,0.6330029756548439,0.35493978149522554,-0.3242834101227231,-0.2068298511296196,-0.1508234065014687,-0.9707376561662286,1.2974560713834533,0.6870930084751794,0.7005409946339086,-0.325609687824091,-0.9531086204842004,-0.6352257984712755,-0.6912846501086397,0.6094542391349905,-0.7378167488896381,-0.5704114779096672,0.8235095528275783,-1.1108674968428747,1.1456389153842264,-1.2405980461878932,22.1934981574156,73.26997919463889,76.21965835534095,26.437731290940874,63.1337744991892,87.56304454488865,Smartphone,Fibra,73.10362376379916,Industrial,4.354993009485364,-0.8861003785621141,-1.2348051064763657
693.670620629733,3,1.9058,0.9149,0.9265534267453133,1.0184988593680886,0.20708285867362664,-0.386291165200429,-0.7223863073906388,-0.3140898264431431,-0.9583510096981775,0.6015219874191567,0.25939960153309904,0.4175770312862518,0.48043207588924863,0.00626177616226507,-1.1716169892652641,1.020402024167303,0.6584984790201411,0.8616446307826986,-0.3060850008769386,-1.0754367881374478,-0.337046278876341,-0.7844054748139767,0.6329692695849388,-0.7055859701618983,-0.41285709282485883,1.1444407792954987,-1.092858057814375,0.8873571604906699,-0.4765010902586321,21.69870823805664,68.5134339781904,74.09707975983393,30.395620380650684,64.61927489793615,91.3203069096716,Smartphone,Cable,72.08213116824267,Administración,3.4922493709607885,-0.5132363904358941,0.7237445773291009
784.8244949486733,3,1.6472,0.9406,0.9315335358937508,1.439281090962179,-0.5229716778869798,-0.34066897084081477,-1.8294613392638144,-0.05403006799845412,-1.289159539583243,0.27151823728178504,0.9920849979731617,-0.527583786040402,-0.08234925773863995,-0.1706460107702032,-1.7057848728346563,1.6950764828012597,1.4552158631590342,1.002311504043971,-0.6443614800432367,-1.8484563009441948,-1.3548239191580658,-0.5065305770171448,0.7081652633542647,-1.2127947211594423,-0.9472008745733587,1.7066946060006725,-1.5101946801661352,1.4057853690456557,-1.4930223189283638,23.56807359922282,76.78851734077784,79.30880923631003,28.81774660042445,61.928772538328886,91.24656534924463,Laptop,Móvil,73.32543885768342,Administración,5.926861669726692,-0.5071474048802523,-0.0668986938929404
600.9312615761464,3,2.4195,0.9091,0.44594854576083276,1.4134357523848702,-0.8291715199190354,-0.557728809369791,-2.211227162459554,0.01915197786199572,-1.1119352613541613,-0.4302924463914585,1.1995433032635092,0.27637737059163653,-0.40958013489082784,0.6586396402395672,-1.5876920086580806,1.3409626278064601,1.5817099544942679,0.7805450940578911,-0.2244904246394191,-1.284839977000559,-0.4316772164403295,-0.1314900695112406,0.6365356007259281,-0.9693718824677996,0.03170810692132166,2.07063886395549,-1.2069616164048589,0.9164259491167105,-0.6379254581938489,21.16275742229601,74.64453035361309,81.41373705514951,35.34995608407525,61.68432540365201,88.24799074376527,Desktop,Cable,72.35748573421837,Administración,4.790889596516086,-0.7659932790116106,-0.30709010818531673
675.5774161475526,3,1.7708,0.9314,1.528464963620648,1.399987072736224,-1.6430392411098766,-0.27173353425438285,-1.5320165134821357,-0.20255805317023617,-1.5701945127140269,0.4485317834873813,0.7740980161999158,0.059487035666891806,-0.7703698124585586,-0.013974402110580472,-1.232706340982549,1.3650880595431305,0.9077754181744874,0.8581519756938996,-0.4230257891904347,-1.1657031202351844,-0.6886689674250579,-0.40556953281036623,0.5248018483988361,-0.7403893410643815,-0.5969350032035344,1.472723633397626,-1.323568851016676,1.2839660650210654,-0.93470143315918,20.836175400116343,74.79427734013349,79.92616544926832,27.806744616657557,63.073836718109895,87.65320343424555,Tablet,DSL,73.12885264597539,Sistemas,4.9734617307321916,-0.4628981860544737,-1.545316032339234
664.7839609228222,3,1.8175,0.9263,1.6181882899790205,1.2670844267713532,-0.8532511471463632,-0.4228797991780837,-1.2103625203115889,0.03329066383495675,-1.0813667410043082,0.0683125596758167,0.9381563741986095,0.14313483916905556,-1.0202992798216899,-0.2675903407330272,-1.2220822650460752,0.957901937965425,1.1310672502523642,0.5109498085510074,-0.6681948987392173,-0.773913822719055,-0.4638986813757719,-0.10542494487983468,0.41284361023238436,-1.475560779077195,-0.8473777472905692,1.015425239986856,-1.2344720006629955,1.4756655144148867,-0.7828966325309851,23.097907001996436,72.88509453692565,77.9160498479383,32.881267945890265,66.23271449567761,85.51300052228623,Laptop,Cable,74.36714353766747,Psicología,4.537837964005355,0.19380946844488905,-1.153676434348589
629.2314201243684,3,1.8442,0.92,0.21564721140542084,0.6901372438618273,-0.6692004137727516,-0.2916232267939243,-1.264496467782344,-0.017727618702869756,-0.7917159546987431,0.33908466801899695,0.5270383688863333,-0.367678389043126,0.6443448388966523,0.20333031229720097,-1.1099195424307626,1.267913651081762,0.991572492278613,0.9428679369422314,-0.3197889918142157,-1.388158632709254,-1.1282900744622157,-0.39551996702061015,0.4058583594934668,-0.35770010935451346,-0.7669658603129162,1.3697864160755802,-0.9670369650423225,0.5581484220102455,-0.824915192149581,23.027047997730534,72.48110617383443,74.19474763823048,31.625876197654076,64.50932833884801,88.40977511844538,Desktop,Fibra,71.82332518428565,Psicología,3.8077972484073075,-0.4445998441199669,0.3142843061888393
768.7491466651916,3,0.9946,0.9592,1.0276288344091011,1.3458224182236365,-0.2768561278645951,-0.14095164259619639,-1.3354111762192686,-0.2276213595847959,-1.1398249156551465,-0.01613381682166322,0.6950471839733652,-0.684000593984409,0.052410590929751776,-0.11276097153289082,-1.408612355429153,1.366398244769906,1.2914235998550687,0.5395185086010204,-0.42833403932079206,-1.3504358735738045,-0.8465814978513094,-0.5801385446231321,0.7867419413673461,-1.3653750266803741,-0.55708368591493,1.1819184258340485,-1.129839288067127,1.1979285811513245,-1.5125532946649332,25.05946667219097,74.86263445774242,75.70501257595303,31.495887047612115,63.29990763611114,89.56230713766585,Laptop,Cable,73.42124187837548,Psicología,4.829168492080998,-1.0144398280878293,0.07715721545557738
680.1861109098329,3,2.2854,0.913,1.2639128843217655,1.517478706971941,-1.1296883760512488,-0.5934551963806285,-1.82539122391301,-0.1987465800257994,-1.624533714777397,0.7552962870297706,0.8397856899100256,0.8095829564153872,-0.5172335377963151,0.05634254731184861,-1.201368858335504,1.3190733110197481,0.8261444164304448,1.1695955342490425,-0.34593696880824104,-0.9969013466054647,-0.3405932870962315,-0.49973005207116494,0.5341071756161924,-0.5342909478596498,0.13515712759483078,1.834394162642217,-1.416485454347314,1.2251638076586917,-0.6511273256877775,19.545744745099253,74.79588988963664,80.45902097536813,28.35881280878904,62.60776109157925,90.19274110553158,Laptop,DSL,69.97540611497007,Sistemas,4.799325659034137,-0.27875794691787287,-0.8190572955032134
752.0050572047119,3,0.8239,0.9643,1.220798063812205,1.1547186213659335,-0.2927005190697029,-0.39262088664371675,-0.8671241382067881,-0.1455600592022249,-1.1217735207943034,0.595836285849964,0.5812221789530598,-0.18045787949327247,0.29005192256876705,-0.34998141276730044,-1.1729097821472851,1.2265893024793877,1.0429085251862986,0.8472435838621954,-0.5836595679756817,-1.0443570972837084,-0.812511408252693,-0.5954133714189425,0.5722072373488651,-1.1845083688433415,-0.6757790103719424,0.8601738768815402,-1.2224508803149419,1.2293735003533972,-1.231820980347443,23.5653174023399,72.78109593076323,74.79225098951669,29.787263234557173,64.22204715888329,89.45899552809588,Laptop,Fibra,72.1923381107779,Psicología,4.469786998959777,-0.24573909116262346,0.23309532504438388
764.6090010506057,3,2.0123,0.9225,0.694290888633114,0.9401231313172865,-0.1643714772491283,-0.46220549592642496,-0.8815166835814975,-0.1456697102455225,-1.0163524410658076,0.730558099386442,0.4512139818923654,-0.6473433793036988,1.6288158816855394,-0.12524513123295783,-1.323466952111469,1.5775420734269447,1.3872710401090813,1.1695163481688515,-0.5584431602086782,-1.4186532967315744,-1.335445522147088,-0.830727010441572,0.6683007154233483,-1.091222956291692,-0.9251755557826037,1.0159813896938032,-1.245575512856079,0.9058422903317332,-1.5688274236165238,24.33639414286497,71.3860423954566,73.88879430099865,28.31302959625495,60.70649702506895,91.20475268608686,Laptop,Fibra,72.16826152332372,Administración,4.853386244134723,-0.6197470053200139,1.4379493038241153
663.9251030922198,3,2.0702,0.9251,1.2382436428160908,1.6402526419939778,-0.8407067537344077,-0.4390400857204318,-2.0480370407700765,-0.33169464127801906,-1.3855849440496515,-0.4240927332817637,0.8604480452476976,-0.04851261652840804,0.21667934991155846,0.675937317486238,-1.7435094379093312,1.4862872151478008,1.771393632711609,0.6195699778235413,-0.2030430538091721,-1.179303923199995,-0.21629060232730518,-0.602328963379698,0.9836469497441588,-1.597910560060711,-0.19241667242548288,2.0491465495534333,-1.2613354957167595,1.0890415770250241,-1.0506204183702461,22.263009291344986,70.44353405205275,81.4009712562805,32.29196991916313,57.69200858369372,88.91776720962062,Tablet,Móvil,75.32476533269713,Administración,5.458612501469009,-1.6310878857815438,0.00598473548843189
662.9421477982743,3,2.1832,0.9171,1.3933188646624795,1.12176319600756,-1.3416239050515837,-0.5708647586858496,-1.096065531088557,-0.21024465119836125,-1.5037283992612143,1.2050842709010743,0.4837121780212083,0.5802983782299509,0.24630441073189507,0.01931739001569128,-1.3111891407350245,1.490031950303502,0.7373375798292661,1.4823033097127634,-0.522783047470083,-1.3985555907031517,-0.912395621266596,-0.7156048669934365,0.4528807861007035,-0.33212021295384225,-1.0410479114432,1.5682321845609506,-1.5568879627994703,1.1240296014301219,-0.49143061531526067,19.545744745099253,69.769196642915,79.87547601219258,25.517607030705424,61.17959095772866,90.69223420744798,Smartphone,Fibra,72.88238766477802,Psicología,4.939153682305581,0.0034049412622888125,-0.5112572770511256
643.3291774503805,3,2.1334,0.9162,0.9076703328092497,0.8888584220718524,-1.9814587113844921,-0.005518615259133077,-1.2387670287577959,-0.16232844711221542,-1.299015455732104,0.42343582068293306,0.5092422751187113,-0.84312971628476,0.09306535767575227,0.1236197016327912,-1.0616792964891675,1.5142194866399266,0.9197097802928333,0.8679126507311397,-0.3293892894721399,-1.4644792515111134,-1.3626804098508962,-0.420859738817344,0.42858125291781524,-0.3006991332024922,-1.089314761080511,1.2110437857244167,-1.0483793727379254,0.7765836625751925,-1.2442075590197628,22.884266824604943,74.76884575275461,76.46263488577975,27.321189145010003,62.99628718077103,86.39463142022326,Laptop,Móvil,73.52397377030627,Psicología,4.529992681567627,-0.7734524111137094,-1.2118292465808214
774.2581686971253,3,1.6777,0.9376,1.6031783435413405,1.4679122364821307,-1.6441265551438655,-0.24533658048447862,-1.3193188742783357,-0.2732980123726934,-1.7377705710675544,0.7610348633769876,0.7027507078097067,-0.553935428454685,0.03045399051985729,-0.28532696101902805,-1.146667106384309,1.6432598634961078,1.120517964779894,0.9917192728783283,-0.5071911765225214,-1.157030809831882,-1.073013994688275,-0.6526176485855332,0.6373282131814919,-0.9762402825778639,-0.5097830266503757,1.0744786265601138,-1.354634910387872,1.3499333142883927,-1.8001506078868024,22.505778264208715,77.08920165178739,78.04839204409835,25.51800864243443,61.048390086299534,88.65125853639239,Smartphone,Fibra,71.78379440137134,Psicología,5.490143609360785,-0.7394746562405199,-0.953369952090924
639.6101440956008,3,2.6822,0.9003,0.4267408452261395,1.109713321891792,-1.7089896524470474,0.025659635298239402,-2.1463548550070652,0.042969290470935784,-1.0739771090504096,-0.610193517745969,1.0550621736121493,-1.3142924444964557,-0.3936411266908288,0.2871750367452994,-1.1175481748659857,1.4081149117075167,1.5484199203111655,0.3281866508792683,-0.24168768167976437,-1.2219984889192839,-1.1656005789423691,0.028883755721195593,0.50920187076687,-0.9444607027375093,-0.35884099920367196,1.4565974185473645,-0.7944562239994218,0.7758254824574525,-1.7205639940746205,25.79982383514232,80.02247956647625,76.38479071250086,35.179424136343194,64.07290887065128,83.82676235893342,Smartphone,Móvil,72.57601021878214,Administración,4.678912179513978,-1.1745873741305237,-1.2020888069076323
781.2137452436698,3,1.5884,0.9391,1.5020698474141125,1.3986118786946045,0.28064877348989203,-0.5293751023604883,-1.0302347433922683,-0.09399565711764606,-1.0153963512999786,0.175428394650798,0.8115383377495632,-0.1148269537751503,0.11557076967815466,-0.34175773502042006,-1.6266357680798333,1.2446697287757262,1.5070583381464913,0.6975075834576414,-0.7710590798603504,-1.175373320701162,-0.6870661687896805,-0.5683010465344157,0.7494344230824527,-1.996454424608877,-1.0073311866314465,1.0459879954031999,-1.4292630002384565,1.57916797244547,-1.216501306674453,24.61719501557639,70.79394250780852,77.06432178438273,31.50281166952793,62.97267616428921,90.0823778136924,Laptop,Cable,74.99428778569141,Industrial,5.245555478864325,-0.22181015473067148,0.5916687979176799
682.9398981009624,3,1.3347,0.9474,0.9838716951651679,1.1326948179372132,-0.872309533632396,-0.5771777416796436,-1.3043334749433722,-0.2034323988707075,-1.2568043413844798,0.521330350073041,0.5716492448240805,-0.1796360895412792,1.260459261487558,0.28628065231574834,-1.3812986198924668,1.5623680629978294,1.4897763492537794,1.1499654531924566,-0.40627014260850214,-1.1803194671524562,-0.8707735636750527,-0.7358091058225019,0.6954058209224367,-1.078831078156137,-0.6398134443603827,1.4581222374026108,-1.2878632702730737,0.8848991094735064,-1.2065196419811979,22.13237437483407,69.80871402717551,77.58091401840896,28.582825116477657,58.55217699056985,89.60971556740137,Laptop,Fibra,73.02977896096188,Industrial,5.052830544659307,-0.8550068806130379,0.7222117289012158
652.522594013272,3,2.0915,0.9271,1.5470593201762235,1.1885627051332677,-1.3363896032737712,-0.4656933282086201,-1.2102735158121938,-0.23455767088059612,-1.2728197151222693,0.11777187760653149,0.5920018140136053,-0.48429852517713345,1.0162406468693561,0.4818415180384366,-1.8462319477666336,1.7192136233112378,1.8362871782135173,0.9964770060671553,-0.5610986662887554,-1.576913360095731,-1.0669987137312686,-0.7282601877482283,0.8156288286489956,-1.5815599700152585,-1.7592722718538163,1.5909956334043387,-1.489982255703392,1.1180960425988873,-1.087630828884935,22.87966869617292,65.6972470642425,81.11674754810092,26.86724310132198,56.834678317337385,88.26231139424183,Desktop,Fibra,78.97860238642517,Sistemas,5.9798079410121145,-1.0339051572283855,0.1275828382044053
661.3459000719795,3,1.4018,0.9408,1.3140632158470948,1.1529003791818677,-1.5387850511543375,-0.03957406862914069,-1.0947743020084455,-0.3548508160734578,-1.3764966321823249,0.21891319367855724,0.4218316339638546,-0.5064731635311892,-0.0011972933953245518,0.18061374083627757,-1.0811659893748473,1.3140994135910298,0.9326217089408662,0.5991323252857957,-0.21956553588436553,-1.0701696203973992,-0.6728415265876198,-0.5772436751838708,0.6333375521238489,-0.7468434022162149,-0.6023442070552545,1.1028282490896684,-0.9921961903862717,0.9027878618495521,-1.153292806358613,22.827508929857864,72.514749238075,76.41307004512134,28.845672606289263,62.43507597889085,86.76757300356573,Desktop,Fibra,73.92472097746167,Industrial,4.2786825907810435,-1.1636869733417856,-0.9885115771899972
673.4333651044019,3,2.4678,0.9031,1.4515196673616881,1.3154358017261205,-0.07716691470576871,-1.0546282788018444,-1.0702804684513034,-0.1128275418940389,-1.1358360090772222,0.5498641647939496,0.730192686856971,0.8545144139665415,1.0220192890350244,0.05043711914650476,-1.1126678039266098,0.9942100590897004,1.5312817429577212,0.9775785043375186,-0.5127965443796269,-0.07695323651880988,0.1641849499088203,-0.5844640806212675,0.6229315171841315,-1.7869066367049078,0.21910190107239041,1.0562386401348773,-1.2502322412818023,1.1550801436688556,-0.8593627598535098,21.386883640196977,67.44287092087482,76.5220127224521,33.3673955242471,60.59060063927237,88.32844603481698,Tablet,Móvil,70.89561211054959,Sistemas,4.331744130908554,-0.17421299485842215,1.2132046703806714
729.7962006265625,3,1.5202,0.9433,1.1286556333896611,1.2974797901768897,-0.2690758987444499,-0.5384041287536583,-1.4903067052414043,-0.03077478118218721,-1.1082639675483539,0.3584786806833327,0.8728531331214854,0.03093482705898127,0.026927550225344977,-0.07188198841897728,-1.7959342938498943,1.5065792008161079,1.3930296918332608,1.081374147894976,-0.719560499827278,-1.7356072752331233,-1.0890593306992982,-0.5251699387545945,0.6500205994509243,-1.29901090490132,-1.3147841862111158,1.7045789483548257,-1.5604050510470002,1.4073672351868969,-0.8711567330374936,22.387592758642818,71.40854664869185,79.92799214632007,28.883973626129624,61.89393013974018,91.20293281078956,Laptop,Cable,75.0689647221905,Sistemas,5.623234176884833,-0.11577234551803837,0.19991103359206414
685.3263995615935,3,1.5454,0.9402,1.3588790950674778,1.448803118307376,-1.2909294872274268,-0.2880586511703308,-1.6343524724661154,-0.22596103955692612,-1.365046487595542,-0.267180950800674,0.841416029593941,-0.6225493712157423,0.1407229430623182,0.25830620318032,-1.2918766000332824,1.3805786942708926,1.6659888534356393,0.45648145414050184,-0.3176758382894674,-0.8096030103527584,-0.5007652673258229,-0.42318413927290044,0.7759210409080456,-1.6196275072111417,-0.23760183290974102,1.2731942468391706,-1.0589530538483072,1.1079699258029074,-1.5932716039543584,24.28963969763429,73.77524280257548,78.00878246513454,32.547072386371454,60.24197596986537,85.86071717203883,Laptop,Móvil,73.99004527815077,Industrial,5.078981319828564,-1.321697949660524,-0.50263646822824
662.6716821114247,3,1.1626,0.9504,0.7374852075443125,1.0550310316346614,-0.7654646339411649,-0.6013675369378528,-1.4716580366070042,0.027325367891388598,-1.0261347701049446,0.2482920743044434,0.836227995199011,-0.2179279775376998,0.7109582480801002,0.08276840724627853,-1.0450405338512683,1.2389833572369955,1.493254878965812,0.8603232714033471,-0.43605572858096814,-0.6974267469535775,-0.711744142619929,-0.3176381860173838,0.4850744828812237,-1.1932924715684121,-0.15681604136697228,1.1770886251583577,-1.0459413482159663,0.8772144125735012,-1.3055162611032523,23.4513568882299,73.57986710864014,75.37803411264466,33.50763819171344,62.47809908375882,86.77144857648068,Smartphone,Fibra,70.74563481281807,Sistemas,4.405890327155557,-0.4202541224735742,0.42139593691397514
795.6196581817921,3,2.7017,0.8941,1.2942227727163398,1.4604880038379937,0.015529924416896658,-0.6638836500154602,-1.048849007270992,-0.19377875308941814,-1.2794323527140221,0.4954821263632223,0.740690561162386,-0.059215868834646086,0.8278946325680393,-0.41328142551035546,-0.7436711311152752,1.0319058365042815,1.3989849369563205,0.6400267584581222,-0.43180731477198964,0.047331862604663454,-0.06721040677713155,-0.6060133246038341,0.6925217478077001,-1.8088983312837337,0.8919510060077089,0.47813804870291265,-0.9702378831982293,1.2094538846520904,-1.90419772426771,24.495336712687006,75.48107835992188,72.27964903393067,34.28636027175631,63.15136094043862,88.14984797573635,Smartphone,Cable,67.58001399336128,Sistemas,4.105968352894814,-0.6489229085416183,1.0103467183102508
733.3289466561595,3,1.528,0.9386,1.4877979811790267,1.0315974598093884,-0.2615087131821686,-0.34733358207707843,-0.5203581909868338,-0.13952386528464025,-0.9570435001240077,0.43212427317430335,0.48212864360173713,-0.35861800426163587,0.3916009127785473,-0.2975552220764581,-1.4494357899675872,1.2563093359300832,1.2006692288747447,0.7759625720530264,-0.7317116975903587,-1.304380528147385,-0.9912859628536509,-0.6303206532412271,0.6109750951165259,-1.4997695919526781,-1.5761877372436472,0.7713673886705952,-1.322800511705313,1.3205265100779608,-1.0557458346509663,24.440612613297105,68.62089850296809,75.60031655034376,28.88033528450188,63.34903121508642,88.96152464547859,Smartphone,Fibra,76.13966835438329,Administración,4.769976811366083,-0.18135553829917414,0.2617020903195314
745.5334721373788,3,2.4911,0.9056,0.7142064361773298,1.4843973665413768,0.8462669595389031,-0.7373112184462265,-1.8263324811927437,-0.022765590302294917,-0.9544455452276923,0.2287799676358982,1.0030824737592998,0.7847317348939474,-0.2444794003977077,-0.09295699865167853,-1.6081219367346362,1.1233010805755823,1.2125918015679678,0.9417271930999092,-0.5339807899847752,-1.2515978891316617,-0.3125051962347885,-0.4636438999449832,0.6870479713431138,-1.298949486598866,-0.016238437358943685,1.8753995259255538,-1.4235596594723439,1.3513617155829822,-0.5807648898484705,21.58141110867491,73.27123902235915,78.14848174298136,34.0630451600964,64.7073074560595,92.9410661757854,Laptop,Fibra,70.79969851505719,Administración,4.693491903968713,-0.04887935720746211,0.9363923934226167
743.1017498029363,3,1.0264,0.958,1.6092645724975425,1.4292360162300042,-0.9523455482533715,-0.2093767801650633,-1.1494220572705236,-0.27361666900645637,-1.4150667823074146,0.259290958755635,0.6676873679954028,-0.35781627326270316,-0.28886538703872106,-0.19438237389591068,-1.2290783202620774,1.2952446265536586,1.1226746842903337,0.5922565267734425,-0.46610601268956364,-0.9904717046965142,-0.6141272841530752,-0.5544169433418742,0.6915356729789978,-1.332042010815336,-0.5300974764109163,0.9925146640618777,-1.2003350664714816,1.3487116084627484,-1.3907804616419321,23.52673595249212,74.1195013340521,77.02322274612139,29.52151408637034,63.04038166365643,87.93666094000068,Laptop,Fibra,73.51454656334681,Administración,4.851281344405634,-0.7729007057050095,-0.7307398815349586
781.5338367284592,3,1.5361,0.9396,1.082239342575736,1.6036691398354852,-0.26462758625216454,-0.2931517502731013,-1.7372265286662145,-0.23268771959447124,-1.4039706599290804,0.30965101142715123,0.8548626965158024,0.04636462494748545,-0.5896426824576432,-0.1962946221603023,-1.393950153722728,1.3484424430855384,0.9876435244359617,0.7829210183760671,-0.4046124578183811,-1.3392313358260404,-0.592479310541552,-0.5634072507106604,0.7377337896690012,-1.0073336728360283,-0.0266224310603428,1.586561023290275,-1.3168104271813703,1.37432490933932,-1.194669327126799,22.24527030323021,77.25173951547467,77.98289245252799,30.38346354405639,64.17201900670571,91.4809760045727,Laptop,Móvil,70.96146599872549,Psicología,4.937960415717721,-0.676507589271662,-0.32810616810886134
716.1891628229198,3,1.401,0.9427,0.8864040629812519,1.3040168238610217,-0.14480549954551,-0.2864495851097241,-1.5693477654696542,-0.11046779770098335,-1.0418358053610848,0.07418098810226172,0.8087689653502002,0.013198605750649229,-0.5420176486151517,-0.044971717951127366,-1.5107657898263975,1.2341680404580613,1.0399139614131045,0.7115493413181267,-0.46282406496557965,-1.5080891538586172,-0.7224431176178547,-0.41911577618390744,0.637771195276822,-1.003894448854889,-0.6559397143701176,1.6128639331872001,-1.2667694767912523,1.2308904958209785,-0.7877299080347872,22.797068436660226,73.99886045308536,77.71063168920594,31.800081908215155,65.05798702576531,90.3593455847904,Laptop,Cable,73.30552878555399,Sistemas,4.649678633399353,-0.4288249172908928,-0.21695742395504908
598.6054423509504,3,2.7199,0.9038,0.2723681355429983,0.6369964049995563,-1.4359056175051628,-0.7724697031781532,-1.8319933346485011,0.5079798283727941,-0.7495551409761528,0.33953037901209926,1.204258500782696,-0.6084974240134308,0.8114986909707073,0.08932632199127616,-1.3564426888394117,1.5897720320999646,1.896371742969907,1.3349624001892992,-0.8381532388472831,-1.4348295517414493,-1.8539747396302162,0.09449614360863405,0.13726770087395565,-0.9817337439541415,-1.5534913936645411,1.562126769334037,-1.3504192530693513,0.8703146859590204,-1.2232788931724778,23.653883607818567,74.25646090612318,78.15615163668181,31.95239188092797,62.056801519325376,85.31469757267878,Laptop,Fibra,72.97257874640748,Administración,5.475412000151295,0.5834368960528369,0.15109405573170603
613.2146073698892,3,1.9023,0.9226,1.544914807872526,1.1504744346994906,-1.9287280459071108,-0.08658331467165827,-1.2069730683687931,-0.20167614549051482,-1.336926855380402,0.03847434006783316,0.6318252559266814,-0.35897328836336917,-0.6877914096622625,0.13974432496381614,-1.0620418634873672,1.1719598606153225,0.9736606529071697,0.4764125053983799,-0.3343987542486272,-0.906917552360833,-0.6013536184478934,-0.2689327040635575,0.4774159222399746,-0.8847833808669757,-0.8211550954627974,1.0922426629945203,-1.0214013444632175,1.0577159667271196,-0.9396898306415822,22.633564261774676,72.77794968096195,77.8853195997226,30.158611685753208,63.850572843657496,84.26174295400595,Desktop,DSL,74.97708884924432,Sistemas,4.342480079582201,-0.7174941202450584,-1.7886692319029502
777.6527093482812,3,1.2155,0.9504,1.074318093308628,1.4491722771081135,-0.50612377439018,-0.07395360945597074,-1.4363525092628107,-0.33352866559234384,-1.3944944542403908,0.32788010117912975,0.6204674347337025,-0.3455863835035536,-0.35637108281720686,-0.15264450794153142,-1.3387292305258118,1.4111330545634437,0.8655981456810704,0.7187636140526217,-0.3334435051805259,-1.4933673460319188,-0.7938806334039519,-0.6777865001777823,0.7600593001062669,-0.817917810389046,-0.32890407228913515,1.393210560147667,-1.2105160699004662,1.2202198231348265,-1.2973946217720036,22.95791149064475,76.41969258502134,76.73175592486066,28.88819030945348,63.93087908417594,91.13896056907932,Laptop,Cable,72.01423703195422,Psicología,4.742172420705056,-0.9806691871307259,-0.44105095662256366
752.5608886154071,3,2.3644,0.9027,1.0286340902166031,1.3869115563152614,0.9390420027124144,-0.49538821181362963,-1.1530087288286377,-0.20689399428774397,-0.9143086079841184,0.2476638709894308,0.6510461073295786,0.661835348283594,-0.31238006262821844,-0.21970978322126497,-1.386253417418965,0.8944432827411337,0.8607161705582485,0.647168277234677,-0.4461686642211709,-1.019222615833871,-0.061769118856941266,-0.6061286093737072,0.7191425985448873,-1.2901769620731118,-0.07144347291402284,1.3167848124193444,-1.21746389094886,1.3080938706510248,-0.5347803010599314,22.43657010692393,71.31433556079901,75.39849369891263,33.72075325519877,66.35446088926966,92.17021954007096,Laptop,Cable,71.6395027615433,Psicología,3.898804074293236,-0.2687105407037645,0.7451351377733942
707.7353968004111,3,1.6524,0.9365,0.816574465216442,1.3897296353227555,-0.6489846963731518,-0.43169538200846963,-2.0433952517296263,0.09465757548514127,-1.079077728190807,-0.2601697548523673,1.2054776913725844,-0.43665585963042985,-0.379818495284002,-0.02461191682684602,-1.3779641449199744,1.312413964553194,1.652125307234973,0.5917162537700564,-0.5284131616721033,-1.0816047948423437,-0.8151042426568705,-0.10985157364157307,0.5825255276234188,-1.5139432665853476,-0.27419848033740435,1.5196598621132873,-1.1743681617847466,1.2509049890836685,-1.4506157505520656,24.50147355049255,77.60948498805587,77.93134232379667,34.97256818577324,63.78120310216767,87.03278328111831,Tablet,DSL,72.10078969444379,Industrial,5.1550844395257,-0.4734902686552914,-0.3078918063427373
673.6784479375754,3,2.0479,0.9121,0.43307263584609995,0.962203484892668,0.7329146855038392,-0.5346446360925985,-1.249309086494731,0.02680891857947741,-0.5184367177872592,-0.03560755680672749,0.7145856866305461,0.21435223647993584,0.2858414587983976,0.047170896246749645,-1.4000324521540939,0.9438432248244677,1.2065405192282561,0.6753940329309044,-0.47212979883977146,-1.1597661580763086,-0.5060854226614974,-0.3685606729383214,0.565599138476418,-1.2258653995904434,-0.5538033312782019,1.3820786451336151,-1.072624132682145,0.9391698883932104,-0.525880765871982,23.81596655446707,70.08377264725483,74.41174011787903,35.968353138247366,65.95657963704795,89.97196059065007,Laptop,Cable,72.68423584824102,Sistemas,3.777087463331821,-0.16114434423623045,1.1366058635048741
588.8396740437514,3,2.4856,0.8968,1.5801891133744377,1.120969934162306,-1.174808101154573,-0.8692790150449231,-1.0967322201884198,0.07361930864719557,-1.115347588533021,0.3614289727451229,0.8836669962835221,0.6345724411094826,0.03651631170011394,-0.043498899634589555,-0.7149077826473363,0.7651529887191761,1.3250718111527038,0.697416073553621,-0.5273761034747737,0.2662818897367715,0.0944955482283553,-0.08729723216703733,0.28488758633146943,-1.5230922626016832,0.088625814249432,0.7440579544392489,-1.0292424824106956,1.117327055762312,-0.797385735498764,21.729072679355543,70.45416916058954,76.18082454751594,34.96880656339934,64.08448271618033,83.05322310626914,Laptop,Móvil,70.92362348870074,Sistemas,3.827585614230678,0.26209801919923204,-0.42824797687990024
708.9511710368881,3,2.4409,0.9149,2.0072266501021514,1.287980944575719,-1.8710589426641082,-0.17924159281872695,-1.0627267339884359,-0.0484153684993435,-1.3760716756573752,0.0588902658270812,0.8835227875814562,-0.9821679062372641,-0.4828184711188042,-0.2894827775163006,-1.3679688928196225,1.4549842056047317,1.5564218663379652,0.5315611350129757,-0.7857520488714704,-1.1163139570895773,-1.2028542432246696,-0.2548892605402888,0.5360158536796287,-1.7756557938156057,-1.6333899843857058,0.7530373014608487,-1.328954260544103,1.563936711269341,-1.6775768440609595,25.24675462823932,73.77781737984182,78.86501506764525,28.58402494103625,62.16593748602215,84.04817637585998,Laptop,Fibra,77.28720891197263,Psicología,5.748586613976574,-0.36902172341003614,-1.580276718149294
712.6251488839805,3,2.0169,0.9262,2.2351517985015565,1.6059411959062755,-0.9666477574427376,-0.4205335156275595,-1.1318889346432492,-0.24345307046649733,-1.4580947184336983,0.16145220095253093,0.7987550167843537,0.20030325170614022,-0.7602859576675648,-0.13689149639853795,-1.580893370599368,1.2378713421817742,1.288441459801199,0.6127824476363497,-0.6616645563163789,-0.9982187316736153,-0.3428950347528831,-0.5043206071693637,0.7226563132606737,-1.8040585907970756,-1.0641444263359816,1.205198838962527,-1.4986512515926165,1.7113999975764749,-0.8939676209540565,22.23927708291725,69.90216643065568,80.91108088548214,28.882298353561588,61.85565190771977,87.68261241657231,Smartphone,Fibra,76.86502730052776,Administración,5.459917701420547,-0.38918347630094013,-1.0733980196036912
741.1072479688511,3,1.7062,0.9284,1.1365862355728273,0.9401797207617282,-0.041495700009181305,-0.2911089727036764,-0.4638294955305589,-0.1902347932828377,-0.8494686403281555,0.29422005517986877,0.37651446992352877,-0.6807381613814,0.9900408140204556,-0.22023840656268998,-1.1969871664531497,1.186884785179679,1.2857006085841474,0.617074528861978,-0.551717387754257,-0.9988636165936541,-0.8672271833885606,-0.6841056838780417,0.6674516618680999,-1.5242643196613452,-0.9969084257109929,0.5277846689180703,-1.0315844160545156,1.029257772634505,-1.4103177464694239,25.86297279069492,69.59675833367243,72.41560914516307,31.259115639687053,63.3054661676683,88.41769550793812,Laptop,Móvil,74.18723723633947,Psicología,4.186308482769389,-0.6426767830156107,0.89135639681302
662.7843285940966,3,2.8913,0.9051,0.5545567156565099,1.3095467508416716,-1.0224474812774536,-1.0192545782074929,-2.211227162459554,0.009213187131163586,-1.321040111628956,0.3152950250366534,1.0605517969780542,-0.1394200373890657,1.9774853813545654,0.6963331804638568,-1.7656630813740912,1.7192136233112378,2.0029775680846673,1.5404111427902138,-0.4701763863683944,-1.3502088131240693,-1.1062785433676643,-0.6243998641506737,0.7795522279099599,-1.427011979256758,-0.42899439926701693,2.07063886395549,-1.5421519560268593,0.8426619207525478,-1.4704455713831155,21.469895299041863,70.72187437973007,81.47512928838503,29.885590682568417,56.834678317337385,90.25917043230385,Tablet,DSL,72.43484723066543,Sistemas,6.158562156873732,-0.9076364639606479,1.4567653772925195
695.0902680359677,3,2.4353,0.9075,0.604917813012306,1.0248570818898128,-0.8153383743821652,-0.9847648589515615,-1.5108018783173502,0.1485107595734557,-1.1462092978335843,0.7924826755805766,0.940576324909463,-0.14414046126932786,1.7023292878249918,-0.06748473262211933,-0.8429201868178623,1.4081548272893059,1.775915206734111,1.3066058278479722,-0.558545601320762,-0.35614381682919316,-0.8973807444521069,-0.3867351926800826,0.4023870723043954,-1.2756822508093255,0.2526195409459007,1.0263711810020244,-1.1467851548815975,0.8354580349060093,-1.7699279452133054,23.00560942019485,74.84348740143105,74.53159585697682,32.56134581022189,60.26521560539575,87.24917004953106,Smartphone,Fibra,67.38267761617396,Sistemas,4.753694990466882,-0.09577040885482623,1.3005924404618883
724.0620841767254,3,1.7275,0.9314,0.7534104290970703,0.8575436866598294,-0.16597904333088837,-0.49552024182485427,-0.8553571669977889,-0.05000793447069151,-0.8686398058419513,0.6014146404724533,0.5136170202301706,-0.46533619160750544,1.2687712134617743,-0.10224503573350031,-1.3989368536078497,1.4547464748060603,1.3655556078401243,1.1113641321821335,-0.6367387547709317,-1.4490921793827365,-1.2988402452141266,-0.6721056475584506,0.5763805672285355,-1.1325794324730531,-1.2592507570529985,1.069675873744693,-1.278590936893659,0.9599095964328129,-1.221073042063521,24.11564832705351,69.93088613041093,74.69060155699167,29.190562872165422,61.83076913384015,90.27742438259068,Smartphone,Cable,73.55598606028349,Sistemas,4.765741678921899,-0.2845515042279467,1.1578640360763288
641.2541718585968,3,2.7214,0.9033,2.048458617655724,1.6195980111454897,-2.035949652804359,-0.11570265773421581,-1.6483093090024623,-0.26991968160353963,-1.6275165926334554,-0.2380789739337926,0.894924184927614,-0.12837283992719467,-1.447476182499083,0.1695106043513481,-1.3604568038471903,1.2443875815395045,1.1663557953707486,0.34685458720994505,-0.37372566928489415,-0.9429071700872999,-0.301819858036595,-0.24396539722176389,0.6496551694297769,-1.3269558303378568,-0.6829807593021868,1.4394732795619134,-1.2357253982093628,1.4595352552236152,-0.954488520169682,21.982046437480825,73.76818365490003,81.47512928838503,30.08496919529578,62.55880770411667,84.63298349768455,Laptop,Fibra,76.33344759093002,Administración,5.1826423986454575,-0.9007074215965033,-2.4022312109240382
740.9690535721123,3,2.2143,0.9198,0.6801732728156284,1.1610990085086421,0.37734058943861326,-0.44624146854232416,-1.3310400066888042,-0.20017161027829947,-0.8785315739651988,0.09436681394489976,0.5799979701986878,-0.3765025837013596,1.17251595329824,0.2756149452450234,-1.8462319477666336,1.6220005093804344,1.6325809897915693,1.0086343807807479,-0.5201668727562184,-1.9342744198890731,-1.1142436123657897,-0.8505433626981681,0.9140397408927693,-1.412298811666976,-1.3108087396881918,1.7711684148379174,-1.426251278693914,1.0372961976676471,-1.0211472501804169,23.94612869480192,68.05508338194942,77.79704472070003,29.7786303190922,59.29778427876076,93.0845349233846,Tablet,DSL,76.07884383570129,Sistemas,5.3695713839684105,-0.9518212501594431,1.5444808458548258
480.9343338412097,1,1.3114,0.9429,0.0027241931834734445,-0.21892425701628346,-0.24671122357892689,-1.2578573037207017,-0.5560085203752396,1.1661106482745758,0.18635103158768845,1.304646118645722,1.2118520081115092,1.3446730301502963,-0.8493073818947369,-1.1319070559654092,0.17267112353940975,-0.07733664051102396,0.32377324444816336,1.2016564336961162,-1.161217759358157,0.40040823350630156,-0.9154995265689867,1.0385904637171028,-1.0128717313187132,-0.15244172311525192,-0.6574767853822849,0.01308904108788753,-0.8437621383318428,0.8532576603674401,0.3210847627795197,21.619945765313133,75.72680124384564,68.12510836496881,40.74932359320328,80.03411515722205,80.24842634533562,Smartphone,DSL,64.12054213115034,Sistemas,1.3881686172215109,3.982243486710668,-0.37374715548267906
391.89397137794055,1,2.4372,0.9144,-0.15045324705899973,-1.0237448790875097,-0.8287940265031142,-1.2489419876269126,0.3214262143293912,1.5287853405989196,0.5650368276948919,2.0456662713251847,1.0182734342987845,1.523214103442217,-1.2535340827076213,-1.6505068894867811,0.7201681314012293,-0.3960922210017388,-0.46254886108889803,1.5174558059880838,-1.4733446958276417,0.42565938427570377,-1.578141982349597,1.42610493281713,-1.686196374587314,0.813038169311455,-1.7260795901959676,-0.6833432311506444,-0.7879393277254271,0.7040670827366239,0.9609281928737635,20.660679968799432,75.2154468074109,64.80860215324823,38.45373143646191,86.5338860178122,77.27619942091938,Smartphone,Fibra,63.38936662648312,Industrial,0.20777077560662066,5.691104908557374,-1.2901288809065812
602.2805049553742,1,2.7198,0.8995,-0.084293537896127,-0.22009439007739412,1.2238034819447774,-0.845386376351292,0.008293226882482931,1.1825854406320615,0.4983020258216748,1.4785702017552742,1.1043016317564784,1.5528544326216824,-2.5288823866881716,-1.9580919016855276,0.4026369168172012,-0.6147105607760588,-0.7418601219149943,0.8035384994795145,-1.2992566896799038,0.18432014310846154,-0.8421515748550582,1.1387504192838303,-1.1606343816086808,0.2058100539755126,-0.5904674764086899,-0.5752269239422954,-0.7284064128634584,1.2520150340143752,0.6337042551662958,22.978170516150783,80.92823586448857,63.26274060582144,42.36350362721173,90.4660831339978,83.02202841937022,Desktop,Móvil,61.88234653163198,Industrial,0.06811958674403124,4.801079297021665,-0.8650214058412328
430.9902757879742,1,2.3996,0.899,-0.5855514212915526,-0.8197912630948423,1.063303341862655,-1.3508591397942882,0.3356701828418875,1.1172355334817292,0.9606730150097953,1.0633064587868126,0.6797037022152024,1.1665736181374597,0.966497638281162,-0.7882474072591874,0.13693902686666345,-0.32562249866682497,0.5518268407971331,1.0736268858608264,-1.0576155646868974,0.5084904906893885,-0.7757235004777456,0.7561311351473773,-0.8983461478022657,-0.45066975516815505,-1.0502644928030627,-0.39835511625880843,-0.5138173689886458,0.25785425541137097,0.6333304225828305,24.05262885058885,66.30212811147298,62.6051731102262,44.24838543411519,79.03139875046882,80.90092745833022,Desktop,Cable,66.18722921840353,Psicología,0.15638985957817564,3.6346255360401623,1.9461157212480218
456.35407743566407,1,3.2939,0.8838,-0.46450640778324825,-1.242274046103438,1.802146807748356,-1.3412788637282063,1.2472326652844212,1.3967578382767598,1.5104277383814377,1.246692278262892,0.6194876093386086,1.0191968242278788,0.6859106196965051,-1.4524656825467162,0.2051942568461124,-0.6523745020544521,0.34495770705438117,0.9661215969604211,-1.5152956806474256,0.45686337752498185,-1.1978193586189472,0.9729067307876447,-1.1886970462181337,-0.7369667024297449,-2.1274221353417806,-1.2165586005920086,-0.5421653121525443,0.5232129499026669,0.8180862789161961,26.470326388170413,64.58468395047908,59.0152930515039,45.14083333411353,84.38592983322833,79.85607740419887,Laptop,Fibra,67.97043247702037,Industrial,-0.347503621716457,4.880350968955437,2.1128173611036862
469.6078908784653,1,2.3283,0.9198,-1.0632885224421567,-0.5714324685032672,0.9174747170371808,-1.8785993157684953,-1.024118119744069,1.7618288334005738,0.8265065605286547,1.7270767217354341,1.7111601478666063,2.1328702852348953,-0.7951216948565074,-1.6429159646972744,0.4231791618583886,-0.3906821851469467,0.47200241443070295,1.68450289098197,-1.592606375378321,0.7226519054209036,-1.2131000979773652,1.6657536633392431,-1.564458225500154,-0.065042455471727,-0.24000036846204142,0.09582003173720813,-0.9589174033104163,0.8850616304116471,0.6099062590929095,21.182923890597277,80.16953177158261,65.86688320109631,46.80414970930434,85.56212964728084,80.62790620738622,Laptop,Cable,57.95298975166017,Psicología,0.911564614047557,5.928080350470121,0.8570391227621152
374.4977904251653,1,2.0505,0.9158,-0.6076056132792998,-0.5778007688918972,-0.8782954494287808,-1.0358698775145885,-0.787298254890615,1.3271035815753762,0.40891967244583827,1.0615507286753891,1.2500622424841452,1.2054674537327905,-1.451108061841178,-0.9747815991364224,0.6176428830311608,-0.33483297361560166,-0.03816827658833506,0.9886878248409524,-0.94105282347205,0.5664085310948505,-0.9553085887058056,1.470019789021215,-1.3306561570534898,0.6104118702327591,-0.3766022326186385,0.014428401483541377,-0.44898623960298045,0.4164445780858986,0.6005401353634515,21.5500888523438,78.98206300141929,66.13087228785484,43.93889750904038,84.12199563444008,76.74253013024206,Laptop,Fibra,62.246506248205606,Sistemas,0.22750892935009312,4.1341123524973735,-1.3215655915767197
460.7610610796569,1,2.318,0.916,0.3003048875750838,-0.7802072425565362,-0.9522968083707329,-1.365003701143425,0.2901713636261549,1.5785662645986323,0.4836638990283657,1.6754743950167719,1.2787497046227512,0.6393476113008215,-0.4913835327946611,-1.7342225466678451,0.5585571046638897,-0.15780383306086107,0.5410487829399737,1.2729636397199187,-1.6659616567085764,0.769601968236391,-1.7312064543864274,1.4240572030698793,-1.480350956634335,-0.5081763543915437,-1.8192003972067095,-1.111890440544542,-0.8208700044829266,0.9791376974766324,-0.16388142153244106,24.47711594679741,75.6792462152762,64.89329442753377,40.16366051302905,82.28114257705755,74.88673499260891,Laptop,DSL,65.23061276117936,Psicología,1.426404931166226,5.239087518783107,-0.7147281017611486
461.6417191775124,1,2.3824,0.904,-0.6758319719511785,-0.7412874654641863,0.21114333541977065,-0.6559000036544329,0.025132509166987775,1.1069851517135467,0.6102194261492726,1.4140192259678506,0.7390524136892235,1.1643549681224254,-1.6233563616758482,-1.3426172138613248,0.476926760444744,-0.4134145808150657,-0.7965488532952938,0.9718104756264471,-0.9668499202569423,-0.14794733325528187,-1.2004112115948113,1.0729571648726761,-1.2367551764256013,1.0716448620393464,-1.0348340414222712,-0.250968722638668,-0.4851267458835248,0.47976990865527763,0.9518347293202025,22.031009205388276,77.14081824392176,63.09298306086108,40.573241899452746,87.63781532513545,81.40261210978154,Desktop,Fibra,63.50494541272422,Administración,-0.4245419378809273,4.1899354666977615,-0.933365966088456
406.6848203847133,1,2.5519,0.9105,-1.2525120382072394,-1.1937765157642732,1.2705295918202193,-1.4464601694461527,0.00023422864907374444,1.7123669341320171,1.3941223156508133,1.4102333561277338,1.1509505905835333,1.528835315343896,-0.4515064120925099,-1.3669199645297014,0.14194452755594036,-0.4775126227067058,0.07964061777198078,1.4224976205584234,-1.5016263277055564,-0.11109175448836472,-1.6192271844132233,1.4191624388988593,-1.4981458446282303,0.30293603157182203,-1.864081864972072,-0.14490918735655878,-0.7542796969830079,0.48771162331803447,1.2725392282120394,23.101847490711645,71.92254892398732,63.13324647201189,45.01751586291863,86.8481264581644,81.03667698291319,Laptop,DSL,64.4637051720732,Psicología,0.05731817034656146,5.617033169387725,1.074465513230325
477.0461727381693,1,1.5106,0.938,-0.7294049372429696,-0.41093983410436247,-0.04757954977577196,-1.2956701325287299,-0.9020573309277514,1.4694432062055545,0.4680514396815023,1.2019323266325614,1.504343412662605,1.1351318431904662,-1.0460558817269254,-1.357496873983613,0.5653886059064437,-0.2666364307008858,0.31835715084382754,1.115905978870403,-1.170930906950307,0.6841494258545051,-1.0900165480660964,1.4494674619798655,-1.2766832888889132,0.054148129345006776,-0.047351815762078794,-0.14983924403888887,-0.5831471623423133,0.6786187789331736,0.045594918206015064,23.023055336534263,81.77559648740547,64.91217776742035,45.41663786210791,84.09401546149063,78.52978304758474,Laptop,DSL,59.90556550942671,Administración,0.7383404303187396,4.459775314422617,-0.27718696068684245
417.4155865185898,1,1.6311,0.9345,-0.36585011108636456,-0.5918181429647167,-0.754870625172219,-1.4581451812739235,-0.67263389601365,1.559342381584663,0.4968499046536326,1.1567289156650469,1.502670004311778,0.8510229560945431,-0.36533611206315697,-1.1462822412620393,0.3707651210792909,-0.06997364748126757,0.8406973102900246,1.2512147782551595,-1.3628552447276054,0.6773794208817205,-1.4029722857569524,1.4752834985982461,-1.3088748768896734,-0.37995559224116243,-0.9692673149620558,-0.2452776214475567,-0.7266558337737244,0.6755391891535366,-0.025098163236082226,23.508546296141347,76.97385607961192,66.87239044778407,43.71971680032358,80.2106579839863,76.02805181539608,Laptop,Fibra,63.7268104084764,Industrial,1.4932227895059988,4.54641783438117,-0.24424133937100923
394.7699316677556,1,2.07,0.923,-0.22375848795238068,-0.6205320449399475,-0.4623549410321219,-1.301849947350132,-0.47057358074524486,1.4646591009755219,0.4984928504926374,1.5182859462104887,1.2915319948482447,1.740633500374396,-1.6000214901248295,-1.247304488697681,0.16889483660294363,-0.24361644128252674,-0.07084777349084079,1.4138280198319988,-1.3717550238249137,0.05514148898573173,-1.301239663080633,1.4039312521198473,-1.4157611737853566,0.4511899602576762,-1.5367649473960159,0.1606216460136976,-0.9600097555742508,0.843745251499782,1.1396662062054486,20.11621516194808,74.8509629527051,69.03846220157185,40.22665526451992,84.01057265658318,79.23626655007119,Tablet,Móvil,65.17213372640899,Psicología,1.0311637298017493,5.153513326647043,-1.1289489334215812
403.62624020097695,1,2.1867,0.9163,0.15992517078590643,-0.9876970726081168,-0.3907747765989082,-1.2175471208151012,0.773893522586873,1.4550765434816522,0.8467159621050183,1.2562445918699092,0.9692575461719131,0.7655635041434427,-0.44403956526263894,-1.573993104419294,0.9215009064405209,-0.6976391452054408,0.27632691784753344,0.7298017398106017,-1.3986392980419773,1.3994061768102906,-0.9818678487295307,1.450040708245226,-1.4639736369903662,-0.5567524949153739,-1.2540480627477242,-1.5739791513555335,-0.3259541800460833,0.6301564685021607,0.17542145770367326,25.66336420993772,72.63305901354603,60.47306446793521,45.18124118775148,85.14871062920672,72.9248903201769,Desktop,Cable,64.87104785617366,Administración,-0.2647876103124952,4.87012105278581,-0.37964006275984674
427.659720422835,1,2.3609,0.9176,-0.9786711138357819,-1.1117343636537191,1.1201226860961986,-1.5809259331615169,0.02122821690847451,1.7618288334005738,1.307816380736468,1.4783293714265027,1.272366275880821,1.4396081663502942,-0.288545947910967,-1.48091433906355,0.08176449600725731,-0.38088699814355925,0.35451873057583855,1.4955299604381584,-1.6634343884491998,-0.005780465969715725,-1.7245860766149665,1.4350868865010744,-1.493323608507601,-0.07409757168387995,-2.0268326980352813,-0.26770024748624166,-0.8836678408202691,0.6742013725425844,1.009331636746098,23.528641592106528,71.85407887245292,63.98603562601648,44.398973123309645,85.47811378757312,80.43731995421426,Smartphone,DSL,64.97261345484738,Industrial,0.6193561255284831,5.776213994905134,1.126964593999187
400.0595507895436,1,3.1203,0.8747,-0.26803273419134666,-0.6318685951792505,-1.5856391914894468,-0.7892788732993831,-0.2834066413571142,1.2165121195968676,0.2640934111430447,0.9323827997594474,1.0871337568603296,0.2648736912912706,-0.9860541376450416,-1.1706989516894637,1.2360040868416342,-0.43899504952564916,0.10828213501429806,0.5280255853809186,-0.8246235415162407,1.4140826180532646,-0.8510311361976508,1.4837247295028078,-1.324715707764045,0.21820215986977345,0.15657911371834246,-1.0330249579981108,-8.935542352497646e-05,0.27745210725703423,-0.4254335476526472,24.818803022734716,81.62218486066506,61.45342603460723,45.38130355140829,84.05072658183165,72.10876137594559,Desktop,Móvil,60.85156889594511,Industrial,-0.31174040151008514,3.520359156509262,-1.632686877455412
486.7497068576968,1,1.7686,0.9282,-0.06419671688479098,-0.3570578143338136,-0.007751262843378111,-1.2023981398578323,-0.17043000041902182,1.219325886800622,0.2940792535305509,1.5660129828408944,1.1284827175060523,1.6120096847469088,-1.3665313594219537,-1.5612140347179047,0.8180615744454783,-0.5517708656552095,-0.2584990137903321,0.9964984905125573,-1.1056622945943975,1.075886221026434,-0.5470020673947069,1.220195639019641,-1.2633865890746567,0.16745605785048526,0.0855852207003982,-0.6396790634459072,-0.533174849247231,0.7994262078796366,0.37991265494984944,21.757990949055998,78.90312419611536,63.62568837050865,43.27424155699821,85.59909741573559,78.71909377022877,Desktop,Móvil,60.044055100099655,Industrial,-0.028733430679885232,4.503817570317218,-0.6985995928272324
397.1679643592355,1,1.4268,0.9439,-0.4609759984602586,-0.9417096385455875,-0.2578716941835327,-1.4621816356414619,0.08800575080980284,1.4589170071967446,0.668932681956929,1.8205818870601922,1.0206573666661583,1.4680040628400586,-0.13786815659764884,-1.2694937087262248,0.5387041717363431,-0.286950230473796,0.09594211837276273,1.5286937676908379,-1.3335155298766654,0.5612363494965822,-1.331454969141908,1.2265137232313992,-1.4489191146337494,0.34778830776661845,-1.2565282994698213,-0.4441669854716407,-0.7268775057970845,0.48316204587388584,0.7311310314615218,21.4393745558099,72.69927733208958,64.5236527372301,40.89022614758022,82.61197343015603,78.49576964238221,Smartphone,DSL,63.14650457485833,Industrial,0.40557362418607046,5.03838159102942,0.1506355558362497
471.17243053423766,1,1.494,0.9425,-0.645081204532673,-0.8210075334996618,0.9340869924947914,-1.60260596661021,-0.03988433127362819,1.6474822100768374,1.0447400189297391,1.319963758507696,1.3336863520604683,1.1840747672671625,-0.01747792127426082,-1.5100450554988292,0.29303599976539124,-0.3815068438643659,0.6583027673518722,1.2575263093128966,-1.5611005756223886,0.6086076909011747,-1.3421889486715803,1.361116558304775,-1.3275856043809555,-0.6121750111820481,-1.2288514707791889,-0.5958310250814031,-0.7388638718746651,0.7458204893440237,0.3312474693669248,24.733497279738053,73.7677018109562,63.08876535678093,45.847987519220304,83.5962786896183,78.98395754892861,Laptop,Fibra,63.473856996334966,Psicología,0.7521922350615069,5.194400024468326,1.2200017917918897
506.4577897113703,1,1.4912,0.9433,-0.01080822104099428,-0.4456534180109814,1.0003002096207734,-1.6455351240649312,-0.014598056157245666,1.4756441823928894,0.6967544972130669,1.5759359485062894,1.3204891696902528,1.8806086321992372,-0.7907862524691227,-1.6647647662330822,0.21219469680487038,-0.46045327614869935,0.3171671790653376,1.2962876495945375,-1.5734639567653637,0.6883306061058001,-0.8704642812717573,1.2134461484444687,-1.2398130941180372,-0.6202631661912794,-0.9902079688035558,-0.4722036441576545,-0.961231957279618,1.122498561039947,0.6586376426537973,22.44555185169969,73.40373928371099,65.56131846256801,43.54904936834086,83.90726979480222,80.75827012629625,Smartphone,Cable,63.457067525022175,Sistemas,0.9385642050710894,5.317660565220657,0.6226489534739847
384.9178000776076,1,1.3399,0.9457,-0.04926201040880314,-0.7556964970612221,-0.2670425128504061,-1.3082556691312746,0.03529414974866188,1.52459710130662,0.8310775003054386,0.8832258161875055,1.284931811271183,1.0410556293201447,-0.9330974115710018,-1.3235270945052082,0.6111554017187412,-0.6285757343076402,0.48999111973031473,0.7269953924905489,-1.353042064704079,1.1586758294138728,-0.852415929125119,1.596152151808167,-1.3872086742153498,-0.6223707786030647,-1.0499394820428014,-0.8852128624004091,-0.4501594152605099,0.7101687765689807,0.40499792943578816,24.758294555738622,73.88189272977377,63.71913923538115,47.02207219490285,84.51554660638216,73.78092048368684,Smartphone,Móvil,65.13307366031623,Administración,0.23064861203291986,4.7816741099592495,-0.5102720874692347
469.28251490806144,1,1.5716,0.9336,-0.3556982682985866,-0.3382159833698437,0.557611285651326,-1.2561927584815962,-0.4648088166777023,1.3000814918358652,0.6082799008817854,0.9122022932240788,1.2956855511709324,1.4336307037228613,-1.171773874187814,-1.2992090034536692,0.5334581986873029,-0.591955766339011,0.22765222479497207,0.7455667877630034,-1.0894295773540712,1.0066054390579553,-0.4359918654089538,1.3274424956202922,-1.1246363206002186,-0.36591444010829416,0.05051375008373112,-0.4019416317265956,-0.46205509018955077,0.7399169719092059,0.38097770018048727,23.496547206552727,77.41541078667434,63.87462599790525,47.45363098374315,84.77519601332725,78.38918963752548,Smartphone,Fibra,61.72278622578489,Sistemas,0.1164873605499911,4.207004788718169,-0.02868520262364355
461.3378072057316,1,1.0423,0.9566,-0.15978383743414204,-0.4037735391446883,-0.2359356411822503,-1.3894467886637882,-0.5695606469897959,1.46539976018308,0.4670690397510248,1.1412422596007203,1.4730355703203584,1.1240033706394157,-0.9043218539523276,-1.3377091471509084,0.3451669421790171,-0.23343499299760337,0.5897910623727332,1.0920573689670197,-1.3581857097224284,0.712702928314585,-1.0911496642342453,1.408060804831525,-1.230786523570735,-0.4733668586019401,-0.7506523606759115,-0.3121762110311113,-0.7474056758620292,0.8870974251616468,0.11760437575705748,23.37461389688443,77.44236047981485,66.57570056985338,44.14854164045801,82.08776099782429,77.39112198066768,Smartphone,DSL,63.46262580698406,Sistemas,1.2672328031685753,4.579230550881337,-0.34350527011737314
578.8332332067962,1,2.679,0.9004,0.2308875373503139,-0.04329393314458165,0.2359073537734048,-0.8199048525047226,-0.3590129147164571,1.1758819533776117,0.1518803438422489,1.4606177859944085,1.2723610740198694,1.468544148522849,-2.6311310315262517,-1.9447247874863025,0.35264641950538894,-0.4076319994213644,-0.619283571878002,0.8721629399237116,-1.2972028642635394,0.1425850610258043,-0.9468805015037985,1.2323663103329516,-1.175815119406673,0.2582148550840419,-0.6622582757425397,-0.33523490209978485,-0.8509933947528148,1.3653995454264147,0.49429975833560313,21.95605335115689,82.59443741282286,66.49646382901645,40.36850942992456,88.55005584397449,81.5376400684049,Tablet,Móvil,62.61933952486205,Sistemas,0.8002900652876526,4.6627687747858575,-1.6786474277204786
521.5814475532273,1,2.9537,0.8907,0.4767081583019801,-0.3470304084271045,1.292345484988769,-1.6743257666734115,0.3679291405028996,1.3129118128831232,0.8175955150942672,0.9393081112574438,1.1894788115781323,1.2606002367818745,0.3037902675517948,-1.3698978388492409,-0.13499165758406684,-0.3644914844688987,1.1618348139975607,0.9210149766910073,-1.6043731085444168,0.8978520321295257,-0.6567134249249709,0.9606638281200502,-0.8561657636756328,-1.8800718534454426,-1.3992587478866259,-0.7957007163968176,-0.9081130032199302,1.1644088685774925,0.1658075360858538,25.708125390843342,67.06945154752015,65.38821601044438,45.20459068112637,78.69148506315238,79.40578112786596,Smartphone,Cable,68.2591653155333,Psicología,1.548816069972735,4.398254154834052,1.6630466943939264
354.5434283502806,1,3.288,0.8833,-0.585806632493905,-0.7802989455905757,-1.288361229807408,-1.2458908443914762,-0.4165558586018569,1.4527680033729586,0.3188496386413993,1.7474055689201873,1.2115402037557277,1.5982980555527775,-1.3811695728279894,-1.3863737339223572,1.4982195435493815,-0.6945072882916687,-0.4729287098212914,1.118179534654654,-0.9285412485374707,1.6120250872371802,-0.6599032944924741,1.6630293733818549,-1.686196374587314,1.0201890310422752,0.582264336246607,-0.7376795102101914,-0.19241272834644313,0.2728284950069302,0.45888825593461685,20.48752996292494,82.24386940315262,62.02092844849472,44.91245848153928,87.52542541341568,73.96134372770666,Smartphone,Fibra,57.95298975166017,Administración,-0.9785412746173502,4.880635870932993,-1.577217379158892
434.09358971286537,1,2.3494,0.9141,-0.199708419580876,-0.4422876359805526,-0.1318450623792773,-1.092193237622917,-0.6612929121813232,1.579950676196622,0.6545246039353074,0.8905717429646387,1.5943979710702156,1.3700414238508287,-2.6311310315262517,-1.5693900996518506,0.3503371992020113,-0.5609944153522507,-0.011690325223245628,0.7802013209506825,-1.399208112693886,0.41961012898632044,-1.0572413804619027,1.774199304960955,-1.4384040310678072,-0.05078016026609429,-1.0610365799848658,-0.21076941111942946,-0.7046207961401796,1.0798251138082078,0.7582299196840507,23.02687974675782,80.13532710792633,66.98967821408864,45.73578074801014,88.40601050318216,76.69035925596998,Desktop,Fibra,64.26898508660959,Administración,0.6621361483986736,5.181104641200419,-1.7214550616448963
426.6817886752683,1,1.7769,0.9251,-0.7546194121513102,-0.52681626240696,0.760525248239745,-1.110561853847908,-0.5559672492305032,1.25290764456863,0.7930822847610554,0.8449022806249957,1.1226311423178752,1.53956428631412,-1.2071517982141313,-0.966842128157874,0.11646673745344274,-0.4411129107737041,0.018591587680258273,0.9241078271663415,-1.0183714181908001,0.13866580194522268,-0.7538814666568908,1.2073186472910056,-1.0791304323270288,0.18411233082015327,-0.7131637786362114,0.22210554742260127,-0.5905072452063169,0.5491196948824976,1.0430261392640943,22.2678343604966,74.24596841918404,65.72713148168059,45.40720187993431,84.41359341213486,81.03362741043188,Laptop,Fibra,64.4602457649411,Psicología,0.1809839550975613,4.100795946173531,0.06874132625589897
373.6759597082343,1,2.6984,0.8958,-1.3474885471202598,-0.9572025444643357,1.0725527922566542,-0.9450261392613651,-0.3038355753104648,1.4298302905381164,1.2683283387717392,0.702140634714801,1.0495346307715188,1.4727086503557978,-1.5937565286412518,-1.1230847395525736,0.5857429389334764,-0.8941921886839382,-0.41625604717731307,0.6316609324296572,-0.9317202159058897,0.4170000855436599,-0.7065186545967567,1.5444958918371,-1.3775745471920886,0.6381725577833659,-0.4970069383999693,-0.1898720490457811,-0.17513437520969652,0.22778070168151487,1.3195887655858511,23.49049649592688,76.11711106098525,60.97249245955325,49.7985452999237,90.40195224255766,78.78674010830947,Laptop,Cable,62.322569399672645,Administración,-1.380368469752253,4.553318973325169,-0.07872083322274685
535.0024353006223,1,2.8875,0.9005,-0.8962553283206527,-0.799259109678848,1.9760341498603835,-1.8722800848004642,0.048417066738756946,1.761823165333552,1.2762269632871168,1.3730425063665062,1.445487695892905,1.2711283810484737,0.5673782816577205,-1.7798492057907076,0.4124205737691192,-0.5346452797553382,0.9042438240669305,1.254508052786361,-1.6659616567085764,1.0111543392383,-1.172612099549378,1.3489066564066936,-1.302097541268093,-1.104484692504729,-0.6600824380707119,-0.9083200682763433,-0.6784919223527068,0.7989051591123392,0.002726560352745429,26.249105168405197,74.67327646817857,60.07139877613681,49.2619657332871,84.46942801869695,80.02669057087013,Smartphone,Móvil,60.69097960269119,Administración,0.5035048532145692,5.449153633978062,2.536983729304676
558.6914707067572,1,3.175,0.8897,-0.32681144884729973,-0.5991392684189364,2.3107386647950454,-1.8051713487738392,0.6365267883935379,1.2747980990440144,0.8875162542926667,2.0456662713251847,0.8486219395794037,2.277956690132107,0.4246444264369132,-1.731960674436034,0.3750991847569488,-0.6207719742620689,0.011728700145679385,1.505321670073657,-1.438058844607413,0.885378156944993,-0.5200421200048801,0.7235199753482696,-1.1064991533635538,-0.4527690148543915,-0.4526033415180949,-0.7581810805635522,-0.8542094654061018,0.8514874472271301,0.8262747370368182,21.98240022066589,69.50531897111465,61.14202252090332,43.28555056809596,83.83738127349271,84.91473172763764,Smartphone,Cable,60.76928187727956,Sistemas,-0.07885643771268544,5.147708799376378,2.4795864384198754
362.8391514683463,1,1.8828,0.927,-0.06853887822274299,-0.9246124567073316,0.01943660778393619,-1.2052466720207933,0.4508268140957659,1.4734189213369524,0.9711379300509638,1.0632901433972841,1.0504650187702702,1.4165562078093115,-1.3231875370558088,-1.4526012158940205,0.8497086741552801,-0.9469020933803258,-0.07711376075181664,0.6342585950922031,-1.277419161769365,1.2938937064030018,-0.5877824970877583,1.5961012185490668,-1.509648788881616,-0.20986074410508673,-0.9712884476852433,-1.1221805076264701,-0.3098108941008542,0.6216238773626016,0.895528576822551,23.96393504193249,72.78948939623233,61.61870743959968,47.31517391500815,87.98883449379707,73.96228009392533,Laptop,Cable,64.3804648901242,Administración,-0.8162256540091226,5.0726036872273745,-0.7242373250788187
494.5021518350089,1,1.9386,0.9284,-0.5937892127852011,-0.9098360972411429,0.7062882037990239,-1.6711717240797648,0.27348416743383275,1.5471985268105557,0.8068970266136796,2.0456662713251847,1.0824943043613573,1.4211505797573323,0.4581286832680387,-1.6495125646802984,0.4762014099092062,-0.24034024930207165,0.2905952259138042,1.68450289098197,-1.5569323369878212,0.5558909412573418,-1.523045477050919,1.0921567764236435,-1.3981386842160441,-0.055186800851123326,-1.1939985172125407,-0.6964482407728873,-0.8540650757185076,0.6677216233134969,0.3510929375780197,22.77060777739165,73.48927023579076,62.52540490922768,41.24843386778949,82.7862928931071,80.95790998175373,Smartphone,Fibra,61.52009393816995,Industrial,0.6630140648128193,5.366958865805789,1.367445173408182
519.2271652195731,1,2.1183,0.9171,-1.3854165012705684,-0.7740502409174769,0.7758060437828013,-1.0594026988857328,-0.5643081094882668,1.4748503196835259,0.8487648985458478,1.3673054551865282,1.2191077929653389,0.733674576530575,-0.6064601876858674,-1.4522994544495718,0.29622875534026993,-0.10718344503412378,0.05059541869407944,1.3013406660556661,-1.235458747724026,-0.26365713799957974,-1.8213626046071574,1.2358480940101373,-1.2602584707385718,0.5388140081296974,-0.9236856186553624,-0.061763811307620965,-0.6293497344333817,0.49238467928915824,0.21199910783846368,24.14085645284532,80.65254014000841,62.67143374627416,43.34450089634899,85.6201522105714,82.29897369068898,Desktop,Fibra,61.16661113333534,Psicología,0.5696748963955843,4.537626457406972,0.5628333309289144
389.7507516622006,1,2.1296,0.9205,0.02910604652559738,-0.37639295424514746,-1.0485353068618337,-1.52473811456001,-0.8685291754068406,1.6180224605556448,0.3331673881822964,1.1413686558554899,1.7111601478666063,1.4641484399135676,-1.551167034352606,-1.3094199695312427,0.5843392028631419,-0.37277008096564074,0.5606886247568552,1.0907611670387225,-1.3730581573855312,1.1465014681689945,-0.8852844640629609,1.7567121976592466,-1.4604754393040278,-0.3562042419477742,-0.4865389801080254,-0.2592648446037143,-0.7299286888534472,0.9332907265830974,0.3016993147377482,21.933899591453105,79.1445848311912,68.30434931647166,45.24718199134709,83.06787932324428,74.21165600864944,Smartphone,DSL,62.43109660736101,Sistemas,1.1871130632210714,5.0197247685301285,-1.3676036102855327
444.9518929219071,1,1.8962,0.9246,0.00979395087870305,-0.19573729372279094,-0.557512607665677,-1.323122097089302,-0.8781476605548322,1.4255734893400231,0.28249933270474326,0.9873009425011953,1.6002847006958831,1.3541485094431487,-1.6657088944866507,-1.2965590509778784,0.425622047444722,-0.33332602935416256,0.4418093956778077,0.9335865979907372,-1.2509255023440102,0.8850819375016418,-0.7674012878295446,1.5370683841477906,-1.2385760659954554,-0.37988379181174226,-0.3275443444951019,-0.1533144183754737,-0.7098535295928735,0.9786541246607453,0.23364465349461053,22.43596547029388,79.54975819672688,67.96804183258358,44.96832357871022,83.06724728647671,76.50173725029676,Smartphone,Fibra,62.80024345123854,Administración,1.1790521701885188,4.490908975138467,-1.1618727866139058
372.7310179094874,1,2.3565,0.9108,-0.7236050385626526,-0.7501542814356542,-0.9466397423469721,-0.9707063573014928,-0.7682085369046386,1.5435188254509633,0.5915020168255095,1.073825698471858,1.3993296571577911,1.0018348636659387,-1.9420485447651767,-1.227288363221256,0.5786998785899378,-0.34542120785124103,-0.10603923818655911,1.0080760415492978,-1.1593408254635775,0.2763923398051079,-1.4243575494486456,1.7216125938872262,-1.5302711867840468,0.7077599154314977,-0.9921659965817122,-0.063689251484336,-0.5203445788999237,0.5443758082844423,0.6524375232948089,22.319722057855625,80.7824567439065,66.07023493701476,43.93504858413708,86.73018757344119,75.92910095551193,Laptop,Fibra,62.985837763699486,Sistemas,0.36181908313076006,4.769925818870359,-1.7780690171757925
508.7278805249602,1,1.8556,0.9282,-0.498824655489108,-0.7929253154708708,0.6272821284667132,-1.180057518961649,0.3268883146193525,1.2736117759503782,0.6346288672103682,2.0369748830295027,0.8196176746346842,1.4596283002261154,-0.5808742286969252,-1.632025672314637,0.41437322080385036,-0.28109896447733407,-0.42194683448265,1.489522906951208,-1.3272566193301456,0.0510009442783665,-1.4238521412165288,0.9401068659801495,-1.3005057247598204,0.6051272340947748,-1.2743239486864435,-0.4883714453486825,-0.8017038682196017,0.6856243092552131,0.7406194943304667,21.710827841791303,74.69874934522673,63.05891272830089,38.80488419172276,85.2425138390499,82.81045246511299,Tablet,Móvil,62.55543917871245,Psicología,0.23840481254181062,4.942700163850778,0.3050654444133115
410.5079629630275,1,2.8914,0.8982,-1.6413100861030043,-1.5145382026316163,0.6316285892338098,-1.3113821795410068,0.29517594430271216,1.7031768452915514,1.3291022142196387,1.7760119745112106,0.9330481072298759,0.8407199907859705,0.43959354371740367,-1.4821608613078017,0.8124160871083279,-0.4314876926345402,-0.046609569131817026,1.4769027636502865,-1.3348288417999765,0.3362838620780688,-1.8539747396302162,1.3929434081024958,-1.6578720724080742,0.7726047228367475,-1.3062079858070217,-0.7864691438666829,-0.3723284429139957,0.03197428092618262,0.5381588907271865,24.40190675633685,75.60201400142674,58.140098635964335,44.6293519152153,87.15868214757037,78.86141169645991,Desktop,Cable,60.446830554252806,Industrial,-0.7138246859725433,5.3385668399373865,1.232548210664821
352.5478074694828,1,2.5205,0.9089,0.08385542205134046,-0.8613882183989738,-0.7816071188268494,-0.9620960501002371,0.06935701341300067,1.582638875426522,0.8417017305042617,0.8560548316289628,1.2910003305988509,1.0120435544341808,-2.294514242051604,-1.4795260090267102,0.5375099216603423,-0.6893314747961482,-0.046483155884417794,0.6226837663973271,-1.4334224321298437,0.6206156399382815,-1.185893100290115,1.8282227991981255,-1.5840155794788642,-0.06587441335186019,-1.853371779374331,-0.7731311314203565,-0.5231473572636739,0.8692304436896013,0.8927273442961019,24.05701204123736,75.45898168958034,65.29875003738935,44.99661592755512,88.37203054277306,72.99990167064362,Smartphone,Fibra,67.362170979184,Sistemas,0.14526180087378587,5.246356845501483,-2.0982640726776065
607.8050840653618,1,1.8326,0.9265,-0.2910637537535808,-0.2637036112188991,1.597924639312002,-1.3596393992772313,-0.03225669823715596,1.2066411171767537,0.5666322246492892,1.5906998044772331,1.1031638179548153,1.4992306136380513,-0.4988431954012057,-1.715236594080307,0.18554768792136922,-0.3047048521709838,0.13141057937524273,1.2111635508234297,-1.3528663154476197,0.38168509576029347,-0.8989782681171774,0.8416075902063189,-0.9593471644601055,-0.43944560319660175,-0.473116102142606,-0.4478379839056569,-0.8549880886234915,1.0343665739812617,0.2190390011829643,23.420446851081724,76.10774234712105,63.4458001980275,42.56388042162824,83.60777382354352,84.30103077419005,Smartphone,DSL,61.774534425363065,Psicología,0.8237221225375009,4.477835030626506,1.2097631522175492
388.3312381691602,1,2.8012,0.9016,0.4764124945049141,-0.6324795015107783,-1.4408142689809398,-1.2097938942506015,-0.2038647921708138,1.6807843966751599,0.5311481983423236,0.9212922434484531,1.6001002123184465,0.6530663870003487,-1.8050251290865602,-1.5500888134025685,0.4735243687906366,-0.3644800413629107,0.6316094522970808,0.794243469969679,-1.6374471226097722,0.8658162122722154,-1.4324945588886036,1.828415552969331,-1.5368047368220294,-0.7173048699154186,-1.84375638212781,-0.8573289291629287,-0.7220259004690408,1.1156190906425707,0.11909518991824075,24.8146596509994,77.18215929370868,67.43487786898416,43.86646582235057,84.26004930857681,71.40181561684254,Laptop,Cable,67.3497761642471,Administración,1.4380474356814048,5.21219614912368,-2.067013289769264
410.8446214399268,1,2.3002,0.9121,0.39073491471637933,-0.43030901757958706,-1.0568671780223537,-1.4947000070902703,-0.33449176023851723,1.5212608120667892,0.37989156094173254,0.9874790506837974,1.5403895733132285,0.9189834201636907,-0.7440779845850151,-1.3202662017827405,0.6245030464089529,-0.3561806463181462,0.9346591461543207,0.8728564769639435,-1.4181490467625288,1.4648014988069913,-0.8567842617841154,1.5945144613897284,-1.3189541407971748,-1.0179436098228838,-0.7078631294533266,-0.8418361461100226,-0.6111142467021874,0.9213666881948053,-0.20080726910384727,24.364070913927204,76.15659593841937,66.32677499305099,45.508016167562616,80.76845568633279,72.54323233645144,Laptop,Fibra,64.34359409879471,Psicología,1.2754288433805603,4.593039293702556,-0.8314142699021974
310.34647629219614,1,2.3759,0.9126,-0.32737540853094527,-0.8511780676000409,-1.4452717860042443,-1.5805989714973117,-0.45748162363477757,1.5114343310712495,0.35616822131273507,1.8277883583709726,1.2278071183674493,1.7486769469004582,-0.486789136394185,-0.9498759732296477,0.6245474643833114,-0.18433479630249575,0.17329335146096486,1.6844093873766133,-1.2327660399270977,0.7505103780404246,-1.2205054740443804,1.4350213237074054,-1.5717390421912865,0.6436343773558605,-1.0197768707745796,-0.024247161176218987,-0.7822582115958236,0.40806631534939736,0.8976165505749668,19.545744745099253,73.72221055016328,68.13846042149561,40.07766241088376,80.7454855467108,76.13448285536926,Laptop,Móvil,62.728973242080215,Administración,0.7524832856906611,5.045190630496599,-0.877224104403242
434.3430809946929,1,1.866,0.9253,-0.13479152519746007,-0.901373452111039,0.5045507192120785,-1.044478639018253,0.7170877668861052,1.3329257910384478,0.972833793635822,1.1636180612504397,0.8532668909109252,1.1193106649278879,-1.006694992041072,-1.6031269469546907,0.821556540026295,-0.8729920372027591,-0.18741534935603374,0.5984001676981692,-1.246768687933754,1.0924318170234093,-0.7119805225260467,1.3410615914964108,-1.3652727693996938,-0.21532853864693866,-0.9618684422824109,-1.3147958382532496,-0.276761917517243,0.6227244359596407,0.6180976361859123,25.07006022766508,73.22719516676722,59.65514272544663,46.19194184787909,88.06455179381491,76.0681177800163,Laptop,Fibra,64.10163436302568,Administración,-0.8875228952111353,4.747731403199405,-0.21341175378379754
449.4340680962149,1,2.1973,0.9101,-1.118307862105372,-0.6522216401830796,1.3088122854078579,-1.5056934548029823,-0.5000817739086445,1.3599474004055259,0.9836395096829267,0.956604323186324,1.15809914831995,1.378226150077851,0.3802742369692461,-0.898405887450571,0.16178086584819393,-0.33103697316293573,0.6404346397270607,1.1602313054120255,-1.0875768380541406,0.4910865608667153,-0.8272415048414229,1.079416026094339,-1.0132800848956638,-0.32249991362455227,-0.3777605374561616,0.04111378055924933,-0.5560058698080175,0.3433904441290088,0.5429633177935737,23.63229825674256,72.52704660568239,63.505027554280346,47.35257723200809,81.14398943336502,81.4903244342787,Smartphone,Cable,62.61068340819888,Sistemas,0.3516655642977184,4.033100898047597,1.8734238533850522
508.722948537804,1,2.6488,0.8924,0.048814535610021886,0.10329664969445423,1.1552857732543589,-1.245106514674117,-0.7062466131670224,1.080551020286173,0.47074440304224113,0.5638216495290617,1.3186438794445252,1.7903468579070385,-1.5445742944906884,-1.0776938094759039,-0.10468884308432198,-0.4728253228580598,0.385965927394517,0.6499402748440449,-1.0725981534381683,0.5489673558312725,-0.08386684712312668,1.0606474905032712,-0.7525589518275689,-0.8284672877678576,-0.16149147213179801,0.18023440559287848,-0.7534946248936255,1.0735569560399385,0.706592480208382,22.69978051729912,74.13381556069261,67.95469121849008,46.49828218352059,82.24908273753655,81.68823955130121,Smartphone,Móvil,65.2065292169473,Administración,0.9372769979806947,3.699820718288438,0.13700255723737764
504.20434929803736,1,1.8281,0.9321,-0.5741441830164519,-0.5220702417244604,0.22750354002084114,-1.3569291829272618,-0.49458928251448103,1.5025888805440013,0.447071261388648,1.9418284962547923,1.3597573552873865,1.7281069285634791,-1.4658576399467111,-1.7483280717481926,0.5264651814908026,-0.30101749343856704,-0.29058409092366017,1.5209432199684223,-1.3878456666334138,0.3076706886353645,-1.3340009936851016,1.345564571966538,-1.4578461244601344,0.5927411739946487,-0.6118527333190934,-0.16605739010081802,-0.8768675294547804,0.902580690634413,0.6012821842731775,20.77244223412024,80.85645732364853,65.37901543639559,41.13258464435406,86.65330910419863,81.36866404588987,Laptop,DSL,59.63658360952793,Psicología,0.6505615272276756,5.386792152105514,-0.4907985476924356
494.62882586683935,1,1.6814,0.9369,-0.7757265882441511,-1.0034552039244713,0.8621051438382936,-1.4295071872737526,0.3224469467052017,1.60698263553228,1.0067527231791054,1.7994716332134417,1.1088797225966174,1.1466585991637008,-0.1406981491929725,-1.8013927407376402,0.6250043744076266,-0.4480332381446794,0.0933510905366389,1.3647044183485157,-1.5266587076160556,0.5697939626244404,-1.540035330387509,1.2960937825514591,-1.48105893130929,0.01917535272024215,-1.1664400632279113,-0.9198380425507298,-0.6418835390434346,0.6455761664450462,0.334002560174416,24.29294420553364,75.9251971205715,60.47089165816862,43.74155760663611,86.38454867521168,79.66100725410334,Smartphone,Cable,61.30254379493967,Industrial,0.09059891050332379,5.446362579768508,0.9408080493037854
423.5226273725797,1,2.1898,0.9071,-0.3958826237584696,-0.5801477907112089,-0.6165483904285699,-1.2946599966326413,-0.28570224958162527,1.2336301559571263,0.3773898114842607,1.2197741647411502,1.0848706437319129,0.8813408818677722,0.13926553352807275,-1.0337689384415698,0.8978375905310767,-0.3225677024634415,0.48229643777887776,0.9785498835423605,-0.9428680950847317,1.3660000651385324,-0.7085746091803785,1.1927986517167888,-1.173733193656133,-0.1492393214377964,0.193837481196506,-0.7016833322496742,-0.2866044783734791,0.2999903306786151,-0.2041738370787989,23.57988870513744,76.7312698934241,62.56337714162652,45.02018283392111,80.4662701281956,75.81129100336805,Laptop,Fibra,60.623529141650025,Sistemas,0.15898446394195753,3.697391996343882,0.13415080109847283
524.6412541310721,1,2.2084,0.9141,-0.741565680957573,-0.7342128905479167,1.9700183668300786,-1.18128663537471,0.3381289361508625,1.2784358037551875,1.0986936839774848,1.326672080287816,0.8658591538648523,1.4984154649857981,-0.6033724844873747,-1.552961178799869,0.2119807383318858,-0.598969143343269,-0.1771150991948577,1.010486530050479,-1.2793498300831019,0.17155654476173124,-0.9399151678897327,0.9785130858004379,-1.1060925718069017,-0.06530906665650453,-1.0300435335993643,-0.5137879599528647,-0.6205139513473711,0.6969333293964891,0.8920451986259402,24.035995902937525,72.60007895888482,61.1172324752849,44.81230099024037,86.86236200118633,83.43490791763236,Desktop,Cable,63.64491272832952,Sistemas,-0.28167960008011245,4.6770868612339545,1.3014893571851094
467.7877896212264,1,2.7388,0.899,-0.24955669923267124,-0.7118348537142183,-0.20734763837954256,-1.6281998237653077,0.17702049196731523,1.4654838320390169,0.5024342077397436,1.7834876553574444,1.1831028207401897,1.1495596136031825,0.36635358668130275,-1.6302182814850443,1.2434009323891602,-0.535618890344866,0.44274574532708366,1.17737601600382,-1.2677856910803678,1.9157561405668206,-0.7587449094705456,1.3151803333101624,-1.42773765373823,-0.4082871866364011,0.30667690587069574,-1.3710360923130087,-0.3473885130675625,0.5202076239960116,-0.39636069060178497,24.01952258452309,77.76641347604586,59.782861615582775,45.65429372860181,82.95768294036375,75.19922857181092,Laptop,DSL,57.95298975166017,Administración,-0.1084153351468129,4.769007162954285,0.6327280389380611
473.063409668417,1,1.6466,0.9338,0.012925196726044162,-0.6311552611892728,0.9595855294865527,-1.2485798972884017,0.39465082065306767,1.3773678778834735,0.9703312350964532,0.9093126432003801,1.1034874049714556,1.1841896169455592,-0.8864530246747887,-1.5483078618540291,0.38582239329430923,-0.7179771223230487,0.32729146827740657,0.6318521439713604,-1.401486626742089,0.9213225937036311,-0.6884610108052075,1.3017215411918497,-1.176123017743196,-0.8855698824385996,-1.1077669695409764,-0.9964700358648125,-0.5256839220664017,0.9050897446488603,0.4962074885155707,25.56549652252846,72.18055208304072,62.24519595969186,46.96457684997427,85.60221746409752,77.4410505784148,Smartphone,Móvil,65.72338942161727,Sistemas,0.08496756600078331,4.689913791637616,0.3413533992659693
476.1416528613217,1,1.5799,0.9331,0.06985804198927494,-0.4646487815489539,-0.05971980876368005,-1.1853856568212617,-0.08260722850528411,1.341840636662328,0.60539872410255,0.7994205598077626,1.2630540092406488,0.6017105132904633,-0.6069039531363443,-1.3438728428090194,0.3830556856049033,-0.34021649878298926,0.727623680180251,0.6917107044979436,-1.3196517403475874,0.8968795764050054,-0.974496809402226,1.3080090446692767,-1.0923423220213047,-0.9435250592072043,-0.9347455127086713,-0.8194763007271587,-0.5368464840737744,0.8492805549548071,-0.17143582993298662,25.920329925930623,75.28199878708439,64.16773667186307,45.45872222921882,81.89032797108776,75.93954556844537,Smartphone,Cable,65.53692403985,Psicología,0.966602526923624,4.08947635697471,-0.11919801757143421
464.1791341583877,1,2.5831,0.9021,-0.2454337138622484,-0.7092708628488245,-0.9751928325894749,-0.6385070453280998,-0.06574955907291344,1.3267740761206026,0.3924409625571482,1.407749916840738,1.0756170463753845,0.554576970554698,-2.0485795150776323,-1.6730154181856194,0.7606256570618878,-0.3291127996431748,-0.49723988426233623,0.8680894736046466,-1.2027671937013402,0.24378325396081849,-1.5812087755724198,1.4529254046942608,-1.4603337280415682,0.7318573498013189,-1.2001364243359816,-0.7419887820426196,-0.47772374892213243,0.7313864764801702,0.22351120626821153,23.60088146195,81.9575411295801,63.50378442151639,40.47194018727265,88.03191826836168,76.59174063343274,Laptop,Fibra,63.22014480788073,Sistemas,0.20614887035799004,4.589999288102084,-2.1354381629129775
500.5180418552865,1,2.3176,0.9118,-0.11506642725340985,-0.5951129999107282,0.37789805248428976,-0.7091553083691049,0.14401812884909512,1.3350870892484048,0.7541968732274751,1.0337497899371195,1.1045837217069885,0.9081605138567617,-2.37558447652457,-1.793047937995511,0.38671090534377117,-0.5937499728057571,-0.41913869682481675,0.5993012945014692,-1.348940453487378,0.12786195814099055,-1.2218667552133076,1.41853368730671,-1.3048543255570983,0.0848434609489778,-1.4753518087497486,-0.734623286200639,-0.5727289386715653,1.024384972722675,0.6331713345161903,24.716502151597936,78.46702450067484,63.35974937564641,43.44171636163515,89.79168953810176,78.53261046991561,Smartphone,Cable,65.58714230681088,Psicología,0.10139963058300464,4.800573829834697,-1.4101089168326169
459.57507868260086,1,0.8296,0.9631,-0.28633987442591,-0.5153017962679676,0.12799250918481736,-1.1198031712261252,-0.1800430873593675,1.1824210512696898,0.493441633708041,1.3004110337852006,1.0005904919792046,1.3011673441483782,-0.8353611306279671,-1.1842114661270546,0.3054660512146503,-0.2830970144816094,0.01428884575657279,1.0906406453045387,-1.1180791744788057,0.3377481463536488,-0.956179880028031,1.0600832768927277,-1.1097644377783469,0.13493088196155925,-0.8546193575636285,-0.21382074258945105,-0.6641450519554986,0.6538462209348623,0.6015040874639473,22.247373081429497,74.50186216184784,65.38053242014873,41.7819930954829,82.74778759327668,80.21821567674318,Desktop,DSL,64.19217604609584,Psicología,0.5295827783946446,4.135574437828386,-0.18572592620236125
640.5020795630476,1,2.4357,0.9054,-0.1825052939437193,-0.18452697604606624,1.534059200307048,-1.195337450732982,-0.20743188976319663,1.3376536769611798,0.7065555109828718,0.9459387036833249,1.3778203786174192,0.6291487733197447,-0.7130891912538235,-1.7914677090050555,-0.10652066384127234,-0.1614858615924935,0.7125044947613323,0.8563123801558548,-1.547242091985289,0.13946983627397522,-1.3040765068811273,1.0465525662208908,-0.8653663096314848,-1.1968060229986925,-1.0795183390763117,-0.5657842747137837,-0.8684257730613225,1.27087747952055,-0.35407946579618826,26.913390849618125,77.78419241765782,64.06671569810746,44.56859116719348,83.13289878875923,82.29376446709537,Laptop,Cable,64.91888459424678,Administración,1.6828852849107339,4.2886870779707795,0.99492011612324
481.03725850026274,1,1.5647,0.9329,-0.6704978177600275,-0.6995978045143006,0.7864117681352646,-1.1918901902637906,-0.07405244544617852,1.2748892734938906,0.8481754160361213,1.0722355956055427,0.9908524892320786,0.836589888252132,0.08337252955853519,-1.1140995941128575,0.0648367131102107,-0.16341493767764634,0.48046193101814005,1.1009089728936379,-1.2244751350853564,0.09050107786321254,-1.3009338085002335,0.988510484649411,-1.00965763299856,-0.28751182027908867,-1.2742187324675796,-0.26126282179609617,-0.6543550256055084,0.5354364819615538,0.34384520439471566,24.579110318801597,72.41607236734582,63.86096929836384,43.3553888051597,81.2582604091117,81.02483170807066,Laptop,Fibra,65.55830841316502,Psicología,0.7852820527874763,4.00615816945375,1.063294063339302
442.9853389623412,1,2.6467,0.886,-0.08045692981896549,-0.331679509187682,-1.4169607096242303,-0.6281401280085159,-0.5958446251385648,0.9869468978132404,0.004932427272265971,0.9818164326255279,1.002286217550559,0.4723899754724242,-1.37850445328309,-0.929033665338476,0.40049411350415126,0.02539501084398315,-0.006585847270006046,0.8361240039216056,-0.8506521781386635,0.15261943708070183,-1.1895339825232776,1.096995455408736,-1.0184621414922874,0.47471781613043806,-0.7668030019481195,-0.07727713278103601,-0.5097816818348513,0.5498959053130785,0.05278763859427949,22.62393524363374,79.03708126323228,67.26727795649208,39.392419556266205,80.92944621527401,77.60936591754376,Laptop,Cable,65.16403205618239,Industrial,1.0031586839932116,3.138976278201466,-1.84134008331411
437.0500970304775,1,2.0985,0.9202,0.7626758245551511,-0.19442067837105315,-0.3496515760410801,-1.7192502444391127,-0.16253668441358357,1.2828441907008252,0.16456628879912705,1.5949666058151706,1.2946486379416355,2.126193006997562,-0.8396443511178221,-1.265952251606957,0.2048429066334573,-0.3052989031201268,0.4780039357978073,1.3506666665853202,-1.4388986273517745,1.0277284038925063,-0.48650751721284974,1.1302906563430566,-1.1533741573323073,-0.7065443891124,-0.899130565771795,-0.2718874860974215,-1.0662195283955456,1.1632322708592542,0.7209673200557549,20.09956019720864,70.72232764626415,69.87755687371617,40.56044383976322,79.23025103012198,78.40629228707463,Smartphone,Cable,65.32856063795217,Administración,1.5392118196362319,4.827920105807846,-0.39218993917103356
377.79033665198455,1,1.7795,0.9337,-0.32756889211605356,-1.0087884251044341,-0.5772547030802586,-1.2918979472923697,0.12674193868261924,1.558513342151763,0.7209462612987879,1.7263978026538234,1.1047971853477445,1.3800856163608535,-0.9981568566420754,-1.4404948192672236,0.5649011599783696,-0.3889747826522481,-0.12235138757551216,1.3812800535045007,-1.4349892514670235,0.4232124776597714,-1.5002960648028252,1.4653436754357454,-1.6064398856937354,0.486514787532976,-1.687563292824691,-0.533970959487682,-0.7304182350165287,0.6265784873786434,0.9041782095888039,21.67606395503765,74.17952361412434,64.98644395225806,40.85055068591831,85.39699931306046,76.9426470731377,Desktop,Cable,64.30605359192727,Psicología,0.33034905126920444,5.433696571178529,-0.8318439781918376
443.57125532989807,1,2.7139,0.8954,0.4545912402103441,-0.5325115157703045,0.055209897376030666,-1.6908594458758524,0.49834047372137513,1.2272972054508682,0.49882637199904967,1.4100309895265504,0.9794939404253002,1.3898155063598767,0.6754395943813303,-1.2401016948785435,0.6837699070637338,-0.49844662718044097,0.7916802471555757,1.0242492917159531,-1.2837412719511123,1.7765239951612046,-0.3305098918545726,1.0045621500426283,-1.0903854141577352,-1.149288011325433,-0.3831243465316276,-1.184279267922095,-0.5459651031735916,0.694046905671441,0.01610384644281568,23.817599248111183,68.99728756279123,62.982554176227424,44.51119465128069,78.60350719492958,75.97281432843808,Smartphone,Fibra,63.728522739453496,Psicología,0.4726831943253914,4.222307558785806,1.0187122414163623
573.2806998050035,1,2.1707,0.9146,-0.20801879910335308,-0.41462118135976594,0.528543159923355,-1.1682406219232908,-0.23901695810201393,1.3968088404491525,0.6121624778427398,1.1231967516916723,1.3312808494555153,0.41359178409699643,-0.4859357641739134,-1.580214494646188,-0.11573608543533032,0.0714099137609169,0.7454958126800275,1.1140406705365633,-1.5650949660422422,-0.11427812683048555,-1.7656025549831293,1.1054581405144916,-1.0078284141034546,-0.7896303380854323,-1.6851204606268344,-0.4109710809538757,-0.9376627363694019,1.0884570878962785,-0.27950361202037566,25.946135398910112,76.7772282165342,65.76185948726184,41.5626284514334,81.27868363375039,80.78229136846143,Laptop,Fibra,66.32642235210483,Psicología,2.03141413809387,4.364738846380126,0.43126338983745305
366.70472947105947,1,2.7528,0.9026,-0.26202693068846816,-0.9982468139497196,0.5820416457581024,-1.8785993157684953,0.4613945001191031,1.5750142585248281,0.9778081511804512,1.7754252418656298,1.0644812597051745,2.048213049990896,1.1099297542453757,-1.1870759660010541,0.6406726132380598,-0.606206551852191,0.7284636338204762,1.5356027204399465,-1.4613550242299358,1.5806227193579834,-0.6165995006610577,1.2063081254852352,-1.4147695791160246,-0.6875613587210607,-0.7864601510043514,-0.8568849852650979,-0.6773215521816717,0.45588988263091035,0.7775863731778929,22.04925524568909,66.253594630122,62.77177169547626,45.57455102696901,80.22039284246924,77.09807745726424,Smartphone,Móvil,62.565123421609314,Sistemas,0.046868082750531406,5.283299018447551,1.8707136794233323
402.9579472900542,1,2.1614,0.9157,0.48134584033409406,-0.3002524865845687,-0.9592606443988368,-1.1844394121044437,-0.3433380261223565,1.2604602467304382,0.18193401163586992,1.2222347044350768,1.2707090850437128,1.6290673539276117,-1.94854356970234,-1.2636096809968353,0.48261463247074293,-0.44489573336872024,-0.0041300614359513635,0.9243759296460153,-1.207747845910923,0.8713379572451392,-0.6038472540450115,1.404450008523915,-1.282272160857662,-0.06694747674893584,-0.7803559002855264,-0.32247554580708293,-0.7275422101074505,0.9763300731809298,0.7264159365343076,20.95679678211055,75.74467689200043,68.44055201436765,41.90476355365746,83.48250969920613,76.08506381917775,Laptop,Cable,64.89601607022956,Industrial,0.7762500185552109,4.543882907827159,-1.847468505161249
473.77257016261865,1,2.2236,0.9133,-0.4924733930393918,-0.2529296414802092,-0.75504343723356,-1.2154601834538272,-1.2075614868983244,1.4888938789220758,0.21809282990022336,1.139580022266653,1.6804637104363933,0.9804805568513423,-1.569520607536987,-1.363160011182767,0.5280269424937396,-0.1246203024196811,0.3768424949424866,1.1031680684946628,-1.2010100611617014,0.6012374873446391,-1.230896066377241,1.5731301099950552,-1.3024891463605004,0.07572575033538145,-0.13219154178504047,-0.008740736702528631,-0.6718749277098754,0.8330703446842911,-0.12309895658431698,22.67080871005562,82.77506760408586,67.18467200102805,44.17915921515139,83.55099524719515,77.32683948358152,Desktop,DSL,60.41790932857486,Psicología,1.3044687729037354,4.42817836733377,-1.194168448085782
403.33159351157065,1,1.8482,0.9281,0.37477647498456707,-0.7884097346670335,-0.7695788461764173,-1.3813723864963703,0.5602030260914312,1.3155435804622697,0.43211496140957195,1.7882382969934556,0.9128514722350568,1.3826898945531592,-0.39667522528916493,-1.4354779515215563,0.7973697881076919,-0.4656541791725362,0.07341125453466638,1.2007555598903248,-1.3427913456390121,1.205004060735581,-0.9063134453260988,1.2049177168547258,-1.4147325557292225,-0.11674216682225116,-1.1179254077463752,-1.081216711303684,-0.6205602148123924,0.6915868190508299,0.47135115748862955,22.12968665259276,71.72978426010614,63.90776151201525,40.59857768897306,82.45280788285254,75.5450710313637,Tablet,Móvil,64.11022509256361,Sistemas,0.2514197433422126,4.8687236771298315,-0.563851385550306
457.5409892441591,1,1.7095,0.9314,-0.007151395863738585,-0.15932419692135105,-0.08243772383108877,-1.3942890860097663,-0.8348081097802034,1.3629880340505895,0.3205439699908565,1.1029736320881616,1.5128842577201629,1.6810533533272396,-1.553938152737458,-1.2334256744069512,0.16371866407823074,-0.28133361432682036,0.36884479914072393,1.0988013046276421,-1.2755111237952426,0.5673770452577489,-0.7407216446377305,1.3579747274606178,-1.1461397538887887,-0.32721229781740957,-0.5553121720476498,0.12035683872176103,-0.8792655701661733,1.0309053266144088,0.5705041818182406,21.434892675066408,77.05917441617366,69.079840758015,43.64339335341218,82.34771356839846,79.09735130264832,Smartphone,Cable,63.7456089355992,Psicología,1.3390326987254335,4.530439141949116,-0.7159766866706093
453.97119861628346,1,2.511,0.9016,0.6874041280975302,-0.4339320122348392,-0.816805017668454,-0.8060981100534491,0.420594428385649,1.0706716063577566,0.20839678457385852,1.3609004685233759,0.8759204546833621,1.1750343742420213,-1.9902337203989007,-1.5790643271390443,0.752866842502441,-0.5872219616590074,-0.45371323237260613,0.646057880797006,-1.1537617999491767,0.9199728569892754,-0.6497206995281486,1.2148163999999988,-1.2569029278929125,0.06513826449486015,-0.9250406505228215,-1.0340132585535229,-0.5055295471635091,0.9496536533027623,0.49581716773009027,22.661826870235775,75.92522261156361,64.442967281283,40.55814397777012,85.94415044434331,75.97115339587535,Desktop,Fibra,65.12119137687932,Industrial,0.023883323284510947,4.31024594153441,-2.038009376830365
553.507695784453,1,1.5488,0.9321,0.08063342953734201,-0.4313023058228814,0.5552896554785013,-0.8563845642338989,0.3872494246101153,0.9912242165794789,0.4519145478343543,1.356178211287688,0.750490103168324,0.8603684185181134,-0.7862496362740818,-1.4984380131581643,0.2205531018334645,-0.24249080050828678,-0.11373045946128472,0.8989192886680232,-1.1929207979701992,0.14081267593290678,-1.0797634257607378,0.7758218185408159,-0.9281737082786808,-0.15401439706887993,-1.2090289813227915,-0.67945609196925,-0.6782397939746206,0.8701853218392125,0.2501640319221809,24.13131350561798,74.05111153499325,63.54156564767873,39.7604992890775,83.14179600012129,81.70561013913223,Laptop,Móvil,65.76381160243972,Industrial,0.6270112694486154,3.8420232458863848,-0.02672168454665363
528.989138010174,1,2.0499,0.9224,-0.2750428347528602,-0.15746498799204733,1.134549413634874,-1.692451087956028,-0.654335868732602,1.4731445466215438,0.5677649316856123,1.3053650685909999,1.580203845499865,1.939567810928715,-1.0005768584571344,-1.5818576375924132,0.32040780122938556,-0.48501804324748693,0.4711523997126899,1.1588157451267316,-1.3966046361772027,0.9736934173883999,-0.5333971634675074,1.31204181015336,-1.1492076454643725,-0.7100250503268791,0.054982956268638354,-0.2210103838244253,-0.8394876869519309,1.0978611931507831,0.35779594919880015,22.50472919607736,77.82027581795404,65.66135654712357,46.71803798544607,83.94482782338314,80.84804672266755,Laptop,Fibra,60.38364922107343,Industrial,0.9215210671230765,4.9441566297751285,0.6929127170788505
505.9743410350673,1,2.9167,0.891,0.030207977045599174,-0.5159227605415474,0.7702120776942185,-1.8309196885214187,0.31917149724314414,1.3169016471761168,0.6201157026556728,1.5300803539661065,1.0895765451566903,1.3194028940517684,1.152689166692021,-1.371720903459085,0.5533456522753927,-0.3637250144420403,0.9737637702725576,1.230402915927884,-1.3765339902519815,1.5469516783273114,-0.5930420703439505,0.9266584940809314,-1.0381354130473743,-1.238425909567555,-0.2545434475717126,-1.051851811534878,-0.6430611915867493,0.7135068591165203,-0.23023188090736582,24.483511473376613,70.63052710121693,62.12893604590271,45.04076913552431,78.35465509260297,78.5396337889362,Laptop,DSL,62.06041072418863,Sistemas,0.770704909664991,4.344356725382825,2.0142932274739556
427.7285861826588,1,2.1494,0.912,-0.05985993827605036,-0.5917546942244885,-1.1073144386078708,-1.3456492122774153,-0.18265169183696028,1.300351065966194,0.25482545793418565,1.4128698757760842,1.146028703970315,0.7353158738106794,0.14867712124166743,-1.1461755244829939,0.7779335053785279,-0.1404385516829754,0.622092828612436,1.1531360675064826,-1.1495769263249138,1.2055611164249411,-1.06504967955546,1.2114939434703236,-1.234343111753249,-0.27736650662819307,-0.4259847546360451,-0.7654444303481889,-0.4947656072454578,0.4910729788938835,-0.3239410508138697,23.47672498388217,76.16836390841232,64.29090051343594,42.31257371791273,79.15741684049267,75.16396390305017,Desktop,Fibra,62.29330159923215,Administración,0.866274070378837,3.9951166370699602,-0.23294802468765022
330.6508519324948,1,1.7986,0.9302,-0.8604658496449522,-0.9384606450053866,-0.7247730617062464,-1.580178514754248,-0.6396097906968314,1.7012335259755091,0.791065649774513,1.191919566926812,1.455010299218513,1.162123025549101,-0.17371032350937546,-0.9914184678511977,0.6800441802223907,-0.3332693665378613,0.666103932315603,1.2931299193578183,-1.2511253053273987,0.9895754196560076,-1.2458266414609305,1.6764933707872172,-1.5394491368036864,0.04038573435328023,-0.6903215123989821,-0.26930052785637326,-0.4982983158357565,0.295519696370772,0.39728459705708774,22.768123746746596,76.00229913645985,64.86484473708543,46.43511160359124,82.20686180261842,74.53349825344763,Smartphone,Fibra,61.85834582663183,Psicología,0.4719063739600155,4.889567354251775,-0.01980539857025744
477.0543672429492,1,3.0519,0.886,-0.46635577010190093,-0.7544359614178751,0.33902255583406304,-1.7422531456990071,0.034968177816929645,1.3801843879199462,0.6799441585142099,1.5501283689557332,1.0641200263006312,0.8246073197598545,1.7212848644050267,-1.0439208947559764,0.16503594287873125,0.11073765976386013,1.1880688872051262,1.5971947685539178,-1.403151014749916,0.6345868374898113,-1.4432822450278708,0.854016467826634,-1.029102489311771,-0.8088741448843021,-1.1707868712250602,-0.4895347037694984,-0.8172431200163847,0.4733549996600877,-0.22141445438770202,24.30839379011826,69.74176147670836,64.27466138352682,41.76896576476951,75.42335199885424,79.92221796970999,Laptop,Fibra,64.37017851798558,Administración,1.587242529808904,4.15591286042794,2.188442940965139
500.3633995060831,1,2.4575,0.9091,-0.8280710024420918,-0.9362728592379492,2.1145882162501826,-1.389273909080264,0.5041774086044666,1.492242378440823,1.3821118533460688,1.2155233328286374,0.9889610821919946,1.3636250904886322,-0.16730516715846025,-1.6386354699114676,0.34864076098670865,-0.7421592492702946,0.17015146372253542,0.9492889552762689,-1.435114202436126,0.5713939803900696,-0.9769124688065234,1.1853996161124603,-1.238133029791111,-0.5015420109119518,-1.110188856375617,-0.8748292592104657,-0.5249706275851278,0.6541933034741189,0.7280172532698552,25.60694432105267,71.64336185734871,59.34911725214754,47.77897671667149,87.26897534049216,81.08372773650433,Laptop,Cable,63.475601863531786,Psicología,-0.4468250770419818,5.074711251766449,1.8103021016259757
454.6177915582351,1,1.8972,0.9244,-1.1119282415695124,-0.7885781336084502,1.15464967234138,-1.0392627134060306,-0.29502850911130196,1.434450719419009,1.0802660476965218,0.993494768835834,1.1354167482611957,1.2977325328980416,-1.3207952144892219,-1.3669002250411089,0.37198052266517384,-0.6055743712009848,-0.20135453208952608,0.8825131597111803,-1.1489112624327495,0.15626436436180047,-1.073831439697204,1.3806498403724903,-1.2889851669536676,0.35622332067860285,-0.7966514957029976,-0.2040521392637917,-0.4577600836481132,0.5208127941802307,0.9075508527903162,23.798357642052625,77.06996176735672,62.17554664778097,46.87547746964508,88.46711777473394,80.65158343718167,Desktop,Móvil,62.612614922567815,Administración,-0.40484509410103675,4.6745512867639345,0.21527891678075556
482.3435973558052,1,2.855,0.89,-0.7677851314360556,-0.5129332449262662,1.2254786036501766,-0.6466130975624922,-0.41659758687168486,1.3140991221065366,1.0505475932378965,0.3407352831916641,1.2090855047568,0.9739730807466936,-2.466529957841596,-1.3987414504770022,0.1304719333923868,-0.6903209503070487,-0.25717936956003007,0.3269310347803292,-1.106351977082979,-0.09629445901443275,-0.9069937801067893,1.4642368779462045,-1.1133661485400144,0.025546079120358667,-1.0083371008853759,-0.16102211247689685,-0.40946816831459265,0.8056458570539813,0.8914305132886367,25.36892467309122,78.49824436109454,63.36697436623467,48.21766604461702,90.21188091459736,80.04900014551907,Laptop,Fibra,65.59658676123671,Sistemas,-0.22963066734681437,4.22742808718415,-0.7477000868055246
519.9498414646167,1,3.0439,0.8889,-1.5103767205429002,-0.9156407439501032,1.9568648897122787,-1.457837046575561,-0.23559788226510772,1.5663118945621035,1.3340669426105047,1.0818463427007756,1.193714651558762,0.7765686789957723,0.7598983594278722,-1.2911089503037716,0.008140930182382084,-0.191164306594729,0.7694838572984734,1.285816640223537,-1.3931043553675746,-0.033814931633599214,-1.6354197749667463,1.103296784750318,-1.0924935892562,-0.4445000599646417,-1.1660318145613346,-0.22327052762264515,-0.6487419009353455,0.42897874747647885,0.19737591880910377,26.196829641503975,73.89102745955967,61.15383616344297,46.97094482331082,82.80005043389329,82.90839250474176,Laptop,Cable,63.11122074082614,Psicología,0.6645876485499024,4.532771808872724,2.6126751828351025
503.4762190324664,1,2.0674,0.9193,0.010689141366306108,-0.60888856332163,0.30951597219564936,-1.298646873470508,0.18280603198630863,1.282344353709242,0.5775897240843249,1.5530806141143465,0.9986669374530941,1.0348415122731291,-0.13534965301947366,-1.3487741205661952,-0.15253609163962153,0.04037475184189958,0.43942128731055624,1.427718840255018,-1.5216598262779153,-0.16758886046536578,-1.6065680407206393,0.8934488623880043,-1.06228647479361,-0.3732086962978844,-2.101669354030559,-0.28839694038977104,-1.0587093592531156,0.9329413803040282,0.44153386759891494,23.16468698592034,70.64052310311446,66.99872576009685,38.17776193664067,79.79041563645193,81.65120921779454,Laptop,Fibra,67.8284016971304,Sistemas,1.726854449817692,4.54863081544087,0.49236443586548534
356.81039859171,1,2.0445,0.9234,-1.1429672663074566,-1.109881698420281,-0.18395497791936596,-1.2306628972456515,-0.4425555236283679,1.6833849347401775,1.0238687889474207,1.2366521057817108,1.278555291942731,1.0852260482331069,-0.8790951405076427,-1.1606446544981077,0.39187097584970637,-0.32185869585227456,0.11614555900369154,1.2993663098787458,-1.3154114841328517,0.05669389317070838,-1.7133720509104609,1.620125161757018,-1.570681488845491,0.6075860126462643,-1.5643096830552448,-0.06217362663242539,-0.6022044235254013,0.35587025674855916,0.8986366487924129,22.78908896549999,76.04480806451583,64.6657301241404,44.291255633383656,85.77755486386404,77.52323490501274,Laptop,Cable,63.8998740943707,Administración,0.2792775482949506,5.155487204604598,-0.3275629413436728
504.1211782386524,1,2.2494,0.9172,0.27721661062630554,-0.5450268848952668,0.018158749658383648,-1.3415301614023047,0.45084240969932177,1.3649036083340669,0.3999987120209276,1.954923704354836,1.0954972897933415,1.6256905198085347,-1.2594444024393254,-1.9580919016855276,1.07047546795797,-0.7195554000496818,-0.3239120132992715,1.056863163037855,-1.389799481966481,1.447621941149171,-0.6780259401388143,1.3104468264113862,-1.4744241125732829,-0.0725193446322892,-0.25961142623919325,-1.333509865281974,-0.5643727803663092,0.9846393936277447,0.262245237937715,22.547102003566224,78.19080117562028,61.49792044071748,42.76207805357022,87.4560317897673,77.14007203565137,Laptop,Fibra,59.73009744286711,Industrial,-0.23479199335682052,5.280117307737017,-0.6685272853004166
441.6682743708482,1,1.8466,0.9265,-1.3278686376642654,-0.8643821122786884,0.23898724983504532,-1.328759409954061,-0.650627703186985,1.6385879905730714,0.9176382261673139,1.1186950888182796,1.4113973357807073,0.7245620445615668,-0.20543632826057429,-1.2989957066019056,0.7026603935762911,-0.3293108802052311,0.4928180265337696,1.1214413256922913,-1.1946198535201231,0.7068549089524022,-1.4235048250006928,1.5459562073835886,-1.4056170824997727,0.0947604705717592,-0.30357137269834183,-0.4141978324013354,-0.3657262294253342,0.30922442825054275,-0.045193889392229396,24.90482685435361,80.4593397796997,61.47647940055148,47.75784242976969,84.79343722908645,77.38108310110303,Smartphone,Cable,59.63927544009152,Industrial,0.18152377508919432,4.598757340763592,0.6029733717331176
382.2257927872329,1,2.4846,0.8998,-0.9310458028215538,-1.0341207202806784,-0.593977599016189,-1.071991651054791,-0.2846451042736357,1.492315262838334,0.9147075220070164,0.7413288259611526,1.1495719483843072,0.012932645952140135,0.25618440751453125,-0.9011996092532365,0.43168186396468566,-0.10580429378760431,0.8134051151301628,0.9353597444378695,-1.1666809460823921,0.40115960977716236,-1.709645776420722,1.4169509479743294,-1.2653937220187532,-0.1682630669244724,-1.3926360762406094,-0.5050837993763663,-0.33995755682429624,0.17396544525824786,-0.11776251548213638,26.270878265392454,75.07161121826071,62.90217972469632,45.36036167895699,80.94977924718032,75.01602721511115,Smartphone,Cable,65.54120278414533,Psicología,0.6727253193688971,3.908391917385404,0.21420985940451254
423.3598473430666,1,1.6021,0.9382,-0.4840984042611095,-1.1030019132833633,0.5924926056038129,-1.3787028012629374,0.5883857434773077,1.531946623582612,1.1003098618816143,1.5004336613789298,0.9555076520618054,1.1865930013716324,-0.12466863107767426,-1.5247231634301874,0.5783581444986837,-0.5858393403902298,0.1562763713487632,1.1407665760515446,-1.4557568845663376,0.7316752521965484,-1.2584948337114628,1.308397166205007,-1.4488984949769539,-0.16838231372077786,-1.4985481122689046,-1.0031397085842133,-0.545188200518032,0.5478426414226858,0.6588965688945309,24.36718013314481,71.36953430712155,60.99627040979641,44.42236697174094,85.48509572512717,77.60371367842565,Smartphone,Fibra,64.27046287107096,Psicología,-0.18035490968773077,5.21723497469359,0.6910587003345373
387.2774414634207,1,1.7312,0.9325,-0.07286284996955825,-0.6036088193704982,-0.6855260953699831,-1.2403151979793032,-0.32983494368647165,1.5198083160396674,0.5644810880640078,1.0935307089752189,1.4045354223845357,1.3197321311339765,-1.7092128930408166,-1.4176118540053262,0.7712122469886715,-0.6258063752291199,0.11892624244466397,0.8210199916759765,-1.2706296600456266,1.1371230951567985,-0.8031591529067049,1.7001572602893356,-1.491260435465291,-0.09716253183620228,-0.6106716999943895,-0.6519820030452582,-0.4842842613396768,0.7758682921561132,0.505027314906989,22.935686534442144,78.09237603320156,64.94398616414438,45.92316119139396,86.21142671096004,74.11706258097666,Desktop,Móvil,62.80259432732035,Sistemas,0.1697537025171569,4.9419968123977505,-1.4072649154764603
434.03320423416847,1,1.1354,0.9517,-0.005739786363762293,-0.5904589038574123,0.04743027035240924,-1.094476989905956,0.13946134835674553,1.2356169115364641,0.5907814985049347,1.2348662509834032,0.9890739968487268,1.411208894436886,-1.2902433647202405,-1.3634084698971514,0.5498532062015342,-0.5878829201544996,-0.1455731115024192,0.8429345710322655,-1.1694028812272257,0.7661146221151366,-0.6946317464454068,1.2419820725733968,-1.2458567723080642,-0.0066588880796464986,-0.8381493231279968,-0.643496729044089,-0.5304096894532614,0.73347863668273,0.7322041332577459,22.728885982925046,74.12574568222217,64.02773208817693,43.480056472210414,85.29023624502685,77.79742747837709,Tablet,Cable,64.32642330855622,Sistemas,-0.0459159013198564,4.475295492644348,-0.6755306388821876
458.5439986729977,1,2.3156,0.9087,-0.22320282773923586,-0.4591063971236301,1.6939657901548244,-1.549655719306222,0.05559104075642711,1.2433385746421168,0.9632434683880916,0.9332114825836396,1.0508597961773036,1.9651420007288314,-0.31680932302936654,-1.1081112858693842,0.034183363583004105,-0.6469046635496082,0.4439494843632392,0.9159150420260219,-1.2379023113752914,0.7610721824560087,-0.2393085861091241,1.0091650797473009,-0.9461129967280618,-0.8540927424102933,-0.7018972448109523,-0.26702381078102405,-0.6973506398947971,0.7803306697194412,1.0284912361612015,23.105219001509514,68.00834721704996,64.59040517603522,47.04128164937192,82.38067198448068,81.35757258976516,Laptop,Cable,65.49861919443914,Administración,0.22626316485288356,4.356805274128878,1.485891298890803
424.11527186809946,1,2.7998,0.8924,-1.0071110659643376,-1.234598715670409,0.5850481213913576,-0.9514894693465659,0.5900364359212119,1.196881083293239,1.0009137908954227,1.674852227241424,0.46453721823531535,0.9980471672260454,0.17505862303141637,-1.1324557597484675,0.35467193884469805,-0.27432567051518464,-0.38979693660594855,1.348350888308914,-1.0991297107018836,-0.24593105219877132,-1.5982873579515031,0.8533035130465615,-1.2562728391469915,0.9036380294441859,-1.7791376171410913,-0.4311505917661158,-0.5226744265968507,0.12317561354213923,1.0005844168502673,22.81002240463064,70.14588709035425,61.18858825581808,39.65611331906332,84.19648395363717,81.98597592797583,Laptop,Cable,65.15653689483769,Industrial,-0.4221808919084823,4.332041891414979,0.785883184482173
512.7586089143906,1,1.6144,0.9329,-0.3150452006060211,-0.19611529343893797,0.7386915731497932,-1.2602505024814552,-0.5624078820405611,1.236191442712475,0.45013778397047116,1.1874002304859572,1.2858749885785552,1.6572802419805879,-1.3466254256683368,-1.3938015211428167,0.35625969210491554,-0.44597905496780904,0.04873116371417769,0.9704613143253429,-1.1302682254345777,0.6445456291225339,-0.5549463101670339,1.1710050823980147,-1.065837206613828,-0.15383718219665643,-0.0314817672567452,-0.13785806964909944,-0.6745562317617898,0.8928809414654935,0.4869260282447429,22.25283347694416,78.08981772015511,65.33022487481115,44.84790024007035,84.50660571463732,81.11743592432289,Laptop,Móvil,61.45956371897822,Sistemas,0.5000251929241728,4.291387133890326,-0.031386911060021574
505.12625337867047,1,1.9711,0.9253,-0.52026500788194,-0.6302021904731843,0.5400277441154445,-1.1169936264445324,-0.007944682572340607,1.391788019985899,0.6147490511408213,1.7638780044911095,1.1172880137680388,1.5977906192869438,-1.6828375967366358,-1.8737233447474093,0.8368793727070463,-0.6478982983096471,-0.6161150791154657,1.0968011200938024,-1.2504569101824448,0.6692804321544569,-0.9781419595733174,1.3432946257776994,-1.4601530302351635,0.585890512453253,-0.3372473014929314,-0.7061157120562803,-0.54732715940545,0.7930147278714587,0.6261134092437185,22.182376545496552,80.54948687591104,61.677354153265625,43.39511844262925,89.70022229165973,80.09247799975829,Smartphone,Cable,59.28463954703592,Psicología,-0.4499353932966142,5.18731252411258,-0.5913848720741378
377.4766385489073,1,1.9992,0.9212,-1.1363473406204756,-0.6966014718231025,0.5680134131707827,-1.3123206096549935,-0.9107189287836486,1.5461740060288205,0.9887943942864383,0.745458888112919,1.4210065039075717,1.5234202509417039,-1.1650046270402565,-0.9296047200546341,0.18691665538299454,-0.4596598448134728,0.2884932767234611,1.0293619820854385,-1.124707369381407,0.24820048236561415,-0.9737337046108286,1.5496147053843692,-1.290614076338133,0.18044814501455925,-0.7210641771623988,0.3452405138620696,-0.5725288550074185,0.4543814058065389,1.0371184708156085,22.491743967042023,75.85239351546034,65.9578062148175,47.89001669249601,85.06336344096415,79.13548196824362,Laptop,DSL,63.41193768334512,Sistemas,0.2564064950446974,4.598684388936789,0.1089330884685196
409.7554575122039,1,1.3866,0.9425,-0.40549598781743806,-0.6665033407159237,-0.550685592196517,-1.2943034023062687,-0.3403442741651111,1.4572839385597975,0.558096658991989,1.1925637795138584,1.2945255590787528,1.0331109918799395,-0.7205434369112708,-1.2866952236527625,0.8356592983593631,-0.4566611949677066,0.328077738610396,0.9593572344354137,-1.1614116178906857,1.1732043837280122,-0.9224179341544397,1.5011579414361986,-1.3869031484556436,-0.08126434614575223,-0.2896803002071144,-0.6770267509657432,-0.3948412952652457,0.5201104693102787,0.1131960220831322,23.55880289008664,78.11756064317736,63.32095085880692,45.77428704199909,83.87016960617343,75.10212933908079,Smartphone,DSL,61.31196052525605,Industrial,0.18090458485323255,4.4950253971585745,-0.4901253210929951
479.2811919977694,1,1.7853,0.9266,-0.41591798499212723,-0.5382218809737157,0.5164878520305283,-1.4472026233768804,-0.349448394477522,1.3784696114577086,0.7138353524184334,1.0704405050756007,1.2472753174929812,0.946309739381921,0.1875652336037991,-1.081051918856442,-0.10499602182751479,-0.014902089226369404,0.8980899638668126,1.2581222341499652,-1.3834503619560006,0.17904368306146376,-1.3392766956723103,1.06370092822687,-0.9987602888357244,-0.6993727871719712,-1.3694885843510796,-0.09041358096104357,-0.8685148871860632,0.7399282902144532,0.20090885680011036,24.176492234438843,72.13008978769582,66.52197370953058,43.04680644053597,78.8380991994359,80.42484998426673,Smartphone,Móvil,66.18323625963947,Administración,1.6344283690375927,4.1958847934899755,1.071812180425262
406.9879394118069,1,1.7433,0.9321,-0.7159861100250587,-0.8903384177945897,0.682484878091013,-1.3817701333833723,0.0174064335761992,1.3906218424383505,0.8953185688391602,1.5861527857726387,0.9549468522499752,1.8241028468698994,-0.5266648962276399,-1.1858031650630896,0.2676525067361871,-0.43120370741256,-0.1323071837906594,1.4100897996874462,-1.2543977432334668,0.19162149659642613,-1.0989413358543552,1.1468879218412305,-1.3290353669719221,0.4464398469212518,-1.2741257460220174,-0.09343568053875839,-0.7462899092222236,0.4963876835149095,1.264070273583791,21.088126926436843,71.19715724976692,64.66023434203015,42.34078254672971,84.40047651150046,81.29192645448194,Desktop,DSL,63.96680542141488,Psicología,0.05019985549914353,4.965184274787058,0.5253633077446432
498.2672541244469,1,2.2085,0.9105,-0.776382408190258,-0.7104911145813421,0.22929480774138938,-1.3544756847529722,-0.17945179808381792,1.2416611784984322,0.5044652323916241,1.7629456747171794,0.9320188553164711,0.927318588277955,0.7616351786836686,-1.1243573182014,0.23819110417986344,0.1402850907311208,0.40697126542730816,1.6377674613222404,-1.19559861101526,0.07909069440012312,-1.5896447665338513,0.7983219111809128,-1.0716904945535433,0.2130992511353511,-0.9874099420806093,-0.14882358521934555,-0.7867124551539106,0.40421165815485993,0.08217681322898278,22.60506330358914,74.08514219557456,64.36889651991082,39.266380790821046,78.73443735128744,82.41820261795735,Laptop,DSL,62.66081629225134,Industrial,1.1378053829459553,4.045550155933997,1.2475972509324054
492.1579980485656,1,3.1841,0.8891,0.3288471818245303,-0.09906600877232816,1.791551388372349,-1.6786571222089788,-0.23948703421357684,1.4137286271398017,0.8776188271226033,0.7201135885016878,1.5024363055141192,2.2777902829158476,-1.5334540810804125,-1.4542659355564491,-0.1484608394395214,-0.7763064654306023,0.5977386907084894,0.7428684125181236,-1.5286214505834232,0.8922588787102297,-0.05754351830870018,1.3163267481882668,-0.9942622173576352,-1.4723450329346752,-0.7906343174520462,-0.23490655785842965,-0.9413856961943641,1.392272195364714,1.0599977233802336,23.227274760196124,70.39449711351529,67.46923704820976,48.62126304770233,84.31933205293087,80.37891324704985,Laptop,Fibra,66.38913834109056,Psicología,0.9192170350201232,5.0061630920385,0.669046680031364
457.85100617770667,1,2.9992,0.8965,0.4784837678557015,-0.12288707415935446,-0.5398435982639302,-1.129618565358768,-0.8086307879231718,1.7132397289771815,0.460658365123547,0.6898628606242023,1.7111601478666063,1.41143637314862,-2.6311310315262517,-1.9580919016855276,0.5019099663991222,-0.7555492042897469,0.10857077355352324,0.4587349953723438,-1.6042873459063627,0.9593045300228358,-0.790647889808554,1.828415552969331,-1.5417788804600083,-0.6533113221499657,-0.8343743695313316,-0.5591082804550673,-0.7483571015325026,1.5886844420450195,0.46512834092296873,23.80759653969441,82.77506760408586,68.23184775296389,47.70626311883744,90.56744694452216,73.40936829355451,Desktop,DSL,64.07040844990287,Psicología,1.0372436659062625,5.305711710529593,-2.145462347183034
436.7775751515371,1,1.963,0.9248,-0.400546861463201,-0.6520597835989278,0.49990085277452545,-1.8785460983396884,-0.23320219623200095,1.5837174851590017,0.8039383492964945,1.3217378504798454,1.398066166196558,1.4493258390844825,0.5316735145614824,-1.2371565503579278,0.42866015370604227,-0.36056859744470976,1.0025019887007043,1.320846243167381,-1.4410272166143978,1.2248086124551083,-0.8754007500374532,1.3113807508366768,-1.252111999754813,-0.91022258545475,-0.555611696462636,-0.5506157136963985,-0.7071298445192353,0.6600582424133212,0.16536352355095768,23.700419158492203,72.38768993020186,64.24878553095861,46.59859003584263,80.0426853047509,77.53672438587512,Laptop,Fibra,62.3365506670269,Psicología,0.9120628785356596,4.857331927038393,1.4513183058611785
511.97731511826726,1,2.4721,0.9072,-0.342453587100057,-0.6082911456551392,-1.0519936471108438,-0.8507996049615173,-0.33846786763875814,1.4457417881729702,0.2672350493685962,1.5904847594972507,1.3061236245575676,0.3460626250718966,-1.5430145330314677,-1.8082942686935795,0.7798409056744001,-0.10522596727213272,-0.11220438061575878,1.1015380729511817,-1.3319413588715954,0.34205196946122585,-1.8538720612321749,1.4677006766226617,-1.4625648883192914,0.4805009161636509,-0.954556754511756,-0.7521890928222359,-0.5899717587359598,0.817923443526277,-0.3523348684023789,24.132586262175305,82.77506760408586,63.70665656816397,40.25192122314935,86.18220841138182,76.82841494942137,Laptop,Fibra,61.27026901379801,Psicología,0.8938792463415298,4.699662164184983,-1.6691035960675265
488.2280856896319,1,1.6755,0.935,-0.6825386856243643,-0.8385159610638835,1.2458369114294372,-1.175718637182894,0.2474526005034997,1.5141161824787657,1.11692530670341,1.2293571643543162,1.1275849618473945,1.244278357751287,-1.13801035185615,-1.7772661010098076,0.6238029220932719,-0.7741486126174428,-0.12924846281496924,0.821301426667612,-1.3719439154004518,0.6865425639671332,-1.0149691684928335,1.4242179094002574,-1.3922384318429615,-0.12040715130366522,-0.846472507244801,-0.9228781746040823,-0.441276421178856,0.7313677326678187,0.5997555933737697,25.05744750222671,76.66617649797112,59.99511844586584,47.25241439587301,89.47734078218588,78.94237411017599,Laptop,DSL,62.11120176477462,Administración,-0.5373034124941327,5.159050453957817,0.36655989640915476
447.7439498030168,1,1.8712,0.9289,-0.7174169654318855,-0.9663113298895865,0.9109926036889401,-1.6193606206043745,0.22804593824892092,1.5014755206838757,0.9865586760606149,1.7254340451460906,1.0130598007258231,1.4992393378356867,0.45300561550406937,-1.3453268142841537,0.30511785530370017,-0.3224347722775863,0.34494525419366695,1.5425076309151144,-1.4436320264046933,0.43900189932798167,-1.328066623305681,1.091821051161188,-1.3167636611119955,-0.09659425423954597,-1.3331957748191354,-0.4673764498437621,-0.7804588664566443,0.5258514680144545,0.7058902278361164,22.81793943876017,70.61723994448865,63.02838026131307,42.82088973728519,82.43623050920871,80.89111110886498,Smartphone,Fibra,63.39432825651565,Administración,0.43683739057063964,5.1003345633926465,1.5217350648982022
487.6831648289412,1,2.0264,0.92,0.2133597226435601,-0.6079515854141283,0.8078601395698386,-0.9181776461916252,0.5808978449657662,1.231949457620803,0.8604840690363469,0.9926989911857284,0.9154955727116322,1.1519966067183158,-1.6182356747783169,-1.6378758404136322,0.26891119251122675,-0.6881393195671502,-0.1587747854200417,0.5704172903864267,-1.3718200629590938,0.4294271921943304,-0.8357687667456483,1.199566452571908,-1.1552769435910206,-0.46349137671170243,-1.5914057367283427,-0.9245480961607327,-0.5958739518232882,1.016213999855957,0.7815094278675901,24.901976032806463,72.32949197721929,63.07102141916072,43.901076516721616,87.25006557203353,78.6933530325284,Desktop,Cable,67.48408855687887,Psicología,0.03682613284980344,4.62908452107314,-0.5074954041387959
436.65297749608055,1,2.2773,0.9108,-1.1313329103640115,-0.6032375146990044,0.7372301049978285,-1.4808287246332452,-1.0270010159698328,1.6267390231311558,1.0097616663673807,0.567934427052338,1.605238911644617,0.9015207010110227,-0.21309245243581376,-0.9443347011747693,-0.04699758178749758,-0.15681073981712698,1.0689510552582273,1.0829793355348374,-1.3052013930632114,0.2258185462850438,-1.323179842568926,1.4728883158766901,-1.1216467079029278,-0.6201551783100523,-0.8997551107875822,0.243589203150375,-0.6796277453730796,0.5625645526020309,0.2559706855767703,24.962589048585563,75.9304462768031,66.05977210490204,48.45261240517079,81.26618948965623,79.09842733474166,Laptop,DSL,64.28220761149866,Industrial,1.300479973670257,4.3307421622994005,1.0823996925936699
444.25136049536087,1,1.778,0.9262,-0.37050650582899763,-0.442993588305968,0.8685797754347301,-1.2740286009152466,-0.47934278363667976,1.378126834844831,0.914490787954743,0.4702338919558525,1.3392258736680316,1.1750307566505203,-0.8980375412098297,-1.0232921926707788,-0.13669175188575888,-0.38476387908484844,0.7150294925425286,0.7544674747856923,-1.2828325936742417,0.2953292532329957,-0.8349767667221714,1.3036174779558563,-0.9882924497451893,-0.8347340477066938,-1.1968463278191745,-0.015570048853573697,-0.6996953489174597,0.8235381985523061,0.6494933328014895,24.644161946628007,72.22641173654134,66.5985215046938,47.147176020924526,82.28498857776763,79.16510132015968,Smartphone,Fibra,67.34878395945633,Psicología,1.0039387490175937,4.162398499235744,0.4425615104133139
494.9190190461131,1,2.1171,0.9152,0.5527696452596438,-0.44481348235396956,0.16986308716830917,-0.9654130156449902,0.4117935887999983,1.2471882662045333,0.6549460862384698,0.7755544452424369,1.0936257453830749,0.694593473901897,-1.3635825121916483,-1.5800126321538892,0.2650430986669512,-0.5136933802507294,0.3612507471331777,0.4667334380763428,-1.425437715423025,0.7032513725001263,-0.89194182751986,1.2602271711841848,-1.0779475338869084,-1.0177650589107412,-1.542292919200959,-1.0693402530630038,-0.6030712909215662,1.1239634687499223,0.17282516226328673,26.16882204829357,73.30656368971685,64.20950271771113,44.1257239208862,84.32008257520141,76.26453746774423,Desktop,Fibra,68.28914983835269,Psicología,0.7768443392557315,4.300624677780975,-0.7276301923174805
320.386198808705,1,3.746,0.8691,-0.183153150177923,-0.942634811234135,-2.3845128701362297,-0.7298317553241285,-0.40673518937088016,1.3953833764866952,0.22536859312476293,1.3570914453035419,1.1027538085306003,0.3547358152879063,-1.5125350280560375,-0.9803331522961203,0.46361708919181377,0.1192684363232069,-0.06318816283490596,1.2519401211921923,-1.1897321480958611,-0.1742503059042075,-1.8539747396302162,1.532311050926537,-1.5453579250976082,1.0310890073953658,-2.1274221353417806,-0.12053193163746709,-0.6723492010646547,0.44283926362119475,0.48536853950000225,21.65885428101972,77.59542111129568,68.79237919547742,36.59750528054908,82.18352751940893,73.9789278283305,Smartphone,Cable,67.40078079185257,Psicología,1.138919961748646,4.343312782982093,-2.6764661144851254
475.41110830102144,1,3.1938,0.8801,-0.4983264819498525,-0.3412724571986555,1.0953574261687844,-1.7189206493453177,-0.6562220048753719,1.5278659421219791,0.9423927809047161,0.35700057798720597,1.620377649341676,0.9432447004271927,0.33142224670674386,-1.077197741421538,0.23750915476044893,-0.4417542326876449,1.5184383531383787,0.6968688829330043,-1.3061544911961056,1.3676668347567484,-0.5070898615117408,1.3977940023123032,-0.9493658281923854,-1.7361905274523675,-0.02900921086923299,-0.49572907859386484,-0.48734724323165224,0.7319144104770178,-0.3056933412813523,26.87189904476293,74.23961468994159,63.68883284323127,52.254014681728414,79.73263799376565,76.70201765838158,Laptop,Móvil,63.276952034218034,Industrial,1.051595740638933,4.002613369931781,1.783654377889114
381.9628720356868,1,1.9488,0.9137,-0.6040413480662529,-0.46879793383228907,-0.5364110870911067,-1.1464792931507448,-0.9057761683427554,1.2324373678587799,0.4759250083094344,0.6590042562947527,1.2369900722996099,0.9436207859050516,-0.528978565098534,-0.5912635918663457,0.19394542012291538,-0.10952736658506732,0.610468818837496,0.9552737255799597,-0.9131358482352687,0.40380734077433134,-0.9158844059850497,1.2447002247474297,-1.0207265120309645,-0.040228513313069855,-0.573442409468856,0.2724994099807935,-0.5232868133879237,0.36180031832608206,0.3907065671800173,22.74381677679741,74.93634945658411,67.48177932403871,44.631459145138535,79.3158277681931,77.71329138138009,Tablet,Móvil,64.97445380259913,Industrial,0.9438363829657206,3.428010704384435,-0.2663781753584502
424.3655446550256,1,1.38,0.945,-0.41973699639319806,-0.9024765652779925,-0.15041217568629645,-1.3682327869289401,0.20765947639358703,1.385364513375264,0.6189887120679203,1.8865959395873702,0.9383177129247596,1.4172379699638722,-0.21562843799401477,-1.3760800544088267,0.6265040376184579,-0.3229546443326826,-0.060468021194755764,1.464096475478393,-1.2912875569213667,0.5976632548841132,-1.2756053016766509,1.1535624954884605,-1.418140075260902,0.4108131735554259,-1.0958032470570087,-0.5861035587792529,-0.6739743046051996,0.5005139199938907,0.6377725068423782,21.65690641004922,73.58423957095955,63.523290577514,40.57616213457643,83.35943581959455,78.96323347867468,Laptop,DSL,62.49337118639052,Psicología,0.2077813077758492,4.932288695242482,0.11250679603791924
487.9798058773876,1,2.6066,0.8935,0.2504571031680385,-0.31615967629042413,-0.37294568966550706,-1.5559113773626976,-0.034049043444875846,1.1094078123584095,0.1471203301105434,1.4818804209048106,1.0415769689054832,1.0445156572697838,0.8063968174361714,-1.0962014789108103,0.5463152159582614,-0.08492858281117403,0.8677814504109185,1.2198071565193895,-1.1482148316987275,1.3381880964441024,-0.661831519560671,0.83892962910936,-0.938150488688541,-0.8340543504292314,-0.14316874042810926,-0.7336970792738905,-0.6429400003777057,0.6451453471535865,-0.41060931989762317,23.26410021728212,72.73887071460696,64.80965063936704,41.79004510382563,76.00227320824713,77.89913341966766,Laptop,Fibra,62.680173428550965,Administración,1.2286152907951058,3.6153770642667635,0.8572914308841904
375.1029250817248,1,1.9201,0.9282,0.4673909411472248,-0.5271813819907696,-0.16933992665794845,-1.6913083823791026,0.08226101221528274,1.3973754583451607,0.5021367476255357,1.5721031742913358,1.1956343642622105,2.277956690132107,-1.0210612425684262,-1.266332571694966,0.3858200237348,-0.5891386465451715,0.18710574239103928,1.2739104298450152,-1.4201522482591697,1.1052089143743287,-0.4427791237052084,1.3114199842203296,-1.358485368476684,-0.3779592968626431,-1.0625200806674129,-0.40996135941957107,-0.8969793881802025,0.9562309332617696,1.199923111902599,20.021815995994764,69.36373077735439,67.9340803551369,42.45673636624211,82.3747524609112,77.28136609862354,Desktop,Cable,65.19000063048368,Sistemas,0.6154839023789275,5.247093823495501,-0.44682015165235417
509.5520086850689,1,1.6981,0.938,-0.20574720838803484,-0.8065801187543501,0.9282052086871494,-1.5556798494171056,0.405000231148056,1.65216650332436,0.9622502164964822,1.6735188686193916,1.2723961035798537,1.324723288267897,-0.5383030398117669,-1.9580785103550897,0.4648318969611482,-0.5269579162176639,0.3059141930798975,1.2433330345488136,-1.6659616567085764,0.7510120816938676,-1.3452337139021726,1.3756824071857463,-1.4489004211988419,-0.600325070723369,-1.415901519643333,-1.0490727613608217,-0.8085127731573382,1.0276864994793924,0.3518815306885968,24.61121783310809,74.59151823746402,62.19264535240541,44.17246568427342,86.16505060345743,78.76419472109323,Laptop,Móvil,63.17994706440123,Administración,0.5691656834600948,5.719326082417594,0.6837177163846956
445.2822589795357,1,2.4184,0.9079,-0.6253067619971159,-0.9787403296417876,0.40664732039770574,-0.7273436808961071,0.32363817011119483,1.3175640212453317,0.947122902774463,1.2934130362449179,0.8135198967148433,0.9623999225158894,-1.5656360138473275,-1.491663153194399,0.3275830854603624,-0.4739964201509811,-0.569199490771037,0.9342399479671549,-1.2492375646033922,-0.2704305112301557,-1.5310887830640532,1.2496737174310764,-1.3596595948394425,0.6967076208964323,-1.8944644966012154,-0.49049221349989164,-0.5600683460322495,0.5981666425475054,1.034081353357238,23.59318185564248,74.86946059155075,62.72001555330747,41.47781147549587,88.58485024584701,80.06075027842812,Desktop,Móvil,66.04775822839818,Industrial,-0.24396782057052635,4.762448492058713,-0.7609553735963209
540.382512482829,1,2.0013,0.9209,-0.41505296309834494,-0.25844116043771476,0.8119920620529684,-1.7077467564683546,-0.49961928723942495,1.3418501226696242,0.40195543005414913,1.638297162469262,1.3459345644616798,1.6461602953992653,0.07072139956921435,-1.4413296831773421,0.4681633382827048,-0.24541429279177332,0.5489359138676226,1.40501685726597,-1.2681914111507278,1.019915865625059,-0.7203088554797366,1.0315344882011905,-1.0770240201860668,-0.49023465201448607,0.24790229835248725,-0.32766536072869956,-0.7768128929975934,0.8106730651737366,-0.031631735803568,22.36256503145577,77.23490716700603,64.38176418392746,44.24227571549942,80.8168228099509,81.50312302065501,Laptop,Fibra,59.10861261469102,Sistemas,0.9650970409492498,4.466525437569211,1.2846607616722483
401.9618624763915,1,1.717,0.9312,-0.359525326655997,-0.7600749024942145,-1.0858716362543663,-1.3404333980417389,-0.2818662588375837,1.4419609764153618,0.3819504768794826,1.5986513098372352,1.2023587963418074,0.9822640418799683,-0.31348296354613236,-1.235944964507602,0.7860413136158317,-0.1909713030067258,0.3065609232485455,1.325910273988996,-1.213063451940085,0.9107543878889564,-1.3060123184331525,1.3714351354400491,-1.4340209716025931,0.23562472478721785,-0.6824851779871648,-0.5617970939473891,-0.5604276888558357,0.46296715847318903,0.08556583632660729,22.35689405748868,77.312005226148,64.61370017545701,41.84389589482832,81.72013466821615,75.76991437013585,Desktop,Fibra,61.66962968550833,Psicología,0.6415281011378496,4.572105688850038,-0.5673414091248326
532.895037628906,1,2.3337,0.9065,-1.0062735732597552,-0.6306356582474456,1.39922154169676,-1.3633984746197871,-0.20536321534054602,1.2306071672270509,0.7818631776020355,1.5203254104007617,0.9436815939371823,1.2268765818233491,0.5195354371318212,-1.1746816610715236,0.009708111848449103,-0.042498735599687816,0.32918143491027013,1.4867511492715975,-1.1967616156643213,-0.11129195890860369,-1.3351885022032366,0.7490330203499403,-0.9513145775001481,0.030555414810196208,-0.8846920857377997,0.022545554224506936,-0.799505692552502,0.4965636275123877,0.4076416944390534,23.075230434641604,73.13590758015856,63.67262571782954,41.81843036871784,80.68679328858437,84.97522565593496,Smartphone,Fibra,62.86715692088129,Industrial,0.835662501797677,4.090536301314638,1.9324529603794662
364.8242603589075,1,2.6395,0.9068,0.201834093715945,-0.8553611802947839,-1.6196537418198618,-1.2582113772612467,-0.028026937472488238,1.7167413664935556,0.5604131437053745,1.246539453565056,1.4801414447229695,0.7127391340023971,-1.442096581286468,-1.6134328419449242,0.9203724251316504,-0.49004388080572636,0.39595249169409835,0.8997574155991828,-1.5354363951769807,1.2535315709376034,-1.3929237468820905,1.828415552969331,-1.686196374587314,-0.2992127153283106,-1.3679054300384508,-1.1488991539841695,-0.515232568837553,0.8341906504092275,0.060678363035596254,24.38753459734823,78.4077268166181,64.64080494155377,44.30965795391118,85.5287596651459,70.44185624213736,Smartphone,DSL,64.22802769698622,Industrial,0.6555601877109346,5.357416836544088,-1.9157759235320584
515.7285108303299,1,1.6004,0.9281,-0.5341875361516464,-0.3699282375360891,0.8197684159346438,-1.1197227936933107,-0.27529782780933354,1.0143566090651335,0.4662117224538008,1.3010583819707298,0.8812957992047622,1.319965947965146,-0.30001493077022945,-1.0740519127884123,0.15100290136399602,-0.16742640757467517,0.062221335345726964,1.1494395253934233,-0.9778120112052158,0.15466733671190386,-0.8359801999001605,0.7509223391860216,-0.8658347837900262,0.10687927840568028,-0.45418644543213493,0.0007758193557522234,-0.6713442368644685,0.5698313594455962,0.47234326301950147,22.31709444137772,74.16656146477749,64.76373011653763,41.66086890706076,81.13173411234548,83.47741324026802,Smartphone,DSL,63.25186323955256,Industrial,0.5785941421654519,3.5851571868549104,0.7694054502227035
441.0541383268472,1,2.4641,0.91,-0.07191070264754683,-0.12477414090423032,0.40362067020336007,-1.5963999116540162,-1.0880211163509026,1.5735738288195658,0.5782014409945838,0.7988668634797512,1.7111601478666063,1.9479141997480904,-1.9010901516116763,-1.2473509804604483,-0.09353509162978456,-0.3937026569306776,0.6446628743023598,1.0477564486566304,-1.460630808535921,0.5121472670748712,-0.6849872611056604,1.5966270177170987,-1.1905605068778649,-0.7411522062592917,-0.7950680671390309,0.34644343545132184,-1.008701385300205,1.224751612003842,0.8466386937006614,21.76942219523133,76.22639525684417,70.56775273038433,46.51474657540437,83.27704715943071,78.8977462975643,Laptop,Fibra,64.92197360505573,Administración,1.6027411565653056,4.997879975715741,-0.5108818520150495
274.8129097527924,1,3.0574,0.8971,-0.2910927981516972,-1.0767919508664958,-2.091850162321976,-1.3221137910728122,-0.45780331281128617,1.7618288334005738,0.6060325880188255,1.4420752303841173,1.5517359655565417,1.1382794530580471,-1.7476554585526336,-1.3405340603473928,0.8610984592956857,-0.40901757396700744,0.12236883072630947,1.2723258203409304,-1.4753827538853195,0.8217272313896818,-1.6632399157867515,1.828415552969331,-1.686196374587314,0.5697569792538052,-1.6182097221584264,-0.4924485243037453,-0.61823854011319,0.591301936031917,0.7319487631095535,21.573267558115447,78.54607189206642,67.03124349007071,42.965452926392565,86.1808119757728,70.93580630997013,Laptop,Fibra,63.76419980350168,Administración,0.6032671366388365,5.644656095600956,-2.371188940935571
497.207856315989,1,2.1164,0.9108,-0.26086711689596515,-0.10078971291663358,0.6236292200761366,-1.4889347260485233,-0.8622128170954545,1.2627967191567158,0.4749611421091307,0.7353778385843823,1.4482496345233062,1.2502966698081943,-0.2927617108594435,-0.9621449846616612,-0.062387815572349084,-0.12418843732294385,0.9984496638648628,1.0035566155334787,-1.1880796311889117,0.5965937840249914,-0.6685732007904839,1.0912789836406838,-0.8249597683262306,-0.9839884406512602,-0.32858891435160925,0.1367164976410373,-0.7925424142435554,0.8578147254609885,0.08169193666515485,23.666940759273214,74.58375350775253,67.7327890641557,45.79973289234277,78.41660997650246,80.37607854602538,Smartphone,Cable,64.40789382242477,Administración,1.6396542371574356,3.7101610910183234,0.8667614001148133
347.0366173495758,1,2.4724,0.9016,-0.36739408515746724,-0.8400404074500107,-0.3185788770591206,-1.6888508663330375,-0.11498734367243833,1.3447916430352187,0.702871316394466,1.2088352986745876,1.0191501029781378,1.221066281848807,1.1775857373687233,-0.5780157444340065,0.1932856007029619,-0.08848378426202791,1.0360828162296876,1.4182088259140848,-1.1948080080593617,0.7887493516819681,-1.0123689441085388,1.0406211620759556,-1.1080883600619722,-0.5214862528135151,-1.2080308035028855,-0.1773787398798486,-0.6898655304138013,0.26076347572063036,0.4854397418734251,22.53297008525316,66.65030458223676,66.37324310475402,43.00480475381824,75.53060383625004,77.34468176781245,Desktop,DSL,66.27230559087957,Psicología,1.0724433205028994,4.015816180035005,1.2791565858623488
509.17563041875854,1,1.9352,0.9253,0.23302365608349565,-0.6039829979739162,0.3275959561487853,-1.4999663310116387,0.6064847912123512,1.2979447155148534,0.4960426477575439,1.8977772186128208,0.963046890327753,1.4402064005828186,-0.09068724816001375,-1.7605967455258404,0.8079841153735238,-0.5205329011460407,0.1435465816319124,1.1928809218549843,-1.406108296584555,1.3417902372787338,-0.7636547437799092,1.0456727278939524,-1.2785986732962151,-0.48247590061374096,-0.5430753381144843,-1.2742458910081578,-0.6350126308870542,0.8558238683591267,0.10439565762490005,23.30556136044845,73.71327403050167,61.59889567269992,42.2158577509542,83.28931760801304,78.26804948172463,Smartphone,DSL,61.53218036872653,Sistemas,0.20820709851571942,4.88683455475241,0.5201057288567985
423.3845624998892,1,2.5367,0.9073,-0.6244817398453578,-1.0062498404613252,1.3748709195085602,-1.7265532178529108,0.4089233296818841,1.6453324513191685,1.3644438313912557,1.0577875513118027,1.180006806304797,1.3058050360999145,0.5093084837383524,-1.4019903989561535,0.5463009507618791,-0.7639096445511554,0.7928313474718562,0.9489166263001124,-1.4778058348820649,1.3157220802236655,-0.7852550187668123,1.399524987866615,-1.33244499676772,-1.0401100968839851,-0.896006277092214,-1.0773711733078517,-0.436207792225658,0.5334317169744283,0.4481059706752882,25.99351698159572,69.80479917178015,59.90923710022471,50.0889340665985,84.15772388228581,76.71999270875318,Tablet,Cable,63.478910637971744,Administración,-0.23084889091723518,5.110541132807955,1.9374126748809888
469.82775840228936,1,2.0913,0.9096,-0.3714465503574639,-0.3518902605922685,-0.7759912666453568,-0.8010708493669946,-0.7732225665179059,1.1961587563362166,0.26825875242387515,0.8344009944495778,1.249272057301508,0.4351158247638088,-1.2873360993037901,-1.0806884660925988,0.2830804546924346,-0.010745065883637704,0.28628231982946556,0.845273233817044,-1.026660545714822,0.11941232742782777,-1.3342557442427054,1.253935707316933,-1.0546969042709555,0.1162978380187915,-0.7951514918395005,-0.05361455333948593,-0.563258770952242,0.6559261895455777,-0.06544948538312616,23.90293733115609,80.15963974399725,66.67681707069801,42.10872214163054,81.91070118113905,78.02927533009111,Desktop,Fibra,64.58725594307636,Psicología,1.203543465062997,3.52947440908963,-1.1912984748280195
473.62151623253607,1,2.0869,0.9211,-1.1485374203714382,-0.6442510426780892,0.6108022521972687,-1.62186124818171,-0.6703460572526528,1.5403899673760957,0.6405718153322858,1.8050411346222441,1.3602823914241418,1.7518469919560375,-0.29967619732469025,-1.43991961667644,0.7505047408890646,-0.3745168645073467,0.08649297583223986,1.5487026037108076,-1.1880955988528215,0.8366202774432121,-1.026788661419666,1.31880673578872,-1.410111145259498,0.4451780486126065,0.26771461009814257,-0.16868766194574603,-0.6135703248194245,0.4684152042239921,0.38244305768199305,21.349777248645005,80.02287897404808,62.83925267600149,45.1447177827132,84.76068447024703,80.89920201926446,Desktop,Fibra,57.95298975166017,Administración,0.1041803392015587,5.006915638686447,0.8622777487915392
601.2452790907217,1,2.8977,0.8906,-0.756106730692466,-0.44696196866915605,1.3779836345307819,-1.3447582199059522,-0.4226329779192762,1.4173307897873122,0.8164260198711223,1.094137203545883,1.3358121413317179,0.45390043590481577,0.34868574955290965,-1.4343774321774034,-0.30379590301339987,0.17581848776326683,1.0042789550615756,1.2917367629798606,-1.528172354850148,-0.3055177808928701,-1.8226117445670427,0.9435897223717121,-0.8744897719592651,-0.8829322571422377,-1.4590661268802279,-0.1314257413693883,-0.9621376296381147,0.9180627264777452,-0.333953458229511,26.327602478435537,75.82417419786296,64.9056518279317,42.94626677747604,79.76117045087038,83.55153780686544,Tablet,Cable,65.23554959989794,Psicología,2.104705497686644,4.17534538090831,1.8286411549114703
335.88313072740993,1,2.7251,0.8964,0.6310843135908597,-0.7306145540870164,-1.9964958196891769,-1.265843696487708,0.23589410495523125,1.2203300327481101,0.13091048478427994,1.6050322458852144,0.9169195375139899,1.1182652603841374,-0.40169357597707894,-0.9653632391918053,0.5442075406963064,-0.11905056905372016,0.30411828867561325,1.2870973103026988,-1.2467469586116846,0.86159147848412,-1.1316103535104705,1.1805348036559173,-1.3387364625191425,0.02547346837645402,-1.6405641422030273,-0.6210071880309583,-0.7408182035773193,0.6072522339785883,0.5008235174154975,21.003741367435087,70.09184004871497,68.16147025161996,37.43054939393819,78.27237894843248,74.09417846008002,Laptop,DSL,67.37524061124824,Psicología,1.1085226497643592,4.327704408967745,-1.4577816582881296
454.4134166382333,1,1.4653,0.9387,-0.3958210553170465,-0.93828832858747,0.5582517451503048,-1.0813884272991294,0.6170706084263838,1.2518011667317075,0.8926360673814653,1.4144573848857924,0.7278855217476876,1.017126591802688,-0.2550396492677846,-1.4084986309100427,0.5504374604482156,-0.5141869525456974,-0.08760012440573636,0.9779284011397071,-1.2212110517075376,0.5501463714189271,-1.1005989338857394,1.053207847600825,-1.2408276697631886,0.042012394427433195,-1.258013639529482,-0.928817069081814,-0.456331924553855,0.48588300192854234,0.5761239383342279,24.2663726748219,71.83447460072543,60.83976252490182,42.90381031743638,84.88465783895542,79.01714529679064,Desktop,Fibra,64.57510954264589,Psicología,-0.31687512058988904,4.459061136088136,0.4533881613514199
476.5319863886384,1,1.3361,0.9488,-0.096203834427056,-0.5190018470717023,0.3702915045184621,-1.3823741725279377,-0.1990491102332157,1.598244484851106,0.7329716815594581,1.2386969954707812,1.4888864632891146,1.417650391007429,-1.5933265499234157,-1.7620718420522938,0.4745298956650034,-0.5836284340483906,0.22695165853714452,0.9553393809230287,-1.537429932787034,0.8239765215718656,-1.0039934897836515,1.586168747314511,-1.4134940487751617,-0.4845455751747887,-0.9281333432850778,-0.67603093073187,-0.7283680684125245,1.0914971122135728,0.4473041744176449,23.80662347092626,77.83027084238762,64.64173435886259,45.73879235102622,86.90869729562323,77.26315626636143,Desktop,Móvil,63.06042907696927,Industrial,0.6241304631697041,5.374538643949732,-0.5160652978705906
486.80853199824674,1,1.7215,0.932,-0.8720434907203185,-0.7601070527746402,-0.1465057181988243,-1.3964723032362003,-0.40675530201222115,1.538674909302445,0.5784095778010073,1.662571844169855,1.3038212683774701,0.7632426484456342,0.075550190863626,-1.4717737018833152,0.6651479469442482,-0.08746054172246936,0.4388699535403606,1.4459968476816873,-1.319284142359399,0.6115423229588757,-1.6380761841382365,1.3018038863486736,-1.3740458018023682,0.12926790345129102,-0.5705339114858935,-0.5252444403986422,-0.6129267955384156,0.5020596126344036,-0.247048057088861,23.80562988846615,79.88872477497782,62.77119677462649,42.91185235579309,82.54993212680671,78.62421195903114,Laptop,Fibra,59.84501429100019,Sistemas,0.8262468821621014,4.692706427761294,0.4923258606067247
340.70020476935065,1,3.3517,0.8697,0.27853105770771214,-0.691291194070783,-2.3839415988481725,-0.6739486419207363,-0.08509720699670004,1.0306505582936922,0.01752872857837654,1.249919979079673,0.7887007823257443,0.5445120368614726,-1.1499311330281028,-0.7876894277288043,0.519817961762712,0.0035625032691101446,-0.10496326174024641,0.9985677942166085,-0.9330585414329319,0.2608711142822955,-1.354694871230444,1.1586607930471404,-1.2388860591629134,0.7115763621725675,-1.5948050511096772,-0.31231139350320053,-0.5352135636418034,0.4049239475857552,0.4431531036022683,21.463398859679423,74.19721227337213,68.05095031670638,36.5963199336078,79.91683755400575,74.67807099114647,Tablet,Cable,67.78382939637935,Sistemas,0.851203005885205,3.5180238324267705,-2.4598176578127164
408.9780945855282,1,1.7222,0.9312,-0.2807758975653358,-0.4094204957959444,-0.3827596925286863,-1.2559438403409118,-0.849210294046441,1.4471919519949419,0.49355290944761265,0.962724222730216,1.4820502906688293,1.3976121596019977,-1.604368192514229,-1.099889858542353,0.12251312902415427,-0.23912370786133846,0.3371443882411967,1.0854088232788814,-1.2677214922290785,0.2633992932771897,-1.0828583331335255,1.4869740936567608,-1.2507325690681674,-0.04421799847385849,-1.0570059619676846,0.21440119294524576,-0.8158242478957817,0.8486486345507601,0.7217400362275039,21.834804636348093,76.69651791492484,69.03109136095593,43.6000078016448,82.98439103372016,78.06416611411554,Laptop,Móvil,65.11416435255421,Administración,1.2328428395210804,4.581274435753658,-1.0036434263712508
372.5260782277578,1,1.4823,0.9326,-0.17842604353570157,-0.6892814784123055,-0.3685610662702978,-1.0564978197734733,-0.002512272588843857,1.1774113950830039,0.6714908725787467,0.707263523841148,0.9351886152999066,0.8788726130475734,-0.4575952354442008,-0.8394715423549582,0.5008775293390386,-0.4698732325337427,0.3883180765368851,0.6470341835629592,-0.9721459271070887,0.9107796268629031,-0.6455404161641625,1.2242119564995557,-1.0995605791809235,-0.3074022846979001,-0.7991388812400612,-0.5715566773941715,-0.30987137497725725,0.37146709439167036,0.45432020317689187,24.18199237210389,71.64590682401932,63.91668982929674,45.48498059992306,81.55711485095593,75.48278429756004,Smartphone,Móvil,66.07504454826724,Sistemas,0.03351942859254087,3.6266033061245895,-0.2807717989886614
462.5006524988094,1,1.7635,0.9344,-0.5619989038803266,-0.4275863619284135,0.6791808223038607,-1.550908605556459,-0.8445032851093118,1.697572223010634,0.7996846686301075,1.0794250048284624,1.7111601478666063,1.6922743779107412,-1.5901817625289498,-1.5224366707935322,0.21669849374193217,-0.4688031662088602,0.4262604323829638,1.1349288187837714,-1.4979377586930438,0.5363256425760842,-1.0274369921342859,1.6576297056697833,-1.3727805371134538,-0.38766040308445887,-0.7148039317868294,-0.013302326007112281,-0.8465373474304507,1.0325572318503324,0.652967442717152,22.80500628453896,78.6917884649897,66.7518714772224,47.1365782803976,86.01105304203104,79.01451325195319,Laptop,Móvil,62.30331648705007,Industrial,0.9816389773307002,5.376233427002299,-0.10468648881798519
475.4941070409605,1,2.6051,0.8967,-0.5081432624130452,-0.6730330248086399,1.3927293020440785,-0.9146529342213682,0.42639961225141293,1.027532981821004,0.8379205792582319,1.3912407997013092,0.602288152128793,1.8475598249728415,-1.3092723500539152,-1.3830000968412954,0.4701135479553587,-0.776254290336256,-0.8091811066711403,0.8472608290877547,-0.9635553199079889,0.32988915349419584,-0.4625844502642958,0.908178638496548,-1.1155369890644222,0.5797378928597845,-0.6165072192094109,-0.462565162789292,-0.44842916388512954,0.5489994293684337,1.331140319820566,21.895357943012467,72.51083401630049,61.40909332334408,43.40606327145835,88.21222965769937,82.86227763189552,Smartphone,Móvil,63.19095220911043,Industrial,-1.093807440329483,4.2986257111317165,0.1916070764336944
469.1494342039968,1,2.3699,0.9092,-0.7152047198727856,-0.7659534005858029,0.17770313251106581,-0.7946048174263025,-0.03653364519968842,1.380860985837273,0.7253561866453273,1.3604754922083047,1.0694863891320883,1.1013688696913604,-2.0348375496902436,-1.7630174545696298,0.9855877080317017,-0.7368726763598409,-0.7140571990069269,0.7452947243945083,-1.0961862411538978,0.6494767070893542,-1.043619026535739,1.5087848417104153,-1.5003967985897488,0.7686355476197859,-0.3605021813188385,-0.8267086148699454,-0.26741342619034203,0.5910981073068726,0.5397355315016438,23.593352911264247,82.19752573499132,60.262514114340085,45.17050939691651,91.4069078879556,77.82349596653984,Laptop,Fibra,59.91032008563973,Industrial,-0.939364351749113,4.8353574801711305,-1.2174740628550549
408.6780984097616,1,2.0138,0.9215,-0.47183444783632683,-0.5804216463008979,0.16091335852160496,-1.116544282132159,-0.5403284902029045,1.379413498295895,0.7010126231925431,1.052442591317996,1.2353034383166956,1.5547859972535687,-1.6976377062781913,-1.1123623261192797,0.004506343411308706,-0.32501098757288543,-0.04429872345465655,1.1073164103376445,-1.2404946073961323,-0.1402489445620504,-1.1500194873196488,1.3538367748795745,-1.245474868898578,0.31136596517066933,-1.4533199839349173,0.2779862675470289,-0.8210573554268703,0.766418151366019,1.1926355228256755,21.465874172079342,74.45073017242349,68.07765505526794,42.65375638325475,84.7698072218493,80.19482181236218,Smartphone,Cable,66.15489666390636,Psicología,0.7509025417717785,4.674818134833573,-0.7770990333658477
452.1564938495152,1,2.2913,0.9181,0.27462913293969543,-0.8361168052663207,0.4102550007831799,-1.2601933911269307,0.6849991541835994,1.6106413897321599,1.024046098001511,1.1652677360094639,1.222711778304815,1.116802242783409,-1.4524713418598005,-1.9464646705453004,0.6251251458897711,-0.8441578476197124,0.16131849928916198,0.6630528188021787,-1.6659616567085764,1.080950207781032,-1.0134266288038052,1.6204361883230312,-1.5078042826367997,-0.816183675743671,-1.6380438593073585,-1.4450548551930644,-0.5671660717190805,1.0944596632880956,0.5088298826656967,25.835919107963047,73.75580046248169,61.75972325629588,46.27180578801507,88.58587782721303,74.59935568362323,Desktop,Móvil,65.84419289842877,Psicología,0.0189919907958566,5.612669093597221,-0.567978883498157
495.1521985344346,1,2.2407,0.9195,-1.0850521117244534,-1.1022031668382777,1.3304190843960062,-1.3507370343331058,0.25596990716271895,1.6577017568855366,1.2402194195248368,1.650789279869555,1.1068433138302571,1.1162224008058816,-0.2829336018764522,-1.7559981431670546,0.35278036972049903,-0.41745225819436277,0.044994015343515,1.3796446547981402,-1.5704532882464652,0.05609444803558406,-1.776692072641281,1.304893482973968,-1.4629970656747915,0.139750419267768,-1.6275928928393917,-0.6469508160346034,-0.7106646999341767,0.6306977359932135,0.6177758673186245,24.583083664302176,75.12802906631802,60.81783483904567,43.97553783404857,87.36501125860325,81.28275377397004,Desktop,Fibra,62.72472083617215,Psicología,0.14051888425220657,5.546040742491954,1.1710290432863233
446.3549787554704,1,1.5259,0.9387,0.010733773075283715,-0.6424721611825569,0.20359034180973581,-1.0585838971804498,0.23153049436067913,1.2562057041163814,0.6355637066945397,1.3994672653464362,0.9482613711416977,1.5011413923243517,-1.4897029339401908,-1.4486068335363453,0.31314215406919305,-0.49392799218236005,-0.2967736751567877,1.010438438947416,-1.296886381550074,0.28369103782069793,-0.9886407163932753,1.1846819860741258,-1.2671652628941572,0.16677508438637081,-1.4489286407739754,-0.4740009630869013,-0.7277326515590303,0.855050706065384,1.0010992121818747,22.15007227695953,73.09485624043423,65.20335602115684,41.2278308937633,85.7472861897545,79.50606233585897,Smartphone,Cable,65.82774706149067,Sistemas,0.247983258267125,4.773805402034149,-0.7541398676613322
416.3139002268099,1,2.0105,0.9246,0.362567741804378,-0.5949589801754706,0.005843638470284522,-1.54503229089907,0.3556998214520829,1.4022643419860887,0.5701903809531569,1.5928356267780353,1.1367940732267192,1.9689079213007517,-1.0535331098822953,-1.5927249150313314,0.836711168296991,-0.804997382506748,0.00657480355708659,1.0068547791209808,-1.3674409098904248,1.5598805327293308,-0.35476004226625496,1.3834924721034656,-1.4327152873830884,-0.39460942652655473,-0.5036440471976735,-1.0351801261226201,-0.596160366040583,0.8926668403323901,0.7468829897160871,21.89199848608284,72.91399159565778,63.652850372148926,44.64677850961922,85.3365624883701,75.90556200009698,Laptop,DSL,62.4217671346009,Administración,-0.16456856140638257,5.2390252956966865,-0.4267670140992137
482.6594795831039,1,1.8182,0.9276,0.4162889335266333,-0.5508757828142042,-0.4234083150437385,-0.9295593553634031,0.35901270805392754,1.2680223447453431,0.45152307779859874,1.2982620121602155,1.0419778557535113,0.8393112299149725,-1.5491995185648375,-1.6844856716649927,0.513913584833285,-0.4277693678156215,-0.05731008178602852,0.779558504055645,-1.3879369588480586,0.6084239934038678,-1.1477489353238437,1.2809193119916311,-1.2735423033928936,-0.2621546813773907,-1.4447826561136006,-1.006405793885806,-0.6372315292653504,1.0203181769031513,0.2566741812410949,24.264626348462446,75.97191468858529,64.30008635171528,41.16340149617767,85.36268708189152,76.58040151201885,Laptop,DSL,65.98390865436629,Administración,0.6078776974486954,4.6141998901199255,-1.3273669722106674
427.84616247632016,1,1.7328,0.9304,-0.4721980548079433,-0.965368977357471,0.8312883936990517,-1.4633364639793598,0.5058340140700146,1.3717708962547863,1.0224131250974857,1.4015446289789415,0.8579204335995925,1.3074010774463072,0.4386459960391055,-1.2430538186338411,0.43156901578000967,-0.5003936144031065,0.3564940264359444,1.165352198297033,-1.3124382834568813,0.7748238284831412,-0.9747310604601851,1.0691616251326843,-1.2301426209997839,-0.35598134882287663,-1.1997600041532297,-0.7899644058019866,-0.5540912980584676,0.4496992686792929,0.6451153307439069,23.972305690528447,68.93911832743224,61.653196799829374,44.44920135603489,82.51865874774069,78.9794537202156,Desktop,Móvil,64.58411458740343,Sistemas,-0.03845856762140523,4.64954293207279,1.3551269626699616
467.9702643655373,1,2.0117,0.9188,0.44322500350157357,-0.26681321291556886,-0.5987946890802375,-1.3186980132511115,-0.21924346508898573,1.3228626515520996,0.2829871583935461,1.0342264323383699,1.373146598544644,0.979296944816913,-0.9469593557943459,-1.417792244941273,0.6091706416044051,-0.3924541940329506,0.6357280093010351,0.7646378143037056,-1.3000942491468477,1.3471481911261365,-0.660051108018771,1.3711299982382275,-1.1630986487350974,-0.9058003069934774,-0.41593411413855613,-0.8630584368515202,-0.5807816972922729,0.9817516830496867,-0.20611852002197456,24.300914395957907,76.89009415173486,65.43524022532597,44.7570954913304,81.63240557221856,74.81257593000706,Smartphone,Fibra,63.73692857966867,Administración,1.0260893259427155,4.246715498284179,-0.7421965218114494
360.4550067048984,1,3.5231,0.8803,-0.8503115565947833,-1.4023794053801717,1.3138439923141194,-1.7929817313082723,0.7967222257420887,1.5330604853805396,1.472271178082672,1.539362429627224,0.7251319931671414,1.5435033950986463,1.5704251189340164,-0.9725014876108417,0.15198022592646473,-0.44896589883283466,0.6392354861306486,1.5439238726922928,-1.4655760887908456,0.495220680170832,-1.2616257564349882,0.9982361502998974,-1.3049228444373961,-0.38835509018708336,-2.0417089907176456,-0.6034417773882939,-0.6914317881383313,0.1902330860988067,1.1670550987657198,23.56763777953025,61.898032572856565,61.71226649158322,44.26810474200997,80.45090314563105,79.99198587761244,Smartphone,DSL,66.81676503513941,Industrial,-0.020058026220151546,5.087649040170046,2.6809223354520997
426.0512572266467,1,1.6128,0.9303,0.2234548070399081,-0.41829588048993016,0.034634334507261354,-1.0657984350192335,0.05494000234015885,1.0170844749800367,0.4199748470815558,1.1673660992141273,0.8385280947977443,1.6223938402742935,-1.1520143522470607,-1.0091362170818248,0.1256725302187046,-0.37778707745887796,-0.09567536207609809,0.9513681774792759,-1.0734142869673906,0.3314990057791334,-0.584442643701231,0.9447899753590013,-1.0014516593559233,-0.00515546631513627,-1.1672920304158083,-0.14435688428344987,-0.7330036601489103,0.7608325667808516,1.0533044582943707,21.265155204402696,70.16044638927785,67.26666519896628,40.689837870063215,81.8663374940814,80.0986406498354,Laptop,DSL,67.20504752820985,Industrial,0.5139497433808734,3.946880080029321,-0.5844182689705862
408.658686342124,1,2.2072,0.9155,-0.12962664362840248,-0.6641800142953086,-1.330492574406234,-1.523022026482438,-0.4090388778636537,1.542951154348015,0.31918762710132736,1.499274870122678,1.4120081246459948,0.7989075516920047,-0.029754480084407505,-1.2457777293132812,0.6971072225657555,-0.06859270123976853,0.7945931648223602,1.3559120948284913,-1.3669479578247368,1.0920578200194524,-1.3957307443108433,1.4512246926828207,-1.4121314954383999,-0.30648362303120585,-0.7906297616697373,-0.6272601241860232,-0.6645976258635488,0.615622980267911,-0.2746095205771004,23.17629874141693,77.22695679801812,65.83620902162315,42.28938395994852,79.50901009004586,74.37011410897802,Laptop,Móvil,62.401924450648025,Psicología,1.3476103196565827,4.632558877025793,-0.43854722899205967
497.1081066268869,1,2.1368,0.9037,-0.1651384418474398,-0.35037552456583826,0.52801606958853,-0.5598324438063453,-0.022885812043148945,0.9390127671069188,0.5793407703216507,0.5847784406146886,0.8333774407215164,0.7958682428734367,-1.701326338585471,-1.2093373719578855,0.30884202533367744,-0.5259102875240966,-0.24691526242018064,0.32658679880524427,-0.8841784225100636,0.2824269115144773,-0.5956882528919868,1.031360919614445,-0.8831312028424678,-0.053898812979327505,-0.6589671872935136,-0.47071040542748904,-0.3330466535090931,0.6952748617259847,0.4845541149985473,24.80660922134749,76.01107575779103,63.20303829231163,44.55428930173168,85.74306641311959,79.68220412909484,Tablet,Fibra,65.8983492730084,Administración,-0.1449585185415688,3.2971843366176943,-0.7767154196723037
403.235870521275,1,2.7427,0.8963,-1.398668943987279,-1.0014560248517985,0.11976392428683541,-1.4520969919061881,-0.658144192969733,1.574275233122263,0.941262782915364,1.2167710240162002,1.2430485939924798,0.7211942311304329,0.7440921539014423,-0.8254830739182027,0.11137159714359722,0.10221890502989593,0.8203455254450032,1.5677003014373796,-1.249467784183124,-0.06552908944872171,-1.8539747396302162,1.241262540051191,-1.2507619714517635,0.16174905668640344,-1.3493626832923595,0.19393269581095166,-0.692322647893362,0.17004204990458768,0.29285490029540084,23.637701358357944,74.04594116629555,65.02931563481512,43.53876618279461,79.4022628435323,79.86106610698066,Desktop,Cable,63.80621108488752,Psicología,1.1461320012718466,4.338363295395778,1.310136383907723
407.10240223389417,1,1.889,0.9198,-0.44322520962322065,-0.3622075467719727,-0.6017393430655973,-1.4329025904273047,-0.9514486465934916,1.3069667770498348,0.30383972279048654,1.05096853801688,1.3716751884706264,1.250653961531107,-0.31059521417652874,-0.7878225785013433,0.3531133616318308,-0.09035139619170574,0.6966671704259914,1.2057617155521716,-1.0267342856792538,0.7692563288155464,-0.8357358877307427,1.2493706472312553,-1.0961015300350545,-0.15911461333676039,-0.18306501933717895,0.15672285882367024,-0.6423372424866353,0.498844663469442,0.19819945080947637,21.825497598715813,76.17835485586855,67.70922390111055,44.043511465537584,78.6383555924077,77.81797248106079,Laptop,Móvil,62.59229051748559,Psicología,1.1783728120713346,3.817206454383404,-0.05480142165462137
450.9684075600054,1,1.2679,0.9468,-0.6277868636745798,-0.5190610100367153,0.6308885818463725,-1.1738121100827272,-0.48233371914550566,1.3586313092977136,0.7504317856862128,1.0042293390915338,1.2419974261948696,1.4580325841384654,-1.3272867827764465,-1.252665694321895,0.3109198283198175,-0.48910796238585114,0.03822239297499913,0.9313805145435718,-1.1488051055712976,0.3993867251536372,-0.8376987609636605,1.331134288658486,-1.1956795683870265,0.054058165896237534,-0.6035178649602794,-0.09337066347089268,-0.5895464777688977,0.6865587446318032,0.7641262373206287,22.822301747935576,76.5329894132432,64.82937676220493,45.69043202862204,85.56201524030031,79.88848075376723,Smartphone,Móvil,63.11821425739539,Sistemas,0.21949495653840534,4.467106672452909,-0.11796054062373369
520.9792191488293,1,1.5203,0.9341,-0.5813457459663316,-0.6508669291779654,0.9427642582243883,-1.1578785734106258,0.12719056236985296,1.2202721915098973,0.7913963156527227,1.1953661268793423,0.9264615967036637,0.7690587896635511,0.1401242146188981,-1.3220028083009168,0.2894276425040483,-0.25723582378067666,0.37081500349383856,1.0095470485413431,-1.2021296607754108,0.3812873971168819,-1.1634649209997947,0.9302378415249505,-0.9991250728124971,-0.3585845265033316,-0.8895475235185193,-0.6112538358569779,-0.5500825049676372,0.5687193661276558,0.07803042924255993,25.20046409040782,73.88736262547444,61.85197857611644,43.737665287671135,82.2098845957305,80.95533551380406,Smartphone,Fibra,63.911789951546965,Psicología,0.47091288934657194,3.958551112350422,1.172924391090911
439.497161251457,1,1.6016,0.9302,-0.9935070325128594,-0.5866430776905747,0.6357325838574179,-1.2147966012959845,-0.6844731788785566,1.3451906343588182,0.8383828785738267,0.7291430112617153,1.2368592305124135,1.0109245118820296,-0.3840856695757874,-0.918996519406774,0.22040918717057068,-0.296795675087359,0.5145737006964209,0.9340769095576552,-1.0337152217798398,0.37018015117570113,-0.9667256099581981,1.246136427426811,-1.0553261760290715,-0.15412405775809726,-0.48282375028845753,0.04237591082933862,-0.47938084625790045,0.4016436436395663,0.4003861292867408,24.095707673329045,75.65148355817959,64.30115295068114,47.00447637655556,82.36274108869475,79.67863164643646,Smartphone,Fibra,63.3439821248312,Industrial,0.45309571220561184,3.856297530903769,0.7094714981538494
544.6331608638243,1,1.3036,0.9419,-0.6444069589629161,-0.4927133024772892,0.6475492990849745,-0.9788301030044051,-0.16067371865333815,1.1587035026465693,0.5475553853690819,1.3049251354146332,0.9814447222330084,0.8029212673020288,-0.5375834962099951,-1.4345920452094525,0.46186594944654064,-0.2453284806408757,0.01254917455152886,0.9854199447685781,-1.0757757451973144,0.3333827292730994,-1.1363529000366714,0.9738376769152108,-1.0342547292427133,0.09886627587885764,-0.4069872909929954,-0.4922263758256609,-0.5046246546941416,0.6023287718811445,-0.002130054249859128,24.30883892484103,78.5192618562313,62.05062082103127,42.956948172814336,83.97429991287855,81.42305022351397,Smartphone,Móvil,61.68050411215613,Psicología,0.32791451246995496,3.866857321716851,0.4011603735408994
641.6715787477523,1,3.2659,0.8733,0.6278999390950372,-0.06320236577817483,1.3138894806234052,-1.1724910922298888,0.7965934354679968,0.8086574128252009,0.2265568097594452,1.655412197540276,0.6772584883899404,1.397933039636981,-0.30338725782400044,-1.8538392093163591,0.6991301565149092,-0.5920227122534591,-0.09301497100741576,0.7373316129646263,-1.130716907585665,1.3843103405868267,-0.06621717415853787,0.534082596385124,-0.7746794663476579,-0.8625459892814104,0.29013236196207753,-1.4149569176854961,-0.5282360094323574,1.0696449548298919,-0.2152604835738203,24.33129021121549,74.28253864732072,60.135256438227024,42.24529275957109,83.00613134505049,81.99674717215841,Smartphone,Móvil,61.2697607877881,Sistemas,-0.013245811608504576,3.7080513557671386,0.9201174608914553
432.829403058767,1,2.1624,0.9138,-1.2496085468853562,-0.7229360034788128,1.0801965723773401,-1.4466418551377485,-0.7339668556205661,1.5125327715417887,1.0761159413829469,0.7977448976703313,1.3364811853925582,1.157264731210896,0.01514905515974572,-0.9019572263975248,-0.017873560299634137,-0.2252683690225888,0.7446008573889792,1.1823861729084413,-1.2109530510201119,0.11707828207403516,-1.2240862620031348,1.2763237431114256,-1.1022151813765737,-0.2749613548542266,-0.9093550440079928,0.24688584951962794,-0.6510422402442341,0.41293376941996196,0.5875861721851602,24.04123551122625,73.70093444471338,64.94358952127806,47.27724032916237,81.74862178009654,80.88396582157408,Tablet,Cable,64.0255512323322,Administración,0.7795227438217319,4.290368749639589,1.4474181693005308
431.1618050013326,1,1.4839,0.9404,-0.010594607665048283,-0.8164743016850091,-0.21006529882330177,-1.4520459367056564,0.42605344378181176,1.3827066642682502,0.6210216034335309,1.636410198786551,0.9897128711269478,1.1914861346692824,0.055522869511264596,-1.428010246311461,0.7369696755263949,-0.4358213796873244,0.32373626786553106,1.1883937829921605,-1.3498490784620276,1.1675247583294706,-0.9935333939864542,1.1969185736631955,-1.3505708561843468,-0.3228507023624664,-0.9316561181798948,-1.049247168687867,-0.565944397032531,0.6089386299776764,0.24028009260607797,23.424092253524734,72.46054645671002,62.55764586103973,42.71422826131905,82.23085118801016,76.42038981151009,Desktop,Cable,63.20754426368032,Sistemas,0.26981869787885016,4.762936323659379,0.2746685323288954
386.2583652814088,1,1.3652,0.9461,-0.10001620227145572,-0.8646916277123116,-0.45036982970473016,-1.311399652100134,0.07134864726360307,1.521131485763468,0.7620088610449365,1.267694456772198,1.183300339738184,1.0912073693531599,-0.7456511813993071,-1.2792361993017225,0.30728879791349034,-0.32303344913392784,0.37461119459795045,1.1549256006093762,-1.4681760790674443,0.4632066403695336,-1.3899309480765283,1.4305459962714016,-1.4076745955339613,-0.2104993000571843,-1.852864067949075,-0.5296590600386053,-0.7462711596375765,0.7300944197764685,0.6605111510394452,23.28383614099605,72.16756765585876,65.94393426307333,42.35462244212968,82.97521934413366,76.18492610007056,Desktop,Móvil,66.80696111818585,Industrial,0.8546528631994548,5.0010018852993845,-0.512725455334194
459.438326560263,1,2.4499,0.9076,-0.009602740887921067,-0.750112882116081,1.2409842728293798,-1.5480006099265802,0.7976797874028336,1.2872161813036127,0.9212057908657344,1.5498362368138248,0.8293930942087495,1.8880386221254226,-0.10271257229213457,-1.559607087178635,0.7384308448090348,-0.8872879386523359,0.03533054347005064,0.954382367756127,-1.298983864737711,1.4580601372423536,-0.25992726441123,1.0653678548408367,-1.243326920657026,-0.5760049276119028,-0.46857938785721837,-1.2120681515746443,-0.47431576767060557,0.6868020476262161,0.7629536845876399,23.390497356483827,69.39934276809542,60.176249154767405,46.04840558936164,85.13290667506661,78.718807300269,Smartphone,Fibra,62.4889245567947,Industrial,-0.7265276062459494,4.902185839636124,1.1783560998875307
321.9779292696785,1,3.604,0.8792,-0.1776880731218399,-0.9864218783681723,-2.3845128701362297,-1.404220356653001,-0.3748072317864174,1.5396293874242823,0.09447280478725055,2.0456662713251847,1.1760197549226363,1.1922311467706228,-0.44244120281525434,-1.0703771782469664,0.5377460063299802,0.2481290731049753,0.1025603400964533,1.68450289098197,-1.3961508614963896,0.14909270339106903,-1.8539747396302162,1.3864574824330098,-1.6860880579298099,1.0782547998829781,-1.9588697770076438,-0.012457802697679165,-1.0052623130268536,0.4680552057282875,0.6093165838243162,19.545744745099253,75.28736936253394,69.88991085590179,34.06835914306372,79.23488473783945,75.997074570622,Laptop,Fibra,64.27988108559883,Administración,1.490888620891922,5.033213341985613,-1.6891078124613494
605.4579997157464,1,3.2092,0.8783,-0.7557169885751052,-0.22259041819748027,2.60011372027711,-1.370022341551158,-0.38706154097471995,1.2194229718443184,0.9938592617197822,0.7614140024375036,1.2040843846121823,1.2663841969382468,-0.07594561164073899,-1.2902237856210381,-0.42038113045359754,-0.23647511053125744,0.7218382289157568,0.9705743242816078,-1.3093863627788074,-0.10151370398226643,-0.8641198719433996,0.7922049505752283,-0.6569966166606829,-1.0478185471168568,-0.7707494123293536,0.078704082872588,-0.8579180099889379,0.9455482813540669,0.34375659647703155,25.455418438267134,72.71641898773896,64.34010163021547,46.56138276990906,81.6331053101046,86.0709914281186,Smartphone,Cable,65.05145549483815,Industrial,1.2088556947061768,3.8831334368321153,2.3929484939825865
409.7047629955622,1,2.3806,0.915,-0.652577105367621,-1.04503406910176,1.5606659440524329,-1.7341190320922837,0.4635168477631716,1.6619231135272237,1.378463408482983,1.3592950696910384,1.1318384683189593,1.9020849874743895,-0.1361272016297092,-1.5331241622885714,0.586580098440096,-0.9220446647226097,0.27469066320094565,1.0896968355814094,-1.4910850152742097,1.174477972270459,-0.6816418764947002,1.4360619776597667,-1.470732857411731,-0.5325463218948859,-0.9277240441945829,-0.9215812503591522,-0.5257235338260402,0.5979152692099636,1.0402850359225972,23.951763288902143,69.85637894231942,60.39909440144624,49.01744540440101,86.94507737267108,78.13821260894966,Smartphone,Fibra,62.64718486359959,Administración,-0.6634663526002379,5.640826891808641,1.5377379420390747
500.5872200846957,1,2.3177,0.9138,-0.8492946716330021,-0.9170978091917458,0.5368499825790766,-1.618556304451991,0.051028212143155685,1.52463795010407,0.7736699279894667,1.9586929226784777,1.0977335353831894,1.0100696561759939,0.931101015957712,-1.4706636587200312,0.4146555851220699,-0.0306726468010959,0.5407354428717274,1.68450289098197,-1.4740007602069451,0.40219538431892105,-1.7460021368830971,1.0325072996445888,-1.3081368359968149,-0.056125795722616514,-1.1331219412576403,-0.5551108127160786,-0.8057060728174336,0.5057154047460172,0.012263697703414888,23.52971204041964,74.4216277993915,62.50606617338752,41.183705926323206,80.7858276496524,81.07271257756223,Desktop,Móvil,61.43237778787368,Psicología,0.9652262942687119,4.923119972365747,1.6548988019363824
546.7929739454397,1,1.7961,0.9318,-0.6365267080665561,-0.3524148094482039,0.24403332240057515,-1.2726738464222898,-0.8927913306779017,1.6069174079320871,0.49506669718344726,1.3783077732213962,1.6759973853584824,1.0147846461353787,-1.5346852313785755,-1.7752976339920767,0.33090250933588516,-0.14408126210430747,0.2820990661835344,1.245721060510345,-1.4799345015206093,0.2076211512721293,-1.5866441576712156,1.5107005923972063,-1.3355408914141418,-0.048772078883811416,-0.6701624933228447,-0.1564298917500401,-0.8554563364839468,1.0609043860938967,-0.054038773773296654,23.62227032006208,82.77506760408586,65.80635804458744,43.66799154145996,85.77170476845929,80.10217901742611,Tablet,Móvil,60.677445297378206,Industrial,1.4139192943590135,5.0629768441611676,-0.46570183125493025
455.3927061314564,1,1.7469,0.9328,-0.22883967616403697,-0.5639754430502278,-0.21557503952298399,-1.4121589858675614,-0.3824184650150269,1.6625589590769134,0.6824378739595737,1.0325639374740934,1.605829675421212,0.8967212174322926,-1.0633081177687644,-1.6414650902135026,0.763469775731011,-0.529486820981374,0.6269899144072807,0.829340174464182,-1.4468728246216804,1.3037629233131314,-1.0304283922452873,1.7264384474747134,-1.4416386413527869,-0.7081519550633933,-0.4530595870107377,-0.9210434352401327,-0.49248811584555585,0.878520100632681,-0.17766604431721425,25.31768935121348,80.05739031542159,63.245734465517465,47.9131400458036,85.33831566599568,74.12493912450125,Smartphone,Móvil,61.56002068298109,Psicología,0.6199313167639272,5.0116286873736104,-0.4647103063232182
559.2887098930549,1,2.6476,0.905,0.5872786772869372,-0.28473984510315553,1.301409682030249,-1.8080049576682338,0.4436229239815698,1.2964303389500125,0.5526339589138258,1.7719472833130154,1.132527148172443,1.9361688435981608,-0.00876344044829972,-1.6852966735947934,-0.05057670627570417,-0.307273994928383,0.6081272177218353,1.4181717828995672,-1.6659616567085764,0.7235987815186573,-0.7559287802466033,0.8217919284609457,-0.995280095424336,-1.2453791766873972,-1.3267749754926312,-0.6631959121971512,-1.1851789198866711,1.3413779120575853,0.4866836377530906,22.62261076412265,68.48256711339315,66.42774294536495,40.79925585943938,79.95075291047812,82.42790397694671,Laptop,DSL,65.7648720983739,Sistemas,1.594313700843107,5.061882221286621,1.4150082653411067
539.1753185249005,1,1.5222,0.9416,-0.21815277008581532,-0.6657699245573389,0.5556844695329523,-1.2320204967874036,0.329909631569848,1.3837483492509626,0.5850301045134108,1.988288532203308,1.0355955428435333,1.3798469611684658,-0.997155695953547,-1.9531072446909439,0.5981687481538506,-0.4128991805918318,-0.3193528492283048,1.3162096953841624,-1.4686097613064593,0.46200642342241655,-1.3261377898100302,1.1412649617454849,-1.3821533618823196,0.2118280954772018,-1.033438965690916,-0.8559464207738021,-0.7746904921613317,0.9411561935407152,0.4049120649102187,22.779009714994547,77.52234622199545,62.40850641181416,40.489157323149016,86.83849433845081,80.92065811615984,Laptop,Fibra,61.50584197165173,Sistemas,0.3120010249292436,5.266653844402693,-0.06538677744179085
513.5492766152548,1,2.9274,0.8954,-0.7014982815212424,-0.4232724639067559,1.5933956416704123,-1.5708190335216572,-0.2538988883136664,1.4058017062504549,0.7465247840660224,1.634302468632751,1.261796301318157,2.277956690132107,-1.1116824291775538,-1.7352986347002117,0.8590073419025679,-0.8830547459743874,-0.2888840205684613,1.0954294197347394,-1.1651431798789689,1.3078705309700247,-0.19578314726429383,1.285850087909589,-1.321078143907256,0.052894693895402835,0.7489805218358714,-0.5625862509041916,-0.5003973266728956,0.759628234129377,0.7313023792922231,21.67439728761604,78.82271284029915,60.98494276132029,48.10538424749816,88.60400422450707,81.43747637368371,Smartphone,Fibra,57.95298975166017,Sistemas,-0.7850306846842351,5.120861161138394,0.8306169134277114
513.5504471228998,1,1.2791,0.9498,-0.3746567621271766,-0.6613686902718513,0.4894420582223564,-1.36324881487568,-0.09896021122682504,1.584126073934614,0.7966472502239648,1.348761250986635,1.3734725538809553,0.861588754519209,-0.6087367286268478,-1.6979736019520915,0.2739215210471465,-0.24637042375219528,0.5166489176122647,1.1795305951335975,-1.5961541065806855,0.3842970730437986,-1.5710916866504747,1.3631826067629074,-1.305960706230917,-0.5275568846330115,-1.3961348795092912,-0.6500807367240669,-0.8043059749809891,0.9543593652381949,0.055250651278389906,25.04198524045557,76.89204806113369,63.99921989419708,43.668621843424646,84.15168710523557,78.8733654166494,Laptop,Fibra,63.96031343142186,Industrial,1.1693399554140373,5.085483727396708,0.34465258701148516
448.275162662725,1,1.7331,0.9232,-0.15666977449572947,-0.5665801805904465,-0.43503482633852014,-0.8613027308923029,-0.10624519609493072,1.2232372957048703,0.5749891993016417,0.6661210763497503,1.0870750515964265,0.3240058321751621,-0.8467761574601786,-1.1837101096474567,0.5357143756427697,-0.3541261343964056,0.41378764485804365,0.524573316200911,-1.079296646644384,0.7546731297395742,-1.0084889215224315,1.3017861530340094,-1.0968544144655579,-0.4247712585273788,-0.8196458522701977,-0.7821121892429918,-0.3147006751815059,0.5858686649095766,-0.12580062547328252,25.94886752342924,76.65273713565325,63.14647563997148,45.20285951994617,82.96899510594322,75.36690757013909,Tablet,Móvil,65.3535537993301,Industrial,0.4272918874352636,3.6312056739380223,-0.6790345621164743
470.5409488198237,1,2.301,0.9182,-0.7765620228264746,-0.9814220210386648,0.8148124097311474,-1.4132484962153968,0.1131071760780717,1.5761429688899105,0.96272117970412,1.8826115264796706,1.0876908694246301,1.4750188084058764,-0.4612887531568592,-1.583885336392883,0.127518000175396,-0.22186905850603536,-0.034344263001546534,1.6575578506336714,-1.5815891023345023,-0.23052661075702943,-1.8110629947548686,1.1913490551189694,-1.4346125839307646,0.37333054367387103,-1.9545330785042367,-0.23014227804307924,-0.9750341803162996,0.7331672761631307,0.9486543525933427,22.16550506057924,73.28414599632404,64.54197854613084,40.26079596820506,85.1095439757746,82.330420899793,Laptop,Cable,64.21850733067188,Industrial,0.74320637008962,5.567559104487757,0.670479188041047
508.8678915888525,1,2.2288,0.9121,-0.6223777538426618,-0.5046706500782958,1.1837924416012844,-1.667904370475144,-0.12802591296843252,1.2142882693906312,0.5731181496104876,1.8378307637976616,0.9744051201848285,1.8985603510380256,0.5491708367902849,-1.2226139175536317,0.3225042641261142,-0.24402677507509968,0.25897997982985643,1.5880793532255313,-1.1727119380042168,0.6406733128176081,-0.7527646769194174,0.7656213935951993,-1.033915738334078,-0.05973775602693847,-0.18819002040286784,-0.1595796781898763,-0.7991380316616209,0.5581624808766965,0.5346420696985487,21.18780960632033,72.32788267994631,63.90673110011237,42.207174012325645,80.29575084355218,83.83960154261946,Tablet,Fibra,60.5554975869876,Sistemas,0.518729722216103,4.370635194333458,1.8578550570141978
454.97444544220446,1,1.4983,0.9357,0.3351439760413593,-0.28022232213770903,-0.03911751747707529,-1.2569313825414146,-0.029110171546246094,1.069106879136954,0.2682583904475117,1.333682630561335,0.9912088717517845,1.7090540242407612,-0.9938432546749459,-1.2008671746174073,0.4248762213542044,-0.4442036023662292,0.037287198590800284,0.971741710834412,-1.0966631384138659,0.9172128168385669,-0.363717742242162,1.0091676811293502,-1.0472233700121925,-0.24154269546443796,-0.4452218873392519,-0.4207937309369958,-0.676730086612302,0.837524712145504,0.6397855286961878,21.40052154276269,72.83082611938656,66.2131986479013,41.99197578389898,81.80407266480351,79.06829911249635,Laptop,Fibra,64.17525588316244,Industrial,0.4793835838587921,4.073571982379584,-0.44140505420082055
502.84587577658107,1,0.6062,0.9745,-0.3613013398547743,-0.5066162625229923,0.42120789743032044,-1.3796512781822075,-0.22232328099418747,1.4004016201542282,0.5608384840454599,1.517744381822494,1.2507633139111505,1.3397442126093688,-0.6815444141676414,-1.5473960121748664,0.47259862721107915,-0.3348741574895263,0.20891438896642245,1.2172062334933176,-1.3365555304353867,0.6644209880640098,-1.0674638205683673,1.2190705329521656,-1.2454165937017374,-0.16229650797415712,-0.5822045696696644,-0.48943510000842694,-0.7166839070223414,0.8206225888534531,0.24934323176078918,23.01373838346747,77.25640882616483,64.07682029489128,43.348004648766576,83.88553440226883,79.83588355269849,Laptop,DSL,61.62274070810707,Administración,0.671711690597805,4.752288054576785,0.24782980599915908
482.3949210980968,1,1.9663,0.927,0.15755156911918292,-0.780686413473822,-0.5432759618740476,-1.410498989457279,0.40450116858555885,1.4555831699349429,0.42749231462883724,2.0456662713251847,1.0773385100869681,1.0396188679861802,-0.24336064119544146,-1.7293535534943858,0.5422687148345233,-0.1330921640050951,0.22002612181848805,1.5252672974556423,-1.6027926944940423,0.5980434298508739,-1.6477348379934662,1.168313153007401,-1.4307120018022732,-0.10733030693906975,-1.6380515572480325,-0.9453226334770115,-0.8964469405011336,0.8981138326311647,0.11006870352330991,22.83646971569049,74.58068794766169,64.5773080076248,38.15707739657362,82.16630111856662,77.94252694711018,Smartphone,Móvil,63.93447400563103,Administración,1.1729815252542044,5.2301051347125975,-0.23523379269140482
515.9447021418098,1,1.648,0.9301,-0.9506558588959974,-0.532836587534682,1.041863931357005,-1.2116677463600596,-0.3918207928592461,1.2193872130588754,0.662558809872561,1.4022315829462355,1.027590926190307,1.3164458775290584,-0.3079683717021691,-1.2407687846834934,0.2775169555829868,-0.227602407124551,0.03918014745286054,1.256106928831487,-1.0695672347446823,0.15566004328455346,-1.0691159156601944,0.9434483897815411,-1.042594443992467,0.2717188784832578,-0.383166275100593,-0.032722589015742716,-0.6378311187876697,0.5113746398957919,0.44857096237458166,22.671658718928924,76.51291063866275,63.40779826064655,43.20270409439048,83.23237531842115,83.35558551333003,Desktop,Cable,61.31366029420966,Sistemas,0.3614326474368518,4.084393451009508,0.9915484539243962
397.2642986814641,1,2.2664,0.9123,-0.01551706937512598,-0.4145330505149166,-1.368214323436334,-1.3369961300761,-0.9000499235851547,1.4898340671729986,0.24296567873170205,1.0855099400326922,1.5661787255555457,0.9517193941302028,-1.075707160756461,-1.0399312342584877,0.18952971781706487,0.04195440721417659,0.7373465366148098,1.2426290180247304,-1.3503810756065746,0.41807854577292936,-1.4097478638570409,1.5076649207679003,-1.2829286340354282,-0.24251811210216095,-1.255317478812812,0.07098537199765635,-0.8792392812201706,0.844914482913799,0.18013191808141876,22.20365988832911,77.19438661155752,70.21974119358038,41.52183526859298,79.5563646057096,75.76933258631861,Laptop,DSL,65.60940919506768,Sistemas,1.9921605684903736,4.456534577537714,-1.2767815774612237
449.8578844861155,1,1.7655,0.933,0.254484638435813,-0.6862514111657821,-0.5015637548185127,-1.5544564020915226,0.19934483688597962,1.459776068353994,0.45001339024874304,1.814111912060887,1.1715995116696944,1.2526618111831729,-0.16050003800307636,-1.4726369201177103,0.3085412202835006,-0.11142904068885842,0.5051064137914134,1.5157461840964914,-1.60013894037978,0.603279736806541,-1.4464221437580749,1.179172838376009,-1.34071256304866,-0.40358443133417793,-1.710377671908716,-0.6496355044252472,-0.984250677550937,0.928128887686464,0.3108534196396193,22.3777238145812,72.03333724560252,66.69510452659476,39.07414287726971,80.21241424384337,77.82383080263256,Desktop,Móvil,65.52792122911022,Administración,1.510577235363974,5.109820778184696,-0.05408896937984838
536.7102115581448,1,2.1732,0.9212,0.027361538741087266,-0.5681412449375356,1.4059270562642467,-1.275865784929487,0.447653675753295,1.439361901071182,0.9004572914497508,1.4932503018773924,1.1438904366153448,1.6821638697956354,-1.602173351105498,-1.9580919016855276,0.3095362828185186,-0.7150216339824631,-0.20673551358240602,0.9592111632936634,-1.6035350588186987,0.491328500693154,-0.9357367386737695,1.2670611627434063,-1.3067400040260717,-0.42717579558280183,-1.3370167873972134,-0.8697664430683458,-0.8196684878517324,1.224444153705902,0.8301140551752696,23.80100210549877,74.51514650314604,62.96376875530139,43.93464568909684,88.76585240466429,80.8316627777116,Smartphone,Fibra,64.2892038502811,Administración,0.20180800470015225,5.503645970597806,0.0773217930734646
481.564607808152,1,1.7002,0.9308,-0.09416659856737693,-0.5280227838745999,1.3045425860098767,-1.3631154055307482,0.2032194246591083,1.3114729668051404,0.9499994030819057,0.9033465338014149,1.094038543430819,1.4061577747309957,-0.5551450942459915,-1.34702187352692,0.11258062173913487,-0.5827662074913141,0.46396690123654805,0.7961841229070215,-1.363201388892329,0.6754476295857621,-0.6315354060386984,1.1273594063046273,-1.0272705659233334,-0.9287824507023675,-1.096013595415535,-0.6012125756387864,-0.6658269412003299,0.8892570467568008,0.6475667148027547,24.72288485173032,70.33580265842576,63.78703229828329,46.32730687661302,83.46772692068414,79.72407564005843,Desktop,Cable,66.23010411981116,Psicología,0.43775296837695243,4.47146449856949,0.9279194696518926
364.3530073709392,1,1.5214,0.9354,-0.4679099794000526,-0.5930702695876121,-0.5574461407486219,-1.3367694951477487,-0.588631760346142,1.346837163002931,0.5056729367364625,1.0754523153007973,1.2343077795714734,1.4190213425736335,-0.7022255463633047,-0.8963069589531041,0.6188253236734411,-0.40978588016466583,0.3085145404121555,1.0381451321760782,-0.9989227494382252,0.9874379739034825,-0.6715319858722851,1.3923519532441135,-1.275679613763512,0.1052854834261771,-0.23348229069058052,-0.15771331516116582,-0.4583550698331254,0.3969225430639768,0.5670082958389956,21.79225360548172,75.42990737095778,65.6200197932054,45.3309786996961,82.05610752536448,76.33983195373678,Laptop,Cable,62.35597967008111,Sistemas,0.22968722764032046,4.169639304358326,-0.4276763579198772
510.0935264196259,1,1.6123,0.9332,-0.6894775607148944,-0.4288869800801855,0.3270281174114646,-1.3179895741314067,-0.5016492913373151,1.2844893078136927,0.380659953561264,1.6509819556390457,1.1892992489646828,1.4307415185545311,-0.5891701600647977,-1.4339462377829095,0.7026543792292305,-0.30640496733489053,-0.01941893082417619,1.281794271948935,-1.074593121048425,0.772117516365507,-0.8960483499769534,1.1249392774763756,-1.2105567142729294,0.3214310932165319,0.23994647569140126,-0.31597348808198944,-0.5713227208676926,0.5879608092371754,0.14621870219197708,21.960829344823065,80.12823194197728,63.20764756570569,43.35251790540482,83.88735085998032,80.86862411780635,Smartphone,Móvil,58.398012500979405,Administración,0.2652541330087436,4.347520588192628,0.28157283468786337
318.7411877264253,1,2.402,0.9108,0.19725557764799928,-0.7483476733545232,-1.790725133332746,-1.5456390536675366,-0.33630054686062794,1.5903967306090576,0.39336614885868,1.267115324814644,1.428490905608597,1.0722278324091046,-0.5027622570346962,-1.0381302676129478,0.607658144603133,-0.21910775555450085,0.7955236719131595,1.232775244876981,-1.3990138002415355,1.1707009866100808,-1.1974111105306628,1.6357392446584313,-1.5061411788889283,-0.3780459923397917,-1.279712205690152,-0.5383073138542359,-0.6905014838314005,0.6454302035783875,0.2637965676422173,22.32561319184968,73.65974385018697,67.95533905581193,42.7269937362625,79.61931661942094,71.98275140906438,Laptop,Fibra,65.36094135191115,Sistemas,1.273878394182362,4.852838889351508,-1.165176234822837
423.78074337831214,1,2.072,0.9221,0.2682648572337375,-0.5634199652290345,-0.6419636343377115,-1.0609743903423774,-0.004111598147278904,1.407124704734693,0.45889027356485296,1.34310675146649,1.2328310662867727,1.3853218830748075,-2.1712283972369346,-1.6192613565563043,0.5949653948134757,-0.5650335508711418,-0.24575310482150833,0.8847626644640518,-1.3701878215205396,0.6958802664156614,-0.9868604923743552,1.5360112332410687,-1.4626812388425106,0.0963888240412013,-1.2223586673535283,-0.6778638969920632,-0.6718600194828542,1.0046293198411809,0.7321077843104935,22.29556014342109,77.12860878595033,65.88331166546455,42.24223629376173,87.10794062910114,75.92885852704177,Laptop,Cable,64.69373301571383,Sistemas,0.3738087977288474,5.100047376708173,-1.8799411319819894
400.8543890919811,1,1.5552,0.9367,-0.12072840208719454,-0.6971742004776462,0.5090845615004826,-1.5727610362921471,0.1805190136102215,1.397637770790252,0.8641540193316751,1.1053751712304007,1.1129563195808987,1.5907682892443287,-0.15581655612137488,-1.1899459105994938,0.5470161209995957,-0.6777228788307759,0.5160152266152072,0.9230509747749531,-1.2684854134609143,1.3306363489867554,-0.4394629359688369,1.2880642066242158,-1.2330534529893287,-0.7236390735257848,-0.6145230406359212,-0.7719552843708923,-0.5013739665121965,0.6135314528643914,0.6288336330563231,23.5797566919824,70.21825354512413,63.17041534519425,47.12136093918358,82.62746238697859,76.57537187909773,Laptop,Cable,64.00813577131758,Psicología,-0.00892026329985794,4.626070844008328,0.7306936505583382
492.2699555251709,1,2.0841,0.907,-0.5486619978611613,-0.4741049026116677,-0.5487259679953332,-0.9055101432899053,-0.49350411984414444,1.1465487423819196,0.31966048459145774,1.0107818517773275,1.0807581899271326,0.20950620347999596,-0.21510633864709064,-1.0766118829371776,0.4973520695000982,0.015639737103538793,0.4586565073068421,0.9190056061485622,-0.9643358987049118,0.44661585738506215,-1.3174486337343907,1.0685465759097275,-1.000127963168084,-0.015450446617431134,-0.4305782121806106,-0.40151743422732533,-0.4132880304826922,0.42652325659439244,-0.47150081610367095,24.90166384006353,79.31011940800363,63.73898484982772,42.556199375446496,80.31508220971119,78.16226822174644,Laptop,DSL,62.84046880294098,Industrial,0.9113832958079303,3.2586502727040307,-0.1780687512928112
478.2113582090276,1,1.2498,0.9461,-0.5339180275781013,-0.6899009727094566,0.5216105941442958,-0.9432670566951822,0.08525291365212934,1.2817767296550688,0.7879707365576254,1.097822835678417,0.9953331265349955,0.9388242672548573,-1.0961474684872394,-1.4925005173862234,0.6634776160836935,-0.5962555809854441,-0.14673908774663244,0.7131389830448639,-1.1155044541049655,0.6645465997540014,-0.9233393205384091,1.269453229977204,-1.2347680552262776,0.0672149864962236,-0.5804608559096606,-0.7917591081694877,-0.33747581058064025,0.584417534273353,0.3590574342121759,24.706985024310093,77.39084546635567,60.98008574237054,45.54050126517357,87.07066497497787,78.38810783606803,Desktop,DSL,62.5268232825489,Sistemas,-0.3916327257566826,4.305149854879999,-0.18556229695705728
437.9054713359197,1,3.4467,0.8756,0.9376941964613067,-0.47729663710444337,-0.9399684298240064,-1.6036004871386402,0.44083659620749316,1.3351914946181451,0.3453967440289235,1.145914467886329,1.2015575832327403,0.6822974861415365,0.4809096076388943,-1.3080423527482554,0.6164947616570081,-0.29953008247837354,1.2569061400233388,0.8667174979090821,-1.482189456436277,1.8110358380430556,-0.7241145567684846,1.217574770928113,-1.1275350732846032,-1.6692650159883848,-0.9917647415878285,-1.4285533462500872,-0.611352731332168,0.9215568011449392,-0.5485826818885077,25.652145731436995,70.33161350653828,64.74432238450642,43.745531163763225,76.90479681872947,72.2620420106973,Desktop,Cable,66.43580711097717,Industrial,1.4238013051152234,4.201127523727231,0.1156591949715743
573.6031909018998,1,1.9999,0.9261,0.4996294182692173,-0.3366496035605806,0.05900097393924622,-1.339919100885001,0.22529772927057354,1.4512580838946394,0.3295237099736663,1.7841521102237834,1.3589103619733212,1.1550850107345134,-1.3518953487548608,-1.9580919016855276,0.6342752563245826,-0.4006854166097978,0.1446928481631279,1.0924677416526603,-1.6659454825267515,0.9765609386407018,-1.17371251817426,1.318867835205862,-1.3499102251306707,-0.6465021148521368,-0.9062616088371892,-1.2017729354240785,-0.8568763481622942,1.3712612604349534,-0.1918293052552058,24.121916146813,79.5548637145126,63.90470032887733,41.46194209067709,85.65609708996908,77.92379669612156,Laptop,Cable,62.14750754682607,Administración,1.1042989270139936,5.271115046644382,-0.668041462976581
450.2534314221229,1,1.5706,0.9397,-0.5403987702352866,-0.671191546632553,1.122872911380055,-1.564558446273387,-0.26673993050072015,1.6152524179945131,1.067817706782659,1.035298397674861,1.4119388821765375,1.521180657811984,-0.6816334181791013,-1.3691172954348483,0.03469014040611013,-0.459995761839176,0.5879935599015873,1.1317918765163366,-1.5309541839135954,0.40025014596685543,-1.0968272898294105,1.4139095961181605,-1.2581697979457713,-0.6512744085463475,-1.3445097907010406,-0.21887157625635206,-0.8280457683382726,0.8767650041380977,0.7821954778119959,23.89086351408849,72.62577627649135,65.37063250881674,46.5750902406765,84.1588176490807,79.6519697699114,Tablet,Móvil,65.17836504839578,Administración,0.8456782870439328,5.169707629967401,0.8538571092892653
562.9390491640343,1,2.3267,0.9031,-0.17435892726850735,-0.3261611206892224,1.4845354687488481,-1.3692696809155847,0.19886695704214094,1.08716241398427,0.6597771301768581,1.1646963373239176,0.9416365305455863,1.2000068098806065,0.29980517642886667,-1.3693703174462684,0.3105033763984784,-0.411785236222969,0.5244946986903495,0.8881754406118962,-1.1698029853665806,0.928946932831036,-0.4865133920915136,0.7665397084767311,-0.8093758948884978,-0.9467645268609063,-0.18828788758878043,-0.7560791014173563,-0.566479839153667,0.76463065230851,-0.016947620725494703,25.012659488318857,72.47095802270135,61.77721295412122,45.29640814501716,80.99461125709033,81.70241974656375,Tablet,Móvil,62.95332071843358,Psicología,0.442999844872995,3.746793963146594,1.7383460655511904
399.045407006852,1,2.0478,0.919,-0.46865798720289503,-0.6260470753015637,-0.06127280862222474,-1.7586127555786537,-0.5088338794488518,1.5509577524274831,0.7113618368948009,1.042125768643615,1.4449848534378102,1.1969187109204777,0.43969896866547536,-0.9958958035518568,0.49569256438906373,-0.3095674484880721,1.1068804939304495,1.1741639766513876,-1.2827769589286901,1.2972100750470597,-0.8320640891719794,1.4029939332999675,-1.2312394565831428,-0.8291359133473974,-0.35367617006660823,-0.42648200200635894,-0.569017776185228,0.505035938362431,0.032052101252499965,23.883730833010286,73.56815541830855,64.83379865192582,47.41201061904126,79.16913495293376,75.80368179145219,Tablet,DSL,62.48091958486464,Psicología,0.9133237681808923,4.426473068616969,0.9839183035727473
542.4436087946699,1,2.2518,0.914,-0.5565753187175871,-0.5446065933255956,0.5428598661450864,-1.7152425731185734,-0.18343333600884235,1.443672231823213,0.5003299645009537,1.8721112201793713,1.2629850334905541,1.1682901804497925,0.7381186943198812,-1.5736296759008566,0.6471394555995222,-0.14442435373737006,0.6618604012868082,1.5392656121011388,-1.3771402500290206,1.0557458391379622,-1.1855772980913422,1.0438924078674943,-1.2039817624015612,-0.44784807666111615,-0.08748005606813673,-0.7198363902784176,-0.7128538296198733,0.6661345800626632,-0.3993747299536634,23.623136581072657,77.42415154613632,62.2406452902833,43.27549402449146,80.47713599851016,80.2976117598096,Smartphone,DSL,58.75685539224949,Sistemas,0.9517130431235827,4.650362667399798,1.5745754002592152
497.97986692514826,1,2.3533,0.9115,-0.7313451531598032,-0.80962464101561,1.292760186042127,-1.71623110747211,0.17133620507118857,1.5316250906087758,1.0241863471832944,1.4595841749702667,1.1703647459032982,1.2089661171206174,0.8104850031914768,-1.4956620480143608,0.5497592512883908,-0.4554851994025375,0.7264397212460612,1.2513789167926332,-1.421476957739898,1.0946668446014678,-1.0142263261634707,1.1547659212320638,-1.2273215312751586,-0.754632957771586,-0.5016385995728361,-0.8964564342163739,-0.5624697200271846,0.5605200914885673,0.02774984263279216,25.16253556288145,73.1874814622054,60.33348647083079,46.97407706377387,82.43932035605694,79.44672288223916,Laptop,Móvil,61.03257468649224,Sistemas,0.2709521957393814,4.831512984676856,2.143681194856905
359.31990179591975,1,2.5968,0.9023,-0.4581109708911513,-0.6789639956365391,-0.6755179752051773,-1.0151205367349716,-0.7698286287818196,1.5068239881344296,0.7178712860568106,0.6871316839166756,1.406726021864156,0.9643392749970712,-1.7675795389406486,-0.9374118671804403,-0.0776016048371478,-0.1615880784246749,0.32786870632221304,0.9932989742217704,-1.297382768345419,-0.266089473657787,-1.5335819694460517,1.5944896849774488,-1.3107020597554548,0.15430915982444343,-1.9692695617034899,0.3279742855410627,-0.7907664382550468,0.7187815590843603,0.9399922303650036,22.72190152608245,75.14244203233201,69.51082830355547,43.0189944391769,83.48967722957553,77.06902192745474,Laptop,Fibra,68.41427606928515,Industrial,1.2894902319092079,4.557479067220099,-1.4239121362398475
519.4963405306443,1,1.8003,0.9207,-0.5379925505623135,-0.5860164363653997,0.5103511518898208,-0.7396131436836324,-0.07503721124764132,1.18634483589855,0.757967667267225,0.7315581122722613,0.9913018308542455,0.22513253957319737,-0.7671295575878447,-1.3021025527751247,0.17657294411064056,-0.20935583601534805,0.27002386976375037,0.6525403631883483,-1.1446162304003986,-0.005678516912451944,-1.3845649706738756,1.0876128316963563,-0.9683369712435544,-0.2626793251139472,-1.2434196586396489,-0.5217941220280852,-0.4666248848294667,0.6446433172140293,-0.019114964812679193,26.46339234382502,76.66243121028201,62.71717716672988,43.88722170965394,83.80853376164028,79.6641436828663,Laptop,Fibra,66.03451729883481,Industrial,0.6321810404011204,3.62440638301279,0.0431548671343309
408.3493156266405,1,1.3711,0.9385,-0.6793305028044895,-0.8177214188813237,0.29528421257401716,-0.9789188709058971,-0.021435777171195925,1.2005829709346925,0.8530009808514355,0.9051252725089277,0.8492289160979309,0.9159629850225893,-0.42101736944137297,-0.9229273830665036,0.2890661670084129,-0.3642224552198979,0.12627734312641375,0.8745087984252642,-1.0082669618781315,0.24116476101730758,-1.0422645641570614,1.1043201286892692,-1.0997699852553537,0.14260513291949,-1.1395991019474485,-0.2791223959174359,-0.42411990053532056,0.3164453742607691,0.6994546211797711,23.86270544131824,72.10491976075845,63.42272802571768,44.09712042342341,82.97681864676792,79.04396583247991,Smartphone,Cable,65.79449203998094,Industrial,0.0005058265774253819,3.8221720454215427,0.2227696247749034
470.2194891371722,1,1.9732,0.9187,0.028276005987622466,-0.3517533523160902,0.06770218289423695,-1.2806497809379123,-0.19760785886819562,1.319276305714814,0.5242141940467249,0.8847908775150838,1.3076541130368213,1.0657969205354374,-0.8908118181721352,-1.4100206834122169,0.7457874233224439,-0.6096373122075118,0.4873358992054201,0.6031820461371521,-1.1668367181837267,1.4779563354411098,-0.42364663439921446,1.3859795210028865,-1.1548429261950839,-0.8005479330087354,0.047432814152318044,-0.9201085186733692,-0.36824198244210515,0.7967133958906634,-0.09275937086480088,24.91212099248736,77.39156261799513,62.8445777383706,47.76324828775712,83.76617356776687,75.46486759202162,Smartphone,Móvil,62.048842360494845,Psicología,0.22839961797427713,4.155772800858068,-0.20669667396130015
415.642644179358,1,2.1707,0.9178,-0.3542509143655829,-1.0012721219190175,0.7581577245403417,-1.4169169687249747,0.44402201083287546,1.4347303981651627,1.086620589700565,1.3459832932875821,0.9108991113541199,1.291141194020062,0.10406207831397304,-1.1747158988155517,-0.08580009730791185,-0.2817941362071349,0.421983869991265,1.3315046511461406,-1.5157024002258042,0.0011823899803956983,-1.441641408191416,1.072479133120609,-1.2189373165887647,-0.3405255000676234,-2.1274221353417806,-0.37093596600382933,-0.8794549878393783,0.6499998902849505,1.0226739229345778,23.467678317106017,66.5073052581334,65.11838900336171,41.67905016056062,81.67737509407215,80.27014963963839,Smartphone,Fibra,68.65799913497146,Psicología,0.7781228953992333,4.886624187604169,1.0493368807579018
607.27521668212,1,2.8179,0.8892,0.1301499422413708,0.20346341499725437,-0.3816053555437886,-0.844151693468837,-0.9113491499641041,1.1112595117924804,-0.1774769654133795,1.2496407874897255,1.4556593323658944,0.8619072834071917,-2.2250699225020862,-1.7184433627919333,0.4466056571175978,-0.0842384123037642,-0.046118781443901635,0.8502409379536047,-1.131294594776887,0.41394279392549155,-0.9938365616409683,1.1800594955690928,-0.9964065389844503,-0.03965336691088311,0.0980931859594907,-0.24578040340755025,-0.7430921349338989,1.2325972277833672,-0.4338937068833567,23.06501312765652,82.77506760408586,66.90606895820991,41.03570136472617,84.31208005567763,80.35654787765753,Smartphone,Fibra,60.71800599527301,Industrial,1.477049801067311,3.8378595956509725,-1.6447703998293894
503.9653219220676,1,2.1581,0.9166,-0.8023979696716523,-0.6937249205306677,1.8306288139318974,-1.529420576115427,0.12715491117249736,1.3474812365636848,1.0031484841640539,1.5131293981320113,0.9905452185826534,1.8020088754209327,0.010473192865320596,-1.435742703393226,0.3572574363149009,-0.5703999796786253,0.10226721587455516,1.2435298902076835,-1.2630986569927154,0.625726027888302,-0.7366593171924218,0.9919387744537717,-1.141339279912764,-0.19058818450664677,-0.46986157458001915,-0.44773511579005865,-0.6399025815862759,0.6003225594822009,0.7667502838615309,23.032635670702994,72.36399335617301,61.485489808398455,45.65027555709688,84.66526162829078,82.92226892561226,Laptop,Cable,61.397396333576815,Industrial,-0.1730048302516952,4.7618079068938135,1.8347870378182083
381.70597881172745,1,2.5418,0.9099,0.2613488272970948,-0.40590213834896266,-0.0806619587215681,-1.5042703461660119,-0.5875840172897772,1.6200491884809034,0.7153582161892348,0.8053530480071827,1.6486149495400062,1.801405422447546,-1.996470672328047,-1.2326423168422382,-0.16239054072980325,-0.4325803906221744,0.5819101736933363,1.0132093554015946,-1.6077100442974188,0.3624398768618803,-0.9350691879578633,1.6695105907142949,-1.3212835793303208,-0.7418719919947655,-1.8299952761196314,0.10451683055598551,-1.051447709405659,1.2380378696216428,1.159892445673485,22.01331877680445,72.21759227081482,71.05945165363067,44.72205788163193,83.50377661968041,76.81867910327331,Smartphone,DSL,68.66239326563623,Industrial,1.6081520983999318,5.340683330609125,-1.0688855576828722
499.4101507458089,1,1.8613,0.9272,0.7443477152380588,-0.286183808137641,-0.40514678647352986,-1.4062669445922498,0.1251402736524402,1.3134581660440028,0.24576449403209416,1.448082100312078,1.2706990834612113,1.2118374414667066,-0.888987029872872,-1.619216401825053,0.39182376287460563,-0.2891649725357452,0.5110104980150939,1.0465295619452308,-1.518883719064125,1.0184869452237735,-0.8972351849149947,1.2015723272962704,-1.173029028161103,-0.9051981257929309,-1.087198656247608,-0.8821810801087449,-0.8732289046405798,1.2146939443367986,0.011824751174584163,23.409252382838684,74.40265205022853,66.60712844181714,41.18160611636399,81.19261151534761,76.8371211066632,Laptop,Cable,65.28675303615118,Industrial,1.4623172806608333,4.694853272677042,-0.6072321161599615
461.8947153123485,1,2.4188,0.9055,-0.7219809430998867,-0.4843506096252742,0.4646753934168753,-1.6150262384394207,-0.6510336667032648,1.5370602042734225,0.7352516847731188,0.9262530371287153,1.5278469072844951,1.0929527833076553,-0.0026604829039437003,-1.2684735777155107,0.7515897364116052,-0.49413767683602394,0.895561262110171,0.9103756564497498,-1.1798185787099007,1.5192481345855646,-0.6263157993059618,1.473506221291729,-1.2130258386650474,-0.7950569776282276,0.46022327470151525,-0.6278202780144866,-0.3597921343323775,0.5403395203300141,-0.2757624648803871,25.054766921807765,78.64493484887844,62.088185636560326,50.2585573246632,82.45460349841368,76.31397735818062,Smartphone,Fibra,59.21838163309247,Psicología,0.34546005744525776,4.318761367159773,1.0075671815480822
385.61617195602366,1,1.3567,0.9429,-0.4377207313188276,-0.9275105983218097,-0.11846589273805125,-0.9962212998467961,0.15244218335944984,1.3281494781865604,0.8519752356842288,1.0883373855687117,0.9111971999892062,0.9850729026320564,-0.8575301221522788,-1.1274472791016508,0.38017746877509107,-0.4297387814634107,-0.010719330594470956,0.9304296879731364,-1.180961211163524,0.2815594887176339,-1.2190552699675685,1.2863426587448128,-1.3021083433820313,0.22596297398336512,-1.5686357656426781,-0.47050538066529335,-0.5021127314906558,0.4597059715995176,0.8373780573093089,23.500978520494183,72.34544112120241,63.920685387033465,43.04783109376238,84.54526408336062,77.4527766482228,Laptop,Fibra,66.40123244936177,Sistemas,0.03674498783470012,4.421638442736077,-0.4637509752981474
489.4704774312445,1,1.9565,0.924,-1.063949436876181,-0.8825959234253477,0.5987174652888908,-1.4003620995672357,-0.02403633091752041,1.4341797669365008,0.7293887469706752,1.9595906498844908,1.0165792636368567,1.3194021651671146,0.0942463365286283,-1.5606506740503732,0.8597766808098013,-0.3750829947486407,-0.1077607722311323,1.4784677668752835,-1.1932637700510735,0.7354435818108503,-1.2684642718228345,1.1415483736638756,-1.4069372419495056,0.5499842155396263,-0.20271899450158504,-0.6480348106031572,-0.49933834788841885,0.3540003741870503,0.24831759506621978,22.62053462788549,78.21956197579617,60.20912921571335,43.26164458296164,85.19086769684779,80.74187109506971,Laptop,Fibra,57.9536467138426,Psicología,-0.2676135362483266,4.861418631764711,0.9814938666226753
453.5570051635021,1,2.613,0.9044,0.7376755870702977,-0.028705775059047648,-0.7658477488447315,-1.8785993157684953,-0.6190924860091869,1.3983779688464804,-0.025371417089114643,1.5722419654165867,1.6039018004874879,1.9363677577612635,-0.6617290796854117,-1.2900390417192669,0.30289038623191356,-0.150101391742281,0.8799372182918417,1.4325323822555014,-1.4822913151230297,1.3094332361179437,-0.567631812626169,1.270007745567258,-1.172284163806558,-0.9647628777755147,-0.43003353209963124,-0.22854116236330188,-1.091836127546883,1.22568360925767,0.17102582426282267,20.46344342153258,74.32405136976622,70.71099107400515,41.50772807752593,77.56679710178314,77.10207634860237,Desktop,DSL,63.353373645011104,Industrial,2.1241751160223084,4.798627471027681,-0.4181858219575123
426.080762486264,1,1.4225,0.9434,0.22074782349786343,-0.6047592907384385,-0.7607388960236362,-1.3007865327697772,-0.03161246273489977,1.4707415111677156,0.47812128201346604,1.285662116636259,1.3065792049498872,1.0138776128281501,-1.024469289621988,-1.4745494501205647,0.5815723009169528,-0.37537023087807697,0.4020525746212665,0.9940809670048777,-1.4298375972360136,0.9676722079007626,-1.120032139482899,1.4784997798793962,-1.385523045273048,-0.4378005096459155,-1.158074984729889,-0.8172330257342102,-0.6615914213854975,0.8901195229071747,0.18100734504010488,23.656170924839813,75.79250953411868,65.44539427512589,43.04840640464139,83.20517182076863,74.80883727934297,Laptop,DSL,64.66723798618835,Sistemas,0.8907202015303546,4.847360970554902,-0.9588831133933534
496.60472229694096,1,3.1831,0.8863,-0.36814084938250313,-0.09271045421384963,1.625111337058239,-1.4055460271738904,-0.7226758422397983,1.2510867602773252,0.6073117982509741,1.2328064316658935,1.329055660634329,2.277956690132107,-2.1297706503349545,-1.3519179326227093,-0.022123496504909225,-0.6289565970814738,-0.3153007104057628,1.114874374324252,-1.1814025611591743,0.2325556830714871,-0.2278962300706536,1.1584059572961714,-1.0603633603504505,0.07618552795255817,-0.22732827563761115,0.47838255826614595,-0.9409574647034313,1.0898499114509652,1.5209357963151366,19.6048270919214,75.26894395445782,68.01698886877378,44.9416119041221,86.57911228493825,84.63292612234746,Smartphone,Cable,62.43390182997747,Administración,0.3752310621989516,4.725846605813032,0.025183158924278068
441.7008286201665,1,1.2322,0.9485,-0.5933004567662566,-0.6035849909457182,0.041948769108453764,-1.1167275340218978,-0.5755395686996386,1.485080009816641,0.7576480297406323,0.8259613092188157,1.387993065536138,0.8398510158773326,-1.1928510084284951,-1.2462843784938429,0.2392723388499226,-0.29049318444562344,0.40669279804262704,0.904525921797436,-1.2804577490559248,0.2645925295710794,-1.3115626367686815,1.4840229568307912,-1.2456999267072257,-0.17653407503697938,-1.1161970930808978,-0.1822004957830607,-0.6127476155799336,0.7134143957066164,0.3548400862912545,24.374151469037454,77.59286415110945,65.49142420721098,45.36277110463353,84.30948183719772,77.7360024524547,Desktop,Cable,64.73270629465556,Sistemas,0.8475221973680191,4.459546817396381,-0.43330670431849966
582.4147929714698,1,1.8368,0.9244,0.18530732442825998,-0.30397888938759055,-0.29226559479134995,-1.1166445654917891,0.04556003731080377,1.1636633532977425,0.08999663906318664,1.7649288463960184,1.0796147366749722,0.687350227595173,-0.5075361410650406,-1.7483069605325539,0.5807436786872359,-0.04567346995170171,0.18988168637214708,1.184756397100442,-1.3200463439614203,0.6561059348376793,-1.3092706722998089,0.9444911857647245,-1.0940642657322666,-0.2490920884190461,-0.6131457609019277,-0.8938503231159295,-0.7394552805484507,0.974710062401033,-0.5277579221792978,23.923690534342064,79.53257103465096,63.82020221510277,38.99531408763105,81.672236477338,79.66819218005799,Laptop,Móvil,61.87683247679802,Industrial,1.2546460026025414,4.163788820298981,-0.29176995078983464
385.8542668742477,1,2.6379,0.899,-0.6398890359976191,-0.7650203485955788,-0.0977086288166269,-1.8729915211981751,-0.40099230599962576,1.4425067013509996,0.6377505888147237,1.4809628171921927,1.1892013346111794,1.3767514697010492,1.343795835850924,-0.7322352828642035,0.2789437054957177,-0.013738834960486756,1.0739289809876889,1.6641172081067368,-1.2415381704024688,0.846247790295814,-1.107464405071858,1.0606010156369834,-1.1595831724324173,-0.41693141804779993,-0.7434374914737231,-0.06634793639503482,-0.7642358968694992,0.2913120217774915,0.27943606912389907,22.00236482451776,69.74926088488948,66.10576572012491,43.1998582460858,75.71428793754123,78.69963663524315,Laptop,Fibra,63.20276975187399,Industrial,1.2352419270915374,4.276860657690353,1.6846662047814724
553.5162628310264,1,2.1159,0.9108,-0.6410089797635162,-0.5099608044434787,-0.02199116775022872,-0.9155667883601479,-0.1341020565265251,1.1240226416687786,0.2724561892582969,1.6901387465226205,0.9306934079325643,0.6817944930752565,-0.5163151645350638,-1.5936799834702262,0.9328951023234555,-0.23050864113994876,-0.24836079860472562,1.0741326004177156,-0.9692040360277784,0.6963052472056626,-1.169769281943991,0.9900039680753513,-1.166499736331451,0.5268024534057758,0.1758172670075388,-0.7883924763204888,-0.35937172387211747,0.48235653243259724,-0.36905150600453035,23.73171404154317,82.42630097233949,60.439648580235456,41.63369362798004,84.64772366963894,80.20349149754057,Laptop,Cable,58.31366107763175,Administración,-0.01654366545459963,3.8476878184776386,-0.10918982888110447
522.9560318222442,1,2.611,0.8924,-0.41121581421459946,-0.7827060956061135,0.049054111266835114,-0.593380835067327,0.46113710873038,1.208642407635883,0.7429070786823768,0.9232160254881419,0.8583239358976604,-0.15629843589140993,-0.7790584096024824,-1.6849968265900548,0.9492484286970175,-0.5226147519847839,-0.014202436563480957,0.3628877928402013,-1.0864204411716007,0.8511204970151413,-1.2426713628739567,1.250479708776005,-1.193739010982799,-0.1772760414245784,-0.6441791329944456,-1.5158532655860752,-0.051403920668342463,0.5067326758009254,-0.5361436401385116,28.13050690076205,80.09638851219037,57.52320276536587,45.58538239918745,87.14125202915686,75.71017762748971,Laptop,Cable,62.76820631409838,Administración,-0.48532187312813185,3.7636779015328563,-0.4456550983534795
492.7913799035091,1,2.3172,0.9142,-0.4007993686638976,-0.5557317490599035,1.3912549443517226,-1.8785993157684953,-0.1375427184396909,1.5811551888277084,0.968910468694636,1.2289522101241082,1.4172756583416983,1.5503647525581015,0.4046710546408519,-1.4093103361512518,0.18079179951395155,-0.41688708699203314,1.0176817312620097,1.252421248062667,-1.5563511758544695,0.9961418432408266,-0.8416280927638674,1.2261451759679476,-1.140255287788085,-1.2163436028573937,-0.7264113958702132,-0.5306028442440085,-0.8155906792398582,0.8710595241199931,0.25242621183763464,24.48855913704006,71.64242117073798,63.961620243902665,47.3770747396656,81.0663705271628,79.76134972799926,Smartphone,DSL,63.14004072197682,Psicología,1.0261640743570457,4.978740808207255,1.9930881929580542
457.199721700101,1,2.2459,0.9135,-1.5853146244365643,-0.8123872127958923,1.0404202394800672,-1.3042190060177101,-0.7943568522949115,1.5580457258378353,1.0295652330654599,1.1684332249823002,1.3192185462654153,1.201965053798018,-0.4526822699670575,-1.1687674710830933,0.22218012307375173,-0.24572278125231425,0.2281185808101175,1.3280160848650628,-1.1820269526115907,-0.07431893394121238,-1.4822167993265445,1.340095255534402,-1.2772751030951832,0.43609930372838807,-0.7067731656587474,0.24137884828093523,-0.613886680024852,0.3628203066022667,0.6285572918865713,23.22748886591416,78.10584186749035,63.57576497933741,46.03975800834777,85.04485163473899,82.00844261644738,Smartphone,Móvil,61.14801793903378,Psicología,0.35233731206011143,4.642300669817569,1.0081593497140149
323.47678597841207,1,2.043,0.9249,-0.4018207222328447,-0.9358011106212921,-0.6097644751990212,-1.4050443526245875,-0.43279796664046505,1.7618288334005738,0.9647286925736976,0.8861475757124534,1.507789675544506,1.1302674429410207,-1.1486883530689955,-1.1049213329257692,0.16688334366898153,-0.3509150245443408,0.6266389070032164,1.1166004472332605,-1.5314192729620895,0.348298915566382,-1.5087620908746076,1.7918055472059287,-1.5376304014725732,-0.254109477184721,-2.0404591317483236,-0.1526890110994194,-0.7658291053879581,0.7042916490451497,0.8895763892538943,23.33517613318241,73.00876366849693,67.75821415916094,45.12102786093152,83.69602705418092,74.54560693070064,Laptop,Cable,67.54756959662178,Administración,1.061682884513665,5.317167206174615,-0.8111001328608527
391.0972534064136,1,2.094,0.9261,-0.28096879763472704,-0.6427630833393838,0.2975694074758306,-1.8785993157684953,-0.41736332031611695,1.7618288334005738,0.6818583223352213,1.9277596898706306,1.5834404382707234,2.277956690132107,-0.19802428824706741,-1.4045026706718462,0.5251633352257922,-0.5018265354626079,0.584895209457343,1.68450289098197,-1.5925793948018345,1.3298351766940533,-0.7273508363481799,1.507064767315049,-1.5585498700605662,-0.3873179863195796,-0.4776892185861319,-0.23302951271451347,-0.9879519503380888,0.8467012709822305,0.9143167687782705,19.741138623566947,72.70703244223738,66.93802418060595,44.94949872377538,82.12570377256469,78.21106927017028,Smartphone,DSL,60.27042159678357,Industrial,0.788107473695793,5.815826499869473,0.7459105747209985
446.2242209387792,1,1.3802,0.9449,-0.3754447356393057,-0.8610161437837914,0.47995404079228793,-1.4869486275483408,0.3248275018660659,1.3759646921033009,0.7707423098583551,1.760636429468422,0.9270648504217054,1.4954302111842313,0.12573859293254092,-1.3557248428277116,0.40194492251979297,-0.3392474777913927,0.1700132496128715,1.4389763165383933,-1.3699978583480947,0.553445041865543,-1.1738736445848854,1.0448864620021416,-1.2909626885249776,-0.018571346289894177,-1.250889527601052,-0.5756485696062559,-0.7510745938740724,0.5860961407888035,0.6819740904167924,22.34460881266513,70.92274567160104,63.51500888945893,41.4905309176692,82.37557721869615,80.14636138229145,Laptop,Móvil,63.73774479127229,Psicología,0.3868997478944079,4.897291300376157,0.8692165280865658
398.0132639804327,1,1.3523,0.9483,-0.09946630069943123,-0.8488025418960032,0.15775339691084167,-1.4495360236278108,0.27019648242170036,1.5134561056380453,0.8166406243456389,1.5889948551101458,1.114946914352694,1.7885112079469645,-1.024850569597712,-1.4981796622900052,0.5114540851721032,-0.6203121105364444,-0.04590382309763716,1.2160101102882903,-1.45827353811674,0.7611108677108404,-0.9707131007906526,1.4065267255607166,-1.4950789977349999,-0.006856890971979006,-1.3692140442803717,-0.6485814144063952,-0.7330853309793477,0.7872263947097121,1.0612789428623308,21.86188159830292,72.00384897830038,64.55565471388297,43.152944551085085,85.75414118024933,77.57879248243398,Tablet,Móvil,64.36946392155444,Psicología,0.10353373219583639,5.469649580883015,-0.29238216562471236
378.4388381244026,1,2.5688,0.9053,0.30746580862584244,-0.4980632235805515,-1.5635183895571305,-1.0806649183173902,-0.4350792693166491,1.4424190566935007,0.2393077961556201,1.2143891442411368,1.4005862825038746,1.1970362993691475,-2.173782994745588,-1.364677588139404,0.6038126953745465,-0.3722729712683076,0.014865658262960935,0.9415132249239273,-1.3046268383287865,0.7460954264578679,-1.0935485852924882,1.6640961967787689,-1.4876434030263002,0.1471976252011081,-1.1478904288770708,-0.4258387542059631,-0.6823876427565619,0.9258307122463396,0.5374407673647086,21.748881407284216,78.48786614539549,68.16460146881705,41.7516890045753,84.77656090725877,73.93681992013946,Smartphone,Cable,64.8908756787409,Industrial,0.8861535309137815,4.856812383699281,-2.4759016257680386
510.0677953755933,1,2.028,0.9124,0.13317015376373803,-0.16504824167513385,0.8840709866072226,-1.3463661296150249,-0.0249458889377654,0.9891638625847144,0.40305482743169113,1.1410151235448216,0.9568846698565426,1.641640357027848,-0.3357138283019429,-1.1597470813199817,0.32018408113663116,-0.4599707461540222,0.3149433567422701,0.8698636664957033,-1.0350462208537534,1.023972040809974,-0.12993835084483954,0.8101276886112101,-0.8189964070910535,-0.6926613547863449,-0.0013479974655314043,-0.45436295671568727,-0.6084193077059337,0.7977767085977187,0.37819979196889647,22.77939916496629,71.97079310073113,64.51317959849956,44.30524946115074,80.60418120247563,80.96521967133988,Laptop,Fibra,63.41541614722052,Sistemas,0.42438184040526444,3.6413768752921434,0.8029330017493708
475.0145051593385,1,1.5468,0.9399,0.2433649843918392,-0.5752065546826535,0.7279377593843981,-1.4180384468523421,0.3964601293589911,1.3369697831250735,0.7186601918544234,1.502866985787257,1.0434797752661051,1.726837605765284,-0.873686694855506,-1.552361133548427,0.16263836138767668,-0.4914755184922239,0.12004053883790042,1.1526373867821083,-1.5160302608662743,0.5242683035701353,-0.8819422262360738,1.1082938634702564,-1.206528657702317,-0.5025391417465455,-1.5387235784666726,-0.6134580180996393,-0.9059556330355663,1.0530836260604395,0.8946615930506849,22.56246820962667,70.23411802804257,65.4920341546049,41.85069459449116,83.81294656871361,80.09251270006268,Desktop,Fibra,66.26954174261114,Psicología,0.7036515057675219,5.079243194636514,0.20405412931645303
387.7941550022031,1,2.2506,0.9165,-0.02887163086805378,-0.599036120686247,-1.4452263456181482,-1.3096571660658054,-0.5890372608215088,1.5165103919307312,0.25274933808772637,1.547424991825026,1.418889809348583,1.2336681737674968,-1.328405167003264,-1.254817849070447,0.38600618989949576,-0.061818828828154274,0.24417382780376884,1.4273489174132614,-1.3970084528931503,0.3653124858036486,-1.5261899998058097,1.5133779452233718,-1.4776583699188193,0.29450136928711296,-1.4266663325335696,-0.08272118923483579,-0.9037204669224399,0.8228806062044762,0.5038347397672671,20.90100015860859,77.33987409058481,69.26390690628358,39.5039234725224,81.98660952601824,76.26376894604884,Laptop,DSL,64.55454939016785,Psicología,1.5000068317090198,4.991649281236417,-1.6117801404960967
503.941184549199,1,1.4074,0.9394,0.190884377854594,-0.13378199524305398,0.167232593662891,-1.2839483051290663,-0.3352586722279689,1.1222578318912906,0.22071616096573343,1.2935320587704215,1.1751191494667121,1.5612422201654506,-1.0341742249563344,-1.3071053426122157,0.32502145478021827,-0.3160463202677731,0.20129581578113695,1.0170968925742319,-1.1540020178971775,0.7733287793529329,-0.5268212101368657,1.0277936666562968,-0.9934506003257881,-0.37333516067111155,-0.2822109023862488,-0.2836881225343888,-0.7553434324436233,0.957138973578075,0.3392457350759668,21.962261744778576,75.64318242627017,66.60808391127306,42.37236667443016,81.62409767551179,80.11960156709137,Laptop,Fibra,63.20004973478736,Industrial,0.9267939413986255,4.0576052360190085,-0.2529871885039521
468.1432000259214,1,2.2382,0.913,0.184879446087958,-0.7775461276579333,-0.9582021130821794,-1.1922290486404177,0.4668953324010122,1.3238516179813546,0.3576550104775846,1.7388842660460138,0.9632056323579994,0.547461287370948,-0.06867490600179524,-1.5805733439059004,0.8243211346946048,-0.2003903045718264,0.2913742920992592,1.1648154270176276,-1.3703784897109212,0.9939251955980769,-1.4260193347821597,1.1682153094167549,-1.351643926775209,-0.20079990105504789,-1.1608447271327413,-1.2625526524538992,-0.5623493237969239,0.676123113328713,-0.30408113014280996,24.33608107449737,75.67915698265587,62.54066892287842,39.90301481727662,81.706961551426,75.47132394464207,Laptop,Cable,63.48740417899206,Administración,0.7163932920396079,4.515334198586058,-0.47060982086551295
265.845122815768,1,3.1378,0.8825,0.3931388362615,-0.8411681375221464,-1.3614670794817028,-0.7970192552274793,0.31058751766601217,1.1732647982098958,0.5699198045553889,0.8858345092455875,0.8001924160138673,1.4797162914201067,-2.1701510126289136,-0.9109238757125089,0.6392566031282728,-0.7754847944710637,-0.47815431004430237,0.5512020350910182,-0.9905805061729239,0.7950499668632945,-0.505243897548291,1.4958517852047253,-1.4259814971589533,0.46603209231757836,-1.534251393892727,-0.5668916745760421,-0.3614698718488769,0.5126004414192701,1.5042170657653149,21.24220461743205,70.1373428873222,66.35528163021796,42.63898604604636,85.979919891551,73.04137381121659,Smartphone,Cable,68.63391033253073,Industrial,-0.6093983929429169,4.362140330674913,-2.5466645958986467
347.9995472588556,1,3.495,0.8855,-0.6578719113412947,-0.5911405176012924,-0.8657770308814348,-1.1602766370831887,-1.2066756720664096,1.7200716465094144,0.5236666901170929,1.3189617439694128,1.7111001251996438,2.011213073506107,-2.6311310315262517,-1.4118405540178918,0.4919724915136762,-0.5192415731096546,-0.534002643376552,1.2311684633140796,-1.2973732047243725,0.13658718194440655,-1.2414967164310091,1.828415552969331,-1.686196374587314,1.1209853976297608,-0.9335845848575756,0.44881330972558175,-0.8035832629961183,0.8687415727309382,1.442494835664948,19.545744745099253,82.76908225501181,69.49140267869882,43.72616943773644,90.18673656613636,77.12605878385635,Laptop,Cable,61.7636330997594,Psicología,0.4575019584306578,5.602620992763685,-2.2380676850418335
488.3927126463066,1,2.045,0.9189,-0.780896892364066,-0.9269839707098085,1.2581322862728865,-1.2936598588530808,0.3120098240935318,1.43955769654626,1.1714747945485617,1.0972129085874174,0.9964903682091656,0.7316484495653024,0.3479888628036688,-1.3838128125878342,0.2611116796238243,-0.38629710021192604,0.5464063007055235,1.0069019243305837,-1.3810845862116614,0.4055195516946983,-1.345187617403216,1.1218468038018097,-1.1475819755474423,-0.564922326645106,-1.3534222975801962,-0.7731960012016286,-0.5327243951688053,0.5290476948937444,0.23739297688132358,26.28502739969854,72.0156812020859,60.73189491810798,45.824756678783935,83.45193980347034,79.79156483404802,Laptop,Cable,64.85410043680186,Industrial,0.29252082905044907,4.492772884509935,1.5993660861565
492.4638810001693,1,1.5488,0.9412,-0.09645926950132934,-0.561115360157184,0.6642200859315824,-1.6641736945753487,0.10309443561606087,1.4027747700019613,0.5499189067477236,2.0201528574241046,1.132379778446137,2.0225096475467783,-0.42928246998742825,-1.6066133604875115,0.351273822492125,-0.3544168581126726,0.06678357351297538,1.592576469605692,-1.4913113952096437,0.6296258834085229,-0.9865683345146087,1.0598054260454703,-1.3003577751691886,-0.09952968252112611,-0.9409233400063908,-0.4253249750442689,-0.9839902620546309,0.9399626064533765,0.7553957622605513,20.84984605683037,72.94432047256917,65.39910151798746,40.68059848983936,83.04088691959669,81.65232755507934,Smartphone,Fibra,62.24117107922219,Industrial,0.7771222202592365,5.31821316160969,0.6364964298178185
417.85214781699233,1,2.0245,0.9249,-0.7690705110834557,-0.8025476702051358,0.17779831233877286,-1.2206769886016162,-0.4160593348461284,1.5404589167428187,0.7833299795069024,1.5053066505861266,1.2515014198678336,1.5936128713055404,-1.5075062189360378,-1.3850982118174218,0.2689720727749367,-0.3484065902858917,-0.23472938951265707,1.3701951142818312,-1.3487837072595728,-0.0771793719333354,-1.4617130983643305,1.4434974570062444,-1.4742578416993308,0.6735598254958551,-1.4097520159333172,0.06638266641266427,-0.8139339567595048,0.6897445522672732,1.1234030172541007,21.20159148392848,76.60092817555628,66.14800303915838,42.0946743171527,86.66639348511936,80.3133166764517,Tablet,Fibra,63.511874848922446,Administración,0.4532835589908657,5.284274806213934,-0.59932586930445
561.6183721386973,1,2.5256,0.9062,-0.17751045380897168,-0.2555819967070864,1.9802299429961123,-1.6200352764517008,-0.08302415849168825,1.4034581863029725,0.8738384719414783,1.101142810236031,1.3665883779900558,1.7512922765135126,-0.653285390389875,-1.6896405539004113,0.2208925813847894,-0.6545931670238847,0.5333514325670623,0.8948290882239279,-1.4583417306575954,0.998002164216123,-0.4141470382822511,1.162770819879646,-1.0202505338448458,-1.187125710764136,-0.2650600225322526,-0.6311698716615415,-0.7473335882020039,1.1337357330007591,0.3541303263108457,24.62643364409072,74.32547439968903,63.10089135978839,48.20413180051741,84.65257969531578,81.3980776072693,Smartphone,Fibra,62.3378360692476,Administración,0.5551149641905051,4.820150844373648,1.4760996900494876
475.7021833993632,1,2.1402,0.9191,0.13967879484693024,-0.18804885137453126,0.02475386020269977,-1.2497263045739824,-0.7142443032569149,1.4489229611180976,0.4474600660845071,0.9630503022877221,1.5855613723181663,1.474991176930293,-2.147101086158853,-1.449241744651421,-0.02058203022468669,-0.29896080701278094,0.3205553124980575,0.9701888431654504,-1.46515677379368,0.23012497013813654,-1.024115597082706,1.4807131354945555,-1.1934127690733,-0.46759794248357395,-1.2339415830367986,0.03797191047792387,-0.9779871254041925,1.2705449062649787,0.6403368209172179,22.48333774525816,77.42234037063551,69.56483220827604,43.35093702818973,84.26554655151638,78.88109983053066,Laptop,Fibra,65.95868915730695,Administración,1.5960522115339928,4.863904393997285,-1.175157313654573
541.3512930039333,1,2.4727,0.9098,-0.31120935835796604,-0.9801564584221355,0.7407881973431554,-1.347100256748901,0.8322407056694241,1.4839754408685162,0.9169486797128861,1.8164719941299867,0.9340694438251953,0.6212347982741021,0.4177859055509696,-1.934486730426494,0.6426056451800336,-0.3546817437517348,0.3254632415352882,1.2313867656521735,-1.6088390885595028,0.7344826644685601,-1.6289113695989967,1.0947757640785338,-1.3464825533746523,-0.4988072126800131,-1.453431465800734,-1.4627283956193655,-0.6180056915074392,0.7492851904041559,-0.20180685859716152,26.22323147845724,74.25348644267108,59.14674130995075,42.29561388373372,84.38773683731058,78.78391356104778,Tablet,Fibra,62.97676704935867,Sistemas,0.3874491306618152,5.101899618999405,1.1734098506849857
398.17296224073647,1,2.0966,0.9175,-1.1039659640296786,-0.7800600642076252,0.6682025932982054,-1.4882205966645394,-0.7387329541821624,1.570378993371082,1.0528273365909124,0.8030254048106726,1.380430538129621,1.1602615711720712,-0.04364449392672251,-0.8345367925865949,-0.07480981772976551,-0.17439789470376232,0.8295032767554098,1.2470723441302394,-1.2819510218226173,0.07629838865551826,-1.3402727732266753,1.3577099169556126,-1.1700910771475506,-0.28829163831474275,-1.2632859952806952,0.2974549584449653,-0.7261051023258481,0.4396598311309483,0.6891731863323736,23.653220995103577,72.60739094901294,66.30138325530754,46.44177781318408,81.02241376606285,79.75918899146149,Laptop,Móvil,65.32208776815327,Industrial,1.0367855191142679,4.453609396612856,1.1082717735677292
456.4311316791354,1,1.6304,0.927,-0.04266907939278074,-0.33435049324247945,-0.35859811258140073,-0.8855984455491315,-0.2919041003256053,1.0700859739391095,0.30592952170060106,0.9584923955519861,1.0324130199779098,1.0313184804928848,-1.3797641337282245,-1.1616742564617746,0.5467457799194163,-0.40358445514616126,-0.036954382408563885,0.6776707367420337,-0.9378070785527144,0.7215571034282183,-0.6222920407739717,1.163622921404268,-1.0573968133908096,0.029024791757247766,-0.3166430038271227,-0.4263212940995167,-0.42557163671353476,0.662447533697386,0.30325853826864196,23.08974097450782,77.25816637180364,64.82268218217979,43.44806595037556,83.53828012253172,77.76059771508629,Laptop,Fibra,63.69767502248608,Administración,0.24445582401564592,3.631929518331826,-1.032906342860594
473.0544396911295,1,1.9466,0.9275,0.33945177743682625,-0.6789060896592698,-0.03139439136332807,-1.2947203283988635,0.6227351604557287,1.310172597228028,0.45840335032609514,2.0455913937545533,0.9160649037065569,1.7339931595768465,-1.166341730382054,-1.8263534576220306,0.7083277198804531,-0.563634840879767,-0.41377657673456014,1.2584599493469006,-1.44560844222269,0.8474179274766416,-0.9479778226659222,1.157654460160565,-1.4390698185803363,0.15150542156520827,-1.161032346648762,-1.0149904772407399,-0.7711654092323876,0.9661807373609741,0.7494662454053319,21.45473809200324,73.89518360014614,63.6380079999259,39.57817098429195,86.0596833972787,78.71301061119502,Tablet,Fibra,63.09609286204464,Sistemas,0.10291550664193105,5.341755522892321,-0.6849486609784466
332.8171615172988,1,3.8068,0.8742,-0.9107104090144634,-0.962454036618162,-0.2335373600801297,-0.7345672498140697,-0.5582803144609444,1.5531411832219089,0.9788913137568471,0.9597059524626627,1.222086361469431,1.4870547555370772,-2.6311310315262517,-1.205676173089217,0.16541465207359557,-0.5442701946508764,-0.735986217590478,0.9636246966331169,-1.214460071130396,-0.6028385944706174,-1.5342128460679032,1.7568846579625803,-1.6017263610640593,1.2593275162041344,-2.0328390229386093,0.3661361009294663,-0.662898111549557,0.6078985272970566,1.828808755625844,21.05448649270101,77.18181112292132,67.33411207864621,43.0774057132773,90.92813906320882,78.58917338988356,Smartphone,Móvil,66.61515842425115,Industrial,-0.11371554561430751,5.223857383243424,-1.9766315916981056
423.8739195149186,1,2.3082,0.9042,-0.015871181566101383,-0.1250103164206922,0.5050168109966667,-1.412393152809983,-0.6049355612205323,1.0581421797542423,0.375009348199699,0.9659458188514591,1.1338770107757732,2.1706892598747616,-0.9973164571164992,-0.7886534978141131,0.08706329835390138,-0.43946030530567404,0.23688738496873007,0.9948461519412184,-0.9544071790038594,0.7212446422601414,-0.029915227048039318,0.997379845095224,-0.8910406792120098,-0.29455780371703566,-0.12732722388923715,0.30336851620391747,-0.7428748680391546,0.7475238393623685,1.071370947914953,20.234655923673245,71.20741416684483,68.54670579921478,44.365464519893706,80.41462561387885,81.013198989481,Laptop,Fibra,64.47917689019859,Industrial,0.6119826976994881,3.79083100987007,0.11890806837061908
328.6518374035916,1,1.5662,0.9344,-0.3326582983154784,-0.9368690105296217,-0.6545392347378751,-1.1665582585171952,-0.05620056889206903,1.4186723137938437,0.8476674172990785,0.7989404392223168,1.0757204138268248,0.8321754044185623,-0.4717781242327518,-0.8527916708229722,0.35827428322725186,-0.3688427030962153,0.5097663581209843,0.8846463556204877,-1.1926343862327904,0.5890809420683886,-1.1555376821842158,1.4337952458721748,-1.3043852006538603,-0.18769292025426348,-1.5817799297829507,-0.4279796642128026,-0.47083453243726386,0.3824891244220202,0.6626951336419534,23.97140560150908,70.88232537279549,65.26103095780488,44.64252394167537,81.78909101116285,74.65565137486861,Smartphone,DSL,67.51293325621161,Psicología,0.421340488498997,4.26741823885674,-0.44970377364738917
458.3769199716887,1,2.0542,0.9166,0.38646846578583083,-0.6899236547057895,-0.06200395967356604,-1.1690258626467467,0.8082798337782314,1.1631136249155094,0.5625250937297078,1.423688552812537,0.7748458783473872,1.0665078694289292,-0.37572260384354045,-1.52685851525128,0.8469000724962384,-0.6421451372829224,0.06595615294605223,0.7614022035502646,-1.2273700337975744,1.3732674074025568,-0.5993028381840769,1.0818670093732574,-1.2163981003663253,-0.49644063034614433,-0.7640817533880754,-1.4315681828892841,-0.3878154329036907,0.6984188843830714,0.19471442271306513,24.42913769672771,71.99276608550639,60.99344227327107,43.21916262076445,83.68536402437125,75.90211655410253,Desktop,Cable,64.16010854939724,Industrial,-0.24845533087743704,4.324355192669827,-0.12735072188049448
428.51189320107744,1,2.0831,0.9129,-0.576844961935109,-0.39637450681269787,-0.2004353456158983,-1.0072255395435554,-0.7567458580793825,1.1443670553139016,0.33510339856208415,1.2042039943317513,1.1011600178538492,1.5257782095310128,-1.4563144275252922,-0.9665372390108757,0.3217190637738427,-0.24990823427967032,-0.2365132109415051,1.1110242466584028,-0.9001163881764862,0.1535825623776283,-0.8473452733245334,1.15236349844343,-1.1266704344930236,0.7027134414437144,-0.40267262094272144,0.320654622841757,-0.6277431584297648,0.5315232040400732,0.850804397520033,20.50341732167463,77.45928203565583,67.10815433739184,41.91678066218803,83.47545600244513,80.7738283539334,Laptop,DSL,62.75260417059076,Sistemas,0.4066272301973268,3.919583229649644,-0.8557567406348102
417.4955898006984,1,2.2301,0.9124,-0.3060384869989924,-0.5346285356297802,-1.3991906610333598,-1.3395640785190601,-0.7180154886377124,1.3670161464576105,0.09636646974517206,1.6681781468458337,1.2964990023208613,1.0535537802721957,-0.44243374186025985,-1.075554800518534,0.4979036959727367,0.11631174579231071,0.3752320487020703,1.5525567065455395,-1.1870873479286554,0.48080829425584287,-1.4693153546488797,1.2544170282059175,-1.31720769642324,0.3965868274839288,-0.766512478638084,-0.022821511034553467,-0.796161759417984,0.5631145114998612,0.08633992977683434,20.902725904079443,78.18572049043654,68.02136200199476,39.07672565155657,79.27784376346355,77.63230925061404,Laptop,Fibra,62.25262950935432,Sistemas,1.477876895512867,4.326828828185354,-0.835471733505462
412.0325685138884,1,2.7616,0.8951,-0.09814266993385984,-0.30951086034683734,-1.0353973926097069,-0.8673972259681094,-0.8652941514395746,1.3423564492523037,0.26383229212207215,0.8606835119241376,1.4502201500077931,1.1532776186457625,-2.6310860075292637,-1.2728994030355676,0.5254936001318318,-0.40943097468867523,-0.13742102921155072,0.7134242674448257,-1.083899389200532,0.5135896632134982,-0.9070583178652613,1.6410322645221138,-1.3325769476111153,0.3296566902272581,-0.5742155610797792,-0.08219976356124171,-0.5540063008294571,0.8619521235692162,0.53884923303626,22.096063941563244,81.64325828747003,67.74227691937713,43.91058691673225,86.29395257203122,75.83655087804595,Laptop,Fibra,63.60031990043674,Administración,0.6145143586957322,4.34758136725267,-2.4301366817818404
506.683572135242,1,1.2855,0.9453,-0.8039797687847289,-0.5791139797703022,1.1764476409067766,-1.1901888298707615,-0.2453627757112292,1.3438816302821797,0.8747028451397416,1.0696350218891182,1.1511248498915347,1.1508223222156466,-0.6613229458268101,-1.3960102849607552,0.347257640713056,-0.45344479550178085,0.1782760361367605,0.9319031872373744,-1.1859507865082726,0.43339292698066395,-0.9667250369645314,1.181891987872839,-1.1147501127262376,-0.17344281480726492,-0.5156307935950146,-0.3801966738620141,-0.5256290973863293,0.637637270354415,0.3815609973585416,24.452297410709857,76.62808974313124,62.28034199956129,46.22902626532319,85.24314504217084,80.9475915076473,Smartphone,Cable,62.268282633954,Sistemas,0.14771954422602007,4.333660558433173,0.7877351007722225
386.7822990839873,1,2.586,0.9032,0.28399657627791847,-0.16115044082051297,-0.5817757957213209,-1.4928234688256694,-0.8230622601363746,1.4446711976635762,0.3343967320549495,0.8237453652429678,1.6435130441773032,1.8394331156890327,-1.882613832449649,-1.1769734603653579,0.5240308909705039,-0.6108479187193308,0.47959821571459155,0.7788087944129161,-1.220431384660653,1.3981927883840355,-0.2091538052357022,1.6656302891043593,-1.2829400946006102,-0.6328074219948422,-0.07191884570129133,-0.21786919352944498,-0.6444942370836843,1.000309538638462,0.5910835779638383,21.67923114980405,76.98037443054534,68.49515330606766,47.295807116024285,83.36915507379445,74.62332525746847,Smartphone,Fibra,63.15349718622065,Sistemas,0.7831223063308901,4.645434398068677,-1.3139650171107624
378.2353676272508,1,2.0897,0.9201,-0.9811175785382623,-0.9970256681432169,0.0013364159366484878,-1.4611854958397705,-0.4630137150091386,1.6465935120783814,0.9996676015368424,1.1139644656012204,1.3127991741144014,0.9102694178822566,0.10848230005265713,-0.9614998344751181,0.08973042500415676,-0.08655200733359457,0.7602392300275258,1.4066140270098797,-1.3968840805845915,0.07347701400583082,-1.7351168148333673,1.416967716106285,-1.3482859739198176,-0.07698955606747242,-1.7272570792504263,0.015241288672100383,-0.7475810112662579,0.4022467413863134,0.5625625740811588,23.65335751134428,72.71447970252004,65.90159836469051,44.05789910007737,81.01101064667296,78.14341878231093,Laptop,Cable,65.64036057711118,Sistemas,1.119607911927719,4.776957842985393,0.6758682626792555
246.38787849955688,4,1.2681,0.9491,-1.0702257667248691,-1.2907023367492518,-0.058730537002480245,0.20611696705454916,1.2079512580430904,0.2376237541487698,1.0235889297798197,-0.045019554278901884,-0.6095940838034035,0.3276721475838187,-0.005614121241948016,0.035769558742775695,1.6631324014688766,-1.347925782697904,-1.192296218430911,-0.6610953606719311,0.4937606564377858,1.6523477683462902,0.8339541267768293,0.662206336226191,-0.8040356288287873,1.3058907227410699,1.026784791846434,-1.4084285210788265,1.2877412799274437,-1.2481081438062345,1.0121748747296535,25.75507433137597,67.61157554895458,51.01658986673205,50.74235240548269,86.89648822799914,73.70404249051101,Desktop,Cable,63.63506221910245,Administración,-4.885651982822128,0.7954606056058252,-0.2775768606699016
248.1236922813204,4,2.025,0.9208,-1.095792776830403,-0.8631524263255993,0.19718460695410847,0.24817810316807937,0.570333443614393,-0.006384481390774929,0.7445376790823599,-0.22538937308210835,-0.5814679536098435,0.9908945297866862,-0.6194563249855742,0.40544451807840637,1.3490723789570025,-1.28898482376852,-1.4077260127315283,-0.6473324454297076,0.7814034182467755,1.344476636774801,1.3723748895005736,0.47086604415112787,-0.5460201203628003,1.6016832446860083,1.641352116064762,-0.5460764254683549,1.1607461107429387,-1.2063789139717969,1.509965849646887,22.977176339807222,67.68833615626525,54.70816703384352,50.24067674808896,85.65625984736167,77.12327667338174,Desktop,Cable,63.40662235557353,Administración,-4.711019049902966,0.188620584792067,-0.49481825486278236
248.373958383922,4,2.6,0.9095,-1.7119781499873865,-1.6844145521657772,0.7685964605778756,0.8757660455545585,1.350530152308591,0.44457648547961454,1.7494247043750952,-0.6988214446236681,-0.6092374271156362,-0.3000355963863694,-1.6303500953377636,-0.26195975123204646,1.3187974503752355,-1.5769638985554846,-1.7571699148381785,-1.1654878604903463,0.34053120878946075,0.4467097657450894,0.08910416719140421,1.0412253247397087,-0.9745520720649731,1.7592276948514756,-0.3955778809055236,-1.3404297833841,1.3994544424660156,-1.1709217737517916,1.6049484502708045,28.74593390858232,69.89678338589744,49.130544439477234,53.06804312442769,93.81783262814892,74.30954571200313,Laptop,DSL,67.6772489644147,Administración,-5.513346622301792,1.3274259630014953,-1.1622640226153542
294.9095344131415,4,1.3705,0.9474,-1.4442048992391565,-1.5663317355487991,0.7325128032818515,0.6624839362111024,1.6470880007989859,0.23275153208177415,1.445049830657943,-0.2398238651042748,-0.8406769573588414,-0.2640615237398068,-0.3694868342768152,-0.21882988075398874,1.4674880441652547,-1.3997361785102787,-1.560285111163457,-0.9064440276726468,0.41922288272503816,0.8641134537226721,0.2913722374592823,0.6186180747819623,-0.7929248704778336,1.5415057004276567,0.13110499036776646,-1.6025117318060145,1.372975668018234,-1.2580754684830489,1.129106332183913,28.243694442696945,67.87462656167068,48.141225574480174,50.58406572404247,90.9567211626618,75.56416885801065,Smartphone,Fibra,65.95963041948843,Industrial,-5.313835800774723,0.8447284393092668,-0.18783199014271257
329.5908609928416,4,2.345,0.9176,-1.3142506874253728,-1.4001042182325192,1.4391942676758072,0.31975942874700675,2.0042921221951264,-0.13435574018494534,1.1754145064220276,0.44712379286926784,-1.2838083737304367,0.6428010358140667,0.9334971553824617,-0.01685544015210003,1.5582857448102927,-1.39423660636965,-1.761466993057258,-0.48878803567102835,0.668524827733076,1.2618893458945513,1.0174370451037569,-0.04173777976232601,-0.5302288505698189,1.6896830167173922,1.078748709963793,-1.5264990714096203,1.3034408304082195,-1.4535105897741007,1.3612430168296736,25.196597928918703,62.70311622774985,47.32563615100355,47.87969950461295,86.96961377782631,80.14537599247514,Desktop,Cable,63.11523303234394,Industrial,-5.752886762554893,0.3512293399932537,1.3828430985803901
257.7608508608636,4,1.5961,0.9398,-1.1235853041040305,-1.1309051303914748,0.30768224725343346,0.46279528810687987,1.0725323542996854,0.07979614599090945,0.9678388331008321,-0.10865577123937085,-0.7051706778967748,0.7474607438576856,-1.043413660486654,0.028125072890701878,1.5799753419467413,-1.498475867840229,-1.7966749905715764,-0.8044770126254026,0.66636713325274,1.3143357186607392,1.1230674464544643,0.6064682455288801,-0.7446091079304,1.8144077391963056,1.2332836889076213,-1.068875414504986,1.2918583794682357,-1.1797828833361066,1.5567641764199944,24.259198170894454,68.83637705027667,51.74232805462107,50.37518193488839,89.89915927016101,76.05765666175019,Laptop,Cable,63.437581951613055,Administración,-5.373738208516266,0.6823653994697046,-0.9041872287042706
348.9133813831619,4,2.0144,0.9216,-0.7691307925712586,-1.0217488005596325,1.105467954437246,0.026753834979516743,1.5882845180134484,0.013403833869423884,0.9565361087366574,0.209397198665023,-0.8081796748544334,0.6954112393271272,0.6432029553385142,-0.13043244543133792,1.4822467667604884,-1.3569776942458593,-1.1457031872990044,-0.5798905165217895,0.45750838220218776,1.756209466381874,1.2352218680109384,0.1932354801293766,-0.5019150704717523,0.798191770762633,1.353986890020126,-1.5574785344209485,1.134849195281066,-1.0286565153507206,0.9146187882212754,25.75800991098888,64.56907417681883,50.09383160363958,49.795973878917366,85.1036108793181,77.78267596383901,Tablet,Móvil,63.22013981735394,Administración,-4.75665248535108,0.552622927655923,1.0664505896401997
285.6551603802005,4,0.9738,0.9606,-1.5956683022890945,-1.1869094447544486,0.9859589238971787,0.5477829037115995,0.9391842981949737,0.07172487938616033,1.2678905725763774,-0.6211267006048993,-0.7115366903244587,0.1341675092340976,-0.31251126527448364,0.25807901598780947,1.2385526925552477,-1.330032961672815,-1.3144015083579252,-0.9562779270357995,0.7041502512738596,0.9160518724931599,0.8694689748896481,0.4936555799157256,-0.5114790519800175,1.4119760038214395,0.9968208293667015,-0.9018121135561268,1.3651248599524115,-1.3417439723989897,1.2465793682306798,26.871414205628348,67.66447424918906,50.74855697064615,52.5533348284349,88.01537350184,77.32218799467572,Laptop,Fibra,65.19213191727393,Industrial,-5.068730422605023,0.0650493828911568,0.2075811385913171
392.9040700486359,4,2.2161,0.92,-1.3725893299477572,-1.3479946810385757,1.7177771424799066,0.9250158914193172,1.9298560913135623,-0.10086349919119106,1.3457674622709637,-0.037797722137724,-1.1869025445125303,-0.02869909242200411,-0.6213018631785048,-0.3613679050586377,1.2150339411254925,-1.3759651737661929,-2.091978339169317,-0.9179947779402592,0.5362333515556827,0.3078849727745678,0.44721402895864704,0.145254810054647,-0.5129369810650827,1.8135975357596466,0.15477538555777076,-1.456971671914902,1.2626054502696802,-1.1134737900712854,1.3786610569663325,27.54675212113761,67.04608294508336,47.637384766427104,47.66756978723936,91.93352063234676,80.997538716603,Laptop,Cable,66.30761512770572,Administración,-5.495362086959184,0.42476266277002656,0.18457457708229957
211.80987759650543,4,2.0241,0.9179,-1.6591050345586014,-1.3169304093396323,0.7351316898044721,0.4047043442571187,0.7538004966714384,0.17953815976336468,1.4960632892397174,-1.1884592514319012,-0.5937376732903734,-0.23581911561054097,0.41918759045738213,0.7493856960675478,0.8675599933482794,-1.158490542145075,-0.5421051358291453,-1.0141396062224537,0.6488317015532683,0.7999107228208642,0.705485292312775,0.5846424577885867,-0.41585700959677874,0.8177431965820582,0.3516580518069129,-0.6447509109586042,1.3350029167732946,-1.4908768282148832,1.2164590167014298,28.216429009919224,63.04623275224487,52.80104749137917,54.32872832312193,83.84891031122162,75.22893160478739,Desktop,Cable,69.20898561385258,Industrial,-4.38392090394926,-0.2599432783284127,0.7093899567172649
294.3240649138693,4,2.0765,0.9215,-1.710869745550623,-1.3947659645847805,-0.08735075492070299,0.6130686245726843,0.931478878482843,0.31494731333232523,1.168934664276195,-0.43169449101384144,-0.506522618401794,-0.7388613506625027,-0.14500538999741658,-0.09781780187479774,1.801886124324076,-1.2333304913446774,-1.139540680412972,-0.9592587971606089,0.5803622910413251,1.3507307454120867,0.27429456659319457,0.8316779310611639,-0.8128356820753209,1.4741277438986862,1.1531301200198907,-1.5600742892395034,1.562728821654155,-1.4237141594440195,0.2906419977268126,29.01804571654572,74.2803805845014,47.97782752186859,52.91061344768774,89.2074852433472,72.85424707563318,Desktop,DSL,62.24207777605819,Sistemas,-5.0107996967871,0.3799312594763194,-0.45254865653731097
308.2343805298025,4,1.3446,0.9429,-0.7137839507477949,-1.0204350595755405,0.07426492571081417,0.6832753104710525,1.1868227616625482,0.06651898096713957,0.9636096623316167,-0.6132788809334396,-0.6166107701718512,-0.24709239634783564,-0.9431160378321312,-0.037967087521025705,1.2574321247852378,-1.2547957179604057,-1.2199282690555246,-1.1285527113521296,0.481738068810991,1.0538720877079055,0.7044125444540836,0.5994835320142985,-0.5515683194056252,0.979272220586205,0.44299930979075786,-1.343232916509916,1.2378022787701042,-0.9186468264406124,0.8567528222912907,27.763858950251183,68.71316980900377,52.41936607504607,50.08390984308792,87.69487428126952,74.40664044081393,Tablet,Móvil,67.67271853658437,Psicología,-4.338191056896525,0.2237724148324092,-1.075322167887728
248.3076482499496,4,1.5822,0.9371,-0.782688999434243,-1.455694225335901,0.22349978519997052,0.3115506109378386,1.8744960346492916,0.09535598746821226,1.2011808835070257,-0.14144116797518205,-0.9522964838264426,0.0301626788674699,0.6231899373059412,0.13097187048949102,1.4063902965525708,-1.3047980275607687,-1.0701139157647768,-0.7578291534237898,0.42837396523839905,1.4128478412831487,0.7279390286678261,0.38896249018977025,-0.6442779877067323,0.9535079118954878,0.1614630328042089,-1.6764281123026128,1.2605197559589911,-1.2696751015864034,1.094281797578968,27.104196801629623,61.50871195167644,50.30488094459779,49.10337773291035,85.01449483635781,74.15466056463039,Laptop,Fibra,67.82423529595252,Industrial,-4.81275948595456,0.49673629800476277,0.2783053297286455
349.7761555904201,4,2.6788,0.8876,-1.1415987659688749,-0.7974663762678172,1.0520193770391113,0.08312995891947807,0.4112145245836485,0.4473634628679085,1.246497208252117,-1.0345312301109222,0.05907562738148781,-0.16474167998662612,-0.33963473206562655,-0.07649871707760539,1.0184589139638094,-1.2218723357807542,-0.17742408932055007,-1.0615927077435348,0.22295296053650238,1.416503075037723,0.7756521746214321,0.8871335375534563,-0.4948785389409535,-0.12650629078555492,1.043743270144585,-1.083392540258621,1.105275754601369,-0.7144568053866537,0.3474992834497059,29.677839341129744,70.89533352988829,53.10525138184889,56.60819391237334,85.96542632072547,74.45643125452342,Laptop,Cable,65.52522800831878,Administración,-3.454461939929198,0.6033014875524664,0.48855618525592026
280.1218114436723,4,1.444,0.9376,-1.360712068599203,-1.0769763736622713,0.03370003683301339,0.5489433076852674,0.6734383273779564,0.07152007747632473,0.9659157606810048,-0.6462174905901271,-0.5794157819964163,-0.29809446508573345,-0.09025306629937437,0.3871437646782927,1.1882778041558826,-1.0124819020661042,-0.9454671906893554,-0.861102487479419,0.6777293555971697,0.8953676409612115,0.5823588807684192,0.5120711329117275,-0.47610758932720887,1.2623979706581803,0.8531163159788666,-0.8201339215958916,1.2769044057846355,-1.3042916886881362,0.7635749010963494,27.032268216668644,68.98033423840525,52.93871472791558,50.55591756612818,84.64739540996747,75.67355021963867,Smartphone,Móvil,66.02150560423298,Administración,-4.17548154943412,-0.23948422957293103,-0.27322835438066656
241.0020091774063,4,1.4537,0.9467,-0.9641902991708319,-1.2803173296870016,0.888792196183334,0.46170693725098966,1.589604879911103,0.08465723745001758,1.3526960949880633,-0.5647579794112858,-0.8289056525405586,0.5296014353357361,-0.6659787568126212,0.06034883277562326,1.5469261775545746,-1.7657579795522702,-1.5116174167855851,-1.2081933756742902,0.6128471288091923,1.638970453161549,1.3976358025656832,0.6235048259890646,-0.6643301432444583,1.1000290965871617,0.9503030984987605,-1.547408852814275,1.4797079357482807,-1.20652511468932,1.5652496331165813,26.814261835836184,64.35863898530029,49.358456638445,53.89847153745927,90.20334331149752,74.22932935477097,Desktop,Cable,66.02009800206407,Industrial,-5.830403043938067,0.5571310906372421,-0.2502435190264842
273.54337906649585,4,2.1632,0.9164,-1.1916779810067684,-0.9882012289989344,-0.17146032165394842,0.5238880992895188,0.47569212180528864,0.33295199014999916,0.9739455320156662,-0.6723240951501264,-0.19110703521718822,0.018330529362446047,-1.5534164230699974,-0.09792122234073303,1.5851795173859409,-1.405152123609879,-1.2430807028310746,-1.1027014851731562,0.5270726464272592,1.4248238092204129,0.8078274886556036,1.045811037704329,-0.806329247736716,1.2762858224060196,1.306170250338972,-1.1242524754766097,1.3584314647754157,-0.9890258571626235,0.8322437923700121,26.97109666762761,74.78730463928203,52.40877459128418,53.84241723278807,90.4755948808547,72.62360044189259,Laptop,Fibra,63.32378234213589,Industrial,-4.654174730677543,0.7049978218268024,-1.5503058550981592
337.5065964691829,4,1.9932,0.9211,-1.1934765046976936,-1.0060113419783943,0.7193029820170886,0.73738004945023,0.8360593035605625,0.20570997564427063,1.1137333505113483,-0.5048500705450468,-0.44267987117050955,0.12707986280460123,-1.8636314834148824,-0.28049829381347186,1.1509784558007785,-1.3374071847663682,-1.6573781297158388,-1.012291065427194,0.41838952257656004,0.5522307426245203,0.5215768587013506,0.7558649256508434,-0.6793930124539866,1.5052125868082622,0.4661432707350528,-0.9438449923675333,1.1219517091430213,-0.7936459218739984,1.2809261671945276,26.752497794023984,72.48008561913666,52.743754567163904,50.63195086282408,92.01629734241216,77.18244055461271,Desktop,Cable,65.9027193434028,Psicología,-4.534098894969269,0.8330082814675231,-1.2845640371446094
401.6145505080556,4,2.4308,0.8973,-0.4714606856163091,-0.5464004785395308,1.4616933129907967,0.22173188539589678,1.054686129862227,-0.048103921641268026,0.9298962259003596,-0.7083522022968758,-0.48947679121061144,0.2924758268826524,-0.1338732391004435,-0.014182661052067289,0.8866004055667785,-1.2372845386440237,-0.6294778557924061,-1.0695249336807402,0.41168132966707005,1.3650777202395543,1.3469272152895737,0.25373266279787554,-0.15683771299572152,-0.08313496122786175,1.1264333548803112,-1.1724964830520537,1.0119018226528,-0.6154338138122919,0.6606082474486492,27.95879076427257,65.58549122791034,53.37270717999276,52.20096559366944,83.885931156222,78.11275872203191,Laptop,Cable,67.1252608884204,Industrial,-3.6858334633033554,-0.08790167058850591,0.7529244288843542
339.4236207683402,4,2.8533,0.895,-1.784082326788902,-1.1731745948166923,2.6000269195440673,-0.17054833925948087,0.9769676245301705,0.3329637271383307,1.5625654194723222,0.0190970460636343,-0.5061463735109327,1.3065265358702791,0.19200565587241872,-0.0688110892614675,0.8798895713139931,-1.3905120949345946,-1.1943630798058,-0.2936544876148008,0.28558670043690476,0.7758090940121942,0.8915953979463087,0.39605931561959046,-0.586155627745222,1.1181473425328436,0.8350346931748781,-0.5885879926577862,0.858840173752724,-1.005912126293771,1.832950804314645,24.81224569120712,64.24104726404359,51.87124729634439,52.54859947428811,88.28779009729142,82.47706709985255,Laptop,Fibra,63.571922259744646,Industrial,-4.651796078177691,1.3968756533200348,2.008477060879645
299.80303889893014,4,1.261,0.9488,-1.4749498708998965,-1.3782050965458188,0.3851482622862663,0.28014191966326174,1.0983381178936857,0.4167643166679811,1.2281904929092187,-0.051161677599304727,-0.44731082138962047,-0.02505425099896903,-0.19006384770935605,-0.2737356108941183,1.6178519498083004,-1.299115919952844,-1.189852970936086,-0.6426617618520415,0.33257229430139273,1.3112027109908362,0.3464630035694863,0.8005754454174694,-0.8906190368780409,1.345617148986743,0.8147001444579247,-1.4599937272100225,1.263440736805352,-1.1599257231257398,0.7655754010562863,27.327644635511128,71.31558206890288,49.595651623655854,51.63942646661212,89.3945026901146,74.62452479504574,Laptop,Móvil,62.68224183515618,Administración,-4.756968090198517,1.1711760089805525,-0.0835135297707877
351.47286768391155,4,1.55,0.9383,-1.065693000889231,-1.1357276575438344,0.2088217036556361,0.7888960797745557,1.3613876873064938,0.004537568222248533,0.9538644579002602,-0.3676634779029749,-0.7855061162761111,-0.5872296785870615,-0.40099341581208203,-0.18283068631905303,1.59978208380931,-1.2406327095729737,-1.3875284788087332,-1.101568544361445,0.6083434384286038,1.2088555612781764,0.5829458706794803,0.47114312047095347,-0.561673729891583,1.269644216416197,0.9587683295282111,-1.6786751359154122,1.4547528051336653,-1.1559977611216452,0.4124681119197035,28.668403169572468,71.44897418774113,48.753917415685365,50.06077457500659,88.45322597409162,74.97684337877817,Tablet,Móvil,64.54770347464299,Sistemas,-4.882064076745688,-0.022171974358076246,-0.6007502446123396
375.83929819677707,4,1.7377,0.9316,-1.2500082734297784,-0.9689085885040957,0.7753618274920732,0.4916008652194895,1.1806427797735612,-0.11191988939116852,0.8322251772826453,-0.07749374911345222,-0.8409086264578606,-0.0057547862532751565,0.3067630376726871,-0.02486394791915338,1.5829727363267199,-1.1931773802890246,-1.3447742172631592,-0.8052492470553222,0.745397881927116,1.388568707473267,0.9709823905334318,0.19017150659870458,-0.412414486334515,1.3203619067479893,1.7404294998684517,-1.3769344802638415,1.3800954763305788,-1.2635191853861305,0.4956234150241072,26.852296010500687,70.23485083330965,48.95207631969798,49.92250941791613,86.10805600507757,78.07098224280901,Laptop,Fibra,61.858420608716735,Administración,-4.928566659494528,-0.24640501642330484,0.4975264208370808
188.4945679951714,4,2.7351,0.9049,-1.5609080345401078,-1.1983276070867266,1.3936490231341123,-0.1496190964440546,0.7789480106920169,0.23830086651458374,1.354316089429538,-0.17904597558571,-0.5674394641477397,1.8156692925808844,-0.3369304624313077,0.428512535933901,1.2775272509423599,-1.6670745092261416,-1.4492975254107987,-0.4937761854848199,0.6441030727156697,1.4564023239485635,1.6235924687061172,0.613936595759944,-0.7241709811082863,1.5662264980257823,1.4794441532584275,-0.44694098523023584,1.1375331101549238,-1.330858006081199,2.119161427187817,22.20705244933636,62.793246027317785,53.34201887604303,53.9949245854359,88.16293375030133,78.22152536047416,Laptop,Móvil,63.119201228808336,Administración,-5.467406555493555,1.0706431454459255,0.727584266070072
336.5741948440809,4,1.7523,0.9317,-1.107954329995618,-1.2192815252109273,1.0612978562111817,0.915612585218439,1.4872759377154818,0.05708494551590715,1.348983627261971,-0.6874370713446442,-0.8111751382796342,-0.2787150843436075,-1.226136129844585,-0.18690885020044015,1.086652043636482,-1.3956087039668665,-1.6140744659480748,-1.2385384740093919,0.46116029667048997,0.4911044040420458,0.5154295497119924,0.5307417018130111,-0.5420832189768272,1.2571772100429406,-0.03271486043190101,-1.3350195933694275,1.2763463962317931,-0.9545506657858056,1.2595185564704958,28.646197542370597,67.82968083430733,50.31715236014332,50.58678767120016,91.26231259461522,77.03217323006986,Laptop,Fibra,68.70255263594532,Psicología,-4.926128706998387,0.393162060740138,-0.6888332167560618
241.18598266841772,4,1.5955,0.9355,-0.6532465147606552,-1.3981798341731444,0.32453215859976575,0.04949085722946303,1.7661125372299327,0.22076326662768242,1.1607818102865317,0.17896403521522802,-0.7934776666336455,0.6653915064757403,0.2785919860543267,-0.007741509596796687,1.328450512506725,-1.3465425525578232,-1.1731038716259254,-0.47400585121162403,0.2571128979072988,1.4009697715571072,0.772982700589645,0.4750371192240322,-0.773789449923616,1.0316103329143425,0.06934308538044777,-1.4680863069086405,1.0106143238683993,-1.0550213392242376,1.4829940263142878,25.147727004706105,61.13971413246307,52.30663300328672,48.17619422666664,85.70225831269032,75.1102952194944,Tablet,Fibra,67.24021723680237,Administración,-4.573759222376347,1.2159154977548865,0.1647243401302523
338.85453834510406,4,1.8641,0.9266,-0.8532641220754198,-1.2591044908654023,1.2226896587629095,0.09929704143581572,1.8397853538146571,0.14344415480735795,1.249076201193545,0.03353109046595496,-0.8143173084112123,0.29713156033682536,0.7419318581388152,-0.20842886278973466,1.3748456610102746,-1.3680610440269112,-0.9998595047925978,-0.676116816638248,0.29568082826282377,1.5424756312538115,0.8684738563708421,0.3062294357263903,-0.5724507687705556,0.6035260569326789,0.6326332178854864,-1.764685512527248,1.1517211904519917,-1.0270369053362731,0.8890385080272515,27.55019184039724,63.27051956965289,49.13345082831097,50.46153004389097,85.97480111897188,76.72449294676537,Desktop,Móvil,65.40680111184174,Administración,-4.708426521827891,0.7905088910826108,1.1802197666737977
329.73777549035697,4,1.5721,0.9381,-0.5115150312178671,-1.0587395216627775,0.42861741310897583,0.8937887627757463,1.8299987912005808,-0.26677890374008933,0.9239709536555432,-0.4582291490812688,-1.125320835649767,-0.20197964881402483,-0.5564294500924866,0.01950973771439111,1.3286952410433601,-1.3488808524957245,-1.6074461283505943,-1.2458404395087952,0.6839487255865323,1.0699561650579474,1.0179630977239242,0.1840224043051757,-0.3662056330138403,1.147070917811344,0.4992519823450056,-1.6272267720551161,1.3717650448792411,-1.0684929856573624,1.0113312680319986,27.616631334255423,65.00869016426822,50.22469218871968,48.14021199798587,87.33311665277024,76.16405715045623,Tablet,Móvil,68.42866096205672,Sistemas,-5.036442026968478,-0.35599880973601195,-0.7026466152168945
196.65961147174767,4,1.7453,0.9301,-1.2206265734486452,-1.4842849261487963,-0.7080360694496612,0.35339744282445884,1.045555319766851,0.365781633336976,1.085374594434606,-0.1509768544855468,-0.5324021428216709,0.001937710726922058,-0.3286514435437338,0.13799045496558135,1.5418559715493954,-1.1985879100187435,-1.1900615080559473,-0.6026050601853687,0.4267628953762529,1.2014914851448575,0.31653527760006656,0.8599811050805677,-0.9464753298885304,1.6190025619618496,0.3029416736256704,-1.197258120470662,1.2361353844313006,-1.3128138540911198,1.135181332444187,25.7886563724378,68.22371645686982,52.55725099200403,49.50245518648984,87.22153349025729,72.36044605867596,Laptop,Móvil,65.58976003317188,Administración,-4.566697410124723,0.9782548155446532,-1.021322403132385
237.53426791442217,4,1.4443,0.9464,-1.4414901773285143,-1.6421661794388986,0.31811094178993676,0.47311203084239273,1.5866429461459706,0.2833715578454293,1.3551260820871964,0.0451392506390949,-0.8302219072070054,0.2160249279502257,-0.3563508574432564,-0.12894399191233946,1.689239754423321,-1.486478114340901,-1.7104338732806077,-0.6999273424053669,0.46912630307977227,1.1781889509329726,0.48494332841422616,0.7026423115949637,-0.9552623207675563,1.8717927888243047,0.4227350879496152,-1.5271066751656515,1.375656523799378,-1.3792681133820879,1.4244891158130315,26.19218517460404,67.35995555722327,48.73898852461814,50.23280658871754,90.93541265945404,74.64656187596218,Laptop,Móvil,64.33647065757633,Administración,-5.6244053116593635,1.1607316984064617,-0.42165397927132414
285.76442036579346,4,2.6205,0.904,-1.1279320757236027,-1.5519931690229543,0.3448665017418537,0.8245903541453325,1.6239911261657565,0.32859902076054553,1.3992071301907114,-0.2037000745447222,-0.7207370477492125,-0.18991321224926494,-1.527623515057,-0.4214097371003598,1.235793645741891,-1.3662465592726085,-1.8381758341175738,-0.8866126307491384,0.20545850841555233,0.3414836331227258,-0.05760088833777776,0.8078501937061703,-0.9354526921923186,1.7502445617468736,-0.7635969900620228,-1.4345898880319712,1.1277025253943003,-0.922821008177479,1.5120232144231074,27.47055227732296,68.65584055388386,50.98674381312597,48.10308932179778,93.2192658675704,75.36502706889218,Laptop,Cable,68.62626215323202,Administración,-4.844900873687434,1.4403763337298425,-1.4575935915843043
151.9783476380953,4,3.2472,0.8776,-1.1201526754202757,-1.5194311369229563,-1.6749622843921101,0.21164168275512374,0.7178118051340621,0.4050310534845993,1.0830678126333853,-0.8393001196149967,-0.3840486021843582,-0.5303555579609294,0.5654468413430742,0.7929003851208218,1.4717850473111795,-1.0417946201625583,-0.2592102136188834,-0.8081728482542339,0.5463070239820865,1.643123781115577,0.4434578194613939,1.0057290658503784,-0.836198928008186,0.9304601301956446,0.2943446721533977,-1.1038044748700544,1.4036363707804496,-1.6007145242311553,0.743565550311622,27.21735277050221,64.95535311247006,54.34128384774427,52.30390245078721,81.49907034232079,69.68328714486178,Desktop,Fibra,68.28734258205019,Industrial,-4.01189113639533,0.19827802466422811,-0.893380232865803
313.77216121324403,4,1.3148,0.9477,-1.2155401306550566,-1.2556604048364908,1.3121471599718124,0.6598038518928429,1.484611261257065,0.08377754249013165,1.4789388659323173,-0.8498594840908004,-0.7909703463391641,-0.24171993332378905,-0.35725076994093957,0.028471654642575863,1.1294454487609908,-1.4447785612122883,-1.174177558020083,-1.2553000521054665,0.5069827318638029,0.9272219471631524,0.7900856533898953,0.4980311173012025,-0.46707118493138766,0.8106632123015949,0.3329330584416271,-1.4130183555876648,1.3791129050944453,-1.1259618371676863,1.1071819339090285,29.31684932092028,65.33812448327372,49.390813418051145,53.22059794129721,88.91891084298771,76.18211726178247,Laptop,Móvil,68.22536156767126,Industrial,-5.020249920492473,0.17080845229826658,0.2831058554265158
357.5616898170265,4,2.1561,0.9176,-1.2212939301612848,-1.0110110888691664,1.8118197346099365,-0.060766356659218694,1.1982767680218065,0.2272290783534239,1.2755056686113988,-0.16709067019245843,-0.5028074467313659,0.724672492371952,0.3271840996213254,-0.19856156401913447,1.3773362122183772,-1.4924692588241497,-0.9495586460118208,-0.7213806492990037,0.3810180562548903,1.706913039522457,1.2369220526168017,0.45633443011956165,-0.5430194262746683,0.5616834410190108,1.5362254904038224,-1.3758673989274082,1.17271423733541,-0.9741495539039889,0.9519528657595194,26.95681904650469,66.79020415097219,49.58485905076347,54.16077967460352,87.38816492953231,77.95830391521035,Desktop,Fibra,62.34776247649828,Industrial,-4.828119439941652,0.850541758360547,1.4579396646348337
227.20941577946792,4,1.2728,0.9506,-1.4432220110036336,-1.413347625760586,0.6603784614444154,0.2169948691753678,1.2745074402478511,0.1419271069575033,1.2372365114674682,-0.011469181395626136,-0.8381496984753066,0.7327541204854411,0.18942753744006624,0.2719864362077221,1.41332640383488,-1.3794730776839546,-1.451929167315923,-0.5252418111433246,0.6105505021472349,1.1946538956849249,0.9142085736210129,0.45568681181834536,-0.7179258649215141,1.6903255688763674,0.8318060324420361,-0.9939123993484444,1.2411116561921112,-1.440249117603605,1.657684786075611,24.473832791189544,63.9989681834494,51.14391090173663,50.24327630866497,87.05953667923025,76.9602355298337,Laptop,Móvil,64.48593532269656,Industrial,-5.2795823661639805,0.6997106449130711,0.394454575641897
343.9095213011857,4,2.4729,0.9103,-1.2497055973538802,-1.1734717617229453,2.111942817125325,0.24191854868617563,1.6540321717000337,0.02113642936112925,1.5171115397052033,-0.6401229187957315,-0.8660710619243812,0.1828644177576708,0.8317237438750806,0.07622816231950577,1.2463030321736424,-1.5374203898320957,-0.8678591326755348,-1.1039579073913304,0.5507183063616452,1.5515796549463587,1.3085122850364264,0.2424565647578098,-0.3232727185432594,0.3370183553972942,1.1456588547025814,-1.5927450468514643,1.4125848456120533,-1.2214174726640603,0.9367192704596399,29.15725294918172,62.492460384402335,47.50680868614487,55.07799874281352,86.3804398246984,77.64578015977371,Smartphone,Fibra,65.68440817207407,Industrial,-5.262709161381251,0.027161095930693827,1.920145101429715
244.99387403717276,4,1.0426,0.958,-1.048989343060476,-1.3262432426341748,0.48764259459648385,0.24055120087137147,1.414230636856837,0.19923075787668393,1.2679264000361063,-0.40595684346026545,-0.691617123949951,0.21843076652633878,0.18926281123413108,0.13445959921922207,1.481941628372125,-1.4525840384544015,-1.0115004866953905,-0.8992600481785064,0.4899995166070513,1.6250535793005385,0.9875110823041248,0.6070977556341631,-0.6745981579901112,0.8905341819954169,0.7895222960794132,-1.4927336305889205,1.3516690323839042,-1.2551827061163825,1.1029985282404438,27.17230594711996,64.5262061462217,50.26176871203829,52.67130887632708,86.68256031963358,73.76180181971678,Laptop,Móvil,65.79002309745108,Administración,-5.0209437743336665,0.5703317159327254,0.24382854640425572
265.6640026733845,4,0.8864,0.9648,-0.9950986760436253,-1.3119134123157288,0.46737250619784176,0.5138990306883133,1.525372468799003,0.13284911519210904,1.2503971018520437,-0.4732301452668843,-0.7694887601978311,0.031721893417966995,-0.3895080812319471,-0.010561283507980707,1.5295485468553325,-1.5153720445693883,-1.318740825930544,-1.0918088358055817,0.5283467393936446,1.455566281585095,0.9303528124792482,0.6221000192922655,-0.678915954173172,1.085915800327234,0.6881438651928903,-1.612810082434549,1.4243780081581798,-1.1939450468144246,1.110088742348429,27.67798788853277,66.26475313483162,49.51902805192401,52.22467014661101,88.89294385785747,73.80860474949033,Smartphone,Cable,66.13514215693871,Industrial,-5.2714942989056865,0.49575972152865383,-0.34119856917465957
323.1261168496631,4,0.6141,0.9734,-1.023351832697272,-1.0583118794686575,0.6991484482259089,0.4342317736553667,1.1622687409029724,0.08628808444857115,1.0146612652703688,-0.16688482018951006,-0.6681982023664929,0.3572708369482541,-0.5820921923072357,-0.07393373082357847,1.234085234818851,-1.261564954817186,-1.4128227591852396,-0.7442847962864432,0.47262680601847484,0.9622725318678134,0.7657940543217491,0.45038162646745716,-0.5824832590582089,1.3043850945437878,0.699823785725449,-1.095290087923783,1.1022804715988104,-0.981295998659509,1.195072011636645,25.88080142173217,67.82114163550567,52.23938871713389,49.25089056944005,87.8363577524473,77.57363237934845,Smartphone,Móvil,65.43257080024584,Psicología,-4.530990754338809,0.5825668644735332,-0.2511310225263882
152.0071507240266,4,2.841,0.8947,-0.8499002350037569,-1.2738315081574036,-1.109101797590628,0.5705571141715887,0.780867066178923,0.3723350868910217,1.1666286600567817,-1.2828708231891537,-0.27428101171576186,-0.566662708368132,-1.0253554138084904,0.3635338326159522,1.541349746131282,-1.4284050329297944,-0.6677648619302813,-1.4375485900291822,0.5301616526256329,1.7179709772701797,0.8005362306690692,1.2161771375648625,-0.817124353615338,0.7086662975776488,0.5159787792515732,-1.4115053210329989,1.5501854805868744,-1.2176671433908925,0.7931392195540677,28.89183512297491,68.93189380582814,52.94722023944689,55.45122573254893,87.36670983309581,69.68328714486178,Laptop,Móvil,68.44377597546404,Administración,-4.567179797977091,0.30978679435121953,-1.8707166118946212
242.72732289279213,4,2.3188,0.9134,-0.847476171369638,-1.6033304837072617,-0.5873272548132884,0.7314246210391948,1.9153984353934228,0.06411829659082828,1.025676896417771,0.15499069361131365,-1.0816835391515878,-0.2587721666692406,-0.24003106233120652,-0.03302991029434145,1.5179356418240555,-1.1758047240729252,-1.7154577770185298,-0.6707287690314696,0.46118199988328756,0.8297213590956638,0.1661279412054454,0.45188313826407456,-0.8287809469087924,1.8925248771322016,-0.3599870756803859,-1.6224408525040814,1.246656064785066,-1.2989473196240096,1.2261843912056534,26.15776646518723,65.13276652675626,50.68440827596172,44.91199772794479,87.77443607851087,74.210409433775,Tablet,Fibra,67.99278436926103,Psicología,-4.922812983057396,0.6652965123009408,-1.1578445458589859
234.19864753544567,4,3.3565,0.8708,0.06909136529829987,-1.000968451374051,-1.7835249176006114,0.7682370934436208,1.4888910479252246,-0.25471624364343076,0.3969726396276471,-0.5243726906589696,-0.9567686455423228,-0.7283965950523272,0.03685398400108645,0.48508981433268283,1.4319842209646936,-0.9311165381850823,-0.906661747498603,-1.0991154437541575,0.7146937653378221,1.48616056128795,0.8114526371998579,0.3096436547575138,-0.4044982718464188,0.8918708301038862,0.32665572616633487,-1.583867539967437,1.3279744264011153,-1.1848954206875384,0.40679137037524865,27.008207196308103,64.40934001550254,54.318039520179525,45.37675707551176,80.44759627812296,70.61716142408405,Desktop,Fibra,70.29860048745418,Sistemas,-3.845634539873212,-0.8614582236928493,-1.7674451072772097
311.52533855735555,4,2.6593,0.9122,-1.3908505729656058,-1.6184685470844156,2.174006108026694,0.5450904994976964,2.194262532141022,-0.11786087036399422,1.638195351754989,0.04763829084756426,-1.44498471017163,0.5683847493988081,0.4891896575230843,-0.06294818133638212,1.3839528889206199,-1.6774087139738227,-1.9659551777069049,-0.8510063593953928,0.6187209787767393,0.9773618679524254,1.0490501608375704,0.02786563834919916,-0.5319819663142958,1.5785464598484882,0.39849526782875144,-1.6901239624448636,1.4130334964348485,-1.4443297546890919,1.8491183307759829,26.77996942302707,59.56397462770684,46.542018945842855,50.02642286548716,90.29708293403102,80.14250484026397,Laptop,DSL,66.2496226882279,Administración,-6.333830985983104,0.49834587324035184,1.4257822231402761
263.62912753642416,4,2.946,0.8907,-1.6983052238796728,-1.1873327534057236,1.3661657536001208,0.3599280881423802,0.3968851306099311,0.5836187947244813,1.6270872309689157,-0.8424277434694665,-0.06525363430429008,0.6247038075647356,-1.9830703911377128,-0.10763886927771663,0.8231627312257599,-1.48069729589502,-1.2921800391310188,-0.8903844499205373,0.21324992959451597,0.3829679388185408,0.4738811199553273,1.1337693700111113,-0.8445699719083299,1.2767041469162046,0.07890121358864706,-0.42426171221003955,0.9780915018729108,-0.7926433550034326,1.9221649855274123,26.434975980593165,70.22654525371549,54.579721111789766,54.92637581068685,93.12160478637452,77.0214175297947,Smartphone,Cable,66.95242199095169,Administración,-4.406637476086166,1.6534928367714312,-0.6779039261170154
308.2258502825506,4,1.8988,0.9292,-0.8212466352482026,-1.1129824730057793,0.7221449769941364,0.2908239648106501,1.3313899385909993,0.33577257045478826,1.1787006713180084,-0.20882086101323685,-0.4197033548347405,0.5569985593540936,-1.247833116994849,-0.5027272875162626,1.6991505569749725,-1.7150714315190323,-1.4746031504886885,-1.020587598291942,0.3054561578858517,1.7865437787833471,1.0887013603410636,0.8856352396291157,-0.8715393755131796,0.9744356344480206,1.1169208259144896,-1.725695128333655,1.2808291455659013,-0.7943430920998295,1.1308216882093345,26.88839747803725,70.48018291249223,49.87338285148879,53.52649343168886,92.2918291835916,73.78596786211686,Laptop,Cable,63.20672211591959,Sistemas,-5.22866257313234,1.416197890280303,-0.7452871729574008
296.47610020512457,4,1.7045,0.9308,-1.2538994652759752,-1.1222817516485974,0.053579840592487014,0.8927841893006478,0.898786654926206,0.07398736501148408,1.0863599675000983,-0.9199750920799729,-0.6096689593782886,-0.6823430893125764,-0.8976183040068434,0.14201426041434262,1.2802975144536544,-1.1929225481587014,-1.2040060358750722,-1.2623067413041709,0.6530603233015202,0.8205258882407577,0.5087263114615532,0.6673827993512266,-0.5286148551768817,1.2524637903125726,0.5945037742781036,-1.1665141214126338,1.4341346461889228,-1.1896627542383926,0.7074693641287102,28.79812187589456,71.02148812431517,51.30201212691813,51.67930811681242,88.26247462658992,74.2579926883899,Smartphone,Fibra,67.10248056356802,Industrial,-4.576346706023191,-0.19773321011468079,-1.044963905298335
153.79641118276686,4,2.7081,0.8895,-1.4983795065923409,-1.352983371232338,-0.7902850305649689,-0.05104365477131957,0.3929197808096086,0.37487813540054804,1.0106035613685946,-0.3631604415617727,-0.3517847363235683,0.14720852491985947,0.8583789855806716,0.7641073153688706,1.214909290813669,-0.8743685548257328,-0.40673711157286996,-0.2981909818556769,0.535306658436946,1.227203115031291,0.4306080323961722,0.7365893966729986,-0.7382838303871729,1.2632536182895715,0.6347474451003131,-0.5070191410525614,1.104699238881795,-1.54111769654865,1.0258943997715293,24.8199073068893,65.28146639101463,55.70512457849146,50.40982306446848,80.65683507813321,73.13921366809583,Laptop,Cable,65.80307079533253,Sistemas,-3.6895496468815763,0.4069693588089085,0.12096560551144094
270.1021561967337,4,2.1704,0.9172,-1.662640059625753,-1.3721292054584617,1.2502010066347755,-0.30509286846687866,1.0243231669237254,0.44665658964128485,1.361130473867509,0.257155439800754,-0.45734268121598437,1.01507079770289,0.7364642395915042,-0.007936472233617289,1.4256658905734831,-1.355917866641832,-0.9915058403148496,-0.1872759639116539,0.3184219089107093,1.5043780581754658,0.8027953848370274,0.6012172323015209,-0.8307172115528485,1.2177393449164942,1.1601319390575133,-1.0232471609412082,1.0526907130031085,-1.2582604126849217,1.3609908083360256,24.7188557123165,65.70749124411255,50.8861648788203,52.34542748729799,86.66328763856065,77.63658198770489,Laptop,Fibra,61.52735168793394,Industrial,-4.787766276238606,1.4810909922625004,1.4835559768495343
297.5778451619356,4,1.5031,0.9422,-1.6677065056236244,-1.460487823287221,1.4215994014696884,0.6772326937563254,1.4015426202950734,0.1934626631900408,1.6509751385695757,-0.7629241478204856,-0.7846384536653774,-0.27492213543520844,-0.3120210231379944,0.027519951909621934,1.1555530152153424,-1.4307078414870449,-1.30164897917081,-1.1218574902324459,0.5033031588960956,0.6803941030518488,0.5049687406766274,0.5815305374415624,-0.5881590564970466,1.1958535545461426,0.1989221990533147,-1.2831965294382925,1.4063295945328123,-1.2880714747459654,1.25123064347139,29.1765174976788,66.30133439383805,48.61499786561582,53.42106527731089,90.27720890815353,76.73812174472651,Desktop,Móvil,67.39216708421148,Administración,-5.251882083879931,0.4186195166027629,0.4217924599508831
317.8509367119864,4,2.1188,0.9221,-1.7532345091692776,-1.5577083534808038,1.9048874860029592,0.42061637863225176,1.7426808152278426,0.11279004271834565,1.6813652545386448,-0.34137299917775704,-1.015503719242219,-0.03651231470586623,0.8559451212046428,0.07576977503454657,1.1709675104297417,-1.362145194109324,-1.215545283033407,-0.7989011159383446,0.5059327423016016,0.8090277765432444,0.5714361719896645,0.2547379062643819,-0.5063729269115311,1.150644257001852,0.33592072652006655,-1.3850050085739865,1.3483333255072931,-1.4420081837660788,1.2335645068391021,28.558550218634007,62.74337828621658,47.25358895296381,52.0333184499017,87.78146282285883,78.91571931585423,Laptop,Fibra,66.33536728537408,Sistemas,-5.349386300022719,0.368756459448935,1.7230061079515966
197.53451327579936,4,1.1246,0.9543,-1.4984530261864264,-1.4317891458382426,0.45221271246724815,0.1838929280764435,0.9403572374747405,0.3928015951644043,1.4575351277813513,-0.6408426072969328,-0.4616953991882089,0.2453859569190173,-0.031018461808134095,0.315510790880195,1.3112321392761777,-1.4016045953172822,-0.8693754655641434,-0.8210484341625427,0.46227019803960606,1.3143584542020308,0.7493006693830937,0.8501050393190425,-0.7765108780142069,1.0633221686135386,0.5774269152519281,-1.0357904367005635,1.307978469801897,-1.349755460481852,1.3488165863626953,26.90596671561881,65.39765080527894,51.76333206446529,54.25932362050396,87.1943844340455,73.51344291508428,Laptop,Fibra,66.13647094187249,Administración,-4.83614691595397,0.8084229395460865,0.16409417186938877
267.42644219358533,4,1.3013,0.9513,-1.4121663858035223,-1.2621965954931986,0.767288721166535,0.5726122854711208,1.2896419501260086,0.0015940021269105393,1.2314921875665268,-0.535304849340591,-0.8714374199414217,0.14621318512168802,-0.171987768375169,0.20548044211987382,1.6151479951873147,-1.5346594422018929,-1.463203689010345,-1.111531524978217,0.8046897539532473,1.4705574028991395,1.1851350848222915,0.48875315765921623,-0.5687269945818525,1.4157583115709758,1.390385466701076,-1.3654552440904482,1.562728821654155,-1.4620395248287708,1.1530962474588704,27.09000186793062,67.24290584271675,48.480049612276105,53.34571348315508,88.7410703113751,75.40193938709706,Smartphone,Fibra,63.99619050371599,Industrial,-5.756618151230517,-0.019933528680981215,0.08407120270373075
253.4535233624524,4,2.0894,0.9152,-1.41379547405989,-0.9594604472581828,-0.10759214866039377,0.5024629819305578,0.22800873576782132,0.1823636742570465,0.8682808911811217,-0.5126832485030111,-0.3483524465741912,0.35849945625560536,-1.240742875310806,0.3021792679347059,1.1891214420580611,-1.125551616061777,-1.343720705158552,-0.7360510315019088,0.658812092946042,0.7599890282343041,0.6961047809011327,0.7527319594702555,-0.6558829590026992,1.7586372224661668,1.0270531820474096,-0.37815862549106927,1.1342594614000836,-1.140997497651449,1.3163608301227632,24.52205019828217,71.7676797821793,55.409063824229975,50.44638077195855,87.54465032127732,76.26025621606327,Desktop,Móvil,64.63735084766638,Industrial,-4.245188199236267,0.367211151973934,-1.2127326288179703
227.17705019257505,4,1.9343,0.9299,-1.5675940558813828,-1.6844755869257086,1.2724779004465228,0.1515641689885304,1.7281492200423498,0.269077850718579,1.597644535616177,0.13644508148956414,-0.9402513602765454,0.819289614154393,0.35419929063900174,0.0735484932107501,1.3380708777468,-1.5081430010551617,-1.555784802095858,-0.4452458425329843,0.41052571092341583,1.0104124720885597,0.68932601779535,0.47377848016853846,-0.834335276873867,1.6643085786170222,0.1924951190092847,-1.211403609169186,1.1846040792690098,-1.4159642638224614,1.9634118823680349,25.093859826941426,61.32567416032445,49.56186170554938,50.3817707744479,89.00865006503561,77.69178206843605,Laptop,DSL,65.60077896718732,Sistemas,-5.5699192234410475,1.3045419010726205,0.9226130587304006
239.4388948558461,4,2.9825,0.8917,-1.4700677823254058,-1.0591538125347812,-1.1580303416500672,0.6489961316535354,0.3580093736634913,0.04069196868183251,0.5782662396551222,-0.38975415980386907,-0.5422958673732499,-0.3163480976082165,-0.406621825447239,0.4113706537160464,1.8552120934317424,-1.0626544131482103,-1.2911184470896797,-0.8509048056741125,0.9609076964811633,1.4852684313505744,0.7584261444259343,0.6879166702179145,-0.6788947280492171,1.9717890355401448,1.9242075292654146,-0.9485917709917594,1.5626668022826569,-1.576733491555924,0.46740203233829164,25.55676836255808,74.84030875892545,51.88353433923948,50.45041028671371,85.71732110576558,72.84366970493745,Smartphone,Fibra,61.28745341356756,Industrial,-4.811009990556414,-0.41673783353409727,-1.3855165695180436
267.59001999486566,4,1.2614,0.9496,-1.0570987620951173,-1.2168310240417906,-0.15965960550366382,0.6836786600212162,1.2371480607736771,-0.005456744367744925,0.898871284851336,-0.18295741799623574,-0.8486193398147777,0.06910735485724505,-0.6605943621276524,0.10868763198510663,1.5034412933638834,-1.2581056296727389,-1.652526565001016,-0.8461241098225761,0.6799167657643164,1.0375855442155655,0.7180157378912598,0.4862843661420924,-0.6622859652987051,1.7927138356347643,0.7439346235864236,-1.199986303759789,1.3227425317371704,-1.266680103727366,1.178532400196514,25.595085316456984,68.47452376197926,51.53358919335051,48.25037888296314,87.97909043912826,75.43474995522382,Laptop,Fibra,65.39357466795236,Psicología,-4.997382513586374,0.22334174421569733,-1.037937407369198
311.72712120755216,4,1.4713,0.9426,-1.3905061870929556,-1.3372839826504674,0.9591627085167295,0.4367391480760373,1.5777912360969044,-0.06401548231899187,1.1559521225594602,-0.01234774175157869,-1.0665703898132515,0.1348373340922148,0.7491031773078948,0.16616011690054502,1.394643551881189,-1.2234531217539377,-1.3937294644114437,-0.6500127801328413,0.674720360292024,1.0706072263456283,0.7742971508926337,0.13479087193788603,-0.48653245852566346,1.4861458178656948,0.8796030005169417,-1.30895173088226,1.3232948609818276,-1.4523329312476554,1.0728821364578982,26.42278184258629,64.49951141892026,48.9438687955385,48.942149141971086,85.7540542686393,78.43426182431024,Desktop,Cable,64.66126686070879,Administración,-5.165909717495981,0.030844306964100808,0.9379285296316565
151.9783476380953,4,3.5449,0.861,-1.3116941127594173,-1.0889443179536484,-1.7279256424273182,0.5285873569887567,-0.02793298951078106,0.0599809014170165,0.5880683506327371,-0.6951752871909542,-0.4766941985056651,-0.12053072370184978,-0.28683747522213165,1.0990964557958396,1.0138246712623828,-0.6604319721854094,-0.8381068741753752,-0.5393234839115209,0.8649330185403238,0.5765721743629417,0.41386804706614727,0.6404795598187698,-0.5597084742859847,1.9125561027852516,0.5121886001876758,0.06018691361021269,1.1236950994540955,-1.5610599831896972,1.206538606987403,23.5028316634058,67.58401585635335,59.136406102636855,47.093442852791085,80.28367204859295,73.62343118503301,Smartphone,Móvil,68.14947077725618,Sistemas,-3.4291801867183294,-0.5439745275762311,-1.6062584677836595
262.37852870407005,4,1.4875,0.9415,-1.1948862467264765,-1.5404685226584833,0.6311281258040334,0.2083414714397352,1.6541200528157918,0.2848726579467396,1.2995744411985026,0.2998182610363977,-0.8083289664598255,0.5648577358139846,0.020109949914968783,-0.14701742708042123,1.3793653118595357,-1.338928753461869,-1.512500341826529,-0.393946054942122,0.28785621532946176,1.003965342422872,0.44066801816474477,0.5237629744991973,-0.8716834867652885,1.5890201755317093,0.06745755578013117,-1.3423108930659169,1.0601044691137202,-1.1693826884509566,1.5646515244570087,25.19053155340297,64.26341547235248,50.85231687432156,48.10384550230208,88.52909698164778,76.76602780159487,Desktop,DSL,65.56916890286736,Industrial,-4.927851837514908,1.4097077360897043,0.16563014021545597
337.3380309783471,4,2.8206,0.8974,0.015459880210208513,-0.6924537646308551,-0.07698443403215045,0.7211027962417911,1.430865316349679,-0.14564324411556778,0.531728797688912,-0.13491743412811202,-0.7369884720641882,0.592138164959982,-2.0305177557295266,-0.3627298919258007,1.5469462978905644,-1.527200192316298,-1.950629142537518,-1.1609978741378078,0.5490902011359203,1.4775224114842938,1.3752425589498725,0.49579381640492326,-0.5885886272181896,1.2827068248722082,1.0598935904674573,-1.5369129182848098,1.167010066836685,-0.5900815024579381,1.224959567588484,24.932253363549343,69.90022677047094,53.15034749961,47.71677293460084,90.26640245496728,75.18669515755633,Laptop,Fibra,65.71289761873106,Psicología,-4.840769824214607,0.49420953501031467,-2.1575285279252316
190.72244918250163,4,2.1965,0.9103,-0.8489471994431339,-1.1163277706711008,-0.6968279668432219,0.24184573610663063,0.7707807658691095,0.19783077528477452,0.950918153588094,-0.8231084516065764,-0.42851345527719775,-0.1216147008284513,0.13200987993759897,0.5518354282408088,1.3793312666756545,-1.1861306082076282,-0.4925509655101537,-0.9743644393280232,0.5952649484452596,1.7195471870227983,0.9764068104354166,0.7607353013203593,-0.597595034409534,0.6624742587536289,0.9043685245949583,-1.1224253141258032,1.3393569203214246,-1.2880396358971615,0.7588860441374454,27.01504002501816,65.79750098426761,53.95759390129466,52.7645038554312,82.70538585867628,70.82682034019533,Desktop,Móvil,67.1284405905428,Psicología,-4.131812156172446,-0.016393797445995607,-0.5563769606694807
228.34970620015804,4,1.516,0.9402,-1.2640994446720095,-1.2606276454706835,-0.2746137737985138,0.2539174370074949,0.8546066974844841,0.3038471169864881,0.9935208410365111,-0.13644972201418568,-0.46380614714500656,0.36654805194781587,-0.4546722481618541,0.0778445945642997,1.691314510032716,-1.3456910286137878,-1.2725318429503838,-0.6693892908289225,0.5436322471589313,1.5648559802293862,0.7887635441296879,0.8227111185260042,-0.8762640286183258,1.555760301311598,1.18840369241587,-1.1714011814082663,1.3071859682580957,-1.2739458954106306,1.087227919506962,25.24532647260961,70.09536787657984,51.83106958096323,51.42566453791844,87.95938155469999,73.34624799726447,Desktop,Cable,62.7933265808623,Sistemas,-4.896832449580809,0.8637758560058547,-0.7417556558789623
296.8276188531729,4,0.9939,0.9585,-0.7079286560772818,-1.2141287314189044,0.25274145982451623,0.40370949161831293,1.561563034104799,0.13130037959281093,1.018205971205208,-0.02758759489782071,-0.7451398943641107,0.24209344298609745,-0.43503165442140096,-0.18073016362442454,1.4239998947126307,-1.3344490470047063,-1.394463975531957,-0.76485109746794,0.37137859573820925,1.263011054677351,0.7155220955837123,0.5154285713503503,-0.7074020320967499,1.181410284448217,0.40720369474259005,-1.5281862607335965,1.1450869253103322,-0.9703228365869667,1.119397481763063,26.28410433808305,66.3583320528024,51.42318730289212,48.58510812011571,87.8587120640085,75.2234577557727,Desktop,Fibra,66.18408799285073,Sistemas,-4.6570921209910585,0.8364884538965065,-0.5297023653918839
347.23725547072416,4,2.4776,0.9006,-1.1550126890930619,-1.4212209629522035,0.7276076170885878,0.18032054736252648,1.6195779665584913,0.33953296562240165,1.32535101082844,-0.10999637912780247,-0.6189810264065545,-0.5568426914767778,1.0639393808317015,-0.24902540318114466,1.3187130298268048,-1.0758148431622334,-0.5882910316114235,-0.6221990327679888,0.1521554815238344,1.2407186687325318,0.11195092725007057,0.48617953398216635,-0.6538909763618448,0.5087515625843385,0.136413284151943,-1.811153515447051,1.1515940159463391,-1.084917289053095,0.2869599257154118,29.690350565464943,66.26009974271616,48.95617216331098,50.3324148609007,85.05040080561751,75.10321096263404,Desktop,Fibra,66.00304047045358,Administración,-4.026442839162641,0.8067381396990123,1.1105566440581123
175.96435241194104,4,2.9032,0.8884,-1.3838739664693522,-1.6637242868113036,-0.8702951605871845,0.4777909636689341,1.1715835690707896,0.29441837871228743,1.2726885233962928,-0.6889366797438827,-0.6825608238946954,-0.9593987050344027,0.8892515870743255,0.5633980224381203,1.3137269180006053,-0.9408664349935171,-0.5103595265778323,-0.794776723401345,0.5050946444646965,1.0337738735207649,0.0066853006638054,0.7118320173756131,-0.7189822509121921,1.1000965621538044,-0.20787012528535923,-1.28887603353149,1.3963638871664168,-1.62225723613423,0.6207663732033021,28.79348782789799,64.64559516332966,51.67632381740079,50.34551785026744,82.74484483316321,70.89333393860905,Smartphone,DSL,69.06043491000456,Psicología,-4.154572322071454,0.04362958768302078,-0.2019152590014533
217.78225498146253,4,2.6356,0.8888,-1.2094564763167361,-1.062946420891594,-1.022084781536855,0.5719291057149571,0.41086304896894177,0.006835405591695939,0.710359347946306,-0.7193116212880326,-0.5816746445071785,-0.47836245332777566,0.1366056785984262,0.7930842412100898,1.0827096322023968,-0.7388869788334046,-0.7211632991318485,-0.7370110439762662,0.7807197650532263,0.773011250164394,0.4418482062273554,0.4904107742264406,-0.4396139660439276,1.401069844975741,0.6106880700294564,-0.49506287652028336,1.218166711400581,-1.449102721012185,0.7278386677279786,25.966586993764626,67.68009839483862,55.92062042276433,48.23880886687671,80.86601834846326,74.19059157741826,Laptop,Móvil,67.80570154582135,Industrial,-3.582271277730712,-0.6761474253832389,-0.8354832222476749
356.23171406739294,4,2.8741,0.8886,-1.1152419373733289,-0.8034314652631354,1.3418636193143256,-0.26458294404696836,0.9213606364011834,0.011209395880436507,0.8303518461998889,0.20125376941451997,-0.6137004314564005,1.0017119378374382,1.2100008506492197,0.19003066914949437,1.2482760976122012,-1.116786027742854,-0.7728868919480709,-0.2741030677698485,0.5537105909450526,1.6571327839716954,1.3386728773560745,0.07676904637555283,-0.34423980876626264,0.749788715936835,1.910995462927421,-0.8967655096103454,0.9821461006535781,-1.114255714399172,0.8616533749238878,24.3684523477136,64.88957215867596,52.4436622737602,50.21794913008805,81.55471806541532,80.17320087321305,Desktop,Fibra,61.59147655913335,Industrial,-4.139069552518884,0.24206042602126634,1.9075396440065142
265.849907911058,4,2.6583,0.9037,-2.2799224713225343,-1.3302481108656337,1.9294141291551934,-0.08811700397755944,0.3545973132358846,0.5519639131192368,1.6685595135746194,-0.3475909825582742,-0.221026165229612,0.986916024782029,-0.17156005285452894,0.11894993665565365,1.1623642216770926,-1.4410662641639378,-1.1056148446826597,-0.43612891448965624,0.4322034049130608,0.9310585951777862,0.7415130283849587,0.8433881546440671,-0.8036463067466091,1.4846506804452264,1.2665267380794711,-0.40497668764669165,1.133491350662688,-1.3139392993702277,1.6971196830941877,25.318421536821575,69.12533111924277,51.3745464899857,56.18067870076722,90.0650929400338,79.16284548049208,Laptop,DSL,61.4475662461112,Psicología,-4.985946924742409,1.3895020718638478,1.3154227499191293
408.9238138549711,4,2.0631,0.9197,-0.8743537304087952,-0.9228782537816699,0.15683974922807306,0.8720078632966953,1.2523319781634672,-0.019154495783311017,0.7027388893603771,-0.06797505825448256,-0.6968768858809933,-0.3974494083406009,-1.1805184041155523,-0.5217410835884033,1.659606493780043,-1.224001426906929,-1.7495513912983571,-1.025727493853557,0.5464897245356617,1.0922698134070619,0.5380831487248539,0.4776750456479239,-0.6084389693976774,1.5248286474284234,1.1414371015801725,-1.6589188979179443,1.3202052917745857,-0.8747234747678906,0.3726506578045851,27.677422524071066,75.35677679528945,49.50225644497165,48.12087726334342,90.49763757595277,76.31972086773334,Laptop,Fibra,62.94216476103885,Sistemas,-4.715429420388171,0.2701076872330699,-1.2873518268753485
358.29511648096616,4,2.2271,0.9168,-1.585808632039275,-1.602976632462918,1.3298276205102775,0.6586057179262489,1.913811233325457,0.1307766114306496,1.5301491567792918,-0.16584175993594968,-1.0274628719259102,-0.6306106590378517,0.6139247861740881,-0.22507202821342875,1.29478122764753,-1.2089693631505127,-1.3285355314107945,-0.8133861160355983,0.3950309821821933,0.6350939480758304,0.06668476159794012,0.2948424207850689,-0.592004562328652,1.281185609277176,-0.04170157652101795,-1.7234702595477038,1.3413228191488016,-1.3243926987079335,0.7696110836647151,29.69397218390576,66.05074422169956,46.54398144142338,49.54875354505551,88.68254993682471,77.89107686487881,Desktop,Fibra,66.49240972836341,Administración,-5.051093616399445,0.452424194651047,0.9965682730461851
319.19831439388213,4,2.2805,0.9232,-1.9092154390438694,-1.5479970170209936,1.792756256011863,0.2841804492457944,1.512211586943415,0.4132971885811579,1.6814091793449013,-0.07894772152534033,-0.6403909288542646,0.39545499931766914,-0.2456322621761441,-0.4945729579108949,1.85526322677569,-1.7657864102611225,-1.6328255996893404,-0.8955546375897081,0.4352942541527861,1.646065860302781,0.8550038599838684,0.7896899183588111,-0.9323505870724081,1.4427103179528935,1.4256495808734528,-1.817418411771092,1.555192380075052,-1.3114403006254367,1.148652934646426,28.086057026005275,70.70387359782286,46.542018945842855,56.086280678775545,93.81783262814892,76.09869080438578,Laptop,Móvil,60.053103072123854,Industrial,-6.292563713212579,1.4156592913589212,0.8517359465825984
241.33324156351145,4,1.7345,0.9327,-1.404549710520597,-1.2214183728812966,1.6045968276194436,0.325888819390968,1.0818402040174062,0.15422576971970284,1.590954177848329,-0.9517565654235626,-0.6586311978856283,0.5663138685265122,-0.3182077778701736,0.41226356105790596,0.8895723499409879,-1.5180907127079486,-1.0447486347848267,-1.0563004661378455,0.556972435454162,0.9243816485638144,1.1661059254400532,0.555703895913173,-0.4647077432823178,0.8458610281877006,0.48006490851787254,-0.7698341686410246,1.2407282646573872,-1.2079990004737688,1.8121873024307549,26.94252321014165,61.8659178732797,52.23441634824796,54.79034537963228,87.6082445477457,77.2153726134491,Laptop,DSL,68.52598936203529,Sistemas,-4.994346213481328,0.367080276596338,0.7076687098486469
357.15631838246225,4,2.8133,0.8926,-1.9481309643694487,-1.2596940446305087,2.4637439421533376,-0.08635906022728967,0.9955774350448529,0.31537889681962267,1.5708669280216248,-0.0054878171556583455,-0.567254829042706,0.7877377084668047,0.7502560021558558,0.00314928512457751,0.7886961620683997,-1.1580365409119842,-0.981584935838021,-0.2280754602119246,0.281268434098465,0.516342862793155,0.5015956720758182,0.2920283393788029,-0.5163697015350963,1.0914124041127624,0.5523038280491245,-0.6021229615995269,0.8634072363722869,-1.1195529521991177,1.4780828337266498,25.94739594697065,64.33247570362249,51.43382383871324,51.39888671986273,86.46594105065076,82.74032451115558,Desktop,Cable,64.30627184339347,Psicología,-4.290470701023278,1.0813310765467326,2.33348917145214
386.4905729456659,4,1.7702,0.9253,-0.7010102307493311,-0.7907183661252206,1.086418263139979,0.8004231789653697,1.2076497554480008,-0.08527020943993673,1.024242885295339,-0.779253433774169,-0.6857915329471562,-0.16205142162160208,-1.1624341949400048,-0.12098112420827443,0.8998091902558463,-1.246499228270439,-1.3023020530453997,-1.2536286005864297,0.4837104109117678,0.6345735450080354,0.8306822406367932,0.3592712630499587,-0.2946264616323566,0.7579606229310198,0.39083323364551026,-1.1540122749332509,1.1247919755585698,-0.7085209689552825,0.9559085443464568,28.31308711167524,68.06154927505705,52.60632357574059,50.08323155986986,88.15891720973403,78.06265111006721,Tablet,Móvil,68.79356977793059,Administración,-4.170269970290789,-0.06140067453205936,-0.5489265843896728
331.1704485544253,4,3.187,0.8779,-1.7205260891077305,-1.0749396254867165,-0.7451988302667578,1.1589713967475832,0.35863429384777185,-0.007288792360362349,0.6945878805172676,-0.5706941710189753,-0.6112086899499781,-1.1378012043390613,-0.9216413771428633,0.20385066464571755,1.3238850128977666,-0.7223977470589663,-1.4586284512858425,-0.914078555294563,0.8268688338776207,0.18589027798596686,-0.14969753598924904,0.5525221158626323,-0.5339407400467412,2.054515552275344,0.7699819792617877,-0.7095033284531628,1.38079371678089,-1.3816565128391627,0.3081564413103588,27.600310436801472,77.16210588250122,52.38254311103434,47.282912785598725,87.19300908418347,76.24821138393455,Desktop,DSL,64.67040406285766,Administración,-4.041404634859412,-0.619104252922186,-1.621916772529199
404.4189021132437,4,2.3595,0.9125,-0.8166201277491615,-0.7303257904586146,1.9505380908640795,0.24400590963257046,1.2973083901504296,0.0010865044954528743,1.0543569560376165,-0.18854336263295132,-0.6242222803663539,0.9249005000024852,-0.7262963107825755,-0.37514327214014614,1.3339620965307684,-1.6077317182858042,-1.4682568522003223,-0.9660196542314008,0.4737939727203542,1.5420181534619715,1.54098754046752,0.3344616459785494,-0.4261316854038459,0.7340425088072363,1.6542709552297399,-1.3696544899095557,1.1464504385880578,-0.7120630113787304,1.162181531238948,26.259696862532312,68.139093187868,50.24181046435564,52.66999828475616,89.65625203181061,79.45746635408547,Smartphone,Fibra,62.90278665734942,Administración,-5.023282793021378,0.640950418296423,0.5822653002478914
186.4395110513767,4,2.6239,0.8956,-1.229331687881917,-1.6064011843839883,-0.9633603884945637,0.5454136132369601,1.1519594855474105,0.2886461504156707,1.1326545741203256,-0.33900846459054684,-0.6873719936996022,-0.5497052179716833,0.08041664733597985,0.38232414854555613,1.188569765093427,-0.9067151856419433,-0.9802705702226477,-0.5813293049550661,0.41253767596777824,0.5984928683943398,-0.1514651242958655,0.7044633327059333,-0.8151416121033082,1.587992487060329,-0.5859217520500393,-1.030930964808508,1.1558445098579768,-1.4038652281501227,1.074396634307048,26.724617520741518,65.43884339122776,53.76625318531136,47.08263009052612,84.57708579031815,72.77764935108799,Laptop,Fibra,69.40589097446481,Industrial,-3.9823932275444087,0.5326643519052221,-0.9556553689700961
258.0561226329688,4,1.7327,0.9386,-1.356416623563173,-1.2639939973373713,1.3097443895312748,0.4527724082717467,1.4105671571084506,0.04911223451563306,1.4011300073425506,-0.5537448090345867,-0.8528564970613306,0.6156015975201581,-0.45817014166676423,0.12439535762396209,1.5842439792018737,-1.7657864102611225,-1.5847398426677815,-1.164032804768946,0.743644980451841,1.597692850042925,1.4827644160368172,0.5459790683732159,-0.6086618502837707,1.3007355947071486,1.415638871010494,-1.3791138949328547,1.5565411373191422,-1.3596760088840045,1.5599683326239504,26.616257211304745,65.54365818541632,48.31227498159757,54.91972949329619,90.50428703685532,75.87311431194755,Desktop,Fibra,64.08811341789657,Psicología,-6.118021971172254,0.3587186260156384,0.2683556091348223
333.9755166432434,4,2.6036,0.9009,-2.162343353467494,-1.4449723535606107,1.3242718374652287,0.34148943623074224,1.059650431863087,0.1524075980531785,1.4124596845808532,-0.27285658621309233,-0.8015391992531159,-0.42055121204020757,1.4368982978774743,0.27368259833484837,1.1840574072614882,-0.9557387601934656,-0.8435613430246595,-0.5148294964706687,0.605973753659805,0.6941261827980086,0.2065754664758153,0.2420081651193776,-0.45815053574282966,1.3296941867588923,0.8158179151164251,-0.9969886748533608,1.3157708677201594,-1.6177181809302017,0.6184515310703669,28.333880643316448,67.01980205858118,48.48863407890644,51.16034099235777,84.44281240548007,79.25447935223836,Desktop,Móvil,63.87612623465276,Psicología,-4.596691116720592,-0.05974230266491854,1.9158976480589458
204.8785750578142,4,2.7992,0.8942,-0.45504543598009967,-1.068249629807426,-0.5848124110606236,0.9007421518198101,1.0550872941230671,0.06956545355772395,0.9987214627659761,-1.0126907802048266,-0.5975722254854011,-0.023242989394444854,-2.1070206032803593,0.24935596198225946,1.0415062285139014,-1.3725081804490211,-1.4636466126004732,-1.3466055161009383,0.5281376645473272,0.7311447223912063,0.8019203476459089,0.8404519613099782,-0.6411782406383753,1.253099694076192,-0.26176702870622015,-0.9614337722680402,1.2004915953080144,-0.8771638572735241,1.6346828305965324,26.429040053949983,66.38082311720835,55.8688088199627,49.78324303129028,89.0390505659734,72.41670521573698,Laptop,Cable,71.7148391580177,Industrial,-4.396787275771803,0.3181730770581521,-2.5392652589368363
302.7750197774517,4,1.5033,0.9403,-0.5126317226741657,-1.2882832777899755,0.41890576786245126,0.5868478713687106,1.9702539281853368,0.04285298998204601,1.1488289231115303,-0.24423137280810234,-0.9278545483622184,-0.05936556553689621,-0.4012188648204568,-0.20139178965731003,1.3720918963646354,-1.4172472462646175,-1.4018915325690644,-1.0291716583417685,0.36642522296605434,1.2276625657711844,0.739702771522506,0.4398917753144681,-0.6259496269088971,0.9365570122557978,0.028012878196928402,-1.8321868372158543,1.2410615753624765,-0.9580894563483551,1.0945167151102486,27.801488553621745,64.14078849114168,50.15552618454486,48.838229157623616,88.22373139288096,74.60879645874802,Tablet,Fibra,68.45787292269146,Administración,-4.863394822035057,0.6036427781658578,-0.5080000422998028
240.87417199689685,4,1.3885,0.9436,-1.5495666239937633,-1.455358001683245,1.057570167385697,0.2737501524754699,1.0922390421129846,0.40346906814458194,1.59684439983431,-0.5399034610439901,-0.5134396003215905,0.3151607786273802,-0.3535515901177282,0.1168305170515987,1.025481679430143,-1.368256774588217,-1.0845927174021381,-0.7420316095180409,0.3146766001120429,0.7448231085622512,0.4753661781158655,0.7655413497629175,-0.7547234795570769,1.161102428940621,-0.018040142544085126,-0.9161883590619858,1.1227865818069978,-1.1631439525434546,1.616184211678934,26.95594557902058,64.80187404645046,52.1018507107344,52.7375602032398,88.82037556356619,76.17582501259986,Laptop,Cable,67.55977273163401,Administración,-4.66160949969691,1.122528855695277,0.29381572778118387
353.07430114409715,4,2.1464,0.9189,-1.7347424850266857,-0.945683493354528,1.5475873061234344,0.2188389790454713,0.6325321238226174,0.17750995729626837,1.2004890079684023,-0.48326533813694134,-0.4256110753207943,0.366751625732632,-0.024384187556067943,0.0018997483845812155,1.4556213959785038,-1.4027407669367875,-1.0557263276572535,-0.8816327289631316,0.6533036209630778,1.4907410976653954,1.1570956209725285,0.5439089470575068,-0.49787489825428133,1.016547467328515,2.059164160101385,-1.0324188324084975,1.377259554597767,-1.2112805566253402,0.7590106295848467,27.234434249173876,71.51122700850826,49.36060147609656,55.4823165542918,88.17607536390648,77.96955882646859,Laptop,Cable,60.68096722592051,Administración,-5.017535341886567,0.25983362234932383,1.0129595111595369
262.1658895753679,4,1.3726,0.9473,-1.0877161368362245,-1.2677260326032769,0.832955866055401,0.40454216714997093,1.6082081344987917,-0.0949119619591112,1.1857468998129153,-0.3563772591840424,-1.0409158683505955,0.33396556785890474,0.47980910088032164,0.3306192346862779,1.4343010347252607,-1.4415357960588717,-1.293502515220534,-0.9341775970975654,0.7420711558655413,1.4740649056140271,1.2621650872991088,0.24410575136950996,-0.46001398662719895,1.1578897015859175,1.0401656324843604,-1.3831780825258482,1.430455567356027,-1.4320871390387893,1.276467581363983,26.453165579960917,62.3488215313817,49.50250446706538,51.24697792958656,85.69313955275922,76.26587772744342,Laptop,Móvil,65.90280199643857,Sistemas,-5.436097854670701,-0.1018344409544903,0.6339122189310906
294.7883715904909,4,1.577,0.9352,-1.7469782144477934,-1.118366781890367,0.5428124351879665,0.6555503219909892,0.6187991659867104,0.020848820844831577,1.0933438629461936,-0.6942433068594662,-0.6710405516293079,-0.2620499052656178,-0.106908681517009,0.42124921744852406,1.1733483936889095,-1.0620776349437855,-1.1538254149439118,-0.8951743873655722,0.7989347780678038,0.6867068932021316,0.6090070850519441,0.43880077911658616,-0.42846623406211515,1.5414919734909296,1.0563905090342267,-0.6770283379456152,1.3647352251626015,-1.4431569818194523,0.9028160257687119,27.07151730370701,69.65410797396942,51.67591904414054,51.36195269023892,85.98416003567112,77.4710309320694,Tablet,Móvil,65.07552806704075,Industrial,-4.600285928080682,-0.40267839561828556,0.07326939233404825
250.89883634996085,4,1.7574,0.9253,-0.9891310094044193,-1.0187008404633926,-0.3950992895901999,0.5318161953265299,0.8251850277556568,-0.056693369179700234,0.8057036023570455,-0.6821856479661054,-0.6964461795402803,-0.2571771793882867,0.12758922209865295,0.5670233161980255,1.2432002257259094,-1.0177114486325765,-0.8572652113375583,-0.930718212310099,0.7646829560959177,1.1842204845542286,0.8576699050476552,0.4160076267039891,-0.40270926990966194,1.0999228633140032,0.9288589837965237,-0.9264600105420736,1.3178172444420373,-1.344814350322993,0.7492207469285548,26.620233557148964,66.56351375240753,53.596248593364905,49.8586951521872,82.54890521372502,74.37034206898555,Laptop,Fibra,67.04931964086698,Industrial,-4.165543947034239,-0.5773159255987048,-0.4482418828773751
299.7528406553637,4,1.3496,0.9446,-1.1404685239579229,-1.253645835831873,1.3278316652364814,0.39427631089201304,1.5534471745727205,-0.019915208941187916,1.3170817938579613,-0.34752978075196245,-0.9622692439269277,0.3235009683483604,0.3364521046231792,0.23824724102564557,0.9477295196714023,-1.2533620955666276,-1.208352808952796,-0.756136483120176,0.5151156920435559,0.7523142089621799,0.8229787731362057,0.18607491472601406,-0.4038195437840152,1.0572983621120102,0.205212441843889,-1.0546913702849166,1.1202884832067352,-1.1946604870828754,1.4720584585074656,26.586716937737197,61.19571662320715,51.49532493440334,49.48553240068589,85.52538337887381,78.92560243663698,Laptop,Cable,68.38386831317627,Psicología,-4.682766120706952,0.21086402843718585,0.8976601750803708
280.2861015038186,4,2.5297,0.91,-0.25167206815603915,-1.412959144611902,0.6918732069350108,0.9820375412544605,2.194262532141022,-0.21527266952957388,1.3030365618442232,-0.45983918963575976,-1.37961835468119,-0.06943613862223695,-0.813772321310493,-0.07866387100958318,1.1883146404404168,-1.5880767832639016,-1.8760441060535693,-1.3488795706198806,0.49147967674587006,0.835973527561249,0.911904196372442,0.22457846947659796,-0.4988213794527505,1.1289679371930077,-0.6755531153411409,-1.9305330597521402,1.3283464187354188,-1.007293175721124,1.692659518553422,27.96731384772333,59.18899557360531,49.58261953238237,47.38893477144488,89.68722142704712,75.44979846780133,Desktop,Fibra,72.59181941362668,Psicología,-5.4001727139553966,0.22583377234581825,-0.898186656583379
260.9759361043583,4,2.6023,0.9023,-1.0845011518535446,-1.6844755869257086,-0.29838964856840694,0.4535453641724166,1.8176968482019042,0.3610831498216666,1.191499201696166,0.4830747014367513,-0.828329244567474,-0.08054691754381318,-0.19871631778668414,-0.3376691330100851,1.4753502287385178,-1.1356826026569085,-1.6159851070677935,-0.3296837478123798,0.15725395138439544,0.7009164686253165,-0.24967972096508595,0.6384161772017345,-1.0427532889509095,1.8884841323849266,-0.6550809109429465,-1.5926130903657802,1.0344890873417074,-1.1420899194546605,1.247829370987533,25.97596217346069,66.6559021823115,50.85143726376978,44.926711877014895,89.11619470002599,74.89950251183701,Laptop,Móvil,66.68837090447194,Industrial,-4.560982582728187,1.6016962444727434,-0.8029370682038263
348.75119722144103,4,2.3147,0.9185,-2.1322293301315285,-1.3968336256959077,2.163003985966395,0.7711548167592461,1.3465558461401674,-0.01759503186299354,1.5968185619499498,-0.4673572507004289,-1.034191436773149,0.03255854752798731,-0.09616735171756376,0.06651350970104412,1.1686831689634591,-1.4008316455672263,-1.762914924585296,-0.9498351821768672,0.7487128171737985,0.3851122787827267,0.646195624055452,0.241752011348535,-0.44534002653974336,1.8098930503720483,0.8023365112975389,-0.9905251246910967,1.443360120448305,-1.4843714070195124,1.4348201929734667,27.79281480468008,67.26746798343811,47.18082014805218,52.19932592999693,90.90743697179106,81.27924045482636,Laptop,Móvil,64.63857160392901,Psicología,-5.7848438228686145,0.04022075678104809,1.1143963612325296
341.098145824849,4,2.7083,0.8995,-1.601803796704233,-1.408676331362449,1.2628016356309015,-0.043133365863686546,1.4846401296408653,0.22792210900361576,1.3014602296251436,0.18581406862866254,-0.7642389658369745,0.052629870770122315,1.7412064716642366,-0.04066248816742324,1.5126573600586868,-1.1584190175673392,-0.7658135674677607,-0.38095954256709236,0.4128883119336205,1.5285491359072092,0.5709840815387869,0.2663894263123368,-0.593867795752812,0.8981777074740528,1.1432501646213635,-1.5713188458985208,1.254472780612998,-1.4093309742985958,0.5072166303633787,27.70804023652816,65.57802252061052,47.57933651528799,51.21375115921987,84.24276211038467,77.61368858015335,Laptop,Móvil,62.11577030117514,Administración,-4.723979673618751,0.5752661986962472,2.137375082460501
210.79898053899348,4,3.7715,0.8674,-0.3060335617736321,-1.5441255074294262,-0.8089401847002279,0.8382617049135539,1.8128852203279735,0.3369416344089038,1.2175348438870934,-0.346055202309267,-0.6895888157875985,-0.24790514134960193,-1.9345668540972207,-0.27877460029258705,1.0977786590187886,-1.3136805262719307,-1.6422680048225997,-0.9737428097850244,0.058839517119608234,0.4215332334288032,-0.07966254759289719,0.9454681645331815,-0.9992132533530491,1.4282230118061876,-1.637497733292014,-1.523651712665986,0.9787073012356632,-0.7145045800299928,1.6891263744512306,26.979268692238985,64.99753826896574,54.56742702166862,45.85620044734595,91.13898562594996,71.68900936561216,Laptop,Fibra,73.23077065790415,Psicología,-4.201097240548859,1.5642234168462832,-2.6882390158573917
307.71904798668925,4,2.016,0.9275,-0.43325227407066563,-1.1816972733284021,1.10941116371241,0.5852429211270134,2.194262532141022,-0.17987730755573958,1.1861950006172004,-0.31675902505307485,-1.1737470085589181,0.40287105581666377,-0.3007849120950163,-0.09785634432719992,1.480932731650206,-1.701031542551544,-1.6413859039423342,-1.2383752361213265,0.5910035758181509,1.5973885410439663,1.468094161535291,0.2211440625505476,-0.46319422273692357,0.8731928386316797,0.6949074579385848,-1.9327473754542188,1.410234819343038,-1.0550678296631661,1.3851354350888814,27.27275529042332,61.53247273042577,48.460539050636775,50.59330884652967,88.7437815204475,75.88634142815623,Laptop,Cable,67.58568382452627,Industrial,-5.713953573922829,0.20280019741126115,0.026779667498976947
258.7087392689606,4,1.4563,0.9394,-1.338942354008548,-1.3680980826252729,-0.2285544655809379,0.5713841760309503,1.1082296010812431,0.1279727742373685,1.0308588654822037,-0.23004799752202243,-0.7569019734676657,-0.28261279920489335,0.006336343957778875,0.2271432301669659,1.3356672848240898,-1.032364858395251,-1.243003601016028,-0.6620845164809707,0.5734824483800278,0.8005028585348841,0.2715867621100788,0.5129282759962671,-0.6722233108863288,1.6512100894394188,0.33868925908018,-1.0752475904596668,1.249107454439336,-1.3726288295045976,0.9560153104271734,26.479918244715968,67.8117717715119,51.908299631784814,48.13304774738727,85.87750883436439,75.31700639536248,Desktop,Móvil,66.2251737169186,Psicología,-4.461914047882649,0.24886357789985025,-0.4811153503782018
306.4402333720242,4,2.4695,0.9137,-0.6178409799541462,-1.3858265110648664,1.6026319380467209,0.11062332814960942,2.194262532141022,0.02947346582276049,1.3423476026809127,0.35603944241514274,-1.1350434523211177,1.057276832035458,0.3249132841672733,-0.29496103841852417,1.4894287395482222,-1.711482642835202,-1.6559547297289479,-0.6649289086406129,0.33749385084243483,1.6406434036017972,1.2995984726951801,0.1956722978406551,-0.6629022311040592,0.9992206795490586,0.521261577883713,-1.9079331281576781,1.15687772031506,-1.0261012614415799,1.7154765086365205,25.52209175335606,59.333548244362994,48.3197729646039,49.36640721213567,88.74742963534469,77.82295581091635,Laptop,Móvil,65.75274603554806,Sistemas,-5.626838341985837,1.2000322768734426,0.9899114770893118
151.9783476380953,4,2.246,0.9179,-1.0173590382407023,-1.5287074742786961,0.33837171737286503,-0.016248596594349084,1.180357200176752,0.6243958611599469,1.7111028873762537,-0.916322123085036,-0.25930311852193455,0.6643768549382387,-0.7408150712746939,0.1981159081501215,1.4129068567346477,-1.7657864102611225,-0.7661654460509,-1.1014592447015614,0.24139707591717333,1.901896295671669,1.1464299261379458,1.2726965987979655,-1.0093313667536836,0.531693379453407,0.2590295910910034,-1.3792960469683353,1.3332200800014813,-1.121305905256724,1.805734022706624,27.160984044293976,62.62059972508011,52.296076505237735,56.91697959490554,89.74228585001796,69.68328714486178,Desktop,DSL,68.07617303951959,Sistemas,-5.169153480705316,1.6277672947584514,-0.463595467116447
151.9783476380953,4,3.3608,0.8797,0.4178033803498555,-1.0875984949501716,-1.527728199069748,0.2252752349467417,1.607628708303582,0.1289362959591371,0.7079592546181692,-0.507702723314747,-0.5900188680429459,0.36976108442400124,-0.7219733543699214,0.21717782689829498,1.7306012796013823,-1.5687472324784226,-0.8887365527736425,-1.1796278572440455,0.4274406059446871,2.095347016462788,1.503228804459816,0.8639119887797568,-0.7967768626997134,0.4162147814898269,0.5735654987635964,-1.907477946784477,1.3108917770772528,-0.9142580439565555,1.1056065655841167,25.80700280231813,62.41580099264527,54.45642634970248,50.69471103869387,84.53973035462585,69.68328714486178,Tablet,Fibra,69.10068402206419,Sistemas,-4.47109516196982,0.5603224111819213,-2.0341587924713003
315.3271990481624,4,2.2531,0.9158,-1.412402359086299,-1.3173057134749384,1.8468430726775742,0.009778320899800562,1.5314994567314337,0.12684366216760046,1.3377555571582291,0.37065543484700636,-0.8953518166967871,1.1631153760877555,0.4741156783748091,-0.02706431518934983,1.1225694375988988,-1.3511664590456984,-1.5180172857872607,-0.24808129426402914,0.39863938142457606,0.8931172227014429,0.8741466477889172,0.1813292158159891,-0.6093404586962821,1.481695947550641,0.6226819023472571,-0.9494020734063795,0.9470162106121751,-1.1645367121433605,1.8247870051561337,24.06797251019244,62.071128255789496,50.99945148661072,48.73683715002315,87.22378793876946,81.45889531684958,Desktop,Fibra,64.32402155775338,Administración,-4.990254252692516,1.1201322209031177,1.5021615749797468
280.1417737065348,4,1.7797,0.9282,-1.8425869361485125,-1.4081522321280535,1.2446511473203143,0.09904659214593381,0.9071296426681646,0.3861584152548498,1.4365418909054004,-0.02703422959924035,-0.5245377969853601,0.5903833371827371,0.12152596860379937,0.06699457252833145,1.0607877097059808,-1.1836882492296965,-1.191812305338028,-0.30650475146155925,0.33975378618959423,0.6184717117040596,0.33884643160547917,0.5788736133572214,-0.7524468210835195,1.5462336066746767,0.3780280821029045,-0.6727151486798241,0.9869700192980809,-1.2320588335404747,1.5430944466333065,25.329641077821936,66.38571971620036,52.19449171513016,50.597152852058144,87.7273620112786,79.09969619470807,Desktop,Cable,64.56211837815282,Sistemas,-4.490158317983636,1.217992907454007,0.8898445886998114
316.17818922748364,4,1.474,0.9407,-0.42239614596528163,-1.1349298436345838,0.5973073711142678,0.34817379570010115,1.8493126405280764,0.009069557744517684,0.9644857997366201,0.17000522836437162,-0.9038764997557165,0.6118724563865406,-0.40598748007168417,-0.23620065978592872,1.3440011198529238,-1.3968898209729328,-1.56263410142341,-0.7058496250602763,0.35346061500692305,1.2742504369413594,0.9546191465420722,0.31563196297953994,-0.6268179384086192,1.1234230896820423,0.3550676154151335,-1.5704697092719484,1.0407723459236464,-0.8536545787765387,1.369501356170462,25.379769969564297,63.737793180972645,51.70127965026468,47.17395130797394,87.5750540507577,76.83251893725239,Tablet,Cable,66.77354808193842,Administración,-4.732080002694816,0.8780264976768333,-0.3046672245123262
237.9841172508077,4,1.7274,0.9341,-1.4984724813500345,-1.1201426863583241,0.6282293282627559,0.4424903076473098,0.8269778697158829,-0.006577975234228368,1.170041026481437,-0.8407255463633833,-0.7202850976108571,0.18622413258509157,0.09826444663873045,0.5698804594107066,1.4197287324025576,-1.4026474970996783,-1.0603838967660386,-1.0969618773718117,0.89853788657972,1.4828730673795556,1.3333497382313135,0.49545214971970214,-0.4397784515565123,1.1871944301588722,1.6091990247525167,-0.9450137214129734,1.5506616693847182,-1.5389423609558792,1.1197500019530369,26.745008716805224,66.39100909925641,50.660394464931855,54.54418876866252,85.77399014614939,75.22805522583741,Tablet,Fibra,64.56954249383568,Sistemas,-5.299878713684328,-0.42954921175067046,0.3276999781709213
319.3615961229896,4,1.7079,0.9327,-0.5970575176666634,-1.263874657954945,0.7876758428196239,0.7918437537189043,2.022394054417228,-0.10325596140895792,1.205077835664744,-0.39151203544093277,-1.0980875037211926,-0.12789793029216942,-0.5055537304054686,-0.08071058496589457,1.1028649645811435,-1.3522410915478478,-1.5544423898253135,-1.1002195399270336,0.45054339154503464,0.7368023205635351,0.6905482004336716,0.2540932398780202,-0.4674281835885174,1.0724506256595343,-0.2810887259310497,-1.597321222151863,1.207573371203803,-0.980921777330553,1.3144596785615763,27.86539081948007,62.626426901806326,50.575063885047854,47.78880661861077,88.13840392262487,76.77648121778103,Smartphone,Cable,70.30445386273612,Administración,-4.85258474661942,0.235501456219218,-0.3936057228553842
275.3416486351764,4,1.6453,0.9324,-1.8886147205647053,-1.2529893047829301,0.5343953013890621,0.2554466598288986,0.5608715846473741,0.2500559552736736,1.147530771843631,-0.25080335351619565,-0.5053612900939857,0.1508603251418085,0.29401578577422643,0.3013254208453117,1.282653831598403,-1.0548654481230864,-1.0369566575010336,-0.4788679058062944,0.6106183177296479,0.8987942789317298,0.47160935017431654,0.559840553784037,-0.6425529936079957,1.6004602610787493,1.0950911359638997,-0.6589586532280661,1.2121609078638633,-1.437437773039594,0.9979658479401597,25.807110618326018,69.51465500723148,51.963787520940656,51.18605244305456,85.74569396425898,77.41708761134775,Laptop,Móvil,63.03861472985624,Industrial,-4.464733009950283,0.3807428849394397,0.5217258634078666
234.7118325056244,4,1.6345,0.9348,-0.8837428292492312,-1.0782624191249364,0.4841283151068299,-0.0575841468384946,1.0057815694649817,0.26895631195860337,1.097221765552433,-0.2886405375415029,-0.4323046987176512,0.90630931025765,-0.18898408686156584,0.14602127776509677,1.4328402769833541,-1.4970405598295367,-0.9579705493012906,-0.7244612651008543,0.4424454365020023,1.8487847115132108,1.328666277435703,0.7053955708333355,-0.7090320749136598,0.8099902472092159,1.223607365694333,-1.1499219619136865,1.163670929451984,-1.0558786512796738,1.3531606582924236,25.07364014670518,65.13594478475136,52.9549394629329,53.146456959377815,86.2639003703202,74.2442675114917,Tablet,Móvil,64.41518595521494,Administración,-4.709025480368292,0.9290324985510273,0.09201853911920992
245.29447193709763,4,2.0849,0.9236,-1.1121979611462598,-1.1677905707535732,0.35162439044564486,0.001485301374885638,1.1258388545444349,0.18948183579999778,0.9916268863233887,0.04535514091314803,-0.6038637929933935,0.8813478722788486,0.11318711287715895,0.07812860643863972,1.82030398879844,-1.5335451234435673,-1.262300253045597,-0.6393249010738142,0.6108318284986156,2.094653830991751,1.3763318799713444,0.6089814089797024,-0.7710684127549335,1.2777302725134845,1.8202239805422895,-1.3667236259088058,1.3495509171212847,-1.29589037709606,1.1712464422906805,24.606559724765507,67.27325808057786,50.412694083072246,52.555985174310834,87.0454570044328,74.46936678846475,Desktop,Fibra,61.18191759925854,Sistemas,-5.3506763954471595,0.7859739196499811,0.19273157707310867
249.42779794100224,4,1.3072,0.9485,-1.2425720663088806,-1.402995377551166,0.5293360733309825,0.11839331536568454,1.3858638183136658,0.22447146758901182,1.1604699875420599,0.26148381179246344,-0.7607123585044083,0.7830120572364633,0.11355416459503312,0.020564889020627964,1.48565443988988,-1.3602295901478685,-1.4629424003028837,-0.39272369993114503,0.444825666296155,1.2871816295660052,0.7721803095687418,0.5037867895960199,-0.8175015451866903,1.6206271516797004,0.710886520323442,-1.1845434455598443,1.1283078698124844,-1.2647955942456823,1.5330356802805079,24.328227973252808,64.96302694233667,51.25319476763133,49.10238286774368,87.49335568681146,76.6759602695747,Laptop,DSL,63.91883793564862,Administración,-5.044548834365504,1.1301579614371504,0.23919502247398547
247.29940216609535,4,1.2358,0.9479,-0.8699746409801163,-1.1156752598304251,-0.14868284940698498,0.2303038564929073,1.0903446802283454,0.07670955639011058,0.8390701873194288,-0.08173213776402925,-0.6825828492366782,0.47386489093006673,0.01058421755836367,0.2574311613711598,1.4081899230962507,-1.196846141563928,-1.1631741997819347,-0.5980082982597329,0.5734643992960252,1.4115959387359744,0.9469063240081405,0.4662228646344156,-0.6312932850779522,1.3035404084430582,0.9307229719410083,-1.0699577912456644,1.1520282749023427,-1.2017511337425937,1.1616314668072183,24.66583873708049,65.69290710285384,53.37216376766538,48.80160764215288,84.52816273674766,75.16378849982564,Tablet,Cable,65.18868176225928,Administración,-4.461909079529655,0.39785854388007313,-0.33071683091628723
222.76812100092852,4,1.1871,0.9525,-0.9541748256693835,-1.2172044431562559,0.37147857824813163,0.345396517531897,1.382735258514526,-0.06996548957893656,1.0703954060395091,-0.38065593617274185,-0.946677787256322,0.501697072491069,0.263728483198015,0.49404279484882546,1.3184817699440803,-1.3581101151059247,-1.2270900831875615,-0.836591352099595,0.7317564004718309,1.3865688323758032,1.2529735897663725,0.31465229381717774,-0.4890887335837481,1.2263015470817564,0.8625639061038748,-1.0987326047354977,1.3144440245833233,-1.394712431808474,1.4718134308770827,25.26489013985729,61.66639201892745,52.02112658769337,50.29368618007304,84.51604756797029,75.68634767890211,Laptop,Cable,66.92939799706272,Psicología,-5.068533699964598,-0.04292840684108061,0.17395954495824964
190.9923633999825,4,2.232,0.9223,-1.6516708628229944,-1.3544950277163335,1.0373929252548753,0.44676062826725593,0.8622312604491528,0.31612861803913556,1.5588261290783283,-0.7400166891674269,-0.5247556756186019,0.8796257648045058,-1.4939402627475726,0.1938499122696437,1.3657390368815518,-1.7657864102611225,-1.6881987323688692,-1.0729578153078512,0.625692474486035,1.1176577694940488,1.1838372896225582,0.9545161575928542,-0.8406682051136466,1.6873913190370748,0.8953114992122023,-0.7963872888703913,1.400694953595571,-1.281720969386581,2.119161427187817,25.34499999058454,67.22702694309851,51.43797846361389,55.68878329674563,92.98264721282985,75.26693785198411,Laptop,DSL,65.16341098264137,Administración,-5.861671788837697,1.0387067572508917,-0.6468395051500695
254.94468501280983,4,2.3685,0.9148,-1.7295987205351089,-1.4466058715399162,1.455261908919253,0.5933415142867559,1.4895451151806705,-0.08253549055893922,1.6179364775798295,-1.0528398665059708,-1.0836823319424735,-0.35139231397455256,1.0451322276231843,0.6397718076770486,1.208057051922909,-1.4051487306009227,-0.9138027987847478,-1.2485881418276776,0.8697803677340504,1.1464573098771567,1.0778788469717682,0.24390336709533597,-0.28731853975805877,0.9012183158960223,0.8602875948341822,-1.2664303086259854,1.562728821654155,-1.6223865888259614,1.091073566784724,29.43429941590312,61.31130393900071,47.49197786195005,55.00034349432988,85.1939647367947,76.36474924071489,Laptop,Fibra,67.6389293363908,Psicología,-5.557889110773941,-0.7443371528974517,1.5428949159161767
339.45825181350983,4,1.8669,0.9315,-0.952231311090641,-1.3595793849854403,0.5252944925129576,0.9334452031668119,1.946101388547057,-0.043207413244638435,1.111976071206345,-0.033647199367288286,-1.085716674375408,-0.2044168563839967,-0.8983114040665657,-0.38205146087363373,1.5892719663051296,-1.4374676095482535,-2.0411736373493072,-1.0416398129137514,0.5395029225480166,0.8890017298962719,0.5344745362300481,0.3919503674823243,-0.68910634996221,1.762000641728172,0.3163016756988008,-1.8142368179742372,1.3902695562123728,-1.1089120416431946,1.1103852096599196,27.4977272426662,68.67181676357023,47.97202564757268,47.70057709194272,91.74868398774066,76.43949991887378,Laptop,Cable,65.9172634895865,Administración,-5.53175257093597,0.5092113930941179,-0.9300661239096271
224.38939173046384,4,1.76,0.9278,-1.1287509444331059,-1.036524524106339,-0.22414259883972715,0.6760308770715987,0.6236017174861327,0.02403567348069211,0.929382453242956,-0.7692193347431963,-0.6046116186170462,0.1374940865802084,-1.066948959784841,0.49784993599642235,1.1055522293645739,-1.1750750039075526,-1.317687263315742,-0.9818570734836787,0.7395738702745379,0.7552058745792594,0.8366024267374796,0.6223920976843204,-0.5359550261756801,1.5655012413045257,0.6239951367547445,-0.5624679985968919,1.2366242490696495,-1.2245134471435528,1.4242190513916653,25.335587329797903,67.72137181078298,55.093898961274895,50.09760013042013,86.42320896433246,75.23881547239384,Smartphone,Móvil,67.7434375881722,Sistemas,-4.433979664223314,-0.08982033656325371,-1.286467572034143
192.94566130463784,4,1.7518,0.9338,-1.2601197745243178,-1.1674541615733425,0.5329909947150961,0.6800286945864557,0.9191155818679261,-0.01589864128256841,1.2708986008933891,-1.029543881910513,-0.7727652329557108,0.4302238949599439,-1.046560426218008,0.6020930092540958,1.1185233074946275,-1.5092071201183461,-1.4528217213478296,-1.2329178305323163,0.8340150287598077,0.9293641715059533,1.2759244468459487,0.6092515189158068,-0.5015912421403221,1.4598702832734267,0.7133279118647708,-0.6704364860925135,1.4139989500421257,-1.3611550716892427,1.8860028073069466,25.75243934051089,64.21537618831005,53.16539980562639,53.16898125222296,88.21968758784355,75.3856410711174,Smartphone,Cable,68.43425359335487,Psicología,-5.327453508362397,-0.12075830960699185,-0.756552680380177
197.8817716360317,4,2.477,0.9083,-0.45293594365534084,-0.9740787574644062,-0.1722343797316167,-0.06848717647096789,1.1434658156906474,0.06539746831857449,0.7629401579617483,-0.08028937072325248,-0.6215090277545992,1.2291965397109845,-0.14811370129057488,0.32340575920346654,1.6459130841911958,-1.5358357970844765,-1.1530917381482015,-0.6992434132711803,0.627719612531551,2.095347016462788,1.7655468646687578,0.5589904664923668,-0.6761424982733699,0.9978745997988917,1.619129198460807,-1.2106623324677817,1.2142980759880648,-1.1369572252386737,1.4773525159920244,23.17326554262217,63.44809266338832,53.80527393162936,51.23252307454578,84.54490628329071,73.31334991577424,Laptop,Móvil,64.01596459038835,Industrial,-4.921553645796482,0.5766859448927999,-0.4036084528066464
304.4924204267708,4,2.0949,0.921,-0.9346742055205841,-1.0734516423967562,1.2926257516907977,0.767226118170985,1.297767302395881,0.107068051401376,1.4168722079246885,-0.9690890016344844,-0.6403197587523929,0.1962231091230136,-1.7102743809110512,-0.10166339471054582,1.000897438535051,-1.6093571816740748,-1.5250974314168764,-1.3976841911657023,0.45003167085117474,0.7450706748247515,0.9814494416093938,0.6851941355808748,-0.5346899218998922,0.948047092830073,0.17356229324733308,-1.1718089442452877,1.250520695340457,-0.8147339283498221,1.6136268137619247,28.053921425917743,66.56629171868792,51.7842572166445,53.22478356055002,91.90078266352012,76.3088488433899,Laptop,DSL,69.26120160407136,Sistemas,-5.008720091724011,0.5649006549193423,-0.8253293189652892
271.80897802017347,4,1.4358,0.9423,-1.5140351103818916,-1.305979984547136,1.5567716769822024,0.15076104154739628,1.0860875363972478,0.34562942134421104,1.5943892870633156,-0.5858399476571627,-0.5013749662401633,0.49781351980352045,-0.11149352260064144,0.09969990079255178,1.0430020983803012,-1.4509530051455475,-0.9688818420483339,-0.8045753827856561,0.3550520728220009,1.020071918820875,0.8166898066991164,0.6660546267605464,-0.6369919316796364,0.8534719491081307,0.4730994333752371,-0.9747271539651913,1.1527693956548795,-1.1202345286219195,1.5097544033542392,27.186546771619486,64.44563141189377,51.3728742140663,54.28664292597915,88.30060986954959,77.0250372388744,Desktop,Fibra,66.45307897471827,Industrial,-4.765347660832388,0.9577309899026162,0.8934426680511308
316.78191445549146,4,2.6619,0.9063,-1.9354013952284423,-1.339746002747199,2.60011372027711,0.016949773673887718,1.2960522369501701,0.2526765346133377,1.7525163338089238,-0.47569337411003076,-0.7014840535126081,0.8584838577567985,0.5717889989635497,0.08753969426907167,1.0421346136168352,-1.6121668438549182,-1.0804060596680054,-0.7554061182079386,0.4606346813822998,1.091126201642756,1.1504009475264214,0.3943673012735218,-0.4947719143084724,0.8322731587196321,1.0090429135210932,-0.9908285273067995,1.238474103120268,-1.2804160103523308,1.674097912081448,27.296929923511,62.4763459092374,48.43381631448253,56.196232107627,88.89264318559002,80.52292543390669,Laptop,Fibra,64.38673609427035,Industrial,-5.4030819055109465,0.7921314273753887,2.241408204057983
412.1277694028025,4,2.3368,0.9191,-1.0007798920203204,-1.2747091633328305,1.3895020924606556,0.9086983850859585,2.1941185361968754,-0.12350603358892345,1.137565089105813,0.2662548099989877,-1.2040957953261382,0.1070266776345516,-0.9153018252001647,-0.6933471473473255,1.6926783902692708,-1.5851180489574475,-2.091978339169317,-1.009051533296544,0.5366241054484414,0.9691200177176966,0.7460215939783315,0.21140429019472587,-0.6412400159446435,1.8251055054445189,0.7429617923339848,-1.9885256104295974,1.3890771630697567,-1.005320112972385,1.1376512696989647,27.330593375881392,69.55542214161642,46.542018945842855,47.74091049175407,93.81519082568514,79.16638728404466,Tablet,Fibra,63.626588982137456,Sistemas,-5.914578132741151,0.6710664493289168,-0.3071874100380737
356.71129223129344,4,2.1243,0.9145,-1.4734782487283928,-1.2180899751960155,1.5921867614474794,0.5521428909836394,1.159776045761076,0.20467101636041224,1.3989106875488966,-0.27592805266388526,-0.6521477331452568,0.22885404343696986,-0.8077055112747121,-0.18656662329305737,0.7683887494602685,-1.1731146522033926,-1.4953047399797088,-0.6602551233308153,0.28856892395026323,0.04561787030113852,0.21126579135418536,0.4467192352353278,-0.5716408628400743,1.4289618274242317,-0.21517312604270628,-0.7717956205786782,0.9165262858585326,-0.8882359585565828,1.5326356660764187,26.754017613943116,67.1674379445561,52.47422481324914,48.89573921780174,89.85071695337632,80.73384539587654,Desktop,Cable,67.6704219751528,Industrial,-4.27293010377386,0.945032166723051,0.20651865228554386
151.9783476380953,4,1.9041,0.9254,-1.0921789137252782,-1.3451133092137557,-0.6834546274069386,0.25332882697182313,0.9221100827084864,0.18057433526545555,1.0740225819880422,-0.6605376065684941,-0.6195387443950752,0.17387041921100768,0.20829035737770069,0.6955136295803572,1.4726424533996365,-1.292233609394358,-0.8148544192336826,-0.8619250596461164,0.7026562259361355,1.6496175823416488,1.0291068119278581,0.7363577091666506,-0.6984889517270372,1.172017897368557,0.8388855881598543,-1.022847874419722,1.4108449458122256,-1.5369149900303931,1.2422967590856486,25.700536471218477,63.81115889645066,53.309990916553446,52.31422384750307,83.67138619383924,71.23160127492412,Desktop,Fibra,66.85216051788332,Psicología,-4.770503701816137,0.1098422954492466,-0.5162893921970465
319.1193215656044,4,2.5775,0.9093,-2.2799224713225343,-1.2795843200135542,2.2899893265241578,0.7261630313372709,0.8390678043487331,0.12148774363579865,1.7525163338089238,-1.1793894124485969,-0.6981219831087679,-0.12475515461665414,-0.39822104150019616,0.26487574557418864,1.022146059371486,-1.4895491784388115,-1.289951584871557,-1.2835857337509005,0.7618048221221905,0.5296864401120968,0.8380801777006167,0.5353235497129353,-0.391975719936869,1.2794599420941544,1.0006052122280298,-0.775515341826265,1.5412486670794772,-1.4526642032752413,1.3446524236181545,29.29490290997518,68.25825488621,48.15823698434336,56.91697959490554,90.9074937756682,79.28486683454999,Laptop,Fibra,65.52104258228252,Administración,-5.578448100103602,-0.14006205324367418,1.0919987996238525
203.36641910163104,4,3.6866,0.8714,0.34561772765272003,-1.2060041895505633,-1.7556760490628076,0.8776910125325793,1.841001410264379,0.03955337045821201,0.6961950899294709,-0.49961467213294997,-0.787201190030705,-0.41807445848028996,-1.6278138183178645,-0.08155554937346304,1.5904392060695636,-1.3882338461431023,-1.4511653093935524,-1.3310101545267776,0.3883212227247942,1.5094423428934582,0.7165301197091197,0.8200277330412019,-0.8171003804667988,1.02863401685309,-0.39391129279585774,-1.9884239229488436,1.2977138366419432,-0.811299551336411,1.0129137244593802,27.175587357790725,65.95170398523948,53.77560905872525,46.78930691311291,87.91614152302111,69.68328714486178,Tablet,DSL,71.37922745910019,Industrial,-4.45775657958642,0.5222405977000664,-3.175917521057381
290.6043887629555,4,2.1574,0.9159,-0.28376358631434884,-1.1954887501552836,0.02459081518733079,0.28162838979622623,1.8903200716943231,0.09473886307744481,0.9951096168785596,-0.2047438842189485,-0.7828837094803696,-0.05607671356195802,0.26122627182784763,-0.13909340391036004,1.5848719668278326,-1.3969076747970917,-0.929838661908713,-0.9779031556858989,0.34640767705901315,1.9245493696466427,0.9841204897059165,0.4837524224440471,-0.6263763813822697,0.4444841283058158,0.5643725658862984,-1.9885256104295974,1.2840658033426602,-0.9741156586818018,0.6444215025981962,28.023992625758236,63.993060335872926,50.12641089570931,50.14677049199703,85.38153351372006,72.31819182418906,Laptop,Cable,66.97765569327596,Administración,-4.5913368865065,0.5171017759567393,-0.15838256180720497
289.8272090502944,4,1.7779,0.9305,-0.8287200749136987,-0.9842831871593052,0.6846271355476318,0.457171528417838,1.168226585074681,-0.0037637984901517803,0.92810653125884,-0.06141116748716048,-0.7518568441643003,0.984111400173111,-1.2543099722920004,-0.004852144521058431,1.1910643417098068,-1.4083863658124856,-1.8326998536265626,-0.7198611067487413,0.5493428923990705,0.8935012550985748,1.1012749451090325,0.4292409870743781,-0.6102546136257623,1.6558673030699016,0.7138415997314942,-0.8420544902133602,1.0248149244631022,-0.917185871757704,1.8384341051315352,23.60259435789475,66.29879744539898,53.92607810104336,48.18335310133836,89.0958784379161,78.47258788836268,Laptop,Fibra,65.89046207681865,Sistemas,-4.846223742759167,0.7452605026098502,-0.8257302581295604
278.9018829907226,4,1.0727,0.9526,-1.3295859629374773,-1.205057798923803,0.5818087417182916,0.17271097108589265,0.9184128045259237,0.244876092364994,1.1628339771291412,-0.27808337155857843,-0.5264165127443468,0.23628504151710314,0.24635870415665123,0.2020951567656885,1.112874568041571,-1.1028811653535429,-0.8813280315270402,-0.5452189385685379,0.41821881624362645,0.9778510393147408,0.5571449894319336,0.5262358434816401,-0.6044604886550854,1.0852044698215428,0.5530607989911015,-0.883072103038766,1.0638302789585194,-1.1705642570291694,1.0887882965303453,26.194423751522702,66.06807286615138,53.015737484141845,50.4231191903512,84.94470885077665,76.74092215351904,Desktop,DSL,65.82456094767171,Sistemas,-4.111736699432893,0.5976184735390705,0.46842758493352354
263.91380227645993,4,2.3478,0.9131,-1.775310064833211,-1.6844755869257086,0.5542948592426883,0.714282516657827,1.6104588692578377,0.33816586213574024,1.6195592378434036,-0.25925048059099404,-0.8605320568442534,-0.5767956904256792,-0.08115781655626615,-0.07990391163478515,1.2710211097703878,-1.2064951317673531,-1.4563551921883793,-0.7344324087838904,0.34801398098875236,0.3500419429828103,-0.2592437405949366,0.6580877682307642,-0.8608411267740935,1.7733667150539936,-0.5945700147842694,-1.3911902817658208,1.304654213581906,-1.4121649739203914,1.2242605088011809,28.557110930522946,66.8015543170289,48.72655888567306,49.35488814441909,90.25955448923392,75.72943238136874,Desktop,Móvil,67.70588337186032,Psicología,-4.989683231559293,0.92402680193395,-0.08973347747016301
220.1825592184396,4,1.9414,0.921,-0.9918191231273152,-1.2921843300595925,-0.6012028071541154,0.6684085532818315,1.0506095911013684,0.1137650897045484,0.9432999246290604,-0.3181858029846224,-0.71790656046339,0.0063849988935551225,-0.8932129945572327,0.2703548793456177,1.1783132886612881,-1.089150532563958,-1.4664592795538696,-0.7277890173025637,0.5371652784821845,0.5943445423127971,0.35508592674862255,0.6224712485889289,-0.7229169845422105,1.7906890078367965,-0.08969984374374262,-0.8513974870427978,1.1197445012079055,-1.188299818964102,1.4365800609933317,25.155913178219823,66.83121858824869,54.65857197151359,46.88996411498512,86.84667769284388,74.77248186878283,Laptop,Fibra,68.48421378285086,Psicología,-4.31193985892775,0.4601959091546106,-1.5081935611773192
286.46270674235245,4,1.7896,0.9312,-1.120687267647995,-1.0902978285289548,-0.11252582974432825,0.5291330075385411,0.8874359951271881,0.2006684236833704,0.8697564798312393,-0.11518633248770566,-0.4967636488216864,0.31522640318277534,-1.2906059494576925,-0.19335343166426822,1.6971012559242593,-1.3945981793763513,-1.6741882170249238,-0.8368160343096739,0.5614552926645152,1.340615481375556,0.791757324814556,0.7871064281547999,-0.8362631862423854,1.745786649511052,1.2445009180615976,-1.2314433105992368,1.2982566776173319,-1.0615985412501994,1.0672421581157898,25.37693954165634,73.1295238248213,51.55478394269274,50.42637864042152,90.60664475822378,74.60255840311075,Smartphone,Móvil,62.4884781490689,Administración,-5.001970504744958,0.8287668700332333,-1.3930193532271231
235.2226654068405,4,1.8559,0.9328,-0.6220495430323322,-1.1619679916106793,0.5023351927503229,0.44866136345643987,1.718431257732185,-0.14730060958813038,0.9991917655894273,-0.14636345701177716,-1.06938054121135,0.9383134684454615,-0.544393638923593,0.19970823919217567,1.534703041777822,-1.6451421479774597,-1.7985351300217407,-0.9566048382828538,0.7357655455614917,1.588293982425774,1.5882984220710012,0.3234334566871813,-0.5810962928782212,1.4658644736223738,1.0295561866433875,-1.3706541122122995,1.344243262004919,-1.222109758560441,1.813536394306666,24.23891205249596,62.17982107620576,51.14251343650865,49.71571337965655,87.99177412706584,75.8631766078314,Smartphone,Móvil,66.09672882795351,Sistemas,-5.731368474471075,0.31354370727585973,-0.4881798932137139
243.9573976835897,4,2.7446,0.8976,-0.532409299038351,-0.8944246640189861,-0.08315991779315302,0.7810190099216783,0.9197896679185148,0.012629402742545433,0.8754131353918033,-0.6655118012804393,-0.5911860199033999,0.5920356127452654,-2.348313794311524,0.11331071023560339,1.0735321161578977,-1.4348212227586694,-1.7926258204456396,-1.1461939856441385,0.5710585801859479,0.7334062280998931,1.0594391972059827,0.7212274747459546,-0.6258815086729335,1.5433068749518084,0.281837482059471,-0.7454423477252228,1.0906824327067832,-0.7818082774427781,1.8794773962606215,24.516579211192617,67.71853548908868,56.13404595148957,49.105318116111405,90.1662879420188,75.31711886306714,Smartphone,Móvil,69.0868247511686,Administración,-4.585464100355399,0.5292513377551407,-2.3163774363684886
197.73874085936376,4,2.0109,0.921,-1.4856360119348955,-1.2575170284598114,0.2095886447169514,0.3223759791745506,0.4448370078542406,0.5389928311563881,1.455729131210222,-1.1117847501773965,-0.09185109656485022,0.028423311101288217,-1.0974094686870077,0.21200328517824818,1.2742566731962215,-1.4667525805326103,-0.7701070679599072,-1.131723947639726,0.4087393661985322,1.2876693722455537,0.7160924560627248,1.2191054235335166,-0.8389194940603331,0.8818425643100732,0.6515107371289797,-0.9138370544920476,1.3405154352798787,-1.130429773916427,1.2098687603668612,27.93347431553183,69.91782467483728,53.05932371009728,56.91638174135977,89.50111085320641,71.5475760654055,Smartphone,Fibra,66.35026799427065,Administración,-4.5699928894208846,0.9305166774239428,-0.8087108140300459
304.6228552850039,4,1.7715,0.9284,-1.0768826727203822,-1.1335052548219464,1.6470371755582858,0.08347102969468367,1.185353904734244,0.37765712991479145,1.5275618696724207,-0.6061547083559057,-0.3741514024116904,0.5836096504771384,-0.47907107898633994,-0.14230499199936203,1.0091788330449618,-1.5287087892445073,-0.8783820706987919,-0.9118525440140864,0.1912337064897213,1.215946059691561,0.9495507155856415,0.725478284761139,-0.627866124664908,0.4076018211228663,0.41549561659098067,-1.1903191320614983,1.0502590516138075,-0.7950801120267448,1.3980712541078326,27.65495419293813,64.7408570029936,51.9683541828933,54.57714071866022,88.82595164330841,76.43723030303902,Tablet,Fibra,67.03313271306814,Industrial,-4.470125619783354,1.218984834002688,0.6596726122620143
234.3537109740438,4,1.6692,0.9358,-1.2735379381748104,-1.4977764325512588,-0.05333159716093393,0.27285146244715747,1.4851574798755405,0.12871108004010398,1.075766802845572,0.13225799186127962,-0.9020970960937663,0.17624903626729949,0.7010489938676867,0.20079239341562866,1.6696954126588177,-1.2423772472039412,-1.2831387786616288,-0.518511379805229,0.597740703042919,1.4615391187829543,0.6675770561649601,0.435204153158056,-0.75907963388833,1.6043405390875902,0.8246259754387699,-1.428857603850914,1.3459650745993925,-1.5251864683149001,1.0592362489228435,25.609508762947577,65.18075753029515,49.819546815384456,48.92338080902282,85.50725169167922,74.73964640610934,Tablet,Fibra,64.03174428710794,Psicología,-5.123856588778528,0.49949132356182796,0.22143505818243378
206.88075754657444,4,1.6357,0.9395,-1.2619566744355546,-1.4649160641421706,0.44959417371754223,0.3959372104528847,1.6220642096952445,-0.06084867135984205,1.2344145328268674,-0.30412308204787564,-1.1117667971005993,0.32161055074389516,0.7084478063704626,0.5069981285194569,1.5395761659909033,-1.4337881294277943,-1.3321118851986224,-0.8459477818388383,0.8113928954723467,1.4970742923723892,1.1761527578318771,0.2971350728776731,-0.560145259188406,1.4509087999133838,0.9506068516455186,-1.336409368008932,1.5077344126179486,-1.6223865888259614,1.421943617817115,25.897514882933898,61.3853552393617,49.34188882855938,51.00099059794402,85.31907426082547,75.21025990939633,Tablet,Fibra,65.87506615902834,Sistemas,-5.671534028780221,-0.08255458430824777,0.5367398455494664
310.47911955804454,4,1.6639,0.9341,-0.9323305569586721,-1.1969886845046673,0.4370236855777615,0.6801249655345307,1.6190212990024058,-0.12015601484618692,1.0865481573035463,-0.611308387133103,-0.9889728056980538,-0.5265258921084734,0.4033556119789692,0.19617639604417597,1.4109800348864687,-1.2577866282653551,-1.0691797544782737,-1.1757820819431015,0.6913096068398302,1.3312263943066351,0.8841920249969453,0.2691087374550175,-0.37794485075391754,0.8631683244838386,0.7730520055248448,-1.659456662598955,1.4937232499620834,-1.3218270938580317,0.5922226166400406,28.95591108884616,65.22123234910724,48.95448839291032,50.75938092434387,85.20291196971066,74.85010003949769,Smartphone,Cable,67.15398141186927,Administración,-4.925145647205713,-0.4985950418170228,0.20065494725619873
389.0686717879225,4,1.4927,0.9391,-0.7391573641491901,-1.0100581964319355,1.1811714531188027,0.3653062589796615,1.5589227646534092,0.1418648979168349,1.1137833876852663,-0.16692275351512995,-0.623119221065863,0.1377222325449532,-0.4263149879930335,-0.48112442907376,1.379211968098336,-1.4160993833144626,-1.2341107748451448,-0.9427881002749661,0.2838770179505188,1.385645569094114,0.8489998487338035,0.46864957673470453,-0.5717880074881329,0.6521880926364942,0.7985421993495855,-1.7405280160659111,1.1556812177123232,-0.7432423505646781,0.7337879853485211,28.133298395518132,68.46429605228307,49.65466844865171,51.003577379515065,89.00430756045552,76.69469093255769,Laptop,Cable,64.89739498714351,Sistemas,-4.5918196306580406,0.8131258265218343,0.18080420372004372
315.93496836130754,4,2.2433,0.9179,-1.4721497825988028,-1.5285059346045142,1.0314946331350388,0.1657728773796024,1.7690485158805624,0.127305525628936,1.1770519355953466,0.7538857685260978,-1.036755507775386,0.6766361725412485,0.7541033313703406,-0.18493100105067134,1.5351935974101991,-1.243557973567599,-1.7210070278970682,-0.1364453410018961,0.4358587232516902,1.0224080215905,0.4797463022816598,0.18894137555327717,-0.7766721942461932,1.9401010861372006,0.6517866164781146,-1.3664062415884086,1.0963937546165805,-1.3578403731368311,1.384059674070531,24.40537977911156,64.93088342320445,48.83206749387579,46.40998125211813,87.60683402420273,79.76374609814363,Smartphone,Fibra,62.47809849440391,Sistemas,-5.233148136053009,1.121180468009187,1.031434618376487
217.60476535801763,4,2.7752,0.9004,-0.6240035467183436,-1.178349113391441,-1.315099024229071,0.5850256454616717,1.0944254188369127,0.1842852023884172,0.6546210674345282,-0.04162372207456492,-0.5592748032477622,0.20249680326443253,-1.455650230395428,-0.10924331217546653,1.85526322677569,-1.405044181511107,-1.7062105610465395,-0.8857371787711136,0.5702454126643062,1.674761929754682,0.8122476316837395,0.9065166975793995,-0.9760667430040812,1.8214789543954415,0.9953391242326182,-1.4999570210251356,1.3561312117588018,-1.0951146383694204,1.0536808628859353,24.76760496971628,72.07202484353591,52.5456371486714,48.69445785364101,89.67561671047541,70.85427773555801,Desktop,DSL,63.79627003296304,Industrial,-4.982608631455019,0.8451599030729374,-2.472739767715081
317.895872369861,4,2.2626,0.9051,-0.18657206905862014,-0.8872852856173652,-0.371264019516491,0.8972913588319373,1.3952768319963076,-0.1455357066383382,0.7257050507024935,-0.6723526340737149,-0.7959797142658696,-0.4642984988446811,-1.090082595110455,0.05816639617003348,1.0478003027073404,-1.0931745292821715,-1.2499042919667591,-1.2190618559090407,0.5052292371083927,0.7950148694970878,0.6692551653287689,0.3937682651920448,-0.38673190306517397,0.8805667107866569,-0.055690939439164734,-1.340880595191378,1.1357351853724056,-0.7854315701356587,0.8308819720735324,27.67747231392016,66.5755625598888,54.28317164652279,46.82577495646388,85.64598322293769,74.52696231361412,Laptop,Móvil,70.86498957477487,Administración,-3.859080156516528,-0.2405023202224279,-1.644064282428374
258.7719561380369,4,3.6834,0.8814,-2.0068041338618667,-1.239770171243179,2.495310934547608,0.580214904652508,0.8196492281581782,0.15182687383666585,1.7426256465609913,-0.6897324888345541,-0.7114071582179597,1.3694470253291557,-1.8452525233468169,0.20361437504236918,0.7584606097119546,-1.7202198499666754,-2.091978339169317,-0.9183208385389561,0.6475922777264952,0.07006409137967531,1.128620645469175,0.5994433555586536,-0.6028445600304373,2.0517170415380006,0.48014073838175125,-0.11513188627951587,1.1276023173487297,-1.15500459652564,2.119161427187817,24.07470297428244,65.0608423784307,52.688502807166586,53.795495804347546,93.81783262814892,82.26632922827433,Desktop,Cable,66.68872590606229,Sistemas,-5.625961978577749,0.8935954306861987,0.1415639883004961
390.5164341444302,4,2.6395,0.8974,-0.8977653033743825,-0.8736929509547815,1.2687994799194109,0.14959323186277412,1.4308954469917015,-0.15811681341119893,0.8882983506130216,-0.12425146331863796,-0.876650608649241,0.15206023293031565,1.3062000189199212,0.10810434801040529,1.3159366825623338,-1.134111754906554,-0.7743652549066055,-0.7239161044948776,0.6179460110094392,1.6315297910428155,1.2204363803234821,-0.04176937512220881,-0.20545725624952943,0.4794675460399369,1.5866146644018884,-1.4636847541161506,1.2246007289517162,-1.152886625963148,0.3973516044059946,27.385407580999377,64.59756626442343,49.69801567863233,50.237441500132256,81.9393466735853,78.72163755458065,Desktop,DSL,63.82484639156194,Psicología,-4.384528867078548,-0.39811987657066583,1.7169392424883911
221.6380659061128,4,1.8355,0.9281,-1.9239801121754938,-1.2538594179753795,0.8718282705153978,0.32938211455811084,0.38894062516166505,0.33965916288191633,1.4273850368721932,-0.7729302639869918,-0.3692304974938588,0.4585712573891109,-0.6676098714549666,0.4108873947280416,1.0847864452641167,-1.3324810711691695,-1.1330474293574475,-0.7941684522492805,0.605837721450042,0.7701034390928635,0.7453111920854653,0.826784263020624,-0.6846074879422334,1.513335456897767,0.8438000191599806,-0.39776569651201205,1.241835300193543,-1.3462824125857595,1.628015577731934,25.799141408794576,68.25731052453209,53.22375509518585,54.40175949971575,88.55636254003515,76.6093920557811,Tablet,DSL,65.20407071732457,Industrial,-4.792104766453635,0.6158567435696946,0.021124871488094273
425.3576576625171,4,2.8181,0.8831,-1.1049800398397296,-0.5375607600599421,2.167986439493852,0.22955402663610752,0.6264221069152034,0.01290200264860303,1.1392034098836534,-0.9341506036654418,-0.3718720928035949,0.2294223129190418,-0.033606132668495436,0.10054594679558335,0.6315277254793369,-1.1403385708351177,-0.5198276831896935,-1.0196190965127605,0.4584694690924964,0.9043771738221544,1.1648838574415674,0.24917089744677037,-0.06694507567317698,0.017235858343216268,1.2181274898009602,-0.7110903073984878,0.9900808251302754,-0.7145171629296159,0.7066865922268495,28.424926370351383,67.01281482729942,53.38632828411721,53.92063799600669,84.21278039027978,80.63631842289034,Laptop,Fibra,66.5111154732593,Administración,-3.567583819546078,-0.2275131435947772,1.4489752189196505
240.3718190480436,4,2.0113,0.9212,-0.7187522853119837,-0.9548388525438694,-0.5488930945948775,0.2874255848959828,0.8981275085209753,0.033748779963579834,0.6391816439473589,-0.1597554857489317,-0.5961046086387288,0.5346409997144791,-0.44356112720023405,0.24230190046559102,1.6501533242780266,-1.29853155613265,-1.2628108242110716,-0.764829398213423,0.6952522501064196,1.784910682268559,1.2505671092352024,0.574125455464719,-0.6544723630648864,1.352264627273883,1.5268236104584707,-1.1408963275098207,1.276696971148713,-1.179867294589615,1.0273984866985864,24.30903536154008,68.38280254693152,53.40718642217013,49.81989811876373,85.28031046008513,73.63820340523775,Desktop,Móvil,63.589720589730135,Administración,-4.682429273098831,0.2409257570016943,-0.9773154935393804
363.4466904596253,4,1.606,0.9315,-1.289813149409701,-1.1744975644275752,0.8365344364280195,0.21807209123080404,1.0148134390954602,0.41859961612992397,1.1225605541352088,0.23040112639262614,-0.35860353621812163,0.33589716288048266,-0.6600632271278124,-0.5132527752824217,1.2529214197492478,-1.1593549613636187,-1.3402089587225379,-0.3869706342608127,0.12854331304422523,0.7780579136696325,0.155187015684662,0.6816221646057058,-0.8379330295287946,1.3677314543521526,0.4011366669287209,-1.1414843969317416,0.8866402193612185,-0.7769064587505706,0.9999070678610388,26.094815898003134,71.56209166996462,52.102420344104,48.76689526904112,89.74348107280642,78.08837783239315,Smartphone,Móvil,63.47571325183384,Industrial,-4.050405356480413,1.5945281651287073,-0.11108931523106073
271.1436854616188,4,2.7242,0.8913,-1.327981720815563,-0.7855277816494916,-0.7517278797083018,0.42527969264607707,0.017794835156027228,0.05513233295806468,0.46496141367630384,-0.2885630605899959,-0.3550871281042124,0.20489884324917154,-0.6245904062017218,0.4191344732271069,1.4365369959999241,-0.9164737284052413,-1.1688423477495882,-0.5896489029314836,0.8245089577700093,1.144345010617999,0.7993160058910205,0.5980598769021054,-0.5703589966930015,1.7993265285922702,1.7867731542323009,-0.41798201079686614,1.1961134847176098,-1.2718892507486226,0.7397039227850546,23.92815178146024,73.94672245215918,55.46149035079601,49.07391710159671,84.2496008249941,75.77926725893937,Laptop,Fibra,62.02840986748927,Sistemas,-3.9803950236255243,-0.17907554022336516,-1.1435743216026435
227.2878065746513,4,1.7354,0.9326,-1.219851585687257,-1.6581884644843963,0.11913443508212641,0.4876947064107772,1.7787290318597744,0.12553311535357317,1.320073128041833,-0.1575595959771651,-1.0236442916590909,-0.20833115051778095,0.5999434121211249,0.23553177261078379,1.361445493332677,-1.2072330284883004,-1.2387331649669042,-0.6868996678476155,0.49524458813690336,0.9641259880376978,0.35176359801159374,0.4177338964782208,-0.7068746485819005,1.4495501381944513,-0.14242113754181965,-1.4670340988785262,1.3095292218337182,-1.4820307577231704,1.2226441700173565,27.104490613646902,62.3443486611056,49.9643452965757,48.37730564186964,85.8545884916567,74.73449061120931,Laptop,Fibra,68.06107457789346,Psicología,-4.961645124780172,0.44700965249347463,0.15710444980253213
266.48568135589085,4,1.9363,0.9288,-0.6791360718124233,-1.3228266567885871,1.24516723351959,0.08729180602413256,1.997337121973435,0.10094127555623036,1.3171217668514759,0.06936764834844393,-0.9392893017696536,1.0400933189847432,0.06721688298320093,-0.09225782569055381,1.4063492503037311,-1.6696580953986742,-1.455559681554193,-0.7236588945302743,0.3737127710669985,1.6300410075715501,1.3240738734360262,0.37169983262555895,-0.6767510539967683,0.9480883751713782,0.56605806123571,-1.6164593041943527,1.1550668512580688,-1.0452008403653648,1.7561810744827913,25.308965173724975,60.107943938104114,50.1589930335935,50.61596753178583,88.07125333902863,76.54153378087533,Laptop,Fibra,66.28472588525585,Industrial,-5.41262650116951,1.1156022821996816,0.619642566836281
241.5140321611864,4,1.5802,0.9377,-1.6192922452630507,-1.1915803806430245,1.2617564808316317,0.3188304129913653,0.8400837683015104,0.08522722553645704,1.366273677485552,-0.6570333796778987,-0.7034130272298103,0.6489837315770527,-0.10084592728520683,0.5233094055201368,0.9935911001423389,-1.3486273641870306,-1.1911914685070915,-0.7990130354009951,0.6992046208849293,0.8406109988371988,1.0824184245971133,0.445701720072979,-0.4692724705304677,1.339572333742379,0.8551489207355638,-0.5213704796655926,1.2264977903881684,-1.3748078104330799,1.7481086704520392,25.42705740218592,63.660606251380095,52.71653667823156,52.82819666483734,86.4508774395682,78.3723531024427,Laptop,Fibra,66.42705228544582,Sistemas,-4.9539217778950935,0.16980326765917453,0.6670482341388121
418.0974289518165,4,2.328,0.9098,-0.7832442948356344,-0.898297802082637,1.8772818797027366,0.25787092998239786,1.6008909903707018,0.04084308859150084,1.2174676696893412,-0.4150265773950246,-0.6798002968380854,0.11354635925081018,0.24824559426687628,-0.332275117954518,1.2413986114273965,-1.4320418524408773,-0.8967527507396317,-1.0639552763608953,0.3536695517931005,1.5476039270782849,1.156947656121785,0.2726671794419612,-0.33580541356887406,0.132409793438514,1.1158403013035003,-1.755347930244291,1.2110735023067616,-0.7894082311835405,0.5633900053923686,29.232703266517973,66.10490444270917,48.75432989980102,53.03451966393941,86.9464632588013,77.83865371629956,Laptop,DSL,65.17228274194329,Administración,-4.576071989083275,0.32297633023563826,1.266412111064887
239.4950662226888,4,1.7971,0.9217,-1.0468721348035168,-1.309719817058334,-0.10892936666735484,0.276738283296753,0.9514552670407396,0.38662327828219845,1.1468035806869992,-0.2491290048104496,-0.41504935539421967,0.17107899995429443,-0.5567062759760992,0.08245173852619612,1.0082308480762419,-1.0665713429322494,-1.0121654967827212,-0.5135436763978425,0.21599455441980475,0.6652422608992725,0.17229748877380666,0.7708399608811677,-0.8050078534710944,1.2484525501518884,-0.32638133540254644,-0.8511355316096516,0.9025344288706761,-0.9699407507492098,1.3497922722748865,25.749972567441212,66.27590722045137,55.27052361678945,48.427264898870845,86.38341671374717,74.97582122738636,Tablet,Móvil,68.34667439992016,Sistemas,-3.725842039006619,1.1709089652896543,-0.7268488064505323
346.3247989012784,4,3.55,0.8708,-1.603476454261159,-1.4149819336641745,2.60011372027711,0.49976294968906876,1.4511359967586772,0.31931083283505923,1.7525163338089238,-0.8026818101835432,-0.6668246169202101,0.05886374710427014,-0.4626842954087245,-0.09213444517729287,0.29570964067790756,-1.2732595071220232,-1.08846207960348,-0.8679359770030662,0.09133262836041899,-0.2985978314981304,0.09924230517356906,0.46752238538120156,-0.4657248905847343,0.7454649889184622,-1.144742879387806,-0.7781799148836707,0.8669800829710409,-0.8366584677180428,1.822580404068693,29.139344827063155,61.61248444516287,52.0163400867073,51.75841527014106,89.85754484033828,81.20835063908322,Laptop,Fibra,72.08114526706386,Industrial,-4.108655614868983,1.032661576902595,1.1853583513072512
177.64050691295083,4,3.0092,0.8962,-0.17985322842006457,-1.298479137461684,-1.4428256133540998,0.3794638765895474,1.7135489037722706,0.06740737616426913,0.628436450045586,0.21574104577326383,-0.8501285892440226,0.5074950379218812,-0.6630564641370678,0.00014676341921623335,1.85526322677569,-1.5391493565075753,-1.6598566827644325,-0.8225006338066433,0.5891393704843515,2.095347016462788,1.208872067490581,0.70789606501794,-0.9627474094130987,1.5851904584059606,0.9991511240474694,-1.9088169778308468,1.4038071799549925,-1.205262207388906,1.2006138155765718,24.08457620481405,66.31686163483954,51.58843074348501,47.79088492259963,87.44844082529595,69.68508754423193,Desktop,Móvil,64.5370753861033,Industrial,-5.29510839591251,0.7660492017738124,-1.981101014523471
295.1865025878931,4,2.1148,0.9248,-1.5099308362975319,-1.0651512721452572,0.7879032899982296,0.7892344854975667,0.8665629912088445,0.014723345743991213,1.0939499241956097,-0.5068231879234077,-0.7048050746014519,0.40748884862353124,-1.5345913753459575,0.002611653285407594,1.5562920124726618,-1.5684843471766703,-1.9749824219675725,-1.1386045993307339,0.8261992461593475,1.047497388901077,1.127418216476022,0.6350525080237629,-0.6409373767870622,1.9546095447536842,1.5128336945265484,-0.9827820743370705,1.4850784733890199,-1.2418849966193943,1.4472008197381439,25.739827125141463,72.15001510985782,50.123567200030166,52.61162247459018,92.433320696923,77.04098970509523,Tablet,Fibra,62.86965608370198,Psicología,-5.763947543962461,0.25428908214657336,-0.9906652183309974
305.8779476408544,4,2.6611,0.8894,-0.051941668428517315,-0.5986846952086528,0.49623727015810193,0.31004979874555055,0.9103525458663568,0.10318188606724438,0.8406220716638049,-0.6648493778201859,-0.3219857137201495,0.8068316358941351,-1.7484751388073685,-0.04018402330759655,0.7848998580477305,-1.3524991700885438,-1.0761705062592202,-1.026747025426395,0.2611721352749629,1.063538337633784,1.242942384035977,0.6403939473690139,-0.46534439631488667,0.41669386888885157,0.2860800237822705,-0.8442007746562035,0.7917899065026596,-0.35998287773576726,1.524302323701347,25.315119365652556,65.37473186222624,57.77504212063762,50.04805545439684,86.80428325022808,75.96696781864811,Smartphone,Fibra,69.86557655374068,Sistemas,-3.535008106623792,0.7789575538443035,-1.2685576909960818
246.1026602078305,4,2.7161,0.898,-0.8213759414300692,-1.292642513074291,-1.177422345271575,0.9982178742449037,1.3352104769100088,-0.11091663911035017,0.6375810648289114,0.005191587961914134,-1.0146570285767456,-0.26147857218013526,-1.0474983857511406,0.16071588418905652,1.4545128153364228,-1.0170378045371513,-1.955537004875197,-0.7466041232573608,0.7060644677291434,0.5477404312550656,0.2648401241225628,0.428293925812516,-0.715722967480573,2.054515552275344,0.04989927741543394,-1.1121265829029192,1.2369799244249562,-1.2806936568878886,1.231346592329176,24.69498302561164,68.87707679797708,53.34591457359484,43.39815783853916,87.42161861730163,74.95293911800287,Laptop,Fibra,67.50474423250932,Administración,-4.578885002087118,0.08004382616736344,-2.182521302282399
323.7273894223582,4,3.0415,0.8914,-2.2799224713225343,-1.3353797011028934,1.4190342375207865,0.3540094778906954,0.8295930305075054,0.05032389682949169,1.3753415812205527,-0.5395115393823547,-0.8089501185150582,-0.4121366118320324,1.636229496612503,0.4865505546507827,1.3976192412532038,-1.0748626616759671,-0.7730552044518799,-0.7328661651923657,0.8760906556088952,1.1261433252953879,0.6748658218754309,0.22553292017863133,-0.35138458660899213,1.2845397354477646,1.739951908179208,-0.9841633815662411,1.562728821654155,-1.6223865888259614,0.4445642992268871,28.609801259783723,68.21022236854046,47.10287477637704,54.15343466289493,84.02406766630983,78.61938296522658,Smartphone,Fibra,61.749937057855504,Sistemas,-5.038971490050659,-0.6284208916035424,2.1579073924789354
286.0429839929904,4,2.4197,0.9174,-1.0835709264040907,-1.3017091506757954,1.1822700284558039,0.8297945774353301,1.578330440043476,0.20112665990000825,1.5247082144269306,-0.7337741508160066,-0.7056276520126952,0.25857551545440705,-2.0114911184340083,-0.37686029772089535,1.498647717073257,-1.7657864102611225,-1.9470919677693321,-1.4758450593683303,0.47275477555277323,1.1442751394453248,1.0371314198990516,0.8767307126020222,-0.7964159752420771,1.342843616113437,0.4954172718057719,-1.6368589525755974,1.4845110301051487,-0.9404501143764393,1.6615589025141542,28.134319448367982,68.96333147244776,48.55286506153668,54.492980289006645,93.81783262814892,74.53213807652774,Laptop,Fibra,66.5441919152228,Industrial,-5.97873905814365,1.0195142931890389,-1.210763917688614
289.1226935966696,4,2.0492,0.9202,-1.6732982518072474,-1.4348860145850548,0.7760797361255578,0.2820314920244212,1.3024917361762796,0.10495133598333863,1.276650755129022,-0.21788700628717603,-0.8671782969470321,-0.21619027858522272,1.333117579619735,0.31645215607496036,1.360806328646843,-1.0880138942595179,-0.8755050562087237,-0.5942291133479817,0.6172325832479266,1.1470095603870276,0.526543434705449,0.28117655321944024,-0.5161608428956852,1.2037459502670969,0.8486106593301672,-1.2467634857618077,1.3551521821160357,-1.58224213962068,0.7327613379359125,27.613069769145564,64.9560843114404,49.00915071475043,50.76647209906304,83.86768805326433,76.91439512091065,Laptop,Móvil,64.5851921660477,Industrial,-4.772822742622343,-0.0049608519401622385,1.3893704843327825
184.58682809953356,4,1.6948,0.9337,-1.3229940461407648,-1.3011342120499798,-0.04241951463914219,0.08375672370573845,0.9174165372898817,0.16425093174748912,1.0508919523830051,-0.20632826750504143,-0.6651878585527102,0.643599857936233,0.430583557133545,0.5357614148339706,1.494229520512849,-1.2890831243228322,-1.0523082399125414,-0.5494118238013537,0.6915872737262099,1.576770274040196,1.0783054825659633,0.5640888155723316,-0.6981071894102433,1.4494754514927617,1.2067363515909422,-0.890816814842114,1.2928524813095459,-1.5197494940591254,1.384406697285583,24.29518837627398,64.4457109382373,52.66371543160906,51.289688917868055,84.27396185048943,74.52686595596138,Smartphone,Fibra,64.17691743156601,Sistemas,-4.923260673772972,0.38692994604432157,0.17782263356191627
250.0954276349466,4,2.6525,0.8978,-1.3536500775849256,-1.2068548894626652,1.4787578712961773,-0.010735096713709048,0.9820715101933891,0.32907697760174104,1.6531404795592244,-1.1772417672522195,-0.39562726990097086,0.07707433836295696,0.7825462697741861,0.44802142735279366,0.9532141445323978,-1.4020979087457932,-0.13331285986042246,-1.0802414231531505,0.40454400866854917,1.5133248845807596,1.1030661887925512,0.6630624779708207,-0.4221265875141611,-0.10179407724865622,0.7024797439893836,-1.1086614082353274,1.2918421964979083,-1.2116835146812008,0.9955722388066629,29.420045481855254,61.71473368089684,51.41566443601631,56.91697959490554,83.97127378701136,74.40410956958125,Laptop,Móvil,68.11671785939077,Sistemas,-4.356799137571711,0.2567645285076028,1.6377018645662895
183.10096982304003,4,1.9896,0.9241,-1.2197045825766626,-1.4859394852467054,-0.11460923553761966,0.018443149031999798,1.3081560501264142,0.22912745850396068,1.17265838636782,-0.1442776261623394,-0.7362245536009944,0.3311763909105931,1.0099214662394624,0.43502697026311204,1.6129814083981626,-1.304058826873403,-0.8399041685636449,-0.5641895324538209,0.5736327731132996,1.8107479180584392,0.9219921567118543,0.5690775239826176,-0.7529618164527355,1.1486871094574904,0.9347475998229307,-1.3413717488477095,1.35645055250624,-1.5617644958866947,1.109366137418045,25.73124517655534,62.90347051961263,50.88466193146491,51.49823439004412,83.66158947981101,72.93014976999123,Desktop,Fibra,64.74403032219386,Industrial,-4.961996321092986,0.5112248186191891,0.5439314950188194
205.6909218687387,4,2.7927,0.9006,-1.5675009707424856,-1.1675481561176997,-0.9315180915932092,0.7910512867339872,0.35408969148679514,0.14081877247572963,0.800248384897005,-0.5105861664407677,-0.5013039873649179,-0.006105279917828355,-1.4594503087736452,0.31439651423238757,1.754748409910621,-1.2810700920765197,-1.7103184617049216,-0.963692598378185,0.9000867607680049,1.1462746420870147,0.7336622912940374,0.9077609988273504,-0.8333857292533936,2.054515552275344,1.4775160586898917,-0.7704465154744076,1.529346122262253,-1.478557496757606,1.130202404557633,24.891835565650684,74.90272949615454,52.533921982228335,51.16566435561385,89.80221339697832,73.02508517874318,Smartphone,Móvil,62.527553358265926,Sistemas,-5.155843189361661,0.12913000782533757,-2.0590039753299942
333.39236381375207,4,1.8706,0.9277,-0.822160257185995,-1.0676426178370506,0.09529948135185541,0.6406150593711158,1.2353070947148317,0.1757605837818591,0.8834130796681012,-0.03404334391612677,-0.5639884608284645,0.17247109008575287,-1.5494988479910443,-0.480024340266116,1.6218007681085065,-1.4133421129586534,-1.789114310897648,-0.9151494476462004,0.4083867883560899,1.191834189560749,0.6502495446885009,0.7281918709986949,-0.8197761150735041,1.5684350867103232,0.811666222964137,-1.5122900236900072,1.2138676799166257,-0.8232755512325046,0.997563257627786,26.2423369610162,72.91799324099532,51.07099575013812,49.12764547832312,91.77677702780994,75.09683069124864,Desktop,DSL,63.809052676173536,Psicología,-4.864157882511023,1.0192401862637313,-1.5524427418394164
328.80773270063537,4,2.6837,0.8855,0.196182367844459,-0.7265470340707522,-0.5923537147464039,0.5197214138152204,1.3429565462284976,-0.044946846365412095,0.5629090936455585,-0.5326988087157173,-0.5717384973596839,-0.3130532161514639,-0.6387487908938452,-0.042364821126445566,1.1634073692151752,-1.073600521274266,-0.7812633314601078,-1.1023446210415244,0.3481591509428628,1.4210852232822837,0.868337753786358,0.45374396403696,-0.4053553152242357,0.257989249011461,0.30449319835835,-1.5736367174589356,1.0376958359055615,-0.6004485516718963,0.43484986383137403,27.717159894626512,66.48126803900982,54.98728197051146,47.59140468993949,83.27125424445654,72.8711393056104,Laptop,Fibra,69.69218617695661,Sistemas,-3.3440496516470746,-0.003226943722052386,-1.3266416296737338
266.1555797168022,4,2.3816,0.9086,-0.2815578673624984,-1.3522729746011375,-0.300478951800442,0.8247495143326125,2.13235783076083,-0.11322099669267346,1.0527129423946069,-0.5262237659172467,-1.122531211187915,-0.6297003028588368,-0.08538078689692004,0.10886812260865338,1.2954376953528617,-1.2542989261645248,-1.2202101810328898,-1.2098995581355556,0.4883421230928103,1.120263349001095,0.6218953062203727,0.33266746438908007,-0.5023639738635887,0.8457733524157731,-0.4044129663996803,-1.9067759817299854,1.344556416169641,-1.1197839375341714,0.901722606985694,28.742979512063656,61.771072658816855,50.72591706541134,47.382730322317,85.46073191772945,72.75481205564637,Laptop,Móvil,71.55617082648399,Administración,-4.643660990432463,-0.11061660212965477,-0.8878323657310273
307.4839939205356,4,1.8476,0.9203,-1.1481371694129856,-1.2112975367145935,0.8497210657965776,-0.10569576510094393,1.1893531376051425,0.24671763615243508,1.1008451592354576,0.22640450085595124,-0.6023342942038387,0.5944358174189077,0.8310831065054404,0.06575223437396611,1.055715907455343,-1.0213468530583172,-0.8465679295618802,-0.1773316342797493,0.26110178599273914,1.0168649352366423,0.5140400463138927,0.32514854420764405,-0.6066121408750892,0.992702584173926,0.4139408751939451,-0.9543356828808093,0.841399870239006,-1.0610633547930808,1.1426268792482372,25.102258541350636,63.64338233124104,53.323354042493015,48.02662557558206,83.35005685935104,78.57898796332408,Smartphone,Cable,65.37597488646608,Administración,-3.8213295589403358,0.9666275859608702,1.154551945979963
310.9149151988905,4,1.7604,0.9303,-0.9312133947939335,-1.0641938032130906,0.7987993949404988,0.5689410500136236,1.1204687109180298,0.2259327120642154,1.1829643885909327,-0.4225939290864228,-0.49663688897476477,0.43345152850466934,-1.705367013163829,-0.28445024959137516,1.1740302023138942,-1.4747794543146822,-1.6156155528230096,-0.9913347581100735,0.3401568465325024,0.8236047962859694,0.7446732243808862,0.7529597490624178,-0.7200072879650278,1.2833264199113608,0.33343052862547073,-1.1139411016659246,1.0863122847711764,-0.7461990942232475,1.5107946963968029,26.337387906989505,69.28091716161225,52.783795218060135,50.87843882690634,91.71089051824276,76.45659978040042,Desktop,Fibra,66.70525697715722,Administración,-4.682203953921725,1.0984520765744985,-1.1048874033406675
261.1225575533571,4,3.0327,0.8922,-1.3856704401353916,-1.1477187369974136,-0.3805302390797312,1.3613827518725883,0.7497040312235242,-0.0689229635018151,1.0009295300441683,-1.0685154689209653,-0.7639600655439744,-0.7147019166180087,-1.996427153780557,0.2780757420856735,1.2619406826435373,-1.2232895745869992,-1.8444529990113614,-1.4387895370340897,0.8837085487866219,0.28886252163026427,0.44625751399627794,0.7104596271081889,-0.5600271785288237,2.054515552275344,0.4025559806791022,-0.8292886312283211,1.5304280993018151,-1.3031126403679083,1.1794154905626586,27.615730783131937,72.84997659344043,52.26595019961911,50.07423830178225,91.00408155049702,74.66841202273501,Desktop,Fibra,68.11291498335903,Administración,-5.0308779602156415,-0.4772262273320113,-2.362676221777501
385.1848121824149,4,4.1372,0.8579,0.3542678806832597,-1.030580118241393,0.7530281595271555,-0.24935504659350483,2.194262532141022,-0.14640099225025172,0.707803841842781,0.7678248189684453,-1.1438560217606144,0.6219819192677141,1.8890723247421208,-0.44463813765503707,1.85526322677569,-1.4446070672012419,-0.8734994170970717,-0.55537292949294,0.2676490896520491,2.095347016462788,1.5861143939305524,-0.1318260745501867,-0.4559498203015698,-0.0811651236664047,1.3501474114755943,-1.9885256104295974,1.1476291042268576,-0.8513061393276802,0.3026474089931157,26.77185235165549,59.2284596655746,47.47495262831781,47.260510150475206,81.5667852212022,75.14678190483387,Desktop,Móvil,63.70903144271489,Sistemas,-4.265891380688736,0.3605727581811547,1.6505052117120087
379.038978556378,4,1.9704,0.9205,-0.7984778000359789,-0.6492527543578692,1.1282183778933725,0.6386966421036971,1.1728316739297704,-0.4423719281295732,0.653541621590539,-0.2521706012091734,-1.057775492902806,0.5436914553310535,-0.24987487293243094,0.28113410753812723,1.0391183755163254,-1.1446334189646152,-1.597136545449395,-0.8704635156449815,0.8800656667369099,0.8423971429868562,1.3975354202542642,-0.1569720998645576,-0.09325151749993858,1.3444694589152049,1.3979089607281252,-0.7844228554686905,1.1396302515051426,-1.0674078744304867,1.206698057570226,24.75178980092208,65.41357945660235,52.89224645082417,47.17953460603743,84.391899069445,81.5508207290833,Smartphone,Fibra,65.74675878785695,Administración,-4.601207614162658,-0.7858803359218992,0.24051597989215803
285.7310176857012,4,1.9568,0.9221,-0.20377946890246024,-1.1239357493324518,-0.3119090386368015,0.6639048807976654,1.7608414479943508,-0.007723081902334274,0.8976370922238004,-0.42194225130339325,-0.8294398705318965,-0.2387534490259698,-0.6904145037731672,-0.0967879692914442,1.4274230616358765,-1.3482866323244318,-1.2704365103857114,-1.1671263934628557,0.4313157663681839,1.410840997708761,0.8399485454082447,0.5188812512722246,-0.5945764380200834,0.8150938542788898,0.1805731737196503,-1.8200929007256499,1.2723531046953915,-0.8990602375998537,0.8650283893513888,27.76975444488495,65.48022482825068,51.68191493531457,48.58804154752837,86.96020574961493,72.584808446328,Desktop,Fibra,68.9609425035416,Administración,-4.542669569140367,0.2929848080851189,-1.2700169806027908
344.06061824181467,4,2.2397,0.9091,-1.4846026731387363,-1.181683862767022,2.1448413764871392,0.030419684933076063,1.0731799050049828,0.3752142389615881,1.5889577499040555,-0.3730475767716204,-0.4258776664281669,0.5824435326950343,0.022695117103359027,-0.11251823759793247,0.7451992385707528,-1.2838223595456966,-0.8661663023576814,-0.5747091808384387,0.1545370529778889,0.649221066364471,0.5672895903370906,0.519370412757102,-0.5508551895772972,0.649203608404507,0.17895735804901866,-0.8381247858665027,0.8749642605264667,-0.8582803914545251,1.432722335945205,27.20948650527732,64.45755686392009,52.319681884784174,52.63335966379617,87.66445670522468,79.97809195754148,Laptop,Móvil,66.75630843531043,Administración,-4.096457686255297,1.2153765307153361,1.4671123240410662
370.2342406491284,4,2.539,0.902,-0.19859406655928796,-1.1144855384135028,0.2012940687987905,0.21387919188671065,1.8979011438817956,0.22312714766546987,0.7691749229474153,0.7715755936091162,-0.6696900746207397,0.6226528805624485,-0.7972515804141292,-0.8300926102689108,1.5996673027703374,-1.3390019231478578,-1.6974385166480872,-0.42000242975062363,0.04138808230652357,1.4166488641656363,0.5386672441214801,0.5022308821495481,-0.8985729830003465,1.217702633379768,0.2928521235174596,-1.9227264439527554,0.8525047143041163,-0.5216951010458255,1.007605163801138,25.05820988995282,68.58912926182843,51.55366717628922,44.99273806990333,89.63798315484553,76.18473542305479,Smartphone,DSL,64.2060199948454,Sistemas,-4.324510149414393,1.8235024725882492,-0.8902323574336242
233.42351688367376,4,2.5191,0.9009,-1.73846721906471,-1.2703344011068893,0.5417182823628011,0.7480473473881605,0.5387431030536818,0.17186056236940958,1.3568302112334574,-0.9442669397008873,-0.5773898657369352,-0.07055627666412764,-0.9955523220236717,0.5206589036086923,0.6931086700618352,-1.067047511371178,-1.270489422508159,-0.8810187412997058,0.6087646715123385,-0.06855851324043213,0.27360111064859116,0.6520517776360084,-0.5401704899347722,1.7035455277017881,-0.1844728738911844,-0.20662429820708197,1.1229494897446783,-1.2812012805691897,1.7040499345228934,26.346178580130072,66.82268745057692,55.03539152527807,50.5255556940112,87.66209045195828,77.69560614221317,Smartphone,Fibra,69.6456663265142,Psicología,-4.246051304198235,0.1621684723443279,-0.6478477451469808
248.36103351685156,4,1.8843,0.9251,-0.8199761209004145,-1.1681751278510553,0.17916346032391986,0.7684099406205667,1.1952413657654304,0.09029164719430194,1.1485843228643393,-0.6916254468139595,-0.6917982721964653,0.1351126610691585,-1.537322577742492,0.11824146968736843,1.029564233754178,-1.3531572656064508,-1.5458253066610141,-1.1002306598586302,0.48605884576876235,0.5957023292199962,0.6805362090948609,0.6714996159158613,-0.6311310602203022,1.388018458467145,-0.15327895992261228,-0.9653009935142546,1.1509017214321977,-0.9526335479898451,1.6549652298774777,26.32313531689675,66.037405523771,54.086372230346335,49.48938094708109,89.40505103492569,75.21834914358153,Laptop,Móvil,69.94060673574707,Industrial,-4.589465184689139,0.519549743235757,-1.5017576055560833
329.4959874291057,4,2.2007,0.9218,-2.2799224713225343,-1.2630726431685941,1.7276735382025437,0.637134551745055,0.7251751055055508,0.16983457558002965,1.4750695687863218,-0.5474641367537175,-0.6427132335893933,0.1604446995794892,-0.6084839665758001,0.019167676729249596,1.4083872447680408,-1.455135981000095,-1.657889904302666,-0.9538604071290645,0.7658509725974385,0.7539268686488089,0.7486290333524473,0.5898960138964816,-0.6064793342355369,1.8747147789238785,1.5101864515168673,-0.8399785072391939,1.5004302942895926,-1.450952779696306,1.2446221571401221,27.269684615045367,72.44029011958509,47.97967526501553,54.73118088972408,92.09871227159786,79.321350872257,Tablet,DSL,61.53820779689977,Sistemas,-5.722787766652702,0.3088164023540694,0.5396715853077185
270.65793610753985,4,2.8307,0.8909,0.058833880543833574,-1.2398140126362591,-0.5618461889195654,0.6599506000395873,1.9160668382940014,0.16141386873379207,0.9755812469197005,-0.29736527147265873,-0.7264439964898292,-0.19994360175694487,-1.259076890282864,-0.31131025275703694,1.2406547877210776,-1.3213994297344238,-1.3418351521339507,-1.0540086757557783,0.1374605885919865,1.063587519062805,0.4347690063286707,0.6955858840464326,-0.7714306927990564,0.8186880216852616,-0.7883582518141657,-1.8336533433077322,1.035190363943798,-0.630923194402091,1.1469609166866328,27.528524241009958,64.65208836618184,53.51838637950394,46.65570177607422,88.34544323506569,71.94608675906503,Desktop,Fibra,71.47624226056982,Administración,-4.0900635736497595,1.0418625673708155,-1.9414254823611454
243.3734010487189,4,2.2635,0.9203,-1.2726357070155168,-1.3943075721386262,1.4385454342612884,0.867757459249578,1.6674076149448447,-0.08538313345542102,1.5582571147507978,-0.7587404699797846,-1.1251902388689758,0.44619834329085356,-1.0898694593811666,0.2749181054346906,0.9909890344044319,-1.627735318069983,-1.930726629676531,-1.2235782415419996,0.6994606062375566,0.44860955713768974,1.0384454456852148,0.38714310840155647,-0.5017574190993099,1.650132351472819,-0.04753709340359208,-0.9773637915794775,1.3539366029961553,-1.2776140286667899,2.119161427187817,26.4107444239108,61.46344986449696,50.72788689396891,51.16818671679363,91.15077640365156,78.2367035593698,Laptop,Cable,70.07583836381686,Sistemas,-5.786758414127843,0.21266563771931873,-0.3173393315692715
286.14960185899463,4,1.8597,0.9236,-1.9344846826808257,-1.1718314336460511,0.8274788269807404,0.48514758873010194,0.4529601643382775,0.15965123418157331,1.2033759651338942,-0.5175198690377434,-0.5509744458268759,0.11946755758311037,-0.2484149571607376,0.3887075368496001,0.9656469378493275,-1.0196898601580608,-1.1971382893557243,-0.6159905396372529,0.6569422342321983,0.35616114566223156,0.41947905705122546,0.5007423430558743,-0.5202355470855532,1.7128581369129565,0.7300846138232849,-0.33058081785706595,1.1464819326595397,-1.3595397330903223,1.2886263089590055,25.82694763515098,69.05453557454041,53.26653326759709,50.70011128904368,86.53148428877867,79.12614852129461,Tablet,Fibra,65.2051263333876,Industrial,-4.341638022257161,0.14898556737014265,0.25255079201642366
308.4541825287203,4,2.7875,0.9002,-1.838694331223849,-1.509606862465636,2.3367185206967496,0.010291998523024344,1.5614354632831078,0.2346158308097194,1.7525163338089238,-0.32119489907492277,-0.8381391122098152,0.36480386141260523,1.425987669185802,0.1704417254855615,1.070458300584058,-1.3789003440547065,-0.8128212222271621,-0.608949099797408,0.4125090926028605,1.0793268738702795,0.7774259174364696,0.27342338737927735,-0.4880585692139921,0.7413454339618045,0.5906340129182912,-1.225848666190719,1.2354743741235663,-1.4188093693494124,1.2896892987439883,28.098922342372852,60.78156463120885,48.01310829200037,53.92639297339683,85.91912551990606,79.38829692780486,Laptop,Móvil,65.53371605606124,Sistemas,-5.084302020828231,0.6100248291464984,2.657875679890152
365.24082712032896,4,3.0499,0.8903,-1.1677156598771505,-1.4438688864627693,1.5455782329739092,0.09094533771576167,2.067279513507104,0.15830341518830687,1.4469826677376354,-0.025969677090731554,-0.924018870319833,-0.2561051335420448,1.7590339731840956,-0.1995820419370068,1.4430887511887165,-1.2876168785828517,-0.6877950452032014,-0.699895659232038,0.2984008463623785,1.614024953975828,0.6358575805650746,0.19437635838732664,-0.5044797092011105,0.3517998074109873,0.6383677571038121,-1.9885256104295974,1.3059232759803816,-1.2446592018752543,0.3995798269028206,29.71891086692365,62.71354651024431,46.542018945842855,51.60499041231932,84.69427240649391,76.62645597660511,Laptop,Fibra,64.98964853447758,Sistemas,-4.786534452272738,0.47878976050370237,2.215229063071091
344.11841358224945,4,2.096,0.9176,-0.48912985681174637,-0.7054178929163001,1.199838534957169,0.8188109024044876,1.4014862188792037,-0.36726426721228544,0.9710921524189755,-1.0134011926416064,-0.9786338998667558,0.13342812501967702,-0.7884851743051482,0.2896889629077643,0.9315637101744004,-1.4060546838537946,-1.3277203880209487,-1.4763650697820243,0.7865550528246248,1.0031442132810073,1.5531204637468172,0.11217727081446872,-0.07539491432036609,0.6341171561893068,0.861787452823673,-1.13412213172222,1.3080948913577946,-0.9291917667415668,1.2293865242326725,27.607192122980443,63.39735655060375,52.35024039783498,51.08436660297146,86.04616248234049,77.978113361568,Tablet,Fibra,69.70486860520352,Industrial,-4.758663700393819,-0.8403986352853838,-0.21523070401647387
312.03540509916405,4,2.1123,0.9023,-0.6450219068134645,-0.7307641178064603,0.5133168610943739,0.13975482829985625,0.628667985446491,0.17997889148692012,0.9446836161895744,-0.7841684018915344,-0.25385349454761935,0.19020647294336948,-0.2732316895705759,0.2392558148283914,0.7658806769585396,-1.0428896130361025,-0.400370115205458,-0.8473635019774007,0.3210109113141819,1.0902152791378041,0.8847790479547694,0.5568582149493995,-0.36315404549840596,0.17462607336384128,0.5317669687310465,-0.7628504866145984,0.893128551105344,-0.7179928737250358,0.8434519063828071,27.03899823130581,65.75190814777625,56.43259811358976,51.43036254662093,82.70550325820828,75.88521185170099,Smartphone,Móvil,68.59540042595167,Sistemas,-3.1124006711183245,0.25644776952662435,0.05546141720839635
311.59435160979046,4,1.9425,0.9217,-0.6704890846667736,-0.8788692857743261,-0.19218689283638551,0.48635455345754947,0.8932838894276037,0.138521037118321,0.6858490707019411,-0.07535138985335449,-0.44981491846803623,0.44372117021936625,-1.5045695945775561,-0.24323255327073576,1.4791085299995423,-1.2964316563602838,-1.5856282249146978,-0.7966193793743299,0.4555334878121686,1.2390211975293484,0.8380247047207727,0.6973647507009998,-0.7395698006344537,1.4693656318675214,0.9949443773753455,-1.147985032217426,1.0868250684392706,-0.7832980090997415,1.0764809794452128,24.87646081271632,72.07206615053623,53.815784128922274,48.604601189305136,89.21280762302321,75.2556362843232,Desktop,Móvil,64.10618976013289,Industrial,-4.37787562379865,0.8391735319890443,-1.6275763764786522
339.82445244580595,4,1.8484,0.9331,-1.8329481588833554,-1.2755446814793476,1.8182664240633557,0.35771205377171056,1.2343590659872525,0.13657954736905334,1.3851649302017361,-0.054338525415758426,-0.783620007146492,0.596331953163738,-0.11594775934617517,-0.15089178275603682,1.504303235958628,-1.5216170531689392,-1.6755234198035558,-0.7214565559672573,0.6190633967745265,1.1316190780406898,0.9502061606261075,0.4165692968910421,-0.6388893050838524,1.6476585850423848,1.444486120726921,-1.1845293928689251,1.35778187204432,-1.3158945064161574,1.3331331885907498,26.235016829354016,68.90886295807543,47.73970330144073,52.762456350077855,90.86209645276011,79.63104022675385,Laptop,Cable,61.3771773463325,Industrial,-5.723751145807262,0.704806827960976,0.9784029910445161
256.97894710309697,4,1.9141,0.9284,-1.1514233068839688,-1.1769641297997226,-0.19153601334481057,0.3727743182792796,1.1197935892816973,0.04248356463655934,0.8384030339597003,-0.08600045158309737,-0.7500393962117304,0.24792529003921226,0.03507956283560543,0.16061481941326708,1.85526322677569,-1.3608577286116605,-1.375627656885863,-0.7941568566535488,0.7680014511739927,1.8261513643398526,1.1096466011631436,0.5252057847444175,-0.6921433506465735,1.5533837648281026,1.7137167928422488,-1.4126745138943622,1.484961613911848,-1.4295379831420478,0.8378078283089831,25.52185501227556,69.30712636519372,49.911224210838455,50.89331759931184,86.62338285678148,73.97920014927482,Desktop,Móvil,61.87562795593726,Psicología,-5.305473524330797,0.15775216780182552,-0.3818070125403018
282.25109236061394,4,1.9549,0.9202,-0.847576834118859,-1.314479633113061,-0.46625654419070744,0.6857293008381291,1.433697664062209,0.12003393721908102,1.0092906047299697,-0.45777161114859705,-0.7399857935946675,-0.7581818492151882,-0.11342273411011353,0.02892911446878457,1.4131562793279449,-1.097430616839234,-1.0316622758040679,-0.9913041443701157,0.45662448155111607,1.0962710281041446,0.28478896783780466,0.5809425774235956,-0.6412448237351391,1.0632167075152363,0.11302784834972324,-1.6217749069058895,1.3288572348318337,-1.171715617164548,0.5192369301164234,28.69672892126571,67.88720672953018,50.95896246333725,48.84056232549393,85.9826437521848,72.72652129418032,Desktop,DSL,67.89731198395128,Psicología,-4.300012561115984,0.15608672844024465,-0.8462371354723157
282.89785422438945,4,1.9334,0.9241,-0.8681394316107699,-1.4867148379170882,-0.11231852693160702,0.7600916465025666,1.8195819773422808,0.0907908228844569,1.127717524601655,-0.10818837531838152,-0.9655103790990012,-0.4149679074655393,-0.3847164250989501,-0.12159502936199777,1.343729243036975,-1.1813908036226526,-1.537878742273779,-0.828393692821694,0.39091633973243056,0.7151742466985156,0.15581258032054854,0.4737934881133892,-0.7295153786649722,1.5270279790725907,-0.40294884247813073,-1.6080970516860362,1.2187638277140842,-1.1436542370452027,1.0762659569496005,27.47496232617672,65.87153409146804,50.61724019336002,46.44763176619462,88.20407066411173,74.83594493642947,Smartphone,DSL,68.64430484194993,Administración,-4.6811803807985495,0.6025685142625885,-0.9066480163266386
391.1566688783532,4,3.0259,0.896,-1.8963452161257621,-1.1942117647334596,2.60011372027711,0.8924895481500444,1.249999966439705,0.014677431576069787,1.6331723390677333,-0.5981918457760699,-0.8840316141929998,0.27802174167627686,-1.2621571255708917,-0.19152346708995033,0.819427460020747,-1.4632316915167776,-1.9922313692764055,-1.060794141146477,0.5690933801059338,-0.10368651413463227,0.6011414188750526,0.32432705243058424,-0.4217063601144622,1.7210783836187882,0.31166347644810954,-0.7602905339611677,1.2044086228692472,-1.047533520882694,1.800290716975394,27.57719665415613,68.17852080806779,49.32838179991183,51.72125372390408,93.64741723998031,83.07882332906235,Desktop,Móvil,66.60400323492665,Psicología,-5.409256295932151,0.4528202369303936,0.47995411529285487
236.79543559484412,4,2.2697,0.9167,-0.8186414819085306,-1.085536669905719,0.9613545503001097,0.6829298878113765,1.320417039942089,-0.06842923024601791,1.227016743904393,-0.6595944660209102,-0.8811344210691888,0.9068037914898515,-1.6402542893986758,0.25636585946666846,0.9634491913704872,-1.600753992518423,-1.866432868409998,-1.123383081256016,0.6409001525536794,0.6838200231591849,1.3081831241896105,0.48297625706101566,-0.5214866487867367,1.5109916400169319,0.2315081419772381,-0.7559248104001735,1.1572030827140376,-0.9962812986403167,2.119161427187817,24.573397183959315,62.58873638189891,54.03748773525066,50.3475123850885,90.15467996873808,77.64736456950708,Tablet,DSL,69.62282960353977,Sistemas,-5.215199249818524,0.4187756050156994,-1.00682286700311
370.4407995330655,4,2.7099,0.9085,-2.2209424639725994,-1.4221774745274378,2.1953982293565315,0.44811763732453036,1.3774543019135326,0.07004119783971721,1.4216628055264344,0.36997039649069446,-1.008493068748148,0.69021495090931,0.0988515735722216,-0.23058017946634313,1.4858055722234214,-1.422251708964609,-2.0919040817090457,-0.434056506505562,0.6663934291208929,0.6595901714515037,0.6539932660909448,0.20049855240193368,-0.6560676023007715,2.054515552275344,1.323180603409319,-1.0415911073358457,1.30204823729649,-1.459712512189702,1.529980879680445,25.244618683873927,69.21860945256734,46.61105440735516,50.11275612738533,91.8313516452218,82.92019283353527,Smartphone,DSL,60.14470135146482,Sistemas,-5.934215816693955,0.7902850905306961,1.4070553340870433
172.24381603037858,4,2.0251,0.9221,-0.7889712812958155,-1.3862892442394348,-0.6963835794402616,0.5202998769231042,1.2760407585049214,0.17034511868494964,1.0000595381969781,-0.1859491579874609,-0.7434674919869876,0.45228945107409235,-1.0556235951234154,0.2325124682551036,1.3661578339019786,-1.3311074315492186,-1.613560733588336,-0.7264961531955964,0.5026458018371835,0.9920165684335286,0.6587026179638623,0.7345267652271108,-0.8704477544376271,1.8073922297120857,-0.026503581198702435,-1.0355890694834895,1.1521345888869308,-1.1842782609910234,1.7904467811890088,24.16231607376577,64.9205565949044,54.4109663002716,47.640334657869175,88.02535287909714,73.31501458229091,Smartphone,Móvil,68.20007201825807,Administración,-4.791897168725578,0.8932264032990942,-1.7097487068273072
318.75238159999924,4,2.3795,0.9005,-1.7924647214014238,-1.1989106208441498,0.8624815087434863,0.6511358558787634,0.7502979192278116,0.029506207562362854,1.2579683024875312,-0.832539820987751,-0.7225537903044211,-0.6719526919624751,0.5385853521105852,0.5152000803727999,0.7535724982073048,-0.8110022182361802,-0.7632268185990204,-0.8092847084725225,0.6507739577719044,0.18169033725776146,0.1793614189402737,0.2776940578141968,-0.2799272415475889,1.1728783492513692,0.24566118646366228,-0.5790955918897381,1.2032873479795234,-1.4079939678668438,0.7659240706069522,28.505270707346483,66.58016083673203,52.37403159625357,50.14628955062798,83.41815707416718,78.8062300905559,Desktop,DSL,68.25082219422022,Sistemas,-3.879327363355432,-0.573958500641293,0.8118765930293218
179.04068361687223,4,2.2436,0.9214,-0.7475539008546251,-1.1446188389366407,-0.19944054259781596,0.6285103903952537,1.2987430518012273,-0.08398448374219669,1.0044871869880336,-0.7699178980226955,-0.8663425897081412,0.4525504990707123,-0.9406740864599611,0.42822972910147206,1.7249531361289587,-1.7193570746683242,-1.5587830887023817,-1.3715763194313924,0.9061649298569938,1.8973260652182,1.7021642863985342,0.6528894347923553,-0.6182221153902282,1.3502613398673857,1.4022990912477933,-1.384601331490985,1.562728821654155,-1.3875296880807384,1.5149028114535144,25.69896649888884,65.21637964385137,51.001872630395134,53.39261665775986,88.41734735322414,71.82202407956028,Laptop,Móvil,66.05391778886451,Psicología,-5.888603516075205,-0.12051704572107096,-1.2777437339395148
348.2277215638475,4,2.4928,0.9129,-1.8466176408201975,-1.5175398948219323,2.5348772861189786,0.3696331782019187,1.747439146198727,0.17165543425488422,1.7523777998703207,-0.05454265884366624,-0.972079456465453,0.5372540028353792,0.19280392730496204,-0.2148288650729812,1.1444348335636545,-1.5213386186680256,-1.6573432179125849,-0.667266760730148,0.411578344135642,0.6228125247662044,0.6364356704548614,0.2869686878980058,-0.6066836468802353,1.4616655616696017,0.38360444035481067,-1.2559934142334208,1.2100363452635507,-1.251121119366594,1.6829529736106297,27.19313721354288,63.96185506314202,47.285946213946815,51.74122871696933,91.16041545653938,81.34598923971501,Tablet,Cable,64.92187517369757,Sistemas,-5.637054215610925,1.0087449438879073,1.6625902445129286
214.6919188558873,4,1.7778,0.9318,-0.861117193607287,-1.6100219367441266,0.3782580486124423,0.4304498786404406,1.9827431091698418,0.17390986140986348,1.4902285004211326,-0.5279905511981503,-0.9445682562695726,-0.16681220327754107,0.3617676536171653,0.1813156856190235,1.3130689860130793,-1.443789784559474,-1.0173502242778931,-1.015653655634672,0.3894819685435516,1.3038153379723763,0.6793999357458003,0.5510458887519387,-0.6812707760732607,0.7992793585004402,-0.27880904056407957,-1.746916700661355,1.3574251003451232,-1.2984221113926717,1.2838535002632914,28.43280171168851,60.13445074353702,49.766005392474014,51.184058685293465,86.54072206400326,72.7949232726256,Laptop,Cable,69.98327399293866,Sistemas,-5.05259015620242,0.566506643835234,0.14344289774363508
402.2073831831091,4,2.3095,0.9146,-1.0846903855114238,-1.0564505364817587,0.8813866234369185,0.7599500789868412,1.2431747229602175,0.29220060436087686,1.160022576461169,-0.3360257045341012,-0.41677718932233904,-0.24562473557058745,-1.7971830427905715,-0.8142145872679718,1.6277372156780583,-1.5389796470930666,-1.6976353906682147,-1.2111808163953435,0.2987703688679251,1.1527298685437026,0.5116711703746132,0.863915305037388,-0.8035543292412641,1.209538247477297,0.8913053414000334,-1.7984077112899177,1.3310461826503164,-0.6863616208389086,0.6306127623306234,29.070029089441427,76.21251138925474,48.38269941442572,52.45990093306148,93.81783262814892,75.29443470268909,Laptop,Fibra,63.06674792052253,Sistemas,-5.025038127704071,1.1381778944226402,-1.187476941586387
211.8461822475924,4,2.2396,0.9215,-0.9046763271999567,-1.0478827053957511,0.6500922345869151,0.7652887670466417,1.3418804069873966,-0.3133289951530575,1.0653043984050237,-0.8191201994996471,-1.1168302029840478,0.7177609662022004,-0.919063071827333,0.6072669977420478,1.3316422834523791,-1.6591632007175987,-1.8106388299987457,-1.3385941677185722,1.040607482486885,1.2865282275356245,1.775622234112187,0.30009894464702,-0.36380048694077854,1.558703160809602,1.2357206048131952,-0.9432149707268518,1.535254328860511,-1.412455396967485,1.9669496699079194,24.844051764198625,62.32205815590464,51.74240621525937,51.92731726880583,87.93234272810703,76.26923745407368,Desktop,Fibra,67.59532716505763,Psicología,-5.955483784777389,-0.5608330419081053,-0.6944877369703663
389.3939124028379,4,2.3966,0.9033,0.17549602735009595,-0.698838528064117,0.008353223938546959,0.47145971700350464,1.749756007800237,-0.234269615728106,0.4025347866658498,0.25158735639367974,-0.8985431282026675,0.33705632163186744,-0.49861524165448157,-0.3321594921355149,1.4314548876947382,-1.1914498251789505,-1.4792381969250044,-0.8006601317882162,0.44316645328906784,1.518312313486094,1.1311815140164774,0.10425541702016727,-0.4144194996250127,0.8630763736787472,0.8914018812642627,-1.730976730807429,1.0044693055851899,-0.622736937798007,0.6844296224320797,25.46178155687485,66.71200892370817,52.78034811386262,44.73112664531588,85.02155982317123,76.72839038871335,Laptop,Móvil,65.99421237539943,Sistemas,-4.101116708173548,0.20587717861594243,-0.8584777231765868
311.55630201993614,4,2.3272,0.906,-1.727176190181196,-1.4345219387143964,0.9161088664037617,0.3057816132429136,1.2416073948637212,0.1020227422951516,1.2534988100845519,-0.014696204125835185,-0.8904726848455428,-0.14268300920679144,1.2528721624394308,0.3048032594658815,0.9963315909548967,-0.8527871710783785,-0.966984938449082,-0.30880985575344394,0.4991639415072773,0.4565827046968672,0.11670705860536258,0.15042632075161502,-0.48123537766163876,1.4407353526882507,0.18727147396965635,-0.8644480997216387,1.0715425865434376,-1.462331949381448,0.9734269246970617,26.654223815031045,64.06023389005665,51.16079534345411,47.50180273826872,83.18105137029303,79.67461604804814,Laptop,Cable,66.22162659875676,Sistemas,-4.161317056579442,0.17585148853352495,1.423783096209625
287.6003607756874,4,2.3153,0.9097,-0.32165019027580405,-1.030785172613391,0.3869840229450058,0.05913488603080957,1.7950090358613093,-0.17916098006713227,0.7519770678454901,0.22278300895527947,-1.0479519752070978,0.7752135339703071,0.931404775014125,0.24322087286545144,1.3639160389525855,-1.2402874939874915,-1.111085626897159,-0.5300219475085428,0.5661669408434931,1.7374326873130552,1.3808520986944306,0.0020761468118906095,-0.40441290947613295,0.8372589698660442,0.9656355231786362,-1.4455214619240706,1.0785514242183556,-1.130332252867689,1.1648687608992758,24.412194944057024,59.67730013109959,52.35969367470804,46.85478223931213,81.5975209449308,76.93107754684424,Laptop,Móvil,66.21498433870308,Psicología,-4.538053260241386,0.10975548229324408,0.7019599181329963
262.3046283857389,4,2.0028,0.9257,-1.7242389779198353,-1.6844755869257086,0.646160593899909,0.29870819234893753,1.6901544862451505,0.39565258852205404,1.5086523121227025,0.294413019378103,-0.8363447655358308,0.053857724016009925,0.46811483132227205,-0.19072293202123727,1.5583166379260478,-1.2967226009547037,-1.4705150773293125,-0.38398467695431215,0.30687814821947945,0.9311558693677067,0.0378631579768957,0.6060967262053584,-0.9745009125998628,1.804413561321257,0.04436897075452798,-1.5275616069419071,1.2445180305105144,-1.4354758374378018,1.2577313250414206,26.73742942514959,66.28523227843478,48.09583706288795,49.17891916609156,89.51642584232205,76.10709062894473,Desktop,DSL,64.24952099196146,Industrial,-5.217083235218613,1.3864476961823715,0.5184135455110757
349.7461413667405,4,2.3506,0.9103,-1.9338044121297127,-1.4588587652626166,1.3641762758484162,0.8221887988218665,1.1325522486615935,0.3119102350144244,1.6238996525244225,-0.651731375176236,-0.6188684485928649,-0.6569057188682359,-0.6815567950422445,-0.21174451019715726,1.0100930622789601,-1.1898876558490212,-1.361599445916426,-0.9687368726057536,0.35898302719007874,0.083799530173871,-0.14987690479067062,0.6635542550895697,-0.6538695676383517,1.4592411919941493,-0.19219498939714283,-1.1044569774065989,1.255578316429665,-1.1488876479235441,1.0056607586474637,29.718866153581807,70.64639247836341,49.24169108832831,51.67278970644267,91.53158911265686,78.0880571161653,Smartphone,Cable,67.07108397496239,Psicología,-4.667789018684226,0.6756373625986053,0.09307927522248019
329.2529916083321,4,1.5189,0.9356,-0.9913831154266863,-1.1834502489162293,1.2867006199213618,0.3128184960179486,1.5538025976183558,0.009106251047812777,1.206232578114012,-0.11518172329074029,-0.9017462839260519,0.3841232279013998,0.33156684780468126,0.08939864944492815,0.8758943645932445,-1.14213391044137,-1.1843097309940511,-0.579321639641834,0.3875939448611821,0.6503390014950567,0.6595906848502638,0.14557578523875278,-0.4178598492443605,1.014194481174514,0.04753262871942976,-1.0407553571351613,0.9515606123652389,-1.028283090722776,1.3859339056642568,26.17219813686454,61.71818336919198,52.41666233035464,47.76221006441525,85.01722958246054,79.72908682363006,Laptop,Fibra,68.28909580819098,Industrial,-4.248695052285802,0.4479141776969021,0.8789166254698904
249.238272119153,4,1.6592,0.9299,-1.3582504733315321,-1.3585208003788296,-0.06825240385409857,0.3150189178595667,0.8793542508028822,0.4144673308163677,1.257906177987583,-0.5859019693071815,-0.3634473578452613,-0.4066257233886177,0.02161646642109767,0.1253326012321122,1.3181628273503787,-1.1358106996040107,-0.6751280328543514,-0.8028558974279274,0.35358464913698195,1.1678994006251506,0.2725344790771926,0.857305667988372,-0.7627871546711814,0.9286862527318007,0.35890023671049887,-1.2215038575188135,1.2524005177770934,-1.214046745660752,0.6865458564520621,28.295833718126048,68.74833326032123,51.91403997885018,52.36913663256142,86.17003471416587,72.76121369923182,Desktop,Móvil,66.26239194187826,Sistemas,-4.129164821938315,0.6789030791043763,-0.20775446390667357
348.5531960097736,4,2.2859,0.9152,-1.7909585226245281,-1.421662776958464,1.945869701128352,0.06910572327630812,1.490768824693224,0.21726888316910992,1.4979700419323894,0.10237248076529569,-0.811777888506241,0.3684627005121473,1.133443555559839,-0.09533632952183436,1.3233435986339885,-1.3016749650483352,-1.116215747439313,-0.44567578688581966,0.41703985509737596,1.1304804026133093,0.6328904348567844,0.26547796448902483,-0.5857291739382999,1.1422670018451744,0.938929632876587,-1.329431645444741,1.206074765677786,-1.3429201108074493,1.0377861209150125,27.2047268720126,65.05957497144699,47.6870769224639,51.71489288182657,87.01084794658264,79.80699294727046,Desktop,Fibra,62.8039880478147,Administración,-5.068971076640201,0.7834118439660521,2.120202321830343
429.2596914018437,4,1.8264,0.9288,-0.9880151373326977,-0.7806849645711668,1.6423771000235647,0.5191034420111063,1.2339604255259313,-0.01573189881453399,0.9980265807233629,-0.2092484802628733,-0.6512954985050998,0.39151900441101634,-0.9096065404202855,-0.4533884346469711,1.3534323167889908,-1.4494299742743852,-1.5851858050621144,-1.0087091818571,0.5024007238759904,1.1907996703663875,1.1168916239066045,0.3449724751929741,-0.4381289879012464,1.0215190794246636,1.447008271413445,-1.3914937181009686,1.1981992518604885,-0.7584242986144326,0.8729276865791105,27.163786373946323,71.172746262362,49.6751504456353,51.33786410926079,90.39238519131916,79.4804343260117,Smartphone,Móvil,62.9369993052073,Psicología,-4.894724077248334,0.443780254167953,0.14005615400778373
282.36521759730715,4,2.2412,0.9174,-0.25493031573306435,-1.026742488053166,0.3381508188792077,1.0280495632619078,1.8810258249230813,-0.30482922610244867,1.0243803487790486,-0.9375593800145989,-1.1271099822711945,-0.17504813989198312,-1.1300389106002031,0.16959371078325028,1.2648788914743236,-1.5573871748567847,-1.6056616904698422,-1.62936413234245,0.743944822424835,1.1914471651877585,1.3537131443243413,0.3192256405991832,-0.33236115858918513,0.9069159816214019,0.34383153612272155,-1.6544839667881104,1.482883636888122,-1.0254994018703094,1.295739576834098,28.13057029814155,63.09971782549732,50.87666794316698,50.21513553646221,88.25500915414376,74.18534852963577,Laptop,Cable,70.88220034968104,Administración,-5.304783104663054,-0.5246498551055192,-1.2751881087506645
360.7002971398396,4,2.3813,0.9109,-0.22677857074105626,-1.051022020670021,1.328874299496029,0.40266322991893494,2.0843110507241747,0.07612145356062845,1.27588033503337,-0.47234841005172257,-0.7700893888739941,0.158860602026782,-0.5116405719422759,-0.4605322428496859,1.3376594045592973,-1.668103519521768,-1.154657455298338,-1.295530864057274,0.23178413582635457,1.6852408288146377,1.2154527855977613,0.4679523324855777,-0.5140705969511025,0.10486232167632109,0.4184057200195724,-1.9885256104295974,1.23721513802789,-0.6392957376680468,0.938429196848713,29.26046291205625,63.79102843267107,49.09051202419651,52.40060998294754,89.21775473739913,74.74270980169787,Laptop,Móvil,68.09071820732328,Industrial,-4.861536169736653,0.7444760914404591,0.11696390242382904
248.2173402216445,4,1.1832,0.9497,-1.3151745490762705,-1.335915122214444,0.0705484878602409,0.46708842223198904,0.9514963731386976,0.3183045945147507,1.241059506145329,-0.539587643603287,-0.4877818373571484,-0.17095766521854283,-0.49206300944087966,0.11983097270157801,1.233288860890875,-1.1976766923151865,-1.0535235356270143,-0.8290835793640037,0.412307513773449,0.8903006077995734,0.34787290609144766,0.7887832739098742,-0.7470644607721679,1.2566208463813981,0.20590335915832508,-1.065020159703629,1.2127714944608883,-1.1745574047260534,1.0801974368687028,27.2969496652734,68.20898475554816,52.48640918155311,51.14440332475984,87.63272699772334,74.14239940036754,Desktop,Fibra,66.97076100154749,Sistemas,-4.367077997225712,0.6910472976677436,-0.586323052341483
267.2646961129112,4,1.3661,0.9454,-1.5814537277552467,-1.1466489112718987,0.4446907529370415,0.5512853533272478,0.7792327056911912,-0.005146602862056295,1.012584478670864,-0.3582733128480908,-0.763816923220494,0.2924626513203979,-0.31018020729743956,0.3821567586012395,1.3130212567192934,-1.1981033881627543,-1.4839911041963663,-0.7448353814383821,0.8138637066180113,0.8642165099376783,0.8492696065883879,0.4179769431133425,-0.5353957098026655,1.844676638524517,1.1741324352423865,-0.6823950811802585,1.3160965277480816,-1.4359831248509036,1.3145069525156938,25.082639320062416,68.37273423676004,52.04923453612249,50.16831273864042,86.84456171946871,77.72758588300653,Laptop,Fibra,64.22985616535853,Psicología,-4.975102318032557,-0.05628160452310962,-0.17510704206849406
188.08629626705132,4,2.7073,0.8925,-0.2731307233725655,-1.273956185250904,-1.2702761213271903,0.45298039366460363,1.6345239695327753,-0.1695398810777539,0.6313126268197752,-0.08295255923884054,-1.0931948080296015,-0.023499529423102263,0.6169649458499082,0.6321988927735414,1.2602544338894763,-0.9330216563189642,-1.0527052370085666,-0.6012530849559788,0.6406909431049174,1.2021829526195416,0.7264936865460956,0.18926498377935252,-0.5101156540868562,1.2929876159499751,-0.05978383283521879,-1.2254207936719568,1.1274370255491268,-1.3567184784198354,1.1484160095156983,24.638906302293805,59.6226157471674,55.0023683117619,43.87922051493823,79.90367374089904,73.30793521457434,Laptop,Fibra,70.34466714787784,Psicología,-4.037946033127,-0.2797694198456702,-0.8566238726318993
220.85940482888049,4,2.3283,0.8998,-0.5446707131525995,-0.7397565180363403,-0.40697990249255345,0.4104774966953102,0.4452277592186388,0.029723412885527024,0.7355419760704447,-0.8874230483876006,-0.3924301123903744,0.44085562733613676,-1.1145649927310688,0.5868596629801157,0.8503804267893941,-1.1040808089305796,-0.8841263719398529,-0.9501181299443742,0.6010433768666171,0.9663879390103053,1.1134253433644004,0.6268410455122939,-0.42558562307137177,0.9052741353820329,0.5498328820270959,-0.40292413614027667,0.9933012178949752,-0.9064649923089123,1.4186954070343147,24.67982978634582,65.46635216636662,58.59182176931778,49.905069391603874,83.40572187687077,74.61681012793107,Laptop,Móvil,69.58502825388793,Administración,-3.5592896370122147,-0.05112087687148629,-1.3591695346320538
302.75512579393967,4,1.0952,0.9552,-1.5331314125008721,-1.2819734079398728,0.9539116433442976,0.4098901898930927,1.196547693556188,0.09658439269022691,1.2701844508548013,-0.4034233424516487,-0.773360675551981,-0.05906854373977232,0.44803088218262216,0.18628176330167392,1.310120054512263,-1.234934698956747,-1.0868710583676238,-0.8088575841266037,0.6096679499762807,1.0839409449335493,0.7070949558592285,0.3926454435658348,-0.514109670911085,1.1894944652733628,0.9008562233394821,-1.1868120063064658,1.3450770979371198,-1.377945519371773,0.9232333371870008,27.559187979658915,66.5182864763126,49.641628599227005,51.72164908307944,86.27935596077353,77.03315777382223,Laptop,Cable,64.92355183992174,Psicología,-4.884214678663143,0.10986106833622503,0.7884385046974246
252.76509263667828,4,2.0654,0.924,-2.2323513923550915,-1.6844755869257086,1.3995230604198312,0.34028465856358076,1.2345939998796667,0.3167444567261983,1.734218126589292,-0.35601028453369316,-0.7950242307592069,0.01648797740851578,0.6999547350683667,0.24535631554396997,1.257410847254717,-1.3047035165899252,-1.1858585880784607,-0.6189506299367022,0.5406044982606684,0.7237628251882163,0.3290822785178728,0.540993355138503,-0.7142081030560521,1.6021890706954525,0.42190032073570316,-1.015433685161336,1.373689789344942,-1.6223865888259614,1.3785602092515306,27.56011045145957,65.15710427172716,48.30709523957807,52.97975226358105,88.33361774991789,77.69015606679729,Desktop,Cable,64.89929242022147,Industrial,-5.34408278930076,0.6591607434910407,1.3548697540336365
240.6322625597055,4,1.6477,0.9379,-1.04589066934896,-1.659178449298158,0.6089808547713653,0.28506802706362433,1.956508440519641,0.33938815925810445,1.5403059519704891,-0.2024533920368058,-0.8031519869492545,0.04680080916212366,0.2016888328295248,-0.15370606208914445,1.544505533704096,-1.5517117028907668,-1.1760940320403588,-0.8617305786523662,0.26889887218136876,1.4911104610746178,0.598526267500461,0.694994602846548,-0.8688217424585815,0.9542078791146551,0.02358477930732857,-1.910148608230173,1.3412292055848531,-1.222002190262649,1.2257038875943953,28.15645716142253,63.19182976041506,48.374615353040944,51.91542154327699,89.048566785392,73.04147537781483,Smartphone,Fibra,66.97866427229411,Industrial,-5.294697553870819,1.209774723881132,0.23662746340422666
336.5570240524212,4,1.534,0.938,-1.3453634113652395,-0.9786551945754338,1.158141224464062,0.12266138598571252,0.7834425350394265,0.29467339525669234,1.1506322075067135,-0.2930932755595647,-0.3305688192270143,0.5138692962054455,-0.37814461328378973,-0.17549028646152975,1.4200107460263793,-1.4074953338810803,-1.0648610777762244,-0.7691621045863383,0.42766863433576763,1.4980860028901775,1.0008108658664752,0.6772967072977577,-0.6474101729601306,0.9222180363136104,1.5212900815164958,-1.1468242409662366,1.1947966962946472,-0.9752945665023203,0.9033577068981595,26.655438753468964,70.71597254863607,50.9343040369254,53.88226999960602,88.5789147953931,76.75680154043603,Laptop,Móvil,62.0296559246326,Sistemas,-4.655229200054505,0.8590430392778597,0.43416034815710103
208.65706403677387,4,2.2142,0.9201,-0.8660261435394329,-1.4385548806098842,0.6548455151615847,-0.16519828752145924,1.7399557427429244,0.28329386252077465,1.341195184190072,-0.04453557641042962,-0.7269588933640085,0.8541020076400598,0.7008741591673953,0.07951094892704658,1.711567239785365,-1.6760974189751545,-0.9745744633026027,-0.6994929635850915,0.40048880763566036,2.095347016462788,1.3692678615971277,0.6166385621927676,-0.8097458943693077,0.7171595844293862,1.0533012031573787,-1.7637335794140487,1.3316534594065594,-1.2806600521467075,1.3608434577511541,25.927303422114434,61.17138097343116,49.42722582192968,53.48975943140824,86.35072677796845,72.95261589976491,Laptop,DSL,64.36312332694396,Sistemas,-5.406743226615146,1.1015454017745634,0.8360414628647784
284.31316711182524,4,1.7559,0.9327,-0.8419763232511928,-1.2004137245909885,-0.31143283411732264,0.9381630154233275,1.50990078011194,-0.1639774071280282,0.8166201208959063,-0.24073176997242499,-1.0455039804065065,-0.21218801696444417,-0.7972145489455527,0.07865015675855673,1.5406575193867453,-1.2600644505805465,-1.8292880706593253,-1.0356860690516854,0.7583863439167315,0.9707510029447188,0.7290369081663037,0.36366808417839674,-0.5803343551836208,1.8358356277232508,0.6106309249796955,-1.4145830819666438,1.4109033675536429,-1.265108632963263,1.0736257151758033,26.252558418169983,68.23052320528703,50.74445958925379,47.04497936046087,88.2215836881265,75.23665441396683,Laptop,Fibra,66.50673263554013,Industrial,-5.157776792220164,-0.14266967828594873,-1.394024377397901
327.7465693527884,4,1.7717,0.9285,-0.4491236781471851,-1.1021993568858544,0.6269196586419431,0.6302979727927601,1.6635282218925915,0.1231574177785279,1.157159307842662,-0.459436786537865,-0.6861136313130226,0.01754241930240683,-1.2055212992170183,-0.337399240795725,1.16510538144342,-1.4351431399631682,-1.3962192719104622,-1.1372960627754676,0.25790436056733884,0.9928920574619736,0.7091320555856225,0.5960897884190411,-0.6186529160648124,0.7868801881627755,-0.09384119631560281,-1.611050255543158,1.1122520966868872,-0.6756097057340459,1.1795977320463484,27.964909714474302,66.2706555335619,51.84599795289862,49.70408218009178,89.81671172187653,75.10768501641431,Smartphone,Móvil,69.11845849748441,Sistemas,-4.485879664398328,0.8342949167577043,-0.954864041457177
329.9442111658004,4,2.572,0.9079,-1.6466465473599683,-1.293006076872577,2.5653368300442003,-0.09630521886166432,1.3824654290988092,0.29746517785728177,1.659425277889434,-0.07755639611956204,-0.6494006109304695,1.0768696883605382,0.398838595279287,-0.13605811618433059,1.1464188052980004,-1.580665309704114,-1.201516047068751,-0.547601227182639,0.32772325574526057,1.2049854374767397,1.0754454170298176,0.41389184849706234,-0.6097469543255843,0.9166893378513272,0.9607077371785784,-1.1093015899090393,1.0897024087478144,-1.1017444947192128,1.6528290619308705,26.20493936756233,63.37247638208877,49.22991234178647,54.06570406840452,89.08559660849639,80.39734221533757,Desktop,Fibra,63.53501697860272,Administración,-5.231757715343732,1.2717093490445117,2.057029979190446
215.6736612375649,4,1.8851,0.9265,-0.9577316343336059,-1.4394719315793503,0.5501965564589003,0.7446448919708927,1.6420961835063186,0.006854519861527704,1.4282398869127297,-0.7927637372674318,-1.0047426772282366,-0.016848665439059773,-0.5259932001746459,0.4048876349993603,0.8754464281739113,-1.337075309943004,-1.3622814406240649,-1.0907080202381219,0.5346073255389945,0.48048608708401264,0.6527519560459949,0.44405883939460905,-0.5173347933982904,1.23671158378861,-0.6277115291804611,-1.0508792462457544,1.2238641791189289,-1.2332014025934959,1.8241180329252071,27.145268133785656,60.03621745563844,52.73847819000444,49.46922717083808,87.19456516153306,75.71145391130234,Laptop,Móvil,72.38043510051051,Administración,-4.837544020992145,0.18341227198284077,-0.48262507304973745
299.0647248599724,4,2.3091,0.9114,-0.6667439724546099,-1.3640755884648916,0.6045894674262753,0.7036852586925587,1.8570764514254576,0.1275467129482096,1.258318787922499,-0.13218873579285345,-0.8898808692270532,0.1774106315812338,-1.1966814943211765,-0.2882399880350156,1.0266395122944654,-1.3446724388397118,-1.7607609869752574,-0.8414765484550057,0.22636670819502555,0.41604960373363825,0.32713230580251496,0.5050105514819924,-0.7232347682884239,1.4197137256771584,-0.790079772070591,-1.3767152584161133,0.9831092429836268,-0.8013268303737183,1.6945559624635018,26.513934776396614,64.15951059821401,52.42106222668116,46.52238475697076,90.46936368892172,76.92392598873263,Laptop,Cable,70.30158587581815,Industrial,-4.596996165403662,1.1446995200991095,-1.0270689787133174
272.315668686274,4,2.3682,0.9141,-1.6113054524422452,-1.325077925573929,2.1790429106965123,0.10971783034587784,1.3834678122989803,0.07679942611693087,1.5849662244215097,-0.3001502665497313,-0.9080461888665837,1.0346679728073849,0.49563256920695664,0.33819601664427235,0.9627350963407221,-1.4812201749850278,-1.292477097804401,-0.6191732196379596,0.571300335371057,0.9034400095756795,1.1864175655724656,0.23099495488350144,-0.45879865697293387,1.1996017596723831,0.7011775744326215,-0.7705304823164026,1.142058140676463,-1.3426093081427817,1.994174455445452,25.275593624141088,59.84408046314385,50.81108990151491,52.43779687660413,86.86201065336678,80.63951471030511,Laptop,Móvil,66.20685910814373,Sistemas,-5.302347242819967,0.5626496826127457,1.7809457335369987
215.40074267927025,4,2.1667,0.9182,-0.7505361462250404,-0.9976343464631519,0.47921593614484037,-0.045908407580924064,1.007356783345899,0.1363097975728002,0.9500988379767823,-0.05738825259905263,-0.5690059900315796,1.5011261263400095,-0.5987801524911845,0.2391519610146685,1.3716924103753607,-1.5458559594382766,-1.3752898493465247,-0.5872407763900659,0.5434784601480309,1.6958708000342335,1.5850807323348535,0.5772586866328644,-0.6971046593889328,1.2489661799756449,1.277086388470943,-0.8444044295485059,1.054979909581089,-1.0369337296082388,1.9154189456434763,22.5557696932828,63.6213695445828,54.61622287957009,51.04658214196721,86.62068893708225,76.03286839653549,Laptop,Fibra,64.47186327093104,Psicología,-4.916083816803002,0.9765537541689341,-0.26421637037746476
323.58015864026635,4,2.3474,0.9072,-1.661257137390924,-0.8083939099686719,0.8648576209717641,0.3314453848145732,0.0773294765230969,0.233245809645747,0.9454585396870238,-0.35248851261428327,-0.22278920845065772,0.7202445174340596,-1.2688256388115295,0.05110804671068008,1.1524113200096682,-1.200970254496701,-1.402478799896176,-0.6264063987659667,0.5930448970629417,0.7651932978678715,0.8281876486066901,0.6998904609039737,-0.615385733810561,1.671714859780323,1.5223470074746104,-0.2887631946111807,1.0471466508704208,-0.9904060097458172,1.3045029825275938,24.369283039759026,73.77023500347832,54.49425608078161,51.85483853961482,89.0695211185255,79.15437434253502,Desktop,DSL,61.995481058455184,Sistemas,-4.309035731934386,0.6597328614495873,-0.43739105643801657
333.88659158210385,4,2.5237,0.9081,-2.2799224713225343,-1.2370876321933082,2.255824037993959,0.22657980127599112,0.4477240368577258,0.47761220793584874,1.7156688772328608,-0.6417402972349915,-0.2458961759707834,0.4150706301300527,-0.4894237062094394,-0.0960263002747721,1.1657007436842595,-1.465230059503009,-1.1484557195565277,-0.7946915236871678,0.453339810289694,0.8028378097282513,0.6444102755908303,0.8215316146186702,-0.6856914648961497,1.2810832141134765,1.3016780435893527,-0.6825047140532543,1.2738498359927872,-1.209743084086757,1.2740732824289633,27.735368718932826,71.96876945399126,49.39010843636687,56.91697959490554,91.84152356994468,79.31769732904752,Desktop,Fibra,61.71810809286152,Administración,-5.067574351617625,1.0272078447251527,1.1936385588835088
292.7590285056642,4,2.6196,0.9059,-2.1411523906465395,-1.2181199291794762,2.1804902093576604,0.028482814758078286,0.5694918239355657,0.39670397763307913,1.5988399582996902,-0.32225263489942324,-0.37464837083801167,1.1232502935306141,-0.42141417261298153,0.058525514070668555,1.0994776532242365,-1.5039429894000467,-1.3326919453636645,-0.5380094189113092,0.4746166948188708,0.8605425404783607,0.9430730123381186,0.6820466523059615,-0.6968904565864739,1.4788386938577054,1.2493572405224418,-0.4596643768386475,1.1104563301099006,-1.2046620452354175,1.8393570400264325,25.05332323688137,68.0574363941866,51.35341235041248,55.17778262743857,90.5425451301339,80.39130754882957,Desktop,DSL,62.20916362279919,Industrial,-5.149048997045324,1.2328953129381681,1.237623265012505
288.6631521129882,4,2.0181,0.9139,-1.2303658283415997,-1.2961884022232544,-0.083724120307829,0.38433343694161387,1.146415578195264,0.11658786753285175,1.0051386078785676,-0.25703140052988693,-0.7263119943964698,-0.5034292362422218,0.8686284234215991,0.2912776529741184,1.201525659227305,-0.8592457723681187,-0.7383380752093599,-0.5777786366919907,0.4946169453212358,0.9206635314448719,0.22141662937288126,0.36268879290974765,-0.5241965652263119,1.0977684689984415,0.32338057070037074,-1.1599855482448271,1.17307542629292,-1.3400930988181725,0.5376249767510088,27.516025784940187,66.10264898671919,52.0205523745702,48.11260276670615,82.4584241443667,75.55017673655779,Laptop,Fibra,66.79010934311023,Sistemas,-3.8748610888017847,-0.0040953309208840724,0.3688919124691567
276.8095367147729,4,3.0377,0.876,-0.38932373642040125,-0.8468781153830102,-1.3694612637840167,1.0381059004371762,0.8709202174440226,-0.2014229966680289,0.4298602736764452,-0.6885376617529356,-0.7466599913034269,-0.6866926527658926,-1.1737618465303563,0.38128353774384005,1.0833560160780562,-0.8203396559494144,-1.268896907663977,-1.087512329981951,0.7124768527485061,0.571772583530641,0.4534332204007242,0.4251902668284694,-0.3957454423841502,1.427924553148123,0.12435404968976169,-0.8990803769420147,1.1629391438460732,-1.0090180360911993,0.7132084036689453,26.39363569793096,69.23346007389974,56.376949876396665,44.9394602978678,83.72853076359574,73.8831603348882,Laptop,Fibra,70.2404288934609,Psicología,-3.5370493597642336,-0.709032574227425,-2.396725652009638
337.2962094884808,4,2.3506,0.9147,-1.0861614119873466,-0.966240402077601,1.2936593149834315,0.544092452058681,1.4258218692479008,-0.3214890601794973,0.8364627593433585,0.25341888863603396,-1.1811689289103782,1.1125642232834405,-0.44239200527429623,0.13083261108106134,1.242515959524997,-1.3403653527249881,-2.091978339169317,-0.5796408100584505,0.8310278858446906,0.7796114990278735,1.314557226633752,-0.07412006126561174,-0.3796169808050359,2.0543749126981248,1.2441053617798248,-0.7924241523791846,1.1191205984537138,-1.2005525726419073,1.8487377828126625,22.76775056222961,64.67200571976684,51.744043873471966,46.22730828764181,87.66263398093442,82.39035000573747,Smartphone,Cable,64.08891331773621,Administración,-5.372817378989418,0.041886256094560294,0.1971112517953198
310.34825688612096,4,1.8796,0.9242,-1.473956765528179,-0.8622375165272708,0.7875462570339371,0.7684270619451002,0.5369720633770748,-0.10198980470728412,1.049514436898424,-1.110183034947732,-0.6354060341127349,-0.22013541633186118,-0.5947487408667913,0.47317631406556626,1.0765124396677697,-1.19608566724264,-1.1114194818696288,-1.257998918199866,0.8880983639853727,0.8245338214822259,1.0461703871598564,0.42901743055600805,-0.2570796218199045,1.1667756695301386,1.3271478450354661,-0.6632685187989095,1.4298257212636292,-1.29012016047742,0.9132809418955118,27.696418748709075,69.51829578970143,52.20114141411256,53.26641877644585,86.28852117618621,77.24403649500556,Desktop,DSL,66.12671308114962,Sistemas,-4.646579616911251,-0.8016419722372182,-0.15907250926188063
357.62127891325406,4,2.5232,0.8988,-1.1465457252831197,-0.5823510045707935,0.9797423135885801,0.25655746740502683,0.4902364513466962,-0.20541273240683525,0.5550319760274428,0.06936669886056426,-0.6857584725451483,1.117158661094338,-0.3363121494034384,0.3052788027205294,1.014621088425676,-1.0206684684220302,-1.4978271719411387,-0.3895824919503285,0.7876179145388144,0.8100967146083057,1.2729668561147414,0.04057691228811461,-0.27124204163999444,1.650481468913404,1.7498269754032985,-0.2192387017664049,0.9063500664520644,-1.0344772602571144,1.3879331224709381,22.293637162662087,68.13544815922214,55.53398043499685,47.13900405745838,83.98378011294331,82.52976202878955,Smartphone,Cable,62.7966034137704,Psicología,-4.127011847752701,-0.14042982541151458,0.3033439997119946
287.85807081384803,4,2.5079,0.9147,-1.3081864672011916,-1.629195760905127,1.5202145916569052,0.7325158990832177,2.1392572133371703,0.05436208044905707,1.5747764374495725,0.03338974838025558,-1.2054367362936411,0.5353295837973008,-0.8161977880473411,-0.24368067375123847,1.2827264089448782,-1.6317474173223478,-2.091978339169317,-0.8345400616823179,0.45780391719697155,0.504513794778694,0.6147127554772206,0.3651682481645246,-0.7583072338886201,1.980582493479512,-0.24746052861347886,-1.44520355595279,1.2492985181323697,-1.202729789736117,2.1190258848005676,26.01252179682705,62.99271437186571,48.35922621921594,48.46899224549716,93.24632807666062,79.06387027064751,Smartphone,Fibra,67.52402232778806,Sistemas,-5.965814264586648,1.1176918247119942,-0.07186851775383868
425.29526840350286,4,3.2404,0.8776,-1.5151022532443412,-0.5975223023847682,2.2188431332906022,0.3794553145482476,0.38969923686921,0.14029597295797872,1.3224187518346187,-1.340114406832548,-0.1940954885038077,-0.21685323315503174,-0.3275717429656586,0.008459637053326004,0.9342278227561677,-1.3219392325170636,-0.45852066729220636,-1.3830809433276188,0.5510987073451149,1.2064173844428232,1.188517742155926,0.5483791425316086,-0.1554220422514427,-0.03315204645744666,1.7699690022540884,-0.949641104481602,1.3207972734249276,-0.8520599779917029,0.32644505748196734,29.71891086692365,71.71131241150655,50.57448382279161,56.91697959490554,87.09891750361265,78.29296031541264,Laptop,DSL,64.33903411611293,Sistemas,-4.138129938154061,-0.32879026334414263,1.2757459819578565
220.61323333642991,4,1.9921,0.9241,-1.0415458057961977,-1.0896288928401965,0.5327120367134835,0.12189738011178985,1.0796920823505098,0.020460789710996023,1.1006566932473782,-0.6145900687662718,-0.7124942588957112,0.5679492955159533,0.5035185463112092,0.5503801811191289,1.436413905132136,-1.4516843448478913,-0.8429505446935092,-0.9438367410801443,0.7575128592874,1.9034528322406516,1.5756321551491348,0.45010966600020474,-0.463378244126956,0.780020221832681,1.5474415880367718,-1.132373788383437,1.41497867962446,-1.4066510760568318,1.193686295165184,25.94158800715578,62.90116712166549,51.57861508718839,53.942725668970056,83.79062336485067,74.38341768266775,Smartphone,Móvil,65.10522752214797,Administración,-5.071404973650357,-0.11708791839256014,0.6207614128686314
223.85009000193705,4,1.2546,0.9533,-1.6518008913008695,-1.4868376517774298,0.6995540215332993,0.37115394789090794,1.152744879966355,0.33923101390577826,1.4912930967793223,-0.5045997450599126,-0.5948468045260671,0.2605539334259654,-0.40394377652758107,0.06306837532876183,1.6640362113265135,-1.6306752279019094,-1.3514523803838325,-0.982863381765918,0.5752438253727317,1.506157209974177,0.8994186281283321,0.8642090832211756,-0.8570856985996528,1.4283483561048957,1.0570009435073995,-1.3636354981379155,1.5265556817662258,-1.4230813258437305,1.3323155976022951,27.173130333114205,68.21958343401278,48.66030513040928,55.14205544498452,90.82174331838118,73.67874360591085,Desktop,Fibra,63.58956885596324,Industrial,-5.7444553089512995,0.8653008127409153,-0.04866185404816633
381.290629704349,4,3.2408,0.8923,-2.161595995408393,-1.4497041616271735,2.60011372027711,-0.33006806815011597,1.4072018206781844,0.5420671474985725,1.7525163338089238,0.35405434354809157,-0.49906166192920853,1.2093270769831392,0.6720876994108358,-0.5881657679643018,1.474231758034551,-1.710422091715298,-1.301691365592915,-0.31598910838650424,0.17280634859628718,1.4566830795948127,0.8817149968724766,0.5498575558796303,-0.8316287765814198,1.0573939781278958,1.4522940339231143,-1.4061280308220043,1.1328266906755222,-1.1166714273486884,1.4188726370283729,26.700726722173247,67.33548168822102,46.542018945842855,55.97107191784465,92.2264723951357,81.34169122459852,Smartphone,Cable,58.80566849429722,Psicología,-5.569343561144617,1.9988890973242848,2.4459565609008287
314.9903508414421,4,1.5688,0.9396,-1.4688967200287861,-1.3221226073683603,1.2533851078059628,0.9008938741925908,1.4487962328950028,-0.02657848477763077,1.4208183287749812,-0.6835763157166833,-0.9719644177393539,-0.22604934301440874,-0.6469712310793505,0.08551437247827241,1.081954096332456,-1.3540558118499495,-1.6265335500109068,-1.1467879708133186,0.6405200277037141,0.41811307263876146,0.5842462923597798,0.3775072049549316,-0.46799264191929724,1.50512642107189,0.18401756082336468,-1.1376678526182802,1.3694568341897038,-1.2570901583009748,1.3806294644645034,28.165866772899,66.23293916908027,49.58630168953118,50.77288774563368,89.99281706042002,78.21486104245321,Laptop,Móvil,68.10200055896482,Industrial,-5.241403042875561,0.023449406623611276,-0.06603473206635992
354.4920275161696,4,2.4663,0.8992,-1.1345017161570237,-1.2590530679409562,0.8342312095804196,-0.2112760869752541,1.2230235199023702,0.5815880066368376,1.256740424204554,0.1403304473581146,-0.2165782375154935,0.06852498178967646,0.6559015981002365,-0.504193903149301,1.4463803316421657,-1.191174310351606,-0.5129136106049459,-0.40093900474041744,-0.02933892934803591,1.6346111501171052,0.2899695000706412,0.7526754486117412,-0.8420152015236262,0.38766929775933145,0.6676401778053143,-1.7026294587598803,0.9873871411348123,-0.8314824329988103,0.344782365024094,28.282875379122395,69.2669083614585,50.206905432926376,51.98792372900978,86.42161058182015,74.86774071309637,Laptop,Móvil,62.86866429708281,Administración,-3.8200223273696396,1.6441545849372603,1.0511819432772216
207.3565328277161,4,1.8203,0.9296,-1.245521515655285,-1.6674734669928335,0.5849910377436673,0.3927695607029468,1.5671648292327913,0.4482335570348982,1.7323646179248293,-0.7741894138933623,-0.6012237321542448,-0.2367639161178505,-0.1827799034773272,0.06691021871461904,1.2076120657315113,-1.48165440873666,-0.893676821208988,-1.0468975077275458,0.23880583497649716,1.0796779709618352,0.3924037359597306,0.8995391055728161,-0.8319157059327795,0.7761807875232589,-0.4575617777333878,-1.530254574077661,1.3160303596843022,-1.205920393139966,1.342960334650247,29.191072764218,63.15966551823177,50.27717924539269,53.78682925100616,88.99774465294067,72.26913971680762,Desktop,Móvil,69.68053170162061,Sistemas,-4.875875586820743,1.090386630525784,-0.030916783226546538
274.73632218016246,4,1.8834,0.9266,-0.39203083066162503,-1.3632478401633052,0.3118164376671344,0.5259691120765895,2.021692504483981,0.14333212242911053,1.2115223088292988,-0.16182912300694965,-0.8703228679994409,0.17334254223013448,-0.7557173800900103,-0.2574903955155647,1.28055741078541,-1.4600016658801078,-1.4871298000268511,-0.9383112817606705,0.23112834091638415,1.0963509717128173,0.6405157902935086,0.5568227052740068,-0.7466752512667516,1.0050161981917058,-0.4242476059207426,-1.7567116041837088,1.1097530612034188,-0.8439545877165566,1.4341040803799003,27.03624976477706,62.99515355302121,51.46383044398074,48.120598113442654,89.11448393695352,74.2834433201902,Laptop,DSL,69.65386623909681,Administración,-4.753217156645553,1.0884813905006878,-0.8650600007599871
184.56747673731724,4,1.9534,0.9229,-1.7946372353995663,-1.4513102192513831,0.1498932462258572,0.542117893788114,0.8249561726037126,0.06646006245058361,1.305541794325561,-0.804331079718271,-0.8239613395860758,-0.1905363548783824,0.49221301179777904,0.844894217218581,1.089230430566022,-1.0731268315361657,-0.9668934333001711,-0.808208140255654,0.8254062082254758,0.690562102905226,0.5827771141305943,0.47010918628717496,-0.5013360341630092,1.5858266164853625,0.4584777846454373,-0.5782732527067874,1.4001052052886427,-1.6223865888259614,1.3475600624998902,26.50775026779137,63.74082008414842,52.46469311118749,51.31647353275774,83.84143185883964,75.62582999601227,Smartphone,Móvil,67.8612615781824,Sistemas,-4.731606935026973,-0.38269600576997403,0.26136403187814805
292.57738056057013,4,1.76,0.932,-1.124776157312387,-1.4727998199201005,1.2604166991358274,0.37842074160648936,1.7459791461046714,0.27287843844084236,1.4961845009070522,-0.03490449152547445,-0.7948722676755723,0.5060273095581931,-0.5735745754789462,-0.26778468946237244,1.119510428629961,-1.4544094798531773,-1.586138114758517,-0.667307805225167,0.21019379843147695,0.688608910050127,0.4659118075184491,0.5485384269018151,-0.7831245888653245,1.3412072262683605,-0.3196221784434546,-1.3277493668650053,1.0258985970279833,-0.9592122556278373,1.7560851742193468,26.377433453738234,63.72143730903017,50.8806796912407,49.30627794767905,90.59754123045325,77.72192975399467,Tablet,Móvil,67.74856119084453,Sistemas,-4.933988805435748,1.4445025471992958,0.09049272701368812
310.8449762300234,4,3.5826,0.8636,0.5922847889275582,-0.7878930558886712,-0.49359154390956217,0.798570015576837,1.678122891859015,-0.0128506152778617,0.7106964521251293,-0.5967580992837902,-0.6264370666710789,-0.017852285748344802,-2.166755580649401,-0.31014773836928955,0.942525018596565,-1.3082467492529428,-1.373885002125626,-1.299565726417281,0.163870314251995,0.9118251759792766,0.7876120302914604,0.6225247498693621,-0.5477444812955172,0.49875548943131454,-0.7221180884984644,-1.5704391888528002,0.8814720587451762,-0.24891821189006055,1.2297326049829505,27.08677125046941,65.13012645031279,56.54715654540429,46.11478396358808,88.0000062024552,72.9887590299837,Laptop,Fibra,73.36996285081513,Industrial,-3.5510126092846637,0.6893299650780527,-2.635962102480977
243.55795014272883,4,1.2073,0.9544,-1.594578127972775,-1.5872442699292604,0.948640772979816,0.4977478576633125,1.5780656423205748,0.13702887424649113,1.4940699598261875,-0.28656353180492244,-0.9666641086247955,0.19146071759734787,0.12131535284609479,0.1676663690166258,1.4150102342990607,-1.4599040077668957,-1.5179311191773825,-0.8215456097067484,0.6048667026241527,1.0016296548154786,0.6996896457076005,0.4812426839496351,-0.7021562235792527,1.6242956260959724,0.4553045773328336,-1.3015966864651236,1.4153970770919988,-1.5035111427339423,1.5254160062722726,26.793724924075875,64.1472633773098,48.680059831529405,51.41877870784143,89.03797705587337,76.41760035861317,Laptop,Móvil,65.87347322554228,Industrial,-5.644964114755885,0.5479059632044686,0.42705234703418016
282.32896256365177,4,1.8064,0.9219,-1.5065929839729026,-1.0576804997206675,0.09800508130800724,0.47721681479034367,0.555673264617466,0.0012474267382760799,0.8737207595639421,-0.4215121097215057,-0.6587284782992301,-0.08390795895897499,0.23447415292255724,0.5364591873726305,1.050623911938394,-0.8487362191492135,-0.9998894551851284,-0.5854128039705232,0.7355448228856587,0.6283451673371878,0.5115743624523492,0.32956189081289644,-0.41287264801320234,1.5392692168984319,0.8544847414700864,-0.4827278618211065,1.150901501429225,-1.3897763609255962,0.922531887983277,25.60395232858092,67.94818955945664,54.09288205174402,48.52788708089476,82.9669249131928,77.86786383952331,Desktop,DSL,65.72428862265933,Psicología,-3.9657762844338436,-0.35529282247807675,0.06965444535505867
286.0002815508764,4,2.8843,0.9017,-2.2798913030711394,-1.1378365392300267,2.272160997136621,0.3615570908324242,0.5101324593997483,0.14766552784832496,1.5838054065251692,-0.7597065698225556,-0.5849849667056111,0.8789432332357277,-0.5356642270272354,0.35338929342754255,1.1054796021829274,-1.563616139590296,-1.4816579215211219,-0.9087370723399743,0.8113211070970813,0.7992436973677919,1.2625483394462762,0.53982354551809,-0.4851605601676099,1.6184000603533168,1.6344226425384587,-0.3575610295138023,1.3751393987368776,-1.4353482294607747,1.846906444902819,25.69795480538022,67.96206471523547,50.36493831025194,56.47187946051759,90.50151894717168,80.65316446268046,Laptop,Fibra,62.759598705412415,Psicología,-5.679216269537366,0.29233004806807183,1.1272878644854125
325.23222502077704,4,1.8431,0.9218,-0.5085450547135162,-0.8161717355837405,0.33441343414843194,0.5172959294056549,0.9667343849161724,0.16217266269623476,0.9370224856117172,-0.6475902055909479,-0.37031298827242337,0.14361632607257654,-1.4833440401980373,-0.182210495385404,1.109236799548745,-1.3232933670005635,-1.1479054201572592,-1.1121105880589695,0.3317417141302192,1.0930747674571686,0.8643734086731539,0.7215274677417824,-0.5665928033078724,0.7006864452483299,0.4826505487889609,-1.183847441966358,1.054513932446434,-0.6083213258920338,1.0136737005439789,27.170554951288043,69.36246010982755,54.29064480776449,50.920252607783134,88.45635773301763,74.8653409334938,Laptop,Móvil,67.70314661136206,Sistemas,-3.9734282506674288,0.642146159759073,-1.2307051349682492
584.1438745293822,2,2.1844,0.908,-0.5708105137028655,0.17491167981556832,0.49118894379444333,1.1236341690068594,0.14846615404434005,-0.9476388080899583,-0.11491395892398479,-1.1449891764937628,-0.9424100399719504,-1.8408028424883234,1.4699379376905246,0.9711698564676601,-0.3604149054019247,0.4620074253173019,0.09081680408372453,-0.8389358004282772,0.958893184046048,-0.8714319249797926,0.12993165090730086,-1.0114404825717453,0.9937577187824499,0.1027682422203764,0.4670892112000124,0.20084203178452048,0.6622955662055984,-0.8290298250724275,-0.9101969703358515,29.44185012157945,67.19119750650363,59.869901771687104,39.83865507560365,68.79920549404665,86.47672845488526,Laptop,Móvil,73.23584206451048,Administración,-0.46740520674353997,-3.759931714568067,1.1855045926007095
502.98296312700097,2,1.7324,0.9301,-0.6227667621768903,0.15960475999474757,0.03894752814311403,1.2165606612754913,0.10462446487854007,-1.1801514397420378,-0.25398480378530813,-1.2559745941749174,-1.2014017004615487,-1.5386173472575602,1.583351874927213,1.4429321185087027,-0.10127406060640498,0.31463940871367757,-0.17004832091692546,-0.9718566873810847,1.375889372486765,-0.49933757492443237,0.7351426292071889,-1.115965095790207,1.0538179108318622,0.5493123074383842,1.1716313176826663,0.35002259278588166,0.9408495973023977,-1.2371682713817387,-0.5732850093396014,27.70123603249496,65.24570210695462,59.59728881593479,40.47530709910421,67.78603670197582,85.46217783649419,Laptop,Móvil,72.35338223603001,Industrial,-1.3474377663784487,-4.46125756001247,0.9160505499438565
563.2695747204269,2,2.4709,0.9017,0.8563605202760061,0.5818647789682061,0.6486889973959018,1.3989530587705017,0.9775380574128113,-1.5585450133264116,-0.5363620395315132,-0.9178976609518535,-1.5668449921257603,-0.4407174056068113,-0.0536318724466255,1.046866345572041,-0.5824362214150446,0.05014985323961485,-1.028263990350847,-1.104072698484372,1.17089589431918,-0.896828632816546,1.3671252191931798,-1.5080225954134545,1.2462955860886562,0.3831953615331817,0.21357243731148562,0.28485255090269124,0.4586128612244084,-0.4134939684765839,0.531179787949152,24.84389286588264,58.64749634384803,63.468474743491385,34.569733733795026,70.05990148287478,89.30496294405084,Tablet,DSL,77.85847887077583,Psicología,-1.195381265585979,-4.026355674057831,-0.22656928315230332
545.7676497202374,2,1.7796,0.9329,-0.20050944142642882,0.7019831566462603,0.20195986536235,1.4134652881474525,-0.44394727392603556,-1.4035070757378527,-0.481011404437612,-1.9573540204216537,-1.0481682942556882,-1.685490650413812,0.964008957118525,1.7742816754489852,-0.8901485493911168,0.6136130812285041,0.2144831627329032,-1.2267848186092463,1.413974052084682,-1.2010864923426863,0.8538008169255219,-1.3004308157567999,1.502922580773318,-0.04075409743139886,0.7625242500368541,1.0860542228096055,0.6553621884653933,-0.8614989973287628,-0.5501329370320441,27.987258255347783,63.888087833843485,65.0370729998695,39.528648810805954,64.27112426180244,87.7509385739965,Desktop,Cable,77.31580245466635,Psicología,0.017252204496051974,-5.3518906901372585,0.5700341210148728
596.9680658306983,2,1.6739,0.9335,-0.11732067097783716,0.6881711870219497,0.20259864235530775,1.0778901773786487,-0.25289259243007445,-1.2670578174862133,-0.5932107083264218,-1.384295988663012,-0.9430837570108859,-1.6282207136016233,1.63287633184922,1.3751179049799458,-0.5091554341460821,0.6157974501065278,0.36681050910766866,-0.9426550778548128,1.232002901172455,-0.5971373368924803,0.7862160938459389,-1.294816022472352,1.3585297431513712,-0.2549522438235927,1.2657470341931059,0.5695383951485539,0.624582839435494,-0.773894650973969,-1.1078428616312253,28.19851380639775,66.18314672247335,62.868025702276725,39.30161635153828,63.9841720586326,87.207378904097,Laptop,Cable,73.45795633430434,Industrial,0.0783032935223966,-4.819486683264199,1.1686718144164543
481.6331653378908,2,2.4002,0.9125,-0.3786362903275313,0.4237263637476717,-0.11776284280166094,1.0101301215890155,-0.2988020682070811,-1.2733396310289873,-0.37982263046712067,-1.7407035595520124,-1.0708090654917035,-1.6497095495411822,2.33211830165456,1.915826078826653,-0.5922397836639101,0.6139467794359559,0.6549942602468387,-0.9712610943484441,1.4145430351698467,-0.5494110257971456,0.909452301756224,-1.2742241675631085,1.3802362202301182,-0.21963157287323387,1.0570782232149256,0.8296638084008839,0.7772788258156943,-1.2137830747427618,-0.7590500943737718,27.93880460061459,61.0637195538853,63.45443860546492,40.84134698291896,61.23465232406411,85.41660520490798,Tablet,Fibra,75.62968637732492,Industrial,-0.19038958911856496,-5.2209968226115455,1.5377008171255468
593.9299763229922,2,1.3192,0.9442,-0.09490604020927369,0.685913789789605,0.70870861240011,1.2106760127272342,-0.05383100119702859,-1.345701809989743,-0.5537947992191451,-1.077772116851408,-1.114107800882368,-0.8085082383410548,0.5043580933858772,1.1669145844866688,-0.46454952722963094,0.30621806558381687,-0.5170882061711101,-0.9216964682144294,1.2834442670777353,-0.8307814998477508,1.0878146127934194,-1.3144121319345745,1.2428134703766998,0.4503014334128237,1.2806488183461047,0.7212389405733377,0.5668056659012359,-0.6609130291836102,-0.21418431146867634,25.694574153905613,66.04222651442011,62.8799452805294,38.13132598001265,68.82176636958185,89.71725633085751,Desktop,DSL,72.71466064218687,Sistemas,-0.7925991085651573,-4.283661703029351,0.5418658852203968
534.7421767895639,2,1.8127,0.931,0.5070726090436853,0.4844695632239624,-0.36665740038442074,1.8673188001161312,0.582159917490196,-1.5678643865682655,-0.5383479331030837,-1.6959081216287475,-1.4898710142281792,-1.8544515844879395,0.09955340915003492,1.388672725631798,-0.5385829858640113,0.32013497168646804,-0.5757980134396874,-1.5455502845649023,1.382862861459015,-1.0936709918451133,0.8664008300617653,-1.3219443215862123,1.333460637548765,0.31681111317966726,0.08573033536663983,0.2517830838768836,0.8122571463096147,-0.746635247829088,-0.2993724896280807,28.30328185027332,62.51875973455899,62.66090312257368,36.36435332520202,68.42196059586703,85.44462757448524,Laptop,Fibra,79.49857628051792,Sistemas,-0.897963607841568,-5.09668736816299,-0.8909682966529486
560.7863641193359,2,3.2381,0.89,-0.08229932070875728,0.7988914983390208,-1.918243468104999,1.938381267172792,-0.8171261506851407,-1.4917950929346475,-1.2454598141174567,-1.41342009231776,-1.0172348143550156,-2.136079775267823,-0.3302182042815549,1.4689558783499237,-0.25540566075151866,0.8815526940796459,-0.5773483207117174,-1.1391073966676053,1.61310667247279,-1.3172611713552231,0.2882347400779474,-1.1165789836617943,1.220441055884978,1.27633223425607,1.1966979880193982,0.9725239903066586,0.7813929602528279,-0.8917873754970305,-1.143510128174095,26.345414315566178,75.23989695415726,65.52606529759048,33.864696189144816,66.91410606728917,85.37392869227838,Laptop,DSL,73.3500674535109,Industrial,0.03821177037278895,-5.428633254185974,-2.1416633357581047
576.7711448292458,2,1.752,0.9221,0.9473900555892574,0.842341915757092,-0.47332090546358124,1.0376059091206493,0.10054775579287034,-1.2827144028918243,-0.9585657940480672,-0.7471891383810065,-0.9573842911010494,-0.6803852891156831,0.12020661171283514,1.0098011407816152,-0.6273255220564762,0.5159051935627397,-0.3086002323055419,-0.6830378057112375,0.9389966183813901,-0.7825625571531291,0.8689830783518366,-1.2412734643974297,1.1382558391706723,0.08114171253768274,0.4005262271748876,0.6154364787441492,0.15594707148028245,-0.1777887012875031,-0.24221766403175946,24.3092722311522,64.12177120865539,67.58493330661713,33.307735878054515,66.12277532891038,87.4717342770489,Desktop,Fibra,75.97794931870948,Psicología,0.48057593995595904,-3.718775482297196,-0.6449160476730823
543.1870302384269,2,1.8457,0.9226,-0.0017427968513238493,0.698999603818117,-0.9813975627609307,1.1289100101641383,-0.6729028692733693,-1.0452015796360494,-0.8152454036274024,-1.2744054276417365,-0.6031427049308749,-1.5191996447569247,0.3708170948496911,1.1783940602129142,-0.15894167193223246,0.5271462769843618,0.08838737587123136,-0.9396756128765414,1.1712952503078302,-0.3717682622017111,0.6560160952062735,-0.7986899755764152,0.994955941711304,0.21829330760783774,1.4226845522643412,0.5872491120688142,0.6391757121690006,-0.6489146129978233,-1.056236690830314,26.84945841977869,72.01358190157283,64.52230454620495,39.31636495650704,67.19969673067818,83.62063093656201,Laptop,Fibra,71.5558610227694,Industrial,0.05163838008529812,-4.138002500511458,-0.657937339377742
528.6959943338336,2,1.3738,0.9435,-0.08425981100194363,0.4680302787185249,-0.16550527375541876,1.1673301612571185,-0.0989926922511567,-1.1704922709193328,-0.41000236261342315,-1.6001354675617947,-0.9543064414975554,-1.7272183313736722,1.3114397101890065,1.439685102899231,-0.41544658223884806,0.4500655806297016,0.3122212562344774,-1.1275199918673993,1.2136536761217385,-0.5070313638649617,0.762854168386632,-1.0643436732961937,1.204096549287986,-0.20316629136229117,0.8821594375443118,0.4153695822166287,0.7505554869769839,-0.8631107921133454,-0.8619449252071828,28.66002479335739,64.95753314030404,62.53316343374388,40.56967796562229,65.53874125576752,84.47193443739079,Laptop,Cable,75.04214785851288,Administración,-0.30733085884292005,-4.605281642818034,0.5946390174233609
674.6898785148503,2,2.3753,0.8986,0.3467135128051826,0.6938936982577051,0.612291299021935,0.810711858556609,0.20208845549611815,-1.121599978170144,-0.6219462863033831,-0.6638624533741543,-0.8876606647453041,-1.2862262985340858,1.6040788874368461,0.7914028835218945,-0.7387090307929496,0.7306779816895198,0.29401568270997985,-0.4798571547777058,0.73418047744429,-0.9021240563217328,0.3323794884459007,-1.3948149586785785,1.2398082493747702,-0.4717471589713075,0.37673235741640926,0.35593000971929833,0.1368821782284001,-0.2509655837463356,-1.0208239514472113,27.470699011920058,64.85516156730122,64.0897366496502,34.98197530033444,64.4990683698239,89.69485543459136,Laptop,Móvil,74.35244475833817,Sistemas,0.898498019935301,-3.6897565179667478,1.4231529878670015
437.989725665126,2,2.341,0.9081,-0.29395771993506387,0.14327788955741752,-0.8279064476072393,0.8926155918460368,0.03417628704528327,-1.2087222906098594,-0.5575664599456875,-0.7966481814474421,-1.2501240751601814,-1.0991069441446208,2.2414155981350063,1.7941862371528967,-0.30469870320838616,0.6362561213096909,0.03284011742765745,-0.4051044937774124,1.3187027994532106,-0.6114187561345336,0.6133626373206049,-1.284427192927337,1.0349050638643964,0.7166095028370354,0.7184222386141206,0.7738358701565359,0.6066818638193573,-1.2821006302861022,-0.2722464001672754,24.56093912759389,60.61828000717424,63.93204604265228,35.664366132090294,62.51551906543402,85.78293885514255,Laptop,Cable,73.95583510248812,Sistemas,-0.4906296505088957,-4.353437662948502,0.8919718991039901
496.0404102018825,2,1.9336,0.9219,0.4023412931783505,0.832204812373517,0.3445814042154083,0.9639097348352577,-0.27050322028636564,-1.3669093755961126,-0.5984445542659591,-1.4641667172823085,-1.0052311684762145,-0.25297142935678535,0.3901299013747852,1.674584448312907,-0.8477639267780516,0.2853585837875875,-0.1245834271890322,-0.9525166539753773,1.279651518023873,-0.723371545391544,1.5612722007564184,-1.2596375776725917,1.3428088049110325,-0.01591498677515371,0.928243385711878,1.2008910460883482,0.3803675878507503,-0.5669901087084526,0.3878679857245741,23.9787084148936,59.786333318124846,67.75267014061507,38.65925736556307,65.24362624156306,88.27045262816362,Desktop,Fibra,76.79434138009361,Sistemas,-0.24293784809329363,-4.390767470845622,0.28870865805091045
497.9295428642249,2,2.9405,0.8981,-0.9930816848833814,0.7005497973604091,-0.15071775714744745,1.1007722064534435,-1.1299024122091634,-1.4188142245581816,-0.7651259681547872,-1.3913696852151232,-1.0137704471141253,-0.976304586072902,1.5919133610811793,1.915826078826653,-0.33158084633684204,0.6333859667224156,-0.05917262776953183,-0.7268449636056838,1.683386442666861,-0.6719991664087571,1.2302524341233319,-1.3328122496075119,1.3655846866882289,0.9756256549115525,2.119095877274786,1.5646806581395318,0.8397504951777626,-1.4208931903366178,-0.48772657453134133,24.19259986369455,67.97032465230407,64.22707886769544,40.12111818585552,63.308913700781545,88.94482210078817,Laptop,Cable,69.43134639709523,Industrial,-0.6863158155056913,-5.34839126578036,0.9921627767483706
570.0607305473068,2,2.7297,0.9018,0.6639363431487996,1.0429967625066756,0.8559775710563996,0.95122514703963,0.06658537918307707,-1.505774390111038,-0.6009925694537758,-1.8216913067960006,-1.0480229121661961,-0.7316200679656814,1.0778469217596505,1.486725686041875,-0.4040506407439169,0.018160792833412726,0.2771749712454363,-1.516078771356691,1.4081787163067354,0.3763751131081857,1.775622234112187,-1.3536145605603793,1.5604803693253484,-1.0030628109292392,2.118725399742163,0.2951447066625705,0.7981355424467605,-0.5709265498408863,-0.5846361714589425,27.583013672567883,61.22700115119644,62.721592250571724,43.7245614583581,64.81277712705175,85.94569992597681,Smartphone,DSL,74.29190076112766,Psicología,-0.7520039639747107,-5.029586958185823,1.1672580714765304
672.3502987400024,2,2.695,0.8947,0.4542979622453519,0.5866558769153819,1.074718710988489,1.6918424201704774,0.9495604350603042,-1.5322707991962279,-0.5076144688192066,-0.7952619319087346,-1.5411791446804155,-1.067373757749368,-0.27492582313168373,0.6046615402790989,-0.5122128878984789,0.1775353271563987,-1.2507978199697107,-1.1395462089018686,1.1145362695374927,-1.324300484086734,0.8121921341671684,-1.5370135177945206,1.2463194659146122,0.6289914987104164,0.2613903193885463,0.08953910078593082,0.5072921633195362,-0.33301999948230837,-0.03428572006828227,26.81717643255221,64.8553568606168,60.74882787891895,33.97955915383062,72.95531881044495,91.32048578682296,Laptop,DSL,75.71555916882849,Industrial,-1.167818064970195,-4.020668286949915,-0.16514122104321965
479.790255153608,2,1.8471,0.9244,0.6409982621901988,0.7808152225188012,-0.5933357670901473,1.3078111002788075,-0.20807702311810675,-1.2895067390640131,-0.6885268454098249,-1.6777558223609523,-0.9009887811068489,-0.8326837534475394,-0.5735461821164933,1.4115236610542876,-0.444081476951944,0.13329512619137718,-0.32474129136940716,-1.3623640435922637,1.2769885544349562,-0.4268661088789388,1.430285812337847,-0.8986465683815948,1.1367250463239038,0.07736518147188368,0.9304661847437904,0.6845354696088801,0.6327111260098521,-0.49691927509469763,0.019263286941625782,25.588549130424827,64.70469222381237,66.34795576731594,39.70371511580674,68.67284739495322,83.76874707457792,Smartphone,Fibra,76.53222364874605,Sistemas,-0.5883246090192835,-4.292025698061396,-1.285921451709898
589.4706875591204,2,1.065,0.9557,-0.029331796682649475,0.6492120730864318,0.32920105860769405,1.496801416542356,-0.03551908032032245,-1.3308205016770984,-0.48687618237488056,-1.5529620998556664,-1.0688655424421238,-1.5270958173408808,0.2261954847492402,1.1652043377622452,-0.42800970076855993,0.30162825499768775,-0.3478579930712372,-1.3177412513227962,1.2987122641320956,-0.8330824117267642,0.9171198691141006,-1.1519787513104238,1.260912674636053,0.19779759412631187,1.0391266496469749,0.46001157880419646,0.7548093915391664,-0.6668454986397455,-0.5943498438452531,28.1411005681428,67.68158164617833,61.99656293694458,39.68070943746851,69.49720197630629,87.01433691366566,Laptop,Móvil,74.42926693186753,Administración,-0.7585308197917442,-4.625388175816765,-0.036454605320565145
442.86715669644593,2,1.9834,0.9202,0.27537728880598794,0.7170422948857514,-0.16121015542214553,0.9888098526047573,-0.34428146245824387,-1.3284472709165565,-0.6294185594236295,-1.4313107736107102,-1.0053624045960592,-0.18447689647605828,0.2265309120247194,1.7482323630613434,-0.5196312278665303,0.1572042516161144,-0.30004280513399084,-0.9940925471033168,1.409290862694156,-0.4022409116989979,1.6904543992854497,-1.095671910708009,1.1863212978865216,0.33380465767203293,1.3013677493648796,1.12260318178616,0.5662870541761941,-0.7704342768836769,0.45904760009578893,23.329467179538284,61.21433631155884,66.9289061742883,39.63422694324012,66.41370973974284,86.2278793754003,Smartphone,Móvil,75.10885765011436,Administración,-0.8068266780497406,-4.337678180999104,-0.20598526771695025
604.0821294962669,2,1.8802,0.9218,0.6296296118535157,0.4343727174082591,0.4213544823643264,1.3959474398968374,1.058805820497636,-1.4624844953481306,-0.5347448976490549,-0.7376904889295959,-1.539646596181338,-1.1179179573892764,0.7011761971849086,0.8746845798595239,-0.41335061287316904,0.26245911119568743,-0.7598059806854578,-0.9763123978462691,1.0781110245730798,-0.863737942450459,0.8396854331259841,-1.5155542940001636,1.1938058568753047,0.30519651205111836,0.1707650380614253,-0.05813039265225174,0.5207134723577964,-0.5158251747192407,-0.19419377966885648,26.68942603731389,61.24817551838981,61.304379752898726,33.963170926743395,69.04531398294982,88.55874271142504,Laptop,Móvil,76.4319676327532,Administración,-0.9111835835721689,-4.052252012349083,0.20832326348370767
599.3964719079045,2,1.4218,0.9374,0.445736426708285,0.5583099086385777,-0.41340650388997313,1.2388394939331082,0.27613911972546545,-1.1538512098195324,-0.664270364809854,-1.0256088941623316,-0.9549503643716006,-1.6682821517020086,0.6277745990446347,0.8249876841419996,-0.2273233854624428,0.4337680352932335,-0.10705398401869021,-1.0112833490998285,0.972205100996439,-0.48334840492468706,0.539212861555148,-1.0598825232971203,1.049555505644834,-0.07462320594512196,0.6507698243392562,-0.04122966535611523,0.5752862886187623,-0.45481484902137614,-1.0327962234807948,28.234577255807373,67.99893021931273,62.23965958293455,37.02771845045616,68.13485139483782,84.71169930202856,Laptop,Fibra,74.07297633903877,Psicología,-0.12954853686217463,-3.930221387466219,-0.25230853913154255
614.5778382533581,2,1.9664,0.9221,0.03608367236652284,0.4943612401319457,0.8069707924698771,1.1280239919174617,0.41803516017511866,-1.290412877513703,-0.32278115768492327,-1.3144355853036953,-1.1859948234133362,-1.6594378995972305,1.8253330482062131,1.1844868723330952,-0.5780330034899495,0.465112853708215,0.23537456828992112,-1.02852844210741,1.0953764115658433,-0.6872633685923237,0.7387053380158903,-1.4152022514639486,1.3633129374592037,-0.45106163831585294,0.6634499168679171,0.17082420151090053,0.6223144190578997,-0.7099023391174255,-0.9118313949251156,29.305930840777727,62.47871189382087,60.87581291966084,38.95402721651594,65.31777421798161,87.83921856005453,Laptop,Cable,75.46173959218224,Administración,-0.27551993472140607,-4.573869399128904,1.6307678793554552
412.75638068788845,2,2.6054,0.89,0.21519462082528404,-0.08410370841073685,-0.07625803385043185,0.6674919152072046,0.8306985369064145,-1.0003371184778724,-0.05472865410740905,-0.9264291374884681,-1.2507451722647782,-0.7759677820079461,2.0715891138843663,1.4733845305355717,-0.40626250613739295,0.20428898167431034,0.1617087638570942,-0.6271769508197498,0.9211934355288165,-0.28361117554214044,0.8144133710595566,-1.0912536749510648,0.888745702451271,-0.10258357931369554,-0.1833033704573568,0.1602167470967433,0.5308876734858392,-0.9592923551277371,0.2026346381051543,26.09035506626285,55.50488477222319,62.73205196819305,38.28263680775989,65.13517947392275,83.80900376754633,Desktop,Móvil,77.50795109446064,Sistemas,-0.8170048568786711,-3.3567967388944924,1.2402943472920387
604.3049081354858,2,2.8746,0.8851,0.955270816629692,0.37529566249088053,0.11645470824147032,0.8734499543881243,1.3027951537154026,-1.2507723697820936,-0.5521287531539486,-0.5160280368618856,-1.3400313120603218,-1.2575808682831817,1.9274719957148205,0.7031084552854485,-0.0648100653917355,0.2447348382145553,-0.014519256871883988,-0.8382597548048315,0.8369203959818112,0.165868835794687,0.9229363413487484,-1.4025956472246837,1.081221248078408,-0.5900679281967808,0.531283430608806,-0.7532186794757953,0.5502012478408101,-0.4695692171612977,-0.9444289348937343,28.15446753104061,60.32354180908508,59.61367846528845,35.92403920980512,65.99078177299825,84.8974091924064,Laptop,Fibra,74.55284876886633,Industrial,-0.5745512578583716,-3.671318680839336,1.0872308903232468
658.2658530247255,2,1.7196,0.9342,0.3329119219712528,1.0716362982431065,0.9416879725469991,1.417946980086952,-0.054914917673510824,-1.6520954567308634,-0.8036472574900618,-1.3562336388383671,-1.2336386546656315,-0.9633625522928909,0.36670178436710593,1.2574298590328539,-0.7370960755575063,0.41777521736072837,-0.45058844243418417,-1.1775604785172653,1.4089208291424091,-0.9873905054883755,1.3858824205026017,-1.6264766775094122,1.6045201822648623,0.06776395694925649,1.4132194861787866,0.8128136506697844,0.5186944115705855,-0.4635833568476659,-0.4245704841328618,26.2482637564763,65.24213783792602,64.10902896353768,37.02878301970663,66.72545199372924,91.49575665921463,Smartphone,Fibra,74.61729553297788,Administración,-0.3582578412946683,-5.141768541804553,0.5240210301865947
482.0645795356468,2,1.8396,0.928,0.48572758476202493,0.7049080091246752,-1.1173657098699485,1.02604669516822,-0.21570286785901419,-1.304799572235677,-0.8716873861511021,-1.4215162189853954,-0.9427026821239978,-1.2685712285790791,1.1521749629271836,1.6051721556432132,-0.12285301986507463,0.3940802363985483,0.26329844963313875,-1.1002090286831072,1.3723182607858446,0.1770837042571823,1.3458435474595691,-1.0709294024847984,1.1909753373516467,-0.1716781970744833,1.5883014881286583,0.3927559400231502,0.7744655170290033,-0.8468170827117728,-0.8461034866561374,26.34447380261953,64.76527295155687,64.46993298599271,39.53490309533987,63.46735290089197,82.29689189624504,Laptop,Fibra,73.71399329566012,Administración,-0.3382075038855441,-4.810731248838031,-0.19641770539118786
729.7991674192286,2,2.4079,0.9085,0.476166703240614,1.2722945189926673,0.8068973889366164,1.273968024271634,-0.11292072571802142,-1.6480615550639475,-1.1824796433719635,-0.6359003759110217,-1.1438564966142704,-0.589079173510329,0.13347167444097402,0.8000763135905672,-0.35902326044441474,0.42718375172659695,-0.8048651895394505,-0.8706960222603508,1.3555953025016987,-0.6467083430355947,1.4390807403829498,-1.6697198110882856,1.4773169921464009,0.3984195308606245,2.119095877274786,0.6153507413189282,0.4188102669255306,-0.26560023919040965,-0.7199580199177832,24.56197970056108,70.3774334593791,63.44970420720616,34.849078723106565,68.13412384425996,92.76079666027044,Tablet,DSL,69.70393915423712,Psicología,-0.365871671939356,-4.664250285808879,0.26023975748885964
473.5754760933482,2,2.8554,0.8897,0.4703748550238092,0.6676058836557323,-1.6556017951035022,0.5913101163016663,-0.5169508933554006,-1.0880624075565795,-1.0277829268211602,-0.9688533347525924,-0.6886190288992545,-1.203862678732135,1.9566318880080669,1.6453180669776075,-0.2957903240086937,0.7952233110116819,0.7736279359346779,-0.4726905351832738,1.1087835376543087,0.04705756484604546,0.8078866025884585,-1.0489873174151336,1.0832576357778188,-0.2736438763233999,1.205109338664061,0.6811711247103673,0.41274486356942697,-0.7773554252093721,-1.0771661367324246,25.08931900040674,64.3707769313139,67.45905725813624,36.63060304916215,59.31935773380348,82.54316492078051,Laptop,DSL,73.40804413726616,Psicología,0.8909600027987453,-4.305287114555713,0.23497163959886727
616.8849196465154,2,2.1873,0.9188,-0.18646316284461847,0.4624629968441051,1.3848351486594448,1.4448281602689674,0.6437598709860818,-1.5868015046957011,-0.27555972160456926,-1.2790595796708402,-1.6097710075926415,-1.3512349696362411,1.5462413049966772,1.3489879904634452,-0.6464972914385216,0.34418143853539596,-0.44345047537409266,-1.1180054672734085,1.393805073598311,-1.1104466699850848,1.0130683293934482,-1.72558037818978,1.5086594926573345,0.22593575830209153,0.7614080866508355,0.4146074083715297,0.730234940312197,-0.920458952063256,-0.3002601381894349,27.97187356301356,60.51032594830695,59.85567228620534,37.60379963264211,67.05888913008324,91.23346302433536,Laptop,Fibra,75.76753111208633,Industrial,-1.162605662502835,-5.059321125985134,1.684704930936095
402.4689912355001,2,2.4244,0.9072,-0.515441557349685,-0.10339541822203478,-0.4594208414668554,1.5771957898589108,0.46484795213735525,-1.3304525728052454,-0.18758405373791281,-1.2775206075549645,-1.5756822380032227,-1.2463270829124593,0.7455058396510716,1.680438624686422,-0.07250137717359076,0.1074161199573216,-0.9117033131292882,-1.1109648847533817,1.56829110106445,-0.8338813769910975,0.8565027159276815,-1.1035698081653846,0.9325032350409398,1.3760431925096566,0.5542661194672327,0.48076644992557593,1.0488833508596052,-1.4465333972115721,0.3798221989872902,25.75607469295905,61.712865942250296,60.25820412430199,38.36339059657327,70.35668390731395,84.76125526021663,Laptop,Móvil,75.18393339623076,Psicología,-2.2596301989099694,-4.465964311219019,-0.30983763827704064
601.9264582834785,2,3.4811,0.8824,1.127134804630186,0.8182592013895891,-0.1078179290443382,1.938381267172792,0.947507991596043,-1.8042282915904095,-0.8057828024586303,-1.6659156752127757,-1.745034082191465,-1.5377448530511544,-1.5852946398632386,1.0046933029702783,-0.4238741477735602,0.0023718673279834773,-1.529689343428818,-1.6714476513363092,1.5294876446461707,-1.167942276746669,1.3975485067550946,-1.4648517097315472,1.434821717989934,0.6542036615309155,0.33971408970247846,0.009898562495650754,0.8759568770849278,-0.3844527483704346,0.0517967465629079,27.51311303853253,64.76996178695003,62.12258343489978,34.675891441185165,73.43280902457255,87.04167365392175,Laptop,Fibra,79.70980388289138,Industrial,-1.5291662528570602,-5.059677751701226,-2.1905757992980996
638.8779501126481,2,2.5081,0.9026,-0.6792511851634149,0.7950585855380633,1.3147519339899703,1.094726424273604,-0.5444004964934378,-1.3005617819296402,-0.5430690297396853,-0.9620483473719539,-0.966337720003289,-0.6105627867960097,0.6530392284609309,1.1526979530221027,-0.5042904990598339,0.3968205399289297,-0.5333030173413005,-0.7066887234686849,1.355071338288179,-1.013755668595703,1.04348173426579,-1.3588246989324353,1.285775429643102,0.7047147534207261,1.9061250869418587,1.1224391583103266,0.5250361959503135,-0.7321502449525273,-0.2887098162408344,25.057632168226878,69.37873495626023,62.61222934011133,39.12734262970375,69.18218189064505,92.6949209694013,Tablet,Móvil,69.41836851511552,Administración,-0.7544851118408681,-4.290294969551405,1.2402806602277605
654.4733276756713,2,2.9504,0.8955,-0.1311358077516303,0.5816300227444593,1.7633013550212933,1.3430942205124372,0.790048472593024,-1.5807789182358036,-0.3032161208890361,-1.1788909240447512,-1.5555281230615876,-1.1035602821044388,1.3918344900684994,0.9941344976086375,-0.03648528880558874,-0.06774000336801456,-0.6294250074361025,-1.3817548889721305,1.485321504568254,-0.11660247581746531,1.6571167423984396,-1.6145066366593634,1.4266074241398239,0.03831928839276138,2.053468226838746,-0.2112353315489749,1.0363881062941314,-0.898002193571272,-0.6306400773247752,28.634230056232745,64.19752105534758,55.81796075481166,41.59472702336495,70.2427802351295,89.73121661542874,Laptop,Cable,70.84291792318929,Sistemas,-2.192379646263834,-4.913179375319292,1.8448688493277798
529.9432286781915,2,1.9174,0.9207,0.6116371156322271,0.5210482522694143,0.8067161624108403,0.9887562725688545,0.656124088232989,-1.307782057568614,-0.25464117067319136,-1.411259041603831,-1.2306870070627152,-0.7714560540321179,1.0700394970705405,1.3178317343447838,-0.7040694027046226,0.12429995413998186,0.013335275898530275,-1.1394590073753186,1.0470965108523067,-0.4681101837106811,1.353377247031955,-1.3128849525200452,1.2953313640582513,-0.5752264176177433,0.31988976015983306,0.2805200008950335,0.5087386197603593,-0.5284462998802594,0.04832809043138679,27.147778746953783,56.83062875935647,63.45747381143664,39.40123617550183,66.339479842769,86.75587961677094,Tablet,Cable,78.35788683744514,Industrial,-0.6161860391793009,-4.115696106736207,1.0081528795056032
553.2465454944467,2,2.6893,0.8948,-0.1229245863759017,0.353265809020688,0.13584734378921923,1.3838578174801874,0.03771098160365047,-1.1920083695576666,-0.3132460427192495,-1.3684444277344971,-1.1074361884769166,-1.6928101158920783,0.8378824116085133,1.3860160144001183,-1.09189759799796,0.7578580130941283,-0.0360338548145266,-0.7900746663955256,0.9939693856725588,-1.88085652932053,-0.003929258535846833,-1.2583671915588817,1.2353074841541365,0.28764321203243715,-0.6868791728141067,0.9737687219555106,0.30492416269329853,-0.6478587012081837,-0.2178067763272185,27.482822375526048,62.24094542804102,65.78118954166685,34.83961458648809,65.95742249602662,88.88897333442988,Laptop,DSL,79.59740222629917,Industrial,0.47804972660603484,-4.230290387211147,0.33396444506132505
524.5058560780343,2,1.8741,0.9175,0.4970012818280628,0.4671396279755336,0.5379151983501129,0.8653144529711835,0.6153812169077305,-1.195971072810347,-0.3760652631976472,-0.9199422512628302,-1.149811428006494,-0.38062523609557625,0.7533917682514387,1.0322191073973648,-0.20515273510312243,-0.05215954746737476,-0.3791342068035103,-0.9624103428041069,1.057486338691304,-0.006854820525192629,1.463182877585446,-1.1404375190473501,1.023771060473366,-0.0818892036069624,1.0028420107883063,0.06932177690778105,0.5901968537314474,-0.5655555130249609,0.06257875635075802,25.64610633837524,60.79549280200306,61.93732656710572,39.570836681881055,69.1957294679503,85.95229137832672,Tablet,Móvil,73.86961593444397,Psicología,-1.2359593875275732,-3.5120898646053336,0.5944070188162305
534.8592773117128,2,2.5643,0.8991,1.2610498044686516,0.9681474499383688,-0.8822070935966269,1.0344975094765858,-0.020060657230483246,-1.2021646187976156,-0.8619317663218911,-1.6665382433940041,-0.6821785468234955,-1.2499670420795443,0.08402786602673253,1.1339078063920585,-0.2995220703300251,0.20969858322102186,0.3825762260115953,-1.436703642961847,1.0236658707588966,0.30541484647964867,1.4634427233875185,-0.8616341196508863,1.1848693776411847,-1.0005708239663307,1.1077593003338748,0.02437669588262758,0.5895987675732142,-0.19476903865184553,-0.920135690359234,27.867474748894452,65.30962781480403,65.75426172412502,40.59153921132786,65.7840897760876,80.88805684271529,Tablet,Fibra,76.28333266629978,Sistemas,0.1962862367921556,-4.243225385818302,-0.9253134478235888
519.0451133006941,2,1.3826,0.9418,-0.09321739716482577,0.5409796195101847,0.003333096503365313,1.1644184928801828,-0.31155545161366266,-1.1758397068094788,-0.4168232382702801,-1.5756389932058372,-0.9148524707218849,-1.3439059065195174,0.8318501017437413,1.5367180803980742,-0.7789634841288892,0.5366572366374234,0.1585211561867934,-0.9605800311299393,1.1655637309993596,-1.0558471009819366,0.6767744193194053,-1.0983171952151216,1.232227630494449,0.030110580896146627,0.43878587828007926,0.9473965496902031,0.5031559626328,-0.7322678315241998,-0.332444897189385,27.00002252777429,63.6348565484764,65.49870260153456,38.82833172406607,65.5797085972163,86.71654131774626,Tablet,Fibra,76.74048396252438,Administración,0.07339047513514947,-4.411711363522291,0.36609070354912704
574.3003361577388,2,2.4568,0.9124,-0.6210142111117849,0.8207750932839293,-0.04550458229038369,1.691249687901509,-0.9086566958526111,-1.3687057806732266,-0.6312961725621201,-1.9573741044133888,-0.8652446125780406,-1.840530529829099,-0.05037570547787558,1.5011820483620921,-0.319177546627127,0.41125097362762747,-0.27145950314339395,-1.497860017119344,1.6483263875759055,-0.8652882576835823,0.9981936625571857,-1.0115304360713848,1.342063340183124,0.555969095268406,1.9738541395616405,0.9541114123102107,0.9990706371812927,-0.953319266070889,-0.9044169054978338,28.245546331858783,73.38814683472026,62.36130158538954,42.33841179846987,69.28680788707695,86.5232252804611,Laptop,DSL,71.80678520096104,Sistemas,-0.8447833460905441,-5.392965882263009,-0.41331345501470207
505.2340461701504,2,1.1709,0.9479,0.4585828189699621,0.4106964879915173,-0.3289587830863776,1.1915786641384554,0.33720292192036816,-1.1463886933725131,-0.40203809543390406,-1.4091522087021568,-1.0288005198083856,-1.3547311939592228,0.5721911353784093,1.2160932280497199,-0.4379644366618527,0.26468040681551197,-0.030373220573949974,-1.149450675324436,1.0312390668078266,-0.5230309802509425,0.826248241825936,-0.9843090771932017,1.0589852965979405,-0.16845980351689158,0.23456319904425135,0.20675045235462874,0.6079643182795932,-0.5950080286302573,-0.3578452015482847,27.67817678705161,62.55394170481516,63.59404725596714,38.76241880654294,67.68197918760877,83.68724269708542,Tablet,Fibra,77.22939296261612,Administración,-0.4282729934566848,-3.963230372662172,-0.22281548832813536
506.6094174091162,2,1.4528,0.9435,0.19085107492000017,0.48878034917417623,-0.9044162804528271,1.3373954652342814,0.0930530892700254,-1.4146219591988933,-0.7299818960770513,-1.40136116592461,-1.240655742387906,-1.7791540283315566,1.4625239087731672,1.6212462201272624,-0.23698312006514924,0.533492924871278,0.05986126154227618,-1.1089711107695661,1.431247346707984,-0.4019902394766494,0.9018834500580638,-1.2777389383970947,1.2646211889069556,0.16725177008252504,1.0408111964666664,0.3416943788421788,0.8386584474976087,-1.032433685358242,-0.8891920036958372,27.46079482662535,64.01569764079827,62.73088440535372,37.54687667097466,63.79384696421492,83.99270632710537,Laptop,Móvil,75.12664986049728,Administración,-0.5052595365074034,-5.1488449600369774,0.06374725031032369
518.5737320643091,2,2.7662,0.8996,-0.2569850945123386,0.37898945101369635,-0.17092051796086635,1.122015619126336,-0.04946771785133798,-1.4209884680416154,-0.5834363100868342,-1.0748782480195107,-1.356239565137566,-1.4446174263296272,2.3274913764827825,1.9157935510517192,-0.9712638366176889,0.9697936657847269,0.1947231872536996,-0.4417058130792399,1.3067266545208653,-1.521950542290883,0.33980750125801096,-1.6510148959722388,1.418027168729338,0.45715053862075117,0.08425481665106696,1.2130123685414533,0.3679579660089758,-1.0931567267792286,-0.3397457001011602,25.510732964955565,58.85668952301786,66.00536512223232,33.248469519309154,60.06442723773718,89.98042408207152,Laptop,Cable,77.64151472052393,Industrial,0.4400351541762847,-5.040439299966726,1.3857228743054613
517.8955972310293,2,0.8404,0.9647,-0.11829041996292845,0.44855141508426194,-0.10754010864836626,1.3675356576390751,0.0673513703666165,-1.3719587074989883,-0.5326232168252656,-1.2565231282903446,-1.2588933333272136,-1.2111686560051114,0.7621387311300541,1.4559601108043874,-0.3243675934513005,0.3381450460390313,-0.45981751267453935,-1.0358139465764553,1.414179693207914,-0.7560788871053561,0.9698948617629503,-1.245512108650717,1.1803741853611829,0.6332878081927954,1.0152200375494806,0.6077744782347201,0.7623797243218187,-0.9649176800508229,-0.24226485033849843,26.13390475577265,64.53522638691572,62.49987494319156,37.91309091577895,67.70798592129306,86.82928355951722,Desktop,Fibra,74.20795255721855,Administración,-1.0386580738390256,-4.627960236299373,0.08458303205241503
647.2380090733213,2,1.1426,0.9528,0.3636292818679569,0.8331033388641039,0.6473665429742443,1.3740637067604065,0.2692142158253054,-1.4927265068053328,-0.6956079821867318,-1.1683133551926985,-1.2202895541621848,-1.20684858555452,0.5298762045308701,1.0045622392025404,-0.43286588640303647,0.32337510706211203,-0.44059713867864897,-1.1694362218479377,1.2635381139398787,-0.6752359229636641,1.1580878200360203,-1.4533821664996833,1.3874484107443446,0.030418515376444258,1.24614983937014,0.29623206856656725,0.6159753372051499,-0.48992320982339965,-0.6569823186295591,27.28813294236844,66.12227370892373,61.95063501377569,37.43052754294085,68.17735313109681,89.07806230377435,Laptop,Móvil,73.80336167749161,Sistemas,-0.624110769218394,-4.663097356129618,0.39916246189805166
532.0334198013107,2,2.0927,0.9197,-0.07822390354777858,0.320372400511199,-1.257225306724,1.555452900782193,0.09729586618702302,-1.3431414976969973,-0.7809509187599505,-1.0484999173977625,-1.2692964405357785,-2.116539159690445,1.1613918438328803,1.373530472268072,-0.15795901317869016,0.7084640060532085,-0.2970505230467026,-0.9009920232789249,1.3596980249881774,-0.9044425398373844,0.2396084417884204,-1.2313681263942708,1.096428001643513,0.8175226779238123,0.6375530417679285,0.3378400211712577,0.7847536231262707,-1.0538019437627764,-1.0012573265510292,27.335483025295588,67.79756647958318,62.17659763804423,34.54586493063575,65.81778167603359,84.78249458054789,Smartphone,DSL,74.22117268501748,Industrial,-0.4227269964713952,-4.831782832320487,-0.5059783486580597
644.097913775685,2,2.1253,0.9224,0.9239645704066166,1.3037188316806994,0.08057004680034871,1.5870130405268768,-0.0853584756729356,-1.8038486943795944,-1.187146285776839,-1.401802279943797,-1.243177461178279,-0.939910738382549,-0.3370055172895927,1.270857601223648,-0.5870515845539913,0.38839867038031745,-0.6273470243775171,-1.374428084065899,1.5134680639194675,-0.7213061714870882,1.680072472005879,-1.5970799073059134,1.604610876297605,0.10196206324877885,1.6290854077080072,0.7161721816088126,0.5523934188771181,-0.3188194117474731,-0.4888809343235946,25.40193985084001,66.48895506806728,65.73246371839531,35.605263311387795,66.49843179012561,89.51199070012542,Tablet,Fibra,75.11602766733608,Sistemas,-0.28638996985134224,-5.418249180226014,-0.743484666461554
514.131737040824,2,2.4337,0.8995,0.6474415436164934,0.17414451544761578,-0.7753549547732745,1.6093926100748617,0.94758779511668,-1.2026293813367037,-0.419179254790697,-1.1289371667408965,-1.308809822341429,-1.6979663349224194,-0.10460986489239835,0.841946696294375,-0.11727972693891164,0.1328165419015837,-0.7056375029738945,-1.302143725893689,1.0105241185778806,-0.6536669301243623,0.5228532330328572,-0.9464834475837163,0.8648649438388663,0.39295738772226724,-0.23891745466218292,-0.3560241453981051,0.7510357047083287,-0.5844292987077576,-0.32455075230598723,28.197710000749854,64.37555548576616,61.074876843602745,36.16810980085442,71.79749401870275,82.49062041210823,Tablet,Fibra,77.53338091737724,Administración,-1.1194439813401047,-3.697407005018686,-1.342857016854453
575.9267791169382,2,1.5898,0.9319,0.3352652024801741,0.7359045398002757,0.2473014775914541,0.7704414072126254,-0.014504943037456537,-1.1856223793259424,-0.6433829752963186,-1.0364371356666384,-0.8781107172517149,-0.8479701227104711,1.301366676096879,1.1517055292503358,-0.3232231869954798,0.3390563876724658,0.1962261448766393,-0.8321811731346856,1.0836249371346518,-0.053930617655671684,1.2205123729506324,-1.1923139447664464,1.1923679849943438,-0.3870271141062894,1.4520065165917042,0.3482643579566096,0.5129145222508539,-0.5472638492714045,-0.7244393127658777,26.446101897452127,64.5514676023209,63.38160436494788,39.49531425224611,65.34185231501733,86.38677851942226,Laptop,DSL,72.4383639462548,Psicología,-0.19701308655888985,-4.053190645560682,0.9688666589264712
538.019541894907,2,1.9595,0.9266,-0.17310988294234855,0.40858581319282833,0.22574506589376056,1.6281898250722415,0.4415949638125552,-1.5148655930828867,-0.4216057585908768,-1.4909141033071758,-1.4761503464885661,-1.4880148430981714,0.6946050058245408,1.3286669613143656,0.1166240328325962,-0.005510374541948716,-0.7228363030511247,-1.5331850780197114,1.6405198641294074,-0.21142022369978533,1.4140549406168548,-1.2627458467746537,1.2240815427386047,0.5832219135618625,1.7409139034492862,-0.005292510327475016,1.2030824905570625,-1.1412582394267987,-0.503884972939211,28.08048993935544,66.06661520571566,57.7755953786336,41.199716440582506,70.57666226922723,85.37301980948027,Smartphone,Cable,72.34601595118728,Industrial,-2.2490060079475467,-5.08613041230184,0.13708391010225848
489.2829046387961,2,3.6446,0.8601,0.2885730363638232,0.25967310338791366,-0.9767261090846051,1.8579185769233297,0.33726885054650074,-1.104636785238552,-0.466536223992062,-1.2241395315424048,-1.0737601756729294,-1.3370168695984945,-1.8020828807303562,0.727805995654126,0.026678744386021795,-0.05766484534159714,-1.3615686485125404,-1.419945675777755,1.137574458334944,-0.9101867394456251,0.5750184895134546,-0.5804852966799195,0.6490522217983031,1.2318647199304529,0.16147062811571056,0.08849580226416051,0.8148982289180421,-0.5370015267453379,0.16183569612781942,26.46073778850746,70.73124161052971,62.169790444391175,37.4375746994122,77.34480611822642,82.58113790354936,Laptop,Móvil,75.1913069567129,Sistemas,-1.6597426469248104,-3.3024273967687434,-2.8137522918245295
506.52096773479786,2,1.6889,0.9285,0.4025232399279777,0.2691100894784671,0.36520473528829583,1.184579258846144,0.9117036394930262,-1.2924482270046724,-0.2427935027451042,-1.1835714370438777,-1.3860790051573886,-0.9537209370112384,0.8924156374211727,1.146566284502782,-0.15209376666965868,-0.06547010416426469,-0.45091603830579846,-1.2303222903985886,1.1786887075725188,-0.1462670519563799,1.311002891402119,-1.1842271901524617,1.0664235359858933,0.014810181439171224,0.6794073467002711,-0.1682773792179739,0.8160544070552695,-0.785030091369764,-0.04497741307913235,27.298582751032924,59.85906709108405,60.03011890460385,39.71989269613802,69.57767871498929,84.75081309849975,Smartphone,Cable,75.60858066125554,Industrial,-1.637753199710086,-3.9830586337798897,0.43756334015753146
481.5864584787973,2,2.1644,0.9121,-0.5505539697106904,0.3775106882238487,-0.5993715084078736,1.4020230343312818,-0.6711092374001921,-1.024602555960647,-0.3935867224369537,-1.6143608219092263,-0.7723891520931048,-1.5716760455073098,0.03257241415140288,1.469090826101196,-0.5045263746027048,0.49273121210534165,-0.19272838481649507,-1.0142213383192986,1.2503689166982521,-1.2052276640591437,0.3559776636391698,-0.7552312815109221,0.9729709083333363,0.7454481427730669,0.5612416727658515,1.050852556503265,0.6722055715958857,-0.8967357646953057,-0.3020529649580338,26.81238794727974,69.16267713395229,64.87377832310617,39.59919914218498,69.19348352536397,85.02141910124998,Smartphone,Cable,74.76360025765322,Sistemas,-0.36154619585597103,-4.158789391230868,-0.7120056601061753
553.1792409969507,2,2.7635,0.908,0.49303871046122083,0.6447678013005601,-1.2906312189247888,1.938381267172792,0.5368070318847515,-1.8042282915904095,-1.0921103209330199,-1.4536160482340648,-1.777215262504039,-2.136079775267823,0.31445185214540866,1.4808856291551766,0.19618645113135877,0.32776190893104223,-1.0040593322108204,-1.6714476513363092,1.683386442666861,-0.4248232869039775,1.288835965983612,-1.5397512915020926,1.4121596311246798,0.962991346932824,1.6181446746026942,-0.09058092146546282,1.2595040996295404,-1.1403824988432028,-0.9641101898929644,27.66028194987939,67.85007998458927,59.57215891412577,35.31740635023304,67.83978519400353,84.21691955931072,Desktop,Fibra,74.31215304931239,Psicología,-1.7302470236649004,-6.0260996984876956,-1.4504552036325793
622.9598355387701,2,2.1123,0.9151,0.6280729664838147,0.7389902784730543,1.256478235002115,1.0134765080175068,0.6572358383019221,-1.4599962735516987,-0.47456206982088206,-1.0499171379616425,-1.3175360188119198,-0.6851994023339909,1.1974565891454496,1.1192190770448396,-0.7892871358287306,0.2914987334393428,-0.16960276180751813,-0.94199905335728,1.056021751769189,-0.7184460358833145,1.293197716729616,-1.6185981723623828,1.448491508510208,-0.44677931663546944,0.5850969214451754,0.36420969431703215,0.35816791577730234,-0.3844282014314596,-0.15769068429720812,26.555748824892607,58.56053708130362,63.36065671707496,36.77701637308332,65.80139252383272,90.4211957986066,Tablet,Cable,76.76330958751821,Administración,-0.32425703947458734,-4.282633007590018,1.4166064933549414
537.8516653917922,2,2.0499,0.9193,1.4245949258554496,0.6939907083199709,-0.615388814125427,1.259878150616756,0.9021280289224608,-1.5088957492826152,-0.8016502386222679,-1.2718238917841138,-1.3496755007229655,-1.2547241274211995,0.7491758199376594,1.2144237726900011,-0.393707759437109,0.2472392720567144,-0.09239323690225806,-1.3138544054348609,1.1142253761266347,-0.11026293013254879,1.3647332938842545,-1.3667752828098159,1.3060237667777952,-0.5877207928185599,0.3624726591425565,-0.2054493496986169,0.5833783351397717,-0.3992254441655687,-0.5146949252627205,27.271264499392714,58.84237209040886,64.06322872229092,35.824321901794605,64.85005890481605,83.50520729748257,Laptop,Fibra,78.99051837081386,Sistemas,-0.32422887421159613,-4.571535236659129,-0.4523201590623066
464.0788233469252,2,2.4897,0.907,0.17536107527042874,0.3940197246595687,-0.5902509764162442,0.9021946084810906,0.00850749417789506,-1.2132056954541814,-0.4452279633101119,-1.639942569958197,-1.0453927820287787,-1.681411770692982,2.3585564877849428,1.8846455092694738,-0.6293013610062732,0.6349690569701545,0.8422457930242628,-0.9355368855867577,1.2013029643417146,-0.3862548116110335,0.8215495292963014,-1.21913994453556,1.3094278698969832,-0.592513542707828,0.48317549007776445,0.5498634983939654,0.6386890807983341,-1.0066722266894461,-0.7973289555346488,28.08477808096047,58.67218838688505,64.68257284250465,39.3317077753576,60.064298368526856,83.44338329047412,Tablet,Móvil,77.85426721633388,Psicología,0.25537170569321754,-4.903214509385571,1.1783528087317559
502.6161200439107,2,2.9066,0.898,1.7796466587423345,0.7642440708403971,-1.420435739598434,1.4238173929529585,1.163993047205491,-1.8042282915904095,-1.2789976891573909,-0.8254577352789806,-1.796420077295588,-0.8797078931516651,0.8218877719783202,1.4650596207274482,-0.07936030895400156,0.2532410089244369,-0.6821657981298228,-1.208626074836997,1.482851136455568,0.1296569288975846,1.775622234112187,-1.714072893760672,1.3738757469009937,0.14443609141836955,0.8975632852189618,-0.20535858544415567,0.69385639116706,-0.6505595880393975,-0.2612130890218472,24.23793065814915,57.190500870636825,64.35089767222969,31.581053275845477,63.20939078494226,83.94305177592591,Desktop,Cable,77.85566007284348,Psicología,-0.9314660356335108,-5.173877969178843,-1.120529046224002
459.6167138005927,2,3.148,0.884,0.09941360571388212,0.44902818088019764,-1.3491301781492595,0.6041665779276243,-0.201504008873737,-1.1283779941187928,-0.8749000867423156,-0.802094296831321,-0.9134462667336674,-1.0963704767175535,2.34803912990308,1.5819725611506033,0.257077320385155,0.47699713373063674,0.43692372935183255,-0.5851760007387936,1.3271881009447977,0.6402878266822435,1.1657191981974369,-1.0622872932051686,0.9772174738744606,0.06629569918537347,2.056210355059432,0.23117663369165642,0.7951756062967769,-1.1428093234159376,-1.100033156892454,25.334676981498585,65.22116044587784,62.67982706622003,39.19109495188733,61.796980855035365,81.82151100090815,Laptop,DSL,69.58076698178348,Psicología,-0.49856199854320693,-4.363963033275023,0.7218676266442966
546.511190178353,2,1.5467,0.9385,0.9739669028207371,0.687285433828503,-0.35329844151172696,1.1695460520952783,0.638576047196459,-1.5125247645927289,-0.7725142790773771,-1.252993214132825,-1.332728110437826,-1.2651805492582402,1.2975918998019762,1.361720890624111,-0.36042436507582765,0.3323767578506535,0.02685803751304545,-1.1867193289732478,1.2383658359436787,-0.10543293221677538,1.3667506834486278,-1.4441317479600344,1.3647581925447387,-0.45883192956415486,0.8453661926312743,-0.001579991963858206,0.650273971663131,-0.6157214461027555,-0.6627652846819808,27.17342672776097,59.85987790821088,63.262329173861325,36.81897827275708,63.771321751368205,84.76336650956084,Laptop,DSL,76.92079086020055,Industrial,-0.4083415462196369,-4.833906107598304,0.26561185178629687
486.22225394293474,2,1.6425,0.9334,-0.1526551415522851,0.6645283356601959,-0.19965890084629248,0.9734012312176396,-0.6709441793043096,-1.1874015530007584,-0.5450628614151622,-1.634364956831706,-0.803935567574935,-1.056212189188828,1.0493937477591178,1.7856009054864677,-0.6996676013633711,0.5359466408513954,0.3414680030883241,-0.8996549956272655,1.301784312386737,-0.7148138025380931,1.0170675199751313,-1.0727791539312552,1.2651197163770944,-0.005569205157239982,1.0672182040189893,1.1861766023175493,0.5413945128567723,-0.8485580578169878,-0.3294656063525676,25.884849446168293,63.719937351136586,66.54975225349307,40.1409245549783,63.770231018770765,86.18078861562637,Smartphone,DSL,75.21934400059132,Administración,0.08465786893984446,-4.62728854716773,0.5142010522198313
583.2521166692104,2,1.8309,0.9183,-0.2411783411536809,0.53230242177194,0.2897498519275087,0.7368994928910056,-0.1886502000946997,-1.010461824117297,-0.5621548651210022,-0.6323170229650598,-0.8015701788234376,-0.7910416955792898,1.249517942460442,0.953457360049972,-0.14279023054184053,0.3854947870470698,-0.09272701623496829,-0.5147168586600213,1.0375331140409774,-0.2820728976237056,0.7889830978334583,-1.0690976956619642,0.9615152739186754,0.2702438577518962,1.5416803517035909,0.45606507265570345,0.49857014169547725,-0.6782666745254726,-0.6847100132219924,25.670323980230545,68.31953167505073,62.18114168216764,38.85397383855806,67.76850101947277,87.52210982156716,Laptop,Cable,69.33472673879966,Psicología,-0.4437669417343321,-3.4939564530755196,1.0084802182429635
495.33493108649327,2,1.5241,0.9416,0.28594124433212237,0.5283735257459748,-0.9693331226787287,1.382614022834023,0.04784111117713967,-1.494090335668557,-0.7772956933413019,-1.4563414880110765,-1.306894601727421,-1.7299547356180998,1.451864178509284,1.806843883325765,-0.5254583348019769,0.6748156734951446,0.0835940710182477,-1.0332344353842986,1.43931504117664,-0.7807138044870796,0.819356071078213,-1.3973424584794447,1.3639833960199006,0.21194949728572912,0.6174642866649109,0.6495555850920459,0.6969431081657697,-1.0057237632259532,-0.6605945386717054,26.76652463173405,61.76874611965714,64.7999849250844,35.72089124228829,62.19345681685226,85.13514669917615,Laptop,Fibra,77.34882104822503,Administración,-0.11285082124633042,-5.334902662195891,-0.004997216303876103
601.7497322867067,2,2.1772,0.9106,0.4922273701874788,0.37996310103121833,0.307798835918846,0.9628157572307273,0.97715496199937,-1.315270545252635,-0.5467895844641922,-0.5474871020353737,-1.383555136891206,-1.1901114839146225,1.941867787740953,0.9062240705351797,-0.15519575313075362,0.33837895051177835,-0.17191503631961824,-0.744028195428882,1.016799714884878,-0.18765821762714452,0.8739866222361182,-1.4877557389487885,1.1458923584275096,-0.13352806256754615,0.7649067864822893,-0.31306398534607877,0.5765155506911319,-0.6690506755566115,-0.7765688233871735,27.298492773009546,61.38905570692562,59.91505380958824,35.75701933679845,65.95612198701536,86.98368986150001,Smartphone,Fibra,73.5740670211778,Sistemas,-0.7099658703746413,-3.9783792938947884,1.2764775685917769
568.3047254068557,2,1.3756,0.9419,-0.26086823206263443,0.7389491837874471,0.1973509087216163,1.0561283422727117,-0.5689717081503448,-1.2062226048582707,-0.6415856387848416,-1.217877645679738,-0.8302776242784979,-0.9781765785296914,0.7121803462390786,1.3331024864897538,-0.46042419374704946,0.4729580287316397,-0.09783133999566908,-0.8230238532001612,1.2757669992815075,-0.7112964025220934,0.9475430157807866,-1.134118111716321,1.201682082444549,0.322978695291715,1.5041039011552666,0.9529133302874624,0.5491078030784304,-0.7212388943065454,-0.5218225518210655,25.752502777599027,68.1368757213614,64.36864409774104,39.23164132436428,66.8529134477698,88.16200501522283,Laptop,Móvil,71.85096741502588,Psicología,-0.25654266827397865,-4.336389451211803,0.4835380478164292
558.6468272279961,2,1.733,0.9298,0.44475833729171904,0.8898720957306391,-0.6790546410356197,1.04679883384368,-0.24476089628678308,-1.4273759699688322,-1.1299480125264092,-0.7549232675319032,-1.0411706615863048,-0.676423229931627,0.669498687558459,1.290210754298432,-0.1099346357934496,0.4423898749578367,-0.39488817145559185,-0.750297863752707,1.386860480772385,-0.16374673390406846,1.3449532491519558,-1.30893825859018,1.1886073224365226,0.4969315736968472,1.9184551674670407,0.6291787694323054,0.5588917846243857,-0.6698651947676822,-0.5818969361934625,23.758094998651693,67.47934025796361,64.88144785086592,35.83442650554146,65.43147761691681,86.89369915742313,Tablet,Móvil,70.8182180583232,Administración,-0.4225611472572818,-4.498315630109534,-0.28922487582733947
504.4899410748328,2,1.7754,0.929,0.4806608787060391,0.42153186945889515,0.2808500269891947,1.2069342305747908,0.6402397864436673,-1.3006972716936525,-0.22603226517736563,-1.7596561681585317,-1.2267647251244256,-1.3838283981368247,1.0724003387087666,1.3707075109482505,-0.33545898786187356,0.021432402664596718,0.09697943606403663,-1.5091875801447134,1.2110643872317488,-0.060067880686139594,1.3940012025466444,-1.1279202707394622,1.2438989064176995,-0.6061856287348272,0.7219157021534928,-0.10015115139899622,0.8801034682336518,-0.760473686607884,-0.41797740577725656,29.124664026494507,59.62057216647274,60.92319064823376,42.09814605472992,67.25824900939689,83.22345987346061,Tablet,Fibra,77.37079827404105,Administración,-1.1385645096090768,-4.5415333179964765,0.5762648230572038
594.9366471005105,2,3.0,0.8902,-0.7014292933980811,0.06097195811211681,-0.5648342669784542,1.7484990119500123,0.32304140557624444,-1.3099135722150246,-0.5400425309649874,-0.742325559547388,-1.4485155897803081,-2.136079775267823,1.3903119280887142,1.0989709166312127,-0.16335547097144104,0.7937229626028315,-0.6548552659570056,-0.7274086801759031,1.3149986744020339,-1.5085979058503947,-0.35257574734162245,-1.3610372828237594,1.042531187125546,1.3507061668242404,0.32603112195930617,0.2670515128131434,0.8025561232851253,-1.185239444766883,-1.0600912715726634,28.24903278572284,69.8731091124047,59.14831736499053,33.16453789969604,68.45133310042425,87.91888184809282,Smartphone,DSL,72.89262543720714,Industrial,-0.7671302004934569,-4.547265073858128,0.12305557732536511
531.4966815365334,2,1.7198,0.9307,0.522788572898622,0.5811388081128538,-0.5556190034305866,1.2809869699089078,0.46250373208333806,-1.5876590822701129,-0.9716795950119755,-0.5406168417956105,-1.5195979529172727,-0.6415434334999616,0.7795550009786416,1.3400871905375658,-0.19148614174424863,0.384682233639976,-0.8787107755708438,-0.7174148853593513,1.422525654837197,-0.5848356344437405,1.2036054237336506,-1.5498168440574989,1.180738766167717,0.947163493763284,1.0876774732723136,0.48754191089190524,0.5679351943929407,-0.8230156717278851,-0.02944337709447794,23.227813203502205,62.50308191422833,63.819765609170354,32.66468624878109,66.29796154604665,88.15329112373838,Laptop,Fibra,73.63736686479558,Sistemas,-0.9892348619156526,-4.504750837272994,-0.32069234569840327
550.2371660004856,2,2.1065,0.9161,-0.5797149600525491,0.23757322469829678,0.6707577252297429,1.4888419093943928,0.3716919355479995,-1.3539745338384215,-0.28004194720698905,-0.9893189288229992,-1.4393993513745333,-1.067258232133951,0.6002024589387709,1.1565199132569215,-0.08355959486101974,0.10288816695252823,-1.0194304986438947,-1.0366078295144046,1.4542738466827811,-0.8393133810684805,0.9337695733580513,-1.2697262264032623,1.0592860191747426,1.147550831532477,1.230540189997711,0.37896304283614685,0.9147348802393986,-1.0915397514157055,-0.024794040650909385,26.28928876115405,66.24313910039957,58.735365498916096,38.72364369062637,72.17424411339364,88.7340093966779,Smartphone,Cable,71.62323045761505,Sistemas,-2.0720468485742045,-4.2729079713691585,0.4425071980339221
538.5368074026312,2,1.2527,0.9465,0.20997367858112193,0.42550202950566507,-0.529378762521762,1.1467210329287245,0.33147069477993785,-1.3524237138352582,-0.7666286243206291,-0.6514177556189327,-1.3037282665461118,-1.117437320916561,1.3127680232431191,1.26936251886505,-0.21062795976193463,0.5069194759395248,-0.4044354790141079,-0.6492126825876524,1.2475997600181932,-0.5887513581045548,0.7589315082090238,-1.3746468295942467,1.098200694333473,0.6239281985439142,0.8668472322932993,0.37066972203279624,0.5728960859533376,-0.8629301466881326,-0.4729684704734333,25.154176370321835,63.86924990576843,62.91353012315808,34.35981239057703,65.66959280885298,86.91829616032487,Smartphone,Cable,73.38168424573847,Psicología,-0.5857874960008049,-4.2726824158761305,0.21459536546340674
509.8991088532581,2,2.3808,0.9112,0.4158586722661562,0.8084898029223436,-1.6457742171123004,1.5150434816779634,-0.6507838853068661,-1.2877928643656162,-0.9638716671553893,-1.833645219126911,-0.7710822367466467,-2.0353604300629136,0.08605303541092467,1.5680517919443855,-0.4699275960647623,0.6869539351735384,0.20895587225565143,-1.2972741666262428,1.328196068925709,-0.73120340584706,0.6652068268242514,-0.9150091134275739,1.231813567735626,0.05195572085958639,0.8203575718163232,0.7510654734418927,0.6782348967391943,-0.6597306306592894,-1.0484357204575248,27.63210277057681,69.30477798607019,66.89470505876038,37.7566163920079,64.665812390156,82.32131189516812,Tablet,Cable,76.55973844857341,Administración,0.4818350496239032,-5.068019374114202,-1.5033109683537162
466.40792562703473,2,2.5371,0.9062,-0.19725387267103064,0.4636595764599526,0.9587543005095206,0.9035470461966627,-0.012517529189961843,-1.24871400328916,-0.022717076281594226,-1.9573741044133888,-1.0717950695250973,-0.9839891801095006,1.7409057932481542,1.8846168568330404,-0.6357018547209713,0.09741336617965107,0.5017773453212382,-1.330934902439019,1.3704966744687956,-0.19451295697618076,1.6250235014209187,-1.1665462258096693,1.3908117733290635,-0.6590579480257099,1.1976522835292422,0.6680736656980498,0.850429269135829,-1.037430389733209,-0.12137393295630931,28.167520890400944,57.677452443831314,62.39722127623156,45.20593051373071,64.63176855005163,85.44083127734933,Laptop,Cable,76.5339856892994,Administración,-1.008546543402071,-4.828935011291788,1.851194912935782
626.5203628530531,2,1.418,0.9443,0.3043582515959377,1.0566618740316485,0.39748222621683,1.4198724806101781,-0.32035656729996753,-1.5552632185939974,-0.8541844108440869,-1.4814224868774146,-1.072587565364727,-1.1344872278528249,0.2010679678232696,1.342122176057377,-0.7219708336978277,0.4956028964135216,-0.29574902304138134,-1.1781239415050808,1.3918229491542735,-0.9856537193125738,1.2285575382049518,-1.4462949667241536,1.5254072987816578,0.09020000777620456,1.3319326517165995,0.9215096335324483,0.5205859665872058,-0.48342959779952116,-0.5262315233864704,26.29304768000024,66.6510095228604,65.26974138823712,37.31821046498161,66.2977792653109,89.78715005679561,Desktop,Fibra,74.85849288571228,Sistemas,-0.08110242442811498,-5.100852221653088,0.04399923493421231
569.2152358240027,2,2.1172,0.919,1.3366744759089095,0.9543652147541637,-0.6126251604207673,1.614165953418721,0.4670334416743764,-1.6124677183132752,-0.9628791140443494,-1.5165725301382955,-1.2578401690695462,-1.2604152295377287,-0.49134011414727663,1.1551977303285117,-0.45097263139912036,0.21937124852448567,-0.5103028244194495,-1.5580264220036506,1.2743738875005726,-0.47040751730888863,1.448554876975261,-1.293375864226747,1.3684238541287446,-0.1882278414274492,0.6734021147967044,0.13376825548639606,0.6203579104055512,-0.26984916318458435,-0.4065509290466337,26.83568829566256,63.61673314659184,65.12423234158624,35.98486471854265,67.70885705492483,84.71209453723606,Smartphone,DSL,78.37822504193622,Administración,-0.4215806004922524,-4.843596039705676,-1.477562621483799
511.0112883982229,2,2.2511,0.9066,0.5327228294198184,0.452033285179501,-0.2379004764947807,0.8967744463321534,0.20515969040008886,-1.023299549797745,-0.3244904106794623,-1.5921497927222137,-0.8290093005801766,-1.5769646356746374,1.3902246671927092,1.339811545688924,-0.7122799349498651,0.46540308360104665,0.7160670757340751,-1.039998716359113,0.8444236057645379,-0.46750962153682657,0.6633873119385334,-0.9851098306319119,1.1595312767612145,-0.9160473385702664,-0.051216246344859793,0.2617163351883388,0.45354305845995396,-0.5082857936207796,-0.7106873685002593,28.92851193327587,60.3116894380796,64.9333164732337,39.66860886714223,63.86734086001295,83.1363277523566,Laptop,DSL,78.82914336975021,Industrial,0.4871254435591869,-3.993269303232378,0.6249094351634217
537.8038919930309,2,2.0843,0.9179,-0.3636706875336093,0.5737933747327811,1.172135157742753,0.9903557543881288,-0.1996618136466866,-1.2744028170166977,-0.21770076963837262,-1.531640359594158,-1.0667373190957088,-0.7577209486719195,1.2499062121835243,1.6142280224084438,-0.8250426386398068,0.3327120911692792,0.038228923351367725,-0.9315244153269507,1.2851859132919687,-0.9276041190937201,1.1800463230031333,-1.3187814094127872,1.368038765221429,-0.0091126447331621,0.9810556427450607,1.0658419263800236,0.5471936184491715,-0.841985409539407,0.03751821281173414,26.317410337931225,60.89603470392088,63.92719658075307,40.83550242484552,65.96655618121059,89.75589543880068,Laptop,Cable,75.2607184893,Industrial,-0.5730847839074753,-4.504742398792539,1.5965839368608605
614.8520590608765,2,2.4182,0.9131,-0.25308090023881785,0.7771625142519061,0.9738040093944781,1.4474229756539592,0.14331517595271245,-1.727804228364073,-0.7206977811582223,-1.04228741563644,-1.535166667729129,-0.75119556160176,0.8745577087346103,1.3504211577821432,-0.09179061660544742,0.1518358254777202,-0.9497537724058326,-1.1454906513492418,1.683386442666861,-0.45329369406715686,1.7184063529560036,-1.673842315068927,1.45465915984187,0.8511198776898535,2.119095877274786,0.5504266580433569,0.9429701156775804,-1.0331889360545106,-0.3114717414731342,25.300982366338687,66.38046032131483,59.483958152513786,38.66049486821299,68.84680171737403,91.09763816128869,Desktop,Fibra,69.75918807121045,Sistemas,-1.8976173637508909,-5.2276304290543445,0.8844184972283508
538.7522277031236,2,2.3613,0.9069,1.5896985854380783,0.9345963324859425,-0.4803222874273179,1.1986484623292317,0.6459963979692719,-1.5353271742990189,-0.9569376185421766,-1.1780595200111106,-1.230961736296403,-0.5660965113348055,-0.1309633463726158,1.1368178794495656,-0.38599523112517825,0.08657736477157313,-0.42565343437826664,-1.301162192519528,1.1517608848039533,-0.026146660837930043,1.7754056586984204,-1.3013402135768368,1.276048032415682,-0.38852217616984674,0.791733110340064,0.068259568726933,0.481845766014353,-0.19849539044072068,-0.08943358592601258,25.164776941399985,60.19822429760313,65.82756536691345,35.9971860663503,66.70794487094659,84.57513702891126,Laptop,Fibra,77.70264613200436,Administración,-0.4746687183046831,-4.293713908398412,-1.008293323987101
551.0706106940431,2,2.3791,0.9079,0.8938893604583625,0.42011548979675445,-1.108258340102805,1.642036836808148,0.8100791362011377,-1.4876028102402563,-0.82768357436233,-0.9639287672115074,-1.4845869576602662,-1.8428284570162112,0.5828435275583551,1.165827212325373,-0.5170302531229081,0.626819855937662,-0.4956807331840303,-1.0066205322171362,1.110733462216132,-1.15649979215228,0.35115619024030514,-1.4151905303395964,1.1881721352433308,0.402830347666744,-0.46922902624088464,0.09933319133324274,0.4911007002645104,-0.576286436401395,-0.529449765688672,26.990848622995323,62.05323745121848,64.31879977741616,31.018442197204102,65.91631288687083,85.4683909506436,Tablet,Fibra,79.48996777082533,Sistemas,-0.03497669528041782,-4.531431424428396,-1.0460921464849597
486.3907338087752,2,1.608,0.9353,0.6401688312249525,0.5150238596179302,-1.4799153553560136,1.4548716032433828,0.26174666103899896,-1.4329401908069437,-0.9350646937480486,-1.0991333244104609,-1.279414733029375,-1.4277528128567187,0.4623965510749711,1.4141146929253359,-0.13135201130050947,0.4320743403066349,-0.4585848985789999,-1.0692684923130238,1.3641875972230306,-0.45264269149551783,0.9241164699861226,-1.1818903533243164,1.0919872098491792,0.5808696695590734,0.7402082632268321,0.28306340403797603,0.725034416847853,-0.8191967912092957,-0.4892614308796127,25.610014157483317,64.66460892889154,64.26818305671235,34.74993619018339,66.14279526520667,83.32288259682751,Tablet,Cable,75.66037218628729,Administración,-0.6225008461794094,-4.654668126657893,-1.2520577016507006
463.6871707581326,2,3.4455,0.8799,1.483051574345565,0.6919206170304865,-2.190599961389563,1.1083016120107398,0.6208775858564995,-1.5117324297220482,-1.284540903693019,-0.886999034316275,-1.287831751525262,-1.1502095021732146,1.035475717952071,1.3644871919750654,0.41380918600530364,0.21778317705971548,-0.15892786861666874,-1.1719114358370135,1.3913720911945577,0.935999725569448,1.7016553964817538,-1.193685386109325,1.071776744066421,-0.09441046354000979,1.6585268433034581,-0.4512135424389324,0.8746104993795681,-0.7538870573367551,-0.9454046046718911,25.29299108331432,63.00948265523424,63.30087479105104,35.824492075961565,63.45976010151665,79.10142567482137,Smartphone,Cable,73.65761449980765,Sistemas,-0.8488420821946798,-4.740958827029779,-1.2971707738659122
514.2188268289426,2,2.4486,0.9053,1.115651844495252,0.6487655230491184,-1.4707534197931789,1.6111515204384264,0.438463202236655,-1.541569261884967,-1.0676409872621884,-0.9794456019174639,-1.3701599035050116,-1.2629352145743145,-0.22206754155624941,1.3046192462840762,-0.5410011281149496,0.5570686691053403,-0.7176494308827714,-0.995580450635629,1.2152954202488815,-1.0906702168280158,0.7362697836780161,-1.3319322480787898,1.1718113929723952,0.6468474627035853,-0.14032108038427205,0.5027385220439109,0.403752991460951,-0.46959686835040576,-0.10212575822485775,24.57351174709164,62.6593346096675,67.27456146894957,30.64596150319985,66.21633218236643,85.45630063164465,Desktop,Cable,79.18279599980588,Administración,-0.005498230717327143,-4.491260717820308,-1.8971296202265386
608.435425423465,2,2.3732,0.9111,-0.41656082635231756,0.4262154238873059,0.38120447962727255,1.5833140653969537,0.1786973354663277,-1.52689866450954,-0.594069157429146,-0.8590927557075618,-1.511292364961484,-1.4996689311617815,1.1354309948187022,1.3591959124152304,-0.7081910724184242,0.746208211312666,-0.7129126658620933,-0.6726309393017025,1.3786524842198757,-1.7953383756904895,0.28706688792743923,-1.6694355471859976,1.3493006816534365,1.116078169477635,0.37774107564910514,0.9231899496893301,0.5112360068874449,-0.9515777918102395,-0.30027984397397794,25.891574013474223,64.7286380899441,62.76252789287447,32.63226411572572,66.67755962829405,92.225778553979,Laptop,Cable,75.04280510041438,Psicología,-0.4688541858947045,-4.858126140220747,0.6471425577215396
490.4983653507367,2,1.4869,0.9393,-0.1656716676613711,0.5737337099551819,-0.4022782090890855,1.2759907020961117,-0.3560748642029907,-1.350597270844418,-0.6955879058148423,-1.2006098481190934,-1.113243471576486,-0.8370028912704143,0.4070769481596186,1.5894938159300345,-0.3469911989865763,0.37844682857100825,-0.527564220505846,-0.8928761083716686,1.479244021983324,-0.775997213920199,1.0916495536056552,-1.1660032416755455,1.1398220071651595,0.8954729495603097,1.2982046194261754,1.013227977650642,0.6744205648999272,-0.9566380890396182,-0.017261202373067656,24.271487076132047,65.76229783511718,64.73268693510609,37.58925421121746,67.37953499206942,87.12090119028457,Tablet,DSL,73.21876175365578,Sistemas,-0.8746655084747822,-4.549628452166141,-0.31858850663101107
552.8524639006353,2,1.9094,0.9247,0.6101541595652511,0.5154401706306475,-1.278344525522162,1.4061545302306362,0.46097924619427105,-1.4048596402162075,-0.9559749674765038,-0.9011524550631514,-1.2737593282898845,-1.7742020656007014,0.9765154152231312,1.1115397386050865,0.10755821243464603,0.45464458006182057,-0.32742271671884665,-1.0617345219167993,1.2902751290830459,-0.14862471392359938,0.8017606093769749,-1.2396555950339678,1.0913425237094134,0.3340546739976026,1.0814938629416024,-0.19442876461717268,0.8084095766633111,-0.7886615415105989,-1.1178198184455612,27.223010062834604,67.07737446651895,61.47755826033579,35.188468736756334,66.25818594197871,83.18528379472261,Smartphone,Fibra,73.39662266287701,Psicología,-0.6496748329456202,-4.63614498886892,-0.7095511969155885
450.4648965594735,2,2.0076,0.9221,0.16888920676539895,0.5109817078281452,-0.4676201146870994,1.2351512253494725,0.1331153296232518,-1.5277475095663193,-0.7537829580620145,-0.9999703641387906,-1.4291206170411388,-0.39828081292193673,0.6180551285003631,1.6935221174263762,-0.12735529794373276,0.15560784706844516,-0.8108015948364716,-0.9331375089973288,1.6182447287020996,-0.3378379921263128,1.6117578764458544,-1.3365503229978346,1.1474615385116007,1.0002282085103484,1.519386703862736,0.7511470492863024,0.7855554536468925,-1.0838259937058345,0.33976599040621,22.968814507495036,61.70994933513302,63.75367906724911,36.92218674696136,67.1047583880374,86.61120773709955,Smartphone,Cable,73.27602795303315,Administración,-1.6163211394431893,-4.663056882142317,-0.2914706660694047
564.3387922755675,2,2.6558,0.9014,-0.09001231260632238,0.6514337046395834,-0.41828611194261134,0.7431361451766458,-0.2767356639124606,-1.399195773502742,-0.981883138851965,-0.571936565143455,-1.1575134323784744,-1.0869833536635551,2.5126434908242463,1.6897294833743537,-0.4953582645509497,0.9630749894722617,0.3297909734674444,-0.19990856279811042,1.327176868064774,-0.6292070672538714,0.7210565968002561,-1.6659247587864332,1.365657502312341,0.3077180945204906,1.4038702418653386,0.9589992670697377,0.37911329341640454,-1.0174889822692417,-0.9288187861760216,24.35221754817637,62.94117529298159,65.20712390356599,33.67117373650325,58.74242850330722,89.46915186141585,Tablet,Móvil,71.95441566829709,Psicología,0.48807948955973435,-4.861026368938098,1.5358761909521152
480.9049912651184,2,3.2743,0.886,1.6713246567496596,0.9729914219435761,-2.3845128701362297,1.482612594231167,0.04368005320010287,-1.5987838580904632,-1.6990119915879758,-1.0301087904841955,-1.1268132172225453,-1.5011450680575498,-0.08152564483164766,1.4221493746840788,0.13449601581142812,0.5687462794879604,-0.3213452093542735,-1.1852385890814139,1.4333755520504978,0.21016594971024252,1.2815347104753723,-1.1382440080602243,1.1335549330441481,0.31063940392287226,1.271391859972415,0.08883593319827202,0.6819458446194303,-0.534109517128634,-1.043739691989913,24.425179207688338,67.45467444881912,67.56249621429421,32.12271074803462,63.06301738763098,79.54515064081106,Laptop,DSL,75.4293535307698,Administración,0.01812330646540395,-5.034383533730625,-2.452691528390151
493.8400903861207,2,1.6571,0.9298,-0.43135232833393006,0.22652850636117422,-0.20458237879672717,1.0052850022366622,-0.06154303975970522,-1.010826905057745,-0.2857091656844788,-1.2736721031979397,-0.9338081962917865,-1.462204955236776,1.4662198879309276,1.3416627821132228,-0.0812541615945313,0.3051242093091406,0.11773694836536247,-0.93021741592315,1.205955721911942,-0.23180821819663927,0.728800796607743,-0.908951295844961,0.9553963968926317,0.196894366216038,1.1726928907984053,0.29245628709078136,0.846080273292684,-1.0565387073655397,-0.7130766644729414,27.8109121807574,66.09691061863886,60.75796858940811,41.48611822285636,67.45463082849663,83.75672799058884,Smartphone,Móvil,72.1591183790948,Industrial,-0.9303396714302276,-4.056878470265674,0.7395206101205246
599.2277822789482,2,1.7936,0.9304,-0.07564445129515542,0.7062090277125832,-0.18559829648680193,1.3124633310817277,-0.34507681275725105,-1.2679077341396698,-0.6355559997282619,-1.6263231599985697,-0.8917604510511037,-2.0741634073615036,1.233396484401585,1.3542797725869,-0.5083639796125264,0.6700437685476412,0.375827235006072,-1.1456855504913093,1.248691972151854,-0.7371272739237522,0.5943458207694672,-1.186778475413791,1.357289719806983,-0.24863774565797492,1.0846126924935324,0.514282191023434,0.6974503384315801,-0.7425134738871751,-1.326794058182886,29.285957769590183,68.29772920133533,62.99228623697586,39.35971410039773,64.63641732597351,85.87276430032746,Smartphone,Cable,74.40747761205297,Sistemas,0.21984798693189955,-5.019785502486957,0.5128367797136314
507.6777247526342,2,1.8424,0.9192,0.9258437173027294,0.4052183476462768,-0.6108628847328401,1.1917070346162457,0.7836106512294495,-1.2800632485993535,-0.6448206027925777,-0.7990682758507606,-1.2813328526254957,-0.8745030467071633,0.3445773853508057,1.0481949657300251,-0.35564591358444625,0.24654514737327912,-0.540411505099575,-0.8963326713381219,0.9868668517730605,-0.5612283517456949,0.8884536304619941,-1.1803979011423176,0.9852087687347993,0.24474398184937537,-0.023602129634830247,0.08656323921910292,0.43776137801636994,-0.468276397720462,0.020989477778129133,25.31938532958669,60.57535259485759,64.4038070374238,34.20698800847034,68.0329446208692,84.88603219680668,Laptop,Móvil,77.41811430870284,Administración,-0.5551709032590404,-3.6228929467487547,-0.7276604341571793
463.2435897420175,2,2.3478,0.9006,0.6976875672183497,0.8132043461093773,-0.32490701222272206,0.8663910962291257,-0.4549263764116897,-1.0772202756228502,-0.576603676112105,-1.620855499357559,-0.6248616519386146,-0.4205902079055895,-0.23732489828299114,1.496951099436978,-0.8808796811834412,0.2885955253991733,0.1742405213922833,-0.9973511383362259,0.9837523697934739,-0.6351041436457219,1.2633050655116613,-0.8362164448012349,1.1214359372061442,-0.36727153750385283,0.3768448549657237,1.103217251876407,0.24992217841608222,-0.2814224296131395,0.27992936636377785,24.66725277426554,61.45674342654367,69.8130423434914,39.44493450267583,66.09227377588914,84.80196508464104,Laptop,DSL,78.3155224210225,Sistemas,0.40151676566496664,-3.7012956795837475,-0.6369290870296426
513.7041660693545,2,1.7061,0.9324,-0.13949214464908374,0.6445599872116274,-0.07919473562347795,1.5391332390878332,-0.3972944838333274,-1.2788548002814442,-0.452818187672204,-1.9152057680600751,-0.9379906202211727,-1.3842606647895246,-0.3052188727905902,1.432272019721735,-0.371934652366247,0.17018189429332892,-0.3600181264553992,-1.4998863426001277,1.4397475474714412,-0.6998249734795383,1.158990859722893,-0.9028518092870814,1.187266150611872,0.348248969915277,1.2489799874641638,0.7218783194002203,0.8838842255960663,-0.7942926038991122,-0.300688777257206,27.51084127875026,68.17128776047603,63.20671083103396,41.99068334257836,70.27690336163863,84.93272118613795,Smartphone,DSL,74.65079469865604,Administración,-1.0443826860586252,-4.707559114169616,-0.7009193521425516
622.8544294882331,2,2.7877,0.8878,0.41930530243142117,0.2967272716991413,-0.10037365564516375,1.1781620275026856,0.7650682102907422,-1.144206376200709,-0.470660833051605,-0.7823708169783222,-1.1791963565589456,-2.01067120384165,1.6643398716917128,0.8287202732600772,-0.5949119013416373,0.7216548303157326,0.14028785624233145,-0.6978644646741854,0.7481947798653245,-1.0611194899546632,-0.08556721034362255,-1.3372047181983198,1.121877651943432,-0.24282770605338477,-0.48218452681832485,-0.10416115879724078,0.34950532107328963,-0.47510709396993206,-1.0711045631456837,29.147147024143564,63.13681685674432,62.17199337419742,33.61390439750096,65.38240735845287,86.7136368512235,Smartphone,Fibra,77.28185518861385,Psicología,0.49004019261703763,-3.834934501416089,0.7396189623710628
514.7640229256261,2,2.0387,0.9282,0.4692846760205109,0.7834046478663608,-1.1876671032945678,1.8494093922308645,-0.14766134219960028,-1.7161879253187529,-0.9684978980278666,-1.8820659865003118,-1.3633144460755213,-1.9904096737118693,0.4105910629864249,1.8776174993459127,-0.6268006200648937,0.6655893719624061,-0.2230531528431134,-1.4495626983537013,1.6491314932933923,-1.0855117253317719,0.9799475950575423,-1.4234306087174147,1.531576102799986,0.38385639638617974,0.7022877356922581,0.8221575403036311,0.7990042870668753,-0.9088241775365765,-0.643728960164602,27.10522157165851,64.21537091880657,65.8106759350031,35.4322241705003,63.58490393158486,85.30444727989564,Laptop,Cable,78.80726808070331,Administración,-0.1710438381733335,-6.010364006899075,-1.1143729710362547
506.3890647981016,2,1.2656,0.9482,-0.02887795024626605,0.4001968577965593,0.12203866834125683,1.102712037913416,0.20370257829630722,-1.2839377878506897,-0.35789747006636435,-1.459442630472368,-1.1848310821650316,-1.3287080401229379,1.5704439986287162,1.5418397040354517,-0.34994036976360055,0.29787913956843975,0.10917944960717103,-1.098700513614779,1.3128919037082725,-0.33622314074549986,1.1083724711079088,-1.223839987516104,1.2346139263419456,-0.08853181289189276,1.023783063996222,0.3595422771085525,0.8012394574840902,-0.9859313297557877,-0.500126466857323,27.644027074090943,61.62649189196209,61.73269516181134,40.41297481477733,65.45003914719976,85.2625591471248,Tablet,DSL,74.96856330204066,Sistemas,-0.8640834101385556,-4.657743965100095,0.9705778515738647
568.8645567491623,2,1.5069,0.9366,0.5104064151911042,0.9542832517717825,0.07565365673155136,1.1794452793019472,-0.35319302546946363,-1.2748096351022742,-0.7053114782127353,-1.5752783825785566,-0.786435035418107,-0.9435034434245859,-0.14192607991119557,1.2398358552392588,-0.655932845075249,0.3261162269687018,-0.058836545486730146,-1.200301910621811,1.1549895491405293,-0.6339100460266615,1.2387053622866433,-1.0619957117918886,1.2861295944799305,-0.2498058154958855,1.0405139599719497,0.7726009135246087,0.4636708930260783,-0.3248970649065078,-0.37165388311679487,26.404789542221263,66.1090496755794,66.27948817395429,39.40712048581915,67.40062373787615,86.53827107121268,Laptop,Móvil,75.584996764189,Sistemas,0.040438443602327484,-4.32628377987655,-0.3799781792236053
610.8556040877726,2,2.6851,0.8844,0.6451123640200493,0.48800083910676245,0.7970259347897364,1.2227192018572404,0.7154939011926089,-1.1235119866893586,-0.2725806690205444,-1.030049459184217,-1.070585919720682,-1.0343341877820598,-0.03935181806989755,0.6569367187832506,-0.8206947174978889,0.25575829582121357,-0.417569155788279,-0.976293924093363,0.6898469155297123,-1.2123801804895074,0.516454223050425,-1.1468920859994645,1.0781380679890415,-0.1961974675893842,-0.5587934553849421,0.1962399788399994,0.22949011237258077,-0.09255937037214151,-0.015816905449841795,27.53272994423246,62.10165795089721,63.95026254864985,35.929149255248696,70.75494141698663,88.27507099781,Smartphone,Cable,78.59304385746043,Industrial,-0.07781947106736099,-3.1856940838126997,0.0228574596983721
572.9730899313926,2,2.9006,0.8934,1.6357206860159685,0.9150901772876409,-1.731754174142368,1.707512874414572,0.5476969394920348,-1.6622874309604243,-1.363993335244655,-0.951244598854389,-1.3536363303337826,-1.48077743440589,-0.45442339973306234,1.083136684100351,-0.4443016137366608,0.5925076231113606,-0.6857999806736341,-1.159921474281773,1.1894462196596276,-0.8384182400563757,0.8655619132217758,-1.411284249391325,1.2731380771975647,0.3126618905945409,0.09413512894037329,0.17621824406484826,0.3944405356834365,-0.21356200540882986,-0.575372548684125,25.29886077871246,64.62480489911856,67.2735438605594,29.62866999082088,65.71969040512471,84.80107478704059,Laptop,Fibra,79.00133841041085,Sistemas,0.30906498249879455,-4.73496878381373,-2.3409751335926585
521.9523887091926,2,1.5869,0.9336,0.7134926468665058,0.7469814015093924,-0.9515409430991096,1.0360682363312177,0.07555725342468791,-1.3898779431291772,-1.058865001126059,-0.7379447415408883,-1.1131432385834321,-0.6816604691513519,0.6536011239320619,1.2778841158764496,-0.09488005664850864,0.369988143201743,-0.391003252960232,-0.7844783637017048,1.2902627133395619,-0.07893155878698127,1.3107115348414253,-1.2492400116540805,1.1025952266399723,0.392413698878747,1.4378823285289797,0.41210580358573357,0.5461580473183535,-0.6408008836936425,-0.4198577192090165,23.87365503989933,64.94188307402453,65.01394697880043,35.273851968433,65.500371538888,85.27603212525082,Laptop,Móvil,72.66994155283702,Industrial,-0.4798757993996334,-4.259980006677922,-0.5603730298115361
648.5467467337362,2,2.8301,0.9059,-0.23421900053388273,0.6391739268932717,1.482247298162154,1.9382118949447555,0.6257455365542524,-1.8042282915904095,-0.47153815974833335,-1.531795777493988,-1.796420077295588,-1.6445194110496328,1.4119727211512896,1.6741151464826567,-0.8890441292036803,0.5169013198018064,-0.7836732625089695,-1.3345551044525144,1.683386442666861,-1.7167014873492121,1.1169104148475766,-1.7486471270218775,1.604610876297605,0.6299786857983208,0.8030812657863613,0.7647395166150381,0.8243652304977398,-1.0865154418769034,-0.2281656844448613,27.79904500013645,59.82928945649091,60.2733740993107,35.12863195264001,65.76256297377715,94.21528724124728,Laptop,Cable,77.57641496077875,Industrial,-1.2849749500065448,-5.978660931702539,1.4224515680938787
426.6311417401281,2,2.3675,0.9086,0.4282005858471212,0.36261591671975074,-1.955608350068217,1.4193485252018472,-0.07988361440546007,-1.2647043012139703,-0.8027663014786706,-1.3905274031681434,-1.1023633746551373,-1.7503317351834995,0.6304809649138854,1.7185866407268606,-0.46126733079765,0.6785789088092192,-0.03664058931227759,-0.9535570193784209,1.2649751666797937,-0.9045213664303877,0.43536074083588255,-1.010284404638051,1.0483143909999557,0.5237460193155041,-0.02885847256613067,0.6945190480290164,0.6013376130822531,-0.9040633781361113,-0.421292854325265,25.94870585164276,63.33795747672366,66.90398061798055,34.55098891014336,64.00715237503655,82.16008071947883,Smartphone,Cable,78.52651958157841,Industrial,0.12292763576543779,-4.6182683603370975,-1.3778349875216642
553.1879642802071,2,2.7794,0.8965,0.7788364528844467,1.3601047444081873,-0.38580628551603846,1.0926794224146932,-0.9446333288591663,-1.3847258377378788,-1.0952028319376321,-1.7172187508440093,-0.5891536003058947,-0.5286846164213967,-0.6220813219735641,1.476428061560671,-0.6734624841797945,0.3632310013792145,0.015511059112088197,-1.2326884187838778,1.3294225570263762,-0.368872818964703,1.7468820796043047,-1.040361681274094,1.399291584639869,-0.29110302592290893,1.7934870907906637,1.2046440725538032,0.40726308125724864,-0.22266109909484957,-0.33702406875063645,24.47896121149483,67.7266958381054,69.51847797153016,39.7125551081254,65.56802936014958,86.28921079173669,Desktop,DSL,74.54545123489964,Administración,0.38944193824191975,-4.708498049299637,-0.986058676560332
477.8400167197368,2,1.6008,0.9349,0.4746483207854636,0.5900390997827999,-1.1396343216591782,1.434590665728652,-0.1600309456318517,-1.243357900055186,-0.6682918979187299,-1.7526773658630312,-0.9316453385912676,-1.6417072623342763,0.0512268254649919,1.4807116634245485,-0.4220240626433777,0.38929453109032386,-0.0172364243706903,-1.3428167150782289,1.250369131412281,-0.5934513418791311,0.8743521821898378,-0.8915291449385091,1.126680061696706,0.038380082890427165,0.5251790215842574,0.509143801871225,0.7126691246417026,-0.6743641514634805,-0.5235253293050811,27.42094592190745,65.5093998447361,65.44840005286235,38.75443514295969,66.81479102746859,82.22251164091513,Laptop,Fibra,77.44272502186945,Industrial,-0.21386374446494857,-4.586404375001848,-1.2218422615447084
663.1909038860044,2,1.997,0.9217,0.21166862657274904,0.719556259771967,0.5573457973254716,1.1227077696860628,0.47157686621553846,-1.58639515287905,-0.9071112619941287,-0.3555338686343444,-1.469715913760024,-0.914201250316745,1.7030643744538319,1.0428468758483762,-0.28496223339965315,0.5567137802947034,-0.5583619985729548,-0.5621012202543715,1.309621700659237,-0.6482967080594351,1.005207980388765,-1.7486471270218775,1.3748674210113763,0.5017142983095975,1.4892025778837579,0.32977968472991276,0.49238540544660964,-0.7189905673734129,-0.7205421502636192,25.119063535135567,64.59968574925267,61.35689552527781,33.2504591088726,65.18081736958457,91.67355114994204,Laptop,Móvil,71.12983060225297,Sistemas,-0.5919961154271821,-4.616294996012053,1.2856908987307332
662.6703944196305,2,1.9429,0.9285,-0.38528931410697204,0.7711075035816851,0.9170311827585353,1.4538799333079007,-0.05992860714993145,-1.5974645936386969,-0.663944239779815,-1.2191102820840423,-1.3403435976961335,-1.5228809977428213,1.3791865233126737,1.3187701104758878,-0.4536439408096672,0.5497918386129543,-0.35822200255854086,-1.0387963480925315,1.5353756724273346,-0.9650202391104183,0.9875987673900662,-1.6697153153083153,1.543553945903411,0.4154237931511135,1.7316681647576069,0.6480554355297945,0.7635971543808049,-0.9147396935332387,-0.9112195994732967,27.53811179963746,67.463200844626,60.55444013782407,37.71455880990701,66.25664179397012,91.40477779326608,Smartphone,DSL,71.79977467668864,Sistemas,-0.7599222321462736,-5.408215632343573,1.3291261422826133
477.696081441535,2,2.2183,0.9161,-0.3044878664604289,0.6289637781167295,-0.9064693945500072,1.0352263565828999,-0.8627289843716145,-1.229836028248251,-0.7552067745497338,-1.5190855768843505,-0.8317916606131194,-1.4435207060948365,1.5088488384332408,1.915826078826653,-0.5891065064319513,0.7948517757063431,0.4527286562277689,-0.7482230494512733,1.4151182843584704,-0.7643819568385184,0.7374805424846466,-1.1319436277572554,1.2705955069355497,0.2641633932790784,1.2033490857342273,1.2637763930039054,0.5922113995355107,-1.0579826337698153,-0.7143821785239319,25.743945332807755,65.48564561958277,66.75430632400504,38.376505034380905,61.48927214668271,85.57729629529717,Laptop,Móvil,74.29304411211046,Industrial,0.36237821948323606,-5.013169968985425,0.37675514896333584
652.3540581000103,2,2.4617,0.9054,0.7745032605015473,1.0706224969425782,0.5158071138090755,1.0828356546224651,0.33097471423711583,-1.6565314541207292,-1.1234281947941935,-0.458361563944234,-1.3306676392813077,-0.1876435480300481,0.5168780254821513,0.9465869175017387,-0.1929072105203991,0.24151321731791456,-0.8426839572126489,-0.8040605833248043,1.3561022702028867,-0.19988923200274436,1.7523597726896505,-1.6808579160756305,1.369193796560745,0.36995267367715,2.046372850233249,0.3755259275832045,0.46290458909735543,-0.3995531075838725,-0.32330685340775916,23.415114811078386,65.3062179013643,63.24200391805071,34.59189097432858,67.25426123954382,90.88223462240512,Laptop,Cable,70.63203335832911,Administración,-0.8511802569204737,-4.443006343608553,0.3300930413075245
682.3112042406347,2,1.627,0.9319,0.5888328517180409,0.8696982470100678,0.23826538088391305,1.497065015849805,0.2402961373447963,-1.37144274354026,-0.7853537960313324,-1.1186701029924286,-1.042084550442065,-1.5915431061053034,-0.03695424418013405,0.6897097219055841,-0.5005211462770535,0.45783672983240825,-0.4196381765869667,-1.1700041543161992,1.0339743946381572,-0.9410136824170581,0.6731121684050798,-1.2920313548120999,1.2860480153590608,-0.04679043830997392,0.6937805739840249,0.16295849221476302,0.4704824771183861,-0.19770261578310439,-0.9416385910601007,28.18157543733561,69.1586332129214,62.9316653288081,35.779107023465784,69.31634390874729,88.19005627828386,Tablet,Fibra,74.81110757725128,Sistemas,0.01111486390132162,-4.28687117096227,-0.3912758988639806
628.2271575462478,2,2.1232,0.9117,0.9782572579184949,1.0703262562076066,0.45621706926200534,0.972001535547464,0.18618996739803007,-1.3914997881225755,-0.9052694913772795,-0.8986355791988625,-0.9727493208737632,-0.35400262100799945,0.056300326917794935,0.8549260628650598,-0.396862008829604,0.17000622078174196,-0.3899255602130747,-1.0010252367102357,1.0742164770449678,-0.1579426685529654,1.6136348629662296,-1.3127709013367346,1.2727799567096574,-0.2934795597920734,1.4697106395849386,0.32041535504226293,0.3662736213448145,-0.11957529546354607,-0.35103368053554035,25.03159888717029,65.08014423514726,64.79960232180456,37.30002907174402,67.9492661183283,88.18125552514594,Smartphone,Móvil,73.20220383082695,Psicología,-0.2946431756802079,-3.940470039400411,-0.005701960348631001
641.0824094040368,2,1.4957,0.9366,0.8130826271562885,0.9304764421570129,-0.2367657872499539,1.0410326152423193,0.2048450675840877,-1.4527014424836622,-1.1172154631601512,-0.5351779532404235,-1.1247340783517068,-0.9101747550678692,0.9437697998539067,0.9698024137901663,-0.40729627089344445,0.6108756926311354,-0.26985592254828533,-0.6370061424736666,1.098799089225949,-0.5227945181599721,0.9747505251342494,-1.5313196251931949,1.2955177554584139,0.06420129813496478,1.1360768435110715,0.3757963871298579,0.2955950279559648,-0.3364271979140576,-0.8044768338133605,24.94631790577827,65.60573526175038,64.99889987968993,32.939368477361626,64.50031863844478,88.85594599370637,Laptop,DSL,73.14740358825686,Administración,0.2943098276850297,-4.289396809217188,0.16535155222086673
609.1217877071583,2,2.1521,0.915,0.5176824065260177,0.993782187819274,0.3252767010484359,0.8432050102406247,-0.3112777958259148,-1.3262723455528302,-0.7711163594658904,-1.3711943748918445,-0.8417556820064737,-1.1329926990482064,1.4987312150913454,1.4539953678607727,-1.000220922391404,0.7469336212304077,0.6340784926426836,-0.7871211615895498,1.0468205855905226,-0.7806918541637731,0.9744278038399744,-1.4425971649595393,1.5278391791311603,-0.784995778595133,0.7928897379237689,0.9164973393829655,0.21933635171192628,-0.3698315146607037,-0.8096866988467142,26.772913970802733,62.06208886986855,67.36090369919874,37.119538791832326,60.90518163298394,88.7841075061141,Desktop,DSL,76.65136812064127,Industrial,1.112891548524341,-4.701836442777264,1.2111667544938778
513.8004356280817,2,2.7152,0.8998,-0.4038821062635276,0.0016155092285447053,0.8118216289854527,1.1246900288509591,0.8093678550448712,-1.314652911550016,0.014438552694615098,-1.276634211069364,-1.556764860405968,-1.5803605393336002,2.5126434908242463,1.5844739731999322,-0.4776252832969453,0.3574670392164312,0.09165847184967406,-0.9338508632748866,1.269571076191127,-0.7185673020119931,0.7353752922174873,-1.4979237739985778,1.2755030874311633,0.01704898501255567,0.3508196247663395,0.17270261851731306,0.8299183683256984,-1.2591725353830454,-0.38105315917750887,28.74716189269825,57.00183699046804,58.93657102517688,39.21062946314367,64.81646989546336,87.32618922448944,Tablet,Móvil,76.43384310937442,Sistemas,-1.2090502784869803,-4.663768785766132,2.1532360713863468
510.6102211405467,2,2.0023,0.9262,-0.35622270074977136,0.7169093116723406,-0.6284642093811633,1.527840406313139,-0.7966213673720671,-1.429460569559867,-0.7582106885912433,-1.7554358403366161,-1.0197892021847779,-1.5947296775678819,0.5207111718440882,1.862914174244809,-0.6169884957371794,0.6700939092194464,-0.1285521886684462,-1.110155492029708,1.602460963153521,-1.1711430183898757,0.826352522220306,-1.2002285544371747,1.3684802068405792,0.6800130120010199,1.2146709455588995,1.305725402545762,0.73466411330446,-1.028613780612859,-0.5070045434072554,26.134233238845315,67.6319380007478,65.80432287637326,38.15029501202039,64.98837841262817,87.00878218333692,Desktop,Cable,74.93226285337835,Psicología,-0.20873803032960156,-5.421464112660248,-0.37595965916764346
577.4880045348852,2,2.3575,0.91,-0.19105464108848275,0.06253245684327881,-0.22789163588702424,1.7161609692666666,0.8840436105552235,-1.343594505516398,-0.34253982328378524,-1.1008556003084724,-1.532203948618155,-2.136079775267823,1.3024295331024056,0.9886025654689862,0.06670124212596204,0.34116672502439827,-0.5522245607551027,-1.24490815988648,1.2969712896975085,-0.7000098165634536,0.31946841780159374,-1.2704805059369708,1.0656525325420645,0.6024571641139523,0.5418354530652543,-0.4322590302069396,1.0496845492171227,-1.0859143879938746,-1.0527825389403775,29.71891086692365,66.73871364340981,56.63874760303047,37.17840455942441,69.93883154722371,84.80024147576835,Smartphone,Fibra,74.00607058741178,Industrial,-1.5220836271641731,-4.571252950630897,0.2062846173214735
570.3622665744163,2,1.3944,0.9448,0.6331567805554914,0.6752294785952663,0.2516723422946584,1.5342273595943585,0.6775106402827475,-1.649684465235969,-0.6716953538433161,-1.2627823000804592,-1.532655517152308,-1.0592001505791186,0.4027426301237896,1.2518923898813867,-0.3289787375656695,0.1363650507167137,-0.7280894258526401,-1.3578886100211687,1.4300281860998554,-0.5301497549997592,1.4791706986432545,-1.5073452331910997,1.3733870366896717,0.25007483995013013,1.0171827426801423,0.1621450194912824,0.7725423079641849,-0.6793551941755855,-0.18286966661792892,26.51551236772156,61.91633540641909,61.75405511938745,36.845950952845136,68.3302354058572,87.44156250869469,Smartphone,Móvil,75.95240058970427,Psicología,-1.3100887028964558,-4.90829660788462,-0.12600180001855552
560.6567860832126,2,2.2167,0.9129,-0.6374930170372909,0.5417896818346346,0.15943806302978306,0.9488520974732256,-0.6529838517771474,-1.0784257371747608,-0.45040665242763467,-1.3860799514091686,-0.7633145569061627,-1.5760061584780138,1.7566166534924208,1.504031167294384,-0.550897493228087,0.697351267591449,0.4808769139251599,-0.7286590440512073,1.2142084646991702,-0.78975331673809,0.5150997844861307,-1.119899892726767,1.2296787121163308,0.019733902342847137,1.2471529319337735,0.9267140051098081,0.5946784950821358,-0.9387731005008664,-0.9860610514287534,27.672939712519327,67.43590209616097,63.49329862867863,40.278617354876175,64.10908729715739,87.31283500289257,Tablet,Fibra,72.4039772022321,Industrial,0.17109981647483272,-4.542230711792473,1.3647797921528781
577.1800678891575,2,2.0958,0.9204,0.7001423554195783,0.7997839136679912,-1.294753128712615,1.3112075781496844,0.1982009853664158,-1.6168938403701572,-1.338930086931737,-0.5369509940689569,-1.3554146914262648,-1.2182100640413804,1.0404951024638907,1.256811237406581,0.039221879530152444,0.6080140855111129,-0.5443121340782615,-0.7636959600732962,1.4598704916559566,-0.22987415719092022,1.088613343602827,-1.5358343948057853,1.2393544198674793,0.6899475522946155,1.646179063197501,0.25324623012569236,0.643158928978732,-0.7753976801295391,-0.94990767015659,24.38507378441562,67.1613120027751,63.62096999995626,32.289860944770055,64.09423586857075,86.31204579007579,Desktop,DSL,71.66598599182578,Administración,-0.42415321303800874,-4.953132559948703,-0.6202810660207293
520.0283226552367,2,1.4781,0.9397,0.35068769277311623,0.8864150862437404,-0.47886980357475323,1.0806392268123632,-0.598207653041063,-1.2713114115446604,-0.7722657177010106,-1.6756037937961539,-0.7665472304431915,-1.1596408389953015,0.5730729144018704,1.6169246660836765,-0.6829131107996418,0.5333697653552629,0.31713498352037384,-1.0712094338801161,1.257165544807699,-0.58503596149621,1.134622088635031,-1.0818872295720392,1.3251756673874664,-0.2613159658050889,1.0847743197914272,0.9861904923484375,0.4993946365114644,-0.583967829569014,-0.5516380619851182,26.2321446632244,64.92517421586595,67.31081398491018,39.24325918428583,63.843464339311126,85.39393540905724,Smartphone,Fibra,75.91391363995862,Sistemas,0.3719368406608368,-4.730059707842422,-0.1335923505904581
472.4190840064665,2,2.6259,0.8995,-0.6700746222704068,0.3596182163091036,1.121730691234752,1.25138128690379,-0.17072188276101274,-1.2631961272936634,-0.030472357121951305,-1.6378811056620748,-1.1853314000895234,-0.5096455713135998,0.3407131193083977,1.6605787059800239,-0.6271627678977763,0.03083085893091459,-0.5947832287154414,-1.1232499617937994,1.4571531251800485,-1.038892467847646,1.3181849294234451,-1.1183700294872727,1.180806760617441,0.7206846034164516,1.000754333192167,1.152263552504119,0.7595890804014764,-1.046055749374421,0.6875412902684741,25.363706142705013,61.715313861905415,62.84528006435357,42.1090235539976,70.51591274261173,89.05855606818524,Desktop,Cable,74.86042809719856,Psicología,-1.6754265483338495,-4.299013634886299,0.7524444752528413
533.4067397550405,2,2.8064,0.891,-0.4957611880317235,0.15950582064232813,1.128860073989382,0.720143756610741,0.5214327584042581,-1.2003638691683918,-0.13499834718064152,-0.7232977518090963,-1.3480185918523329,-0.6820500433070935,2.5122101265126138,1.3607066376488188,-0.2671011805387777,0.2430580561521018,-0.1053565409932542,-0.5501805921779239,1.2121405871216597,-0.3392073867063437,1.0467579518173453,-1.4430406194502197,1.128644726422559,0.2483144021324819,1.1894617027002008,0.3446765791553603,0.6753235292771582,-1.1321064710390616,-0.1768998692708632,26.08606265297972,59.41650602272842,59.4562851264887,39.46217780401575,65.9866397325029,89.0587905967875,Laptop,Fibra,71.80384691856625,Psicología,-1.3405640213138081,-3.9792485056958204,2.523845794329775
458.91862013285504,2,1.4642,0.9419,0.37006676436061015,0.3707712300552917,-0.7471910972307965,1.1390888840075322,0.3871884341373666,-1.4288355157638188,-0.6284307677249396,-1.2400125082371176,-1.3857414618487387,-1.269352921701625,1.7459746576364943,1.7644836588791017,-0.35060652344226606,0.44307672315240143,0.023800495363444765,-0.9473032475860628,1.3816983585551281,-0.3581058259295541,1.1011678233814686,-1.3706858812939964,1.2424092546277405,0.14332811833996767,0.6975915077877587,0.4075131423764163,0.7260459604951365,-1.0612327987836987,-0.34978589679177835,26.044430672950018,58.75259955792954,63.658981625347984,36.685790659815545,62.794076656858,84.43927612675701,Laptop,Cable,76.70757559422383,Administración,-0.6436410801543415,-4.884358351859218,0.4050013135387785
517.4539851331883,2,1.565,0.9366,0.6393467124380573,0.4267157416397476,-0.8433788484946257,1.3100852503113927,0.5300670446852129,-1.3771243349081874,-0.6714926229290957,-1.2369328038132315,-1.302093990113469,-1.7195989393542979,1.308190297077354,1.4140402337311027,-0.45318785944361806,0.545401446313233,0.03715203334467799,-1.0351578899721572,1.164991338508262,-0.6301915987627517,0.6887696958904993,-1.3153028926136594,1.2255553159871242,-0.07113439227227523,0.1421928286352082,0.15750781042078918,0.6107157262872713,-0.7521838988608183,-0.6837905873823954,27.558121099388984,60.949268520846445,63.77670893190383,35.218740685626244,63.94683777948254,84.19926852880091,Tablet,Móvil,78.1015876914769,Psicología,-0.11152856050496095,-4.665919612897762,-0.0977549922148843
564.9597325397593,2,2.9786,0.8923,-0.032237195900384694,0.1356931634244531,-0.2536792116857118,1.2214554574536098,0.8905129912620422,-1.5643328604030897,-0.6841352510424474,-0.31908240311725267,-1.796420077295588,-1.5846553820050495,2.5126434908242463,1.5036101822712586,-0.4649050332041619,0.8824133443650738,-0.30994424353077904,-0.3064338623868113,1.2978847501191242,-1.1877373554337554,0.23755530869946767,-1.7486471270218775,1.3079038843117825,0.8112845928834768,0.13754029767723858,0.35518455155305506,0.5063450728786156,-1.1997419271794716,-0.6095160518881922,25.68054076195278,58.48053953306739,61.492199476284334,29.817582210836463,61.36672832182818,90.16819655620614,Tablet,Fibra,75.51352081715461,Administración,-0.38212935991916186,-4.7550354252458105,1.3003014253332768
679.0721074007928,2,2.5713,0.8956,0.769810566766899,1.0096860366265838,1.5373386800000857,1.0204091587200879,0.386506261007317,-1.3747208882654027,-0.5727675544117419,-1.0284894359538161,-1.0401746208943357,-0.421355438240353,0.14934641468542195,0.7386399498354645,-0.7809707700280332,0.17463063292569725,-0.3669803252520589,-1.0263909665566877,0.9323407745652917,-0.7061986427794816,1.3954742962916764,-1.4416718804210162,1.391008791796528,-0.5094770872602663,0.8792856450217276,0.402390300994053,0.24495625261529935,-0.0013033614668537614,-0.1664584716700347,26.30902866611037,63.00937661401834,64.13092209347452,37.66049365798267,68.9497460371758,91.12723347357228,Tablet,Móvil,75.19232572302687,Administración,-0.1759839604366246,-3.819439642385036,0.8245155875536916
696.7215712297235,2,1.6638,0.937,0.6207511659418242,1.1523669842128295,0.6526240469599477,1.4394680619872735,0.11063284451475498,-1.7104085338827257,-0.971450877533878,-1.299478891566543,-1.257572772958585,-1.3602692326441461,0.7367489899036801,1.1471777360593671,-0.6483944833968579,0.536255419903893,-0.23507198877839658,-1.2222028062180492,1.3653323125252637,-0.7818854748172296,1.3006189505580072,-1.7195203535549164,1.604610876297605,-0.25858586104086523,1.45837470372752,0.4740020072506873,0.5359175839348134,-0.3864093576984696,-0.9704339760535031,27.415082538560807,65.93093810995498,63.454234371000446,36.07486549617615,65.04695451559736,90.56929518210868,Laptop,Cable,74.6317877756921,Sistemas,-0.02273701683716186,-5.3715945670226475,0.5602118817383511
509.9498602123644,2,2.9507,0.889,0.8873433638832138,0.7316541193499547,-1.5913787066561456,1.702238593266094,-0.16538344845391958,-1.2060754685625668,-0.8054870049015995,-1.906726196239388,-0.7790424173470317,-2.0020147283983114,-1.0095025868920033,1.162514011552907,-0.42870745752067935,0.38369981766022515,-0.14008973691272145,-1.602812657936638,1.1088078107318067,-0.7250728904338944,0.6657489992146107,-0.694726802332645,1.0661475152939088,-0.08416691830152313,0.15593342239770228,0.2967966877907514,0.6671105230716069,-0.3258496198711654,-0.7440121506053372,28.49126273494138,69.0026052188349,66.31240973300645,38.02197212793358,69.10531494240598,80.58667359419795,Laptop,Fibra,78.80658435561124,Psicología,0.14428538248216244,-4.402218612147516,-2.4913674661600904
592.144292794397,2,2.2243,0.9181,0.6339438182574304,1.0687279168615795,0.7164793668155137,0.9776901294583431,-0.050352827864767344,-1.641964905314672,-0.7993499958044694,-1.4787714719120455,-1.2092860232457496,-0.7586849930689328,1.5643638276232563,1.7373572962370591,-1.0174555807901582,0.5745819511202261,0.31001817119610336,-0.9735631860426668,1.3450856918535106,-0.7025184332463965,1.5947591662439535,-1.7484061295269857,1.604610876297605,-0.6292865075025396,1.1410213361737422,0.9994123292852286,0.3588555291351588,-0.5435332523727375,-0.3665009637417527,25.718734160761333,58.15188863796688,66.79794868727255,37.08234159920054,60.43792422855241,90.36585126349718,Laptop,Fibra,77.38480486213837,Industrial,0.36392526409883613,-5.324573681411675,1.4412670667585439
507.9260087480534,2,2.0213,0.9239,0.4734467832741882,0.6709257606972618,-1.208352937787031,1.1574507566912484,0.02628466580750995,-1.4595378846963987,-1.010298459226901,-1.1391272208065144,-1.1841492429611604,-1.3829752332922844,1.4290878778910199,1.555008019440226,0.05283764151534956,0.4455772587927287,-0.0022754271728940736,-1.0369999216844772,1.4921944829447689,0.1788885523500702,1.3164244239499632,-1.2818382114823967,1.2288227430438117,0.1519610410100726,1.7838133961742952,0.2163053559779005,0.8553500833069576,-0.973940758366905,-0.9941796379177381,26.079525490788257,65.2643752080881,62.91953490267999,37.50969162813475,63.30820642220518,83.2379493673501,Desktop,DSL,72.52669413738177,Psicología,-0.6407017225910621,-5.0898697310775045,-0.13632099493488953
557.900483558545,2,1.6526,0.9388,0.3722975749388776,0.7021906788057471,-0.7540673303307377,1.859514298335828,0.10645427148977396,-1.610175720525326,-0.8138663566021958,-1.7558657119913819,-1.3302833427026157,-2.0685754035731145,0.24672575363629418,1.4632360491980276,-0.3319735593841954,0.44540974356197377,-0.3926779633119773,-1.5691268837354266,1.550924567005509,-0.792054603696873,0.9763758937503131,-1.304492696307342,1.4016355544255663,0.3197585576866079,0.9663146902229944,0.32940737820818283,0.9304961043267017,-0.8329900283925239,-0.8590217754348689,28.42175426058862,66.91640291751922,62.5696255110404,37.30832816626156,67.00857048271625,84.82256004430211,Laptop,Fibra,76.54622514370023,Psicología,-0.722536451346223,-5.580802141303655,-0.967891197700574
567.7274197532104,2,1.9108,0.9164,-0.18445069004826092,0.181430536243258,0.16437647628141458,1.340931933737766,0.43441852912810136,-1.091509697030769,-0.28037966972305917,-0.8895861011904065,-1.1607811678548416,-1.501203036325626,0.6461957276453387,0.8954875703292768,-0.38642303660138494,0.394090023471001,-0.5170361220399978,-0.818214658628939,0.9823944401717147,-1.153958043700869,0.18319538550680922,-1.0931632877267725,0.9375566534964638,0.6129116646711266,0.0363623418842331,0.250198724130295,0.5583464217194207,-0.7049055017060555,-0.3616185665433185,27.511732254330337,65.9457641969312,61.268734438635065,36.2862386421989,70.5392373246643,87.22106348859413,Tablet,Móvil,74.79434101120138,Administración,-0.6949196130978563,-3.582336542215478,0.1404799236793496
552.2924855705609,2,1.4518,0.9396,-0.35500338470939324,0.5797237884192115,0.5724998906376357,1.2185684724721288,-0.2142409666957683,-1.2930616526646777,-0.4564637052478565,-1.2296182268344495,-1.0826026944398561,-0.8418314985662342,0.5391054547877527,1.3338343633869505,-0.4026066081435139,0.26770807432329446,-0.4855993744820766,-0.9594908116375822,1.3701555666738783,-0.7945351539764819,1.097666435962352,-1.2028821449625984,1.1879190919430114,0.6011276959834337,1.38470869229843,0.8359039660807748,0.6772392026451338,-0.845670702108737,-0.12263638393029079,25.67250754655213,66.22648259282279,62.65403859561071,39.52320761137787,69.0547334208687,88.79982122250281,Desktop,Cable,72.39690463492659,Administración,-1.0390677509246635,-4.346323276284617,0.5076398471244448
488.92408785953006,2,1.9094,0.9188,0.799834957342742,0.4962519285187853,-1.237031331531224,1.257143053290532,0.19852521216489577,-1.1140479178061231,-0.6490695408432726,-1.4292314231923577,-0.8930433349075767,-1.5859269320210219,0.1861592065890591,1.1836993952075743,-0.35113304317745475,0.3643006146229318,0.053761899693719764,-1.1906433082204744,0.9852497600777325,-0.41020046289719625,0.6984630673077774,-0.833710043843266,0.9840178670660105,-0.20610610458901663,0.12395899582160133,0.1329726160881221,0.5768758643649148,-0.47485635892186684,-0.6051730917954328,27.61309267887853,64.53738538926817,65.18667488339415,37.57173204413301,67.06105951666905,81.28382958003776,Smartphone,Móvil,77.76355994906527,Psicología,0.010934082136274616,-3.9481032777759886,-1.2036151103514938
429.83725331298126,2,2.069,0.9182,0.9474299296343451,0.5354475601017948,-1.5913384119171659,0.9939237683109556,0.2648235588815412,-1.3186365444142225,-0.8780202795608466,-1.2363383084417714,-1.1179503380631093,-1.1212298584947775,1.1845463078421914,1.630614839118626,-0.12959694553679718,0.3462583177284363,0.17242458606792946,-1.0320688238178755,1.2644333125290501,0.23313048195071298,1.3269269872200065,-1.0902255337038116,1.0935731178228172,-0.176856723475305,0.9018872000410614,0.17947932623759658,0.6900812232581953,-0.8080502221023808,-0.5131044216927302,25.570968191037267,60.434013905789904,65.35036653530825,37.2260178485993,62.824055405339465,80.80770460109494,Tablet,Cable,76.34567866595458,Administración,-0.35143582205726204,-4.517345294647184,-0.6111434658620493
483.0054682132395,2,3.3034,0.878,1.746787829354255,0.9661374932500656,-2.319472650815727,1.3055353053278655,-0.041617126810754655,-1.3315925880006458,-1.2619271761565778,-1.4897640194025437,-0.8120714173283057,-1.4330438253055424,-0.44242403722113693,1.349414719116744,-0.5214151318874729,0.5584715760393871,0.15830917340123363,-1.2459524039002632,1.0278874249721883,-0.3106844224128194,1.0117405701285913,-0.9261720477649001,1.1525479502329208,-0.46272324127962394,0.1254696537397641,0.36098291742212707,0.35687153392606574,-0.13451993733658485,-0.6797949988395249,25.86106664828131,64.09848713557943,70.21987489256728,34.151569436982435,63.51697396741309,80.1465640950211,Tablet,Fibra,79.83476928670385,Psicología,0.9954985293451447,-4.4111295867593565,-2.511956594989073
499.6948460634472,2,3.0455,0.8959,-0.41013603649753294,0.24250080904947371,1.1076981883712202,1.0703612463153538,0.6966165020988346,-1.6337657615956442,-0.22170626496881035,-1.1891753544610015,-1.7964135541838073,-0.831635132325981,2.5126434908242463,1.9105011353290235,-0.3011038925986801,0.18427553672686728,-0.24940169503532492,-0.9579769232050623,1.683276211025497,-0.30392016554018786,1.635897319633009,-1.7486471270218775,1.470881999546137,0.3399746608670202,1.5535309994823967,0.4403161543508261,0.9802735668570595,-1.4871932541860697,-0.01818731410463944,26.18120274498509,55.5049627693893,58.770981870497565,39.75726942281595,63.771059020274734,89.3666064181854,Desktop,DSL,73.79393114818292,Administración,-2.02415900092117,-5.312725386363717,2.4066056534964715
486.9089364155891,2,2.4937,0.8989,0.503643392813624,0.340755305563724,-1.5566627162837712,0.8883854071544124,0.3820909661774592,-1.2137589241624003,-0.9755401773157397,-0.32455504343204794,-1.179576509902373,-1.045406929221591,1.5967970050256146,1.2050453658104978,0.2404500721594145,0.470888812205829,-0.24312338240244202,-0.49007390141540574,1.1798058187124338,0.16166850124063897,0.8201836817486435,-1.1693785106727712,0.8556624855819637,0.5785103556383732,1.1914231827402924,-0.00811980473822852,0.6293693381301679,-0.9118450232941103,-0.7562318827141297,24.40993851374012,64.81786157558034,62.80676175691549,34.15471755411119,64.61335065638605,83.02743307980425,Laptop,Fibra,71.34730908910574,Sistemas,-0.5972715009577452,-3.8784310278875105,-0.2518787299213672
540.3425749765671,2,1.8475,0.9201,-0.24044684398155625,0.4807548268998097,-0.5283104451171137,1.2523404875578392,-0.42995100666041763,-1.076429974631351,-0.6292323107260215,-1.0023737357636702,-0.8437014894663172,-1.2849835876550233,0.22676656070097798,1.1813381490549404,-0.48962697249076986,0.6083615372117386,-0.3510187081665057,-0.6717361974191488,1.1057584789158292,-1.2179092598975714,0.26479956077088485,-0.9699607807511699,0.9675373229868068,0.8059035262271886,0.5281852691569288,0.9268912365449281,0.43478974277561544,-0.679411558093281,-0.38177316591987115,25.53725843594027,69.1291080446772,65.296429784682,35.97528332197359,68.44910237615456,87.1056313354307,Tablet,Fibra,73.64654314115971,Industrial,-0.006694836438057365,-3.81870974390065,-0.5272798629695042
542.0342175760796,2,1.1501,0.9505,0.5651918747377609,0.5381189935299141,-0.3161858140403199,1.2011286595927368,0.37877723901499905,-1.362053443204605,-0.6670405130126359,-1.055110599988161,-1.2395242762885539,-1.2154544386093526,0.989836457832573,1.3291064407581483,-0.645035339820341,0.5379004355860957,-0.14731521781168438,-0.8452114021195163,1.1027536774298106,-0.9004469200594143,0.7431096654431607,-1.3699150607479451,1.2375309315687162,0.0814420053317332,0.14773270847173017,0.4914220316563384,0.41066529880855235,-0.5959065786513134,-0.31794409305831284,26.109028499848527,60.93456978938915,65.1160664813782,34.50773320671989,64.82601352174221,86.9360591787967,Laptop,Cable,77.59131992390323,Industrial,0.01859109262283789,-4.33431033670302,0.08837243427052652
478.36815954756463,2,2.2524,0.9155,0.7569982106995659,1.0035426771951146,-1.081193112225855,1.4140863762191145,-0.5712301427311252,-1.4197125226398912,-0.9309394046580292,-1.9573741044133888,-0.8405347293519061,-1.145902865056382,-0.511971632697576,1.6949613304755327,-0.5581092634119447,0.33190671931544086,-0.043891108866214605,-1.4910225725309918,1.4325316442090603,-0.4519038094765797,1.5066661489627007,-0.9621618297796896,1.3235089599234267,-0.09276033906969577,1.1573902543965888,0.9214142419067469,0.6625200527818599,-0.5307367189649296,-0.30208599745227727,25.86243131733966,65.54360174834609,68.11393028768266,39.53156564827332,65.787152671766,83.14578233446836,Laptop,DSL,77.36474599531739,Sistemas,-0.07177255698903894,-5.025096544891795,-1.5611431885196667
438.852945951899,2,1.953,0.9176,-0.3158206450075347,0.14583583476266926,-0.9581143132810583,1.2554840942909147,-0.003970144076431576,-1.0977728644367384,-0.4874909743840424,-0.9878577784457694,-1.098565236799465,-1.114711328929553,0.4847355880592532,1.339061912886019,0.15021599978300149,0.19067611108478077,-0.633307989071481,-0.8928711812375725,1.3543089831211677,-0.35777707532775455,0.7854732102575566,-0.8330528443064843,0.7620423247130496,1.1139260506002246,1.1229177222558542,0.4015337195563987,0.8884425567718601,-1.1318451111920056,-0.15547271947066033,25.265412916542264,67.3157814276234,61.62897212873814,38.75230129314097,70.24123627003881,83.2233122556241,Tablet,Fibra,71.71805976252521,Administración,-1.5456974897493712,-3.8518191024611297,-0.7087572021912034
573.7629033893528,2,1.198,0.9503,0.631282456044171,0.9764043204446587,-0.6657827788583812,1.20901589767297,-0.32367701915357466,-1.4222828942579888,-1.0598642784850636,-1.1997699127617178,-0.9473521880554692,-1.1190307192927644,0.39927146026156735,1.3493029954228375,-0.5280720542807379,0.5956242862507263,-0.09176673989132061,-0.9464914441247887,1.2649592742745768,-0.6283711177054657,1.0742874964544886,-1.282650563801157,1.3267358743455069,0.06490098888641116,1.1717102099538397,0.7710624909129632,0.43581847123827633,-0.4655809440416205,-0.6783243547971624,25.35233138253466,66.51037835223241,66.78470836892099,35.65638146470412,64.44359778273666,86.74906990487662,Laptop,Cable,74.71858598920561,Industrial,0.3317247715615865,-4.7164627208289875,-0.5244436363779447
529.394216825254,2,1.7852,0.9319,-0.45418940022938453,0.6974419942990568,0.19361334402488153,1.2547723541070601,-0.5762084464131931,-1.3577890449134578,-0.5550821454390285,-1.657149795270078,-0.9984457827539253,-1.1883692735757667,0.8605927195781309,1.6594737772279926,-0.3273861542496898,0.3343961483726622,-0.11048024405767602,-1.1770766815290636,1.5814554967288976,-0.49774509614412266,1.3111011073425505,-1.168777469674333,1.3206633685883205,0.3619568870052977,1.94699884604023,0.920721196047869,0.8794457599468941,-1.0422915666446817,-0.5209378510819275,26.59021674396216,67.28737358066277,62.7118446734942,41.82317673791733,66.71298793131635,86.96735473088906,Desktop,Cable,71.96760175661016,Industrial,-0.9635608734684877,-5.0910554536485755,0.5525500752312273
510.6568732714071,2,1.5624,0.9351,0.26624910489027254,0.7113663861792832,-0.548596811640111,1.3517109283764133,-0.38502207059523225,-1.1742259564599995,-0.592144022841772,-1.790237100315437,-0.7689973838901116,-1.3768308837972119,-0.2719811326000056,1.317710410805564,-0.37021566755543506,0.24441736585884316,-0.0871814046852338,-1.3920283481825064,1.2441808106840901,-0.47279418443647114,1.074754942038612,-0.802002532456586,1.113931355359979,-0.007694448390456875,1.039488634915054,0.5744529678751623,0.7314373455978284,-0.5800705341528254,-0.5001434688742064,27.43375714593275,67.996355451404,64.71924283743773,41.10433333000911,68.88985989701037,83.27393821048325,Smartphone,Fibra,75.23581058771795,Industrial,-0.44311183107611335,-4.368305919969665,-0.9730674743713388
610.6712031384304,2,2.4399,0.9146,-0.7459195884040113,0.884431099727978,0.35947903805166537,1.5048058619196019,-0.8862256511329304,-1.4828560215692181,-0.7100396299727738,-1.7526720914665885,-0.9899983066847993,-1.7172096977054088,0.9077215241764689,1.6207215009937803,-0.4132166520587177,0.5857599351017354,-0.09947147323217778,-1.2271138621900006,1.683386442666861,-0.8823260679176838,1.047989960893535,-1.3337382721911648,1.5111967066107346,0.48474484411036994,2.119095877274786,1.0812460768865104,0.9147614226492709,-1.058291556681963,-1.0577609356646898,27.70314294301746,71.58923828036703,62.13469634647036,41.06686977603726,66.19495430404413,89.12757609202227,Smartphone,Móvil,70.74866670941624,Administración,-0.5970835114649901,-5.695519590101244,0.6818030605550042
493.0798671146508,2,1.7287,0.9259,-0.12485801193205177,0.2865212468509637,0.15942392094482036,1.1041166491788217,0.04726100852305992,-1.0814635346142722,-0.18923512892999134,-1.4385255242438266,-1.0123309102560207,-1.263245564317403,0.9922838335968893,1.4592371127148076,-0.7706864589472806,0.43922251260770495,0.07894805453389653,-0.8824897505966525,1.0410061477813948,-1.1012765129695115,0.5305375568907619,-1.057387648374507,1.1051991459736434,0.07698837903337986,-0.05643124358273724,0.7665119375316959,0.48428846985037316,-0.7718320883214488,-0.0659999079516781,27.10754332295837,61.139294530017615,64.5853937063054,38.61509137017999,66.61094637810554,86.38561294763255,Tablet,Cable,77.71690242746689,Sistemas,-0.19103966351015017,-3.9650222317542276,0.5668680926279405
535.3427741299597,2,1.7933,0.9334,0.8158466979474536,0.7070126773076432,-0.5130862875988997,1.4837437221937724,0.3848881929649644,-1.6339080870237328,-0.7493953797053841,-1.7218092671899243,-1.4029129327191503,-1.779118882289706,1.2304662061066554,1.7341025653340423,-0.8275098125508525,0.6192347626385065,0.17583966016678823,-1.304323049924924,1.3456609405916813,-0.8915371419846057,1.021398475088314,-1.554894128259895,1.574480851949073,-0.3826932093480268,0.17484098853804722,0.4941364444779152,0.5993883412801875,-0.7063248856265585,-0.6103028789565125,27.895338760996022,58.61392709618757,65.47504319719228,35.47936590163613,61.72598388787857,85.81711716718526,Tablet,Cable,79.83476928670385,Administración,0.1768344279685423,-5.551679199565078,0.05228365912781391
606.6291997937792,2,2.3305,0.9115,0.9148689589862411,1.1858310290560086,-1.2502327733635987,1.4834112948213352,-0.48629455546871686,-1.4559233113683936,-1.3144189578069834,-1.365465625196967,-0.809547769356202,-1.5128311782415174,-0.4600702010913187,1.128232813934938,-0.3379851880823159,0.5850435455574984,-0.21183724401620344,-1.2455741447561106,1.2947199554635145,-0.494588472825047,1.06239544119575,-1.1232533299580922,1.3080557794456262,0.042662290913367415,1.4311477554119654,0.5513738312958312,0.535809775909066,-0.2721793941731838,-1.1101523281317687,26.28555653888038,71.60987915203049,66.79114311465597,35.763982447616854,66.15999564749262,84.82192893303328,Laptop,Fibra,74.07932629273954,Administración,0.4418962676150854,-4.890163014161272,-1.703022332747211
566.4239681048168,2,1.9235,0.9231,0.5439526537127823,0.54818276845674,-0.1862609208813624,0.9549796385415024,0.5159936538998937,-1.4524229459380975,-0.7932942111372796,-0.6809791933950968,-1.377510532337446,-1.1138278712227032,2.1192872863255996,1.4111525147087496,-0.5818366923054432,0.6922547464664568,0.05443063873930522,-0.5386904501335859,1.140707204964805,-0.6771916806849094,0.8046102057265392,-1.6625742517158923,1.3399151452056957,-0.011575271137358893,0.4966848073556033,0.4255782254716763,0.3633098391007311,-0.7320784087032537,-0.5801118922356273,25.532851656540057,59.07385946735099,64.39792491359039,33.02949052286584,61.43468138787029,88.38122595019078,Laptop,DSL,76.00435881489435,Administración,0.1722869912770832,-4.562641377883182,1.130605888428192
478.093350772841,2,1.3369,0.9413,0.4038692640437927,0.6561162891506613,-0.7245254914603101,0.9477527298343642,-0.2512927514693024,-1.1769137386733206,-0.7549553637295223,-1.1464600843350348,-0.8633944020531895,-0.6607816855568222,0.4105109010072233,1.4028286348772414,-0.27688595014151957,0.2926407735929418,-0.13352200197431974,-0.8769188858393493,1.2089069094941831,-0.20489199029001584,1.237529372033033,-0.965766595893119,1.0269471732171118,0.2102282747345053,1.199459609837952,0.6790630066932044,0.5434909426979728,-0.6537417220579286,-0.18868044931656755,24.519129934791028,64.72493806046883,65.88966700458113,38.471688170969536,66.45559603884018,84.31120333551252,Tablet,Fibra,73.73849451163525,Sistemas,-0.39821646323059956,-3.9779958172953136,-0.47769782878117906
602.2540606389589,2,2.0585,0.9259,0.07123281722852512,0.6225532910851729,0.14421544086583418,1.556423618798098,0.42967672297592185,-1.6259558265650145,-0.6751109408438658,-1.3972097795774656,-1.4720604432715338,-1.8069763642327379,1.366806973887512,1.3066687674394784,0.038524666091114455,0.2577617214532978,-0.352735507187162,-1.4443396002451194,1.612719032023522,-0.13252743819252913,1.3406930324071555,-1.4996433858044247,1.4221194167033506,0.1597048799579114,1.9129082409630065,-0.10803838994717196,1.1099911064331083,-1.0363475977396581,-1.1283599325884046,28.852152285472293,66.4255568109434,58.129203537850685,39.59895215746134,67.01150060139389,86.13627044958743,Smartphone,Móvil,72.17751512221545,Industrial,-1.5138419689850418,-5.540862469611386,0.6303604067888479
506.25826747210135,2,2.9461,0.8797,0.8355105765408698,0.6949618256736777,-1.750806736175903,1.1670017523323548,-0.05403998919338861,-1.2349661951240314,-1.2409877802955114,-0.3545709335234888,-0.9575111167724483,-0.5276985594770393,-0.5588561733329096,0.9465981831649687,0.061382886022384155,0.37309662074835664,-0.9131408222628953,-0.6111692561613122,1.1431078251885551,-0.3320931920241366,0.9171772287413439,-0.9599166799339236,0.7784099411371268,1.0709304620171443,1.071208663712556,0.4670121310871164,0.40153455491381085,-0.43566148031326574,-0.17531429895881329,22.17434816048028,69.30100266777988,66.64145917021892,32.46306942907171,69.09715009499456,84.34250869956497,Laptop,DSL,71.86726503576601,Sistemas,-0.39414248132856305,-3.434407241555633,-2.150737515347043
687.9469170604434,2,2.5957,0.9038,1.3591232048672366,1.2984928373869205,0.567836055627287,1.0299755482689694,0.4360482140469229,-1.68519746201454,-1.1297427866924492,-0.9889212426724616,-1.1981136878188754,-0.7158361151280339,0.8896202767494064,0.9845074659085311,-0.5052694043466766,0.35057037160115967,-0.07796797331047828,-1.1217810428488688,1.1872072493140922,-0.021571367347863336,1.775622234112187,-1.7245369648897124,1.604610876297605,-0.8263408458518628,1.673154774946773,0.11445273105966497,0.3910547898395327,-0.10461942364750455,-0.8854183693083173,26.223036059958638,62.77466269076204,64.35394438445394,35.96539514549858,63.76775853163976,89.14240585225427,Smartphone,Fibra,74.3629308609157,Psicología,0.10623670447419621,-4.870924850461658,0.6672134246046693
504.0066557323423,2,1.8211,0.9259,-0.12448270471437539,0.5087774961846994,-0.6239572009346886,1.291638859303114,-0.17021693998063564,-1.3697983227845238,-0.820835069762938,-0.7870480571367237,-1.215425493536503,-0.7670573644320323,0.4198076999244349,1.4127037676605387,-0.14543415670022855,0.3952374206731379,-0.8105446015884384,-0.7193904386976445,1.466396470328597,-0.7347553985245028,0.9729951049038359,-1.2231378363642462,1.0376046361659423,1.2452529561429757,1.3558653952027477,0.8434603255013505,0.6595128588635305,-0.9710228819159746,-0.051360488610481335,23.461664024056308,66.91123968566507,63.92644755004417,35.4825833426271,68.14186797504804,87.47302268096358,Laptop,Fibra,71.728865537257,Industrial,-1.0554003943301242,-4.32953037239772,-0.5219969363511647
573.9089436748295,2,1.5301,0.9358,0.5390938884084047,0.5212149769310251,0.36303576980572577,1.396195624523484,0.6722549104544205,-1.3098051652841682,-0.368193527758152,-1.45393551889739,-1.2070043634461556,-1.409628132159487,0.3280763956259218,0.9533725209538181,-0.28328235934780754,0.04819575240305995,-0.3420927238434698,-1.4574908887746603,1.121664329460942,-0.3590732649889093,1.139581958153849,-1.132304242757912,1.1767188315971444,-0.26046646473038143,0.6649870339632439,-0.17973190112738277,0.7790276691696265,-0.5167902466499099,-0.49556950671623234,28.86981529143528,63.76666268148857,60.61408170903127,39.92108131809312,70.19718495900553,84.86631271016769,Laptop,Fibra,76.10021500020613,Administración,-1.0844723422773388,-4.214001858325182,-0.035795604627309234
463.3530726030581,2,2.2101,0.9042,0.41733701533265855,0.7721695313647072,-0.8447224123793932,0.7226213010777578,-0.6491724020861506,-1.000493814379451,-0.7970667427191558,-1.1527516287769564,-0.5413021356444099,-0.3408804896644194,0.037917549383261924,1.3477303143053359,-0.27613368007016464,0.25801893358121736,0.01925753898433083,-0.7824663529683669,1.1008063190020558,-0.027159511258091903,1.3138430942811763,-0.7285294904656671,0.9145048801031164,0.08855359426501283,1.4206356238785662,0.875342229909126,0.4310085269236054,-0.4970560186461418,-0.12954564427183354,23.70980041356949,66.57005372932147,67.63014340923186,39.838114838062616,66.86658337561413,83.53141398900918,Smartphone,DSL,72.6024251402004,Administración,-0.09129950557553163,-3.523258811427727,-0.7216464922914931
602.1527448127338,2,1.5084,0.9421,0.651484646388465,1.026237228955633,-0.3697541470797162,1.5082045623868012,0.00445527580652333,-1.720065013025068,-1.1548656469541696,-1.114607920602361,-1.3201750926975413,-1.0387227239240038,0.22425515483184924,1.3347022653719518,-0.33364576095323206,0.44036462497195605,-0.6528657623431726,-1.1471135415973779,1.5418445534479934,-0.5919662739525617,1.4399479078611361,-1.5539675466877167,1.4549056358296104,0.4712300375418244,1.638723321116389,0.6009722035205102,0.6429392279769833,-0.604596824043973,-0.551372948765966,24.973039394131057,66.5298903477437,64.48278937497892,34.86331135047138,66.04554377213783,88.38038065971239,Laptop,Móvil,73.6677530134278,Administración,-0.5599299908352346,-5.260932671032049,-0.6110159184544866
538.8474475370782,2,1.3904,0.9456,-0.2438700320624844,0.44510926999007516,-0.32179584243673015,1.3748235875570423,-0.01093139259848048,-1.39738938010626,-0.5945788207981384,-1.3413848513922164,-1.2572689872285234,-1.759088129215184,1.514183049116223,1.561895765527119,-0.3076780447653482,0.5569600939879009,-0.08086764458014713,-1.0213500532583573,1.455897123955404,-0.7133396298042258,0.7505660614111256,-1.3369621776853062,1.2838728947799203,0.41535417406040887,1.1266114957421784,0.5161152023705757,0.8340640971941525,-1.1010720344809115,-0.8252532783018156,27.542575675019403,65.3207004844226,61.73773204127788,37.8746305915769,65.03707361707713,86.31855064274413,Laptop,DSL,73.93130511316056,Industrial,-0.6695912575533645,-5.108707986335651,0.5500167245195453
640.7654467080739,2,3.0801,0.8776,1.632767458566792,0.906372975348195,0.5378664910996731,1.1961030487806386,1.1242606262010655,-1.474184074764809,-0.7947624122601803,-0.7378734331577573,-1.2924961510889423,-0.41673340912273615,-0.3861530512234773,0.5125466275420286,-0.4329519492442199,-0.014974196782189805,-0.7792395609136374,-1.1832685190866166,0.8693136204244752,-0.29046729684304784,1.5287633113324117,-1.4040024232132677,1.217068615367172,-0.41367492450834104,0.44396973339204665,-0.28136768707276144,0.3063273979808615,0.13791204381830174,-0.05077743291359564,25.79293117495353,61.18982803142737,63.72804697467191,34.681280971529794,70.28408408823822,87.64875519886132,Desktop,Cable,76.91364707620036,Psicología,-0.5790975717915394,-3.5445411508326967,-0.5563460742992413
547.1703606102052,2,2.6145,0.8995,-0.16601884239997022,0.42898828418945206,0.18689062451006022,1.3430789041675588,-0.0930493648788163,-1.2692257417469253,-0.376743700720199,-1.4020337279135242,-1.1393760793988819,-1.5602059833245363,1.023621220815585,1.5614574952723328,-1.1611841748330305,0.80620454963998,0.012449230718218166,-0.7467361925665331,1.0925056513324798,-1.8926449243770604,0.14624205520650402,-1.3588765384969888,1.3274464947001299,0.3113865687956802,-0.4852898537439567,1.177766296043671,0.2939278851283864,-0.7184693227670035,-0.15244766857166167,26.84982135493339,61.38257950845282,66.47840297235533,34.74087135217048,64.59842632011994,89.68803777807047,Tablet,DSL,79.49354608499269,Sistemas,0.5295376480221361,-4.500771025937668,0.5538245780935964
548.5608573209017,2,1.7672,0.9318,0.33897432640775615,0.5920205292096191,-0.19143672882913343,1.7885235192026072,0.3814533543283601,-1.51177380310698,-0.581550022858923,-1.6386202869845203,-1.3413605832030158,-1.5696732052041777,-0.2622683559188296,1.1890439587243604,-0.10120517637303272,0.047956582123947364,-0.7706848562759676,-1.671403558909756,1.4912779361314303,-0.4802421397924344,1.2904408196933845,-1.1476499935389246,1.2242580213058012,0.41965510488695734,1.170753242592347,0.0560469486536027,1.0199401103823464,-0.7700993373134718,-0.4384480483230792,28.07853761950537,66.8770832029331,60.53174693557185,39.56699429107742,71.25540129342669,84.60168561203331,Desktop,Fibra,75.05273659060163,Industrial,-1.6227487314855924,-4.92107308727979,-0.9875160249348429
623.132967596325,2,2.9782,0.8948,1.3447146836324428,0.7325432714705558,-1.4502200363526534,1.8738742266603232,1.046239665979736,-1.8042282915904095,-1.4128804767116645,-0.4346014704239122,-1.796420077295588,-1.6726946851417106,0.35978999409302304,0.985710300530914,-0.1723205325888779,0.6575954075766561,-1.1137084099825523,-0.9871299409847708,1.3703930777188178,-0.9159720456314486,0.729652160353137,-1.7486471270218775,1.3300179708809425,0.8792255712438573,0.3734804295352146,-0.13591635936861798,0.5517885114188629,-0.5238146734978576,-0.7770274281579543,25.25236012819716,64.6859394684834,63.43334405117404,26.89805365658949,65.7969979550181,87.32420760662035,Smartphone,DSL,76.61879507470172,Administración,-0.3908717365894189,-5.069216394161014,-1.6376559157911035
592.4550614219256,2,2.136,0.9083,-0.42326402192648765,0.20245075121257672,0.7458638681806719,0.929393232721659,0.4311775208575356,-1.0395056236876514,-0.223297542732647,-0.6768316125185355,-1.1072260947028976,-1.2364717888105237,1.726426274418319,0.8672120771109069,-0.11590850546624354,0.30201924602417335,-0.19518449608443184,-0.6594486665041411,1.0125407354758682,-0.455227436398114,0.5409698690044097,-1.1813251655338328,0.9648848193144461,0.26490994458276956,1.0010211606069166,0.025412334638807137,0.661266789138817,-0.8521501642921901,-0.7076227312810321,27.7151336687794,65.84043021040085,58.76050480919945,39.03819712174804,69.03493024851231,87.63047448703058,Desktop,Fibra,70.84895354393984,Administración,-1.0009951758961113,-3.562196154313951,1.5681829298035919
593.5381433842318,2,1.9507,0.928,-0.14209072208011542,0.7269642008672379,1.1807185407896035,1.3324359586100465,0.14497547360151553,-1.6275388515276386,-0.473993409930682,-1.4697742058887047,-1.427224851248194,-1.0010402790754407,1.2669501347393524,1.5603247651704693,-0.583819810712504,0.28905702900465075,-0.34441119671409837,-1.1915240635834043,1.5604732600163431,-0.7642953274126998,1.495781383265484,-1.646853770740699,1.5698212432300798,0.16709927821240986,1.5423256175602276,0.7196899170087316,0.7726556158939667,-0.9253534078328645,-0.2650657947572383,26.764943817728287,61.93509974079125,61.518037335598784,39.44430950405072,66.15058270036016,90.64665702895672,Desktop,Fibra,74.22419159345135,Psicología,-1.1457152408123699,-5.332407645394394,1.4321838106170894
358.0063858382891,2,3.7874,0.868,1.4186476665096628,0.2095843052600712,-0.8493763867086436,1.6202246434914631,1.3971071611991386,-1.6380913603793656,-0.4442144087976645,-1.4155808182077645,-1.796420077295588,-0.5010503836586366,-0.3488704659147084,1.7144631315368069,-0.6344747671680593,-0.09879855110032532,-1.0531514196986165,-1.4177112469823152,1.311978907917971,-0.8272725730573426,1.5558505672266199,-1.3252120103648457,1.1293086612530416,0.5150598163590739,-0.934852188574025,0.2806683280065903,0.6190224860357215,-0.71562226075138,1.3496673528657765,23.95947095326848,55.50488477222319,66.15141572579691,33.66674393322806,68.33714562242754,83.52628757534994,Tablet,Fibra,79.83476928670385,Industrial,-1.576751884008474,-4.291435086420252,-1.7151851795634867
558.6273906111986,2,1.4222,0.9392,0.3010036982458205,0.823298577272258,-0.17332800337818283,1.2968171353865874,-0.37378240878725766,-1.2656914236185561,-0.7266519026867975,-1.3806752831321456,-0.8592214694800069,-1.010582435989012,-0.25897820053033926,1.234952540112782,-0.6274120741577469,0.41651741174712786,-0.31313210859636553,-1.050041136344737,1.1821418534870134,-0.9479047057194517,0.9372924739456008,-1.0630294358681311,1.1958393085055667,0.2558529276427953,0.8229306338630965,0.8949302341941212,0.4467291099758123,-0.43175898566166687,-0.25393210564108665,25.70867433201776,67.17487163535196,66.32191625751597,37.55930911152353,68.17771701580284,87.14132450467392,Laptop,Fibra,75.27510355015747,Administración,-0.03797116176297854,-4.225872420592117,-0.6908063686665372
628.775864040683,2,1.9256,0.9278,-0.15625367586882377,0.9789719468537365,0.36107120466375164,1.6028964862211594,-0.6442824653809389,-1.4829741519807123,-0.737547143043138,-1.7467165425935343,-0.9750362001700035,-1.603887136682373,0.10202840280403479,1.420936804496941,-0.817817752367913,0.6290762019970068,-0.21729798360702074,-1.242566352294355,1.4360373710470298,-1.3848434418566944,0.8433204929023643,-1.3372492900015513,1.5236455008226248,0.27769606605185904,1.189009655023212,1.1402592795489568,0.5906972036081808,-0.6100138680707989,-0.6981332586418887,27.415576205611245,69.31419180463679,65.05965151973669,38.16985610878892,66.89835901946714,89.8716920657069,Laptop,Fibra,74.96800284050522,Administración,0.05460374623849175,-5.295964859487197,-0.039839254300934344
528.3542912996617,2,1.4604,0.9403,0.6891783874796271,0.6915222049919599,-0.4656774376752423,0.983099387823212,0.19283730594575002,-1.3359907676675453,-0.736505804909034,-1.3218511393447578,-1.0626017810342803,-1.2403095282733891,1.3990481150672462,1.436699823972524,-0.37916011364594215,0.4105043804296094,0.309090470529892,-1.052534277866575,1.1906255591682129,-0.06380577714692913,1.2423097999053585,-1.2577448028500096,1.287089067755797,-0.5051403060061961,1.0293492181078043,0.24710793546209397,0.6079122218668773,-0.65199279437504,-0.7666003550780329,27.030631424581667,61.67742778369948,64.21875850799472,38.3294544809818,63.18062963928305,84.19396465046717,Desktop,Fibra,75.71103489545139,Sistemas,-0.0904568652972936,-4.635113768618238,0.4149928166965591
600.8802211331275,2,1.3398,0.9454,-0.046848256000956205,0.8194478025220655,0.4363632389143524,1.1680528732012134,-0.36304938121816066,-1.373804383827026,-0.6683826567856562,-1.3291307109445911,-1.0036149634174427,-1.190768584498133,1.0050438282930125,1.430193166737594,-0.7742903044731103,0.6272658057727906,0.020302451268223592,-0.8696028606794853,1.271261641043318,-1.0533689023175397,0.8803149176208891,-1.4023173927335557,1.4261909399257786,0.06908165134843498,1.0605789399304575,1.0035340355647677,0.44883374181582847,-0.6472508049941935,-0.5697520944348786,26.39622994039973,65.25911354136647,65.10121603823269,37.431975078540894,64.71756649405846,89.76515644403264,Laptop,Fibra,74.58829968252881,Administración,0.1628319909576004,-4.78855868419002,0.8156303633798697
633.6006489448725,2,2.0248,0.926,-0.4615301810502114,0.5189200389044343,0.07965403304900812,1.887841740412338,0.06484300534925157,-1.5526866635684369,-0.62029935796868,-1.3930147284713852,-1.4102588529425728,-2.136079775267823,0.8733838691338519,1.2625723657777477,-0.33075059721905115,0.6159972959100103,-0.5607429818677461,-1.251363533297331,1.5440398606138077,-1.2979120888813795,0.42872868566247363,-1.4722897751969855,1.3913911625213709,0.8051464162752183,1.0757015489688109,0.42486829976906226,0.9280814712475617,-1.0293246364437167,-1.0860802802623801,29.030924504993003,69.9319900963903,59.66751414860057,36.59169636395648,68.28514676791987,88.76837965861219,Smartphone,Cable,73.49679049844555,Psicología,-0.8938707963645546,-5.429744032506658,0.17552386697834602
489.0208468346413,2,1.2539,0.9497,0.48772580643563707,0.6850266610890228,-0.511371401168926,1.139194757892952,0.1057816865913582,-1.5305885384105495,-0.8490649929675053,-1.158277685555117,-1.3070327687592056,-0.7222462553797862,1.005395999709579,1.6765326249975325,-0.31269745142808003,0.32841884675719774,-0.3029004235503414,-0.9760646399320825,1.4882116711592543,-0.263788704387279,1.5386718898012057,-1.4006730243143561,1.296965216286522,0.326178259141852,1.3684724050152883,0.6464126643518323,0.6738588763908379,-0.8866135340046429,-0.1379112264559043,24.34640239684076,61.120493283634005,64.74859061149786,36.83159466061717,64.26738401377725,86.12888161830342,Laptop,Fibra,74.71010821252622,Psicología,-0.8008395904338764,-4.888728756563459,0.020328139240313764
481.54037237228806,2,1.2832,0.9474,0.16235198029557155,0.4650450649831229,-0.40517612680936055,1.139938028309816,-0.01413116196548798,-1.2889513412357798,-0.4930816770890554,-1.5497923044512942,-1.1122894665264067,-1.4050027224454067,1.3716671192891001,1.7302658096703127,-0.6602809862048272,0.5303299866380764,0.255964770102736,-0.9919486064204209,1.255844254536196,-0.7452584793128156,0.8607472975517161,-1.2186317185288267,1.2744939954364325,-0.07696258172687036,0.43784801214301877,0.7282332034449078,0.5991037186661374,-0.889253159756582,-0.3790378764382947,26.91295069148725,60.501573155813176,65.10966745399153,38.11716258994792,63.37575333960332,85.21794005740203,Laptop,Cable,77.64888083334257,Psicología,-0.08863136812607163,-4.73913030066434,0.44433140204585486
572.8269561432106,2,2.5608,0.9092,0.8967008081780293,0.845566946421734,-0.8845165478000868,1.0890943414315526,0.34986562270580035,-1.6236073670811946,-1.1357498289080596,-1.0607707276927791,-1.3200206247987452,-1.5207304438227855,2.0791254986835925,1.5009783171196718,-0.13825073586842843,0.5895037660404057,0.27308327749769656,-1.017164748361689,1.4153111479118683,0.20977234345303375,1.386034787521233,-1.6108875836777312,1.471395365565647,-0.41666746470138444,1.6504451432310665,0.009637237379945028,0.7258568176232116,-0.7968380278671913,-1.3324648730970283,26.91590371590912,62.53689736712229,62.9954481700275,35.79107973359018,60.23588945897339,84.6782989897348,Smartphone,DSL,73.9707962082592,Industrial,-0.09631586271731653,-5.4531187610124405,0.5714583642461077
555.1327479725104,2,1.9248,0.919,0.04276762206829536,0.7654551606547785,-0.4542929250457617,1.325325544115664,-0.5471813296988547,-1.1383399513463508,-0.748224541855535,-1.2876812877620003,-0.7146785131040692,-1.082005370078611,-0.6043926201735288,1.0279210478512144,-0.18062609847154337,0.2667035152851006,-0.501763646859123,-1.1160661447272355,1.2360304459340927,-0.5597412976951286,0.947375831004671,-0.8068954850221578,0.9880943299780077,0.5526289796304418,1.4631230113045892,0.6614840429935281,0.6539791370652501,-0.524035963794746,-0.4948966014718559,25.92520066624126,72.25623314008257,64.24169653919436,39.520827785976046,71.06137183812213,85.30850039382533,Tablet,Fibra,71.62913934355905,Psicología,-0.5947003234038672,-3.9587934338767123,-1.1429093442466998
635.6735167727153,2,1.9506,0.9288,-0.3294811125151895,0.5313656125813333,0.5569351561193916,1.706832677338422,0.3054464666745392,-1.5601187354039467,-0.48777907349839794,-1.4821381254280548,-1.4438447109849033,-2.1249991720647183,1.2872849703757812,1.2530390102284796,-0.26085467038434185,0.42849115858863174,-0.3671095626883085,-1.371993492833545,1.5270051407003475,-0.8414470663231519,0.8150345933348132,-1.5147783844611884,1.4498180566974355,0.32868099913809706,1.3519874528672247,0.15202129292603073,1.0068543041416258,-1.0212832939338585,-1.1106594557156768,29.71891086692365,67.48189830293116,58.26453981110345,38.89559623758675,67.86849702038641,88.2712816508131,Desktop,Fibra,73.30103812653488,Administración,-1.1872938593875064,-5.480799441828327,0.8601582186308522
487.7700770940978,2,1.5313,0.9395,-0.40398613973621744,0.40983238029874675,0.14740920654049502,1.3642401724364042,-0.10858276972949657,-1.2956033339039545,-0.29802805017164247,-1.7382684960526416,-1.141936042990278,-1.3262409646972892,0.7494340525328238,1.5797448862691545,-0.17268120353863023,0.11090021997672905,-0.26559241395907374,-1.3697854903788254,1.530883955272563,-0.3722216140320089,1.277175369823646,-1.0398948078379229,1.1763155491561417,0.37956731956610346,1.5157688217561314,0.5157362591783348,1.0364683894963462,-1.1286197426320652,-0.3228308314253705,27.583329736144908,65.36744640282392,60.73271521903911,42.808507800275365,68.92380296757432,84.87915539795532,Laptop,Fibra,73.32361769646097,Sistemas,-1.5933927453878927,-4.8196370254012155,0.3194350494468055
557.0906178899018,2,2.1008,0.9153,-0.5905044966449902,0.4089571785870981,0.5594546807197872,1.3804564128003067,-0.17748132187463497,-1.2671704659748364,-0.3662850750808971,-1.1163299407735252,-1.1701388579807723,-1.075555648255535,0.495343605216358,1.3333979213847238,-0.6533916980967555,0.47373292370575987,-0.6344177666491937,-0.7737929703567082,1.2925137726572826,-1.5169817740094107,0.5238616342710702,-1.2616663228031637,1.1577958129558903,0.9893953879236096,0.6002106620148178,1.0719390233705675,0.537171468295409,-0.8772823679949328,0.046893152455338455,25.58096419652945,65.9023924873175,63.40822906952047,36.8045054117869,69.31736604424376,90.48026827633278,Tablet,DSL,74.13775750533907,Sistemas,-0.7328211736128626,-4.224419977588783,0.4089549619120314
509.1121195736107,2,1.5465,0.9358,-0.1742951291608795,0.6053357349756516,-0.6271771214220294,1.3215239432787462,-0.6105474465094072,-1.1175167292141128,-0.5831834253180519,-1.6390661570109872,-0.7444037731489836,-1.496177554763419,0.0956508400531218,1.3898668401652166,-0.3269649102791873,0.3963952012851975,-0.07053153267825964,-1.1715869079255559,1.2941026811720495,-0.650624645769255,0.7885319139579118,-0.8091352027991968,1.0650755715312676,0.337082624159599,1.1642051201766122,0.7667842957599227,0.7427356949086398,-0.7765956492356365,-0.6159265602443756,27.121290996429707,69.6903115028946,64.344239514608,40.62143070609353,68.38466415476988,84.08624203611683,Smartphone,Fibra,73.61186730765127,Industrial,-0.39939694876229015,-4.389940082556252,-0.6781413573406131
512.9118419027509,2,2.794,0.8981,1.3989106969330014,0.8330145416179177,-2.3334933283045327,1.3976969865114504,0.28752510908241274,-1.5912991823653644,-1.473472038158334,-0.8313867908469842,-1.2683237118142239,-1.4054751012342814,0.4625507671065083,1.3596008077611639,-0.049037891858907036,0.6102020493136336,-0.3517589762689194,-0.983975854497102,1.3486786956796726,-0.11832636728596425,1.0903420217622448,-1.3299364724899465,1.1812177300573217,0.3426587014061779,0.956659044221608,0.13166117709900407,0.5813693531226978,-0.5764255442909482,-0.883036239704135,24.586968054876184,65.14962808920396,66.46254475664433,31.410283616600744,63.02210653568287,82.37326676631477,Laptop,Fibra,75.6803745157788,Psicología,0.07808891415496663,-4.9083216827219225,-1.8997447605663653
560.0163716470458,2,2.3456,0.9154,-0.5768766888646971,0.5162217139099194,0.44585919921906364,1.138691334134538,-0.10815511827659885,-1.4592286074742062,-0.5377977518504004,-1.2316052028982982,-1.3047710781459962,-1.3504223840859624,2.180894657593178,1.6601969748498753,-0.2169608973732249,0.468717514821985,-0.0294852559089263,-0.9099671578495611,1.6011792540649892,-0.4075050897070354,1.1638364153168814,-1.5134139268582574,1.3935168528160773,0.377564627592205,1.976738637628072,0.6179073315048704,0.9099411456005647,-1.2713548338136242,-0.810809807050328,26.93465929258213,64.70785072605912,60.19226974428568,39.84760160328922,64.22822813298345,88.4562501903302,Smartphone,DSL,70.9654552826339,Sistemas,-1.0964291071411056,-5.306790359042767,1.7428644619071183
481.5483660973197,2,2.1391,0.9137,0.6335446210534074,0.6159553668351997,0.4024283786554384,0.9545725599873862,0.2884043350272685,-1.3966769345231063,-0.45749519989914306,-1.3286518807007182,-1.2452692959449534,-0.33785287049914253,0.868370196768751,1.6881222811165277,-1.0125805915243231,0.32805539562151953,-0.08924200870043981,-0.8611076300158981,1.1444675627563958,-0.9240624284154784,1.3525677719514402,-1.4146574076657643,1.3512192184189693,-0.1476169110706725,0.078000315853835,0.9965099922836057,0.28159688184356146,-0.5682840210961518,0.5777105944461733,24.31186211816211,55.50488477222319,67.60872449311641,36.47826514795676,64.05658368074661,88.43796812401123,Laptop,Fibra,79.83346198258124,Industrial,-0.14084790319566695,-4.259727849855671,0.6107285387266146
538.6449332081146,2,1.8084,0.9244,0.2908172233999469,0.7363135296806611,-0.07102166835923908,1.292137895561864,-0.1114654274060393,-1.2621932012167583,-0.6500025570155317,-1.3144466764659637,-0.9397399741643806,-0.7619138222830931,-0.4651604656973422,1.0743992776840101,-0.1183654975649593,0.02221878238030683,-0.632310896373738,-1.2718949168808624,1.3013048709971626,-0.2483644915137431,1.4203546468548307,-0.9363062616486467,1.052056747378368,0.37536032608233866,1.5555629071567267,0.41984325431284125,0.7462086745860348,-0.5558642633475166,-0.19162414564869298,25.76258942713889,68.33242463046297,63.05520696956129,40.36562636020556,71.33711198298023,85.26548629518233,Laptop,Cable,72.41482202506394,Sistemas,-1.1968066179451222,-4.047133447973439,-0.8248723762219058
585.6061131434763,2,1.7305,0.9274,0.15305140814857135,0.44145104327673373,-0.0613247724386837,0.9545431581633481,0.38513933083873564,-1.2184618831701794,-0.6158558835718307,-0.7374394916189727,-1.1392129481270614,-1.3798231576575222,1.8563045708691557,1.064748050573056,-0.15476986322758535,0.48230411070802137,0.035409243983486216,-0.7080625544022819,1.090519966566417,-0.25751316119965356,0.7180244197628098,-1.3175602268390276,1.1195259941444953,-0.007618588216581393,1.0695430319866335,0.025352689008110964,0.6083136591299853,-0.770277745143967,-0.9933687520713815,27.278877641938887,64.7760302091935,61.03034439382152,36.93262975939911,65.2998765638639,86.29242549416006,Tablet,Fibra,72.31769922943084,Industrial,-0.3962986224726784,-4.136871018044663,1.0588736675619739
544.4358503657962,2,1.9522,0.9238,-0.09762673298654463,0.6802578792708299,0.8202765364588754,1.4877117310903185,-0.18635404435531203,-1.3485915666184545,-0.2692818336582666,-1.9573741044133888,-1.055088610793363,-1.1371518022930405,-0.14497518080622818,1.4470555784647827,-0.7623520453688849,0.16605966619580864,-0.3407241108820837,-1.462961712495273,1.3532490458616429,-1.0756605699367292,1.2166522553390409,-1.1189538617572796,1.3519542103226008,0.10329240685659338,0.8082707502512344,0.8911564324582949,0.709787247772117,-0.6631317239597291,0.04463345589428308,27.539323850100867,64.25282689532904,63.78043593786053,41.53226632969678,69.81078321895474,87.88962326420422,Desktop,Fibra,76.86613670086805,Administración,-0.876314888011972,-4.689378464452659,0.06505953221086606
607.4329208103026,2,2.0775,0.9174,1.1347614455005626,0.8896372608510756,-0.9783690671637423,1.0569426503669421,0.2977357237152468,-1.4387829934900092,-1.1755226802759264,-0.811618566335162,-1.0928894272563812,-1.4505394922059558,1.3408774767800846,1.127232678260086,-0.38626016824125364,0.7163663970123558,0.19571242229069327,-0.8000222374567783,1.063247763196468,-0.2684379524347986,0.8777446967058304,-1.4587624879529997,1.3239959424967034,-0.4114162316336094,0.8424856981622666,0.11210932677681686,0.3711370617892001,-0.3700121059081116,-1.2219557311390536,26.48106982038819,64.21077986263487,65.42862824913928,33.18757572852001,61.793737545345415,85.46309815960817,Smartphone,Fibra,75.32872850331759,Administración,0.7154858690731555,-4.613965088214921,-0.07921236215979864
428.0301335692673,2,3.555,0.8786,-0.3479025580401843,0.2639647212193726,-0.9947375171211739,1.938381267172792,-0.16606395296873128,-1.4193082068917184,-0.42656500556155763,-1.923827369856728,-1.339394358108268,-1.6915698593360853,-1.243671748286148,1.6396131884476723,-0.33018616811533374,0.18174979562660898,-1.223177276060648,-1.607530435635113,1.6716070806872796,-1.5015048566384923,0.7118901841057401,-0.8651997004536329,1.0222336609294889,1.6156773298518814,0.3445068750409804,0.9156070440117039,1.0417842071588193,-1.1268817856462918,0.3721655610316265,26.33190851957284,67.96456429044825,63.39139796912141,38.16870718309814,73.4307461991424,84.32996603115016,Laptop,Cable,77.41005881910964,Industrial,-1.767460817543778,-4.833215016357826,-2.3312781935610705
713.1958904824133,2,2.331,0.9067,0.3244637179384546,0.9910530967102386,0.9165381907000181,1.5874295512115715,0.008270405427156114,-1.3663026535386513,-0.687596362201999,-1.227830093433138,-0.9575306416033692,-1.2935559993422234,-0.7696856086223515,0.5556826057579908,-0.5388088692199117,0.2903391784441846,-0.7381691001596906,-1.2899876835909079,1.0898006852779214,-1.1100012583560301,0.8572851905907456,-1.2279929103760008,1.296258378985398,0.1610224458712793,1.0478829405733339,0.3788023405990204,0.4914370679446645,-0.1067855218025452,-0.6739688553616063,27.862184337809317,71.69787908257553,62.53544656865933,37.56257062201556,72.573714739543,90.12424923731191,Laptop,DSL,73.3803867269966,Administración,-0.375993900360881,-4.152491021771956,-0.4600507711998246
463.9689742067738,2,2.3698,0.904,0.15735995944416378,0.13021276327462603,-0.336368976779426,1.5569473166125944,0.6009229371929676,-1.2955537434319095,-0.3128623390416884,-1.156114157717312,-1.4333314527228265,-1.1290960004642365,0.04160436120893956,1.3340293302845743,-0.5149641839679246,0.23895567145942256,-0.8715386426262292,-1.0263884812409987,1.199942378066153,-1.2873461686637087,0.5972419452727732,-1.1332166123044745,0.977954101031389,0.9465630569833181,-0.3738197288441091,0.5236052906085129,0.6133459985667575,-0.8368657450300375,0.47777812513451806,25.62507710086232,60.80724790573914,63.57626784551218,35.167501444951625,70.3694786819252,86.18258563553034,Tablet,Fibra,78.53848117483851,Psicología,-1.1635933291657639,-3.929921215728995,-0.8229327940188306
563.4450031515539,2,1.7841,0.9278,0.9516870230271653,0.5142504225935037,-0.03416850048184939,1.5079666298552874,1.0553950379504546,-1.5514874956573952,-0.6220909795341187,-1.0613169379716285,-1.562192683400136,-1.1879255261224153,0.40639060401869836,1.0675516536537812,-0.4094800502111706,0.19268360949794325,-0.696205133840756,-1.241478675589258,1.1784014678587391,-0.6776901007280904,1.112686773250243,-1.4622308273354978,1.251755854461157,0.13082973361496134,0.16503123736594089,-0.08592107812810766,0.61377343771747,-0.5157918989936708,-0.13851242904391142,26.823291294823072,59.99506739383636,62.30799877555396,34.61010673064356,68.33362256030324,86.49663098785581,Laptop,Fibra,78.19847544639526,Psicología,-0.9516398194690311,-4.406546615693953,-0.40027898153954
587.9078085937766,2,1.9765,0.9126,0.8144085737628739,0.5105654730780623,0.5035120295590909,0.9920805656977176,0.8615658142504772,-1.1837562303593632,-0.41233402963242044,-0.9134774282667166,-1.131737176576056,-0.9147873969011088,0.7274834910785138,0.752667308098724,-0.3827046503500069,0.12119411852623932,-0.21339373933909325,-1.0108059694011071,0.8317188990877165,-0.2896146481521597,1.0276713149662053,-1.1938185286602772,1.0795352061074,-0.45645600468795805,0.3383218734282761,-0.21057275785834675,0.45052193118326767,-0.2861906302491387,-0.3568322993570825,27.456185724713265,61.363525263502254,62.03247045408365,37.64580667028697,68.81375132810383,86.00040081747086,Smartphone,Fibra,75.96539763333905,Psicología,-0.5425462523090966,-3.4529220494553243,0.46138239009747967
472.4119638976449,2,1.5537,0.9386,-0.0012349215282702582,0.32922316846561744,-0.7998918862966471,1.3862914559506472,0.04343590283475675,-1.3317391253712816,-0.5227197873492203,-1.5185586428189686,-1.237132652653456,-1.7588443236126308,1.2729639559924395,1.7443494782165754,-0.5376175724762804,0.5934142653512222,0.0327635425617009,-1.029661575760117,1.3515153167452518,-0.9412096003076609,0.5997502917534335,-1.2151837930471585,1.2211088214617354,0.34189691166960695,0.3066185949352469,0.6664952072640687,0.7174235730993337,-1.0527077785469536,-0.4652890223998017,27.19323539663605,62.06219808313922,64.17595863601404,36.932235756072586,64.20666667670844,84.73129834587817,Smartphone,Fibra,77.55835271074045,Industrial,-0.3221298918369431,-4.924644897293865,-0.009056842827562367
602.5131337993485,2,2.9586,0.8908,-0.42777610012817463,0.20427399830192414,1.5282959829036553,1.673697348745421,0.7234907496548467,-1.3964300953494142,0.05155913392453315,-1.4028541905724303,-1.5528378187270604,-1.5587891740430806,0.7365560049058606,1.1516663319834022,-0.8344464668404622,0.2919928802779285,-0.7104214177036977,-1.1805652582216082,1.2027045306198285,-1.7613291361234948,0.4635482547617072,-1.478050280560687,1.3186891086995876,0.5275048409526619,-0.2222088195526087,0.4813864393892691,0.6632055921573244,-0.8256597096599575,0.07732858531727849,28.75557387463289,61.31350007515393,59.91803617827816,37.45230043335911,70.97665968738916,91.2204274866196,Laptop,Cable,78.00820120622623,Psicología,-1.2228491138860307,-4.436503613408858,1.0716295695852096
540.7104122254724,2,1.8539,0.9264,0.6527875653394151,0.9688206761487208,0.1875671062680145,1.1264122753338663,-0.06239041065961535,-1.4751654169292554,-0.7884272458717558,-1.4159709705653725,-1.061960111948969,-0.4409843874958316,0.08942726220603624,1.3787866295717366,-0.36893631654398074,0.08120370677772311,-0.3581727474557219,-1.261930349852448,1.3942652514016716,-0.10742301376457163,1.775622234112187,-1.2433945160668103,1.3330527772987897,-0.07736534353165479,1.7260652505682426,0.6075404617437399,0.643512105191344,-0.5184694104278971,-0.08825700028139578,24.984185145764155,63.5882142604975,64.80901974199153,39.85223626482151,67.32992561865701,86.61618160604097,Tablet,DSL,74.03821149807678,Industrial,-0.8401867902083014,-4.581021589537772,-0.1632806939417052
516.0401511910488,2,2.1566,0.9197,0.8081726821532074,0.9139949825901725,-1.0748785298395354,1.6295476995358609,-0.03031010918568772,-1.6709244154965348,-1.140352925761777,-1.3091496342271822,-1.2985455951666058,-0.9387872891362612,-0.4898247565121861,1.484582595799979,-0.2615767729004093,0.30056022307211844,-0.8363876000011656,-1.3018871944542123,1.5859076875040228,-0.5505923533774189,1.5191077087633582,-1.3049145665309945,1.296693973178274,0.7202236332836118,1.3382943024999028,0.6668177767467143,0.7146630337976408,-0.6545088475444655,-0.13555580415477925,24.17672480397848,65.81761258659607,65.84416995364457,35.16874722206272,67.42696857067124,85.6475434979266,Laptop,Fibra,75.31557908518575,Psicología,-0.8408554577436839,-5.09492622957688,-1.7333897987056608
484.2490672656714,2,2.0063,0.9198,-0.16639461411006215,0.5415952493224423,-0.9790717626989421,0.8909086880736928,-0.5975261604041514,-1.1138094440360278,-0.7392065430220928,-1.2381005876414226,-0.7881651759410486,-1.3532036374742487,1.5661653847144392,1.6452740927768172,-0.25554209473029377,0.6320754052361843,0.3990680436353297,-0.7133545226612475,1.2922908076672543,-0.2766264866000222,0.789072421179811,-1.010330823805212,1.0932263182099027,0.16979703810096455,1.4138420290523044,0.7905430294984368,0.6493432488951042,-0.9934463940999919,-0.8804486622122845,26.001286355247466,66.58881687221242,64.88856309265081,39.04387915072048,63.025162782564486,84.00250911425746,Desktop,Móvil,72.35887537280331,Psicología,0.038805971609953395,-4.507462031225218,0.36366238959997965
597.3606714725963,2,2.2668,0.9157,0.010572281312706662,0.7338038104077517,0.5558226266553076,1.0147743370683375,0.20048741723812794,-1.580122038707516,-0.802267048499591,-0.7812142138605747,-1.3917718404252573,-0.7318837901500762,1.8458945476978683,1.380863692369298,-0.08647504301079059,0.32525949426404743,-0.3588495792275217,-0.8169619832309919,1.5415441577346574,-0.06716306888473962,1.5843222599979563,-1.6639090481803545,1.395472895556042,0.3373954519337096,2.119095877274786,0.39479960113523066,0.7703389215444201,-0.9820098988595574,-0.6393397715403953,25.19838753497364,64.02552292469238,60.61808153820136,37.83314940891746,64.86252055351743,89.5061933456753,Tablet,DSL,69.87190870132059,Psicología,-1.1859007923364815,-4.966045412987277,1.488698407874474
434.55675020381193,2,2.5343,0.9077,-0.03221986123463951,0.4734059023823023,-1.5757502971907846,1.6207559036775208,-0.40183194403099776,-1.479991002366663,-0.9042145296039895,-1.324940440040866,-1.2783204929588332,-1.356718077937771,0.26042011137217486,1.915826078826653,-0.47691625253569875,0.6653712503023556,-0.5980760983923475,-0.9034990348716351,1.6063553904917645,-1.270286286885259,0.6860842263322784,-1.2097513882783912,1.1622342192650652,1.3270556632766828,0.5937361671931877,1.2400644572484083,0.6745870886841061,-1.1247637732168185,0.005133843313094516,23.87045173227549,64.9581595475513,66.98328403612108,33.879700460515714,65.27629968114904,85.73573879580267,Desktop,Cable,76.43897416080357,Industrial,-0.47315796687966305,-5.088316618543158,-1.4046447717263264
581.9393024061394,2,2.4631,0.8996,0.1635138705185355,0.4058883712784386,1.2040653676620678,1.3317910969761768,0.8213236172993595,-1.4012080922810441,-0.2874374792248306,-0.819747879165159,-1.4868135680362056,-0.49310550101706163,0.21903644814732517,0.9216819120643123,-0.4263852529251539,-0.0012713414154705018,-1.0821492631573544,-0.9914159932350424,1.1765645130042968,-0.9332080102150716,1.1616137865608676,-1.4111513861807299,1.1331910017644304,0.6500029858343588,0.5674586092009478,0.29457242072585604,0.5717322652052175,-0.6038178342835993,0.43116422369807156,25.452880896656183,61.52445300436589,60.88872379651424,36.73423024590208,72.17018561733288,90.35706028857535,Tablet,Móvil,74.77020540572703,Administración,-1.6395152112163345,-3.7538649009945506,0.47124166171355786
543.8228926589127,2,1.8886,0.9196,0.366627288661516,0.7404257916310317,-0.669485055257757,1.0001816527441965,-0.44827022945276346,-0.9898489651886584,-0.6553155260084714,-1.5485312158653817,-0.5300828527653926,-1.5293602426122395,0.45993185647662677,1.139888649782332,-0.34864189840801096,0.42845578911783555,0.4510429011104479,-1.1189270497388204,0.9923713291404296,-0.19858533434589704,0.807138938557844,-0.7547282385722452,1.061505843285229,-0.5188020364719683,1.0430049581999448,0.37949197215142955,0.5705674689814938,-0.43460916487620876,-1.0582602963826233,28.16867755155308,68.80239652315619,64.95306918758186,40.92547183419264,66.45254205697829,82.52726781472214,Desktop,Cable,74.1242277458377,Psicología,0.34003147657476157,-4.004331458343507,-0.3542112897261615
515.4288137879741,2,1.4828,0.94,-0.23111519328554286,0.5924368564790192,-0.5084618570207101,1.1971189290106423,-0.5006503234351432,-1.3114713977867027,-0.7333302476251852,-1.2248569507547742,-1.0286799408640455,-1.237787191606605,1.043746721501047,1.6674048094964462,-0.5642431069127875,0.6823205158414672,-0.08513985623007628,-0.7298824539107913,1.3823894912037455,-1.011864427543508,0.7068986643146863,-1.2494673075700877,1.2346114242551265,0.6184692027476388,0.9997308351657798,1.1264144445411974,0.546075576506797,-0.9441469440307511,-0.4221182743232426,25.174006415279266,65.5999127078538,65.68108879925266,36.493177727703056,64.33174673410167,87.58176615916167,Laptop,Fibra,74.15100639593476,Administración,-0.05602949783001669,-4.744500773498993,0.1693029793523688
558.3402395614327,2,1.2114,0.9496,0.3695016487442793,0.5377875506321009,0.03770552916777518,1.2439838612203962,0.33635837521055045,-1.291486635607951,-0.45262528491561943,-1.5203730809812124,-1.1186620234866096,-1.6439882892211266,1.12676331630247,1.2716863063405233,-0.4675262890532729,0.3620540109871973,0.15077878207698348,-1.239034844846252,1.145916801090072,-0.4851045490218392,0.9149332250706469,-1.2095971377820842,1.2763784291678524,-0.4075311728682895,0.6178312498841402,0.14232498076733063,0.692672536544324,-0.6630375289918452,-0.7732619337195944,28.84445829857913,62.89843018687623,62.29618766795795,39.23877412661659,65.98097163972501,84.96359070366022,Tablet,Fibra,76.58378235831988,Administración,-0.35674822341540174,-4.584380993658871,0.478430008654506
590.3590050267126,2,2.1445,0.9134,1.4527556954416683,0.8672289195752632,-0.5215221281658989,1.2957795496478286,0.6331601974913216,-1.412575980481237,-0.8727323617828453,-1.2863074196173472,-1.1052250651084332,-1.344861886717844,0.15002324873765058,0.942345480995326,-0.482435525472615,0.3100976606656659,-0.08518594438497973,-1.3234477530097861,0.9726827582324082,-0.2990347284704834,1.1611700755340664,-1.2402874457078727,1.280829199499555,-0.6793396762628272,0.3419388479053481,-0.13339200659816233,0.455128261255133,-0.11740474799992213,-0.7162658283728216,27.70396986190023,62.65946155635594,64.93434332925632,35.83534734126884,66.31599413305891,84.08695660612784,Tablet,Fibra,78.40622196037144,Industrial,0.14280167901052462,-4.294485624399757,-0.825297006848959
603.4494281963553,2,2.7416,0.9021,1.4970506621945934,0.8350963199102295,-1.0620314006031804,1.343940114274314,0.8636841942704316,-1.650276053233515,-1.1336957153838523,-1.1147069613189278,-1.4086208737946004,-1.88840391794689,1.4754709531344754,1.1870236123287614,-0.27823536833990076,0.5736877024741518,0.1544380831576736,-1.2386709979999517,1.1897298190823848,-0.038386854478350094,1.1213318256867113,-1.598400920784946,1.4620253276726358,-0.6997225250193052,0.7006978822498001,-0.40377401315991523,0.6225378266054408,-0.452465451532122,-1.3787700163990586,28.34635008031912,61.52002873529219,63.253136542971326,33.65247880845898,61.6539792885428,83.67744137734049,Laptop,Fibra,77.63177878593389,Administración,0.2144433000030538,-5.2341301665342765,-0.22498602889225613
527.5225498959112,2,1.7267,0.9291,0.5276401397468072,0.7522739496097655,0.03237067839884703,1.132535317727573,0.18893187512069573,-1.4538964709528988,-0.7739462384406455,-1.0045020693421765,-1.2182192490577108,-0.3425866112706031,0.2315840861847836,1.2805913325833123,-0.20042829959513986,0.07820445387447322,-0.6719092388481397,-1.038646732112786,1.3792922998644244,-0.18110908419008512,1.6911217039845103,-1.280763604950441,1.1824235581547091,0.40343104934334717,1.5612157655305752,0.49437662009162214,0.6426075053273479,-0.6444906415850421,0.07422288234074075,24.0636077356962,63.40643418580985,63.763669691707406,37.863887568300456,68.33093537249188,87.01110254377409,Smartphone,Móvil,73.07234490165195,Psicología,-1.2085394049846652,-4.283135449415468,-0.2163916686908619
531.1140649107341,2,1.7128,0.9351,0.4935158041605391,0.5524517230702903,-0.3134562106712748,1.8153469098944546,0.6160469176908915,-1.6623799573152613,-0.6621246020053106,-1.4960650234013346,-1.5781012088831037,-1.4508260731327618,0.04689424945705755,1.3575379804275216,-0.16908594201353538,0.10804081322182953,-0.8798042705131751,-1.576029674763528,1.5704073630913824,-0.5793582591291414,1.3613611689141853,-1.3625644985665175,1.3009928281595773,0.5676987219463654,0.9745492005285455,0.10861195507438669,0.9825481962921919,-0.8648786085755495,-0.23259076740724144,27.131308501723822,63.71298612102915,61.05834594291981,37.36017252802952,69.59378773820661,85.40389582602381,Smartphone,Cable,76.28085572182479,Sistemas,-1.666120508379315,-5.167885057026774,-0.8932069478724033
498.0880438673617,2,2.6714,0.8925,0.07267636148029187,0.11004026482338856,0.9306639958538467,1.1515310284185005,0.8769620385456455,-1.2771633490130962,-0.029555518559797423,-1.0312626617857983,-1.503434462852417,-0.6891140606562244,1.0883855939939355,1.3496926728354801,-0.7960154669788824,0.20072919649130164,-0.5308139723845117,-0.808059586000601,1.053937999409179,-1.2364570010446763,0.7986712102099662,-1.3924691572973862,1.131745867704734,0.37942857079984454,-0.43940283165658356,0.5438650366552373,0.44509452350371337,-0.7919659237936986,0.6546373537860408,25.79313063673707,55.50488477222319,62.88686060261512,36.26185224287784,68.32320190483297,89.19415072946012,Laptop,Móvil,78.94240689605722,Industrial,-1.045622370081037,-3.741755976507235,1.0265938188074544
481.4483370733148,2,2.1655,0.9134,0.15693591012778835,0.7283520664714108,-0.7573755237666822,1.3244811996700276,-0.7575341816704182,-1.1328128396467116,-0.6002933470738954,-1.9285784554043186,-0.6612523040709286,-1.379649784322109,-0.2883428160091119,1.6015227785706736,-0.7996458852356367,0.5114580074031313,0.12704662487890667,-1.1963089357679373,1.1962970188764255,-1.0629441585594515,0.7577427036909429,-0.8026960644779713,1.1700943305577867,0.06711665121263251,0.4401232304474328,1.1729591295785697,0.5013409629529603,-0.5657512056377444,-0.2587601814649198,26.581557595595505,66.49088794632334,68.22465234972564,39.49347730689622,66.63911415135998,84.33962995392704,Laptop,Fibra,77.74040893691712,Industrial,0.3528805777693155,-4.427842580963043,-1.0618517593497852
627.8584467255733,2,2.2229,0.918,0.396859492698089,0.7087569763017324,1.0416678988532175,1.5798463594827292,0.7251062610353122,-1.5933780729461722,-0.41088058422344526,-1.6523321024400592,-1.43653057114474,-1.4787715036558233,0.5798554528427198,1.0517076813769712,-0.21056886779697287,-0.04004387712570886,-0.4785875295967615,-1.6714476513363092,1.4225683964772184,-0.22357189260653257,1.6085926627683298,-1.4304792284642542,1.457882448605783,-0.30097820928525404,1.4768870143032775,-0.23717200484690246,1.0095498264916878,-0.6641044524179525,-0.6856461198962267,29.61731300612181,64.16304343272026,58.25133188623823,41.42447389785944,70.06101237724589,86.89873137450027,Laptop,DSL,74.63582607462536,Administración,-1.6576073825049327,-5.08316889835262,0.6072013467912133
543.6169217818251,2,1.8822,0.921,0.957205984141857,0.6107031004013594,-0.46954948455326334,1.1231562795784809,0.5659677962438602,-1.219378198517302,-0.6269162391948804,-1.287644454522754,-1.0167380634443635,-1.3120805998337204,0.5449699775244341,0.9622394377382566,-0.10504100368843401,0.1117438001819464,-0.009550219337817974,-1.3172678133351359,1.0247666547483372,0.18808920816968674,1.236717201467822,-1.0047314931842026,1.0776753167266273,-0.5622226395650592,0.8649038966103817,-0.3282477641037499,0.7044721724611356,-0.420420207398991,-0.7743335832680229,28.16556290845663,63.94725712428544,62.199316575156125,39.44808260495169,67.81169426140116,82.0929297788062,Tablet,Fibra,75.42971938033104,Sistemas,-0.6013127867016106,-4.006567175626619,-0.3827152693123559
572.4656880277378,2,1.4519,0.9394,0.6145638846451503,0.6315424857221718,0.013549568245720215,1.0788246678098168,0.3667763173474262,-1.2917994659244,-0.5665415824126194,-1.3364687206751635,-1.079928718503671,-1.461469397663613,1.3129508821714508,1.2309581284025823,-0.5615045347181224,0.4458634110372969,0.2806703228062836,-1.072165703072126,1.0428346796167614,-0.4429140102814548,0.9283037461721713,-1.2879678827062495,1.3051827396266606,-0.6007004641483534,0.5295483513243918,0.1687206227593026,0.5257844190480742,-0.5193912264830388,-0.7978697004606216,28.21428139140481,61.75061434890681,63.547501956421165,37.90425660442848,64.4314907937832,85.5171234934161,Smartphone,Fibra,76.88193638499227,Administración,0.07383709527796693,-4.4422078947205845,0.6437473242866704
560.1550594858072,2,3.7734,0.8767,0.6524686386947868,1.1066908538333178,-2.1897465809506134,1.938381267172792,-0.8319659088488256,-1.5791948447958228,-1.4272278563875076,-1.7448712548994656,-0.9139749965723654,-2.1359549968586666,-1.3791379426506358,1.4270231762282628,-0.4608157670347748,0.7857227668390034,-0.5954932087013567,-1.4612997479247825,1.547102950231161,-1.2951202505040422,0.6118739124181818,-1.0354208233317634,1.3119685801864651,0.8636930474120881,0.9199643367297079,0.9945762589673357,0.6619409034365177,-0.48905984252542717,-0.9601216197717255,26.208187901052096,74.4558304662301,68.4210682322872,33.62875474098889,67.28561560256388,84.16027006440957,Tablet,Cable,76.42967756455054,Sistemas,0.4626045116370676,-5.485346651360415,-3.2260875913048195
592.0307048726434,2,2.2484,0.9155,0.08063228101076095,1.0023950851008958,-0.05399758110290002,0.8842781544899704,-0.7120128385681765,-1.339245143774201,-0.8933870246716558,-1.4115468207692714,-0.7828456219933432,-1.2820607000777406,1.6699782006527613,1.6029224800335298,-0.6247041420932515,0.7441366787229048,0.6031336210151206,-0.8239382242425848,1.3142322974586556,-0.4355420925808355,1.106253407511566,-1.3580735967822992,1.4872587612539885,-0.4193192663192559,1.7569707958738359,0.9687911189391626,0.4910731708505793,-0.6919730731832354,-1.136919648634883,26.616790061930107,66.23766709750248,65.82742732001317,38.97732662092405,60.99983115277307,87.6878477391185,Desktop,DSL,72.88110012344775,Psicología,0.6403007564163853,-5.108507130440542,1.139475839765531
652.4340310923888,2,3.056,0.8876,0.08773084086180669,0.9311323863204817,1.8038368204123223,0.7978571295356277,0.013405640131786625,-1.2810499486766702,-0.35223181692576133,-1.4670317383878009,-0.8928866312843287,-0.7528600126010114,1.3197837645535775,1.0521029845425853,-0.429557224010735,0.07216191865657547,0.24855641201796197,-1.217593851176976,1.1756454869884707,0.072809681133781,1.737128001039942,-1.3213677107998576,1.4483508122837112,-0.9056459866225379,2.1022436016762898,0.2638127872408652,0.6717440807363868,-0.4779538046673299,-0.779349798417571,28.39740296753661,64.60337677874224,60.60451255299376,44.215183397265136,67.23080646359118,88.8819812540512,Laptop,Cable,71.45316284554823,Administración,-0.7491924037114518,-4.420660629835135,2.132416526990493
547.815143947696,2,1.8738,0.9204,0.08840647916589367,0.2632935721643632,0.1742463058508683,1.0735882508340369,0.6368355491029936,-1.11722737981744,-0.3002398125072896,-1.039284736322337,-1.1408997897356172,-1.3592773337793504,1.2578604846738868,0.9186537272027381,0.13358545148408693,0.048887027315212814,-0.1929520349823096,-1.1204659809470046,1.1104408870219091,0.13057170470277327,1.0044628200312684,-1.0298434077797631,0.9554011558393103,-0.05158777862976755,1.1972532369828224,-0.3866285288529652,0.8962026075255555,-0.8223168744719015,-0.7700669814120359,28.543678984398447,65.2080076710178,58.26771787617311,40.98029862279267,69.70278198068196,83.69133871384562,Laptop,Cable,72.03502031631544,Industrial,-1.4363903134895262,-3.830434697769301,0.6871339484095657
556.7024380550916,2,2.8098,0.8969,0.8870133076953837,0.7545068084735255,0.519241634949226,1.4923699409982838,0.5465198432878576,-1.6675230100564506,-0.5937160161638215,-1.433927674678559,-1.5108942962832221,-0.8284844301785137,0.22388521869560832,1.5509304285258083,-1.3076665344618996,0.490313839759651,-0.48191896035516835,-1.084549419291519,1.1879432814292192,-1.6983000276228286,1.0614106949306208,-1.6880011172370346,1.5685571919602208,0.04450314052320294,-0.5636620823458443,1.005470890804269,0.2138077265294237,-0.37403743847993204,0.5251387738391153,25.235823563500592,55.50488477222319,67.94846053073492,32.82481325644114,65.00631065776632,90.88794548514852,Smartphone,Cable,79.83476928670385,Administración,0.11926978829228013,-4.802701239747675,-0.04582576820189084
570.2253026339255,2,1.8937,0.9268,0.42110029893560935,0.951131173098746,-0.9930711024350731,1.2454337136177827,-0.47261294551080135,-1.3712051165143377,-1.0866707024303925,-1.3430266720119857,-0.8516001829982469,-1.4974588090648762,0.5810848023240663,1.3234214894023055,-0.12198279608987407,0.5173052482190923,0.03967566591645197,-1.1380229707251885,1.391597519592826,-0.10565791019120856,1.1638074513862045,-1.1208313282095144,1.2618014175328087,0.0197974169467896,1.896702144680411,0.4577750041987418,0.7315830648839515,-0.6536555427611452,-1.2110305780868096,26.695894593994414,70.2596552016204,64.33180801357386,38.416863133892,65.03568243850845,84.20516919436788,Tablet,Cable,71.9249580197421,Administración,-0.07768517639300927,-4.9585957684203175,-0.5893750656715583
528.6419806790456,2,1.1267,0.9534,0.05332304202483325,0.5878475270037812,0.20226161778938861,1.0399700298024601,-0.02822918597882296,-1.3099119539202928,-0.48939033428872775,-1.4334553525160971,-1.0854727945718619,-1.1482938466557095,1.411085147421829,1.5490006197371635,-0.4990484748191172,0.38570130668308206,0.15702213234917997,-1.0138538753431683,1.2956756150414754,-0.4493994701600569,1.1624632821093062,-1.2725523356515331,1.3083397609855085,-0.14785596740888093,1.1288342790487012,0.6054761704675979,0.6618187269472391,-0.846816983459198,-0.48475683205404557,26.92029834033396,62.22402760483003,63.384433617422125,39.76354056008564,64.65065958249647,86.49893441872621,Tablet,Fibra,74.85352486792581,Administración,-0.4633337542977398,-4.685828948412455,0.9557578870782101
607.14001016641,2,2.1448,0.907,-0.012572079304441994,0.3795610040368909,1.2322815146480832,0.9742419251919501,0.47946218760382747,-1.051254858162053,-0.09231932926054194,-1.1057331574905616,-1.0178604563681768,-1.1520887695591782,1.138338868105604,0.861119393449413,-0.6158952939312908,0.2602845319084693,-0.01636093770303577,-0.8940392757596365,0.8384092940321392,-0.8032397198261187,0.6352507584111006,-1.171692733718013,1.1198383310707836,-0.32981230565096054,0.28569641277956137,0.19035710646313136,0.4541363610532546,-0.47999018918814634,-0.4029048748254799,28.47752630019875,62.75975411385985,61.23207882011239,39.55231554901153,69.05448582959323,88.31409340973028,Desktop,Cable,75.21055891302647,Sistemas,-0.43624835582656446,-3.5049206552924104,1.431190863388432
618.848077994277,2,1.513,0.9361,0.096969550749195,0.8752678638893757,0.2609146141643783,1.261301017762719,-0.2872498742704318,-1.3212488293841755,-0.8033926637351411,-1.0176783736166846,-0.9340118143630228,-0.869749947587889,-0.05672563048836147,0.9744810794466215,-0.2998182698474766,0.32479966842833324,-0.5842284870372343,-0.9713846509689954,1.2660644882505363,-0.6563743022999887,1.0959653192436758,-1.1838101587458778,1.1840358647200167,0.4798043406310218,1.624424523789265,0.6502595187393833,0.5583761737327825,-0.4861541423231271,-0.5023938268991713,25.530583583975496,70.20608667119815,63.48408137412864,37.87144025880343,69.72297076107755,88.70379386746792,Desktop,Cable,71.16733740851932,Sistemas,-0.5843125319539627,-4.199161019704139,-0.21851514721554963
476.7212978144632,2,1.2422,0.9476,0.4548188051554901,0.5304334950113457,-0.5365602386589411,0.9168996529202413,0.1179402957226745,-1.286495344716854,-0.6402324757884145,-1.2324830660512602,-1.1029388281033181,-0.9790306175121875,1.46486178190348,1.6221137609731962,-0.446459009170872,0.42142053791608497,0.20368232507313105,-0.8663431940007051,1.2201848197198821,-0.2632457259657693,1.164537288309071,-1.2293057398494571,1.2021973802808728,-0.14737950379181464,0.8124537223923848,0.537171015804493,0.5621094350163419,-0.8121176871847419,-0.3441166768324725,25.70896349060093,59.97248411434305,65.09958614348682,37.77363668530688,63.10047540061122,84.65154189009294,Smartphone,Móvil,76.04983073631676,Administración,-0.2267259353195724,-4.449392010109725,0.451751725906994
506.16088259392814,2,1.8023,0.9272,-0.4395215162248417,0.4655444677383648,0.5668113635085682,1.3627396138198995,-0.3218561798821888,-1.163146564112884,-0.13449729620478487,-1.9239126164272171,-0.9395628920010703,-1.2759570366955573,0.20506587015453903,1.499384124794418,-0.6367374103228634,0.20048608140344307,-0.1637294546178567,-1.3257981270105137,1.3081717963815116,-0.9903611221073134,0.9597983368866402,-0.9378566660285562,1.1898349705319216,0.21304659538834667,0.7779393910476942,0.8886184984539051,0.7672287735422201,-0.8458580760312158,-0.0489377950468391,27.798123102774586,65.07268116945536,63.17005451320584,42.593724431141375,69.74757100300992,86.46438464857341,Laptop,Fibra,75.85087294053706,Industrial,-0.9170046314286374,-4.4225994156959985,0.23730815374664685
581.2733697685164,2,1.4226,0.9432,0.3767051334937768,0.7644201644193882,-0.23135572249732425,1.3782393437180935,0.19088937626743627,-1.5287451660749278,-0.8973093456974475,-1.0377721727953715,-1.2736021139351732,-1.0956636243747642,0.5200789000458151,1.1713223824347956,-0.004124888929756117,0.23816190912072305,-0.6175756837927083,-1.1651164498999624,1.4730395059793195,-0.17882725595558283,1.403290431656158,-1.3519669397061223,1.2489688642029897,0.44566516703774073,1.8264641940833748,0.2027819385459255,0.8239512338513437,-0.7526577621955426,-0.65698407123295,25.972054823620624,67.32252323385677,61.51471119674599,37.49626568830144,68.05322153983553,86.51207478416484,Laptop,Cable,71.68348312330222,Industrial,-1.1735156221475989,-4.804332850098894,-0.24866863128773303
464.27903833634514,2,2.3125,0.9073,0.9026628935229557,0.8097739194235067,-1.6809165030968456,0.9736163687071602,-0.33396376918065956,-1.1859133641234705,-1.0349531623039225,-1.3212343666687532,-0.7238786859610478,-1.026282966584866,0.29911346557077645,1.4196547873996173,-0.11023794636233801,0.3543501184860492,0.1750277377400965,-1.0661055090904268,1.2008536637113103,0.24528683796058867,1.318560257165485,-0.8347135369566967,1.0268956164601122,-0.18332027832642672,1.3461676557221711,0.40685062687977863,0.6075212678436119,-0.5449458097949703,-0.6939200761541569,25.30408240231312,66.20372801438077,66.86016835253726,38.54663768277104,64.6834725815627,80.71266113808993,Smartphone,Móvil,74.2594623420847,Psicología,0.031077396032133678,-4.235120199123507,-1.2701743302172908
561.1898025663536,2,1.1814,0.9512,0.24803753129982528,0.6000678867023876,0.13814890675709443,1.5963258823138198,0.23084192714961765,-1.413087295952715,-0.5032880831845257,-1.539723492670955,-1.226485071070127,-1.4039592726443495,-0.032603131912569416,1.2142543904123146,-0.46904476774404236,0.23269437967521825,-0.5511965634955455,-1.3802926337822696,1.3105294080827903,-0.9022978990639086,1.0069545422722033,-1.1965542539978695,1.252981921637184,0.2974385432357522,0.6759875874012168,0.41175158431194514,0.736525661018711,-0.6417916191857145,-0.27519144679547375,27.54001960653963,65.23523998588166,62.61960899521783,38.34547786400203,69.77830479859743,86.63875591579166,Laptop,Fibra,76.31395438728678,Psicología,-0.9187405950345893,-4.615076997405063,-0.47383395915484233
580.2251343639646,2,2.7987,0.8947,0.9800979197247537,0.39897110168433364,-0.2726849503882099,1.906924842036876,1.2394499574120657,-1.545285591105599,-0.5496299951281265,-1.21756387025528,-1.6261222159704714,-1.7687470504963776,-0.24323977350994194,0.8776039066162468,-0.46345342396158873,0.22843706251790896,-0.9346738572173439,-1.4606020088012808,1.112558413615642,-1.1422111959904724,0.6557759690192349,-1.3693940927928225,1.1970851955651634,0.32179581237239924,-0.5288658911822192,-0.26283770572174675,0.6580848334460163,-0.43278844221271834,-0.2217278516803597,28.342586858884047,61.8901238146083,61.69411296235277,33.416275769810284,70.80569205088818,85.80526523026175,Tablet,Cable,79.83476928670385,Industrial,-0.9401362049091251,-4.3881790611601,-1.2472122009102278
509.24843053163534,2,0.9017,0.9615,0.6132275018200636,0.568062722807961,-0.2977408846700178,1.2851317268420255,0.42972553985842626,-1.4503163347267212,-0.6701469774416701,-1.168531318465209,-1.3274966277219247,-0.8942011962523085,0.5251854785064647,1.3858591508778215,-0.4009761112665411,0.2480219872211275,-0.46998542640802676,-1.0835511111460399,1.2928860631399992,-0.5369097301577691,1.2579076725024874,-1.3111687546504174,1.2095766594566695,0.2696859019705864,0.6824468325265945,0.40520342097666856,0.6148697989296603,-0.6905667185521968,-0.028594970219056045,25.421466979231912,61.02269733118251,64.11647857156528,36.35104396754443,66.85943863775378,86.01651464818723,Laptop,Móvil,76.50615974980168,Industrial,-0.8191439241699708,-4.4493457264174,-0.30832650564673797
612.969472441379,2,1.4611,0.9368,0.40523218589174576,0.8425213082615276,0.598053930857565,1.117381545150288,0.08446887661978851,-1.36174832852704,-0.7172844238308616,-0.9141991842843862,-1.066661000491999,-0.5664945460349965,0.2207127622762893,0.9921287582500654,-0.49872354205809233,0.28199398681978427,-0.5298319493837786,-0.8876816904035402,1.1484478804112848,-0.6853400022915689,1.2193577739340595,-1.3331676005508184,1.2409096073005397,0.20464037392000217,1.1688511499923064,0.5957578628417127,0.4072169701912359,-0.37631600141724614,-0.18751866924686245,25.092867063318195,65.39451863926011,64.18703403211647,36.80463640725316,68.58551799074509,89.56899856083284,Laptop,Cable,73.3420142537859,Administración,-0.4678559859465315,-4.019171674199831,0.21880530136899
561.6473224085662,2,1.8361,0.9315,0.2547021109366332,0.804739351626572,0.5268347554202291,1.537991398707686,0.013168194044364352,-1.4876789758236524,-0.39629797073734907,-1.9573741044133888,-1.1195743352966026,-1.6902725700465375,0.4619970291805518,1.5216434710494269,-0.536649385682309,0.14219080527160924,0.08201899757887073,-1.6714476513363092,1.4686274196044258,-0.4176845826797363,1.5366645970963235,-1.2020460916762414,1.5274441917426902,-0.5718417343843365,1.3033159789042383,0.35462817443864336,0.9666680605795868,-0.7228647754748553,-0.6837840380651886,29.71891086692365,64.01429248931794,61.855753953194366,43.43400270721464,67.35065258959983,85.09624297975229,Tablet,Fibra,76.93327223959601,Industrial,-0.8477454312550325,-5.334165321064334,0.3295436625048598
527.3317818588542,2,1.7985,0.9331,-0.5230417436080792,0.45674667788796164,0.5182022821166905,1.3988134490406303,-0.04407125313561941,-1.5041719528817201,-0.37921895070298467,-1.5725529575307247,-1.3910843929004013,-1.3742575884657593,1.483392725318041,1.7859070191560347,-0.5045728777564483,0.4054455717299915,-0.23696388511167993,-1.1231793382348843,1.6144281326209968,-0.9061660621342176,1.108483128530852,-1.4668282947748779,1.4248078606037349,0.507295250765943,1.2810533227764562,0.8425116845803355,0.8833039640497965,-1.2253359248414797,-0.30549424135055125,27.001900511576203,62.63207379479213,61.52502038630755,39.60294869333032,65.69870199998012,88.66446953977277,Desktop,DSL,74.47569644876909,Administración,-1.1737376574000897,-5.3630833163798926,1.148620637809698
610.7575336875032,2,2.4005,0.9084,-0.8105270313769395,0.6828963100522707,0.9551977117517696,0.9973474148616481,-0.6185874154641242,-1.2719380669780675,-0.5242023042582198,-1.0688279473409414,-0.9648425747805095,-0.9929559882513591,1.5345563989762516,1.4224666695233898,-0.5575743110994633,0.6046402953399544,-0.07308094213021994,-0.6094269860951768,1.3743220685011348,-0.9804001626961489,0.8313837859775652,-1.3987967369379943,1.3359924506070437,0.5034301659658115,1.766477337155987,1.1570983945325521,0.5560596733425298,-0.9417302170486366,-0.6021704941664822,25.829913263395078,67.80529709045172,62.81259424220744,39.112216719525335,65.74986831992877,91.5649500128793,Laptop,DSL,70.21387244584787,Sistemas,-0.3652006909731186,-4.628745390108889,1.7358125015231922
558.5403847807637,2,1.7034,0.9347,0.12283916670619383,0.5421559589468445,0.046638083121558635,1.189735005128817,0.27476720910731345,-1.5450799467748468,-0.6803437012644455,-1.0787111183868592,-1.4424458836400165,-1.3598605685354064,2.0451165020910897,1.6577024037341948,-0.6515090753908969,0.6896087798444904,0.0009799728834285534,-0.7600100973274911,1.3715427781924883,-0.921497734859543,0.8576905435403469,-1.6898529978370762,1.4628383751100322,0.18765192304268244,0.7182587990899099,0.6786310075258661,0.5506589755940061,-0.9618867558543356,-0.5473450952368241,26.240672298582023,59.95319182349381,63.66476082269511,34.78732153013832,61.88936702246889,89.05296655352241,Tablet,Fibra,76.10696545990204,Psicología,-0.16640933050038922,-5.160683154817383,1.2300730084912295
462.7135057156935,2,2.0466,0.9256,1.048489424902498,0.6298931291400844,-1.3390043316303701,1.3925050258863645,0.4848542446383615,-1.6446153306877123,-0.9045208261984519,-1.609848883387814,-1.451975971304864,-1.5934779651967244,1.3150057073935402,1.862921707718778,-0.4088347376785487,0.4632093051825432,0.11673590402160006,-1.33882931805048,1.4714588184522022,-0.21222553438788833,1.37308876945976,-1.437595104878549,1.4295450214797065,-0.2549309086140131,0.6250131961388732,0.23589250503614706,0.7816952076565887,-0.8871838914780499,-0.5851554209298369,26.856458233217836,58.0800043521009,65.04691778315552,35.96541276029326,61.27590031218149,82.49514504410699,Laptop,DSL,79.45221223299316,Psicología,-0.3360272437663102,-5.551441466412146,-0.4859057086990359
611.1083524009202,2,1.1214,0.9523,0.5621196538272033,0.6776446406346734,0.184845064242694,1.4453469986166732,0.44891026972383585,-1.4289760083333312,-0.6514911974644523,-1.1636439875193467,-1.2487892348711018,-1.363904950210073,0.34943336306516826,1.016195369774088,-0.5612928720748943,0.3931948339719348,-0.4400127517068997,-1.129887659366883,1.1294983305636472,-0.9397726058770941,0.8363281887250191,-1.371251003086023,1.2915951929712643,0.07524985007846767,0.43106356111922145,0.2728819794594147,0.5142044378879391,-0.43315860351014973,-0.4821685898787673,27.302708107437883,64.31319962672579,63.23817698563636,35.61273660556652,68.05320249200707,87.87618085983404,Desktop,Cable,76.53315060285783,Administración,-0.3356787883280393,-4.407830845443524,-0.14262723401226918
539.7668609530116,2,1.4775,0.9443,0.40635870037469773,0.6351846799741022,0.1010527009000403,1.6569493937647777,0.36651465358655316,-1.6668206766865195,-0.5602155141958902,-1.7669532538710593,-1.5043637293136762,-1.5551858063487094,0.7356743470288047,1.6906387519960717,-0.7943064135668532,0.42989689422164606,-0.29212944829948057,-1.4042388391120824,1.4744725797556415,-1.1336580186618122,1.1292902386342318,-1.5476324070430805,1.54864382275391,0.09236787545707918,0.36618488131725035,0.6431065728961295,0.7129598268466952,-0.8153422359781217,-0.20346910148357103,27.50873014450965,59.731138590863466,63.99709747477333,36.69442257917099,65.18648838565434,87.66290411816067,Tablet,Cable,79.64163995607764,Administración,-0.5934607241861677,-5.496068862854938,0.06527783629693648
579.5175178727427,2,1.014,0.9577,0.8637912791939865,0.8377768887249961,-0.5050249941384639,1.2997139733025267,0.24812390279335483,-1.53207186011126,-0.9834963155024549,-1.0593495207271209,-1.2391116687864538,-1.1786808723813083,0.6637682950022955,1.2953075009184012,-0.5754895233043393,0.5626256456959856,-0.2452632858232796,-0.9618287553115558,1.2229951986836953,-0.7373147517662515,1.0291263512888074,-1.4771675375818645,1.3672991670944799,0.0404325873377669,0.6627120820949258,0.4915114789540161,0.4241112271263391,-0.46874868901439737,-0.5356135114946764,25.67802008754524,62.95882981145907,65.75980848353691,33.79019237526333,64.30889759504899,87.27761685520622,Laptop,DSL,76.6730850108161,Industrial,0.13279152227886498,-4.740623086954252,-0.33444437536024646
625.7308844492508,2,1.7223,0.9366,0.6291229374937848,0.9703812173875422,0.0288068799269256,1.815486421987217,0.16364017286448668,-1.6927707025275018,-0.8198628566301377,-1.8429930927076195,-1.2955744249772139,-1.850222414420065,0.03918983332451851,1.2960343229443647,-0.5550827318327712,0.38416608277504616,-0.34874527342343054,-1.6714476513363092,1.4721012978788597,-0.8277834563593162,1.243554472734711,-1.4462606591078275,1.5842443383912177,-0.13433959994965372,1.063713464534604,0.3309466172657144,0.8017352132846249,-0.5282457659851765,-0.8549724292249304,28.823518761670545,66.27962948281973,62.951879247785406,37.8473573504873,67.20547080742844,86.94783459464296,Tablet,DSL,77.10307594073927,Industrial,-0.48504501551523516,-5.616728292295312,-0.5612356438935441
539.2435187706587,2,1.3904,0.9449,0.31160012230845224,0.8944285635001965,-0.5014648057686011,1.2468606632372707,-0.3506490161997615,-1.4909873389091959,-0.976934814570128,-1.2657809645118006,-1.0739681238554122,-0.9130357906464104,0.474922075818993,1.5183398579768843,-0.28435283838460346,0.3996431071332819,-0.3202599665003651,-1.0529293327333298,1.5095458752457291,-0.3653591224552794,1.4343372428136396,-1.286809916730829,1.3126248339851543,0.38966445479377637,1.7927222602833532,0.7888971236071225,0.6816243836047995,-0.761205534735926,-0.47583027859193616,24.824997523367863,66.55457442172495,64.96247745168463,37.69572554758826,65.59444403937704,86.6235123317517,Desktop,Fibra,72.77585882490156,Psicología,-0.5560821453925885,-4.962647643503976,-0.34284088471556706
532.1116465786705,2,1.1663,0.9516,0.5834157065276204,0.8826654241937597,-0.37376944947258967,1.2180149796174125,-0.18582110893396164,-1.405793175634203,-0.8385144212700898,-1.4391374893240108,-0.9952391092592802,-0.8954073748477157,0.1658858351704033,1.4133658212071982,-0.4233259965521417,0.2977322133878139,-0.20597679631820187,-1.1872606470990537,1.3363021625781994,-0.36581500601015954,1.4388427091442715,-1.1679293985784807,1.2816286443868474,0.01224805671681743,1.3178756562914928,0.6570561066451382,0.6056103273639728,-0.5545584418436295,-0.3407272856039731,25.566856215882584,64.89848284717019,65.57412723291851,38.48366739728485,66.37040443742983,85.63091968403403,Laptop,Fibra,74.93847608666131,Psicología,-0.38935916016435157,-4.643356059113401,-0.5152248926279032
569.6239213019692,2,1.4113,0.9371,-0.009690147736110745,0.52859302239744,0.6935097040398996,0.9083334413878346,0.14655757604474462,-1.1434393151857059,-0.3935568948064091,-0.9740911010045934,-0.9934822985853498,-0.7377318271889166,0.9613874711682411,1.0442461775179661,-0.30137189041522755,0.190132241311037,-0.21246799607923944,-0.8452869367978836,1.0919511452799004,-0.35171355065654875,1.0946830496885664,-1.1476400462664054,1.0849014462738922,0.0537711627344628,1.2265950500466831,0.3652597811195605,0.5726056270029071,-0.6390598954224442,-0.3288077337918061,26.33192879684953,64.69753399821198,61.86585263537059,39.821693257166096,68.63481009454742,87.55814555908192,Desktop,DSL,72.21331464764586,Psicología,-0.8256738673087919,-3.7414834347140116,0.9612780825409568
505.3608473276241,2,1.9533,0.9259,-0.46018007912767167,0.5247229024491066,-0.1944158635091328,1.4043230734043783,-0.5162419133649563,-1.375812764991973,-0.5401953599536993,-1.5887720578363098,-1.131074838871297,-1.463839951031094,0.9765330585940775,1.8606960718840309,-0.7972058562991444,0.6939404014301085,-0.0964923892169123,-0.9111230453990581,1.4724564510567122,-1.4185510431154915,0.6328589740409727,-1.2986639128689212,1.3484511551366674,0.6603367934160884,0.6692113624643188,1.3257685175123206,0.6113205169991779,-1.0561378839572557,-0.23901299945704071,26.025794097224832,64.1818651323171,65.59980603197519,37.24064830266262,64.57509965914285,88.39076019957626,Tablet,Cable,76.2371294611718,Sistemas,-0.1678394212933996,-5.1126922869305,0.29831631898199423
563.2118890330556,2,1.236,0.9477,0.6184842330134245,0.8754201736413614,-0.018266557901626655,1.1316006245568402,-0.033744816799630935,-1.3340980713560544,-0.7394777844634123,-1.391813649892221,-0.9425557191449545,-0.9192776678558715,0.2681666316258799,1.2001089855998783,-0.3743509047782798,0.22055662193908196,-0.12304089613203525,-1.214651596203987,1.2160434679213037,-0.20883924333180742,1.4347070762434824,-1.138371671244484,1.2571393807660276,-0.2584726066085781,1.3466726764848764,0.4058419473959302,0.6010412939214093,-0.44456452420444204,-0.4961403714907859,26.469416478197846,65.24687567458396,64.34380640682379,39.48640787899125,67.19810364173448,85.6055655076283,Tablet,Fibra,74.37499422495871,Administración,-0.4210128491245443,-4.390045212092945,-0.16878035512614653
508.06100461357227,2,2.5175,0.9116,-0.34850521991298933,0.5364910883166834,-1.2158441103614934,1.6083078271741036,-0.5260753044914722,-1.5208634594085269,-0.9040127681167643,-1.4099177941855623,-1.2645475779650464,-1.9857149897532167,1.2642814552376747,1.915826078826653,-0.56645311965413,0.9443701709183391,-0.1369039333958161,-0.8585499183197935,1.628270891313744,-1.373278830736799,0.40065727960298864,-1.4149130397735505,1.3698295851404614,0.9800474047822259,0.8321096859835188,1.1886350256619973,0.7136363890524169,-1.2245104106799582,-0.7540080388814856,25.98515445610182,66.48235191006466,65.42938751628904,34.26605615854748,62.476622401644256,87.13985209332232,Desktop,DSL,75.46769288670464,Sistemas,0.02223458708062513,-5.666401095273544,-0.29559306417093095
531.3846124250211,2,1.5927,0.9322,-0.03616696942786762,0.29513666375137637,-0.07241391157728773,1.4475688325171372,0.47146953209843934,-1.3068838059570038,-0.4753856712024413,-0.903076381888723,-1.3447343090515593,-1.0903272021711674,0.2816377450274842,1.0494523895730905,-0.021580741188697173,0.12355049698477213,-0.9371212028317105,-1.0401859750695042,1.3130350579555325,-0.6228274172257066,0.8997095992658495,-1.146101602738934,0.9628736521230772,0.9461172923318327,0.9383837498414519,0.17405323755932603,0.8158472689761719,-0.8800949841334506,-0.11942957720117978,26.01150543165463,66.14200615348513,60.34624540785181,37.28009951271018,71.58910393539242,86.35265144330394,Laptop,Fibra,72.82493302495506,Industrial,-1.6617213966877427,-4.005494541652475,-0.37898578646117936
536.3146168522383,2,2.1469,0.9145,0.14234664369661618,0.7653483134457238,-0.391278632932994,1.4582233012704775,-0.3540509848314793,-1.4166951013724283,-0.8712753035727052,-1.0746921038737673,-1.0947015613509306,-0.7012917524329892,-0.5268347347217326,1.332445509210482,-0.48362867597531767,0.3976464238987592,-0.8928593525386361,-0.9137794994131405,1.397912827187206,-1.1313475038823915,1.016507378212031,-1.1919652042999542,1.1510165254967692,1.0700654727929113,1.0367524367457646,1.1032647754892846,0.4981044575151286,-0.6318187401711978,0.14162910553027452,23.53169176015721,67.59992346525114,66.26270514558445,35.2312978744584,69.28547927437603,88.61495431422809,Laptop,Cable,73.96268023486849,Industrial,-0.6104755403713055,-4.347749471996284,-1.1332101810937418
538.0749215307256,2,1.2537,0.9464,-0.015046550845040772,0.32713112268601763,0.2868728680914188,1.197488714708664,0.5090210376025883,-1.2778353179788788,-0.3671106994897783,-1.065655733464769,-1.2882704781503007,-1.1456946462717914,1.106370834875848,1.157049117766784,-0.07592346341939307,0.1261208448040119,-0.4229798060429619,-1.064516949389954,1.2711819862241964,-0.27542683536642426,1.0856959793646224,-1.2082608789924223,1.0791870842932145,0.3128181759110934,1.1416128073653693,0.046354892651410726,0.8388193105282125,-0.9096289429012626,-0.39310694239621835,27.16269105011078,63.84174306427467,59.71786160340313,39.430314267612594,69.06519198666341,85.91222987081782,Smartphone,Cable,72.94006038097478,Sistemas,-1.4622158661225242,-4.186810254315842,0.6259274192694138
528.9729134255401,2,2.0341,0.9199,0.36069243859575917,0.5004905787101872,0.9234712327174538,1.0574947072251586,0.6924034088146308,-1.4106110498046294,-0.26926053383963805,-1.4008470155524326,-1.3648132779191204,-0.7437919804191542,1.2535019125882636,1.352954693928117,-0.3115440166376027,-0.05959192441854967,-0.2041073438336329,-1.2908157785702339,1.3025407696203473,-0.02121341377224224,1.7230643101901346,-1.3558424830623355,1.3017948071068117,-0.3331406059412636,1.2121771942433226,0.06913006159181756,0.8153890985828772,-0.7959063744324849,-0.08528227222990571,27.24137034993656,58.57701256763077,60.51029275456239,41.40111393339282,67.5131483193648,86.37126527786124,Smartphone,Cable,75.22960892184676,Administración,-1.526494144419874,-4.475726788010197,1.217658724814494
532.183024833488,2,2.3642,0.9125,-0.9579118073278026,0.2378542771296331,0.24355473834821414,1.5741765757760389,-0.2502500509333762,-1.286922457843292,-0.22929277833624184,-1.5893385797469464,-1.2305940425842867,-1.9354388292972886,1.1919444793913483,1.6296777587888547,-0.5730859182849611,0.5885294366900499,-0.24885465788416478,-1.0296110169265422,1.4655682258800704,-1.4747663916489513,0.3172993664624782,-1.234759390036433,1.245465225162818,0.8445863570805069,0.6493700999896989,0.9362018207869875,0.8429711299261043,-1.245224112442848,-0.480076517796211,28.12880182450723,66.34740831911802,61.41640316684887,38.92754518288756,67.565502571139,88.28045887324112,Tablet,Fibra,74.77259629048952,Industrial,-0.8421364138029274,-4.994092239044427,0.7150849319254416
496.3528304723948,2,2.7775,0.8908,-0.0960938668162189,0.7571711181952471,0.7023080553919389,1.146963365303677,-0.5707150360087022,-1.1939875236720574,-0.3641472830736597,-1.6354964041216369,-0.8168150224763989,-0.18897783076276828,-0.6847294366684261,1.451168996481046,-0.7380553583560219,0.061467543554334994,-0.5263914550772504,-1.124466780282989,1.285081830481311,-0.9380051492529818,1.4583395074958065,-0.9292602516374913,1.1520707760198627,0.42928693369258625,1.0856941374901772,1.327150390787607,0.49736244353272935,-0.5507502742351283,0.6498287897805367,24.253242746318943,64.59285308777207,66.58106514679739,41.40639874231712,70.74481368875485,88.37843344099065,Smartphone,Fibra,74.99510796124085,Psicología,-0.8513361396430513,-3.9173329962215684,-0.29234856542568227
