study_hours_wk,sleep_hours,lms_activity_rate,attendance_rate,assignments_on_time_rate,procrastination_index,self_efficacy,stress,internet_quality,part_time_job_hours,commute_min,social_support,screen_time_nonstudy_hr,extracurricular_hours,habit_consistency,cluster_label_true,major,primary_device,internet_type,cohort,age,credits_enrolled,year_of_study,lms_quiz_rate,lms_forum_rate,lms_resource_rate,lms_submission_rate,attendance_lecture,attendance_lab,student_id,grade_Matemáticas_prior_20,grade_Matemáticas_current_20,grade_Matemáticas_prior_pct,grade_Matemáticas_current_pct,grade_Programación_prior_20,grade_Programación_current_20,grade_Programación_prior_pct,grade_Programación_current_pct,grade_Comunicación_prior_20,grade_Comunicación_current_20,grade_Comunicación_prior_pct,grade_Comunicación_current_pct,grade_Estadística_prior_20,grade_Estadística_current_20,grade_Estadística_prior_pct,grade_Estadística_current_pct,grade_Ética_prior_20,grade_Ética_current_20,grade_Ética_prior_pct,grade_Ética_current_pct
-4847.375386475727,30256.25247271713,3443.2196484430215,-619.1274010976167,-1124.4013437744934,2070.885064145113,8889.177587786311,1770.0155681771244,3002.9685325245673,9960.767953298837,23659.07639204221,3312.002573540197,4925.15257080998,-8186.035726635338,-1009.1688941022155,High_Achievers,Salud,Desktop,Cable,2024-II,15479.467786833198,21969.41409419234,3866.2663908383256,-5171.180542462963,15068.192865055915,7561.608801780487,6807.7459722333,-14097.955761067216,4384.193733066396,11246.425002305707,28914.29064118318,9955.127862633932,85216.53581440214,75087.77920081881,26163.082775675408,8983.307137973221,98366.86532151472,96110.54882559236,25464.001023096782,27428.341978627584,83963.25715544423,105515.28893544807,24910.03241571045,17160.571955315558,103200.17634507085,95108.69209929241,6794.082313981284,22308.854822793895,96779.12022988286,86662.49951214208
955.1781082774032,4967.950806220313,880.10176993118,-3950.4387062597634,-5031.634714951355,14371.41623906982,-5877.326011095464,14382.9180764827,4276.573699303817,26293.113925285867,54819.91054285116,-10386.347235745949,12534.053993932039,2309.9084698638703,15984.90468204486,High_Achievers,Ingeniería,Tablet,Fibra,2024-I,23124.756837317203,15984.1591803818,-14499.581291448725,449.0771609956156,-9022.524180864797,11466.258593443195,-32010.19520421483,-3662.003637137506,12198.37213124456,12628.254347213904,29598.178448344348,13242.703677680138,77471.97522557875,104141.04396640684,21502.151952894666,5340.921219738053,86643.6111322451,63822.39471743182,-24084.77097989813,47210.18487722506,94737.93884246847,84755.74682371109,30625.48242513685,7667.258561114239,120439.13821299511,102033.94567515144,4250.6818531105455,22907.30015889827,116995.95488609352,108351.8940896346
7237.63350518398,-2988.042580075793,12166.48950843763,2532.744514331077,-4610.333236238666,-8267.671995338338,13727.320408808351,8179.711218834431,-8729.945538244045,1889.0826924447401,25730.741695206674,-15209.408045689632,6073.141217366386,-572.4285817544016,-4333.220142436395,High_Achievers,Humanidades,Laptop,DSL,2024-I,163.11357487357236,28081.191320808695,11557.434068906276,7831.68563961729,-1890.174300563701,-4311.599662605478,17594.7688167128,-10880.230686039868,2806.341103176517,6576.283407482915,34985.469750963006,-2037.8586403609988,94130.17526030107,90707.50239022818,762.2322795727723,-1870.3386149789694,103004.07318958017,85201.23857050018,18586.892188457452,13491.414066077676,85293.96966743762,83188.72642028084,21242.38940964582,10982.55278492875,82429.53825573006,76306.41345931489,10741.631461665638,5500.845997911862,85410.10970768469,87298.6282245446
26921.15506441969,27767.124619484457,124.68076974349594,10865.879034563048,10935.761849576918,6488.244624722891,23801.89959353583,-2671.671507191904,-12261.384510602174,6476.609234633067,11558.735918514945,15463.604385438815,-462.89013072424484,5545.491070131646,18231.790505720615,High_Achievers,Empresariales,Laptop,Fibra,2024-I,11348.035963557313,1651.6416254703436,18106.199811708233,8969.593890748261,4178.199499279729,11076.07723916851,-13113.872028105205,-351.8447976711732,-1936.032210313858,9953.066268075741,7063.632148255621,22855.0711145209,73876.99309946845,93738.39550580565,13958.288711910667,21056.685962924304,85473.31046160203,56395.37796049341,22286.43558538768,14309.460592004667,85023.72946209808,82223.81939649544,16495.909125359147,20976.003728790394,91568.13442752635,84191.16177319756,27849.06287473513,15693.52258996004,75403.90554584135,97145.98545597776
2933.76599424071,-7967.917173436879,14253.674774280995,-12760.314456051326,4612.015494662204,8561.879593557414,12.203359321264543,3160.4021543178533,11639.53484077193,6769.301445932946,37897.269788355625,275.07157016125757,-9058.025452998638,20027.43852723325,860.677145630164,High_Achievers,Educación,Smartphone,Fibra,2024-I,36025.30531818187,28080.894186314705,5508.268690069424,-11756.695772810219,-5147.409403402825,-416.4164610892394,-3409.9449121716607,4836.357083736466,-10963.569349549047,4723.513054910473,16486.247182626932,10019.337366482867,94362.70561992766,104229.66873473658,8522.995839102781,40943.0974678155,86371.82044738447,68464.29065304484,29394.144404482522,17441.89589612952,82220.96392201034,109650.76438193183,8989.918143176545,15256.477796711093,81608.21372252583,80751.37403772335,24305.80938903772,8569.885381704587,85709.87874862592,75869.81506248754
23763.984684810694,16429.824834823463,-6619.149974840513,-443.9844070388749,-14801.31577742142,-2595.3605061290677,1238.7523634873273,7344.280108542008,3731.6073978810873,-5803.10871924169,-1635.9038458485884,3159.7814174193536,-3400.228051688746,-711.1843280490223,13440.979669207742,High_Achievers,Ingeniería,Smartphone,Fibra,2024-I,26762.200035142163,22919.725949962176,-878.4318557470542,-2086.7076390190227,-8908.392587410332,6186.088191342252,3423.2177038098343,9755.202602801986,5584.946132148175,9579.679003656383,22101.429777415586,8113.496970775934,99852.90203205045,102809.60904343643,19956.70290756191,23054.847118820828,72413.47625335385,97689.50599252916,10202.690152703759,28189.419901487032,80871.55963864939,83677.3503438777,18821.985836580432,7812.896707855874,99955.26451577549,91414.70047874672,13263.817283796736,26367.032757734392,89785.32152545222,105005.72163927203
25917.122496306918,9331.492726640601,-3357.1577447789714,-20172.875286447965,11269.42497066792,9442.391287941304,13210.405495862302,3626.2958067069712,-3014.2114180703697,17579.534075327705,22566.35214647295,-8720.175521300875,7404.975004859763,15094.896610549942,-8028.0827838537025,High_Achievers,Ingeniería,Laptop,DSL,2024-II,38984.44589639554,19398.792507776885,-13766.88370006541,15529.238494141806,-2503.3897036454277,6603.8668490473065,11246.682034459373,12280.135175295974,-8629.381741893887,-10460.999918880676,25191.919667084054,28203.789201741238,101935.58521912411,91989.90335281589,23019.869274137574,7166.468022504467,94503.29862446607,81882.8902633559,18744.13604273271,16942.59962579279,89701.15829741399,87483.77225362339,20729.478249484542,5827.7299529444645,92552.2140333164,100516.28428438988,15065.922390550328,21267.62088866589,86436.89129754981,84729.84328161586
20726.47965039308,12359.80118608956,910.7004794485736,-2402.649214974005,539.3052893423026,-1564.516284577909,23339.013145324214,196.37595955140432,15537.550359461367,2657.787301095705,12732.96593929383,806.3914590345075,1162.8044319544406,-4397.847571881616,-2771.7240085554195,High_Achievers,Ingeniería,Laptop,Fibra,2024-II,-1038.7945812430662,10759.719619831809,-5496.659110325927,11461.16590934195,14978.465265172053,-1116.7398023679739,-670.9331015488247,-3136.1564445163226,-182.39257569778238,25845.952723175636,15016.759245835885,3639.524214757408,86476.1788474352,100606.78251568944,7619.15743558565,21120.04472925125,74407.15811455438,91167.30119836851,28866.086605445882,17405.588331735078,74684.37037438236,81930.56692664638,6859.105207465753,19482.569198048124,93697.75545169828,102732.71844067208,19803.27701282599,3744.6112497022004,107441.38206947745,74821.59224385777
13411.428906911491,21696.451053662957,3004.2554564169013,-9110.745660742126,-8708.550909395137,797.2712375073013,12865.16502283834,10999.527550918068,-5381.420568627428,20377.863790833617,49979.67930659429,-10356.833416623944,2663.864452003958,-6676.368448161698,10256.760012579887,High_Achievers,Salud,Laptop,Fibra,2024-II,15073.822270555847,26357.411879657076,-2942.84746490381,8349.30685062086,-1789.8207590272846,1804.473094333262,-8707.319852757542,19300.804184824206,-1488.4394895947198,15570.347910939603,13035.329072835357,20899.735423254602,88760.26311066702,72288.36686300221,3643.0585536986873,30267.09190965945,73923.42493989138,48383.15849019347,5447.777340366525,28143.28168687676,88410.22332889444,67530.24185700013,3193.21745434096,12901.565061295045,74905.9003785103,92755.68545668185,17304.738993226703,3967.6630663592878,93641.08485523077,69666.75812039935
35660.13268368854,2031.3250617402437,7780.6738897303385,14581.75175608903,-19745.786638449183,73.97651103540579,-3028.160006262985,4977.1027365576765,-288.75822573212554,5670.7951485775775,3024.8654907879245,18874.99746470289,6419.719183921216,11641.342123515644,-3609.863887741887,High_Achievers,Educación,Laptop,Fibra,2024-I,20195.902853269316,13107.657619468828,8688.277689383514,-1282.1612952995029,-13263.386070820681,2836.935457109712,-22.552139092142966,2219.4889871129485,15858.609004438122,12997.991398953287,22548.099859900147,18545.527426867284,118381.37114541008,98845.92491389175,25950.864470069035,15482.771150320983,76801.36228923556,90893.93987127554,16614.385503072226,13693.52827064742,58329.7912761062,75762.41369687965,11145.22106739111,33767.18958134166,78024.68209243607,93843.67147864678,12652.160999777718,33410.50440864855,92082.33017592956,95862.74611859748
-534.0792614408674,28709.903550483115,9440.340164679496,-10817.714142096127,3797.7464326649574,-2400.754632154371,8883.590830647678,14971.532005549687,1263.7705373095232,2535.1031930491417,26504.26710323339,12457.876903659384,-1329.9315022328913,-2340.1389697355016,2737.222735265738,High_Achievers,Salud,Tablet,DSL,2024-II,20519.70294356205,19106.376470978008,3660.655439858891,-2420.10608946426,8700.81914649481,-12246.547217112267,11933.450531942308,-9423.82299259885,-16144.877447880393,1899.6699771434487,11597.775522822107,21209.062038407676,82780.54838525355,84874.85429801195,13552.101688949611,20964.80793448396,72956.78619367334,89394.54233498836,12922.586579192239,16614.01791695624,77286.32491054734,78161.52125042012,8987.65076590169,3675.7239879723566,91463.89378030204,99833.17855540931,31397.995964319078,18532.27904366058,88746.58871198836,83789.95632610974
31508.648372467596,14496.456089918265,12147.731054632652,17598.694939860532,-13689.094483740839,-7792.073028781939,10736.848388610935,8603.504113142877,17539.367547175698,14533.719254577982,8635.32626719363,-472.7198787222251,7530.196971620493,6019.233557883091,-9772.77250375229,High_Achievers,Ingeniería,Laptop,Cable,2023-II,35330.736723817485,17517.929915418295,5429.088339035853,-8926.420496992823,3841.8328466528483,14706.49602745403,-8609.458062055413,-6144.628091907122,8136.496799853534,14438.465618163505,29450.78884753298,23987.331597280943,89160.56429771906,69448.72651896752,7943.375063435073,24801.5640416614,93358.75073107923,68077.35201896483,11141.52878957144,30603.755996387685,104929.27314888615,88404.81785617737,28530.057533367068,-7237.541174280224,96467.26533195685,79915.57583577411,17256.01513088959,398.2418922869874,96187.51707745061,76021.77094560953
21993.620729364528,4011.937793516406,-13813.709298458689,12654.79879266001,11761.622674853119,1502.895570266629,9534.059894029928,3897.8933094595304,16123.886524723695,8361.96737601235,24300.53933988218,-13913.891541405861,-17492.012257597704,7118.326681840189,-4373.728206552635,High_Achievers,Ingeniería,Laptop,DSL,2024-I,27721.093232077077,22561.116235651054,2776.6108822602555,-11416.546891578226,14073.254213732038,7483.3718089077765,-22004.432967742414,21033.377795190114,1142.9060395437446,9418.389254573167,23500.025625323455,9689.61391287242,61056.06625299908,81958.14073950956,25899.794074626345,23099.132024303974,105218.66437756232,108989.42976769764,20332.429187290858,26304.35086834344,80797.71151634227,83171.1255349596,13295.25128410558,11935.834212653597,79194.49902442658,63679.95138267585,20701.367904131486,12054.563981311505,105305.41533186634,110419.99561445214
8371.020258294802,-9289.366103390134,-10076.447198527649,5738.308272663857,8023.891228373119,4429.150293258897,11262.781295160921,-13225.103445880304,-2592.321361536049,-312.4408298472822,21747.900201671015,-9072.860282871006,11952.20394117076,5054.825394914955,-9724.40671456902,High_Achievers,Ingeniería,Desktop,Fibra,2024-II,25444.796212067507,15258.940045175961,12991.443539932381,-7683.997652066924,-8428.275119380221,-15886.264408329444,-18417.36157475068,-23687.631670764105,-3043.4321686016774,13620.440274825096,18783.27948901374,17816.50273541378,99449.17432158311,88486.4376769874,-717.4140573701625,11348.815700668674,83527.11522067507,91282.6890789154,16554.033119751468,16071.819223751118,75488.13901987804,89244.99333397782,23783.933812770836,28839.32485235251,99761.01325146835,83559.9108090597,10299.601570579503,31624.385745612624,84148.15052684184,69861.69677861285
8229.351133957665,-2558.6191988602095,-6594.828696609591,-1160.0880076396256,-5355.909689763642,-5467.715336169114,-1974.978961182942,2620.2616941120727,-1743.8962220852768,-16315.690492901496,30768.181768829745,-2689.7628578180174,-8449.8424552288,-5773.0431045001615,-2369.039778830084,High_Achievers,Educación,Laptop,Fibra,2024-II,20048.714041054915,25048.969031517994,4238.557960893966,1415.821275953157,13136.467371769859,9926.570734289126,3466.070059125798,6280.353095224748,9748.926954399296,16366.632572329087,35782.87354139307,20231.684171501933,107242.14197716166,88777.81887658058,-2096.3440071756704,14226.844590259905,92144.61287400046,77484.3514694832,5894.844896425293,23016.99907074482,72527.31265461656,81782.08103757488,6708.595075284489,3779.8001611025284,81280.71262174731,55543.13131426421,16964.836262711608,31046.575743211328,88289.16091882433,93369.89195807136
16205.118440536873,-7805.5736956390765,7682.103572312315,-9294.28867344483,-2209.457043277466,4609.476449860167,-6548.177646500597,7035.737839253445,-5312.305539829859,5866.7167199800415,64675.41427678063,16883.40868234386,-22114.060288464,3028.200212247988,-9376.806117263706,High_Achievers,Salud,Tablet,Cable,2024-I,58852.42283751466,13371.404124211153,12707.738945291392,-430.9468936356694,5745.88528549436,-14735.634052137857,5325.090532438797,12549.127335833704,18454.624187891925,14106.343782053615,16224.875619133449,27050.658674579114,92727.93219319484,79863.03470401268,14071.892600375813,24455.370086014562,77605.13502295682,57106.402762281985,23405.26116213129,7479.609522726072,87046.6594594304,93214.10801961189,9782.9970680989,11094.267440800193,79193.30302680898,69278.793562443,11095.87875782625,12586.644588720908,92021.04906449345,95000.74587549282
15444.07175450431,12495.05010420379,-9966.035387572781,-1744.6012110733066,16889.26634817876,-6028.644623423641,-11345.644257567106,15121.481848579246,9594.2195135397,17972.689830653762,41319.3641249553,13478.788433958904,2800.070948101263,3617.459503197659,13599.071155085927,High_Achievers,Educación,Smartphone,Móvil,2024-II,29992.074264285024,-2862.838928646901,-15298.28187890007,8736.506703991367,14588.311976169649,-10399.68943069706,2257.987019099607,-6457.974239775038,2461.291389749633,15606.841010591468,9170.994499857323,32536.925557607497,86149.32453391273,83806.33049501081,21659.0095053529,4885.798472776009,77080.72511708476,99112.03482435696,18378.32720751541,20359.971740781155,58283.02680007722,56887.550811575304,5889.787019205962,17790.79344270903,95604.50468465545,76878.01827863602,21008.701889705888,26553.387469790992,97348.79212661418,74124.87960548894
31116.821184038672,13718.506322777468,11639.047335402918,14206.140098105114,-8549.701190037105,-4210.261072573417,7599.7582777259295,-919.2123293669947,22162.0336573803,1899.3979640905145,25123.240268935813,4863.488623651681,-1063.4542085150097,-14797.723153114877,4307.079442336074,High_Achievers,Empresariales,Laptop,Fibra,2025-I,24489.462068717916,18509.891621605468,16344.682011601308,-4969.369448985342,-4361.110916263983,4532.958011302836,8957.946635301852,3726.363683222348,-9692.61565044632,31072.581028457033,-338.4062046520048,11481.015680432647,90113.71619518724,92325.48221240916,15970.337980888422,24114.549896744844,75823.02237408281,82498.66507393839,19309.045411247807,15871.551940568621,94522.2359517331,105946.46026679075,14370.272618278585,17869.590962889448,73867.24123121043,75513.6400691806,16501.92005351164,23.640109494797798,78375.60611299708,88201.70046974132
26607.571581256205,6240.6205429932415,-7454.804585726053,-4627.503009021535,-3044.7854910176898,10283.66494284258,2019.2431034168321,3880.741846487391,1873.6580611694867,-3516.808164991555,30808.710388132808,17417.946317201837,-8170.596720750682,13634.623741412117,-12365.120138257505,High_Achievers,Ingeniería,Tablet,Fibra,2024-II,29651.363342695782,24831.108466065372,-898.6733080298995,-25570.34207305812,6427.7509619873645,11212.174916486561,-11083.175364979581,-9458.59447419462,12691.640946912019,140.9610924380322,2359.7962499064724,27559.552920803588,76247.2927417853,72518.31652476988,9614.997196062352,5509.166133736715,78959.17926960505,80778.80017641136,8636.326004000593,3046.141083302098,86961.79923608068,78735.02240183546,19197.22053959266,42134.12339853025,102243.23787562468,81286.6490079864,4986.7811698990845,23336.76958911319,89275.2513185832,71402.40639366764
6612.1478443309,3914.796370211511,10058.190865611481,1946.5221965488265,-2018.1685567212244,-2597.2283827597485,5583.223693711723,-4209.960722936279,7654.98508751967,-15521.881387625957,9822.480953192819,-8916.134787688881,5124.21779775107,-5081.938275816105,-19778.605459651426,High_Achievers,Ingeniería,Laptop,Fibra,2024-II,14537.549143167253,6268.259860690547,-5493.3038487691465,3390.914342390161,-10684.971139062282,1648.1059486502634,2951.2367226038036,4251.11985123934,-3133.841540393934,20627.259752401453,23090.085633322087,15564.73740124542,79928.00230707739,76297.03041727933,8249.392309499843,18513.166717056916,76141.57275522647,64300.27164468866,25697.902353651803,18411.807627677255,99213.93898668922,85793.80888510383,23328.9666567019,40332.47649780374,81225.91374577113,86304.93278486206,40503.67517280132,-1543.0477446221375,91857.47631216649,80728.64806552569
35196.50136508919,7017.5448428175505,-8318.974355452208,5220.652128568706,-6241.444573727841,5333.2864396171335,-4503.106428299554,-3315.896569335754,19700.658339177873,8866.440379616031,29545.624520514524,16366.101493887298,-23536.694289066196,-1510.3263120979168,7919.573856081064,High_Achievers,Educación,Laptop,Cable,2025-I,15633.464389932455,30971.264002934106,-817.8673213877473,-3357.125045687265,-7835.933343223816,-989.5022420382473,2850.0699285151936,-1701.546749851706,-8385.253400458141,14095.146912577868,13415.492234596793,16902.6915497956,89381.30892196807,58518.94835527806,6801.772953945883,24743.439714859564,89685.14741055145,100554.30335008158,17507.345253280393,10387.600809096579,80002.87485563268,81913.45567892137,34964.07534882515,16163.219041220025,98635.2946455315,82620.97333682758,31087.657426949394,24630.69254141577,103054.8948704915,107066.29391655314
5905.486100649137,14626.616629035343,-6941.777507428411,6162.291100501641,-7993.2397251667535,-8154.777433252579,4535.942643741161,-13438.795575391618,1177.579854335525,2330.902619635569,40043.27148545369,4054.104518222196,12973.043528899678,-13227.00492094181,14722.519641768731,High_Achievers,Educación,Laptop,Fibra,2024-II,12184.3763718151,12624.146476484257,5820.809886831825,-4342.924827784216,6458.709466850507,-5303.083976430576,1477.3645306057176,18851.07950739998,1624.3008526518543,16271.645297652503,27055.300252787812,32325.39423819277,109841.88687445028,79278.80198756812,10973.97508518465,20698.862567234406,69492.21662509014,81226.44621421398,33425.237542683855,7090.908976788929,86921.72556413352,89027.16825402091,44044.0394374672,1975.8514166554214,74545.32400829875,98319.13623828815,17890.796343504324,-148.85390979986187,77136.82828303301,85462.76532272581
19204.064876496752,18862.399008807864,-3192.3399859100373,-12633.659827994556,-6599.439151000383,-12347.735429614697,7626.205920330634,-8328.413256538872,9692.83207577063,11929.269257103384,8708.180891711616,7570.027579809891,-6386.820803380262,168.88675542116016,-2494.6738717519092,High_Achievers,Salud,Laptop,DSL,2024-II,24894.829799891122,45417.76397284674,2214.3725801709907,-549.2815705240068,6510.925409919777,-13844.567726181154,853.4839284174361,-5543.286306391799,-6852.444209042746,31027.953897756885,17040.21679080432,27511.784006620877,97882.34833193118,110849.20397346445,11398.956402028678,39269.074375668,126097.00918432086,110224.04571346164,39539.814523608584,22032.565532777233,73564.75664464483,72149.5856990016,23059.32662100517,3095.4692996585763,87632.23011838178,89100.33103707623,15042.519157001692,3635.6122682220284,75727.66356493325,97454.75676591152
20987.448496890225,16515.336519985973,-5325.654436340878,-6924.595781217815,5503.596260453377,9948.838676802872,22695.066594076394,511.481215278789,1039.7422334790654,15438.328714763304,-3032.6638418048624,2252.908788645611,20435.021725653012,1538.0106245437705,-5681.174862954528,High_Achievers,Ingeniería,Laptop,Fibra,2023-II,6442.669232290951,12584.495347948257,282.5029483792962,10783.578328268106,-7074.14431632129,-3235.9628802851335,-9471.340993403224,-9817.179038491287,-12038.911591833381,30018.223131707906,-2792.730180798364,20727.689122203825,89896.03959706165,94617.47348075178,33709.338089155535,14406.652182098858,90637.44709643218,102769.63249351887,514.924879160455,38889.899142773575,73623.43254087344,87739.56256298257,-5149.703186298862,12309.7966450424,100919.8557927706,83702.96742624884,31860.124298183044,26018.29744817543,88643.20413190566,98859.80812966928
23152.365677631293,4792.772488529161,-7361.057136483794,106.72268816808128,7632.535775969292,1347.7667779476537,13054.24639469292,2120.4163963536653,13227.996304096509,3794.0755560936022,15762.737127499122,5711.818365175963,5585.077822679099,-5051.562250737424,442.2095111477762,High_Achievers,Ingeniería,Laptop,Fibra,2024-I,30616.672047512082,12441.683069888426,5098.699320376665,-19983.46343930446,8028.638430887222,6728.464781047294,7193.915567556786,-8141.835865340947,29008.787755665995,10730.39402056567,20035.048273999713,6904.745863686685,85617.37057489343,73879.98607956333,20737.170995022894,27024.044662250417,85573.78616746195,55369.704818672544,37072.373475889704,28395.44728886721,92754.59164916264,85583.56016729018,6356.942383929227,18367.606293857672,78126.34986820299,70450.42992940021,18096.900930235184,30070.45356865311,97646.8493331285,82265.06513371598
20953.817075823034,-3374.96701883939,-10612.412235743375,2048.0104242500565,-1918.4084841689441,-6277.812673401972,4080.349754822956,-718.3257867879784,-2026.8957710777613,5304.746553867842,26840.447595160473,-2679.065371281423,6197.136840052757,5173.14619494539,-11323.177534123071,High_Achievers,Salud,Smartphone,Fibra,2024-II,32928.383004847834,23583.98229571949,9134.676530909866,817.8235379376217,3082.343042416731,5970.140806856115,-2739.958039394275,14431.543908471476,-17425.538320648076,18382.274205544487,26781.584791492074,23913.498699337026,94202.50970666904,88316.18885737046,39003.14234675965,27883.517909277238,73462.76309239707,101364.06772592796,13104.410123713289,20297.713427511888,79455.02873439551,95873.61512213953,5560.863118092297,23807.836129895935,84634.2287997537,95730.9832474333,42484.55707964848,24831.6422722047,104214.9897567202,97084.75708259792
19737.351802557514,17209.010139777303,1254.0150009408708,-11473.020374394038,-12553.802549144684,8531.709894588295,5325.929081997899,-14191.12124449365,3608.3760514494916,12731.342810633441,29843.15078317922,4626.636070480553,-16020.918995334272,10562.33761254109,-6902.181443334592,High_Achievers,Ingeniería,Tablet,Cable,2024-II,24889.408171371477,23122.54633294632,25624.585402984638,1257.4262578806802,-12619.994252480008,-15789.208262445492,-9120.780240329635,3991.9099214095572,2883.0499438784627,17470.024630089894,27698.126826454776,34105.33000045048,82353.04608552998,88575.96828319768,8394.459689408897,9018.898869857701,77221.15979018548,67134.17208922305,6630.696107174072,23322.511915819137,70155.59865196339,91026.17886874951,18057.108413625298,30131.60004382564,76927.91351827885,102078.99265747333,12100.504901191394,28791.378778301114,94247.67046154903,82845.40519594439
6587.936720250847,12854.223973836852,-4458.652538975203,5591.803940827208,6899.076622578685,-6378.509010630909,6429.501678313747,550.6015284766654,-2994.498642200987,-2819.2986146915887,14112.95811538439,1358.5405249238647,-20964.42538625364,3440.0022252350163,1287.3450654503686,High_Achievers,Ingeniería,Smartphone,Cable,2024-I,21052.03152809159,19293.61121965423,-212.40507734232278,-5957.141658989779,4272.9670106538315,-5324.4794819888275,3599.27309881089,11209.615742862801,-456.97758892369495,29298.431815853335,5238.205910983377,29725.02517269935,93135.49947352176,67287.32624554062,12125.394056830988,10765.520712106045,80635.54154336835,78323.31466839052,23409.422609678302,33161.693579216044,85081.53788845554,82035.95726285852,4476.311387719412,18888.40940543328,66862.39101219116,80565.30976036865,29365.248139646108,5016.114241435238,83659.2930647351,101186.10996747918
-6121.416415059868,-7904.703575365311,-3624.6249800723904,25403.558407719203,11999.495066064002,12981.082406266074,-20099.432953444622,-15487.363369117797,18920.178916604094,6347.445857465004,25752.94291146563,-1563.3844368437603,10451.154635534596,1262.1452229553656,-526.7699892407837,High_Achievers,Salud,Desktop,Fibra,2025-I,2505.7412773272445,26148.39960458342,24516.13138744689,5537.4172613083965,-5448.16750794099,4373.053093500707,-15190.303033771625,-3350.1713664097547,-5493.842233295277,12232.810337961822,27646.648964720363,17658.56145039496,85535.81907386032,91341.61899238458,16217.471147203372,13755.790269228224,94274.13858250546,90043.47800713887,21904.13828046822,20269.114632284316,95045.48673277308,90843.28919480422,-2479.305165610298,41111.49177170536,103118.22377617081,73316.42555014639,24698.093872433892,21701.440422747502,87722.00553274016,98872.4012253788
-2365.542135137901,-374.5996602878031,12900.037145811051,216.3021008021134,-5585.106396638824,-3097.9483161195913,10084.471652155946,7549.237611198712,-2329.5935424677073,20690.553632429303,1680.8027604644049,14799.130199476487,-299.62841130751235,21060.465760012885,-334.18993033015386,High_Achievers,Ingeniería,Laptop,Móvil,2024-I,20843.877796272205,5763.912530313803,-13659.079302449893,11840.495739554948,10379.943178571497,22481.16083276179,-9132.784071591603,-1780.639129104251,2551.7012431739577,26649.49976043399,27995.30855817804,12603.322467579394,86515.21590013355,78868.81791777193,25147.270894295354,7529.0793877494125,75342.45178137482,79608.71704301007,22074.63269823198,10986.830427514582,84701.2212989392,83021.26116042794,29218.20486909854,-1221.5068062459686,76188.95338924293,81448.59991119032,7499.001543905941,20324.10932102738,88057.7980350117,69367.92749357849
4860.523989939587,22716.12698345229,26476.864627367493,-3621.6416458337917,-8901.042292085069,-2702.586229279457,8155.395304422648,-12156.673227873465,-16505.018467012946,11004.772839686237,6273.104444442267,-11053.5435970156,-13346.097706964423,12307.528698164835,-17722.795083604502,High_Achievers,Ingeniería,Laptop,Fibra,2024-II,27276.323886444166,9891.052446450423,-9965.476613121537,-5377.855431581435,-3398.9287536011407,7287.410864572719,1908.4421798940791,5857.900771766983,-9160.793233866047,21626.22382098804,-5060.64871559028,31810.654444448905,96550.53022244459,105191.65603897377,20016.683157496434,20299.975487174903,77931.79872212633,81454.39536102043,12451.71306012888,17204.719330409815,86641.9972567539,108013.72851387883,13810.089115290886,15842.435336614593,91263.53292072639,86643.08136852297,16592.39158378891,19468.668432320635,82241.50131205148,74407.61140219241
40044.817059879424,-2284.822287495539,15734.18373870002,8945.282697753648,-7972.8540046782455,13074.59479233819,-1255.6388144935809,-3947.3026938964986,9193.438998650894,-2416.9003028107,11121.478820470835,-888.0075916947794,-897.4885757024069,14500.64276497547,-31443.64306387475,High_Achievers,Humanidades,Laptop,Cable,2024-I,32685.9545796159,11432.058814868675,5438.300643847173,15871.721002881432,17949.779769010456,-14859.256166299921,-1684.2361961204715,-7714.745907009227,-1046.7154903538494,36986.94689338538,-4788.226677503153,31402.29768210781,94976.09462256166,107100.09766823829,4833.545149478938,32721.023707580767,99988.46313523085,86763.01431087816,19395.692052450886,24488.61598724226,100690.06743304129,78392.4351556807,23448.993746717097,40744.10515590022,96225.8752698715,63390.1402086453,15638.118537434937,32744.78245813258,83812.03787370265,86924.3890695553
23848.148956079905,7307.755644771975,6458.424516368058,-7702.520651012974,-9515.091807758969,10636.904596758752,16084.24083141274,-4720.862642192723,10927.192716625417,7531.408830016512,28934.836831637775,12788.206632513346,2703.1522497259193,238.1320352683581,6123.127361252609,High_Achievers,Empresariales,Laptop,Cable,2024-I,22608.15824307393,15922.64973410304,6504.067527425185,-14564.069502457922,6670.5440010741595,8004.184521828313,13040.270057002754,-10814.402661958664,12997.98973820897,36620.51441362635,11834.04632092335,-2764.212659131863,89283.50564484393,80271.80302515403,5894.715012004539,20989.044638052208,91454.60398017694,90923.72120648887,16730.683888269003,23496.95932231855,84081.45961960305,93006.93468175302,23168.6079769145,25481.15320089069,71057.98633051392,87538.4587365395,23460.999597193848,37249.03712074495,87001.95894627369,94923.79653388879
3911.23349174173,20018.321890804393,2530.4236683240742,10270.725501981171,-9046.218269600335,-856.2497980662739,12893.095381428087,11543.13204808594,-8528.417809260325,14820.988829655344,23741.254175829374,-20757.297979863422,-11274.207639395143,4568.663781149223,-7984.114549541767,High_Achievers,Humanidades,Tablet,Fibra,2024-II,28825.916398550264,8484.642869388084,-713.7731146695655,-13346.92130392745,-977.6504004805936,-2068.947102517336,3888.57520743543,9246.721190655519,3717.6182701634784,38806.96501573284,14977.43571102883,17106.00988958395,90872.3562172581,85514.59486380525,11426.953930949556,24993.40155194694,108721.18455405539,100080.07460435611,26086.232030762374,3009.2924664263974,70005.18463265734,82099.6112214522,12213.424832598606,15964.645576814646,73647.7271903288,96660.62469614156,28079.31125669147,32480.688724739834,97283.17556594762,106613.37641443404
33635.156726306464,17308.299179462134,-9712.108268791364,17208.890099637832,2480.6505314286037,6227.413424989624,-6401.6295697936785,5601.866193086022,9398.195622088922,-5542.062057802234,25643.803309788727,3547.7292277456772,2155.3076936659345,20870.475772573962,13837.504635860945,High_Achievers,Salud,Laptop,DSL,2024-I,26063.954952120417,25136.925592254876,9588.476374522084,2133.598397319546,-5745.976706040756,5138.613282018777,-12458.843113466508,-2489.6231745263135,21.18119706142795,42649.5087017084,38208.5453629318,13410.940999228153,93676.55357534239,89671.51931441574,16478.534071856924,27206.79284221134,73244.1570623375,82959.3610986998,27319.04610150253,22683.568919640908,70910.69220690838,94594.45474443756,18743.204262101277,12943.116040357421,84440.67405043564,89564.55976108283,15860.782863838993,30180.676891815325,90549.88418408358,87538.1848181855
17948.086264332786,2675.6193967775207,13947.762557867427,-3483.9422289766244,-9295.885893169676,4303.522850192039,18728.739668918763,8061.649302426022,19830.73471089021,2222.1200246288718,19605.589627851965,-604.2341140001718,-11009.280315756581,-9253.523196198907,7234.990856581315,High_Achievers,Empresariales,Laptop,DSL,2023-II,19395.613888592845,19698.846899668628,-18427.654058253673,15830.798412196871,15949.232337539695,6392.4165051150685,11706.2272004999,9473.187194192527,11678.6268727058,33590.29822543274,11822.117282788544,15341.053322036245,84274.43951183482,94116.56150434424,13665.046569875354,13549.03809376574,74144.77023473788,89177.56407577873,16504.905082967412,25162.16866404459,95175.1526818158,88139.75354130135,21455.5185355392,28643.84007940477,88377.45007135278,66640.6330712609,30590.815065205883,8060.150105745917,79940.76195297559,83439.48869188642
32747.043722293718,5125.860832300517,-4254.460728641599,6373.424303131978,-4587.087926007525,-14899.661715836497,26184.839642439852,-753.3275326542066,-3092.4311985141003,5552.125850808997,43156.19873897071,7534.934184060938,14880.889020206554,11145.162563389087,-6232.117263451434,High_Achievers,Ingeniería,Laptop,Fibra,2024-I,25375.739921868553,33497.990675166046,14281.636229241958,-1540.0270127032286,24231.469932058295,15309.91489121075,1754.3586567930465,-539.3391263383909,-5010.069326832248,31745.603891760493,-1667.4852698492505,24175.11708666083,92664.0438724208,110378.66904540444,12397.230793690895,14072.120417048869,85244.49034813743,96536.16450104197,29506.19299441167,29005.234318426585,96019.36712777703,74008.17741443682,26448.629191256434,21432.82114219622,78752.62040521845,77626.00268049317,35577.05239679232,2243.07929547168,83931.1628463859,99606.90716019201
7726.135680581358,8102.899781527191,8457.700941804258,-23956.78765329289,-10205.749270931614,-5490.744685375857,8618.693560348893,-11343.504874772054,5124.213421353846,-15793.017497054394,38965.739145153166,3108.1369127217704,-695.070988950818,12306.612147743976,6839.581086052716,High_Achievers,Empresariales,Laptop,Cable,2024-I,24310.359828497123,24716.028048946842,-1751.7035185337663,-12912.665297307276,-1820.8172108261228,12178.03900464104,-1561.9582169987289,-13263.55452486793,-37608.087349203306,40350.722305099676,17214.1213058968,19871.718604155918,93655.52269247652,103619.53772650062,11753.698126470827,23264.128619018906,87908.58462811026,89712.86376485247,19410.827959852577,-6402.82914879443,70841.51264604605,86064.92184775099,915.7691368469386,8246.99290445053,65199.00077715784,80867.63728386497,11568.134710023449,37568.857006627026,89944.83088840917,82967.45547952534
-436.36786201661744,508.32564287440164,734.9703928685792,14878.239372207672,-14318.222314303126,738.1466427769369,-6482.184373696551,23035.32561322062,9894.233091567185,-10612.724905372495,56715.5890872293,3266.9513475230838,7423.804895495625,12193.048043042556,-5154.581194477719,High_Achievers,Ingeniería,Laptop,Fibra,2024-II,21254.42569910894,25824.067569408373,-4947.555595814428,-11024.684956198013,29710.724212115423,-3902.0259342584027,-1197.7218699268888,9266.037800607364,-360.5872238093069,34947.41994737616,26556.321867667753,-3570.2249374331095,103033.1584417878,86429.94417347244,24706.82387546423,24257.865444011237,95714.75968358437,83759.45490650053,19622.552741798456,-1097.0457761878279,78961.70858613898,101366.55059790688,24161.463067914996,30754.15042441057,79512.55742974483,70467.14309352225,26830.8578262402,16910.908313997657,77268.45734803165,79597.7965840569
18053.16589832367,5963.713347057,12574.89904110939,4360.304204057417,-2396.445247728479,6756.701828129771,-557.8333240558813,3329.2145507060723,240.75849523389206,11581.367342525657,16871.697199998678,14897.482567468938,-2817.984041126211,-19197.079779523585,20321.33752059256,High_Achievers,Ingeniería,Laptop,Cable,2025-I,11799.931937261046,21688.54211772447,15903.697237890345,-9395.646440967475,14300.709668728938,1474.6382789663144,24860.18390389947,-6623.092880727139,5539.869787735582,40354.901466052026,14370.845502879567,841.7652644609352,82476.59339170127,74449.76809848136,34382.99163730387,-5507.5016759140635,96048.68724940732,102135.83401922356,34703.480046914716,35598.986829599155,71168.34080282488,82597.66847008532,22638.068356024112,16493.709124898967,75232.86647949422,82257.66130086094,43445.55056915154,22678.02376415922,85230.8976469853,99862.33970267978
30890.005674710595,13620.261989717306,-10542.398336343738,-1696.0118440664155,6063.1717120476105,-5110.696047638602,12957.40123202154,7697.131234722101,-7132.274014524649,-383.74276062451713,10570.033352263988,18187.29164483718,120.62914388391323,1524.570439604943,-14055.556250962478,High_Achievers,Humanidades,Smartphone,Fibra,2023-II,37671.91732438416,8827.910662212791,16301.955317710317,-7659.001881348863,2634.8609515402477,-9396.924395699007,354.0008633873525,20147.36188743417,-6841.064727924605,40157.05801004802,2146.0903432871437,18519.936202143057,93090.5502279162,96696.1837252555,9987.600116769077,15419.086058962008,97040.35148612197,115681.44072872882,16539.168445800427,14731.17879818018,106926.84782094887,80474.03451563467,26326.324364206626,7756.235107962162,78115.53165844838,72397.11151339136,16825.347826164798,12024.01575750644,92604.09346823122,88408.46914909693
25325.149747652245,7971.870734566509,-5396.098528915503,1566.72692587074,-6859.606357753775,-6860.036832605169,-25316.59174912836,10546.84676393945,-2522.192044832229,12843.13665936188,11450.547242093688,4448.009933056441,1519.7996328881536,1421.2777840675674,-7392.422541729745,High_Achievers,Empresariales,Laptop,DSL,2024-II,33671.51901268201,17701.006014114642,9326.441237695748,-1411.3362737428945,-3511.2280024337515,3169.7006235832287,13791.409153086795,-5471.304095446182,-4435.336718635638,35917.96320787647,17678.8830590445,18609.837900105398,59983.35396186006,88758.73860616454,17891.754656333465,6573.486432425056,83955.10972060951,87749.43990583152,35624.62145941828,15236.60052354301,79361.50809067649,91906.99120848921,24085.647450046847,20139.214466408826,100682.63490942484,92095.21292157444,19455.2544170838,22395.549289761053,94812.09819810261,90586.25993569766
8880.379745774928,-6936.923634049854,8004.223481790826,7462.714688726415,12428.16607085402,20214.626811853497,17840.798382357956,-5664.119280562484,13561.556228931437,-10388.892166391,49500.34293426077,895.7892616350255,-3703.7563855497315,1018.2681783192652,90.21383281877172,High_Achievers,Humanidades,Tablet,Fibra,2024-II,23516.4585031153,9828.619601526092,-1576.4070717064487,19252.72363128195,-17337.86099041166,4747.279918880361,-11799.6017110652,-11889.1816814371,-14835.836515231495,46228.84399042312,52417.30433467597,21123.521484606415,97525.13318887346,85014.49899373963,5080.303907818543,17576.44835577966,72545.60130056435,80732.79970058844,6806.911295858134,21923.761364568607,81504.02247809699,90364.44478457744,22740.65621295238,27306.06898484056,68850.95989217417,95474.24205016789,28789.827070151434,13783.08693827227,81836.96495997645,79236.19356871814
22604.363719328834,3726.600704579835,8450.763317266483,-5281.5957031891785,9450.380655635177,-6273.992217021043,9630.205722411243,-6712.5976035631975,23966.12396374715,22340.176988315787,31139.737519676157,14670.445955984618,15243.633106889178,10498.085669327475,5010.830479045887,High_Achievers,Salud,Laptop,Fibra,2025-I,19109.95383000495,18081.173536278704,6258.160585408319,-3930.957926331605,3584.966167981674,-3433.7977837921485,-8252.678320549914,16022.33104171083,-17879.781339032124,33972.37776905748,4372.538229623262,6533.076494423583,90779.96081203067,104327.01325918939,4760.555889306706,9434.980724985622,77876.79408194708,93693.04601977496,15902.246796065747,12561.708134558416,84663.43661073051,108498.20734884807,12569.59305303422,16110.528272986745,102488.51709318731,87763.67299283076,35598.03101856688,17143.822827342592,92398.21471201813,83814.7108381326
6268.853280036603,12191.986114698058,1476.9531052930483,363.3461345583062,-1603.0784666267305,10495.944321522518,27451.924682474735,-20002.307911001884,10660.636842808097,10152.077459374934,34014.7883727787,8679.764897506382,812.4157639724986,-3691.4053076669825,-18409.471783793615,High_Achievers,Salud,Laptop,Fibra,2025-I,11109.56747960902,18118.57631952161,2976.2729659722145,8706.792963264406,-3996.898532779231,9373.99700815891,2828.7842451278016,10102.484939388829,219.99326810695155,44854.66774321501,24948.002072602707,-4248.9519294880265,96895.47158422903,92126.15655113688,23411.63510459727,12609.163086727955,93702.75717881223,83926.64135476941,22273.468522864554,26165.433225510915,64807.8829990159,92871.14728623217,22073.725922196194,27435.769397064396,72833.63923407416,72961.03917881865,24405.329554925007,11973.356915342261,108368.99834563816,78253.12714426228
16060.471937233913,12105.212832497073,-9042.830761882406,-1046.4483908638913,-6728.382746207955,7016.913238062722,25562.47007579467,8293.329617912925,8751.892997724095,28350.939320240286,8676.402061181243,7011.119893730085,15526.064382803632,3443.9324392877816,1130.3929965410648,High_Achievers,Salud,Smartphone,Fibra,2024-II,24654.252075909226,9431.315012992449,961.0912889075328,2748.122904036303,-15418.35963542624,2907.005331145509,3685.5170379805154,11274.085815360595,861.5087884790698,34900.29415269442,3912.7345338284795,2422.0903485111703,90772.0515924769,75821.58994595509,26513.6487299473,9763.781588813943,107446.54553568663,74280.55144847336,18663.77695729119,17878.40568799034,91692.60166791784,106862.47471316405,1377.0057580875837,6999.627206791325,74934.714010815,77243.9393456733,7209.407095480696,19545.461670101755,86941.12715157808,79938.28862504248
11204.34859819385,12678.623485416776,-33158.0754199769,-853.1180345023727,11180.7506611159,7300.606057194928,-10929.01184869651,2839.2840324984613,2680.1288110726373,5575.512924069927,20113.01059627862,-6836.521255631199,15917.087306763016,9376.408556805081,-9145.783716529433,High_Achievers,Empresariales,Desktop,Cable,2024-I,20048.139383841153,8587.357189707098,-9236.683439962646,-3483.255797112423,1148.203117104366,6751.182154776894,12099.43898858924,3368.812421021663,2047.3997522625834,55583.47549168134,16281.682698336857,16226.032660197794,87942.57749113241,111072.12062871267,18169.591699445034,14323.015200926824,80766.66516479557,87079.9272975613,9799.920638599844,16953.17800662888,88900.46964758834,99573.64231257382,17503.154209793727,22179.07526483985,91073.28847889011,89181.4789581426,35260.57571064296,38567.48364490698,90320.63088133825,98098.64631068234
17361.621897527173,-4228.222975734865,-1554.0092395835654,487.9849132000004,-7613.92034444863,11372.359842569847,-4790.409720231509,6890.099305381371,-14615.09227716687,-4776.834968651229,21566.675009702616,10686.517026332314,-1585.3468082045638,10481.022109214478,-6398.394294070615,High_Achievers,Empresariales,Laptop,Fibra,2023-II,15667.693767275516,40875.800309055085,-14399.119686134349,-5894.642751101666,2100.0859506413594,9179.131953127368,10992.863430657611,-3031.2686919507178,-14303.710183631627,38846.1437425325,6886.802067060335,37608.818804829774,102848.86037145171,102055.32973511945,33804.80082942404,9201.88080055164,90223.64797556776,85987.97013946823,4285.590402438964,20693.923248884847,71250.79713152586,92461.17274191299,5575.665621723321,4857.851582201371,92974.40304959485,100865.59823647197,16151.788781882773,32915.152144777516,70888.34281761761,96485.86363655572
35202.623469442,1447.9925900080716,1403.7458434716334,9421.615261518478,3381.0975085523837,20802.736979782803,13619.653332263599,20515.15586609769,-2126.1920534027486,11884.094625605569,31432.569740679515,6176.893674900473,1184.194798398065,20688.906757360543,12423.142743570486,High_Achievers,Humanidades,Smartphone,DSL,2024-I,25946.24189641479,20333.328340165142,4112.861087908608,-4379.780782608659,-3688.84563596218,5240.813991314945,-4860.483771348856,4179.120042360859,-11059.419003054929,50215.95138849956,13682.057614735044,17886.65185537136,87304.16289311628,74727.16762907623,20284.14609623415,16490.15810803871,107770.76423056814,91183.22253582887,17245.45017727317,15901.374560702254,93872.9854911648,99416.24659113794,8625.119139075523,24491.826143480946,79559.47208154357,93380.85604226963,19597.59454942788,21500.505887714873,106870.85495576407,101590.12705341059
29308.62047930352,14513.329858535995,-663.0009067472721,4868.629156040587,-5917.977868132658,4158.2383916760145,9375.53780167349,4315.705031987964,2638.8481982886133,1851.5293933674664,24284.40944166591,7937.790981759015,-9889.213282561299,18000.605959018103,-6295.948776629305,High_Achievers,Ingeniería,Laptop,Fibra,2024-II,25525.87155279805,5330.599816627293,7837.869347337764,-10247.738090246996,-4154.101530208137,-11950.08649596107,-1813.520973388382,5362.394178854227,12563.725570838264,53266.16197003829,28744.21821386029,12727.322202934945,68551.46974315526,107798.1726057891,22007.004496994516,29290.802181414234,75069.04069345345,75962.45553103084,18831.63731063965,5832.491184073297,92303.7991059572,99496.76250247235,15890.412273277308,18268.879828945366,93163.69359527926,67545.0425426743,24728.745203330967,17820.40216105962,96392.38799299905,101309.98237436786
12406.05427389389,21720.071434642436,2337.6467478392597,-1338.2249584077504,4417.137125408297,-4644.223565010396,-5428.955297331189,-2190.7584286421697,12993.703797685452,11201.530500435407,8207.183044801066,7633.211463802147,-11397.398814022978,-3046.4335047678596,-9341.077721336973,High_Achievers,Empresariales,Laptop,Cable,2024-II,30729.941255669837,18425.48232069038,8011.148922216508,17592.969925694302,1224.2997779922985,-9862.254976244069,2056.0493367462527,2145.2180284532824,-9573.062683444341,43755.66708807741,14104.60061854675,29210.502936172707,96025.81305412414,98634.58114097391,11472.303508304089,8372.054079129914,107683.11826339542,91640.274598193,16159.202607163039,20796.425684543934,86226.49294517889,103211.9368009184,7185.65349970305,8716.246615603908,82342.26735228582,83430.96812154238,15918.909647407101,9553.600166616778,86700.41492975026,92241.21041847602
33881.09861853293,436.15102200036745,-16273.711214768919,5538.055834864661,-4885.487350007613,7923.862526118769,16486.904080943248,-8725.283169318805,15469.737328999912,4307.491154386205,22835.022514348835,18065.42578170702,-10133.078936298043,22455.386617851615,489.9117230967632,High_Achievers,Salud,Tablet,Cable,2024-II,13552.181551180533,19818.569730736046,400.06297045042743,10131.884441178077,-9147.818566072367,-6088.376472463647,16909.274818778544,-15780.362989229056,-4937.5417564002755,55071.615701956245,17148.424501111003,14677.189414592052,82346.76492944201,93074.37876213201,15332.634987924144,15618.198721200459,98407.96804822003,88538.58910319304,12747.45172848789,2234.709135974723,83196.44543567242,66837.94314553644,22438.449054375582,22326.048139005645,73186.47684606283,85157.83822197103,7291.988663631224,16351.777302879109,87633.31887224571,86664.17757991432
16674.721506304864,-3675.776061323163,7799.280654912991,4465.776184896953,23442.95481359521,-10203.333391496662,5928.3395983261635,16119.058406765089,12275.64440719787,-3071.2258871183612,10737.346206757946,-5363.323512881287,-3037.067240708665,363.12405710770963,-4566.595433888339,High_Achievers,Ingeniería,Tablet,Móvil,2024-II,9592.197391835894,3705.425673883541,8822.79176411677,3462.8227670872716,-5256.461994193473,7317.708409160846,-12552.540353782153,6820.910775388121,3832.207825039549,38380.58457965062,28949.92934992595,15383.681980180543,103739.78443222216,109770.03427150684,2663.2514108038904,11832.53045356564,72979.69059878684,91014.26785451398,7973.327391042381,23134.046632758844,87440.27306148439,96274.81568731791,18207.95135568873,4061.7178067227796,89681.37885648469,83486.58266829769,13000.450057776283,14386.573233377356,88948.54118659228,79149.23939288473
27303.212850107877,-164.86858626317098,18880.294318555196,11941.589838556294,-1268.298722719545,619.2936410596024,-8037.849460194376,-10961.721902038898,1602.4859130514515,10827.884573030684,48752.90708024982,8762.947663087414,858.1358587199443,6901.36086995923,-10860.552336900972,High_Achievers,Empresariales,Laptop,Móvil,2024-I,19542.262376846244,16552.18297207896,1151.7453291528695,3944.7162750855778,-17797.559237081405,9971.783099990382,-29113.712609218324,-13745.881461671956,5803.207765792977,55403.15709117947,10616.465057703012,23381.5844976394,91626.82344905008,104344.64031057333,-2481.7711883445845,7027.9759545282195,87622.36789116565,94371.9082283511,21705.578465292972,18670.191316763376,76358.53573124541,93057.25155347434,22542.85832142663,17581.850902137667,114713.20393534846,98097.11234422779,10378.246973410494,11900.206444284997,94957.56621270995,105290.38444573818
19018.82066601997,-5803.563059084936,-38.628717455780134,12724.295517811173,20236.935683529176,-842.4607833904195,-803.5747111073815,15140.419333752432,-4922.21040369342,12919.664019967735,28665.282547374416,9385.1668768138,9282.87296972418,13230.043919823967,845.017129945423,High_Achievers,Empresariales,Laptop,DSL,2024-II,18317.938884613657,22269.156169558613,9670.604638614914,3163.9381076769723,-3697.7387281390725,6455.171266807677,-6279.426965746207,27.627714419200174,-2548.978962405859,51371.64065013347,15393.559302544705,32457.24808816899,83299.447766128,93428.72675113776,23761.24761990607,14679.14131429583,79553.6038617831,91977.0297835433,20716.438438947873,27542.487475400256,87629.2951023324,104719.56407824524,26716.70118226812,22007.459229678687,106464.98408767497,86670.91270871123,17481.496968141957,19594.542018480835,94964.03584000573,73938.13942653041
20766.744401947686,16485.043464576225,4076.5967209691707,-1842.8829057853231,3924.6268844052506,-2810.0254766251737,11610.796386896338,-2422.39377992867,11039.148322037887,-10088.992160359589,14817.683972803665,-14221.343943794873,12266.316811240122,-2037.4415282405093,20611.5681157479,High_Achievers,Ingeniería,Smartphone,DSL,2023-II,9564.357777859626,17237.522284314724,9889.972548617934,-12100.349250485839,-15102.644086224635,-20479.990891551457,4221.0241935022805,3910.646645702299,-17806.96329493606,60608.131936574064,5354.466399631054,23484.883839238733,90972.6246703464,87665.03432716214,28939.584259073763,20804.765332704334,92933.04015378327,99255.22858964381,40750.58899850868,31122.023411079783,89607.58429748588,79307.72196122615,462.48444402973837,6553.850238567711,83951.07727205772,95144.38986899951,15502.755698094477,20104.982342698346,110797.24771420355,96201.46938187336
-319.75962799437366,11437.05664698354,2567.7653145337076,8210.785582769675,1840.987328208379,359.36940595116937,24696.88047136131,-3949.180046853814,8323.544679895016,5073.992569535994,12494.409365430616,13676.975556096102,-4409.938077736629,1033.7972738787723,-7674.0275042592675,High_Achievers,Ingeniería,Laptop,Fibra,2023-II,27204.008038235108,15800.627378916484,14119.859142095062,7794.064119133979,3820.3854874638305,-16567.962804729887,-1299.5239050134792,11665.285015492844,4613.72513929841,49330.30893825535,-9341.471532991582,22776.890521867466,92945.88587376814,96144.8192046431,24272.29925703661,2656.4008406170906,84008.92342680215,110158.88492203559,20651.590777349596,10905.075210565046,87631.63044694957,77377.27108640956,13390.635240104904,25128.608536036772,89264.35682625283,100586.41901201032,6119.03781961767,11189.900887210179,80385.60932119888,94380.05247834239
18124.972735225136,14564.613520915282,-7581.219360753506,3990.2644748338325,-17980.159116437913,-10148.92046906081,5538.456372507931,-13478.468505372803,11665.890959569679,-1926.7737988775962,13771.21525946661,-12258.425310411112,3927.1512706505,17240.139943744034,2272.226164563889,High_Achievers,Salud,Laptop,DSL,2023-II,21384.10569961911,20902.141323148062,-1385.658233004151,2720.007990405472,1199.5048319802154,9188.998866108705,4417.301610214692,7970.199946450704,-12826.146583185704,69620.18698497934,35722.64278496698,22726.6998423823,91332.08376343467,88298.87613743267,15984.093139822346,15156.299746409988,71198.52611107443,68887.35664512317,14152.178575556805,43265.045787050694,85872.70259095702,89701.98251285785,32648.7705361002,26272.973740902387,79325.17179946334,56330.465541289625,10519.237502168999,20178.340088314602,113023.28642698735,83928.15362980476
-23.791250404286984,17737.21370677783,-2707.9403141794614,6258.044349031302,-31829.064808853585,629.2092482747851,17397.867041469988,185.14843907120758,4426.912068905507,-13325.048325837208,34246.30656990367,8273.692478367655,-5339.799888234372,8714.974262697673,-169.8484371077775,High_Achievers,Salud,Laptop,Móvil,2025-I,11814.802397653712,-157.9710218696091,-15712.188126775694,10010.299036253955,104.70712303938114,-11003.374495860608,6301.724565641558,16166.59499224076,2117.6419506360944,62053.23772711745,8913.043435573196,40140.14255918971,90540.30789024419,81341.68541976772,9866.410307840593,10634.926718058223,88188.67861997244,103827.78977818346,19418.542266217282,-2266.433400386675,86299.17680979699,89440.96874840754,50625.75248721307,6784.298733153042,83915.16289517372,102957.41084682441,19087.36104148632,10403.694434504807,102377.60041178364,89864.05926814582
7675.647829613614,966.1339813689383,9089.84796853525,-10314.274510167785,16320.023087599864,-16455.263622006656,-2040.3340114091088,-17486.52442080709,-1076.0251742039477,15218.256441883337,33528.16678826093,11700.992149486334,3631.2461035443957,4408.836555375532,4753.84300657305,High_Achievers,Salud,Smartphone,Fibra,2023-II,17244.05052476647,11172.57763133519,10684.373291951142,-15891.621335424907,16286.368668954314,16453.784095954114,16656.55201042593,-3543.2355714299233,-5958.381497087294,69080.2912101511,16058.937259353248,16921.895373407835,75804.03752703627,82045.23377736843,27598.991426997156,14643.904638400127,76071.12608887478,98849.32678494534,34591.859362546995,32154.72269607951,115061.19989172813,92227.21881747567,16460.014910240774,29414.598893720562,94600.01891357021,91953.03994514413,29337.364486022383,18298.519912787284,72008.84845737334,90006.1997892377
3386.6711232328216,5383.746916207385,4588.6291717337,-14274.546392662744,1561.4160333744385,-12132.761880618804,880.4819815566784,-9585.388407092067,2500.471980134892,9707.369523981599,32667.900466537074,-988.7037109529356,14.768891304438284,12845.585335463602,-5160.721257013711,High_Achievers,Ingeniería,Laptop,Cable,2024-II,13483.03887926314,24253.60684408319,-16305.376810561407,13060.389727691323,2362.446184560162,-4368.732377338784,-4990.450131175981,-9201.384423828025,-1730.2140371672474,64096.36459701684,22644.1907614197,38590.59803890849,77667.44726473825,97726.01941793243,16270.439835687284,29596.344908325707,79190.25992355708,84438.56801532117,21926.225007762023,8312.186758152897,101650.78070147295,83953.7283329314,14322.441429629283,21787.957500976998,95596.25967958022,95065.62045490633,38194.5910541746,30050.887043265575,83022.02022446145,89527.77775265585
23096.830312125643,2793.754002680852,8094.0576177990715,-3993.6717607378946,18909.283200637685,-8712.396166237037,-18518.197444488684,11932.977111578724,7823.478645184668,7806.854916063219,36005.89474608583,-3704.1345123377787,22625.44347084741,7454.516835707539,-3057.6450566485137,High_Achievers,Ingeniería,Tablet,Fibra,2024-I,14043.326499036948,-550.9641023300392,-10944.053786386006,4799.2922879775815,3482.978991202115,9660.018834651559,-3485.362602601395,11002.283982268758,-10067.829338913774,58247.33008129939,15185.425155160205,14824.87803057634,85068.03639773396,90842.39278933745,8344.954828850157,19109.195299212653,80692.95392059827,91834.87470475568,25396.04171935757,20262.099698068756,103541.48948251831,79552.50797302318,26115.23512367455,12880.989500112348,89686.31508448928,82841.74863994795,13099.53971631722,13251.774060657612,84127.65344222874,76953.2245896417
16789.363734250437,10013.08190399657,-20138.063467850607,-462.8483046867874,-1195.0546468985226,6942.378613435109,-6317.910771562781,4255.464763925035,10978.955744991692,7303.606809709788,28228.1571238116,6558.607817139757,24365.41657905061,-2465.472606499518,13538.54903195938,High_Achievers,Humanidades,Desktop,Cable,2024-I,43095.07693423545,18868.458297574794,1774.1008974955291,11879.310608758602,-10906.642000451942,92.56652544932112,3341.871754737182,-5211.053510671426,-9359.940625868456,66659.17395985154,12104.491042219717,14677.884714462909,91457.22356403097,72546.7653940047,15492.145969702051,13714.690801580971,65367.46219941971,89369.59981413485,1970.7948360055616,19014.488390309063,96615.39359961305,79935.90026395419,10269.084108162326,15253.385570458178,78441.54927942909,66879.53883009823,18116.289105333362,-3029.305560621302,95224.1566784119,88220.85087146079
17653.970258184454,18614.360639249484,4491.944613807537,12285.920467877373,-19960.46588493313,-22093.837033055883,3471.3602352346634,8132.619327165883,5713.797721313542,-8276.85509437828,28965.89375953205,10100.784822077076,1512.2146279164617,-6068.055111465913,1932.2840734718266,High_Achievers,Humanidades,Laptop,Fibra,2025-I,24854.639349520552,26240.15923068518,9503.296336879657,-4423.113064810617,13102.449740477256,-19107.760176266544,1024.3003910016305,-10187.551909348149,-3382.5362476642913,62878.64338222039,2699.4680462448396,25558.841019793945,100146.34114120978,94894.20522712899,21244.809335564496,19126.730206225246,87160.71624203332,90973.80826043256,34344.6071533181,14866.454745569214,86107.91829873486,55645.94318171032,22999.324694871917,9739.086288383292,77271.72166308295,78094.6669167908,5667.856043363798,11914.213963864204,99912.76386721921,86836.54965869822
24792.426419275176,-5099.854408391336,-16488.147680366805,-11245.280075999357,8323.952268021118,793.0928422816664,10775.925206543656,-5938.752638475812,-9280.611582600437,2995.3571418543233,16354.14795302407,2101.992544352044,-5171.472658662928,15709.497237172996,8191.437330847723,High_Achievers,Empresariales,Tablet,Cable,2024-II,8361.485764659401,6286.312295744952,10738.549276212505,4237.329214654357,-8414.231735789761,-2697.858873432073,-12646.282163400918,6868.072126903233,-14138.121941166279,61029.964683369086,15628.722838508003,18799.50680114988,105723.2305002884,103485.06178252997,6348.920268549769,9456.340366571527,93837.4022163999,86787.1074036046,10013.402870324866,30494.989588492637,70211.41328911141,73109.9695726872,19337.662558744974,4452.725296471266,88987.12193182588,92029.45871384756,16463.815536427803,24196.87347828389,82603.30924141462,91668.68570544713
49291.76300182355,16280.017415149101,19588.82464878209,6758.949540537692,-92.18319786129922,-3961.82927974309,-412.65742429110014,9835.800578613063,10239.46450948485,-2472.3938734720255,29671.305959515394,-3254.633489419897,-5898.2560984663805,-1161.9604703424875,-6962.885848907585,High_Achievers,Humanidades,Smartphone,Cable,2024-I,38306.438147311346,12058.198746675474,7622.263074458072,9496.435738405286,-3725.59953779467,-15331.074550982084,13484.955863790134,-10045.669534057639,-15266.604153281674,67526.60340820675,21276.00242750901,13978.850448390973,93856.31703238,90218.32048936922,10915.325064777464,18382.623863479675,77454.7870150906,112523.1536177684,17356.12915905866,14057.596728344926,87099.00981227786,86209.6112992217,28464.88981849516,25288.891858790324,95492.46897440964,91817.42269672247,16669.231339734542,34950.13805221059,87997.0587633703,89846.30413740425
21883.796742377457,2906.342894591506,969.609739958956,-2094.357493421913,-13301.841903337183,-4779.601926233603,1341.2972194124845,1797.1566064341287,-6525.978390984154,12181.997111212238,21861.08878338183,-10803.116698318456,284.9769260426799,5860.868143699132,-1061.0536427218135,High_Achievers,Empresariales,Laptop,Móvil,2024-I,24817.095693332612,26125.641899742048,10604.389136923844,-223.87716079505742,9955.516036701105,-3551.090289046878,20572.554218730038,-5636.936091746487,-13763.83223364725,58877.85949152386,15380.529922377145,15690.48344977439,94211.95843990937,83255.18164020036,20229.135441255363,31929.06806692077,83894.0758445285,75201.7113279251,33879.95572614786,20922.813617337088,88025.74860345096,78942.03351447954,9348.10736255109,20714.123462519798,84752.77587727304,101451.71309899287,18813.61563393838,8167.205455852767,100562.46240099339,68158.04639051165
17211.06053776469,12733.53899825799,-13353.958339369645,-13056.874484323855,-6919.374455034528,-3114.9924005748258,-12703.401167099491,584.4456167702401,6455.479867079859,9537.769656299648,17216.906296075183,7020.957027121444,989.3293236418608,23360.651399432398,6693.991513065468,High_Achievers,Ingeniería,Laptop,Cable,2025-I,12773.868096448236,17547.258368214207,23273.67955481404,11298.207614624343,-768.9512885418372,7339.035766343971,-16751.938651597586,-13366.937583492834,11242.90785328086,70250.35535610284,21730.381483365134,24672.711676384744,84500.93479488268,80460.55407569063,21101.837531979145,5839.842926540512,92784.48707246828,78263.25708544604,15151.46917294525,5290.93079708627,97923.9801360387,92463.11207688076,29369.456983568187,-6944.332767265747,96681.16373091082,89858.29639683341,20750.46741880205,24610.928585795664,83186.6704379878,110026.8493721893
33466.64413120218,19592.53453100396,12533.248177437214,7066.627440798099,-4183.933182987712,18123.385913951824,-7304.234359391912,-1669.9046468510214,-693.902990181261,18617.1947751417,20427.133312618127,4364.950853638849,-2254.88911824122,1655.1216518887372,-15476.164484442927,High_Achievers,Ingeniería,Smartphone,DSL,2024-I,32794.21665482133,35207.39566676614,4398.437663287844,1480.8885072434032,-2233.908825837834,-11153.248054183778,-1890.6054092094123,8584.69881580007,-8122.882364224903,77327.61310401309,19937.4373389646,12482.59098312043,87630.39014713319,110208.18121665917,21685.37693766674,3854.55743408315,76261.78463176182,94586.82723110243,47.280253487773734,24232.323722775116,87693.41388958307,100911.02861618894,33697.775283717,22325.124566739476,93930.66458060255,81824.5047754107,30737.61139115635,30498.85503566605,108099.95579557699,103438.8775478896
8049.059619648382,19898.847230518786,-5656.23404020151,5195.517721153218,-22363.779551140564,4432.9607051201265,-11014.401174112932,-10932.924067863638,-10018.707308761537,20956.727734275184,28608.395341576055,-20451.327693236344,-6967.291340250524,-902.2795530834387,2943.2513140026367,High_Achievers,Humanidades,Desktop,Fibra,2024-II,15022.662658078327,10890.835609031637,9166.636205483926,-7890.3074275411345,-9105.118883439425,-5550.148915065692,-12258.434693013443,7830.474115777404,-764.9982273681599,81873.6688531214,16345.429395872918,-770.7288280184475,91488.80724343003,99355.69928231025,20214.375158753344,6075.983857078167,99856.45799086764,92419.98132679446,30885.888578956816,30342.07335551938,71992.45659828593,88546.17634323715,543.2076504261131,10683.224631653333,80490.29885358742,100330.5569788792,30367.725388541134,31659.655453034167,98609.10627974785,87240.68943455041
12304.303916856317,5986.67617346217,-2158.1609179070574,15865.240271600205,-11818.620257513048,-3205.9484694207717,16902.475663695808,20515.39977936087,5801.797538846709,19488.088080485013,28807.1802611541,-1838.331945630207,11156.916343246878,-3309.158800273257,2675.7553649032106,High_Achievers,Empresariales,Laptop,Fibra,2024-I,30853.2658680074,14757.796850033792,-17948.164469413125,12931.10743103096,10563.460346095519,-12797.222046289631,14304.185747665371,-3734.8159217315015,8790.108263479298,67321.17156858134,9663.025238415275,15174.77333777878,84149.39279982857,78281.82324916065,17197.961311199168,16157.971530572027,71157.92031405141,64782.67627497183,14839.581742933975,-18573.526776082384,71367.46149728271,78528.29881370162,29177.249943112158,10914.068324530686,68241.15315912719,77026.02020933248,14958.647100862823,18095.66148827476,72583.45538364629,45280.96865543738
25564.348872289236,11874.114813753511,9588.950405130177,2270.357681957384,-2603.6208345471528,9816.617506841414,9525.505926687832,11598.985357208354,20665.923104031237,12271.89604340167,29193.520814239917,4919.342624491944,11063.980348074529,8816.239854227424,17488.91613366153,High_Achievers,Educación,Desktop,Fibra,2024-I,5338.6650718334695,22747.534832183723,15780.693021433915,-8665.67239489447,-2869.9587468370955,8248.034889540748,-3524.542900284088,20321.48187766194,-7062.969920138456,69929.63195765771,22296.02393745693,18931.143199038837,102198.75508655814,96152.45594742612,33517.685478913954,5787.244776267547,71765.61735334875,84591.63263087194,14153.502875555248,6532.1818417207305,96978.95134553408,81172.04760863981,30322.95721698922,23478.632580947084,80221.79217550735,83418.54373794206,14030.974815358377,22110.890720929085,81741.53412590497,99208.85876107916
43282.05308995064,18245.660548084998,9158.555084513588,-3973.2779512716183,-5190.247221211509,-11314.096219050558,11195.372305511512,14877.562970908637,2109.9347395705463,-5640.830479015481,10294.986547309469,-2254.158835939532,-26227.75214634577,2998.4504723591594,-14638.551579421088,High_Achievers,Humanidades,Tablet,Fibra,2024-I,28560.62925352493,23078.555615242938,-6518.482430254249,14385.434267021164,12202.428996178065,7927.232583729733,9628.706308564244,12484.299938243092,-3792.260105094765,82737.1971657074,11053.131703708084,16616.607863620495,59745.83713099795,84130.08598329511,11871.191631516711,6431.231832612384,72255.86211674551,77285.93164794522,32163.23440613144,30868.8642580809,92107.88281895714,91424.56957717583,19582.834191889633,35818.51904593322,107589.01153104093,82056.83998503881,7932.620433330749,27448.879663708925,78565.5072863018,88266.73219600033
27216.586253433394,14635.369069123422,-7395.9662827461425,2057.237730789179,-24572.66518341614,3998.2965346817937,-11298.961935771309,17481.780807388135,3308.0525091999925,-4687.243323875514,20544.956706402434,-168.2005661742246,7700.836352699176,-4014.712208751373,-8576.907866228607,High_Achievers,Salud,Smartphone,Fibra,2024-II,18326.806828457735,25024.10730709381,-11667.792808299564,2529.7943942875295,16979.87820075339,1075.6392113290942,3421.9464297207487,5388.204365491279,-387.11685103223925,70082.89253731913,10320.933015278984,20354.129235254004,85443.64982748448,71065.79222224883,14542.087084471128,5792.817199971329,98290.8116842412,76768.84262714672,24919.055407569052,6966.830163875575,90463.73270570765,91644.2359935094,-454.7511491815967,12451.057924371878,92581.27399143473,90471.77080799665,4189.926945108369,18830.899391653213,75614.53376260806,89633.02418209854
17766.608148774107,22981.36729505173,-13931.398151364769,-3141.262645055235,7133.318062205647,4082.3062440207586,-346.8564225478085,1963.0055723197831,11534.693554940965,-13410.764037098768,17627.027947889736,-1671.5121429994133,10108.95549306448,12092.44662224425,1008.4823283165113,High_Achievers,Ingeniería,Smartphone,Cable,2024-II,37110.14459857076,19663.040126588043,-6449.551818351952,-2542.626261323364,16838.059634857873,8677.421615991214,2672.475943226376,7552.296719728745,-10924.803625645798,78792.943128745,2499.6905198102886,20425.463741424912,67648.74839265038,100392.69618375658,13663.560933719042,7683.3169748644605,71680.40990434459,59503.638749131285,13663.10092941362,21260.355515149597,57165.38627075196,77111.6049065949,12614.874704195556,28218.93024000396,81600.80172150416,72911.80369917757,18273.005548171423,24065.139350226236,85520.18656481615,75761.23044544848
22530.146247199915,6224.86250606554,11626.471110551645,14437.173245906526,-8941.19119653285,-15233.835879135597,5463.8179391883305,2014.1051371269875,14170.40139714286,467.10342503076276,39464.74314492681,7810.807955391976,-880.9563320590646,16067.569074825242,-7968.254537515646,High_Achievers,Ingeniería,Laptop,Cable,2024-I,33268.01989375045,19365.216302066412,6735.560212836001,-137.633563905527,-475.6141409591801,34132.838864560734,-9261.627326620628,-10260.713528984426,7613.843857250174,73665.86381089612,28444.910142436023,14853.848689377784,78657.69727835538,72190.63977574337,52055.895064575314,14490.605274583368,82698.34047122559,90777.1653370722,18033.933482693596,22380.020961206796,104650.25611500871,92228.3483489597,28395.97288651009,38875.79304583462,74666.08891027632,85274.78338799512,25669.313776652856,13629.03151171275,97551.55236591754,80883.00619131514
6025.776752881729,-17183.6562441888,-295.7911255904743,-10069.214868338979,1528.6763025768746,-6531.5026331034105,8371.653085279337,-19491.399449291315,-572.0387165344673,-16265.442330001875,15091.854842231278,-4784.595705203985,6858.416208777571,14273.198573197471,6029.621827272355,High_Achievers,Ingeniería,Laptop,Cable,2024-II,46219.40989397264,10944.277746575766,2085.7089967332463,-212.31225946877493,-6564.639239357957,4420.01620873234,-20412.481554505826,10746.985393738993,7487.944062593421,77820.53309151615,28753.17931009971,27848.130330838514,104894.06468645539,83949.94895648646,8674.101625299349,25361.729997067603,81099.58300588773,67059.39964289007,19260.389879298833,562.2248193018386,89279.30501621519,114832.16615059978,10503.805275871404,6307.547302812423,103574.4037409431,83811.70452310883,11955.145032259847,27412.166520914667,81698.10048471704,82407.63930742304
37293.81163234402,19899.2810068701,-2342.668943201223,-9351.380700302434,948.3442968983163,-12219.074376624349,8828.674991024967,6472.202688551857,22170.84076487124,4337.825054960267,28901.93850441819,7212.090151842304,7395.1013278900455,-1261.3856698375403,20645.695953750015,High_Achievers,Ingeniería,Desktop,Fibra,2025-I,-1762.8869142560434,11850.91284683079,-1933.5705775730976,5279.481731602487,637.365830233901,20252.818445045432,-8922.777118283442,13.497301790458437,-14481.392657456508,72152.9867344854,4849.376229555472,28880.513749515187,103183.47345138718,94674.91800416147,24431.807745587288,12662.251429885018,84476.91163350978,76408.66086939872,19758.462930417594,26794.563985765097,62344.983831689075,100197.87279493226,6553.513260916661,17917.20233313301,83820.29903371274,86288.30234011408,8693.892430081429,13934.68245195042,100258.31270687791,91294.15786201021
18868.53492385793,6165.382527430454,3250.471632238873,23093.699541914593,2193.0743378052753,-7655.444433040637,17457.451549377492,-6640.776242817047,-17086.064078866693,18824.697028440714,31768.77151059741,8040.706532165374,-7839.68616237616,12938.865980219089,-10247.002682081129,High_Achievers,Salud,Laptop,Fibra,2025-I,12103.41192682757,14178.210640315676,10050.989714758252,3435.01997946146,-4850.774420071422,-4993.608296011747,-4456.860777053773,-2513.9096055512937,17234.32064122796,89145.89711451826,12025.596122904215,28306.727399728876,72933.17890512866,90104.95780108734,33136.55314794175,13441.037563006317,106649.15021981361,95382.19379431166,25166.22062019862,15200.648611838391,81900.22573470628,71892.25464672646,32760.798041289367,21096.114204069076,94290.4077017074,99332.24681919112,25985.20466047754,12239.26857423647,89652.66602072086,98722.58071725597
1793.471121461911,8184.366484515526,-2525.9079676341603,-11007.04515479129,-6417.624346258181,-16705.062694284472,10016.708902878767,18353.023034065085,12641.380637882758,2571.238024989705,28538.258086176782,-3278.0899719044073,-8408.300465250999,-2866.3537950888945,5598.68302421473,High_Achievers,Ingeniería,Desktop,Cable,2023-II,14084.043312623857,14191.766933139274,5859.914326180571,13352.712912193016,4314.601489685329,-8905.722389961978,-6399.981278302646,-11793.8492422085,12063.815361896897,71605.84592211121,31114.42286335871,-3381.2329222584685,80674.20005129307,85422.9569405934,23991.316601759638,36619.036442947385,96655.99679012445,94403.03776065103,19281.246933502513,24713.769551500838,65250.79167176857,93645.62423864471,18214.993112585984,20130.29226836113,102785.28767688191,85976.91013992806,16150.327738386144,8224.474954180874,96914.2247579512,72764.20887605385
2856.9894393154336,4723.19930142401,-4696.545508989111,5231.83485188255,5025.162567095825,-14771.840329296412,24257.908972204106,2705.406442888091,1431.5163479139542,-12090.645788610504,4016.0828920985778,15863.35224686854,-11763.372921397862,-5738.688373568643,1274.6813305908577,High_Achievers,Ingeniería,Laptop,Fibra,2024-I,24207.348326361345,15275.369847105507,8549.90980435545,12662.859134077664,4082.4024997281535,-3129.954123143355,309.03061898428143,-866.4659692116177,11720.496558956931,73116.58624156377,6285.810961172436,18234.96330570545,92510.10293984719,92213.01334431047,-792.8302203748754,16396.487800812676,90145.9649673274,83750.81940998441,25260.271220119168,6148.991195887949,89241.73263384492,84969.85478975103,26865.279125297406,14060.15226180497,74092.56003787313,80495.00206356037,-5585.657448528895,14055.314362777168,98503.56829404934,84367.65287833297
17110.658434850822,22722.16055822818,1891.5368647075966,-17914.757037610227,-15646.87235528237,3353.7927520835065,-616.6075315487424,-19884.29310669694,3091.865096193266,1700.6634045762212,1138.1027755096125,12256.351927845259,2646.9190614327986,23403.438569483777,-8146.486918970576,High_Achievers,Salud,Laptop,Fibra,2025-I,25509.023957267433,19207.952089924675,-2510.3270484651066,-10621.857423079624,-10685.364865764725,-4036.3744235916524,-3496.9676846731086,19647.01844526142,-6212.734893600728,69159.34337472892,16216.645369810787,34794.141933347135,84905.71576226666,98987.58423625119,18949.610147988453,-1369.371083792048,81526.11430873387,90981.41652426841,23592.91878180879,47948.702960981245,83885.35964873304,98283.88361663336,13175.829822042599,2252.403095263504,88180.4532890571,92314.49074908675,15545.469577409947,24354.187106059653,83132.19992384835,93635.91157560721
23485.322938087444,4810.66530218568,2902.0360009287097,-1352.1178317577214,-11473.78969431417,-597.9782351507484,-1171.8058082218276,13956.202915999515,-6917.142110823927,4848.41113937726,16212.279393180557,-5005.680198040334,4081.5265645998034,-9530.612459395477,6475.429954040079,High_Achievers,Salud,Laptop,Fibra,2023-II,30210.926135404785,14241.426801298257,4485.970992914605,-6844.994205246158,3724.9484063971195,-1480.770027293998,-22864.76154141541,-10259.799933324213,21180.564962384364,80296.53105045135,29435.573511129965,3801.3633379540606,97861.92176010052,83525.81824853082,17206.11147952572,13230.4812197184,69089.52213327154,107117.83077576423,25809.33925944638,706.6428384667379,93903.61890345563,99145.42394135629,30871.976830523447,17909.709763420633,91618.04123159347,72471.00553245941,13362.751667810471,31284.55615547021,94105.25520171899,82867.85974889385
21777.324298254953,7150.03322462682,2212.5082162348103,-4641.148393037852,-2080.100428582916,14496.542883008597,11260.072848996684,12001.535789403963,-6020.3421463687755,-3554.655742820952,44022.36774537699,-5108.155794601089,-12562.471591878026,9978.159854744335,1606.9123977189588,High_Achievers,Empresariales,Tablet,Fibra,2023-II,22615.075242189352,39983.90655824382,18808.289064330987,2798.660415676748,-10246.172886674582,4847.173801189906,-10830.471365914269,-11419.165761525308,15291.3744038515,85779.69877056126,19593.069925713324,16977.258678341233,65951.6141124917,48620.29654343607,33183.859574211216,7286.946611577094,75424.65131751721,105177.43715166082,9057.776114894265,19130.164238933346,98054.38778562311,95901.9867729702,23564.09006850692,14620.377472686838,76314.95149342119,65014.94083160848,14722.638356036567,9340.3380329379,78108.24220001746,98938.24134741719
13785.979272913999,-412.36263373076326,-3468.6688911727433,6352.9933127089635,-6223.597503583794,-22116.90366612213,-17242.060317722506,7396.7619547384875,-519.0450000372157,2171.225122541091,9017.596021229656,2916.1862982191506,-4240.07133493154,7223.340173863926,2315.458403295117,High_Achievers,Salud,Smartphone,Fibra,2025-I,29504.851729424314,12400.766795885553,-29791.031548797513,-13698.035852171832,-5712.733097626237,-4237.852949700622,-2053.894912932396,-513.8957670125064,-6036.530031437457,84258.25289931976,18924.45681384545,19079.363481761255,82503.35095951271,88285.87796920759,26283.12365148677,10671.565945142567,91776.6058000581,82585.97855474308,32536.1904407991,25571.35385856599,90935.53835569264,87993.45937995856,26716.179828535118,4926.46396553219,71839.97139805503,88722.84429278236,18200.298207872307,6444.30394449101,88572.12833936894,73715.62905236773
12079.027678114147,7601.941610319279,-8744.478650096034,8075.994226212567,8014.083900340033,7288.534397198067,-1579.5667148264633,10495.300338084413,6609.271353892318,5235.729727575785,27729.982075981814,4361.2259300880005,-10087.561465030913,8229.179504699105,19055.79471571011,High_Achievers,Empresariales,Laptop,Fibra,2024-I,42109.586087236035,20486.058378505903,-9698.036752622214,-7693.669766611403,1944.8401132504132,3992.054160204205,3982.75816515333,-2415.8360994064465,11942.626508567622,85306.5864807779,18714.399134287392,9920.497656094703,70939.1558564246,88719.6386514218,10273.211615592621,5394.064263429598,61839.30176585682,69194.87391689105,20936.420322622238,9995.60036628256,77820.47511632855,85601.5728468908,9515.593097562945,12278.567647711938,95515.95893648511,87034.63882084914,12291.973081195465,5499.4814409172905,77183.05112941697,78746.91590924366
36231.570400597084,15255.431588700525,-4175.427610791752,-6920.938919235538,-4946.765241552802,-10846.888537649695,11146.362132819662,-10681.50443728736,-5870.644969421242,20246.3747242845,21438.28541557993,23435.273236711946,990.8040464398772,16225.849631445351,5101.446592858399,High_Achievers,Humanidades,Laptop,Fibra,2024-I,21537.172918986973,12280.512044022422,10520.458641767127,-5301.534253600156,612.8544109980143,4770.055688681009,-9188.578288200068,-8804.677527825797,-169.3537437996177,79878.95450225247,9951.230803805276,26781.728155115277,94168.91101002335,76009.02262087881,-3677.298827660208,15727.224283107518,82546.97626133372,77031.04706633388,18871.774591694557,16889.697500944923,69913.55428057638,67599.59503903228,15666.280739853399,26997.26201434827,67284.59639590143,96590.20230128709,15228.110872052068,-9201.61957311953,84187.75130683323,89716.67364406935
12258.26837295504,559.279900846439,4906.128444688626,10148.855914588397,-8556.0290860954,10785.089837315094,22159.877707299256,-15150.482021750378,3393.0903888873727,-6032.044993310497,44444.15020348693,2568.4091499924216,-17462.702624438698,30059.570775295142,13337.223293114694,High_Achievers,Ingeniería,Laptop,Cable,2024-I,8566.06838333071,14729.007183665655,6094.646510509074,6607.0417419169235,9393.79809363442,7243.586085010423,8749.662655531929,-338.8811494958593,-5519.013388285848,105670.49635077146,17179.14307547861,2725.4909575947204,88012.42146114232,95157.88751093339,23577.948606211146,22141.192723495402,66553.6708888801,93931.72796097708,7294.24366188384,24070.84858916876,93414.7430016823,82152.56759232208,22136.13467890297,22156.37189578913,92215.31121062834,82560.40071493364,9622.709775791693,26249.39239853693,86139.01410507767,95369.96587077585
12946.031340654225,13568.797860055125,-5884.330551565346,-20518.821439851654,-14280.716447742318,9818.819463584901,13073.11058516382,15572.897064275301,-9326.616390503947,-7623.174634690599,30305.00336213044,-23464.337038782887,-1777.8956304071942,18453.215915345878,-8030.592763326389,High_Achievers,Ingeniería,Smartphone,Fibra,2024-II,25108.278841553845,13576.613903065872,-4266.560115253629,581.2564953151336,-306.2936118312277,3732.656659000284,6251.072514081888,12992.490729963973,-7577.654712324764,86788.67885329743,29467.025429828012,16384.70502429141,81825.37112006458,100082.4887597213,34796.02682843149,11151.57006484057,83429.47460741304,81302.117244734,26077.367425679593,24407.29043695591,92897.73315397005,82621.70425269072,13643.917949461484,5903.131993976724,86696.07342451139,96392.14096962394,5957.1013239746535,19121.499993558962,89588.3405031294,106576.88552478177
10367.743449635642,-15862.419524878245,10022.444135175228,12129.341705487075,7077.344769785145,11680.899821640167,-6650.640545991493,-3882.257608004125,-455.8014493449882,-9088.694176030178,47461.99796996162,20421.06348643462,-1261.327753489452,22894.27798074286,-2409.448166563248,High_Achievers,Educación,Laptop,Fibra,2024-I,36144.180762075026,21844.746326341203,-7840.688190801155,-517.4364994842266,-559.8280881366883,13366.778793921147,-5653.599129643592,-3530.2750704795185,-24102.46220010087,86498.44499383788,12599.104711215161,2625.711462549909,87928.51664991635,96750.72108738724,103.11327388432983,21266.941426120688,69997.93469823201,75959.6430795828,26278.611330844207,15890.253747589499,93025.55611521656,120688.48504110455,15751.143716149407,22605.799790604862,78074.86434213884,84437.06749325525,29734.85580455624,29096.481885670477,78424.04245845905,101418.77419351328
19121.408739260238,-3164.0555375393287,236.7116992120839,-3601.73152974609,4270.957167271785,-10438.319069084382,10383.911729287716,19644.771864610913,12510.589235041392,-2616.644640442186,27895.901164271258,3431.1262606627033,-148.85682658700784,14300.729818217162,-4993.15423050773,High_Achievers,Empresariales,Tablet,Móvil,2025-I,-10333.381446633135,17831.866064883034,26326.71259192441,752.7781861420139,9210.010514602931,-623.9158755600128,-66.4868125908196,-160.30465364568727,259.05879658719766,84734.9165288951,16519.087525548282,7160.517931756955,86530.80319207293,99394.10146205293,5620.841554729346,29222.38706103681,56452.346133826126,71864.59654375448,27611.636723357653,-6672.262298935526,80593.11040502711,94093.12625209925,20804.45170033339,11058.205630042865,89992.07423497165,58928.939645835046,-1722.1113348887047,45240.18461985536,94092.0310974491,103634.37806613448
20311.39576854188,2936.1202486279835,-4272.98839953294,-3668.279672304926,2000.076955164539,-14695.937852850177,7024.1814511085195,-12169.280258716764,2124.5016203646314,8202.390539359407,7354.21853027235,-10931.683177611889,-5178.293367746554,4802.583680750284,-6622.505268004854,High_Achievers,Educación,Laptop,DSL,2024-II,7640.929577243618,1240.8865399427414,7117.810529977676,9911.647916642038,-3135.9791643322656,4665.809614348843,-1982.002655572006,-5780.411836813479,-16069.301009351086,101401.51198079347,6833.3865291843995,-5728.414577459658,76039.82397604242,87794.16261783618,13452.531818416483,23077.46247016958,81057.72686547975,92125.26709357918,919.160194574386,16245.260257631771,96739.32513111654,99026.50157294534,7721.747891131352,34138.82124178114,89415.18583656271,110865.49261961102,7934.52287500447,23724.25158317728,94547.78242137871,102545.67921408534
18341.804165151414,13359.746151057238,8947.811587238231,6869.246101778062,-1688.2847366110263,-4371.476530626722,-1152.6136705051808,-4147.338009698899,3711.2599540190495,-577.4783070830395,28615.89775382693,17671.522337481485,-374.42740263427845,8985.542103188029,-7003.581346192268,High_Achievers,Ingeniería,Laptop,Fibra,2024-I,15312.304316987287,26009.40823445585,-5553.9918047774645,-10612.556796978695,-10669.817252301362,-5447.1120280180485,8511.39946003089,-2964.1871458029,2475.1877990026096,92774.86129915588,20343.993835454356,10521.160244117607,84889.66086150512,68773.027421304,19583.209469548754,10629.250065676028,66923.83818797424,74815.09479638693,19111.368010697366,35352.098067229716,98660.2412662624,92334.92627325736,13666.597338812446,13533.912023851037,85088.06241509161,63642.85523942022,39882.9431709896,25606.60793435952,83719.83037764496,88945.68843844524
23518.46293078801,19082.744055204475,4343.0213586480495,10341.14733584753,8381.891546474482,-5007.975411355381,-7341.425697166318,-11567.819830772256,10482.421083172361,-9972.342716309831,24594.1450159817,26995.453453983224,-14738.389603584084,2111.6264491298025,1331.108672396954,High_Achievers,Educación,Smartphone,Móvil,2024-I,36797.55722925025,32770.125319670915,508.7718805286095,-3061.271593347868,3080.904368859789,19319.872438992348,7582.459111655111,8008.304981904418,-9375.831269191256,104610.22728463323,14470.307172366356,14267.895323395445,95008.63461459902,78319.69820946819,15587.651746853104,21528.64237584344,77607.18346927213,61473.67122327685,25846.456868617726,12250.721578640361,92438.6639223633,96494.60453120635,24072.71754948883,5243.050151414103,76512.46819371567,81545.03767744772,26094.546348993637,18740.98808392993,90838.92394641809,65313.73471511854
10939.302253590173,237.14308331615757,5819.3317587788215,-1030.578315284608,3314.7651212276774,19782.69224869908,9714.787305997963,18977.672321459017,2168.667875926375,6488.990914035962,22717.48486691471,2351.406211944608,-10582.426234287599,-10212.77603058298,-57.23091048288404,High_Achievers,Humanidades,Laptop,Fibra,2024-I,17210.397962029965,13601.098606054864,-17291.315650979897,19532.712812616523,4374.69451212966,10804.20471318969,-4582.749075274621,-2277.3225231487295,5893.39632616127,74090.31938038248,23549.79790430944,17307.89348942186,91457.596524475,78644.5506327532,26469.10690955857,24286.586411101434,83539.78559997468,79053.06208333668,5294.336665896048,29697.686971955,97770.40197949519,89123.49662395292,10177.354690593078,18593.54807427875,86368.42590926068,91373.32758109036,11739.310874214147,18743.92379504232,83077.5303223811,78162.0842651045
5071.991226015582,11299.101691530861,-5315.749807455793,5333.63949907595,11436.888947497226,15421.909267221181,-14543.247674002616,4880.050661843958,-15897.279232699642,-3271.126009503593,82945.37334852654,10623.125710725562,2249.086397750486,10878.883002701272,-4210.464923989555,High_Achievers,Empresariales,Laptop,Fibra,2024-II,14848.503321133641,16075.513895284965,15720.976502808036,-8769.212160848043,9092.703874412044,-540.9737206701545,-10302.27796675402,5741.25587262708,-8163.6667219054925,103887.40925994245,4182.726859982486,31796.446759440016,69799.96270894131,92646.57889471644,15270.485433329566,8544.3297196692,89784.46856280866,71317.34993826761,23732.083363908583,14915.175149808549,86123.54468306134,56848.97389748446,-232.77798301738585,-12268.250862592897,86260.84677039989,76971.99409076216,31653.97119130513,9108.898741550038,68630.15228460137,79063.47557760304
24864.016154460824,3535.2946239789217,-11364.102274918743,19645.03762539456,8237.81285183756,-13033.394089126788,12453.678015347548,14681.348426287963,9879.028174270705,-11928.059435101412,2772.0452783211927,-5182.112246164201,-17128.723167746535,3302.6670106894585,9860.876648756926,High_Achievers,Ingeniería,Laptop,Móvil,2024-I,10148.019383807363,8848.724617450422,1571.0764636064996,2519.5289967314307,7212.263508320937,-3006.086404761484,-10787.527888466395,-2000.0846548597142,3826.979977412497,91982.61713751638,15618.394437598454,10718.552466593821,100067.05495826359,82246.01499660667,32724.58427845029,10470.079250379535,90046.55904207463,86988.16870841908,12852.769257907674,14091.428590886359,67298.00323121132,85211.02575519324,18949.147115945478,25855.440057152766,74488.79475777791,69843.67248035129,9400.317166540834,30938.298332344035,98980.49415238842,80818.93242786298
21343.359347709542,-5333.851846410754,-661.1036993866844,-16327.882126446542,-13298.789149149672,1208.380548624912,1158.6231073174522,-11062.89719665778,15883.887468461053,9537.932208549053,44837.55974660393,14836.708867971405,-1755.1204072023495,12646.176762092091,14502.693547085755,High_Achievers,Humanidades,Laptop,Móvil,2025-I,28833.960132797827,8659.6857542123,15849.778058784104,7621.144748838646,-14032.320962762607,-18137.387854751218,-19377.945533448048,293.84687271473507,-7743.425463379659,96001.07866159173,16494.347981683924,20801.042579434215,102656.66218895881,113385.30469564887,7106.185868884013,16314.30349730296,77791.07990118657,71374.15969807515,9681.653936853781,24196.313603979823,83688.84855576724,102600.6042974876,31042.949737162136,23401.664822918192,91395.65660064381,88071.28351910936,9449.399514420507,20199.673766503838,86144.5259971583,87223.99147827245
32305.889117093502,23624.661377539942,11014.323454740657,5381.951432898326,2284.0988729756136,-3783.6179426652775,-10603.6773009313,3987.422128897578,16658.39333855189,-6830.079742225207,34081.43002493022,13015.965315995336,-1634.7000358672412,19359.615181143672,9826.02523413512,High_Achievers,Educación,Laptop,Fibra,2024-I,22042.982585869027,28291.563296679178,-5112.6537751665055,-570.5492492014685,-1803.3501399703982,1944.755450888916,-490.3293427613185,10918.658192617011,3595.129514098519,101926.30889893223,29047.34008382794,26052.463474349915,80166.77301922218,94325.13406570705,22991.433286261927,27145.416607898238,91221.93867967086,83532.55362043022,24087.972500802138,10319.239138685758,80083.23168406874,104405.49977617637,20348.58827286562,13760.03937052718,82005.65448559326,91635.13208954278,5094.824364138534,19487.53330219357,102256.93437620881,106613.34482585733
16610.99813366819,-4744.847672597025,12772.086765179534,5748.605461623702,13128.870352293356,-18593.276761470617,2515.9772335926127,4422.779006192566,-6071.895950178449,18202.54451152339,2958.2020533273753,-3720.4916338091925,23220.614496790284,6311.992011210756,859.1344808130257,High_Achievers,Educación,Laptop,Cable,2024-I,10003.898937089294,16075.73345329046,10545.905279066668,9715.80219818146,-6140.128306438845,-6929.435885328154,1194.1699885947507,12702.558289200359,8752.198461809296,110166.7411591638,4425.259388654902,18491.87539266907,87889.78527948908,88979.72553733844,30058.24175752703,26527.313051882218,90841.26209576744,98852.91018564592,19552.042497873394,6085.027569487558,72600.97593764767,86463.3842736245,25419.338497305125,10997.814126113317,84258.80514716034,96446.90677620374,5342.481443081737,19861.07222576187,87436.7406421303,80553.03357993637
13824.777128085663,15297.85824181205,-6176.797828595169,754.4651753490873,6992.996785025014,28081.235511512925,-7111.5076032971265,2889.323167566,-7800.588196572135,8108.958205025658,21897.328377264203,7682.56233716759,-7414.2606723526405,-2102.640453255852,10672.110177724084,High_Achievers,Ingeniería,Tablet,Cable,2024-I,31445.9946358932,20747.637786561427,3819.107072288047,9053.531892892579,-5658.323971025093,5002.336782178159,-3911.589104687599,-10004.72466672588,-1218.897293051703,91213.24764915422,25868.186816550493,8110.517000367879,58193.30755707521,86212.71152866674,37136.2395472378,10332.66377141291,90221.89595221085,84756.25044535748,3695.8982110986635,22347.45586890229,65722.07483964476,95568.10162467405,15006.554025171261,-3284.3850750660604,100754.87940350664,80980.36058034278,32308.40107300542,7826.540283099188,86705.84997081097,63337.48033218659
29559.866293323677,-4078.872968395117,12859.819891660203,15362.210164931377,3924.7189714552655,1272.7030045057343,-1292.5688172690116,18301.88378693179,10203.182641497355,-12064.128694565052,14302.737194650223,23165.5016996348,5294.482745958248,-1520.692965279276,-325.8228973139138,High_Achievers,Educación,Tablet,Fibra,2024-II,27908.509313682538,21616.526884934505,-7668.975538085364,-17187.7217649109,8742.26407202845,14274.16284284136,-4840.297431095336,10109.817987563845,-10632.248267202158,120361.86621304748,14970.023080689785,25687.586437515274,80169.45228278688,94916.82154765553,36883.96779865205,5021.465913469727,90345.48502444982,89596.37580292464,7956.106306738817,14254.64808927918,97876.29964140087,71684.71161674937,13672.787642690011,26547.82548823946,88963.42748274915,95017.40396005947,16068.217695385087,13805.036580807524,76485.7450962351,75990.00140664194
36638.98631601921,15860.788790022245,-2090.3766808313603,-1064.663057456323,8145.192564088047,-7268.032161943225,8131.6042224260855,-205.00259267406364,15972.81481903635,29368.135588345074,36867.79264229333,5076.535958503532,13890.573300694537,-2006.2576973376963,6174.11998008467,High_Achievers,Ingeniería,Tablet,Fibra,2024-I,29767.2242381465,8490.39029732283,18244.431258070254,15606.785185394316,4290.626202216883,13041.242350615552,-19210.503766079866,4028.25784293804,-4201.702719881485,105347.6206270833,25800.90343827604,13864.089957715718,68249.77219372154,71746.25018563471,16140.243256470265,22828.8368264565,84596.2991993443,99625.6261120891,10411.686641814465,20666.853373929567,86491.76104624174,104635.40657003748,28596.816362808182,7980.487966792958,83263.2459342652,86441.2718784505,31337.742437035653,24046.595751856974,79538.64620286868,89906.73433002543
15781.193107948146,16475.987216578837,-12665.237602472134,-5339.681917564365,13490.744718468064,2033.0154228969072,2260.313744713878,-5461.671585499299,10545.673832457649,12076.780505028564,21481.847471869485,-4909.668238681124,1435.7173071375807,21750.693125289527,-22649.594628874955,High_Achievers,Ingeniería,Laptop,Fibra,2024-I,9935.583306747681,30352.64114794062,-2591.8333977149514,-1168.743802277098,6506.209037283202,6912.119011859821,11693.053974577671,3358.2270938457755,5617.770080351156,101364.59216965873,16785.39224527193,5524.554611218291,103919.25476549039,116983.96227826558,192.0217378331654,32611.430356773464,83573.55330814951,96108.13284635438,3053.4742269247927,20290.48936386622,85868.56897379569,71962.14508656127,16239.50007584098,20442.910847366005,86503.65740931385,78069.64153875584,33072.61367335218,13956.293646829126,89473.22554057771,94876.24663320389
28282.49929284148,25069.93793734386,18336.36750659049,4997.762858474815,-21343.711713645287,8213.433863913344,3446.873110594939,6115.430736489014,10227.982519391515,702.1286128304255,9471.15670088812,-7735.757094131083,-827.4111051589502,-3680.608015686441,-5452.276211216774,High_Achievers,Empresariales,Desktop,Móvil,2025-I,18650.694024523502,20718.734122697653,883.6517424761261,2943.7534982968873,6220.373730631584,-4596.363082592521,4351.084766367868,-2304.4765006067355,5659.871364701199,101411.3537755132,13892.977172556155,14581.403400243471,99604.97111493886,104781.71695036431,10550.86052729684,12757.584943485956,94386.48331307029,90884.28274500514,7464.829156320306,-4659.180123506161,81320.92513338667,83012.57509876211,6034.916229391865,15718.595672364543,80047.37725650369,75253.79574174025,9239.382845712202,24778.69440286274,86184.48016954624,94254.90967549631
13830.908547219944,15012.340964714418,1594.9754232992684,-1154.8156612959738,-1115.8892051380117,-7724.580430178908,-5777.885684012159,-402.22002294810864,8147.170696658503,-12037.348704683118,42580.85668844991,-2857.8414311809593,8152.6443772860375,8426.430369732432,1517.792493696912,High_Achievers,Ingeniería,Desktop,Fibra,2024-II,12842.480474270884,20269.840773236334,3990.2421369935932,26388.697153605528,-4017.3838009200117,-10610.597715293807,14994.426868959457,-12607.515164011895,-13435.55484408644,94415.67668066028,14700.400439362993,21301.536454204277,73350.99282032481,92253.26284314909,28338.058051663444,-3482.4684371253825,73826.73481932963,64126.915709220935,10745.196880713918,19471.159132374996,80091.50330444532,64511.49910950107,32173.080294532978,16906.15576289622,86452.51373580923,78605.20811105079,14349.545282697109,1974.4714291853197,95380.74160577549,100932.49865308231
26508.421613164162,-9730.944158596845,7906.591948774511,11983.212502037495,-3931.1084090965333,1074.58904746631,5131.256094223794,4977.265000154612,13575.983680811401,22196.19168342935,24802.26069792806,2040.8364457708515,-18551.482868830553,10259.675822535015,-7211.696396145871,High_Achievers,Empresariales,Laptop,DSL,2024-II,30675.85965512762,38779.53458429099,9638.730962682286,6647.819925968306,-12163.56799915574,345.23461920879777,-23098.957442766732,1947.302677117841,-2095.185348483513,104318.97516569741,23930.440927901625,16458.046203028134,87223.79405529855,97077.56626080604,17421.32165296367,6521.212442159853,76902.34023375274,91562.38981159271,16718.840863306297,17894.026031294154,68437.30203331911,99380.19221835684,7287.733804607851,12885.352279039278,95031.11365281536,98503.88248366419,11832.399673780994,25354.509884129508,83668.2426355864,95875.6657565975
21511.555919609054,7914.991556415483,-1429.6576081774806,-10620.028430604762,4302.767118927695,14218.676172534344,6124.873980109203,13354.769895958358,-8134.542395832063,12828.10517166985,480.04890429599436,-16101.756147691358,8045.3007466378385,-18175.283724646135,-6771.636682265416,High_Achievers,Empresariales,Desktop,Fibra,2024-II,44797.7366971317,34678.23737462989,6536.090914524801,-5040.367217650747,-8697.150521843389,15342.347693996968,-7186.898001317955,-1106.535506238226,24071.009980971034,107106.75993490682,17235.289340133,26358.05093503397,77632.90209838717,67097.15403652085,26591.282717243193,21110.216811050912,71940.27152966449,57315.460135866924,16339.811551918716,15931.07656250265,82528.88562515785,85810.81671076141,21982.726175793578,22634.25350290281,88631.15874749451,94304.31178004868,7165.716342280057,8678.177436370055,96077.08268845914,82170.1340781934
20932.89655509068,13460.029727192465,7079.79911187928,-6679.714852425319,22638.313730190952,1589.4047773230038,-6568.475063956517,13392.124191098657,16554.532248604628,17856.172893554518,18916.599780612523,-1723.9800374921897,12093.277065479979,11800.286384838058,6703.451365312367,High_Achievers,Ingeniería,Smartphone,Fibra,2024-II,28426.76119748698,3357.9400994063544,824.7117167631682,3566.5771755325236,-13478.973822889886,-453.38500090307053,-14783.806047882745,-8781.972123112031,-8119.750812275064,113987.499135345,10545.689051081696,12178.825707850556,84109.76374418553,70073.42559528169,13272.136862930836,15606.189753652332,89839.41386987374,83719.78574929673,20180.748762851694,7199.821564412456,93955.65534422033,105522.59059133816,23848.052619603564,13946.107506706514,71366.31897610205,86161.70263604508,27897.27441708069,20368.738109644437,81791.07989674162,104097.93157754434
8118.213544967635,1980.5115963629742,-3294.3936317328544,2346.792225854955,632.1818411767144,13648.7682686855,1281.1000007969283,171.23038872929374,571.375615669851,13211.186633852878,33059.68291816397,-1874.7173641469153,-750.1397833970404,3460.075617578295,1234.0930639412547,High_Achievers,Empresariales,Laptop,Cable,2024-I,22915.427549186214,11187.991799039173,3603.028240987284,-4053.904187036709,6684.405403637021,-3885.0383286031597,-8869.3460305134,4759.307624450967,-4426.655880082395,98915.97126830304,22623.915898146537,-2047.4843927349175,86489.50631593533,102476.89517559238,8196.443315190654,22884.353244182166,87445.99810480369,82189.87800231153,35356.740839678096,23814.091722862682,98343.90335134685,103103.42410463201,23255.635873371077,34685.67536558359,90338.16427548025,76179.76077017529,18228.31323902725,13839.970261875518,89953.74630200864,97912.15795044597
30943.930663656396,28362.405364140453,-8739.124447968767,5747.71453201734,-8982.810720859601,4128.003742591744,16907.55133030151,-22697.019417888372,8380.267104217615,14655.240331588982,19376.712893871605,12189.879835337095,1888.5188144607214,5700.80431444953,-7919.681735802805,High_Achievers,Humanidades,Smartphone,Cable,2023-II,26172.31954786962,17764.12858915819,-7968.18969007395,-7409.501630942914,-4389.125017998307,-15383.99289800328,-2390.0968350013127,21384.781740688642,11959.646904051146,89855.16316343608,31161.009099880546,16639.67227295819,83767.5764392655,91607.8556738756,23493.842642398366,38884.32345667643,85714.82930243616,88264.5389507715,32983.07797286872,5837.657513086451,84443.22632795013,81278.12714422426,3597.6884306112333,5525.814744787618,80893.32124070168,86046.40063485593,31588.281170975697,6819.578816400795,76132.99643161258,87469.93911098523
21249.550183617648,9413.185222822834,8770.946668800894,-24477.27706544585,10385.600061188881,17392.43854717139,-6338.491692436234,-1882.2948517233622,8039.056247874401,12599.593742991368,20851.12830333921,8359.161916683694,6208.482452669529,8417.081830754698,15608.58992269977,High_Achievers,Ingeniería,Laptop,Fibra,2024-II,41154.30047392157,16666.417764503425,-7180.690144982533,10885.700548091063,-9813.085864951345,4062.627847628744,13803.968376104232,2907.4646999526008,-9015.134406262441,105315.69652529265,21584.040277885237,20211.728423341265,96615.79213631956,87587.27841632502,15008.812225978958,16987.20109612389,64431.74317917733,65256.176513067374,6890.600046758798,27986.410345435626,74287.16912896383,77175.5976784279,35154.02966401093,12703.709447363959,87295.02662354206,109603.32822730372,22288.92464238444,25477.971045412014,76335.9532325295,76216.51419651153
13143.15031729506,2416.725252644438,1678.2833810899665,-16168.70152215251,-2124.1794243070754,-16707.15069736077,-7515.83820169432,2593.5736760500413,7313.027751197259,-16899.408437195507,-133.2027291875129,10501.014164254197,-6566.869785291429,1593.0141279506197,-15693.74652241194,High_Achievers,Empresariales,Laptop,Fibra,2023-II,17605.386304979,16131.367685724452,-3794.085090072488,-4089.959995552322,12197.201818165257,-16677.37497254246,-10522.982195821882,-6193.489911691627,-5396.757327930303,129153.61705164735,20516.155524193746,14693.71863899363,90697.66261240414,72558.93452024771,20634.09093442247,15971.98348632584,82651.72598433471,83020.758916133,23570.703602097947,14515.179900039937,73335.173699832,64196.05849573054,34251.62439356734,-3299.073903849614,79416.08075926852,59162.78593243372,25306.342267570744,19992.16623890839,79986.20274128368,78575.9267903998
19350.64541964615,-318.3716146020706,424.59428618635604,3601.3301256310874,13576.895862034107,15801.863930063811,15699.210855955818,-10501.727365345498,-42.40928344021859,-10771.264883385367,38749.52900598392,14479.816461598526,-570.9228050177314,24018.440086816394,6795.334053640961,High_Achievers,Salud,Laptop,Cable,2024-II,18237.468091862225,33801.22974234767,7491.3181467964205,4071.3171823353923,12217.594008638172,12971.015417997252,-14439.171742362078,13825.155841750608,-3353.6091520409927,108575.49707259782,21684.13518031911,28794.489519968243,82986.77205478202,88035.67214916841,4898.658133296822,18209.0576977571,76643.36789987661,85222.38552621259,8359.039717229052,28406.9732816836,82876.21584072425,99539.81655179609,20444.970562249277,39663.150544003554,87502.34792060472,96928.23519910328,24404.928004820824,13968.044023580436,89018.27406735555,90001.10280801123
13033.125580700605,10049.694604490498,-4074.2159032886484,3696.1164292839194,984.9586052491304,-2521.8670426967146,1454.351788805859,228.81686433487903,8319.55539321437,-11577.210477680052,37869.37346177164,11749.322232340928,-3657.8459101600356,30896.01424299161,1813.7294866984298,High_Achievers,Salud,Desktop,Fibra,2023-II,12987.760084641677,9210.688284646758,-3874.9951345790914,8024.8793184997685,-2739.4497409890314,581.3951456332014,-7941.908119514533,-9704.741071123104,2038.54193267599,121933.96555852646,27501.628682703806,15068.035924612726,95331.29135835265,91681.65796274261,32341.33964888437,-4353.4475349586755,72972.64201674247,77817.21736930394,13450.51992548645,10546.923903902358,83860.64983049709,89522.00547470317,23970.51278113816,13911.19656441829,76042.17005359555,84548.64793195174,29040.868177495497,26118.043574268217,92668.2595377521,79680.9333304752
2520.035419228927,-4493.472641300151,22188.553564116763,334.83594321572946,-594.3290380448349,2959.6920099794743,-5356.4340035654495,-6246.215761300562,9474.895970883488,-4384.659513194464,45257.38491280236,-14617.072615471288,-12705.853139460669,-5512.036616432235,-2223.5850994564885,High_Achievers,Salud,Laptop,Fibra,2024-I,15097.770131892376,16252.806747145874,-4174.384593078099,15211.439686031781,-161.478362361783,6179.958650844253,-7055.441934133162,-8595.076884568452,9285.933732592597,112246.23754448474,1436.2667197986848,9432.433567752476,88730.35577406305,85266.7439469058,20056.387995037603,17669.930724777027,92062.40330951766,65913.4299539562,18432.030808157015,6071.81126545848,115735.83491360734,80304.3597443849,24726.68464985317,17213.70646393778,81487.70135969008,69509.57805017506,21874.63055861047,37856.900667768365,90012.16830250078,104961.59653373067
29293.834058602548,16520.17839216663,3165.1523173948817,949.0440847146092,10566.509278702615,9451.57701032943,13041.695085530293,8209.109994179536,-13550.16951451185,3972.192325669791,-512.8678046437417,5132.918791470469,2115.809733307203,11769.625154853788,-4739.980318003663,High_Achievers,Salud,Smartphone,Cable,2023-II,34149.33503374954,21865.35597986187,-10093.91894490234,-6424.876754206575,-12657.998708664025,-4771.373134936291,-2388.8848801630925,-982.8661091344691,-26036.47679290522,117621.46334415063,29162.29173524108,20622.30771626228,94908.52725573124,83165.19109394417,9556.761236417176,29991.69854336417,74736.49282915008,101878.9478097942,-1857.5139674356396,11937.19243582444,93721.85682930856,81804.1626790961,10610.322827935262,5901.938064885906,97413.23628022893,81763.14429400147,14361.993432274103,26839.09749527323,86353.86472691689,85177.06970303235
14776.433514999286,12151.776354485472,-13819.139551836384,772.8109907192868,4066.8385104661193,-932.6965449242891,17011.045862058854,-1700.7200445242388,11083.974008266116,3577.721979715436,25426.21418829813,10273.28950165006,-16882.240797833958,1938.3401782560986,11566.902391362377,High_Achievers,Ingeniería,Smartphone,Cable,2024-I,16169.055091485487,20454.71944012915,7319.887790384101,11564.226427017225,37347.45846131482,15811.230657794858,-5015.7486608901745,-4891.15909740541,13712.935129078207,119451.01634778542,1428.1442276976104,21037.211012061398,94401.87359492746,105869.38231422061,22814.116570463215,11217.83974025586,84254.47875416363,119681.31146062439,15040.698629049013,19189.73287946946,84781.31307109635,91876.79162112557,-9539.979857682923,11199.597302706694,93334.81158116857,75846.51304187845,11901.95286980387,19104.064755270687,54721.49415324816,66105.68183220568
25637.48597511152,9915.732627475882,6406.056285849079,1437.1004114497182,-1281.4337823735245,4277.264228701563,6647.785067024741,31943.229503381306,17989.42695578182,-6559.2875520958305,35632.25945181322,11021.0581183635,-16670.04710184855,-7213.998429289192,18339.614885543473,High_Achievers,Humanidades,Desktop,Fibra,2024-II,13483.530804290105,15465.302644407187,1705.1665044886167,-916.5993024305315,198.8186553606049,2223.038546733685,-387.4518316516133,4721.800112422019,7752.804001607909,118353.27321624728,24684.57148129222,28903.49475749977,82429.94905392079,94057.43627594765,16245.446216211561,29907.093441843095,97092.17124958498,65760.50853453478,9411.863317068088,512.471702853094,83224.91251305798,63273.02147722222,17582.244154584863,27331.481275837818,99994.6558244605,68083.42230770961,16624.608302574317,18516.280947695526,97308.97252548841,106413.87297958555
16579.114085471567,5678.092777835333,5233.640721508429,7939.218813714277,13726.429961806794,-4327.442830874271,13393.79692371597,14356.22465029337,-1688.2619482048185,8076.323294077878,20891.23692138624,10880.65370568656,3217.410872159477,-298.5823061471442,11187.930373879952,High_Achievers,Empresariales,Laptop,Cable,2023-II,7306.822592222994,23827.66728857124,-9398.002438733816,7061.817275301369,-13405.248930258327,11981.344627039136,15613.0108613024,-13226.96837181085,8027.789177221912,125604.37862683598,25122.629874925795,2125.9282971810426,116126.59917520211,66758.77739289806,13254.69155543996,18764.456855374123,96761.13566248867,87755.8526530803,7673.90176560978,5310.73719886113,80853.53489033147,80519.18882346782,32392.713231405272,25914.107453743163,94383.60364613151,94531.98340967459,16939.613743096517,14806.994446368655,109124.59925837812,108141.31702833928
26340.158296415095,5692.926766686058,3192.233533370705,-6861.35515396189,7901.952765601021,4318.9139007208,-2011.5597264433172,-11855.171252085669,23840.135069332653,11775.989914991933,14338.229754609638,17401.319202023897,5243.180174146639,-2413.4986201144866,2244.9917134418606,High_Achievers,Empresariales,Smartphone,Móvil,2024-I,4780.694049827267,7062.943462345636,-32128.95445164723,-11437.0519563453,-5132.864385477309,2016.2901262481505,4343.3518946492195,-19265.319467573354,-4865.764568274,112377.062214043,2610.0031306751225,7003.28994972464,110248.46691167937,97496.79778352128,7791.485068076607,10670.07569762248,112411.79638565562,97085.33335433854,30735.999368474288,30513.518054863544,74882.63376597989,96490.97124477157,26687.767677513366,3610.078379636636,92402.25835639295,82568.02461912468,11961.009512583052,18834.918528297694,75921.00461926294,84166.52409658428
4810.447808664247,-566.0275057636782,7396.002856707543,-19928.928621490555,-5442.080296565448,202.93824309468394,-6945.946781067593,-4109.7068362843975,-5270.023413513552,2196.137529873462,24249.220539440354,-6630.156314829189,-6838.52510508204,6280.546356857831,6552.4924745126755,High_Achievers,Salud,Smartphone,Fibra,2025-I,23351.633762893693,22099.434361686377,4118.693278974782,-14694.45772257071,-16416.996990201438,-2893.77005640072,6822.352415748938,15536.673293297943,-10668.791020260996,134730.06513855341,4606.245861541856,22569.84245014215,68464.34827227249,99463.88760907938,16184.159613702806,13295.63089206442,86393.63256653908,83353.45833336312,15904.100886243561,3461.054554265036,71201.88471997494,92978.7480151893,13297.86088021195,22999.72921579796,109394.20282824746,94911.73783798509,13001.171528837049,19668.922533796667,102181.60632489537,127563.91410303509
15571.613096779314,149.18236789787443,-678.2178635559692,10845.791871875286,-4259.577721631358,3569.0357731800136,13016.31939968654,13918.531583851869,5239.366491351735,-1498.8113216499892,13835.590458176417,-5500.216274296162,-2341.486631123289,-493.36363882898104,16133.499323947264,High_Achievers,Empresariales,Laptop,Cable,2024-I,13314.42192506687,2706.7057820610517,12523.873510235278,-3471.488542002723,-19697.56105849623,1605.3617848748195,-4434.347927858381,-1287.5465880139884,-10691.512822454575,94228.93669715985,27014.09418098575,9291.399097961883,80210.83917735015,78598.39569326169,8937.668205462944,5202.478029853117,82224.57424533063,55450.37636678191,5681.067408878544,24159.91467763019,91219.61968212372,111528.48801359096,-4453.97861083367,14901.595061097072,87153.30112013656,108365.43859338539,13347.67301376348,19701.83881659849,108311.56133455921,96933.42837650818
20519.193211795297,-5523.211733726326,-7788.115482416721,1959.7743309652747,2194.481575340578,-8666.383975518142,12698.287029583851,138.5239434908176,11652.325359338087,4012.9924649508066,31150.254122023285,-2246.8497563419733,-7839.872681996673,-1233.4291510103612,2821.4355359183483,High_Achievers,Salud,Tablet,Fibra,2024-II,10834.361647362004,5773.136596353817,3100.7235278840544,2198.0622761240443,-8211.498604299099,-337.19830909235964,-590.740304938724,-16978.9685631339,-7433.0782065328685,127993.53313836556,-186.0445132970035,16638.541442086647,85847.76654270363,77355.76147496315,9340.410645556429,6675.94868943943,94146.117328299,80249.12545901611,5879.551431215808,24422.761259212213,93382.8532704103,82191.89999328843,23062.238379645,5519.943640291893,92983.88396850982,95516.34398966904,38003.95023653592,17358.921303535357,74031.31053619803,71316.98613270276
17507.443043501942,-7476.684755942037,-11222.444499009314,4907.74072953669,-11078.953028870046,-18111.35155334138,8973.715149958656,2219.0455558271874,3863.8008109130196,4116.002545064329,23744.631184438163,7949.459094903874,-4995.78765938764,-6384.693015933639,11138.898454526188,High_Achievers,Salud,Desktop,Fibra,2025-I,19237.753213435913,30273.44831299095,4747.128204930281,-18241.6108266852,-10427.421570296063,-11653.87552804672,-11431.491157160408,-21266.838243121725,-2470.4098854974877,109991.08626364935,12363.068810879324,38441.54668332711,83023.26914932222,76572.39109124042,22874.408423957022,14125.861476653592,108331.99339826326,86881.20858372061,11971.566717907499,35231.41145503933,117852.18452621404,85769.27643621342,-7951.752384732954,20887.48571913051,88544.15917122501,80622.9712172982,17051.137490100948,7454.57347691002,92501.35795230867,86733.65248474762
8685.245974665078,11908.361748682317,8255.404584113496,2401.2495742780934,-18029.3893736581,-5173.098664950192,4650.978812317641,-2796.7645245455087,7245.07311990131,-8407.246749778731,21886.23057287993,1617.4999139853858,14480.44754019821,11156.062143082276,-19559.597583280232,High_Achievers,Empresariales,Desktop,Fibra,2025-I,27367.241514562156,20794.54973859506,7878.043946206124,-27245.26652963825,1976.653684045509,-15935.012240786366,5026.82565012397,20047.461874561875,2171.716283691055,127869.70580574215,9672.673618900162,-1396.4325093629923,88582.84740502303,107852.13999181947,14066.984863583235,17324.702238829006,94758.90362304906,104314.9607736407,28911.575600673546,31183.582713952936,95199.0526154357,118189.45238398339,3525.860842142225,12799.155343956663,94153.24342062762,77264.86734994092,8367.61692988203,24481.170166345044,77569.181579917,96070.63719163761
15166.611084011856,7929.582666859709,-7155.682426343969,316.3777734778098,-6418.562444197231,-6478.523642224474,4788.107888963507,119.22804321845729,10237.525365696307,-16878.958728162557,18002.569309291142,3250.5047571562986,697.6837688384439,15435.284727694343,9685.488569954201,High_Achievers,Ingeniería,Laptop,Fibra,2025-I,19467.71957950048,38220.999544815684,-17642.013060184374,-10241.824594651533,717.8543308822927,-15918.12834541877,-919.398164010717,14788.699098448482,-1567.9215329054518,132570.18205331507,16408.715250194335,24215.97622372263,80542.41888257035,84775.63207904644,21457.045903064052,14913.210484056945,81269.87883368546,80295.77425584609,28090.844951047075,15013.476899386575,85063.27441976193,74878.56757835676,9481.717531062117,24510.004436877567,95156.54460268668,81612.5542155349,25766.809163001384,11456.410186403155,82734.0842533533,95793.00577414101
5158.431508592537,-6121.719228032808,-5259.481143956619,-353.1298046498289,-9772.272193976138,12926.13837808254,-14291.492863101306,22105.081839123253,13045.018287380148,10104.51548791216,16138.722637088245,-2896.500653988932,10602.813466809841,10654.010036519563,-16455.482965222975,High_Achievers,Ingeniería,Laptop,DSL,2024-I,8942.459986380592,12791.826793868846,2682.7945669525043,2170.7779155659955,-4877.55220822624,-5313.159089022557,5734.4762954394255,4234.902133359224,1716.9169904264427,157534.4171711583,24647.415651968775,12951.228826645312,96816.22740411079,99298.46768927171,12138.522539124098,-11718.818956808456,103619.73670478031,97671.53487365542,30102.699332218646,12451.002319437626,97508.70335242589,107473.79998216974,20624.570561748453,11134.424252529372,87767.85649072393,67091.52611110668,23098.622612996965,7490.48620508286,93785.6865298656,99072.21345094615
16516.22667599973,13936.378858697626,8705.176865238263,-1437.489632926554,9686.482112699388,5671.489422987219,-727.5471329428947,-2008.4961640221877,-1181.5935809954053,14612.807807604608,38855.27224269979,-9078.83033200615,13157.8263666611,-1448.9532201351758,3255.089436455939,High_Achievers,Empresariales,Laptop,Fibra,2025-I,30145.156917586173,28151.39994652629,-1275.325886019311,3097.209047940979,13307.30993998577,-3006.2461706476197,-6194.2746211216845,6597.912742272771,-7854.989076181357,127127.77694120164,241.33603475943164,32218.512186915737,82122.89999294457,72753.9623207775,21756.812836617868,16601.402956654645,79129.36654373485,88553.92591223426,33491.631681043604,26096.965287947885,93269.70190068046,107774.28601982628,9206.308860200781,15786.784834576754,80134.36182148356,85552.8671138729,18699.57260661473,24125.768097509605,101013.62542165261,88732.3149350425
22441.678915946744,19507.18302119713,-8169.932788227299,5844.126689671,-5422.760778221223,4961.969297741353,7633.414710665682,-14675.625773609485,302.4104167288351,2348.0074349684905,26378.463933525425,10072.223352259614,4235.301201342185,-1747.6037709103634,1614.832722169715,High_Achievers,Educación,Laptop,Cable,2024-II,23581.783212640003,24550.643286730967,-7755.250116976702,-3034.6341085077624,-1215.0861921672408,928.038717490012,5476.059822523939,-742.5235374505306,8937.449892618199,124872.60607098762,8420.537972077667,20616.002898343497,87935.29852304728,86882.69998825536,20372.90162643225,43900.68968428651,98703.7731383439,80712.24069933078,26431.94786880821,29836.649632365115,86472.74052762284,91306.5290467389,19084.664359841863,10871.636421846055,71500.6078901079,79931.97261450936,10864.33607775245,10056.964923400988,97389.51970103756,106672.77040219947
9244.669613452565,-2350.205434841726,14757.60203522024,25801.810803358112,14223.28896864666,13144.995490896037,4703.45929695043,-2137.0903060741084,10444.573438580923,10116.37977310755,24576.747312932708,35987.79720884461,11868.804063092733,-7202.146213271986,8326.87740479903,High_Achievers,Ingeniería,Tablet,Fibra,2024-II,23334.84929802442,15410.769363815716,7850.228566805361,-3748.8616802580104,7306.371583226811,11573.775322127234,-5946.030779104062,20396.989989826998,-16754.31571183128,127197.66149442049,28400.52639061257,24541.966026479247,100078.6736240784,102431.65839277492,15483.887807507528,7608.9211163738655,87824.45021520117,89955.17132104031,14054.65787161063,995.0392311455435,88119.85722359817,92383.57059403484,19831.3011429904,-482.43985066349705,112426.67898734073,83971.69731647981,12429.015698073277,11311.85451153186,80231.55278115989,78434.88970383597
36359.40566436417,-2159.307650012087,5645.87954927795,-17973.75906841427,12916.903245863961,-16140.388905736087,-8841.805099290643,-16748.972571783743,-5437.230896463301,-12978.162367933575,293.57237330669886,21847.76359834809,206.96880598508096,-539.8342470209168,5413.27974178841,High_Achievers,Ingeniería,Smartphone,Fibra,2023-II,21456.058608238116,14924.466868142543,-12520.069256382047,-11133.33593750182,-2540.406645731086,3733.7393200504657,1836.5267811519127,-273.2410806643521,7621.651226390583,144844.85311958962,26594.41023877281,27799.63271968857,118866.11214052203,89186.47281180456,4131.8250634302,10805.327002758026,67498.99275967157,82152.36222359694,869.7668550571798,28814.477533745237,101875.0116464199,107003.96086824496,23525.69507734938,23137.51834481709,73241.43921809811,66866.67686083166,21102.544314111183,23856.69306912872,92465.30845638031,87696.51786176389
24755.462970919834,-2979.8141161267486,2297.0791767483292,5141.147133053434,-3155.8629964662846,-4937.754729823759,7015.50052283054,14871.422252072041,-1343.477205641866,3614.222966927904,31479.56075632784,-427.8154207045336,4842.3415170970175,-493.1584225876004,6108.442665892357,High_Achievers,Ingeniería,Smartphone,Cable,2025-I,27807.691995232475,21089.87658656959,23349.047482951948,-1293.5196716380462,9441.214873014482,-6218.095038528789,-6189.910223645841,-4005.8030605167255,-1153.800473246123,146650.15476971216,18954.952731356516,31016.999378615405,116621.03089270329,73912.63182491418,13306.876338714119,18325.61686522436,81806.55376921601,100389.66193456776,22798.78759486616,34477.52329448174,95564.01519730304,91333.03960778333,20272.682823924268,-1257.4609017566909,92916.54322780755,88171.72223734905,36447.16738449434,30036.139505022205,95884.62425163698,90679.73602816435
25221.499722870325,14365.530660659586,-7652.25409489404,-6075.491874323415,-19489.713637443314,23935.6582414086,-24.326335345492225,324.59699242305874,-419.7385126761001,1495.9246708132932,31426.51813806187,-6432.029947376481,-700.0135321029784,14231.139591245248,5385.485883253917,High_Achievers,Humanidades,Desktop,DSL,2024-II,4711.646703438088,29323.22309145091,-13419.074858525255,-14947.481942682409,-441.42850222023174,-9694.494766520551,7191.156234067853,6722.469711260647,-17617.973100046172,129643.13390416162,2732.6960474523567,8340.8476264829,83243.40771642752,99224.7258983599,3860.9828989901525,37179.775416951205,98226.11435188157,99058.85397152662,24812.16889506203,31802.672088896135,101681.78518073121,85733.57620777893,22149.150999180107,33684.59887311207,103051.29902165988,92009.77841781844,35860.190495797506,28413.745606789496,65557.83323625106,101513.27558040722
18682.946208711073,20469.46767650503,3246.504487237494,-9699.831402321073,3874.727550075443,-1588.0233650602258,-16157.106827314963,-10211.043076245087,4539.091303847929,11068.705096485659,16586.06011613016,12072.624063308174,7721.163823873076,247.55644951595292,-10410.789731853069,High_Achievers,Educación,Desktop,DSL,2024-II,21028.740661549484,18810.565975346788,12038.987400191756,-6229.562570328631,-20667.1398242574,-1451.070184144757,7038.341978659052,4842.926310383438,1625.7359122514895,122543.41564118616,16302.66101232211,8473.378848213244,76077.52519343163,87175.88492560075,17642.916218111168,4518.836178511809,73341.79773286147,93172.8748078543,8931.775052836532,1329.3012992426084,83482.78325221984,69850.11737778354,-7328.686791902526,10546.424848013727,77180.52989214165,66873.10564611151,23486.587536046885,20858.642529108427,100113.4765440109,101323.65344672519
18353.338443294695,19924.839773442618,5033.826921954998,2846.651311167946,-5519.669319509356,10783.847700529128,4032.5804907133947,-25992.50529443951,-2532.2095153337395,21353.524631375498,23856.40632973628,5797.416683944118,1649.568521071774,-5428.545485698737,4340.113242439518,High_Achievers,Empresariales,Laptop,DSL,2023-II,22607.49304749041,12990.000667121916,-6461.576345810443,-14591.783244734588,14169.772338465056,-12655.782707499951,404.9250052627235,-2298.3911509390036,4793.160642804781,138608.3603892291,13775.790990330996,17714.205480299708,87140.77983127712,89985.03872351548,11905.581988632217,11229.586017474448,73501.74997928037,96503.5689620765,9949.489763572754,29522.51775637021,90626.52790178372,93442.96657289816,32991.61133114358,25866.910329647726,81024.15059355555,84743.95687189573,3477.6560914462734,24592.304593750425,62165.59134602693,90976.7202719762
9209.867085727969,1268.5220911629285,-9551.445183713811,7911.37959372189,-5624.043201105701,1035.6669260000967,3094.151728519853,-4615.088242296306,5338.417742880375,-2247.646041564602,36361.62096536517,-5217.289235058221,2273.0534776090617,16903.23464314619,10058.61518988265,High_Achievers,Humanidades,Tablet,Fibra,2024-I,28835.299867826798,27572.65003135507,3105.0945401811096,3293.874618348036,3239.5078578197426,-4524.638846005898,-696.3793062879938,-7611.28395216327,-9865.426910576776,132044.99276052605,9974.707835173944,16366.65005624415,81416.30320213217,86242.6329090115,18143.403595622687,8902.105154763107,87449.28424650662,55910.20341005757,25891.843484921585,17647.042301193967,81960.9681695906,83164.9037387723,25189.000510830854,16055.166976143484,67340.67994024497,99433.10753568888,2566.282351880216,25880.001836718828,77895.30561165129,87632.68793062403
15125.642620666798,37301.21288761651,-14239.467522496294,3453.7814819569076,-19584.928399364067,3218.417696004756,4852.521314275081,15390.422474414512,14113.96897707743,-3085.1500119693783,18194.72395941766,19523.863647487015,-12798.14822686875,10446.14472258318,-21020.175841338107,High_Achievers,Salud,Laptop,DSL,2025-I,20867.755748402746,16515.82629951538,862.2035987720528,3959.386031650111,-18978.478426225014,-10350.185303328419,-6444.0306141448145,2949.0653006027096,-13839.05925180172,144061.26932301495,15356.277583186647,21623.020254332165,74625.71347032739,77683.12545593957,31989.726352570207,18620.256983283027,84639.8022708889,100853.39999488805,23269.791512422475,18142.22758094507,84895.87364235843,82543.24224770916,29832.56783764672,14038.929301283417,100432.04502368558,97574.69945247614,43595.08289850329,1504.8443045201439,87072.75588538959,88074.12614843769
23606.781090800472,19937.757995344196,6753.484629200757,-4920.077318672435,-2134.0230568959473,10091.444827374877,-2805.378866929448,3907.6040301343332,13528.523561262838,14588.190291847299,17093.23312137163,8228.94679042534,1507.537943173331,-17283.435443869304,-1931.3225307586763,High_Achievers,Humanidades,Laptop,Fibra,2024-I,17656.687492469446,31683.22655846249,-468.8702450789915,9786.23356779467,-4523.294395295343,-5886.599172638558,-9000.30600846204,9361.449688824261,-3009.477354583907,130600.63416699848,7949.006139148281,26254.972516934075,112500.64422674869,108616.7504036719,18038.4772143298,3340.659976312876,91046.7258028782,71943.05538828312,7063.907413710165,7640.582559418801,87086.98867474875,89845.9521686761,22534.946682777725,42773.38919051383,88530.94388438633,97625.01615882755,23613.45016275822,27561.870537833638,121365.49646879104,97384.27445936723
17325.51472651417,7450.109982926624,4520.795747085867,8004.737938225875,12222.10271819476,12635.85326997325,-17676.935883181573,12326.020594908641,1042.4194888810762,9848.327653925644,22758.91047176109,-2788.524613898876,2341.4999186717846,-6141.969149404013,12395.049048936953,High_Achievers,Salud,Desktop,Cable,2024-I,28811.591784947606,28911.227273831042,6728.081900591735,651.844922435764,-2156.886028183802,-2602.6492193030513,5171.276287038496,-2818.1799250369672,-1581.5681952527975,134335.8859820693,33960.60127507048,9029.717381853245,85418.13871666575,64299.44897427682,5790.0780051157435,21637.28552497395,57610.72587935212,80504.11173554942,15397.120252712255,32575.76783063326,95958.67851443005,102370.10445550371,23782.26587739072,18669.47631249069,93096.45945928912,86467.57551674715,7198.061627913672,12801.724743054181,97482.83556875426,108309.2084194058
11878.572860962457,20660.16956188264,2824.130541832811,11387.391309548786,-10164.07380126991,3276.0185400076534,7650.399573240082,460.2802387044003,1727.9921996306043,876.2434556861699,38344.0491643996,6066.262123333422,2542.8286219635693,6983.512132925819,9288.114666430618,High_Achievers,Ingeniería,Laptop,Móvil,2024-II,32456.344466595936,7033.609225318427,-1684.4998214767115,314.7155807401784,-552.0031102236666,-11654.991930656168,1361.9850129105132,-10918.919335931714,8113.905748116915,128703.26358469615,21461.628481469677,17252.93813227673,95307.69880568013,90196.98320399442,8997.159497081346,13354.911769014674,82200.53513086388,85757.55982077956,22857.736328049385,17363.831876067416,93458.04130004082,82307.68462437547,19914.707766444524,7465.741138365323,97053.45277742206,94937.66721856351,25208.404396394013,16321.45950909576,101167.9047757251,85439.50977501732
29497.51182966319,24591.10610602478,263.9767771245448,-8172.967729389813,9043.868865537235,-14208.567028310255,-5784.029420083878,8196.494850041336,19116.504903298584,-6099.513515492321,7626.392215881007,3805.435824262248,12424.44534526923,5446.8926085067515,7307.660990502769,High_Achievers,Empresariales,Laptop,Fibra,2023-II,5634.5435923321875,30090.474306495315,3888.7634222402103,5834.860485481931,-2829.898828771249,-19801.350136033765,4364.045712669965,-3195.4763090883616,-4842.259557056414,117858.93564642873,18195.195286556576,29733.134512951874,86365.19379742532,93758.65214563561,21718.827021776047,39692.06822276475,87205.74801339822,78855.3484152242,21833.163164170997,9771.03605355688,82907.45541840428,68589.83253363009,17537.993202398964,17346.103449857525,87810.71793277247,110000.30438282603,16876.74858064979,29383.237122028833,93119.85023402792,86119.20185974023
17065.491284105025,13515.381368113824,16028.073356927407,-18949.640517965283,-4379.7845017254485,13472.891921453396,330.17786342848785,-5135.154875049899,-12951.714062204694,6182.884756056781,31286.73287802357,7261.741162198992,11615.395760458325,-14756.085508381651,3806.1473805840046,High_Achievers,Salud,Smartphone,Fibra,2024-I,15310.948975259224,36287.62199519892,-363.8473263357164,4596.749856523646,-6363.323242433663,-11637.907352355911,-2348.196252954782,6169.292578125207,13401.659839196529,137249.98333370543,31483.220686254495,9354.148570532914,82926.05628388205,70696.32232557157,24535.87264189197,13197.009385068712,83245.04588490642,74681.51259321335,9332.995690664931,27737.44042672703,97466.20968210348,75339.6568929583,24299.605857456387,9771.869392814213,76013.16834833658,81190.39168190338,9425.060188444804,20342.318718657705,98222.0087809496,83689.27503846321
17151.861362138832,-4964.118905569867,-30541.145611701973,-7526.69731433068,-14225.065461590322,7037.980837885399,8340.544876056592,-3172.4800668707885,15103.819837618212,-11633.63118049942,42841.33407669993,14101.83353891653,-4162.962041431183,-9404.575465636855,15665.212450334455,High_Achievers,Empresariales,Laptop,Cable,2024-I,21907.59688385447,12956.62476696952,-9440.242005857994,-2366.6423671097464,4225.45652083264,23469.531780217018,-4190.400981914558,21478.189179489993,8788.57546178995,128318.32296430942,24125.36321570141,31236.72054699695,83914.63150182758,72097.95449635122,-26.058117686003243,15717.159268248675,89181.78758475382,70507.71168222294,18847.445721409673,12663.901763056636,104639.56739385228,84122.38382211745,21168.73572023986,42723.77795774333,85126.96616691114,89549.07828388235,9914.248332304085,28285.890661409434,100159.68500350042,93495.59602804857
11524.589645393306,21045.472194160047,341.11124557178607,-1464.6560904276266,21301.204791020344,-12851.498117728712,-5057.477634056493,-3111.4341594979173,9680.29222273532,-688.574601402418,25807.687960386123,-20543.750525199917,-4852.288649311175,9953.571717578949,19967.524981301176,High_Achievers,Salud,Laptop,Cable,2024-I,23956.551754217162,34298.79661664605,-18686.235570442423,4417.809301908984,-12512.706653024357,-9854.38530044114,-7514.6315998967675,4719.155189504922,-2317.4876400923063,130606.48375578418,20226.37551742333,37205.99191348071,93955.85241955209,107932.66818412028,10707.187268446982,20027.94883003907,81486.47649872498,98284.563387144,2034.6592707813343,12976.757657511107,88019.18061584032,76938.23055798924,21625.71500116714,25605.382449661498,81010.00625576734,79172.36148081011,22752.335469038488,9.461790723908052,65495.5668522716,107137.3672533815
18228.733511652084,27851.642333634198,-10689.687683684095,-6635.528879022794,16860.36977422974,20563.765390093256,-9396.336102589612,-1341.428965169188,-5192.413401701984,-1170.0612632467128,18644.560050677785,2783.759222200909,-1892.0819584243131,-917.3523795140968,4540.092312697293,High_Achievers,Empresariales,Laptop,Fibra,2024-I,17254.17384687612,8754.184991831009,-4258.615018513502,-2415.5181039264307,-10289.641942527174,-1152.2136493214123,-9260.54881238366,-1297.205691235899,4293.730497373833,146290.57781207346,12969.861476758482,4539.735063162492,104189.05510827844,97791.73333083652,2749.3105201141734,-8351.12525056796,105966.7171818082,76134.18980906009,16477.689104225763,40615.38688933567,77354.73232600442,66699.8853679384,-2674.1232178334612,21788.787137422467,92232.79892579971,87308.9052763166,19752.404864356227,19328.657290212435,87530.12591914783,87382.95843651379
4199.962229876253,5462.432891346175,3671.7228477022304,854.6064363879905,3273.6411370132873,-6236.610302368818,8515.648408014962,-1323.1407473091622,14038.340867972793,-2949.37288320871,17284.26376496465,-19614.57452504677,-8869.073109108922,16084.517480156042,5123.902388137718,High_Achievers,Ingeniería,Laptop,Móvil,2024-I,36942.943921322585,27038.225578960493,-8776.086007592254,-358.71650291634626,-11732.401708676709,21012.10554056249,7347.955280929115,12748.320436289601,15190.031814114856,134884.91172956335,10555.664794289754,16388.036165049933,73461.63656057138,99291.89324926992,21130.30895910399,26095.784639205627,89756.75363520591,97975.57736610866,31754.31554581634,34499.74077025832,94650.6402573253,65325.3149466785,3030.1258100656323,12135.38928638923,63084.74432082572,75519.81156078029,22001.742909013083,17041.061371070762,86808.68507088638,71274.59517399166
1033.490886057607,27661.434397353514,211.47935253964783,-8218.336223094922,17175.807192619744,8916.796959097077,12944.688587337288,1495.3996332525371,-2993.622659363083,3548.6154716012506,-424.272366249894,-25428.8560769124,3277.2391592977983,-8417.321874927131,-15991.88571399504,High_Achievers,Ingeniería,Laptop,Cable,2023-II,13951.993714596993,16356.245683441737,-2409.325467151309,13835.222204739528,-2033.2477083476358,-6822.553994986486,2504.718759845777,-2922.2852659360474,-304.03986355545953,146266.81827582855,10479.84509315783,10944.175695682474,90784.91460570862,81894.23550437822,21810.43176536566,19656.308790247193,84484.20700732297,98213.7032920109,15012.909412048779,13025.371280422754,74070.59473291828,84342.69334691609,32005.772175789483,16998.83710940456,78393.55784705319,94409.1963725551,17468.533579200994,14333.91990460748,94147.45065868982,97327.88374866443
25465.096638373117,7643.909565611196,-10238.032345683252,5379.417771468341,12851.77596133784,-9900.618067426778,1629.9013101135242,-4106.256767279807,5421.359005564475,-3327.856405762469,30856.353719704457,5556.500925971161,13408.851710526531,10125.971766470626,-25037.157576254758,High_Achievers,Humanidades,Smartphone,Fibra,2024-II,21095.0078940027,13463.398559099684,-8726.236522116282,-830.7282278011883,-5489.669166807446,438.3734796882077,-9683.133214493691,12431.83665560317,-16006.857335589313,145673.79216814888,3531.811506113474,10239.030992647222,67142.80869673533,60672.35689846672,17441.907635070173,23156.726089959113,89468.98382228405,85596.74896724368,23032.649094170723,7992.426131364438,70016.70844734492,115393.42689537583,16327.091200782761,19702.904635334184,92608.40520980523,83737.41090984385,33856.9000080123,-6730.175025167455,78713.60642128372,77121.16706966834
16411.60252784083,7980.574413970884,-2139.8516940402933,2360.2761246878745,6370.883782984617,12071.275848721783,-8090.953224364936,-1790.2206936003045,6290.9258995694345,5188.709196941158,11419.275066733338,11192.63672593035,-6074.709706798367,449.94405813013327,-8628.45377138902,High_Achievers,Humanidades,Laptop,Fibra,2025-I,11726.076449809552,18397.015511568614,21342.52580575964,-11194.30018523711,9805.642907538584,-15078.098082360439,10739.996303405798,5288.708087176844,-7747.214167820944,139084.59474952388,7549.980641113492,24158.117134691252,83128.98629236271,99431.38534370494,23674.707935416867,15545.452464751232,90453.91735877613,98163.13643886294,35872.848186777024,10432.407746080478,88997.81182591984,103513.83476314081,28242.849593364404,4838.762815848593,100710.39679993203,94768.66214648129,8568.736743539597,30636.543598353117,86883.13708303765,94866.30814265118
20208.2615394299,5077.425750825297,22145.59063489087,-3681.770850674512,8848.228496962229,-14955.355667600305,-2380.1433985039175,-11308.00153813013,-5111.166784427489,2611.166742281348,40128.030033782394,-4947.7821068482435,-13276.661287137009,7181.309230267119,-11333.334457036246,High_Achievers,Humanidades,Smartphone,DSL,2024-I,22261.693836441475,21806.71658888684,81.95307139181068,-9649.582752676402,-11244.950386514864,19237.224672982687,-4179.176713981303,-18149.147091306146,1532.6147119864283,146274.09659718059,28029.184975508717,15605.090572384901,94547.31919744982,74307.7519797192,21062.49652516445,12253.560663917295,74545.57155392367,94550.03730437053,26285.927938801375,16435.654357976244,91443.61416468913,96361.91411135008,13109.522143211885,33795.6942463388,81543.69231961068,91295.17607036163,44615.828692262294,13635.336698966126,73927.17629419094,86378.93040161772
31666.099308752884,1161.1277829186583,4365.529700017294,-9662.207074504324,3650.6779757691725,10081.175132623497,24009.644709564596,6669.875561456718,-7029.902330086092,15043.628426894255,24588.791684959942,39.86450921566211,1822.1021150091642,-15610.128611702403,-15796.202298772449,High_Achievers,Empresariales,Laptop,Fibra,2024-I,25999.729410747343,16602.209484718915,11009.23184423829,-10271.587566787752,4203.824705031552,4577.570858482414,-469.63860878547644,-8754.894875192811,-3292.9159371465835,150529.61370288825,14957.00001571651,29458.120085887207,77192.65157448119,72824.69594757636,21494.1641599698,19029.701074178956,103540.92871687474,95710.16435352067,16226.041300369166,21691.162995017407,84744.27300610185,94109.68941040151,11567.988820506336,30155.83736436788,69821.69713934741,76538.09061632962,20109.654757325927,12127.828899086147,66919.03139861967,72392.98664952096
16000.283419377924,59.59077923267614,19026.221159179415,-13472.739628534222,4672.130639772035,5128.469281095197,-235.42413810824382,2181.519263055906,13950.562650975195,-10083.462891749516,33020.6762537584,18716.027730667105,-14725.576475584814,20374.476692584205,-6196.140606322579,High_Achievers,Empresariales,Laptop,Fibra,2023-II,25112.459680635744,16573.4871910515,9653.452394475045,-4798.9855294866875,-5045.844725861596,-3496.6536538862215,15455.339897307476,6145.757707304133,9262.658011696445,155542.2856772128,-513.687595774325,18215.467092664625,87645.09912132646,108395.10081304358,15477.269665164731,28529.385912161782,73084.45868572056,83775.31912325372,19697.313393958895,6842.506585703561,104639.85796430317,93988.12511457065,18747.32842842389,6373.065634153332,82864.65788992679,83049.66601742829,9279.16838882625,13478.743176075834,70070.47912451766,79967.6039768922
2048.7990952621003,17473.119280505824,-11041.275955686106,-10178.965306542555,14592.595516598201,-17625.519966770233,-779.2869581671184,-10415.059898377664,5875.031461782322,13188.832754301722,34133.39451516499,-13537.706421367606,16137.141170670115,1783.593508911721,-8884.137897172479,High_Achievers,Empresariales,Tablet,Cable,2024-II,7746.054950085854,25454.663130937086,-20904.227720520066,15446.392854813488,6202.648373974833,16416.253993346116,15695.811727260778,-4050.7789517181845,11506.375832437123,151732.77780895922,11213.220336453123,20678.364917834042,88619.80573207274,82917.65194508822,15624.786595943153,-305.29357995433384,81630.76544640852,105521.98451054923,22010.295499880227,12987.89202332852,82481.53759627957,102129.59655188458,10491.225583006679,21443.30409440384,88790.35312159052,94516.03292354087,26607.36217898138,23936.9728329415,82294.77047356834,101968.73901123648
20802.242461959475,4763.3721008362645,-11263.594075576577,-1715.4777137265487,4858.545118895079,13693.1277001831,-1542.2133718435352,14500.846544440163,-10575.46240078074,-6841.454740392364,27049.852783920345,10742.95217313464,3932.1614318694074,12501.957432963989,-4370.855591935803,High_Achievers,Ingeniería,Desktop,Cable,2025-I,6708.177533435779,-2496.2433887029765,6516.678877055083,-9528.135765418654,16069.552568489165,8988.1209215227,-10318.180558039981,2170.101546091178,-26182.605688401436,158943.08837475913,27730.297900150905,-8074.841205556542,77060.57305848529,73857.41048510224,19363.337839592044,23731.128255793214,77103.91627306167,93421.6642189517,23721.6658269743,6074.7650425224565,81405.6509770093,79808.34239304498,21276.27324775318,12603.954420663254,93153.06640033064,62848.31870033244,30868.46821476296,30548.521780709503,101587.30582274387,115866.48907287692
14066.573913835791,20498.04605946596,-7687.061942214119,10585.903396293837,926.2304879770951,9841.85769182783,12080.22450538355,21.09846103965492,16353.109584975817,5815.323532547584,29200.13821576252,-10685.286108832397,7317.121679551103,-2509.2332805606898,-10440.89853108414,High_Achievers,Ingeniería,Desktop,Cable,2024-I,16591.578607106156,11614.751925380613,-1319.590661649739,-6369.327241371339,-2771.281690464773,245.4940761069993,-2229.8324808995158,-4128.547722231229,-9776.379699721796,154127.31141592492,3686.32178578588,14782.78785454475,67340.06687879941,97595.8279536983,18622.66064228726,7758.522941314277,66742.34980333102,84198.59844533948,13995.651923310501,12001.23689031127,61581.24761584299,82842.02055056508,4908.921349671795,22275.494346398216,98298.36817031127,95211.6326307332,26162.410514538282,12386.236978209181,73070.33395698646,103286.47580037267
29366.909477863577,18269.952660855834,2362.6822511349296,-671.1184234239074,10314.986950897846,4911.350840865343,2973.5742873289555,9855.728614209711,15964.908571397997,2987.0071567374753,48067.451525380864,9801.53909292271,20355.69122964758,1145.4362039444954,5717.2626668910125,High_Achievers,Salud,Smartphone,Fibra,2024-I,5818.199823021725,5563.348837244652,-1820.504794485083,11866.414125337555,20613.056138650252,4363.0051117229095,7594.154428548238,-14822.672622083988,-1957.524252952432,155629.96866954953,2263.8906964806574,32696.363284951847,83238.56455208223,71330.61688664377,19562.547057409174,23395.650040959557,101967.37473279613,89237.40551546725,28161.711098432064,38100.98188479489,84481.51063538119,69763.89928665274,23360.085050242895,22090.542410887956,88069.81024484441,71145.16802034642,18987.44587310748,8161.5836751685965,102100.93276955634,112114.27866426134
30518.7224587952,2055.875131063888,-12198.283452983163,-1654.9927050940748,2460.305926205396,-103.50441026502645,-5141.956122816847,2370.8498726795024,10695.600007302866,-428.4147236753705,19231.004043430352,14380.860183552295,-17904.33602037596,-6837.309182793633,9048.658685475768,High_Achievers,Humanidades,Laptop,DSL,2024-II,19245.700338569502,4947.073733176661,17012.09669905487,111.29907290489086,-3796.5290275956727,-9081.227626938713,5728.1229129029625,-4926.105734578271,14589.400709547113,154001.97040733273,20215.85723490307,36292.98294887219,77672.76951084842,91204.62522334316,17955.12757101004,-1274.4404725297136,97952.19085652966,102419.22740058598,18196.04564346246,34985.03773660197,87956.48289016484,96353.09794808294,7500.449970411386,9503.582495629707,92865.85967652047,100269.45472258942,10076.236944320364,-1417.6178495838867,84693.53321241208,68941.31905571019
18228.674654901413,6673.679395192955,11150.152809879026,-23901.130758345455,-15345.70360743069,2803.446091836242,23775.631506655358,805.3920959302288,4553.594919743387,-2393.7142032924894,39959.35873921107,19161.928259839373,-1913.3581307730278,-22012.034348357138,-10541.308215094421,High_Achievers,Ingeniería,Laptop,Móvil,2024-II,26620.93214260419,7512.987091177294,16227.793291789236,-2292.5724794930484,-11375.041307752255,-2387.6504961532555,-2097.7955684705644,-2989.447584900423,-5088.315304580386,176100.79139465495,22898.260176212716,-1809.4847880535272,73510.85071463106,65617.52865105598,15842.732225669539,6487.21059459768,73032.44238619319,79983.46261552072,7725.261568057966,4554.64360287493,89598.75913888442,71307.42837780935,33342.93978629385,11549.14257711771,91719.87888442593,102479.15506282737,2744.9043679934093,17388.74407303977,93896.95190079827,95039.96500594098
32049.345231242787,14940.946125057882,-12894.894903368846,-7856.842951418182,16849.460531500845,8357.982121498902,-19305.711767410732,808.52399281505,-4235.815798486539,3464.251333829398,8724.400674066565,-4499.084145502025,16602.936440358462,-831.6738476751166,1911.9629562522302,High_Achievers,Humanidades,Smartphone,Fibra,2024-I,-3903.1835303625485,39418.024161975634,4157.57001798403,8913.914953262964,-13559.145771804284,18293.86866409071,-10313.148489992596,-11020.609665611877,-15443.333457323775,165310.2791805659,30571.116633424346,9787.572698326654,88463.29542012156,91315.0126337822,4601.759864603953,21551.246738492144,85087.79549666858,82229.5607459107,34980.926624691616,5734.867562805133,92018.09955085338,84736.50262816809,16663.482737405127,-2936.468771719534,89694.35037075401,85939.9388055925,13155.387663533907,1239.975628442624,73562.6214528136,103787.71113149537
20430.38562185588,11855.722146442917,19873.399086801415,11724.844133674129,397.2448294643308,-2166.007655104786,-1389.1327064947181,12340.857393568602,17355.875913311866,4592.965078627815,33421.46770457609,8765.430356807854,10896.915269308374,-18394.761378093088,-7525.751946427358,High_Achievers,Empresariales,Laptop,Cable,2024-II,-591.7082787460204,15833.275977599518,-10609.239187064786,-12328.734481699357,-5326.242605050081,2819.9813790934004,6937.363757067646,-10027.75108363596,-4287.043562038924,154837.13356574852,23926.77350569834,28367.182169802345,75501.81788568976,99004.61674856783,30909.505619555155,28794.17156192401,83894.30838723601,78589.01108824034,19087.797572996373,31185.616701976323,87860.98373503773,109381.89029264144,7551.820702981102,39181.59802231938,103152.13530491544,103225.05990788627,8039.776460557805,26526.909889565566,101996.84866520179,80613.38715927443
13753.115945809073,312.1911485237142,-5069.362395841937,11634.269700594004,13204.825512411957,-7091.661625471121,19009.775435002637,-4879.652900532194,-1673.8077007972488,6772.734020163266,15597.374885725809,3674.128515755884,17462.470325482776,-14708.838487861594,-6239.155166474699,High_Achievers,Empresariales,Laptop,Móvil,2024-II,28798.99806831839,27568.1318883003,9503.5019297487,7157.85741584644,-15220.680429495009,232.57570521765814,13336.058561988923,17398.80465697128,11999.932833478644,169331.87814371925,19556.793674378863,38074.40187458537,81819.77041195093,91219.37841363705,16786.019921982595,12058.20347680189,64695.62819568046,77315.13047290889,27411.49770748374,2915.596911771914,72190.83899594442,82008.68984784666,20767.040346126178,8509.9611871167,81815.03071475198,85655.27053738388,20056.431984186213,5371.092228971658,87702.52837723918,96716.32285974578
19202.536093971394,6169.251246030744,-9459.437762472866,1300.3862303896733,660.9165574667206,-10163.826486939484,4742.022292144772,509.95482340782587,17885.40373779593,6523.129376617957,29215.44120908074,9590.05503210282,-15148.169567226232,13308.756348276764,1617.3833894781299,High_Achievers,Ingeniería,Laptop,Cable,2025-I,5831.913070544184,22425.12119457934,9429.543155642084,-5861.768038165917,2531.1028949915562,-4390.664198354572,1515.163054141671,-3163.263304698458,3099.386119504328,161946.88203886212,16538.394058046168,-7356.143776250992,106003.31762267399,83179.49659702397,10785.76065457109,20312.655675331993,95695.1136227061,96969.04672433325,15302.832415318308,5917.430952981507,90963.13172684677,71191.55977409278,2533.2766270721586,2336.827153413553,102619.89426200671,112714.3222279031,19417.349414106713,22401.757106057248,106250.54277140173,100080.23233633931
11645.872333899402,-17189.345588962657,-7858.315309120695,4892.973024015794,-7944.728199817393,-4174.131890807337,-9931.175043711697,-1102.5687009571234,-10011.109852564294,7969.156619382602,28390.432938249993,-1326.072055618064,2876.3117199688195,-3562.5379137702794,-6127.456807062606,High_Achievers,Ingeniería,Desktop,Cable,2023-II,30219.720073644028,13682.758346922848,12973.546137740825,6287.812968330066,6866.204806699119,-8090.675639212429,-5487.066731437656,-10866.823111259491,-8592.808833511486,173297.7893642837,18441.42171632944,28664.004198385515,85398.98626041868,94438.98204453899,33626.90212258993,16947.758950081996,78227.97182661139,66520.3059627839,14584.90721156161,10123.792626532762,70559.04923729759,93479.72756240125,21526.07830852802,13287.451589246812,78817.79960784521,81624.97782142727,30029.231598062783,1769.5122552641096,83129.57980231606,78784.07701633713
31645.865856622877,18802.26218581535,10810.45194178674,1323.9306779632257,1573.5775135221143,-4618.1361608326715,8601.748679089298,8788.760660102616,-253.07379655904424,-2079.117984000538,33964.16798992417,351.6198396248333,-1077.1313954855596,2150.8550808451814,2531.9813948933042,High_Achievers,Humanidades,Laptop,Fibra,2025-I,16141.357874957948,29576.025165650568,-2112.9751487228077,-3643.148962731932,-2550.525358343621,17402.179912877717,-23589.563926234234,-3622.511092663386,7709.579486807879,150020.4800114076,-2423.096525587247,23128.343617867868,88844.47749023259,102341.52854453423,3501.0236068382783,13778.934045804835,100551.55258198018,80567.68203813813,22429.147699623132,15661.139997554383,104757.20461905931,106215.76706398853,23151.826412651764,29956.130643280892,105544.00026370189,64736.87082003699,18194.005144328134,10591.729012314387,86429.68962760174,91627.4683013766
13268.799083702883,234.87846554844327,-12110.433766210379,6761.787378986503,-6667.43359600572,-4397.212905895457,13226.660453004093,33845.44732427389,13098.11986061958,8316.48685808935,29921.587269173408,-1194.3705100786583,17794.36352731324,-952.019192302274,-18963.81677036079,High_Achievers,Ingeniería,Laptop,Cable,2024-I,16399.573373991563,18079.068229472497,7240.241111689131,-6940.910837651372,-5932.664226306106,-16104.526595572015,-247.36400986614814,13012.051371255398,8794.912818588884,170347.05154709416,10632.939214923725,15737.724875566755,114245.48104439593,90106.07323904627,6049.877718033067,8802.957070791226,71368.79539888533,79453.35114101191,22052.29206194786,9623.2536018855,96235.19046944345,93105.97523656831,36901.014621979004,10317.271853100765,88628.19176684807,70984.85260875108,35455.732999282605,15694.098751040232,90862.53292190966,86516.22941239103
9854.268422864838,31116.675526959814,1864.1428442343117,436.2761587491584,11401.247070943433,-1100.0247553796564,4872.058100311807,-673.6184865607136,4500.525921055298,-10248.34082833448,27535.942333250354,18974.484928623708,-7593.4692764271,-16768.471207682,1611.2294431583573,High_Achievers,Salud,Laptop,Cable,2024-II,17839.18391049093,23125.886021509596,-4836.60788028852,6936.343092421896,8488.247079289487,-9658.158764430567,16492.599062968202,-5627.937462797371,-1994.4427794715436,167134.98151951042,14894.146460143507,19418.330732850176,103251.52891270965,95680.79798758673,7133.339375885824,14654.218343309309,96925.29379473308,108477.42377482077,7263.944153354529,24986.85739773803,95323.10013413386,91223.28912088639,28004.48766404355,21250.849016427623,85941.69207865873,97408.01780175249,20108.726146130033,9417.658313623719,98454.39862697931,95962.60914966097
24883.36357306994,5581.996237963067,6108.786559480415,-14149.793733733442,-1357.5719737093739,4626.528340667562,5766.313635690332,13127.991297511271,5222.207236383678,4117.751438293906,29582.01623429857,-1066.6514054686263,-5202.247421279095,15212.447429560449,9405.029171712908,High_Achievers,Ingeniería,Desktop,Cable,2024-II,22727.54394805361,34558.02942717068,1936.8774468332322,-2012.0690441010734,4916.9342559153865,15165.194615285833,-1904.0887745227271,-4386.594660049151,-3786.1295049963283,170919.00201722942,24730.255606428924,38516.449385288695,94796.10940970757,102505.17178068915,11254.514024961234,25742.97923364109,75427.18194618532,84899.62834189023,26835.6282103838,21858.200334648485,73598.00446358664,88779.28192773249,20809.97244895289,13645.807788898157,92210.59852661376,110942.43577460194,22923.18973345141,22983.01608519476,104155.53517321068,94633.0909516205
36243.09203310296,7077.082726837626,5963.1065281086985,6477.704774632116,913.0618320586618,-4119.436889845381,9977.384608364593,-4815.327148172898,10470.363300246518,10001.023703996785,5060.484285419938,8527.78307748772,845.4053321626375,10818.141275789265,11729.042710517057,High_Achievers,Ingeniería,Laptop,Móvil,2024-I,19346.79951607997,28950.07764629444,12131.683128018494,7857.891742601862,-1581.2414321816598,13115.069192675412,-4719.6093200285095,20422.619805143277,-2703.3743297966575,165395.7216207408,30415.1047449384,35699.67871412983,75354.40444664971,115679.81890886495,6686.828952261925,16279.410200605647,98789.26753245002,93548.599801887,37875.617627325395,39426.9033154698,98231.2487429046,105743.22114794172,31400.327695844942,873.5699460714604,102038.22644674151,94918.05000615284,29899.096889337998,36448.03959633228,83150.97638121196,92896.8474925988
-163.35437133115738,4120.3955103025355,-4913.106388272846,14537.683120556801,5785.056283324221,-12128.093142962865,-13519.683370151868,5207.909286493088,-4621.455719463295,11782.895874767131,32534.818342609386,15760.90638415638,-3244.6289384269294,16535.69635282929,-2141.6548882227717,High_Achievers,Ingeniería,Laptop,Fibra,2024-II,23958.436731747603,7334.0732668876735,2834.35008627564,-13108.603912979053,6975.31435204638,7546.902674336309,-7137.274124511577,21976.420574047566,-9806.623957567019,164313.06036416208,3406.82191976636,13705.164276165158,86206.18359933785,80775.35115287235,13904.454984808059,13677.759084151192,72777.08419793891,73009.31114910955,-7029.930160262018,13730.28177728235,87178.75362006285,93985.2368632819,24223.122814472816,3054.1131111457507,99086.08315826705,98840.40282684812,24221.77402905134,19016.662324397632,99262.0315288633,101960.45989608274
20139.972247154357,17484.142682841215,7012.329691901396,3809.567752699336,16329.955693051852,-674.1324871558184,4223.792051370941,3511.9478377703476,2144.3442500424817,826.6787232830213,83.31389496011252,7177.602091983843,14784.513393230878,17486.3216553741,-3070.2685867662194,High_Achievers,Empresariales,Desktop,Fibra,2024-I,15219.871734038374,12472.614294168485,1215.5568986895828,-6221.701364650283,31556.410299215775,12200.859606790053,27.015450502779075,10970.925770973048,7863.274456148655,180897.06357661434,12838.58534771543,8842.734001915092,65892.77795414627,81032.73895274888,40582.71528706679,21423.56733358439,91151.13997226166,62849.51441628541,12350.076271064208,14950.808402399187,93880.83924611544,88640.94068253697,44268.86698820482,20130.474114589368,90255.58098733744,115203.96426196933,23526.782924378735,21272.45687393442,76055.90018775246,77674.66669709428
13793.516112716687,11257.20866965279,-425.0756732660027,-5847.791485565088,-11520.09953875013,12562.55832792372,7392.597575047158,8681.531492210826,-3280.0706070346114,11670.343109684069,18132.134934788046,-1759.2542169837661,5272.482497615002,-6962.935067419543,51.94002230082526,High_Achievers,Salud,Smartphone,Fibra,2023-II,25146.56985288093,46888.55240767321,-10576.816463936353,-11315.071259874356,345.9895884311219,8380.364793763554,-8492.602164773976,-9893.197699326944,23381.050173519016,165744.22488539212,14732.924633606739,2545.0350746887707,87941.49205419968,88117.46728850978,16569.277968083712,29786.85305073714,82235.25611843246,87322.69072161619,15387.705830079296,34011.227670098655,88872.77613014379,80864.16253064206,19103.98229910048,19603.081792723482,78435.76508660651,102798.74293960271,8382.038147797988,28058.911382196304,69166.5751207238,86153.51935075289
25503.70621142989,13596.02950726854,2592.860501153398,-11954.272899216025,2453.8937341954647,851.6718927342031,9375.821925073576,7834.517859065243,26725.29128736681,2041.762898623216,7606.8544190942375,-10495.91108070167,7908.2282911248685,17003.191231968493,15559.194238659045,High_Achievers,Empresariales,Tablet,Cable,2024-I,13006.017986622426,21347.235157751424,1181.8523747110512,9030.959297679616,-18520.15203354637,-2658.5199782415893,2587.5453737555586,-327.99087423234266,1649.2376936407481,165198.2299248988,32267.71014346165,15346.461959767286,79358.53232341493,106933.65388709343,21610.44010860492,30854.929704168128,55625.69378618892,73531.39761377069,33450.914620355,24922.640193701205,76219.39433763977,87881.4384594486,29210.694964508242,41543.01611439641,79991.46107093671,85793.97327355048,35394.897864512925,9039.111057619653,107865.7452307751,94751.54188554319
17420.12136198335,10762.90143733681,-9129.409993653018,-9384.056687213455,-4670.458847634969,11480.533770413696,2844.0964791332735,-1119.8537890257885,8102.958698228359,2570.502945781448,37588.56957125131,6657.632058881099,3374.5921786136682,28709.764506047562,-4201.496397501494,High_Achievers,Ingeniería,Smartphone,Fibra,2024-I,45793.69757319472,14586.482904136436,6114.725673144825,9059.245840719119,-2575.0161846083065,-1627.508690281764,26336.559840382015,1732.1428819089856,-5961.797774776086,149072.1838989035,24880.268932730676,12852.057709744518,87139.34859277784,88770.28596112896,-5808.917008504333,14458.342486572243,74003.22347415281,68374.90578427333,16012.743913652657,16065.08505994904,84219.26185433305,59783.14100370537,33415.39893383156,4836.453488903999,83373.38934186226,77660.58416742095,13016.713485849566,27322.80848151439,82416.64507762174,76747.21124281973
7039.025702104678,19444.654937568474,-2811.371799871062,-6795.570498638323,-7998.747659531705,2271.586985647789,-1020.9749854690172,-4471.6407924343075,14997.547270601448,7802.2417239142915,4643.1260049182165,-5318.803499262552,-8994.371455321401,-2749.8517278271083,2769.9548676508302,High_Achievers,Educación,Laptop,Cable,2024-I,24278.29530552819,27305.83872462418,12687.534698159776,-10015.888266403981,-8051.33083770474,-801.9900700719925,836.7120292488203,-1921.0747642998551,-26990.017314684777,177206.44747605518,8281.35107186355,18680.28376243368,78476.37145676152,108758.00725980816,14838.19161339918,26729.17814230814,85391.58151471736,103525.95037431833,12397.629442488756,19120.56985043241,79356.01961895396,100396.1922063784,4453.11824253208,15036.454271747225,75682.68492276232,92304.33256850188,35836.12149090186,29394.895985751755,96564.44096849166,96126.05451828131
5567.653851854926,17375.621433288143,8463.287741848999,12361.053506232962,-8212.800268697369,1742.3040940141273,8097.762181263481,3842.0472329252502,-2160.6818800021683,2483.4977023260053,29263.173045898668,-15441.455558952242,5386.3910552943535,4554.651021036303,3316.3420794004483,High_Achievers,Educación,Laptop,Fibra,2025-I,24043.022262483453,22628.296047909997,9855.944885515037,-2018.6002233895588,-23767.88917740865,11329.912220288808,-13614.640319136473,-13459.982079166532,6506.6535670325475,176129.02088858277,28296.70735930969,13529.062129763002,73433.39604397208,76225.31593872464,20510.25588556333,13036.649164593859,68925.72969444649,69239.29603346885,32103.290848220164,39176.66442605859,98447.38192249958,100840.46689362534,11439.11275186194,19112.6072173009,81298.89318910691,91804.68946410398,12950.791100963572,8827.89116350099,93656.35268584703,103293.34580494162
15453.33174654778,15590.15076970065,11835.868373798596,-8043.94326381414,11822.533384846878,-6927.613911992051,-20213.14320169258,14170.193563528252,11662.012706678615,1773.2440558574162,45626.90234661064,871.3403627323924,19867.279257259976,4763.499570974478,-8180.527193220939,High_Achievers,Ingeniería,Laptop,Fibra,2024-I,-328.4935848178029,19873.8022220327,16681.922809360978,-10778.580306144811,5181.5538926953905,-10952.446889115228,-9392.724840543768,7241.141095005312,-7892.143980095951,183496.17081666162,-7039.55292422582,629.8441443455813,83975.33933571012,71909.50618712344,28213.899835397337,5362.80835062002,99288.23819712481,93296.3033395371,23767.48204240568,27081.516419247877,86795.17604007467,103711.9828018246,20125.47500205878,26246.68699650935,83536.32119646564,97674.37489139487,3489.4077183868612,17775.2626838693,72120.76453827014,104499.52783242642
28787.217862195394,21051.158667953656,-2492.7149008102624,-6102.570569208103,2541.7783876803437,10247.315259002962,-399.66294403329175,11647.664574240986,15097.56021951278,6048.353908454423,12735.534100140252,21961.78292749067,18161.013559496958,-9743.295746098862,-908.9184787675132,High_Achievers,Salud,Smartphone,Fibra,2024-I,27816.094659596325,27263.29432757024,-8427.079894830047,476.397128990935,15661.99183057202,-753.1508520833853,4550.285728764224,-12810.52384851175,-10275.29906584255,172481.1718532887,2690.019412726677,37238.05109486518,69875.17361972865,94056.32446404175,-1044.6773242386735,40925.55035109255,92140.81722365814,45456.03312940005,9061.709588640815,21806.03465711879,97110.44109295544,100940.06542814235,19367.97464067603,21423.158186811135,74160.8765457821,97277.98503471508,22529.070192174353,28162.94805570514,97525.68865444098,77488.54325200869
7547.69889258703,7875.817210326794,13630.61242771406,15325.719950257455,-8920.039252194325,10742.593975909766,1291.270065025787,-1124.6212297280597,1853.8452770322529,-11585.774240148789,19551.587992569344,-3893.151017161953,472.0011969430918,5582.598512084091,-1195.3356345981829,High_Achievers,Ingeniería,Laptop,DSL,2023-II,29068.411974795705,17506.465534450774,2759.632448554474,-11593.963362346567,-20883.07097499513,-7988.831258473121,-10362.21790813261,1215.2899541798674,8819.14584464293,184433.52081167817,3679.820897469306,20154.41652679572,95781.88294352597,115923.07486788939,35910.35802460653,23295.084893757477,85763.76323918672,100891.4134042454,3849.659591889622,5382.0443901434155,77396.7250196477,81979.4197554183,33213.19709301985,17740.965868770974,84577.75451361017,82307.63823489482,26612.88441255354,4469.489849212005,87130.41781102499,78042.2287786602
11420.343330433798,14533.897474185593,846.4860688464821,-5496.080269783581,-23093.901173240098,-1457.127533695395,10446.243000791083,-6463.504567283642,-948.0341707258831,-7808.213160070659,20152.73856874055,14842.171429945487,9714.37002721482,1915.69069819108,-8090.515548782939,High_Achievers,Educación,Smartphone,Cable,2024-I,31018.82041971838,2242.0048438899394,1534.192157076162,15047.433843290375,-11090.738669347124,-14896.256279931717,7821.312636084245,1678.377039838902,-1197.0600841777186,173418.856676665,20274.54948638869,-3089.8426800765883,56302.75000170291,80052.42265919618,51885.131994740266,17084.969513795484,98235.58042772466,96139.95119725674,25192.91160624905,21247.533530495162,86900.18478943461,89736.79184645694,24859.24743566637,6953.105206947228,86524.03562733924,97782.26930469098,42569.174411605345,15844.435325130495,106175.99075279906,120725.05612637317
18528.238281222948,8085.702528090337,-8066.386863489296,13789.37982462352,-732.4242636600371,5570.378963809387,-658.8084833269377,-2250.977855607604,11686.222471585712,7382.939826313128,37146.462535537044,-3845.7658096068035,21250.411213990832,-6050.307309208454,1012.8054928835454,High_Achievers,Educación,Smartphone,Móvil,2024-I,26864.130587113632,20754.008072344128,4466.647407670257,8066.915034083273,5860.491148211927,5981.055589059655,101.56002539028367,8158.805217391685,-15056.534855117108,187244.32147257891,17541.447937793255,4307.482115590492,90188.74840717322,84846.31923160967,28102.446948366203,6037.491941432538,84242.37435099958,83027.73431936499,20665.038825073447,3915.251314800311,96698.01713843967,93152.87206909346,29480.05331263033,19493.491212570993,68022.77166905941,66037.47767195874,31177.904816273032,-2555.7467694625993,96829.70665518928,81299.55131089012
13009.121894846938,20672.798853228487,-616.2142040946509,11741.85761390218,-15453.915545739814,-9706.63611033377,-4146.771950714918,11152.019550534178,3868.2753032502105,-3056.4388902869123,39983.607728583986,10567.424775436415,14988.174627922923,14529.834073486023,970.6764770403665,High_Achievers,Humanidades,Laptop,Cable,2024-I,13814.000636911092,7867.683379924038,-17243.330622202244,7484.210686721833,2096.891766391602,-14204.269011390765,9599.943038996058,-22601.328999095203,11984.408511908612,183485.2791510363,27520.46128644314,632.0813326123789,57409.86351512351,92845.23667936242,8546.155412676719,11148.80607059752,106599.14045415228,69349.8261114254,25555.85084174519,23518.833083276182,88484.58087687215,94767.26446753745,35195.154220524564,9706.336191013645,77177.48701391078,73077.92306286328,9902.902381785874,9112.345107608759,81536.95822942325,96852.21961358524
5986.305411194891,15052.818214471477,-931.9656097174009,-12855.043584114976,-4289.432793659675,-12673.390023548172,-8914.170663661127,1121.9591841368128,6213.739547576999,-3881.3634663277253,33867.252844653194,14091.024559912285,1755.0603676595852,-12432.974071988441,-4967.4194652369615,High_Achievers,Ingeniería,Laptop,Fibra,2024-I,38231.361843503706,31177.083913510294,-2810.1469511645473,-12207.881658687149,-5192.671129570885,7282.738221710861,5745.538849202855,-1958.1704671356188,7694.833619236549,183987.55661576183,16232.618030646026,23178.00066841257,62985.697829661796,96023.571494416,15196.902602086688,15563.420399832481,74545.23243775271,91325.68924845087,23241.941328091034,21305.61582109457,84444.19148585395,91947.90766964038,-4578.338185863704,23235.424084348626,87354.98096299678,93317.78412082672,21474.269353794338,14197.568865118274,111528.49201479074,83168.82160629422
-5533.162535337229,-2517.826907086368,-18980.986608097788,-5360.579222813592,-17046.32628527108,4160.995512034907,-6197.705067819486,15180.875651702761,-1453.9607005395137,16108.156686703309,10747.902832756201,-1659.7852535181619,8612.195028862927,-436.51242989871844,5995.266440252625,High_Achievers,Salud,Laptop,Fibra,2023-II,33115.95739043931,20995.472389072816,-1786.4409397851323,2423.9569930153234,-2335.2343731857236,-5633.87943246976,226.79578107496002,-8528.650330010423,8298.709277563134,170566.06610227082,18896.94773023623,17960.431553363404,100794.85837128045,98715.16609775265,26427.017324216526,37724.38096615793,85506.67390794725,87581.0222249828,18852.300727400292,11416.52756441624,99517.05751945665,102640.48632592248,37385.68690337506,8013.920684825445,102155.97965984701,103194.96778843059,17145.073559181772,23825.05264608165,78383.25208389624,79773.24502827639
35492.287039933886,8578.431130368375,7954.48264012204,-441.31219548094464,13352.79143153657,-810.1279291179726,3857.6038586075556,27857.721253569973,2349.668153091683,-3588.8918558769656,7156.709260707661,12363.591067684285,-10300.529268129621,2446.393075939664,15126.633582028031,High_Achievers,Ingeniería,Laptop,Móvil,2024-II,8981.253989827444,28453.399593935643,13679.5154695043,-1546.4889948228492,11466.99351254042,5137.931514858194,4046.4673875742087,-1334.4322751897134,-828.1477863400753,175074.64649469836,4783.66301438122,15554.841456737651,75503.81792848953,68778.56640406101,5228.081690594789,10503.258435989123,80219.70573967628,94183.42281708229,28748.191766836237,7562.32414127051,94637.25242566879,94991.00456294528,17814.778763063227,4941.518899872455,77474.52105112337,67562.91753240445,-918.1209034700405,19761.242088669238,95218.64595350012,114518.56439806265
23254.9893155182,9995.08318742592,16896.168356012444,-10317.30037758748,8552.408501215044,-587.6792064235623,5149.609057881328,9572.735879138541,-8919.905360322045,542.2413079046655,-1534.9449214807955,12162.471410484268,-9746.313682379097,24834.592831947564,14527.815156371718,High_Achievers,Salud,Laptop,Cable,2024-II,13233.763064945671,33351.82767373619,10143.561719978428,-20220.74124656671,7040.578366758895,-3170.0305440605844,-8796.89543027252,-12997.58109768665,-17031.935203793513,183964.78778086588,24007.887005634748,12889.838966668662,86148.90186354441,99544.85993345501,9500.785883724428,2503.00389529745,91447.77027455367,94913.55195036235,6503.087807844457,15042.38936517687,89817.63381062954,98740.57977340365,15845.563630569011,27314.737524260214,69648.14684614012,83388.038880898,22114.362977103898,14197.345235859557,92335.903639864,87622.82440695759
13842.457055579867,-10121.384045909675,-16718.626776555004,14.170320040468368,18609.435880084253,-2352.9616378749533,13341.32641612201,-1935.838800691488,-1912.740400650654,22569.52289919403,12707.822609762243,3341.7380325199542,15830.642361231021,-1483.8903955170501,-711.8886071134859,High_Achievers,Empresariales,Smartphone,Fibra,2024-I,34100.32290401997,31931.829768783457,6741.563125755653,2405.4458368777255,-2345.0760921585143,1676.4017974158755,-2054.050553791914,-715.570425179699,-3857.862380716769,190789.24465515773,-3764.567206408701,27035.5850257376,92674.68392010483,84467.44621622577,22526.241875604326,-1647.5350709252816,75178.86412429542,100105.93586177951,6852.688446370956,16612.126578562253,80103.93667690805,100678.55548254738,16205.595392277604,16647.3253764962,102611.38279321563,91003.99732766967,12854.909124687769,9116.576073864935,69572.70678437555,90422.5432072798
37095.058441925285,10845.711758981788,-14748.482131459981,25617.928332257376,13472.039523285865,5020.008029606274,760.6038649167231,7889.961088410049,16388.571017431877,-3844.958981033301,19908.28396848855,13253.339070035701,-992.6902778272311,6400.937735178126,-13600.281824646177,High_Achievers,Ingeniería,Laptop,Cable,2023-II,38252.710667633,26983.09544835282,-20419.01241983623,-2864.8697566331207,-6702.652751054958,-3358.5726410483503,577.6144727077403,-656.6438251962004,-4273.153887787642,187549.87891761365,19465.817831755354,16056.12926968552,81479.39220289426,91220.29780088815,27568.855688022035,15115.607873980587,69132.31452193037,75810.205581786,15450.973655867094,23817.77767624512,86395.79727479673,79652.93160472653,17343.86388396809,19148.06547969884,96387.11236005415,99188.4605695383,37968.82383127442,19918.711712474364,84118.97535278884,89493.32603309483
14766.217700516096,7802.444684960584,-8516.337952269776,-9138.723320574434,-6939.49218698936,190.04615229396262,935.2635051259895,-4869.112852806459,28448.14896702296,11839.477746102393,4515.574562380143,4462.681129998055,-158.22272692575723,-17677.07095567871,7796.2138595183515,High_Achievers,Empresariales,Laptop,Fibra,2025-I,20869.302699127074,29606.907139867995,4367.566847567013,13215.013765429048,10869.852083141895,2445.627003825992,12479.160956510412,-481.78103333488093,-4245.107573095371,187683.89833721562,12550.495890129334,16875.12515519896,93471.88044717595,82318.4726598158,24493.85822445448,26117.036048838687,48709.291639000716,84688.01862842089,15332.409581553466,21032.899735370145,82337.7693660472,96145.73446016535,17098.427791853857,14520.586865427576,75362.36449872912,106451.5139474684,22098.527155938067,18137.252559972072,75537.03993851866,99696.75599931659
20568.36485125943,9054.928385595194,-10719.442408548142,-5434.179598272176,-7319.25684188003,12068.877998464497,42.04757928555591,-5464.235582295685,14026.784471934569,23535.8547898814,65164.865026198146,-7790.1616918739655,13316.689684423955,9441.008066910912,355.21196974520984,High_Achievers,Empresariales,Laptop,Fibra,2023-II,14772.62862167446,16416.501664359395,-7482.216235851467,2628.403536281194,-9215.176605236647,-255.21761712261826,1317.142009246244,-15551.230895061588,3030.7300865074826,185317.29278499595,9328.548675161474,1641.1269599525058,78138.14621936182,64198.723077105315,21368.541965236556,13793.398538341275,78609.53041165219,85654.83330563418,10461.922776553845,-3570.6165258362635,66981.77884325234,88023.47387666769,30632.41860645775,17211.330965671405,84091.72808491242,71644.5700873767,15343.987593446627,14823.44947893491,76596.82034544476,85607.62482203521
21524.132816576122,-17778.365165403557,-16517.961960683097,-20242.618793851318,11960.261442682046,-10919.988544530197,13880.953383215738,22934.964974591654,-1071.9634757313424,13291.700377626446,33979.394366845496,16868.370112301942,-3102.360691755991,5653.7198794503765,-9587.109103887777,High_Achievers,Educación,Smartphone,Fibra,2025-I,19348.56222367545,25131.607938840447,-3375.252020887846,8267.777901036518,1646.2026782003868,10233.881618443507,4319.800559785663,-9343.57171373721,18106.275678786475,198009.152081448,9630.615528972136,-7919.478708189514,84138.57333430665,100200.77362811693,22089.662157621726,18365.49678734885,85687.52382972001,105652.13646972485,21517.88492366929,17194.873888493723,75421.65769469908,97940.1130146389,13175.21983277135,16958.386198827582,71735.46995151088,79652.05056637437,3709.6053030862677,13613.75266007662,99810.4551566121,103236.58142046386
33591.12907358953,7794.656049340945,10322.260247940127,-7884.122671843888,6085.806598470969,2442.368275696355,16178.52318159788,2297.13654626504,11473.570034949933,17765.363002615188,28292.41159324077,14279.516938150295,-1012.1284010468063,-5241.22345357286,16219.456434730188,High_Achievers,Ingeniería,Desktop,DSL,2024-I,39468.79707898204,14489.92195984787,-25788.564373554447,3934.6806653207627,2502.185891943319,-12413.281666385159,12151.82664337112,3499.429413644604,-1642.915870501083,182849.18947446643,29357.623455412733,17164.380328173953,91761.06825874883,87815.10272842587,-11816.311222444681,25728.855060355956,72179.58477284634,92635.98943890214,24299.515676300925,1464.7914640372292,87907.82106951001,59732.24581754886,22116.25265537439,25688.658106197185,73709.91422516883,78359.37200755547,17601.145977421795,26817.937031017933,55085.79656295501,78111.0353349541
16299.060473146641,11766.695572156943,202.23169518279383,14.723023079642644,16150.102368828359,7240.859172510681,6699.7330947018,2702.7622915928946,3156.5625114146296,-4666.351128599536,22426.578212866574,-4803.024272465104,-5491.595847778736,-9375.245300802948,10194.22596043297,High_Achievers,Humanidades,Smartphone,Fibra,2024-I,25058.5810848986,31950.342670138147,-13267.900601538739,-5975.98701769711,-3828.3501918829597,-10709.238943764482,-4445.985017699992,243.57425773009982,-377.8765130853904,203486.60123507865,23325.862746789502,13498.306815091786,85204.39093971139,97754.39899613035,4450.7583474058265,25558.44568140263,86960.98555271717,114398.54358713221,13264.935887375806,20016.804046816036,93989.20951136273,99864.17980295622,3812.096770136006,13524.610808995272,105776.12704660099,95705.36576520902,10832.831727303075,13749.618510850723,91864.46292705556,77266.89655045865
5486.153634473309,6612.828798256904,5670.531037406177,-1821.6057298837259,19368.969004332983,14989.89547749163,-6295.253681071591,2317.9306246600595,3589.560713936639,-3650.2892236110215,23483.479128039657,-15308.398276901997,13528.816650231145,-20555.334590026345,-529.4830826920803,High_Achievers,Humanidades,Smartphone,Fibra,2024-II,15092.286107145559,27433.622236719333,8281.220226640115,1565.7139913309777,2402.326545522747,-7324.525213387067,-1809.2871692615877,9079.794296126965,-4579.109588544405,187230.98406231988,17188.648635682504,36571.55422140271,81515.04001053268,88669.98684912467,11350.03789027203,17429.117116017078,76001.86810822318,68744.80456819644,2696.7125713451096,33386.34173775663,89300.34866782266,80278.60480344345,6765.269977344982,16333.658181487866,69087.60942064112,96049.87170783097,20293.889264246885,30557.613408548772,87088.4682271602,103464.82325546799
8670.970769261905,10409.037093078396,12384.323923405835,1431.0331651421354,1423.5382882066913,-4097.143841024398,9779.419601419693,6764.863292153063,-7850.226217379772,-6747.3362174857875,24752.88540874402,14503.202682277006,-925.2279003321438,3182.25304540007,6689.041082184955,High_Achievers,Humanidades,Laptop,Fibra,2025-I,31840.653876367825,28202.415235718214,28526.380152025995,-4326.8798813167305,-8272.21657606255,-9476.616858579227,8632.621124385158,-5745.470423182859,5683.6824063282465,201948.93723544307,20934.810743816593,16895.661588120074,107805.2298583515,77392.83825121282,12903.402995304934,27283.632337177514,79071.61063450364,67734.30574430802,25921.395884770383,10657.547437958714,65815.72601975617,85647.20957608281,20280.45322532842,-4848.238307432688,91584.92711789419,101119.84036314076,24448.463466804067,18625.984667350862,99679.63607797745,112665.25058227807
20279.449211398496,-8782.165496454956,799.3051206681188,10361.827695937089,-9148.082906424514,15542.028242058572,-15022.364477767032,13952.626594647125,-706.3503009963515,17175.6293656737,12298.772642364813,-3164.713448639154,6118.717973210424,-16122.196075304455,4532.5403962783175,High_Achievers,Educación,Laptop,Fibra,2024-I,24472.004480950625,23054.82473767366,640.251471453983,-15545.598872611532,-5415.16867188208,-14021.289506644847,616.6790000160707,2443.12646416397,-11433.07734581433,199082.91054738124,36361.89598458248,11829.14560585102,91483.25752036484,99555.30398202881,20000.608316277987,10424.76580364946,116757.75875915599,102533.24837857053,15000.368785053017,7235.176610195289,98754.7851806015,112789.9447042386,22140.602169610804,25355.83445763647,92010.00754354292,96131.11589075811,24541.865512750683,12459.406912740653,103352.60048442592,94454.58012282605
11430.994169401085,4439.62094946049,-13467.522144203876,-11706.784579156756,17064.830303245853,10058.947022442262,5395.602017775993,5392.140781436623,2597.287263233818,-1470.1227079271284,19566.831701755116,-2297.976296468928,9899.838830224537,5599.881115751784,-8838.010773994467,High_Achievers,Educación,Laptop,Cable,2024-I,12093.61739765022,25264.863585663723,1001.4211779960866,-7681.376641484421,4744.00258936563,-19684.919042726153,3089.0412501514984,-14921.920995431567,-14434.021152324682,198526.44287331996,2901.1946679712455,18458.180928717808,102794.66909368076,96472.90854502043,11837.564906740281,19892.61409403522,78479.39335398022,104830.23552860746,15089.271887937894,24675.07013920597,83008.90219161073,77992.42295551531,6106.700876403082,19152.30913727694,97543.67458674645,90369.1405133421,2909.1602879554302,11438.880272369406,84383.33745557623,77055.37574296253
20078.017947609558,7418.574063183919,-12837.684070692434,3275.732658901356,2603.5850699076354,6542.539120773854,6444.610422418207,-5545.326432825485,-6966.222415322079,-8301.888508414213,2171.080752946129,17708.122797198266,12151.674563067592,5298.805133930651,714.6727682376933,High_Achievers,Empresariales,Laptop,Fibra,2024-I,16192.034235750394,8516.578070555814,5279.306471596214,9921.200427307675,-733.0823271527915,-9174.207211971545,-11897.523619463085,-506.64596710243995,-8598.538389128806,211945.7561817767,24236.960362967155,37828.16731864303,51554.80107568082,79905.82430765359,-2453.0945999503856,40906.93627736125,70838.6755703773,59490.79659579712,-5915.501681809823,17147.100059224023,48390.80692718459,76278.04362799237,31973.720357554015,29401.50036013044,112781.36332834321,86766.44169033451,9214.33825586373,25782.231349126258,79967.50110176952,91977.10391733007
32142.51752910224,8457.238581041189,2781.8057010377693,6426.846263408753,1396.025300269821,-1987.7665452294684,5439.178671665576,4300.024205810698,7631.917057728364,2083.7332399970064,29262.084738963753,2797.8708714778395,-12573.962026896454,15648.50611985601,14040.366343595255,High_Achievers,Ingeniería,Tablet,Fibra,2025-I,21570.91745875586,1938.951657678077,4005.891910495705,986.2066420247568,5970.190479026092,-15978.568890021095,-15535.26176709256,-1214.699547762968,3777.3816936011904,207677.91177998492,12690.547954217773,10276.345888869471,76925.1078389924,60588.45771930937,19465.792285550764,37667.23108252354,85052.7881113858,70533.44974613131,1566.4855608903144,13839.48019491867,77068.08290450188,83225.26390857501,10896.634257366488,8233.725771512982,78749.07600915623,77241.36120780456,14755.248649429415,17695.056472484186,126594.35615962419,70645.62588672261
16484.404359346176,1918.2826219362296,-27449.21386979249,-233.24663085052975,13917.643143442714,-14197.262926082665,-1738.7418374692766,11678.578760352859,-5873.029556127312,-9992.537358887428,9695.298021957176,8715.362920848693,-8656.714617841806,15209.136295225377,1900.4055849048138,High_Achievers,Empresariales,Laptop,Móvil,2024-II,41502.57244627713,29047.501960224155,319.35680856858244,-6696.146263548687,-11266.149103519681,-19935.605077181306,-2025.1433957382612,14190.305585416969,3865.692204645359,204159.22611046687,-3850.595386681678,12518.232008231875,74750.94726029123,57164.61646716883,3249.1302456440753,9435.377082073388,67311.1028039727,88053.95251675972,25313.563867283818,12704.48565933069,89070.06559242633,95112.89954616962,21839.851196509364,23670.72591382493,72596.63062228705,97602.81668537631,11773.021341798089,4033.1672003659587,84452.01951186155,91476.62933113726
10792.36798320178,22205.265954726463,-6711.6461238116735,-7491.491046201318,-13184.586540989405,14964.084358756907,-9908.73197962957,-1167.816562763047,-209.315950150587,-7312.992161221013,-2218.9334039253845,21361.245182801526,-21128.83515355768,3993.0645806194807,12490.144399153185,High_Achievers,Empresariales,Laptop,Fibra,2024-I,17111.02102600854,33610.874853605834,-176.23645194202663,2694.46898023863,-1026.0212089237214,3622.9808574103945,-10374.068301402769,-21143.321105180377,448.3646182888763,198390.82504318314,19440.663068274273,11841.699323029912,70935.3363175191,80097.23204195008,13209.3408285002,20714.017693052247,99713.3697876821,68298.14618866463,18516.966109320914,16671.02340430384,89129.2261144256,107426.41443659455,20123.272155274663,11306.79974424229,82255.87151030175,90456.46219331074,7867.657336658493,20126.86988291145,93086.0959714219,100877.4994278017
11630.635405808502,18012.757983785894,-2215.698313582534,-618.6134934980641,-14971.550882229245,5363.627761405036,1591.1798335994094,-12369.182670100992,-786.9023462775813,14943.880755394453,15093.831355321381,15184.3478253815,12551.695574210795,391.4878885936464,-4632.55057178965,High_Achievers,Humanidades,Desktop,Fibra,2023-II,26177.86312671464,5039.0802849305655,13879.082593026314,-3333.8878446038066,-15404.144041490641,1430.9292591724286,-5542.289157924841,-13615.308311241371,-7868.292388067555,208792.46828442588,8431.363884830773,18447.823080302598,82749.38101681745,96072.86545754247,5335.3140212562175,15945.364806244565,82224.64462101048,95888.10113997676,19529.401391782696,34427.113556776836,88337.12560814725,87419.20363610727,20360.802661013986,15814.329435178455,81044.69749030437,84577.5206000451,-4928.888648599033,15067.011149799246,99496.55089760746,89651.14531854555
32260.426891326668,20070.671647086172,-5417.356388995418,-1739.8091690596384,7552.447753323319,-5705.3175728701435,-10418.443622633968,13792.583556665084,-2635.4868628993468,8703.350632887816,28186.924336979308,23568.230609625232,4340.993701119986,15989.156725117431,1484.7037975221328,High_Achievers,Empresariales,Desktop,Fibra,2024-I,20767.504124633208,4274.305092774604,-8812.060341281514,2973.8959632818965,12225.652029330522,-2435.398041401963,22724.07960491045,-1401.3087075557235,-493.09037607096394,204738.5640587714,27484.66031945725,20930.15875747587,93693.65571290493,60235.669654526246,13328.135871646518,7601.798039235131,91820.2255181774,80873.50904668424,34499.14751565843,25722.737106529046,101830.22696985197,89151.48523049301,6030.745618097395,3999.700934113949,108557.53030608234,109204.28000481501,7910.842832843595,28666.80560037722,109064.75941574943,95700.39845145441
21406.122214465533,-13880.395314205532,-15044.025272713294,6743.024341841667,-18873.585353425224,2511.6850502260477,-433.4830098706602,913.6904602480477,7092.210881923192,5770.323670431646,26563.864958715363,1209.3372981552843,5906.916246177015,4798.194122521363,-7002.804409158994,High_Achievers,Ingeniería,Desktop,Cable,2024-I,21703.940758082983,6094.199269230055,4980.974821226293,-4423.639563490599,-3109.5635950863516,-6653.2630744706385,2720.3702149109113,-6997.184299730857,12546.538622202246,203232.9736124801,32406.651965649646,40070.99952969537,77705.97039114745,97872.73803860924,23648.19286553457,6041.426909228316,110738.00192320382,104424.24474213066,12424.35370728745,40150.76435783952,88953.44719676819,82169.8874000847,34941.404653956415,27433.717369963324,97360.17331290201,95624.87825843302,11797.24048673659,15178.607969047891,85989.66883880219,94325.275710008
12874.30870941331,-16893.697889263498,15480.378107625667,-3032.822065883289,-5425.392729054469,2551.3874828231833,9328.172540582222,6924.184897719302,9840.155800607856,7288.023853151056,34880.433239098405,12034.51091247499,13565.845017120022,-1069.2127323949408,-9127.429601253958,High_Achievers,Empresariales,Laptop,DSL,2024-I,28962.39954369304,33202.16957411393,672.6856707076886,11087.769896719998,4217.271798109248,-11847.855353729068,2511.9334417386895,3352.711469207606,-17186.31854492902,203900.94090644934,8078.302079734594,24994.71129445343,93946.15904056339,95717.09721898558,15203.051120561722,4159.445210035872,62343.71788762251,77264.90496262355,2819.7273726489457,16099.730584086567,85367.4915262576,88231.96586800794,24999.129010696426,30644.174748155187,88789.92380368702,82996.0300791294,16424.1678181237,12906.487305757058,76355.54527674498,77422.64089644841
13583.001630624167,-5244.462193235027,5029.7570053822965,-13885.552558476613,-8965.745583199056,-7960.085109209321,-13959.353146822086,9774.619698471293,19495.306733091842,-37.94193323353602,43328.74174621834,17185.868275045294,5283.594382295447,-1517.564383165889,5229.511766375534,High_Achievers,Humanidades,Smartphone,Fibra,2024-II,9261.442860093659,8446.189096817294,2627.6944446315338,-15721.887633941444,-9260.22574699417,-6668.6325664799615,25221.36367866986,1938.498427923728,1453.67819718191,208685.24518226323,15403.95395873423,-2887.5674158019356,77055.5982462878,89402.9058399817,13422.43011219189,18481.79305666973,85309.12168681406,65440.738976834255,28877.659193066618,7447.251610676977,45557.63837447865,62999.29655152175,25880.113582276193,14493.909648860146,100943.60914050628,96389.00897158518,-1187.1950011498266,5491.941223594464,82530.87184648,94467.84039265578
45736.35396094589,-6683.062934792933,4964.382850954913,6603.253361663063,1153.5777913535821,10686.327183299823,-15517.391607330752,4120.3967637677615,2896.848322579775,4323.502738332021,36787.65863325599,-12426.619546074537,-8113.7505321403605,2782.7611320562587,-7751.495534656641,High_Achievers,Ingeniería,Laptop,Móvil,2023-II,23109.034211841823,21262.895018602845,6885.0762147852465,-9789.403063577782,-6169.640293450166,-5916.60101921721,12080.466862584824,-4395.209570829395,-3153.823324758996,204929.80461380657,6196.173532140181,28478.275935207505,85018.97460078557,96999.06572065984,14831.338550104905,29854.745506519826,86148.50983434981,89340.6779881426,21174.050573364257,24694.811750319786,83205.87935736276,85947.40423144125,9360.385586685994,24775.09722014516,91531.4481294225,88088.4390176451,11945.474741403828,10550.734285088034,79589.26407667284,79178.84710331445
10669.628960208283,7978.494516418767,4590.125824049222,-8504.136219226875,-13830.193432980255,-5279.5793633410885,11204.821667273229,-28301.815378989446,8754.491636034956,2516.9138562085964,11266.403297276234,-2037.0081264469754,37418.37102364462,-3283.008034568842,4718.679546235116,High_Achievers,Salud,Laptop,DSL,2024-I,5976.40040707661,16457.606124789472,-5680.466695936705,-4893.772670297483,-10404.374202951052,9015.572138803689,-7845.652609321846,17797.597190303015,6661.717551278517,206222.68142097298,25926.84865585435,27122.042859927176,89822.35650880326,88477.96667865779,26435.60349712275,43444.72988132049,97737.32853762092,121963.33377285206,19679.348724527263,2358.790073448774,90185.26097030046,102793.36180034667,29804.64980453057,16716.34899497135,81069.46717533245,81724.39139344428,17713.65557224161,3988.0595510997373,104089.97774552646,83414.8431777823
33564.8203574551,11990.598794837446,16792.393161624776,11802.62351361492,17877.197897557053,-17904.895789352264,7072.974228743287,466.19961774348167,-9695.925986244514,1980.7599589672755,50117.34069926772,5303.930056733013,-3208.844117991397,2120.003746448799,10773.174041037744,High_Achievers,Empresariales,Smartphone,Cable,2024-II,24295.962539383945,31141.00601413861,7247.366379973892,-1106.0365841175844,-73.82219891848843,21332.993955966525,-6256.269216107509,9212.722026664067,6366.7098635263155,222509.0603514664,46883.527382827204,7554.817145965482,98920.64457043292,69703.33724203872,25560.28807759137,14589.036005608294,85943.11734831941,103073.1021533942,29241.58395442454,41288.72699665522,81026.59830194694,97451.69244409319,15765.876504588561,25679.865008282304,80427.023201794,88623.3113265486,-6862.386563171232,17324.635957075374,77773.87003371747,101682.43029370616
32853.53236201809,3975.0944669673045,6938.411581606928,-9688.857974863087,-11280.41539488829,4164.950396484191,19412.389632543458,-6385.481161162367,-4807.146863874402,3336.783224201956,5322.224435462107,5989.59772022703,1933.7939848418123,-15686.306225228705,6567.591134766831,High_Achievers,Ingeniería,Smartphone,Fibra,2024-I,21769.349698230046,10726.573059564265,909.7840135043984,10068.426534917842,7064.215137621605,5806.832531287093,-261.49426649564157,13811.481948933235,-5009.516366743407,214983.53824726093,34891.3236621516,25519.32975827322,100577.35385055977,95241.38944861942,25612.003568133514,7382.66420075878,105795.58490031492,97142.89354717167,8598.123504713543,37029.69992714004,99012.91326060632,92229.80270360073,14429.021238177922,27870.57328978221,96640.75423933269,106650.87827546634,37022.91976928077,16450.703456272753,90756.06195953186,109082.30075894183
6718.92127711928,13385.351502446243,6262.843821530367,-7204.512064996196,-21762.36326275263,7783.816038136009,6921.826967487332,4614.371110560215,-8597.31231608743,22267.652398649545,28736.972606852753,10800.060591457659,7555.231648035499,1764.0823700747262,3565.030646847077,High_Achievers,Ingeniería,Laptop,Fibra,2023-II,15219.116297072767,7914.6329168240445,-3156.232352309162,2948.7431143483386,-7555.532176108861,-25303.796721628893,17236.797501112007,1955.0075097566012,17197.457989677456,220230.2519510793,16157.566015912536,20246.594319189855,107180.58207813305,87960.980315654,20331.75308261554,11413.200645375804,89867.07524013505,80817.16480802202,15215.03214327787,643.9960391202349,84227.64054244902,62667.84343368681,19980.810430475667,26853.672219231434,75022.26339649223,89373.76175934021,30334.979116578797,16399.477921067053,93937.10683236031,88342.35660879305
19457.61262208452,-701.8549698422139,4326.436953012948,-4584.009540531426,-11588.526621572333,5924.537955440328,4773.804930569259,6210.487685618187,5917.305757505143,16653.81582740966,43190.783540219716,2069.7631297458565,25139.403323674534,16605.667188831772,-10292.238894092643,High_Achievers,Salud,Laptop,Cable,2023-II,35482.77502516532,27945.838061387716,12043.493636969339,10606.342149561273,-2092.7206197961123,-8509.453502953469,-12687.87495549514,-19861.686792408396,-1699.5916980326333,216045.2987400116,17160.901693818254,29550.676417080354,99479.77115722488,99539.5348321168,20363.380605317197,12270.003881006469,82508.63070819681,82360.04931797946,26095.01451064014,25106.730768893,98175.86164283949,112662.15679700616,2777.74154363906,20302.073191863936,89266.47628706119,98540.48523191626,368.97115493757883,27938.94161977255,97641.89352465994,107512.86295876543
15059.540123499562,1091.0658287882416,-8352.280830169238,13828.778526160955,4394.474266241894,7105.210647152796,4929.838044523123,1022.8746014073026,5718.077618291541,-8300.727537213854,44006.29226064748,22792.220654112232,-13393.086285131081,-4734.968895730611,16740.72240899791,High_Achievers,Humanidades,Laptop,DSL,2023-II,9142.480916456076,9530.574595345488,7121.352153468685,745.2365153403914,-9699.758418534953,-2108.7562281268647,-19323.260512016215,800.0699758313033,21280.451707732347,228504.78984451262,5806.950476457128,10295.425349961874,110550.86743633088,90590.4610975835,14886.461979117368,13553.055195439814,102280.80196901376,100822.12982834922,2631.6278616492236,21597.849462037393,86932.58700115932,95500.75660036555,12907.865070894415,6880.745878366715,79829.8197449905,101414.22682674705,17628.27426831189,28156.343835627024,89678.92399684439,103893.54417254952
23822.979454259228,-16012.060942006492,8777.61769026984,10768.171888785757,5144.01782013928,12120.537621366655,16612.10178412378,2943.7965335680196,-5467.57916037923,-10104.975010936963,11751.490103228907,-6184.496616795972,-10383.635208343867,425.74276463734714,314.7087116191534,High_Achievers,Ingeniería,Laptop,Cable,2024-II,11088.776506802937,21566.303893229055,-15532.728080864577,-14949.745783906632,-6194.560497345808,-8802.021326535772,-7060.336795351559,11611.983218288933,-7866.226719286875,194363.42272511875,-5083.1051662950995,8196.723569295946,90935.70319791917,88079.35397500663,17321.492081533102,12329.731001785933,107093.86087462089,93072.06415393678,23787.079634944697,11390.433853957968,83500.77485426037,70643.59558072384,13683.400985387472,30787.324658878788,96749.69424821952,92010.8781188901,13714.88881533522,18232.245989233477,93086.10810593818,100452.93949916458
4662.192159952878,-1814.755550034466,740.6118890685556,-9467.33880011328,-16858.840120024353,6903.76465532156,-4250.799652237964,19.970850250836747,-11887.987638695362,9980.517332191437,7306.696884831621,-5141.527014276948,-5524.663046312366,5370.329093660614,-7339.845269485695,High_Achievers,Salud,Smartphone,Fibra,2024-II,20121.68976075164,16196.457584997044,-3415.3030817747276,-16420.665103552834,482.91966471752414,-8158.895774967405,-6105.708273462726,2389.686586743589,23817.1975222517,240137.13391547222,28528.709092146906,17148.34989779397,95686.25289272743,79225.07267333573,6976.143217093031,15557.593023741694,83574.67770281827,81024.90765585234,8911.132001855927,10271.837647311517,78719.3998312893,75117.23144326571,11129.818441080433,34415.80194509002,86751.88980551407,91940.73355586219,44740.529383357934,13539.93327382387,91759.85292548177,101976.56340411918
22233.814220742628,-2849.3659844500435,2529.076412099641,-15298.087409936137,-16968.314495358136,14676.578514095881,-2078.824123296239,-16288.862276048947,-3719.4701990883987,-2015.4280925234648,19449.90098626881,-7080.684452940261,18613.8750666863,2773.737242139875,3829.963511053561,High_Achievers,Educación,Laptop,Fibra,2023-II,36128.282679537806,35342.04351751213,3108.029093959301,7199.280726109936,-3442.194005571126,21179.635473293794,5844.456514560825,-10313.755976647444,9328.852337422488,221278.60473905585,6954.45355667351,17488.33165124235,89195.62833729787,101850.47195788073,7127.825015506992,19924.291291626647,82341.05731278202,89001.24820249529,7510.720885947909,14283.68819962491,90541.0694677999,60895.9752181921,5452.715447443339,21031.15721551025,64582.34941441913,81603.81002113114,-950.332784027516,14033.446526297705,90742.85815238979,76282.93530204747
25997.538087431094,2127.1917347857798,-11563.681919433717,5197.164099285081,8007.254837058802,5747.126161756347,18678.786750056155,-469.02048208427664,19024.06285781638,-10213.112414148552,16449.2913576421,-4006.1786556638253,-6326.189448630845,5981.226072886155,19037.183799686165,High_Achievers,Humanidades,Smartphone,Cable,2024-I,12742.802581161166,27153.118024086285,-6028.450305124359,-12210.66839842448,998.4469394266455,1072.9040905231516,-8725.565251781352,-4374.579950984646,7986.67612507159,211509.62579929706,15229.12461721144,15302.218696315078,90026.99912800304,85635.20583076245,15793.53905969434,30279.281645345447,105084.36017266431,112506.70083027348,7239.065534187592,20391.685171718687,97332.31741451663,99932.22419977133,19054.934121170783,28670.804941442922,91609.14040502309,84639.91222096702,34787.284022507025,2768.962147997696,92667.57442816968,88067.54250208398
-8057.310868758406,-6593.001989690139,2839.595804252541,-4296.398802084592,19115.266967129595,10703.920718709847,54.27257405250111,-895.6993397648989,-3004.6629862434547,-6238.590692720379,444.457946901923,7952.533928138797,11698.79086409598,-2377.3096097026973,2957.4629843828843,High_Achievers,Humanidades,Tablet,Cable,2024-I,3679.613471394805,29977.7001448971,-23399.968821995993,-6681.480110591174,-9896.73934140311,-6328.953382697767,1857.354960046521,-2361.9057412661177,-8822.55534380463,230273.52401596267,1326.6102537709558,15097.272898943957,93871.74206308206,84173.2908329417,24441.3867213694,24002.578024201295,107499.07862863156,78706.95065602554,29229.984985201252,31308.84875555433,103355.71661975041,81799.98888382908,29345.794118644608,24167.26526579686,78545.70394084531,90467.78469479071,39186.32867310777,14596.962417055141,87442.98244390929,79801.72563743716
17103.657460433195,5950.122387273996,-5794.464951603803,5221.999645419682,7682.1490857392255,-2003.0488201530945,16399.868933279533,-3146.008906166305,-9227.350442374252,14916.861741399945,28205.69902037435,-14987.417015420206,11427.997101069954,2984.505266416068,2623.0048066470194,High_Achievers,Salud,Desktop,Fibra,2024-II,20317.01524326632,14273.78340957735,-6607.548044795941,14804.616059241023,-12183.501286990222,11495.719046915643,-6969.711466465318,14477.334456887733,931.8360146237758,206355.767864545,18074.655506802377,37534.396514168024,106279.80063253913,78071.18849288818,38820.08634209451,20293.62382443609,85589.74901494931,57236.27272144077,28107.7579116181,10009.393971015137,107168.33857737391,84307.36479004969,20394.25884339655,3931.4171867659534,106293.87690305445,106963.02983298246,27071.106870479573,12558.55545649047,83835.45669691032,68228.51584633265
-1273.7288055836798,11550.329984149252,2324.2823619905935,-4824.43349228499,7360.836108764293,-5681.398618359431,6943.236684652076,-4776.8833399290215,16383.302912438154,-9651.769402984894,32034.622952475926,4661.6873755244715,-8976.808197277613,-4946.823806481116,16804.00119421515,High_Achievers,Humanidades,Laptop,Fibra,2024-I,40609.99578582809,-5160.437274098218,5796.603707217325,24684.319096536638,-3123.057836003102,-432.86060398038137,-112.00366460406025,4032.6831504510446,10036.879436294508,216792.49220578116,19279.605468959184,13828.517481976276,98429.8934284234,111560.09384383883,17890.521055010293,41981.624223009356,70958.11412428744,82792.4374035327,371.69169845847136,16497.85421636228,72727.59186052336,87522.67002605938,11163.970286569178,14621.240480582559,81167.01667792154,63030.69163227263,17937.66984026157,2992.7100229148054,87920.33741341022,92771.05569844693
31218.456172270442,23388.44655072176,-4230.6546074373,527.7826072140708,-592.9737102359738,4681.2999457423775,-3536.0977105430984,-4324.861940566036,-1607.359303181247,4612.634415420245,53787.80915944918,8172.498161091393,5792.0012727842095,1027.4138069563774,10449.88310534053,High_Achievers,Ingeniería,Laptop,Fibra,2024-I,32271.91204621258,13300.7766301934,9563.883643043333,10092.694143300108,-523.0214487050754,1696.0552137623508,1249.546321270805,7211.600284831315,-4161.2977876705345,215747.6263572772,9899.089545993329,15715.663367267036,82331.45810626238,96424.62426678736,10444.215503044215,-1855.9444996913371,72827.53386221995,100903.4743453463,17172.944556818107,26565.93214878881,90874.82617436399,93922.17748592589,27737.38268787977,10994.716038330413,99491.12727707479,96309.80836864658,19147.979050037975,-2118.4818693027337,91134.06516292988,93884.01299446462
12323.140227134125,2429.3742023096984,-10214.486920266389,5897.553728888701,-6775.304962270171,3715.9274125509023,10848.179127210995,2742.2900291663823,13800.485643984583,9664.783518521006,13313.327449895905,18610.063656078437,2937.8354794766014,-6032.653219329684,-10174.48003556578,High_Achievers,Educación,Laptop,Cable,2024-I,16450.81683503614,15443.786180735533,5879.923212747599,12905.859921692454,-9301.603209396233,6782.911526614881,4511.81254627165,-16644.588704016867,10041.937162764909,215170.57191291478,19559.057645698744,15416.166737450712,79077.61621248745,85592.95892348509,30375.256547002416,9825.465996522244,78098.16193755796,86008.51702970985,36441.268415849554,28801.54336263155,89607.80669093264,76696.19816352143,6829.755906782393,29921.995870082937,71825.32504344027,84881.31788606242,478.44803178939037,28622.304235666612,84222.07711023594,65583.66116901474
-5993.607213774154,5357.2214983907825,13945.378327626428,10368.262516124392,-12612.839969492848,-15614.057569675166,363.7912475730818,9718.904931688448,586.2907055012283,6961.370340401467,14961.616995772347,19581.184388201727,9965.86538077082,9969.446652799188,-4405.786133345951,High_Achievers,Empresariales,Laptop,Cable,2023-II,16669.74163142,24779.067888820693,8488.230928659546,-11677.903778710834,-521.6374082728064,-2139.0950794474466,6777.820309721697,-5855.064960602023,-10514.294850485267,218764.9501878921,27593.095587419564,14990.483159562358,65493.55884312513,100700.29912508755,27592.114094409324,13501.08734821288,90403.60380537134,84764.75720716825,11869.25628428331,19401.885182159986,96819.838712567,90994.32983313687,40916.37243599312,16447.930759768795,87448.58564887465,88259.64609627899,7298.294616376699,37293.42754484917,92668.69099989848,100621.16980951569
11900.178986002787,8779.454243784912,-9340.740664583742,6191.614458558173,9712.411398706756,6502.048619197295,2225.562201733424,-252.84210341000653,1077.3836363133819,-1458.7118221605333,34809.79377595605,-5697.178349596407,2506.5167719698165,-7518.825330592117,21555.303345361783,High_Achievers,Ingeniería,Laptop,DSL,2024-II,18645.824830722006,15967.414688248005,13416.873674326434,23515.639211833393,3328.9694129896575,13714.40710899913,-9360.0956928802,14391.403307602239,2970.915657702824,229180.83241911817,20698.191154824082,11804.95074495775,81514.70895580084,102595.93186665836,13609.673100464028,27214.757435478277,76082.70132068412,66680.8793200725,14596.594325829425,16840.324362603762,95987.27045873256,78248.55837028289,8280.684889432854,34999.63870770471,74180.95834624994,88183.44609312438,11106.124460238665,7965.5767486442855,95431.94618037496,99380.04667268513
12259.46697966418,4890.923080193079,10282.108023515135,12313.544422909446,5897.341404059966,3065.310381304099,1625.8902578653774,10652.027031542988,6367.97101013251,3227.344841124388,-11094.52614785153,3234.9592529418205,-16573.250452486416,-889.5446147466023,-19061.65698919705,High_Achievers,Empresariales,Smartphone,Cable,2025-I,29783.124659436962,16234.125517993936,3031.7805533118362,5734.321005155783,3674.5417389618115,-2529.16709797912,-6969.75385359505,12752.301967615318,6620.774801882701,224907.60566141352,33492.192710929376,14874.923943010434,79872.95736557675,86950.35526473535,20708.696134965146,17528.678327914633,80692.43615642164,66850.27170534922,14778.966004511763,14134.86943905392,68349.38581998991,81434.44632509672,5121.955991363806,-8380.213590080879,99024.46549429168,89560.54789234702,13610.631421801196,12767.280582828975,88921.9220806799,95339.35770726282
28130.894944744872,2670.994101395014,10469.677462189817,18751.201096800254,5892.259899077606,-10843.080092224423,17961.095574558698,1738.2430974168635,20729.854966138184,5477.705467163327,9168.4410708886,2340.900778533589,15659.630707404142,4670.202561879843,9343.285377460865,High_Achievers,Ingeniería,Laptop,Fibra,2025-I,15763.432013292044,21415.114431527003,14599.36361766152,-6521.413869463046,1298.5780892498622,12601.372510959822,21711.49161460542,14961.180996078147,3112.0065895416733,240442.29504236396,27162.69281616911,19026.314643464742,97644.30620964136,90892.64889999905,21199.539916520687,3251.9662231726634,68063.94674837777,60933.701782351665,13373.560771709881,9166.466284762027,80584.38927112517,89113.40278405372,15477.109099251396,12508.371430662148,83372.42762623749,67953.44182922022,15761.292596121295,15570.012850101253,83710.58037494072,78917.50687737943
18384.260728287216,8838.512003762695,-1206.1930980984694,3758.7449245750736,-6210.746838133845,-10277.753645000626,-17781.31177795289,9487.68387739221,10863.010797489276,15125.36135937159,39627.9198417886,684.3305174761285,-5238.4035252915755,21327.660063865158,-9334.236346308886,High_Achievers,Humanidades,Tablet,Cable,2023-II,9221.98801308372,10199.291803062402,-6819.683167933643,11368.909504388417,-2713.2335082814116,1546.9631419082998,8813.921071573299,9589.321204213875,-12285.968336295993,215759.35207160292,6848.562780192535,14425.90766746474,89325.11245341432,84180.19041111085,5332.993138714888,33298.39805305481,114989.73583253422,80228.96036490415,31734.296415336517,19359.73646392328,84664.99562540549,77738.6467943472,13786.209680954948,16684.27332467512,78461.02491950234,102587.25554212923,15210.206007709208,16382.167195845213,106753.95517163564,99067.3418170281
13355.046790833647,33019.898154584516,-4611.492918503165,-3164.7876760718364,-819.1428627219636,-6738.957174561299,6570.263589324225,4407.624444044761,18741.14813894558,-2386.0603033736743,41049.177587138474,9932.96727046204,10418.618615365422,-1634.0576693551193,13082.132691325396,High_Achievers,Salud,Laptop,Móvil,2024-II,25163.700449550444,15280.537712075546,16936.48505130162,-21055.222517828774,1604.6816614084119,22273.068604415388,-23489.189079584878,7115.33808113963,9746.84308112103,222261.24287641945,18698.55862971142,20152.022789138005,88340.42001925198,82395.69464275247,22186.643086733435,17498.740987336867,85699.0319230423,69151.2715432526,-7489.409570671662,32028.82294614226,90360.88448799663,83772.44021201842,17048.633200194992,15444.785247120348,95996.62166718162,91461.07091446049,24610.36483282379,31358.771603820114,88212.81092020348,99500.25988134174
8899.412351927622,5976.750849382177,-1714.8371413289578,5329.108196660496,-9064.910723311647,1557.065997490231,5301.383704441561,9470.84922793811,-7711.717052637837,17598.120075434726,36210.667544767326,14407.034450673578,-18935.39575176219,-6371.157268629454,-17361.313550161754,High_Achievers,Empresariales,Smartphone,Móvil,2024-II,26295.975680692507,31699.7071609384,20732.65427385772,5014.668897761144,-685.0627497341467,11288.986078356123,26919.238255012337,-13266.102877407517,-19133.8503383853,208883.02341427817,16395.768617911766,-1510.7550658424298,99001.80760695245,82391.76309984988,26725.45480866782,17483.39596894579,79424.90984291672,68729.05466518403,34156.19921718499,25117.395771697687,77015.9184475187,93647.37552608701,9545.278859306998,7988.878320435086,86093.03865900051,70940.77473235822,16284.979394752023,796.3444223783445,71522.37027939524,76347.50564295604
17001.29800214476,-6088.1728975422775,21059.120778547767,5970.508692600202,15032.842144846662,-9503.320113014603,-6313.090136693908,-2110.9014213990895,-3204.4750852289135,6750.582619926259,21769.05080302719,-5265.048243274812,11102.515863313394,26979.246451942476,7400.048176119835,High_Achievers,Ingeniería,Smartphone,Móvil,2025-I,15273.770891084874,9302.21014255224,9455.165378882872,27566.47312032469,-10943.001711405464,-219.5315456982125,10405.262375085833,-18868.192189534107,-15570.082055214109,208329.57251120266,5953.531237660944,4287.425180913022,71511.92938874084,65585.70376869576,14364.597394675886,6984.2425099465145,89892.01392018727,68419.66351783376,15912.501329246636,5872.032309021117,103725.25219903365,89324.69958340365,-514.477167907793,23829.02499052987,76719.37570982499,85335.08415521983,21157.697324370827,11965.146562225247,103508.0416928089,70040.10000690374
27524.698937710076,11701.762584379087,-9807.445896834748,4052.138749962134,-2409.448373829463,3504.1280040044808,1640.3142710682928,6402.035202852054,19846.98525620275,5828.242361626908,15896.650858644656,1337.2696771411024,-16279.109997402446,-1638.6247876305347,-7827.631074418603,High_Achievers,Ingeniería,Laptop,Fibra,2024-I,-12869.90132705509,12347.749203118296,-12445.885358462234,-1119.1136419397064,12451.533346920578,3101.6612823132295,6333.883671378088,16835.682639118146,6360.485425700938,226863.76317596043,9892.045262172944,21950.171744249226,101001.53280492134,74868.61406528013,7138.073112172013,17696.71699242101,80410.1322081436,95010.67066958913,18516.525942284345,3707.250572892899,92111.08465041983,98363.06004123326,17655.126161086468,15027.608497257683,75735.98009163464,78679.98069796099,17265.192265256355,13025.606683171485,86483.11460199067,92773.76223151598
8211.78651744845,9017.648193824023,10704.541807898191,-1891.4117094881103,-5631.947557111807,4006.556864849809,-327.94456285841625,8085.168297191771,28163.12512539048,6559.900633859245,36119.60940040254,1431.5700696938638,3243.179715956943,26023.94638030399,-2190.59091108002,High_Achievers,Humanidades,Smartphone,DSL,2024-II,13484.199665130882,20501.376644855158,-8775.599982691065,-4936.966605345044,-12714.198243010605,846.1941033076052,-8687.21844235132,-5161.6353073814535,15.513420321073056,229890.5086525193,18240.882358021157,36162.556855780334,94112.85462447458,69592.75229445034,28464.22303637323,17137.291618796757,86814.3252752204,82654.87603995675,3931.8188454434876,34025.362509696846,102167.40812873101,103555.63522096108,25145.567637401033,7730.514844346508,102329.5986591193,72419.8270735837,1829.269330477524,24814.792209869913,102076.86435356355,91806.6386083674
20681.154418987553,3319.5238428931643,-1459.9678110158588,-5805.292449275298,4258.727153305197,-5482.432691396493,10776.176601421808,8113.103439955863,9368.484822430475,8092.513306706032,17348.57321093866,5831.500458785395,-12097.60129384107,-10086.652069639837,11982.568299786059,High_Achievers,Educación,Desktop,DSL,2023-II,15994.150635595512,12794.336367189793,-2578.6610148443206,17374.93505388414,11167.567288340408,-11812.676270835671,14119.079812260377,-8873.76488585217,9470.053307472199,233014.15826999155,14760.364180088094,11895.241723760488,98093.57554915309,95022.23684638528,20258.881239648028,25803.593787329635,104001.96951443737,72838.84756018088,27863.987065025867,7395.325145979172,83368.35454328252,87887.76149855068,21863.5215005394,25291.673466777713,85001.74155224819,92541.24026386901,11229.772226853154,35277.178943377796,98684.28726461605,95184.55844009857
9319.235180459422,9198.732135946608,6637.405161281044,-7902.515496258523,5609.9748168499955,-226.73837832188457,6071.403952774468,-2040.7742240745551,-5214.355343344113,23239.92021002985,11538.359002668209,13352.746226711139,-5473.938966846887,-4961.342440065275,-2771.891369241114,High_Achievers,Humanidades,Smartphone,Cable,2024-II,36095.34371886263,24530.042954254226,6105.76815164131,-2289.8775798287447,11236.840734189485,-1306.5211435018246,1901.9955821857175,-5864.282498933881,-15306.471544592532,239554.72857690588,20722.230867794024,13501.97910602582,74245.41540056404,74330.8524772441,21914.419446315143,20784.152653194906,90877.77698874028,94245.43404779416,15085.338547019373,15075.64785895067,99144.35035300278,93572.52568920498,8249.828593589007,16579.725334404553,89587.8341789759,83125.40252433612,16629.94051571146,22122.97067733454,81529.85888101908,72429.30987943643
21423.878164362333,16091.38441696459,27344.575813216827,2280.013721145684,18765.00598488948,-8836.45455814382,4331.672511777533,-11283.167935592968,9976.998499594298,-209.8128332949782,28712.48011283142,4879.84944414202,-6159.951991714698,12157.46804808076,325.7543130714729,High_Achievers,Salud,Desktop,Fibra,2024-I,35553.18232283739,19643.315341219677,163.71814857515392,-6224.476857047575,-1259.6967128024432,18460.25116777983,7510.16924584551,-17895.859765730835,-7918.010145002248,239404.35176260787,15341.518139635056,22182.534503596202,81768.27152445109,91351.1714076558,14692.935727987413,26522.231655496744,67990.49171758552,87457.59309172885,8500.542198767196,16064.526070787868,92955.8512803257,108403.78574832283,7758.575525797432,6040.809880182835,70508.00670755848,81317.2057015508,12749.545192103513,23016.977743672513,89302.68895636406,88519.66846816416
7608.418882482054,1822.1289278872127,1644.38581994939,-6571.450760367536,-7334.479329229399,18595.210931473808,5408.19676330753,7091.141813143315,1777.535215404312,10289.127214588672,37621.599439059326,-2205.1680086410397,-3319.687860572283,1979.627660376682,-1229.9229387263786,High_Achievers,Ingeniería,Laptop,Móvil,2024-II,22488.153445449894,627.5008734066942,7208.404743899805,-12933.983692809516,24102.429223458883,4574.672108977947,10038.90087040314,5766.827762749923,-6506.842172897971,242638.73680882622,25951.592436232786,23706.588195066317,72990.66117582905,69620.3521563296,13038.88065270455,12000.85787720466,98125.69570248357,99301.433934953,22322.959825520436,19250.931691890768,104428.25656893654,83466.4844267456,11731.242945039507,8106.228640334921,100387.59526157969,72798.50239498634,24958.908991164764,15210.233909690669,93042.76992289089,78332.10619053818
12.22339862384797,15222.318755358767,9753.687919346974,-7330.064622362983,803.697626821638,2492.36882747883,-9818.052210533302,6357.980245727318,7285.8691552268665,-7350.716232446686,19404.051982306133,20445.195150653162,-10997.491090240355,11446.321343052572,227.0576127498466,High_Achievers,Empresariales,Laptop,Fibra,2025-I,20133.61663388695,35115.96662979955,13017.499352423063,293.8207675076983,-16510.620551688477,-21969.336168065976,436.29888227123035,8017.735099978673,647.0829676418816,244477.72270542156,22798.241870450307,26643.23441420574,74629.39846099578,100780.5334114964,8932.999933853964,21447.12133504478,64351.90097252469,67451.74345185126,46560.658838487216,18552.54957882528,80399.6420386852,62648.573226444016,-3270.6002528078243,25967.159960277808,85545.7047945409,87150.47454302554,13727.743553622331,35893.46653026226,88191.96933511953,99039.49158443534
7612.348220298172,18597.48650030144,16091.641942499253,-15849.251449745556,2231.2765780110576,4955.818524465244,14029.985290190238,11803.00229478441,-8429.677281399287,4397.096929123583,19596.55643802976,11937.702727631357,-4008.733169943781,8042.433320503634,-1221.5370406547202,High_Achievers,Empresariales,Laptop,Fibra,2024-I,16551.143512342,20931.075016495575,-18631.518768608694,-4501.347145624228,-6433.645641315314,4639.928837727022,4384.752091058271,7483.687868686462,-9250.715852074634,218635.7563827057,33713.12649013261,11655.617050371973,83733.55175082562,100226.42304555679,11079.375808187659,6747.421821910915,86228.72998863374,91271.6278643437,1995.731924376656,1020.4756708249315,74756.60616450348,105467.09455326127,17551.627564058137,19495.06930107899,108182.21511786275,118468.88038939133,29775.390108488056,17068.62463916587,90757.80267442508,85107.8532387212
17441.4043139958,11481.929942068564,-6544.548333967054,21216.177619270577,-14956.925429040197,7076.55755372265,3201.672076982444,-12802.26978018828,11161.694069737168,163.9733953884397,42458.195346931585,-12896.45974847598,3308.2210595891984,10330.59638786801,-5833.785299734847,High_Achievers,Ingeniería,Laptop,Fibra,2024-I,32538.589984784972,15102.94016856252,10909.9374723343,3999.71634387976,25393.808650434894,-1017.4289841925173,1863.0503206044025,3842.1933543140067,10006.320854835825,238598.05549020926,21888.222078293453,13030.97660334273,96509.44274794724,90977.45579913787,27080.376404824336,35860.56342141372,88047.13862180813,101786.28880155233,11661.378426950054,22487.187558214304,97609.2268088597,86926.93874131682,33257.76809435579,42793.053592604,114986.14625207863,81335.6143156325,-6979.219511652334,21068.65087203323,70085.92318146759,70854.36405133376
12064.326209760602,783.2986225639979,1270.4651934720519,-6196.278385926454,-5643.048608619947,5030.654243026392,31987.244220988854,873.7996260365576,3119.091602437753,-2358.1699756669523,24247.281020186103,-14210.852207228963,10931.524280122889,23688.009854793072,3134.9579575496023,High_Achievers,Educación,Smartphone,Cable,2023-II,7565.766463244579,33553.737787313,-6615.574244282478,2782.598028296259,-10423.391059287605,19569.761356868556,20811.479216093714,4092.6251756242655,-9188.33200694605,244822.0555711304,17646.403993872005,14591.459811581695,71616.59849090899,82985.23281015217,15560.854200818188,12576.709696344846,87077.2158332592,98728.04736912291,16708.05521936542,26802.141136598286,87977.60990030819,99675.02325519307,19729.48307027354,5726.281611530307,82699.9794656596,76736.53721230853,17042.845945060533,25574.016478603862,107589.08241141692,100071.40818664749
1965.2381382945223,5872.758407599125,-12527.491898419712,-3636.6104572401614,11285.124512763336,6313.032433482652,11618.188127357442,5712.829277166615,1375.1547318510911,12462.790086654742,43989.008424375934,2695.640204108595,10760.57637481195,-10463.696339674225,5953.270779374144,High_Achievers,Salud,Tablet,Fibra,2024-I,2212.2416596552976,4876.312313997867,-10767.626433867392,-6491.273694123989,-13470.820558281168,8516.665717565344,8090.511729508001,3049.118785572155,14286.018105061361,243247.58515663666,15495.626483806815,35283.28198128186,76996.95204127459,102992.31767621981,8616.070660628131,11415.085754135343,73907.48648202783,77460.69804950977,4340.607124445696,5537.110674969257,55787.813956607235,73123.04910713287,1932.8313675001245,5296.474526752041,84152.45265542137,83944.59860257561,14294.489116907705,24902.90573937026,84646.261243459,77933.25742466832
27701.238409277634,21620.842403228828,10481.382928196881,-24105.079113560278,2480.045715508821,4103.04668037585,-5162.642934991525,-8781.1394043454,-5759.144558229667,-5928.336715228765,20282.815700599476,16255.200860475983,980.5744381837401,14241.765168518597,-9328.139793751181,High_Achievers,Ingeniería,Laptop,Fibra,2024-I,425.5234037347909,29421.825028500294,-12691.786698060843,26854.84768216488,-5845.242990404064,21810.67415577224,51.939965232920166,16856.40648437517,-2771.5772873796946,242163.66154352727,33408.52283294278,24788.659955101855,91062.9387480155,80455.78886270392,31491.696538472628,25997.509763188955,61287.83462071679,93235.82795195046,27268.144664173487,-1660.2134793117984,108969.78295323066,63316.213175598605,16367.789837769455,45109.8636075143,105682.37832893034,96850.86240450597,15247.001502378313,19287.69728424935,108282.57042457908,123418.9586387412
2913.0187090011314,-14014.494367172192,-5818.4591868198,2218.436607244007,-2934.7182545455657,-4789.000021704263,7783.5199870421875,17138.220132162336,6058.240250549836,5283.077117306967,25531.82625565151,-6168.3499553802185,7567.766453731541,8349.168677352714,4970.921167258412,High_Achievers,Salud,Smartphone,Cable,2023-II,14719.99300026038,13606.48456185524,12714.536422555357,872.0607888662107,-27068.77222229399,1092.9780226412313,7734.353800824531,-4014.2455106272946,-17277.285725301932,250380.7369040215,1452.557050385043,6149.35938977741,90945.94049220358,97078.58182995617,32609.354502023496,15595.599445599331,86589.88624700202,96512.20516378559,37281.14989541082,15478.66088421221,69785.81854928249,88254.68800150498,26096.454842102652,7850.030933127513,81329.31035308391,97013.8485554901,12975.225623057579,18601.405051884685,106673.91928066699,99078.55202129786
13399.472646061417,9737.903867395851,-2947.744235720072,5674.979761410572,11122.226984041556,-1040.2635601645861,10426.55438682174,5469.416355908122,7798.750496788902,-4791.786587459699,40198.364462066216,19260.00631500574,4318.390002564357,1786.7833489475533,-14320.106178725704,High_Achievers,Empresariales,Tablet,DSL,2025-I,19600.594548183788,18846.82854511943,-13097.399986240172,-16751.43428175477,5484.5971478681195,-19662.248405612485,14265.166642179003,-4078.364562290004,-2701.2331100780066,254243.10926653445,20176.323060300212,4840.72735535042,85769.72180959044,99985.04405638686,17174.603934516195,11434.005993971317,75361.61926691084,75736.52329498937,30953.85953995172,22038.453531568794,99664.95589065502,91332.27477017371,6325.636116014872,21639.093209357932,99305.80929398503,81844.13939326706,14580.312664649962,5207.458079729338,76232.38152543783,92539.20319468256
27957.428174688517,11077.376803925981,3153.632398367843,-8138.502093916662,5107.4747936012745,7963.677501072778,-4113.432388667261,26646.948893979275,1685.644663646297,16982.44399998503,28018.984134681214,18370.855178827638,-11718.8034988249,5280.052528836185,1918.4297922854369,High_Achievers,Educación,Laptop,Cable,2023-II,19665.844175984552,4907.794314766912,-11277.302327117328,4616.287991791207,17887.803032144348,6430.795474054996,6453.110634897528,6966.216748621342,-26152.049981734395,264918.04266776907,9838.562159568006,10840.197024533149,93148.9511382697,108614.32495078695,18671.956915944793,14557.030906394115,90368.4090134128,66236.85089493511,12786.237917233862,23355.776198471947,98608.18136948424,91518.7289158276,5484.488239649612,23456.350407595986,92191.74081134723,106470.38380578466,28190.360425373627,25580.031588198937,68873.24811951445,85850.76146481062
19732.512854371937,-17461.86473721515,8665.51432989796,18663.764224610808,-29318.34774423432,15368.469478401696,18791.511660267533,-10513.284014869681,11280.891260493649,-18988.158178992373,4324.258443177815,2181.1223602639807,1409.0191467453974,-8952.483757074304,-1836.658098999916,High_Achievers,Empresariales,Laptop,Fibra,2024-II,52669.2630183555,27757.083240216816,-767.3982230395022,1524.600261568092,2048.6122366772247,-6506.717720413052,-1371.6753872833556,1173.4624381404728,-9337.413003755606,260003.18759217428,12691.832634343005,27144.32715795021,84854.14945594933,77625.39111429694,17826.598799600335,13204.55587572693,79334.82606818953,96694.43504359772,15887.213922498599,22536.509929473017,100757.92797488671,95747.51431190982,17337.04408378727,12359.69758780711,84972.79024411998,77607.80402187996,14451.19808310851,17275.926630341775,86474.03423657823,83713.56496955389
17587.940658413576,4966.690302297799,6533.427932008378,7375.806250616135,-3984.2942942916943,-2150.174598927421,-2729.3935180516555,3152.407447250577,15835.58391655554,-7487.879306446213,40781.912210508446,13042.417094946099,9342.067840460555,1834.1877985076655,-16710.79202242739,High_Achievers,Empresariales,Laptop,Cable,2025-I,24581.69453759133,24706.63547147959,-13450.592795056193,-15774.201984379508,4730.241050322715,-19650.744536840753,1309.3555176561017,-12680.975134367058,-13817.885855158402,245689.0880760262,11980.032272837858,27382.806764365603,56790.548939428765,77608.63880654502,7049.222089500844,10648.784069778641,73388.31960018666,72211.11841243057,12315.55556982644,17441.69540100489,95590.13330215149,78063.15724838118,12354.14785666348,18352.098459059293,84676.41505371619,103597.93617991183,27663.63612017504,25918.58506398872,80150.79751761701,88940.58907190774
16536.967266573774,14341.169561994451,-6500.286895103292,-6445.2634481788655,10363.246951956507,13567.854388734486,-14937.424548846258,-4344.426361647926,8071.592735879423,-4671.101895419645,21565.90278319597,-3430.9454320808863,-913.6485063336613,-3345.875686239956,-6652.194834259328,High_Achievers,Ingeniería,Smartphone,Fibra,2025-I,9942.558927256563,30809.396078474056,-1356.8390064668251,-7301.963662357283,807.3291338838791,2732.6571253722145,4856.0174622034765,-22080.27308033686,-12854.70023056989,246208.49836815285,-678.3508388544251,8387.870789034736,83675.21908658934,69540.50542154752,8312.84030989293,10539.776692570842,81950.95473134075,64048.246464221425,20334.01145242562,10162.910174389355,75218.95835615578,76617.65057202343,13645.262380838378,19178.795649878288,88985.54344933036,81543.14210833337,8036.1471594028835,3306.6183651705214,84744.11500427114,92652.65917309716
26803.229354987026,-609.846910466852,-15663.604848706558,11075.786315710478,1618.8870322791524,6189.115857331494,20633.60931386895,20201.370544667432,-1597.421624184717,14260.481311529364,26349.431068581795,9941.756769001553,-3324.443205807434,-870.5007797718145,-3973.0449901509137,High_Achievers,Humanidades,Smartphone,Fibra,2024-II,19315.61075409167,37449.61395946081,4802.791040086702,7009.011464359241,10954.066875086297,13510.675729405935,-14710.477794165317,-2595.0724615797008,-4244.55254870477,233825.8652418353,-1249.5126992176993,13141.269287336901,76155.73859238534,116743.56954849623,29413.15693163948,-253.81087136646966,76012.72909829821,107085.73840556384,31551.276431993683,29483.519919449627,101878.51385236168,93631.78892146087,-3456.9661204941294,22735.490886976702,89982.23389344459,96411.42634470838,38074.54838826656,29803.513740389404,99249.67424889587,89814.35642450591
34763.77868356569,8734.541436190539,-18963.464309563697,35035.93146609576,-6216.986023761352,-11970.21978345793,-8161.217879842563,8683.820787463199,9890.886883848523,4792.744654268357,31604.82621931463,9128.90443834176,-3627.332565204808,3389.6110886140395,5621.839506757698,High_Achievers,Humanidades,Laptop,Fibra,2023-II,17861.748577012753,15006.693598040843,18230.302067773322,8865.755636944856,4403.215293705944,7907.6735920597885,6252.647224814426,4526.287007140004,8261.795308225055,251404.66648216132,11585.507330613767,22518.115876184875,89761.69512455378,79418.82519076784,26317.00839582844,20591.586399412732,104678.69940427112,87597.41112792205,27056.373030205727,8079.607457234539,89225.63969641156,90298.87054568523,16897.951809215556,9317.156004360553,90964.80967551772,107059.59073439219,12639.298120852874,22471.757437028646,88326.2251620093,112900.30977814592
17832.89702488936,6028.69333455599,5174.92747108926,14984.980478707019,1443.365101999755,-1486.1543901474342,-2807.649991487959,6044.913526237894,-2705.0195973044765,15110.230442661743,6822.593905418486,-256.5262978209439,13633.867480150699,-1741.0498293384944,4844.838405581308,High_Achievers,Empresariales,Laptop,DSL,2024-II,30338.18946359886,14944.479077861948,17342.648186695336,-4580.575540162035,-12343.43082583913,-4109.051852970393,8989.217244717624,13724.706104503708,-1844.700026505207,265700.1645834664,5826.850647447745,31979.04764838257,79853.46648323073,67390.78469432391,-1686.3978129281786,18275.112404481988,82541.64742840735,81334.58734242039,6803.9495813486865,25018.80561951703,63027.570246794436,66419.01570611834,19158.84022535437,15695.306847650432,71491.21452649552,90570.70493712732,22184.41341183941,26528.82747414655,83880.17328115333,63302.70242817914
10586.077048453117,11427.8823740738,-8238.09085190919,8020.553003001972,-4710.559891632583,4315.144502685416,38374.113476287814,-20092.263911911992,-7335.990111428374,-10457.166669382284,16308.839946662922,2900.07366040848,18571.393894553126,6463.837790835681,-1786.3218880132358,High_Achievers,Ingeniería,Smartphone,Fibra,2024-I,25972.11445576651,10740.462275332375,-1069.052859114583,24126.948818705732,7226.931784460207,10145.265018471162,195.03841961773006,-22689.81861978716,3211.876941283574,252746.8200750583,21833.018474593642,17202.808402283477,91716.73911420848,76906.39685000514,25280.266436188576,19323.49690953035,97877.20899881961,101341.49410487704,24935.26852307385,12098.428728906161,107648.55498018934,91420.91424287106,20774.344220297262,16148.826114516067,86809.9197909281,86253.52348339712,40382.537516857665,16610.906676807856,92013.6431766961,107514.49574332374
9997.899857028822,22922.6618349348,-6554.437305697117,11854.999680165201,-14550.04818057884,9227.96237374461,-16954.693404022008,-12012.097488487885,7392.7987634891015,8273.563758265147,30850.656197410302,16751.360348186325,3630.301934407279,8479.670620447438,11220.18531614441,High_Achievers,Empresariales,Smartphone,Fibra,2025-I,5496.924926751928,49737.97885505228,26992.55425334234,-19076.722960412993,-2837.853511381335,14704.16439509392,-22248.5039175916,16645.31998522428,9694.215730377227,265686.9083445044,9058.340489515282,12993.533384610215,83507.37106495674,89494.61712679079,4032.6103842159173,15419.709581807176,79197.15341765396,78859.2430094812,26078.681505452903,22956.73480129671,93786.69316828201,90542.72026351329,23561.579613214235,21406.961078533262,96570.93008902202,88297.31225711244,25559.620262058837,20432.48054522321,91947.66579130685,91306.73700058274
19743.654936231225,11309.57389342456,5672.658921937761,-3939.9179355162405,4666.152080194435,-6051.9274216551585,3934.9750635373484,4226.439021858529,1779.3817434550651,-10142.512404977217,15949.826123899586,-6720.111054908528,-849.044758420584,3251.3897801397,3834.7765421808926,High_Achievers,Empresariales,Smartphone,Fibra,2024-II,17895.341693485338,-2071.047115017689,16720.877990647852,-4106.842089867507,-3340.3419854145022,-420.2732340614861,-6123.0988891782235,-1269.6855678331199,4401.899781983003,251072.49087866684,12726.077108797483,9735.611039205405,89978.5454239037,90033.71319141284,4872.148475593702,16711.398676569308,93094.41550879381,94306.53233736425,22403.739840647726,2605.423855363524,84015.32130910642,85796.8896569634,26282.569455465185,15982.032524166696,82877.90090734328,86247.29043099866,29697.529117578175,25824.387384440026,96303.91924808787,100551.02968825046
9650.571707039113,4505.745132764048,12693.09361922427,-2349.002957065742,17060.359600326985,2991.7345124233493,-10019.240301965316,252.63662065454582,-592.184366209493,-10373.818724242272,54168.440905579526,7566.613278207793,9698.840734063426,5832.750709592701,29058.44234809803,High_Achievers,Humanidades,Desktop,Cable,2024-II,19849.370082110538,21161.696265468727,3043.7452263135765,-6373.380152809191,-619.8146280064398,-8508.744480147692,-3262.357785051569,973.9954632447798,-18985.195394095826,253613.33323465593,15816.174033813902,16079.749615770606,85774.48291182071,74304.990069505,10066.919026872973,17466.37763487434,59765.0374957918,88400.3659059608,3250.300412624554,17216.10406920801,92078.70513019964,92254.40485392752,21299.293464687482,35032.872399471096,91839.15415586083,108295.08547702974,31625.63669809745,21261.114385633322,88760.12751579745,105157.28585076045
12419.974811590026,12142.827564196083,-11456.34026631238,-4214.404674924449,13570.751448320478,4818.388105283263,8021.734797966305,-23968.43683066024,20568.209749287205,24097.953508251765,29490.80381640802,13190.586367403319,20594.20407887074,19944.37578571044,8072.219028060581,High_Achievers,Humanidades,Laptop,Móvil,2023-II,33657.67040518642,8820.245062311302,8157.860178867856,13624.552420460766,-4322.099095118465,4719.1009559813665,-23740.998819082328,17883.38614623161,3542.3909566669945,256123.72134867345,9054.766291302825,16478.349860440398,95795.13796900811,104078.90444952223,26705.004045751593,9781.877546752177,91098.83046788357,87049.3623292384,14727.282706020971,22496.464718515937,74968.34338521713,79691.94200841628,26061.881847102108,15167.704914846938,75671.98149741374,70106.62926419785,9263.824518932299,19990.300941013335,72763.63989723865,104270.82177243671
14712.640122467277,21795.721541535208,-16240.94019886437,2991.556442468268,-9098.915818244412,-8389.57761966247,14086.727453486406,24776.13884978634,13375.908120021166,14631.464718435738,19305.300324381442,5312.52810735357,443.1239498890087,11617.326088803187,-8804.861419984778,High_Achievers,Educación,Laptop,Móvil,2024-II,6691.7317970285785,26560.956821508207,10348.733000116545,14278.512927818168,4741.082239082648,8807.497091205454,-9277.098182012896,7208.056220171003,5957.75277582865,266136.66685104225,-1129.4622295255176,-1946.779823133762,83780.47069899175,86969.00392669675,13256.768153299723,25243.042265354754,80758.75902793893,87809.39546753117,2093.1715406020157,25811.885989763286,72248.44741974497,103417.92208373861,12176.432850003042,21162.639129364557,85744.2905861124,76283.64478346737,5325.23501488146,32017.85812321163,90587.10419490708,86271.07259917114
13346.847928404772,22726.057691758917,17720.993856536952,-2172.621116862928,2768.986321011044,1653.6470107048483,12213.377487722195,-10569.057599545866,2960.170435939157,13227.101143015676,21191.819954484992,13480.854800140529,13111.359154131633,19696.89464089337,1736.5650891006812,High_Achievers,Ingeniería,Laptop,Fibra,2024-II,35248.21652040503,10522.53930750865,-10520.491860346054,11612.319072551509,-4980.300965316274,4365.1329916121385,9112.743607758617,3339.9150444621164,20978.464885166784,260791.42799583936,8950.677195370234,13638.675989664896,82993.9259770251,114705.63092713858,19205.89922661981,2085.486817398736,101432.11500931591,90640.31718004197,744.4364289886926,24712.343638633098,93787.09527364446,70026.48542071746,16699.332912809426,25978.19735305097,86664.87786666241,98635.78084628246,36023.61272261776,18517.80234432401,98605.53727447211,109985.72557273685
17948.121470828843,3203.010585382175,6995.36365627858,3915.0846470419056,170.22260385736598,-6803.266814044177,15282.42526658879,-5809.645605855798,2001.3436306835524,-1084.727818158728,-2250.1248865040016,-4880.806382766276,1398.8981236835025,21808.23822943321,12529.1247335729,High_Achievers,Humanidades,Smartphone,Fibra,2025-I,33152.21508620643,27705.125574063102,-4231.061304753714,-6751.68229121844,7094.028738832023,-4927.538409581093,-3526.1633036048215,-14202.34408672795,-16850.670864412772,256137.05345954304,33679.08602257016,14404.083700059422,96254.54763186004,85358.09472921185,14914.475376512155,31066.832893137507,86804.90705164804,83984.60071847006,27163.287802277504,24829.267476343233,103093.6511244766,91654.33288024535,37554.22537802793,2785.22358279282,93671.32966710016,93070.3472050608,18286.75761834504,15240.190397646897,106629.75509346087,91185.29937574925
21255.942557845214,8260.349046242784,-7659.711530992013,3841.0307367519517,-294.7201192105454,1442.044110392373,24542.354993845143,-4327.879289217548,-4247.78707118605,7134.301709644311,24052.542753308033,11748.40827102905,-6996.08051357783,13047.012351405872,4919.271587034538,High_Achievers,Empresariales,Laptop,Fibra,2023-II,26034.68712342313,35806.097372783624,-1174.6269236960243,14719.81037777521,11997.16513560622,206.01203975351604,-1676.2212570467946,12991.284735985335,2767.546475670138,249006.6950321766,13462.037707275827,13316.137541981981,73428.24902929575,113263.6316240046,19313.273591783924,36826.36105308641,87420.12377767815,95819.55651584486,3563.10554620276,13817.382806125479,82346.35065976201,102348.044318356,5759.666507421523,16192.871019196262,106926.14128783949,109828.0746647561,8406.5855429493,22823.05460467231,102255.71472502819,99377.88845503269
14841.62168831807,8935.144959875652,-7393.514455187408,-6217.339150972948,-18592.776043717564,16523.70300402577,-1231.3218562024276,-13411.636800198152,12509.807520599968,11144.752073118314,41294.7887467326,-11036.294907250925,15358.720583143693,174.0503868486535,12354.53451655662,High_Achievers,Educación,Smartphone,DSL,2025-I,28373.94039211243,8850.823300146494,15061.652531672731,-7299.167149109774,11172.846582147044,-5912.189923301428,2581.2550567038234,3540.8154225834137,11865.723096959022,245484.610394751,13634.754022963592,25582.897320985594,82080.4110503784,104250.61045692043,21091.016039659033,2334.6135408249575,85861.13279358251,81399.93201794113,21879.01802199505,6657.808258825766,97573.0174413937,93062.1128952351,31139.290449699864,11066.691704702034,94619.29804712092,83581.36863168419,5609.191966435865,13876.709647071537,83427.01585641612,95411.9818956752
36402.596787866656,3656.9393010137483,5975.497435112886,22141.55154584849,2740.193550449501,-4168.205125906994,-329.518213083692,13059.112409493127,16003.000169361178,-3219.1485385336296,11238.24305766334,4175.373153412075,10084.315295899207,-7191.010652864845,2818.12650055468,High_Achievers,Salud,Laptop,Fibra,2023-II,27394.63913491546,28541.037515831587,5054.4535433750225,3334.3006419428493,-5013.926129054012,-29642.217030633674,6455.402485433164,2508.1174078246136,688.8462889399498,275821.5860362093,16876.53053272737,10308.22251577769,79492.24585458897,101747.52894026873,31738.45150026171,31698.077848572495,72887.93502225186,88068.17944120604,18382.976371681994,17114.000106706208,99026.27304758407,83477.59070927714,18799.552587899943,13808.593041770093,87084.80696829014,78274.40166575508,2141.211390990513,15388.94009611487,110133.30178646548,94950.94753987032
2663.1596136770877,4070.3573241174136,7926.231821347061,9471.522967087047,12531.455354392787,14882.378378784877,4220.120596884863,8838.67421116205,7746.374792054435,1236.8565350877057,17361.418106118,-14814.500434210873,-170.51089511748887,19809.404110272786,2228.642428201906,High_Achievers,Salud,Smartphone,Fibra,2024-II,15201.40478671233,27355.578906057264,872.1247041906299,4318.1489721920025,-3646.186694106538,7337.153528060197,-2789.69236471865,3429.3873534862414,-26726.57782269624,258510.73921668495,7697.0421397995015,3622.5782031906947,88508.85163891851,83103.33201911028,26054.851312812807,20011.027511972905,83525.3947862728,120190.08206463075,3270.403682004675,12278.057384489879,89426.64186687054,75707.94216470925,13236.702148370969,10680.98594509557,86281.59710634536,61230.163472528504,2851.4988511700867,9376.37839576905,77211.58773502127,72829.3750788103
18727.05845453141,11481.128573954582,9619.911376962395,20452.299530203498,8856.83038517622,-5855.838964415985,12786.107237418022,950.43819959402,9289.543627208,942.7504578479263,12570.267731082517,4585.869876403137,5448.953334036051,2201.0594708531,-10346.655145653214,High_Achievers,Empresariales,Laptop,Cable,2024-II,41485.89810586447,13277.91895323774,-5226.54554429981,-13071.51446098122,11178.387719616307,649.8317827972103,-2479.9005928332667,-3720.6594329606887,-8372.860503058171,256415.35980748964,11540.323048076592,22672.799713375396,108904.09897765775,106744.82807822981,13182.504615089798,17741.452665057077,84493.30901014492,87133.26667866264,6247.473064347923,26110.899811992276,80458.45771809066,54059.583114305264,18000.403610159454,32767.706939031334,83394.78424861991,117364.42275584952,23450.498997386156,26627.37773805675,107961.24139759483,115132.29880580571
32534.73096725191,-6217.385083654219,12543.697936615372,-8914.887036370648,14871.136283862279,-10627.351662155183,5944.441604660236,-6282.171239253556,6576.847884895305,8538.512339042787,5315.730646211801,-1232.42348183782,-8795.397288107859,3077.8862291695987,18036.028995519984,High_Achievers,Ingeniería,Laptop,Fibra,2023-II,6707.486475572134,8932.081267525282,5068.41046667632,14014.536042925341,6216.79569313453,-724.5127761937318,7112.935230388978,-9771.816745740152,-2183.5121296571106,291235.2422077578,15120.041309672037,24437.38245340844,85754.85061543377,79327.92052116271,9135.698723427407,7288.951174214926,88877.02227347821,101329.66646520741,10518.032108427122,19100.290136377538,96014.79743915459,96726.46433602161,14908.12440914481,16646.372700526197,63037.715907465594,61225.10539580874,28987.108954957814,1844.4650052319375,85493.46978525902,65447.425280279305
24549.58539991532,13106.863628144692,8116.354815060514,-863.8955140978796,17607.760768366417,15292.775620495302,6263.653378731453,2427.270637771767,-4980.135354975364,-9002.127600199248,20853.259311588932,2610.5845408729124,-12942.75673144266,-10372.68619850351,-6336.037493092217,High_Achievers,Salud,Desktop,Fibra,2023-II,37579.83761373088,11516.424647928394,1918.6430313010478,12296.730361877711,15448.014754925787,-2562.364471019524,11450.030710499661,-9199.459655618628,-16788.106692821104,261707.6377388837,19895.948727129184,6565.129657679103,100485.21782330846,105386.68488869588,16710.106524957475,24222.35952569094,88488.33606550485,91258.28825090882,13338.374828309428,17006.05851536589,70536.82345565694,99966.73077140957,46986.8223637646,19017.853626883327,81569.12185597976,96315.68538888986,24302.17182115495,7258.778995928535,71976.84057492056,108885.32798116056
11739.197184390898,14764.083488103446,-4256.194756154029,-1592.93323162066,-16494.795622181027,-12486.80741097384,7652.7010208220845,9464.962739891022,8334.273470535734,-479.13308281400896,37026.31555510823,-8342.786427435449,8096.465006842433,5168.636982240677,-2111.487828312754,High_Achievers,Educación,Laptop,Fibra,2024-II,14699.399131032123,49164.93247294661,16927.99595232531,1631.6750668025684,16636.455012500246,20005.47261017981,319.2189469735065,-12142.369323518687,1317.5958950444517,274289.7217490224,17706.897964826952,23328.573834315364,85664.31997373053,91439.5248100279,18928.50972457886,23326.48526786734,105917.74498760035,106377.2360348471,29817.23348191142,10678.605798715196,101072.73453019306,104065.88218696498,32199.111607582287,1109.5092693424122,87878.65689939512,86443.20216277319,5876.708958334686,1652.367322664275,94558.29456688534,98452.32271074493
22711.619761762,6853.130728949199,-7078.7470582661035,-11946.663807493804,4843.143569719375,14745.011977157506,12524.303840748755,-13041.020983293896,-3292.843709760733,-1033.9945115096034,32445.196249269728,-1928.2209493404534,5267.431928901637,-8298.86155129795,2136.635167658057,High_Achievers,Ingeniería,Smartphone,Fibra,2024-I,7957.341545744219,31035.97026734372,-5320.628786520849,-18146.45149369249,-5528.68498040051,-2618.558307816581,-17866.285935478954,-23009.908784924934,-13544.823907312362,265947.9667599442,14928.155683944206,31409.32237482253,62152.579779565116,86586.80447253541,19319.270233740954,30158.33469083619,92064.47393841736,97361.66021368386,11939.941831926926,9227.527153306804,83256.39024482024,82631.59200370322,28483.611536751796,39247.20017900929,95511.26350754083,95084.9638007471,12313.038400156212,31632.929299845044,77067.03690189391,81982.42726353076
11883.199275795785,6688.50781123342,21747.302220380156,7438.559668640194,-4489.193145867752,4198.726903626304,-12586.830316335974,6560.96934579718,3872.0526057256184,25030.36823957065,19583.026322991438,-1013.7956576319393,2700.950744692852,-3651.4732455022886,5142.566882231216,High_Achievers,Ingeniería,Desktop,Cable,2023-II,3683.263773514769,35199.40032979387,-29214.315483381415,-24394.97858699724,2853.5482139845612,-7007.296247720424,18369.218696385677,-8551.790851627007,-22208.947827301137,250874.98123866928,24722.83876403544,-3113.6142573588077,93783.86907053845,86960.5822393506,15482.465999171349,16842.83362974186,79872.76976647142,84974.23346495157,4194.94375900767,33494.39232121262,84225.406848102,82302.23311771703,34444.662317602626,4830.198747614413,99057.57702880134,105867.61434146416,12341.121204494431,16757.032822505465,65922.8899039256,80775.49766810244
36955.28793790774,8638.161986887573,3306.532945236795,12018.680159813846,17920.31943630296,9364.578628215027,1985.1189254611309,23231.242753443075,23548.178084223448,-290.9724771411138,47370.233624858854,9993.859855612733,14217.01078773535,-15021.8406686414,5463.427984329252,High_Achievers,Ingeniería,Laptop,Móvil,2024-II,11778.400456949692,759.5243668156509,-9432.654169770987,23794.3707794331,1450.6822781403225,7159.80095427923,2386.872632566219,-561.6851602822863,-12883.664603451354,268328.7409083158,25870.750989130363,25184.995989784205,105344.04021416072,83206.455112292,17834.31259253333,3094.5035801098493,103809.23147688014,79861.5162210752,28417.116525360907,25866.210803104877,82863.06790584735,88250.54028227259,173.79721910436638,3393.635926744486,83277.65163000685,93576.37711966394,17341.179134905247,15552.182905814221,95818.33113106112,110961.19142897293
38730.99210274836,-6581.25739523016,-3132.1544345046273,3780.8268796063367,990.465274162332,-14930.898719950857,-1584.3255918059058,-4466.946196914111,-8372.489751342066,11996.929328964357,40253.19867135316,7223.9992109495515,4552.485316309278,-9885.34714789194,-7252.164013280073,High_Achievers,Salud,Smartphone,Fibra,2024-II,26296.386730903047,30163.983364990156,-2394.471711521781,10076.357401722851,-8499.333259085506,-13121.514369159511,-23171.645503104297,-3446.662176899551,-14145.39358793679,240930.10941988384,15338.391229070377,14499.454809170196,79722.94720665192,91458.38424269868,27340.334140872474,34538.56292306231,76845.44895396658,69285.87409833333,28783.711338345136,28142.92255265628,85917.19724832926,82598.69127154394,13474.6608309375,9788.860093657297,91138.3451337654,96015.01878822493,10120.968501452033,16537.031237119718,102372.2089497315,108001.58610696121
1396.5326536582797,5037.53328257775,-13238.665061483149,1432.5693090608625,1121.4137098153838,-5670.941297323487,-8353.847252517571,13324.016211578934,-10755.549535213122,-10468.735108813551,36234.59716796996,-449.9511009547946,4598.547533477172,20276.37293243242,7364.864417550523,High_Achievers,Humanidades,Smartphone,Fibra,2024-II,24535.41331278359,21294.341317514627,15225.996476027298,-7987.150533931595,-11123.514040043336,3853.836886538827,7571.829816785856,5146.362146458258,-14743.435677433014,280363.08684104006,25083.36364747997,24282.72727464788,97924.24666354508,66847.32006273221,7223.871744152377,21750.84416301051,59544.81676426802,80493.9784139495,30475.775869958812,16824.875099058758,90375.7179802611,89989.86704950317,41551.78900210389,7316.3856818017375,91405.73481033459,65347.97342762735,6199.299855104691,19184.207034611612,98494.88827995361,99584.40203770941
14116.14779722034,4904.180301204892,16519.144290217533,-3640.616935788923,-9888.9289268804,8046.035210590611,7411.338878347885,-3837.282633485339,5551.810064380663,-11998.87586955288,29656.48847004651,-16643.9352736566,-2173.430577467308,16187.830868428828,-3672.3023351313336,High_Achievers,Ingeniería,Laptop,Móvil,2023-II,22813.463909276685,16722.408598960166,1960.2853298885032,-2388.0241024587453,-5850.435568389545,-14922.634756618683,6198.846575103076,25412.977341342288,-12581.15524344142,282997.61606369255,-521.7428333611097,18669.06186606102,91067.05200951097,94228.55975589655,19580.017527554803,24303.810138769342,78885.41034276017,87124.23573668188,5106.945570529593,3319.840634566477,111677.98544783157,87955.74076453203,-601.2950832915558,-4973.071024906978,83470.87513955688,94623.99838728388,11922.908071127957,2532.247583122533,70441.32073487532,87243.7723371951
8927.9503624739,25817.681963045143,7594.054464816377,-20823.393999008233,-5921.252566772043,8789.829094002564,8804.623385934023,3473.6860648281818,9935.167857438697,752.1468033498561,52305.426239321416,-1283.0350844862987,-2787.1863658151515,8108.158864098937,15655.404552327886,High_Achievers,Ingeniería,Smartphone,Móvil,2023-II,16673.075790263116,30050.47975907827,9590.777710582593,-1058.583518595002,-7529.839563421053,13751.790259321288,-16584.00499288965,12391.505344923215,-5855.732190347776,277353.5628162195,40957.08073390191,6976.329177137588,73535.91272680802,91535.55661028638,21768.671490479766,27671.07546753658,98708.71158675982,93569.16039175312,11494.696246965013,25820.19390010455,91022.18288356895,88089.89604080493,13326.327316503359,6496.606697549849,93205.25251358363,104123.16280193818,3631.255156227373,-2673.504675047421,87135.92300173998,90266.0122394567
25038.379521719104,-62.883394484181736,-11670.604536130528,-5863.970033501305,8262.74841944996,13716.494231109871,-19494.17537278977,-10855.118378607222,15041.404608661534,-19696.899830128328,14779.950708322256,11016.519912216627,-2640.8931327672058,-1518.5533709572837,15229.925955748482,High_Achievers,Humanidades,Laptop,Fibra,2024-II,8333.446666265876,18392.176456437825,10737.412655349824,-9302.029956820534,-4014.747073085469,-5509.543656983948,13901.094403355899,-13872.79441658093,9332.18036467759,259560.59252667282,8615.033295223517,37352.75001977266,90514.03617111909,91061.56588569199,15115.398411389251,3340.6901151194106,87795.2516452516,68188.24768608373,20427.69549140677,29282.742415775137,83301.47609488398,82557.05829987828,12821.410020062474,27774.913415882234,90396.09313470806,95775.61238931982,14212.110388928686,8153.328137220955,82701.01572881444,63836.178689447115
27984.479747740465,-11170.463477493724,-1018.2895728078768,10922.696870439468,14819.890205822434,6816.827603169,-1681.6713106432053,-15788.83547480044,8216.464453219174,7181.232549312632,59703.68540606732,1779.0483231955282,8785.614967966862,-2267.0139714924467,6677.847479802075,High_Achievers,Humanidades,Laptop,Cable,2024-II,13236.942702734475,10876.30155766747,-1984.6574909202145,-17005.867846627923,1404.1465873430361,-2611.4937421885656,6004.582798489037,1554.712212109578,13945.448614742267,285882.6523378914,5273.058159983511,18307.47650413562,96992.44539435436,86115.4984191073,22069.579810437273,33009.08209600379,86808.76076642555,95661.64859017408,25961.055454880578,9341.132497076278,103314.66489860405,80692.72521454272,4715.424240907427,23499.680064771142,120049.01666634208,77863.66356280175,16503.798021791165,25206.03532714906,74556.81532813188,95040.57031643478
4677.177702660618,9885.983612022057,18860.63690369003,-8534.257594719564,1591.5463587956342,-1324.807359145564,6326.321796333419,6847.810178884932,5994.664594981581,6886.616109942285,37588.98720408248,427.52882611999894,-3981.750060759123,3553.5180715896377,8706.179628597216,High_Achievers,Ingeniería,Desktop,Fibra,2024-II,25276.284740527248,14808.543370468933,6020.198010000938,-11541.174764790714,4281.388065592556,17738.31618582609,6938.929254877576,22038.488118042584,-4406.045635115707,274988.3659168292,9534.40804301134,1161.6357385703377,91583.05756503915,97951.54678453288,2718.9859330545514,27339.649675865614,65491.45276729367,90024.81861901339,13565.545420963372,28738.952600738718,93155.33498674245,83506.32482044336,7664.760370560491,21990.319583785702,95625.24144808797,86980.51404880758,7590.412260633873,31218.53082031023,87961.25211253717,90887.30272030654
9518.491368211686,23834.149592845788,-21619.147592967216,4002.1531025736585,-12863.7394045335,7777.214916799441,9894.365980373088,8843.749251308183,1694.7448028599613,3250.409690669655,41631.4332230633,-9783.866845526849,13197.351318882213,28664.316146334982,8905.114757830952,High_Achievers,Educación,Laptop,Cable,2024-II,29172.750945455122,16484.849237093822,5218.455002763209,-1054.7114487557892,-7079.964816625495,9614.771407391943,-7277.7917610779405,8692.380512045602,-1004.3478159830197,276650.0875257269,11959.506474516784,21923.09448635369,77129.00931993224,69330.88150413087,37086.48054058746,15197.883492085502,65310.33067126938,86946.7230754014,23770.370664372833,26615.555536482636,85686.33940092243,95829.99811727692,7670.5121368113105,20207.5379249636,92810.6395100196,90440.16039293424,28582.727984855424,10774.048037853281,87548.67002518823,89605.13275814021
34446.99703562951,5184.329544917601,10225.812349372462,12562.81021833041,12794.99543580332,-919.3442326112812,-6633.274729242331,-8400.554797555504,24673.8431049459,5493.318695590271,17340.865760958324,3249.724887010777,23854.469046065875,4623.636984400974,-3404.5324310904925,High_Achievers,Empresariales,Laptop,Móvil,2024-I,20222.82876545936,18174.391565088757,-7192.731967256645,-12834.587892038398,-6465.772283467124,17922.304829559624,-6704.984282428498,-5702.3243222947185,8000.446299342728,298246.7869144582,23428.687245326735,3177.5213664814837,78933.12775069829,69111.41988108086,24661.495868010756,15610.387351403891,80539.33570016638,100047.69715591283,4155.052686106172,34551.89370480345,78185.60583190441,82925.9985917476,16612.68632632045,15263.129994155484,77491.50430565812,73194.78919419393,15049.055837104479,22874.170788263094,88831.07343243631,64735.166590438166
28934.216081407525,-12485.90631263237,-10009.980386077248,5036.309558595129,6292.517229313885,-2902.537190998351,-9861.740509429008,1040.1000402693362,-6838.215120876327,-1353.2346904930537,17889.540902215962,-18570.50516652378,8992.783248616211,7666.917214906069,2065.577663292108,High_Achievers,Educación,Laptop,Cable,2023-II,18735.44600874732,42501.381769605454,4537.042159825697,-6062.658475690453,-3670.5366666323066,5054.3455743425675,6436.560200691298,9188.576934198605,2411.821898952829,296680.5625744178,21298.00195625328,28135.6280589424,79985.32783451147,84551.81953144335,6728.8442214884635,19092.08383061821,81860.99818819785,69324.04438608418,6827.378724378441,13006.60623080162,76233.46032206771,90236.19979037423,17004.69506499777,9966.445163486842,77966.07155252706,94305.389081884,33222.16484517773,11285.456766146279,76164.87657882256,86896.2252395751
21597.334235128492,8599.956685090929,2881.4664328375165,5222.382663806994,1311.439183908996,7034.555005758658,5149.695079627198,15204.142086593452,15474.057522587038,21715.35938008644,44441.88360591898,1802.9555370546702,-17351.94121386945,-2497.8294357323502,6811.997722833359,Struggling_SleepDeprived,Empresariales,Laptop,Cable,2025-I,13631.119898255069,19777.399712937688,15768.05196774527,-3156.1529758518404,14529.731325288758,-5705.280489673852,-8286.468440491333,-4960.560341009819,-11699.833898737952,271249.6393315108,30175.644972843278,18897.541077494297,58898.41745850974,52714.17801566561,24153.271693035684,18261.611934502704,54805.44777908243,67428.32824072518,-6201.882892093941,16955.166405756958,69270.557421038,48932.950825503045,20680.546049121338,9669.313102787288,58407.75467758428,82660.13878668279,7309.692203795621,28759.390866361136,53390.52133116498,83880.72951232383
-5350.153484843446,-5731.72512882342,-75.09657481227043,-6080.216358497284,-295.4315919576645,9871.588468872365,-777.7064007738686,-8212.112788496463,7819.933187739924,18936.848737173827,55053.515013580945,6872.184837801911,8673.749180942617,-10698.725914312616,-9229.173107615705,Struggling_SleepDeprived,Humanidades,Smartphone,Fibra,2024-I,28732.800632830167,2845.547416196814,21636.79361050691,2197.288099656086,5482.80777259909,-6088.652509334869,8853.25136915322,-15134.21613966925,-513.5488906611326,280836.15744520637,650.0905622059108,7905.715164887274,59209.114654198245,30644.400509616466,25614.781275190893,17319.504405836007,44003.28364922367,44532.07726373192,42144.40469198233,-552.5949730555167,47481.9169561327,57154.27476495973,3156.6836313104377,25046.364644159723,58366.09943091052,56872.722772127636,13546.298395962547,5825.763523947323,49767.83826113453,53443.97968943323
8838.739798047272,8417.844340920034,17200.544538226324,-396.8895065903156,-1367.4431025267581,4227.272724000461,-12088.494735889448,9175.314953416497,1359.1123737092014,9615.40349865353,65238.00849527636,-8601.995699650237,-5790.696477061146,-5898.576255055912,7944.873817614692,Struggling_SleepDeprived,Ingeniería,Desktop,Cable,2024-II,21070.62723045337,16411.9094265447,18373.572240697402,11862.133430520851,5468.23740659012,9097.971505087022,-9228.430915478077,5712.063718593727,10077.041386611903,290333.94887774123,15791.789175298938,14219.69505841342,70707.87099382024,48103.78064831985,10295.96041797798,22397.30614105846,65251.93525980618,70171.10049572156,-9407.288898528124,3498.278011594619,35637.18446006207,48461.73042804296,11749.274568002298,6244.494658917521,52267.76532627671,56629.82969703108,-2573.9185749693297,13155.515097632353,86675.83092041028,67269.76262910503
7089.219687992932,-5912.7256427374505,10640.04253417656,-1951.7447244646655,-17415.80158696396,-3178.036741481696,9685.772794994602,12011.656874084056,18805.980560305212,9250.596261187338,30410.007453453483,-5859.168658904145,8361.174391807823,-9675.128704779989,9117.800419364454,Struggling_SleepDeprived,Ingeniería,Smartphone,Cable,2025-I,36789.06354455952,16433.518431790366,21497.56985912737,-13229.823921993675,10772.294395180128,-7182.680396266493,8191.545325635633,-2256.1183895136564,7762.677523383995,274579.75971899036,12699.802936193792,1710.968767379638,49607.695006265756,63393.246480430375,6195.301051842288,6256.621456465417,75650.55693766281,71554.38324429202,6484.26004886765,16487.40162757128,56015.8167250726,64037.457811544686,10490.434524299215,20272.97482826734,61212.22215571308,61628.592566586965,-7062.751936900531,43110.78562501872,51405.149639889714,66534.55938052182
9531.94859657904,-3100.3027206910474,7086.0276890035575,3867.1716820701436,-11451.099755004809,4214.6898474391055,11280.271791732002,20391.177477046636,3159.07271271313,-4437.938404509501,29236.74363899891,5383.841419891396,-2727.5665583726286,12020.187368733295,1810.1041905930135,Struggling_SleepDeprived,Salud,Smartphone,Cable,2025-I,29272.493703040534,5523.980744958193,4712.2077253595635,6413.632399774323,-762.844704331901,4841.848513214343,-8614.677611106801,10111.123486861272,5874.018812479986,269438.5000327445,21283.898443874183,11341.781858548236,61967.28923448018,75924.53081073098,16814.69058571214,16385.20674048707,49313.8621028814,56711.51238083735,29525.79474784565,875.2452916824186,52507.807232290375,72407.92237734362,19675.758933970734,18859.338638764457,75936.9895815558,48486.24583327884,14279.10644033923,20643.200223438114,49892.74557875415,62952.418061946446
12325.127111416656,9934.274768402687,3008.871325330652,5607.670798730289,5346.990715182034,6077.026937469184,8632.927143827474,2792.0735594170415,13422.697440504744,2000.7418268410256,20267.29744063467,7806.200161005516,7089.534934931284,-5172.104303090629,1748.2085484287231,Struggling_SleepDeprived,Salud,Laptop,Fibra,2024-II,8173.107589243236,16787.110041234504,5771.815287069248,-745.9668481716345,-3490.5596653062803,6443.903843222906,2997.523604458195,-2063.431536985673,3416.1570778381956,291012.1068380909,26129.065311800347,8173.758906430311,38220.367433796484,61408.798695048754,20478.02353901122,10939.855805522418,55239.39286916001,62694.98624912638,10620.34427297341,-1628.9372113302816,58406.98962313239,51855.11013643207,15111.224425206732,13416.748260435692,43329.47450948416,43252.85095808173,18833.613643961275,-3237.3537249867113,53175.5715651208,59856.04410628432
13396.97229841747,12750.067330951333,3230.858808917739,-21659.243896441036,-14028.944721579155,-725.6229263612812,4580.278310421324,15869.541403803107,-2252.552704835391,19645.608145303675,31143.230283316632,8372.462315421733,-11536.736776251275,3749.2850797731007,14155.747325543845,Struggling_SleepDeprived,Humanidades,Laptop,Cable,2024-I,35756.34442968484,20805.94311479714,3881.0870354784015,12311.494444081742,5526.68105009398,-4297.225400747986,6438.189945952635,142.64359596030232,-8803.761291170149,303109.9530852465,-6133.634572914303,6385.491581638184,49562.41084648123,42513.13106269412,4125.797723942164,2063.173889719009,37194.09672547806,32438.989673831733,-1874.4834435560679,-8331.030159765225,38244.538276664796,48444.05991169809,21518.743173340634,20994.162659619415,54573.93937592644,43538.56050462031,24932.948611716052,25595.336270608288,68640.0956643616,48688.17972541015
-11775.143818082675,1836.5055999824167,-5276.294741801772,-3140.771631969066,22105.865361172437,-16911.281414425473,-15142.840873206751,-17768.710567018185,-3502.373333264464,4221.06748786102,38356.54315866852,4808.30060518143,25762.50372259704,1399.9626757220651,-9326.017911427303,Struggling_SleepDeprived,Empresariales,Laptop,Cable,2025-I,11033.159283230243,2829.541317463729,8103.953211926151,-11282.502591212107,-7872.7818620187,-9622.800789968205,-5853.12202475042,-7149.704709014509,8990.10623024231,283349.00061038305,22030.489461892546,-4807.940781590509,45618.6098431695,54034.64946504739,22025.071973549446,35231.664877176896,62094.543586997745,41290.387917721906,8656.79137185375,17470.37850063701,52295.83207816932,61953.053417673866,-10424.160559909338,15262.477692644723,57546.80505346053,39067.44698898421,2815.6849865632066,26784.035381059115,28452.47929161109,42839.616820803385
21009.631616948456,3216.62065936786,-6502.251765691713,4211.10628543351,-9800.007916077384,3231.4571818212034,-3763.8560299404894,-15502.143074082232,1420.4004729757814,-247.62863107364865,38442.65294620537,5025.993151006125,-4442.479657121807,30933.062678479866,9622.978444931192,Struggling_SleepDeprived,Ingeniería,Smartphone,Fibra,2024-II,18173.248111192952,24345.37696332386,12918.741084381036,-1484.3899728045424,17657.986732719233,6850.548493060052,-10750.115212683262,11265.88075230329,-11985.5365600505,288712.22275213763,-1851.7043485063386,14518.086175343196,29792.815053549562,57886.996496180735,15962.1913937034,18272.665508248596,41529.05584918961,55913.10393876062,25278.012430707386,7829.355741675694,56312.53037921135,52289.35145722258,18170.059452365487,-687.1950118181594,53949.526126963414,47263.05745645457,-991.0409796093645,12726.588400162662,62426.40406733091,55936.239618683365
-4192.925270283231,15419.154405558904,7232.104199213405,-1130.907244154449,2456.2882522091386,7778.5958315367,-287.302129012508,8313.233454228886,-8491.831673654167,-2093.076357975393,46149.68588868127,12356.430553558293,-1341.9714441104052,4202.338517575955,-7113.101377533882,Struggling_SleepDeprived,Salud,Laptop,Fibra,2024-I,24403.03765499007,17592.680964801242,20069.60382332185,12913.693138989995,-20313.38976011666,1717.0772312131046,6062.731335173979,4802.947138081045,3933.8481608895104,286308.70528245927,12208.130732314143,18489.08328683411,46178.72691120746,55448.30890595853,24389.771214023353,15853.35455341962,46001.18948332449,46270.14063380297,18720.073191837506,-7681.892037066624,44023.57311854814,81865.15198404211,7466.866103460747,18601.93218095404,57112.95639846518,62279.36643282763,24572.960739612405,6328.865831943281,61296.95978138513,50800.98431924918
17082.202397973375,3923.0377138111203,-3907.344324402208,-1085.9590725584899,4050.1625554588754,2273.297008772059,14292.628938938591,795.0690868846946,2433.0083796465474,10931.450185568496,55003.34302075408,11225.333610329566,936.1657405197438,-13609.284806875972,510.63179610483826,Struggling_SleepDeprived,Salud,Laptop,Fibra,2024-II,17157.78308336292,17619.359466935144,-1126.392506571452,10466.460379644577,10343.302806922211,1129.805075492471,-2458.503298328459,14292.981954803425,-13123.69284724316,296129.5696493574,5596.5474648223735,-7368.111340552128,64232.458341886806,47863.71107961141,14597.890340562068,22757.864853370134,70478.89844678728,43491.7124458225,9305.938158378896,24100.3463646915,63074.06390566911,53521.91259791675,14749.819977620373,17619.50393219618,68176.01053428241,46048.32584134081,-670.804762487418,6858.67120099379,31408.292375088873,51344.25472884447
-1555.1115591991393,-1417.4565650866307,14910.583985471752,-7219.373284715397,8029.960434258888,-2870.811372305129,-942.5403902075864,-4527.136098701437,-1579.2237460135411,3879.3726374640064,29241.55587342897,-10898.176009130217,13439.059407873247,20497.640945363793,-164.8669745425019,Struggling_SleepDeprived,Humanidades,Smartphone,Cable,2024-I,12532.102108702184,8096.391178266155,11200.560353753006,-9771.222683372742,-4369.284100556645,-3174.5834802914637,12185.883715116259,-1068.0145652732872,3415.7775711715785,290343.287280876,-8198.736790563602,14998.871909720849,36132.454705013406,48404.58789910263,8364.899255627386,3315.828943489909,49708.019907244554,51367.82317326118,-7047.957527055674,-849.374673163522,54551.67168668357,32589.354990609423,27.18080100251609,32106.488520227762,54980.418391552375,63213.87981200437,-2803.834897071396,5059.342111865767,30972.642930093996,63910.04151998945
-1408.455804058618,11875.963906013385,10051.641334741982,1284.4390536452179,4319.788416971046,-807.4622910087992,10524.864798153822,-5634.225764779374,-3112.891643193794,8443.181393684541,37434.7231900059,-2442.58840392676,10247.793008432727,-3119.564038601232,5476.718035178862,Struggling_SleepDeprived,Empresariales,Desktop,Cable,2025-I,18850.130851381167,20533.284730032727,6768.879552057128,5277.697481545708,4386.804180099654,14815.130061863214,-6892.386015707439,1619.251329441121,-2324.2723192503795,287487.7930980227,11353.591513842499,9503.430293401483,66414.28448939652,69001.33629480921,14398.110810434602,2826.628053635839,72709.83340654298,65405.04726008559,12190.930904454817,22123.75086985964,51270.33864338745,47490.75510478599,-794.7983798867663,17991.13965027536,67531.67930085253,63039.458602386,21795.04232386642,9130.576755769696,38804.6121630136,70614.6230844617
10988.38252827862,-214.75298086459316,4490.413697817266,-9775.495100400443,15793.576093688212,8005.115497074592,17586.13537141664,-6405.149813048512,-19705.615250636765,17515.1258728291,67409.74437913296,-23025.541760741842,17562.597472322213,-6365.009658179273,4434.449374777527,Struggling_SleepDeprived,Empresariales,Laptop,DSL,2024-I,12671.818290341947,6859.0870532089775,20619.05900370536,-55.37408928307782,-10435.011615955833,984.1076678202228,10421.443463875205,4864.166679896732,7857.539604123225,298505.9426870467,31727.38537809929,4056.6924851007752,71117.34435931467,59264.8348693864,17762.558708401593,24569.696863099147,53875.52974086876,77013.99487241567,14792.524191129249,31553.232243007544,57004.00012613315,74979.46070932825,21849.72755675057,6208.954984456278,45301.83234656972,58674.611111362494,23083.57084452716,-4280.685394459382,42627.50288929437,42897.75084031018
-2552.4924181895585,21689.931969622718,18644.435359289604,-10805.251002535422,-6210.274420028518,-2842.421363994921,307.4819464689672,-3460.5910697231984,9648.386782947888,2248.0121865776227,55787.403727910714,987.9352065795977,2972.8490533978393,9528.005122927243,-5158.781719470187,Struggling_SleepDeprived,Empresariales,Laptop,Fibra,2024-II,26350.881200844873,9249.261521139704,5936.467947643874,9227.839257028221,3084.6426485911625,-25705.667362416112,7720.815040658621,8328.181866523291,4113.347013777452,299319.89296337415,6601.22767659963,7854.870932791898,42169.137664939655,48270.042358242215,14857.584698043374,12851.880308052796,47405.53153411285,53596.29503625372,21606.170633314985,15814.685040928485,51848.03278688441,59223.56178252999,-2588.0653524703866,11257.829018799868,51943.661209464924,55088.05315650981,19471.165127066663,15314.393416639323,48425.77916477243,55304.851166948014
26856.33859810834,14944.07997956322,-2209.9300280153775,5482.6112946662,-11885.836197438122,742.4595034768096,-16662.321993089772,-6282.326864266778,470.85669368062327,12665.601060169449,48749.706840325794,-338.92971409261463,-4739.0022011341025,-894.5979642575658,5043.613689909478,Struggling_SleepDeprived,Educación,Smartphone,Móvil,2024-II,9536.505503607048,21743.91339542413,15777.115132013649,-12480.676913841646,-5392.463757347906,-2102.6698362533853,-9199.180506810366,-6743.149760854485,5350.842313880386,308792.8038561808,8985.932445514243,36063.08191711029,52212.33311664363,52150.165476393726,-18128.56562718703,7603.237718280645,45058.74230339901,34105.17102003863,20145.380584587016,15381.321529629919,47498.01812278385,52561.94738596863,5725.564405682556,10517.710551694043,62049.12195141944,49656.60994445139,19811.713252897556,4111.161775146014,32783.89467917168,40563.33774595443
18703.368301985454,-4716.99472002743,15616.106414251535,-12605.995153234344,-7850.415645730982,4671.914392470329,22293.91313243108,-1222.1212134240604,1246.9408845097696,6503.587108047436,50725.55798559265,-1489.9196648031616,2122.007201969523,4503.332657768314,-1903.528558179358,Struggling_SleepDeprived,Empresariales,Smartphone,Cable,2024-II,10937.099755011252,16409.980784371146,-4252.689664822668,-9624.76666383816,15345.138480884198,-19098.776848535843,-9844.632582131644,-1144.5872839344304,10435.089667427144,305548.7214997656,34448.25436106144,27099.940939996788,80654.88493537411,50419.33981319985,27536.228768045665,22740.600814375215,65068.83975214561,57684.50631038594,3281.2998420233034,16013.309240341827,41486.09299029856,52115.9837789387,16820.4394124011,33687.020675081454,53692.265357994846,54225.75574511308,13053.282427283666,1654.8540066500655,49568.244703932054,41984.497452953816
9735.284435512396,13248.813548020556,13744.846758831089,19344.66670434642,-11258.99846955566,1031.157757607242,-1969.86727301273,-2859.079129497978,-400.1194041427052,3810.5262734147473,88632.3859035195,16049.419257843752,-180.2118298696596,-1174.2231763688176,-9249.509458012626,Struggling_SleepDeprived,Ingeniería,Laptop,Fibra,2024-II,7183.898371744226,14022.590742096201,-1693.6775040018892,9544.636642438218,22781.320602999003,-10254.438463857678,-4109.83129960746,3612.1496726424075,15806.746615600436,306440.6658572068,13529.676646259917,16610.58612551616,56054.98020072151,66498.51762683276,8309.768020508187,5854.911950158174,64520.21200824048,59623.496315916855,19800.709413087403,3092.1766289462157,65117.59045272413,76432.06524726095,12981.892048284853,15561.806224906984,58294.045853700925,75978.25626547655,-13053.577160300425,22853.038356758174,68599.68870072543,77466.98481057267
-8561.617530174979,13903.500011615826,3292.9565891748884,-11067.755852659417,4915.044762062946,8494.894329672823,759.0636614760288,-2557.5781621665947,-6939.773847506018,12244.381527564596,31762.53461065841,909.2963473521122,8975.444929275343,1629.468884694517,-8860.698596137201,Struggling_SleepDeprived,Humanidades,Laptop,Fibra,2025-I,16519.29797866976,28.688248331847717,647.8197029020168,7814.29363944884,-4066.842097030432,5155.646781768425,-771.5074001513395,-149.23315414391675,-4030.1701299333986,303810.2385665248,-741.8621559156982,3432.979829485924,58180.18469706745,73633.88106894694,15793.184932405045,7681.454582269291,79782.60587205109,50694.77362225062,14035.727140109051,11227.200129080222,58802.009088467465,67269.77949278991,5194.422508053255,14412.825222024698,64686.109332717664,47605.87547344439,8353.9056399668,17768.065591625593,73285.41166162062,65952.30818309735
-14790.663001549596,21705.952728065204,-8721.532247763127,4587.4140251524495,-8004.911509558902,12094.63795215661,555.0389177728027,-6052.151863905758,-7267.801736019857,20792.866238156545,39554.859070020284,-3088.57281659881,208.1253389919525,10070.933201309057,16094.299584068642,Struggling_SleepDeprived,Educación,Smartphone,Fibra,2024-I,28998.73033250741,15791.919897006792,3140.081639869862,-16596.48902709651,-6951.541839206005,-7904.57151635781,3717.711164893414,845.9712279835247,-1855.1888044970683,307954.96623868035,-9290.080885141564,11607.008278349429,41203.96133609238,50254.87351560367,-7343.473346642133,19411.727022529973,54822.66495543586,61706.80154630882,3272.09180137574,2779.735831652286,31113.139566984653,47328.88235988428,21282.179105934672,11401.154220121585,27090.16853493587,46156.93275015169,14769.717826840746,26281.613929310617,57617.464444906094,54969.23037213792
12258.917105396813,13119.107056710105,10129.402182147816,11610.684786906482,2290.2181143007865,-5140.3476858600225,28705.135764957515,-7355.8617131129595,4354.45740452312,17383.68490273645,37357.08156531398,13494.578442843067,-940.1355589115078,-5443.091132288805,-6053.850143813041,Struggling_SleepDeprived,Educación,Smartphone,Móvil,2023-II,18323.420985104094,1840.8034067361405,7775.382570794993,16830.342603319397,12518.95940231196,-5945.331805006671,-11631.28672787084,13074.09473064105,-1709.077092125674,310879.3525209577,14885.221799744442,4019.8810836621296,51607.1139040419,32860.578569766134,-13038.159904366232,-521.012484027875,53775.60483535337,39424.260994134806,-597.0267403350699,13001.030303069474,43766.90470022152,51312.73677364944,9386.177560659562,18040.671713655447,68967.00237034226,82292.20454280703,20065.419386059693,10864.034947530436,56787.656097514875,80362.26622414358
20047.10805855464,15545.423637936452,4364.369872733214,21855.68394044619,-14322.87011105223,-2104.831107033258,26018.511075439055,16895.571225402047,14548.339232903914,846.79964033751,46997.93928264051,243.79313688319826,3013.3870565875577,-5486.298974633828,-9887.800735350627,Struggling_SleepDeprived,Humanidades,Smartphone,Fibra,2024-II,14149.190156446177,31966.998583296743,14352.331406678475,-2945.2200637546744,13324.299063574612,17153.377907339098,13922.832766746104,17881.99973615645,-13489.860208811497,293306.08433475596,11447.3385581546,13764.613652979775,57380.13575355977,77142.90484197662,30677.485342078635,3913.2849845090004,62293.42205329194,68451.34154377689,8900.673762386283,14878.537146475874,59120.758782180856,70239.44271536302,16604.926718791197,10221.181730588727,43247.102521284054,50214.00957025442,13835.821919620319,21725.12799719799,49812.47192946334,55043.38858888176
-7020.506648167779,-6720.267098214921,-7477.433476427107,6305.788295398614,8412.192687552233,-20394.53586888599,-4229.021411821084,-2661.4678118515076,-1128.8620505398462,-10981.621500111269,60971.53418661627,1026.024285253021,-3916.000593323257,1328.7160343693213,-583.9048829425548,Struggling_SleepDeprived,Educación,Laptop,Fibra,2024-I,18751.98978438809,11242.333201764552,825.7040985304288,-14751.510791477864,-2801.825106577163,10990.15555017129,-17919.14483302184,-2114.717501076928,6088.220725849963,306744.4184703321,16184.639829811218,9938.04357139333,35197.50309778242,43751.549820760214,25275.285093987823,37399.755955973436,65418.19822395539,59270.34607282874,6573.97448782253,22163.51880240711,44393.517887025526,42760.8021118566,11277.37085549241,22210.249313266562,49453.86274659758,59029.19428147401,24896.26399601403,30669.013514939124,60779.54360928862,66005.07919630563
10161.660639481133,-2309.7376314226185,-5439.488900659067,844.1166995759294,-5743.305756858199,-2530.222441005261,-3830.475878994192,5081.038541957887,856.0158569369291,-578.9331993088472,46268.833009913695,20287.289122602713,-5375.1481295684225,3053.136751718314,-4372.077368205712,Struggling_SleepDeprived,Educación,Smartphone,Fibra,2023-II,22025.16448100844,15162.706030776215,872.1841234395865,-1419.3689377138512,-15454.014980257154,9988.978616873137,17105.46693992237,-5173.315853115625,14233.970447251198,302400.9013618228,17817.124619975402,2610.0146166906616,60032.36376263515,53627.99844487839,29662.15442998896,16897.15588911943,31594.92780020037,45846.503350401385,13270.33094742267,17741.911004240777,64711.71861628908,63461.71767366037,-14990.866383554829,403.8918938652623,65648.94241798729,46654.55150503186,21357.979787397413,17392.989042711997,58095.53176099337,75866.85930985733
12488.806079691016,6200.171685603012,11771.431600211981,-1756.1737166225519,18183.248795921678,-10706.881837516261,12776.680685792022,-11115.840714390823,-3170.2411856366207,14785.407156118064,32832.78975821985,-19072.562126880155,16910.181919319446,9951.636544869078,2502.310234651926,Struggling_SleepDeprived,Humanidades,Laptop,DSL,2023-II,16536.66688925271,873.5350932581296,21216.027131217772,8220.254996556481,1341.7379806639042,1995.2927798378134,-6538.619783521613,-3893.8358736084588,7281.007026168594,309427.4412200234,24512.561773958896,12225.730715434307,63496.81170154988,63319.674135492176,8680.929312278371,14182.967397599856,53416.8011116738,39427.9648697937,9012.832641407405,-7909.589745247966,60621.03139586046,48527.32487797257,13187.933466556551,11081.453840448685,73736.90889295234,74996.28467697887,30445.11868801986,16996.118004064352,54838.28410798235,81177.41924575802
4519.835962996396,3079.498587758433,-7494.000784353119,3678.0717485230252,-4328.213865503155,10286.724500475986,-3583.670347133546,-10618.341530302221,7401.7875582873,20268.084482432147,23399.365058994474,585.8387076279241,13123.772550947504,-2325.2303177213166,-4000.755279950792,Struggling_SleepDeprived,Ingeniería,Laptop,Fibra,2023-II,22969.24246458242,26554.64779259007,4917.650491211844,-3358.589859595469,-19355.54040932039,-2914.859587945639,12274.164629258374,13237.24734189083,-790.3438934437193,297402.805052997,-699.4463261632645,22658.898503615565,55830.75563420506,69843.5929098532,-4658.774091862266,5846.6486182901135,60573.15855645926,65456.94798583495,21803.01566729522,3546.8560147910175,48157.899713655526,53155.105754943004,2619.624539438435,31337.62469828942,39423.30530599883,65155.863455100174,2688.998202535855,16531.962461505682,54260.27341625727,64460.195034735574
6108.000806637673,-16991.87324217248,1504.302565953154,1747.6881942548268,3070.497660953543,-21379.250944795975,18360.18143243828,2976.131990272083,3722.017340577108,21792.9178001615,54539.39190847729,6425.148729474575,-473.93697685266216,1744.0196899828202,9431.906937077882,Struggling_SleepDeprived,Empresariales,Tablet,Fibra,2024-II,19530.017348418674,15992.888025226664,7764.203652385393,-8703.460850050742,5265.476797113897,3822.332173393808,-18655.81911696777,-4085.8490885528563,11458.32906821778,315897.63700047345,15360.425783532895,6654.204941143474,73422.06655519435,42684.83970050378,4688.310228381241,10912.116662483904,52978.230448351394,57279.009930089764,11717.102566957474,-6942.518945866981,51713.67265163234,61509.700510444796,6829.589908489776,726.9895869516276,53212.81798701737,48240.60229784096,20267.186581295777,17826.654321034224,74241.8600369008,72098.48290795594
-5610.079898644628,5995.740422456618,8274.267734096713,7629.85020260734,955.3878544404915,4351.349514235979,2594.2623123614726,9529.430653109654,136.7034648635522,2690.919435953887,56407.85223218302,-5862.857900068657,-8985.115097741946,2512.450060628678,-6945.405114123115,Struggling_SleepDeprived,Empresariales,Laptop,Fibra,2024-II,36917.048762560415,47783.92715371158,-4154.199561324317,3737.843622923974,7985.159340540384,2025.5894956639575,-7241.001882360779,1597.0386207237543,12275.76950399985,313861.8488559652,5774.901246225079,9383.389096602074,68183.6140306699,50637.1591204791,11865.510433363548,9820.111605662963,71191.38291794523,45146.63139238705,6229.8697021831995,17211.512876785455,65776.61505044908,74982.34615353569,15787.128674357193,570.590770581246,48582.98004152343,32874.55130650014,6537.7369927627005,14489.769923771091,42265.554795316406,64726.5538610003
-2194.6968397595465,4429.0200739193615,6172.35041637783,15803.13267441424,493.9713663238009,9309.443435158473,6265.017509172555,6488.34499581894,6903.706856690514,21693.62409922485,40811.63629100194,-10327.942990756817,485.12836259254414,-13057.299984833899,8725.693827787722,Struggling_SleepDeprived,Salud,Smartphone,Fibra,2024-I,23092.538801499788,6113.726689867228,-7288.599799573896,-15227.698664547086,-181.03992142932015,11980.743672386569,3144.09523641067,-20460.853187011442,-10191.486321446428,303983.20260655275,8808.711770669666,25966.70470450959,34252.38343043436,44395.5708377178,17769.837326313263,20769.686552235566,70930.88322996348,56961.615503921,15654.522111688359,10766.513765519632,69952.90377315957,51957.880250619564,16611.896880013155,-6349.929615683741,59140.40662765396,25092.358270138087,10551.743782782854,9900.153988557327,46454.96354793911,38780.92819159223
6677.79274408625,17082.022952923777,-2065.4328164045473,15812.264195449767,-9002.350908390337,8410.600384053318,1179.6022883477299,12707.698802296927,11995.73725508211,22367.10526779982,43318.65031455464,4233.072392407095,192.56459139852268,6149.176865746167,-7263.750294180576,Struggling_SleepDeprived,Educación,Laptop,Fibra,2024-II,5247.350963670686,24402.787080952796,570.9528317158545,-13283.577602974692,-1199.063588956097,-16931.87830619579,-4675.069129580706,-11146.417352064043,18348.77363747154,304648.01543919375,19497.576656319725,24370.014196573924,48029.3364455235,51878.83466099992,22351.827796720245,-3930.158008104552,61198.90738227777,55821.10589266584,-1149.6895268639237,13611.373359105084,47335.334285754354,79099.2853789722,5425.523166124457,27915.138723221804,57491.81082663349,71586.10615344008,19770.483615981953,2780.700093047957,45384.62631009738,65217.82465397436
-5597.059445692111,5762.46860863217,8373.365058418649,16300.035782064151,10996.363541190902,-218.46761041294872,8320.02567114472,3613.997715871684,-3543.7349174910078,-2497.6532090790424,39686.80196316137,-6842.564986987534,6915.694474412316,4354.454160805029,6346.110329048152,Struggling_SleepDeprived,Educación,Smartphone,Cable,2024-I,18206.717326591475,12588.08420831288,26611.54754950799,1685.3731008712844,-3592.5843786055502,-3981.61160083388,-8925.696047032994,16738.148061221924,5453.666114887566,310831.301373743,4780.434881186391,12841.370187724173,62509.20421117,54760.545770115976,4369.946597524381,4271.435530192994,53740.932948177426,32482.26755184202,3509.74860178607,5960.591888086207,53767.76908178919,41152.838876298934,-802.500552594176,11094.082217243274,52383.17323773994,57051.21227589073,6916.341228486632,-2974.0826286099036,50203.67294195324,49494.49121256895
25739.906159680257,1462.6793788104578,348.8322958574165,10466.868661059038,7856.764269036978,-2346.722750505811,20724.963735798854,8763.072623519034,8959.454441014112,-4315.62375528317,44478.13973271871,-13353.22917582383,26506.552602230997,-2679.590221104718,14129.82659637861,Struggling_SleepDeprived,Educación,Laptop,DSL,2024-II,31528.5691805397,6264.106133509653,5150.593613031577,-13971.924198380684,14450.258709099497,-2774.545063971173,-14185.080349631253,3384.0605560106846,12659.011522945391,309859.3235931386,16665.93193814237,3605.5665980996255,43256.1202953733,79151.49572195028,7757.344112047541,1962.4241421526422,59652.95787237487,82238.3374591029,11016.201691435668,12547.049969504033,67135.62524809266,60491.583215875246,-5366.856015942147,20673.242827382455,45493.42667295521,50825.8412674645,2858.595688368441,9039.223335881588,63876.60699934073,72724.8422326473
11617.195954210834,11352.271184100406,3966.45634582374,3389.689916908968,17857.25486546548,1427.1471843257573,-2055.7252735727593,-2817.8783209133644,17842.10644328774,7799.239465409573,48846.422544110406,-11111.853745201899,11052.984974239873,-9999.85467117461,8648.187400921419,Struggling_SleepDeprived,Humanidades,Desktop,DSL,2024-I,19776.297055764917,8875.779131143709,-9555.660867126679,-19516.752348609865,1409.9417674717158,-15352.575579548758,2767.6840488734097,-3762.1269151577894,-19996.62298510298,315976.43803429086,5462.6020267485455,11021.52696793592,51083.00147652305,61240.19875527205,26776.597402663836,822.9113714455725,42892.92953542772,62442.006806127065,-19171.932803111922,2037.955285712349,55105.62503840474,36944.647923066004,8808.813870646074,10576.723465640214,55509.85972616382,58803.141179134866,3351.603093029309,16668.03287880705,53800.83117976341,71370.94860592962
10596.233120364976,920.9554123814405,1057.3225472459899,10429.966098051087,7640.603728069051,-1282.2197984631885,-3611.3192452363137,4970.448917530826,-12078.616440765722,5043.311637724673,23125.0283457628,2445.2309744971712,-686.5318108556517,8440.350114470886,5225.153662359022,Struggling_SleepDeprived,Ingeniería,Laptop,DSL,2024-II,25988.30444778361,23429.16284634522,10838.647335309182,-4370.802309403092,-14434.636921429948,16088.075845296959,6598.663006853127,8757.445089886121,-21446.909332582796,301665.21055557195,10957.746269876188,-1101.37737532961,87070.19355932232,61644.40784442613,369.0718539624595,22197.336261067434,62520.473499589985,59880.89572605926,-9948.244167646575,-6101.426125866961,55276.284214228304,58927.99667132561,16014.540371391047,32580.933324441892,57674.203165591585,74028.94398604066,-20.246764528894346,6794.17424946195,72339.36840824956,83279.53726530321
6031.795792114468,19232.762990892785,7656.342450111873,14663.525306800995,3312.255309469161,4085.2172021153347,12521.787309667783,702.2974402942423,-11399.683377462836,-1124.3576940221747,26544.30874073846,9732.214415280587,-6328.954964870317,10088.907105513958,4519.649874237085,Struggling_SleepDeprived,Educación,Desktop,Fibra,2024-I,14032.032562048773,32712.172173107225,-6159.580043829134,1171.8005290718058,1558.896583944498,-21853.50868829697,16016.302242189473,6701.610455775598,-1826.2525803931044,312850.7149115547,16013.74921610761,8676.882304580522,48336.14383211037,47209.33191581951,-15220.350610396883,28286.31694664601,45594.01572101257,39988.601833130015,8977.636022126295,-8266.17690468522,40544.265846517286,39510.30482030148,17475.609821496175,-2258.549676204564,71554.89913735444,87319.6669889362,7207.767915804017,17633.183011952726,38095.8418779251,60768.11858062574
12290.033363349494,8443.70333294547,9173.24414040166,-1254.0872556791182,-3787.529867561548,11496.586297467138,-3695.1193883600517,6713.183069264642,3413.9449350663926,24069.299717040398,46749.856213283376,7627.073084401098,1716.2473831189634,13603.264561939817,5030.385325136932,Struggling_SleepDeprived,Empresariales,Tablet,DSL,2024-I,29989.68946733873,14624.936867497858,-2640.4980547139294,1102.6429280639873,-10642.112596001703,-3996.9696966789925,-2188.161877675471,-8930.385305571408,4289.238821684229,300556.396817585,13031.795420693288,10173.72371777646,48798.320527723095,45507.55904644753,5717.5364271117205,4961.044879028275,41231.05664969123,50514.73893321065,-4441.434734670445,1278.7160333922639,50865.34939818501,42873.958487436845,11094.84982906488,8489.942104065749,66515.38093850181,60644.30701820468,26780.85754911721,10429.97684976689,60086.63315256291,55484.39464881523
-13020.59912750255,6371.721476734413,1578.6835562677534,7666.922003544865,-774.348845418721,-22642.05940502992,12660.626097888433,-16024.548500539135,8846.106737270136,26498.713698845713,78783.85280898641,8073.802167610075,6302.971485390408,-14597.35575617447,-24496.982050055958,Struggling_SleepDeprived,Salud,Laptop,Fibra,2024-II,5439.9923314598545,17755.044796631773,-8637.588267438216,-18830.92739693257,-10202.220029220689,19820.272869798122,15810.084401612168,15696.901975531653,-9548.373813394368,315528.1014022782,19014.95955654631,27034.373237921212,36953.80323601587,51184.35121137422,6117.377383219138,-9392.222915972965,58318.3721995817,40750.94713741797,-931.7876934705218,-4821.00341203366,32295.045085876736,56176.11005610262,12139.779961650456,15484.247407113511,73102.23931085698,52116.080849493344,10912.93185097607,16656.643768378897,55684.37042659867,44528.06157209466
16255.083976537178,13590.230804285402,-5143.203660408213,6790.910633082669,8693.869384978556,15475.058725271032,-522.458380790612,8856.500625908344,4930.5200704115,-3444.4195693154625,50577.29230925077,428.5622909666347,13742.360393394887,15066.717233582243,990.6507100648222,Struggling_SleepDeprived,Ingeniería,Laptop,Fibra,2023-II,2944.6491387249152,43442.009102534896,9069.981570655616,-7751.434043846887,8796.448012686455,-4763.700235171295,6182.020552342833,8450.68876438026,-6164.198341921182,308260.88766457175,21090.705443904335,27927.309856528904,58581.71500729793,80489.17231178175,28824.06335294729,-14268.872787043918,57015.4478646975,68795.73199407004,12935.599850029446,22569.68378365558,67680.60940422215,66457.92066096472,8791.011447186127,1949.9237757473275,54656.23106925864,52382.46427227449,20552.79289287253,2055.1334348680048,56494.833780717614,57217.582432593794
21462.52884382605,178.20178256550662,-3502.959233290826,11253.083669517495,6817.843766260449,2177.7234851908206,6606.37527755655,14035.797378501686,682.0708637791759,879.6522916873764,32644.351585456363,5236.002709508564,6550.177645517428,1175.1457849590402,29583.721207709717,Struggling_SleepDeprived,Humanidades,Laptop,Móvil,2025-I,31010.244424394034,45689.54318760951,15498.871781708633,-21000.933212346205,-7365.767475338323,2131.6845037686667,-12599.794531708274,1286.290843727558,-3291.7135674053175,325244.9746189686,8060.944941127432,7292.334291801577,54104.708097695475,34237.80313410943,6776.352045521041,11189.321806346068,50875.60834319239,53858.37962632323,8573.533383316164,17514.57511412611,59100.144555614184,58149.07949909706,-9992.03493486116,30796.158093437032,59540.97544655124,59530.9509899894,7424.945924071254,-6550.039659951824,78366.33412571142,69414.41404692607
10267.160518953744,10859.227425068586,3572.9028781516813,-4288.748361837113,-16194.409637680623,-20433.681992063648,3867.511653986407,6562.432042452692,-8113.71954288,-4848.790688054612,32158.126528160705,-5072.90670820538,-6743.349586190761,-614.6054893865448,-630.8191099092014,Struggling_SleepDeprived,Empresariales,Smartphone,DSL,2024-II,28023.484222364605,6086.33462668989,-27131.094163230828,10380.670309194928,-7552.155913816763,-14074.520874133868,4984.9446358507685,3893.703369170414,-576.2589154129942,309242.4658737979,5124.971797621871,9383.275569719288,53692.468965130916,61542.31757905287,11581.467077675297,22946.13785821723,55280.96295121621,42598.68434433413,7627.832557961366,20224.285010447766,63683.90091981773,90583.51717621199,8381.631929395136,-2071.9744625047624,68248.22859016906,58915.25239821931,10385.960368010252,-5728.295260839306,70085.23423455296,52094.027846996556
11634.865247497928,-2630.6309865059147,-6151.741413664517,13873.39539345125,17245.335991254356,19521.309937429138,8199.20919169245,3336.9577741870253,6901.818631895712,12093.494660958475,46120.93855902533,13938.644657261924,13598.817868258047,7229.225382735656,8761.256263462317,Struggling_SleepDeprived,Educación,Laptop,Cable,2024-I,30277.02907844483,12056.579492794972,8540.320620332153,-5161.259902453044,7368.184038018406,7220.7010172387845,-3523.7802997879203,10853.12664098732,-12297.886178700948,334753.2455969994,15430.80009247061,18857.666821342198,55816.929584670965,52998.41198730268,5762.007362884353,17233.21149080702,55958.49390088657,56546.19485230406,27827.254413486648,18921.80560349302,49164.73326566499,50892.182458678035,13971.081020003297,-12160.883246760335,59102.0613455063,64043.6316556766,-15616.23746790997,-3398.8599100154825,43214.957895797554,62271.93195520156
12338.406084000258,-10729.614419483543,-5413.67111372196,2303.79957627497,-14189.159027340804,-2020.071343313231,8409.572032139076,-3715.1004488664435,-294.84663955845735,-20065.482647262466,60667.32700791653,6711.607410278119,-17329.36806472896,18868.37427600299,-7398.727442608123,Struggling_SleepDeprived,Empresariales,Laptop,Móvil,2024-II,9793.077081536661,30883.880924651126,8076.654453448762,-4700.600525371065,20223.610744889294,15524.901237271451,-778.4730544144894,-8893.783061121932,-13.395121452737271,332981.8960981326,8789.884452564873,10997.921393459232,56381.854922584476,52587.7392169519,702.1301796591124,4978.914485735085,41217.278462752125,42160.83202717769,26984.56107264354,12618.326405425434,62192.20579777101,81993.46487753796,6415.798086289309,2092.968356121608,34685.744242039545,54648.89633180906,11347.057832045668,14552.389931079133,60115.593696490505,64639.240983091535
6903.085589245854,4389.798572124998,-7566.858019669277,9201.021939238823,13121.543292086459,4990.709553167348,-10192.54314405481,1495.1203798135757,-2641.8899686444875,-6362.845506055983,23925.868016509245,8397.91002078388,-2288.2629798911094,-11488.821645968104,1891.8269079116192,Struggling_SleepDeprived,Ingeniería,Laptop,Móvil,2023-II,16654.16384156994,14695.299218655196,18913.46957913803,-14349.748245242723,5071.151748173479,4101.289936094192,-15445.507641389231,-11949.268995144537,6350.271553913653,336602.82706486963,17059.875362436804,18939.00977857444,51345.7912055014,68148.03139066155,9908.797857966883,-8818.980397778927,43805.94809808327,48309.54884435568,3081.5018811576574,14963.670924569094,52965.285126988194,45551.42627933649,4448.140648283653,11573.56457329136,58336.78430493697,61863.647928293576,26734.293387354344,3711.651575367874,77555.50610565531,85155.7966943332
5159.70753552626,23711.289735200964,-6570.345616806436,-1608.5360018179408,11750.883596813344,-682.6389886519826,-8681.08978967348,641.9852444906692,11312.810897477353,15369.48680651311,36596.120305914985,356.424627761799,9205.351478230405,961.9455123316033,-11751.90176653276,Struggling_SleepDeprived,Salud,Smartphone,Cable,2024-I,7348.543357665398,-4099.85002721214,1663.2302735284075,4379.426711130737,2928.1175064346085,-7456.260999033818,-2336.0429104348323,2008.819247279312,392.4095438692263,310324.7988712889,-5234.887324321811,17459.713158477265,50197.6116980235,34946.38823128816,-9310.678914842905,20506.797825972262,41596.91076696627,56099.41184907601,8894.353552567998,1208.2584828477993,76105.25267757621,63508.639327666635,-10917.135607042102,-3706.965871263219,51263.83182812769,79766.5982235955,1975.8689664884714,23156.32045654369,67663.48726484706,78789.01207709406
16452.14503869608,8228.470793346574,-18537.881617787283,-1258.518156568013,12846.51697263395,18272.152869710288,10426.571896500205,14640.548344943803,13340.380674404327,17975.118880731894,43380.72292831109,2759.6451839932206,13756.570731507709,5068.556481353795,16260.037018447736,Struggling_SleepDeprived,Salud,Laptop,Cable,2025-I,17110.974682541095,19194.226961458844,-1040.814676534374,-5554.4928599193245,3448.3068200806215,-13779.881323153943,342.99033494568533,-6348.823692109461,-13129.351278352391,324890.1030614165,-3531.718330344658,19400.343695673284,54908.64163554534,62844.61851048977,25835.31053830382,9430.26800544452,53656.71759205494,47100.56290365188,13403.520339747138,21989.950334055036,41916.58290565747,56225.067339799316,9697.984047702146,27815.204709348858,29913.63243327408,37657.38776192799,13230.508256602203,-10224.299565899863,56629.969678474656,57398.578575626605
7434.318980241425,3437.7569747490875,-1967.7803857334661,14098.045976754871,-2413.0305761515633,-10980.25007050346,323.66466194966074,-3439.6438825302084,-8594.071129101096,-5140.390083035783,63559.7127741493,-1100.4538403443403,10010.76843542327,13704.316709593135,710.9463372406647,Struggling_SleepDeprived,Humanidades,Laptop,DSL,2024-I,23335.870815599734,-79.10930277616717,7323.559961456074,8321.597593300869,-2814.1559047425512,12482.362570762156,2966.276905450758,-4186.207294617994,12991.910715274309,323296.9410707605,24963.563542025797,6974.640839512172,42442.94693360982,47187.91727587898,13126.650579302146,2973.08134762374,24847.868478164128,50812.39914693401,21244.957069384523,-10473.198253500545,49796.42694895664,56953.79152624946,-2150.9455866052886,11632.526696758658,43780.596388678125,54081.46644952159,8832.44563423123,18180.359905932353,38266.77243489205,57652.80702890554
14985.865401945182,-1779.7838862131557,4132.614087768576,849.4648092765902,16245.013538661759,2497.9375596641544,10916.090581799384,1318.7008643577037,-7875.395564241942,8265.447955065421,36691.37837631062,5662.701079306211,4075.2245119460367,4729.47645096663,-3711.3071111667628,Struggling_SleepDeprived,Ingeniería,Smartphone,Fibra,2024-II,25791.105917926827,10997.919128170044,-15154.998248520133,-3519.406502795081,-8507.394055972774,-11842.799606577682,-13191.553811242793,2102.8593718647053,6730.1443768153795,317744.79522878263,9748.023755018938,4785.2307752827255,38211.38230643919,59025.412218911915,8189.325852731934,-935.2602698208484,59516.9496475703,42423.23011517178,17073.94084636469,17593.284750750776,49853.377896712474,33855.39709027493,15208.335507938733,5761.451832502258,66010.97126561943,52474.307669419235,23283.166720473826,19965.65748731135,61597.80364976715,49859.98185799877
-2921.20372966166,7265.8424195845655,-1634.6690241987537,10158.64885695647,-11161.474644327822,-16036.66713829536,8493.614067700986,1428.345488384242,-7014.996627219853,25468.331634670176,29114.28350786341,3989.4517425299678,11568.274040838358,-5372.190939835425,6627.724637288496,Struggling_SleepDeprived,Humanidades,Tablet,Fibra,2024-I,16551.494382135952,28675.34028597863,-5379.013414135196,-7177.2057525640375,10443.316083519827,15906.068278787585,18195.94730439763,-6240.348806068658,10106.973218503615,318553.5944950901,28348.14613426183,407.8708464552292,53873.85084321228,64978.17748350385,6175.787665685645,19886.57638694807,72412.08425268576,69771.2667981474,-6457.457573697266,19038.847429108184,55510.829576860146,61180.84566197262,-1021.1696042329131,-6593.050773354054,53643.04396446749,44062.22652269015,-8872.594829028465,14691.26748440812,63218.04432851134,72702.17034215978
11255.353553964205,13107.837003207514,5175.336795728565,3786.763272345037,-9733.949934931203,28.757027385524566,5042.2262416286685,-2391.22336359772,-8995.466538245788,23764.96079719835,48830.10647593845,14216.40628916268,5448.975129728965,-6717.557945394572,14508.777541755197,Struggling_SleepDeprived,Humanidades,Laptop,DSL,2024-II,17739.00810936481,20422.546974117533,-8492.495473262657,-1144.86849190893,-910.6608306735501,58.30952683326777,-7323.929706668398,-24765.77499285804,18968.68535766967,321840.5285651914,25042.313165007115,5976.730771400978,39382.74639543517,45029.488368369,8755.226197865923,414.28862664490225,56135.20366513243,60910.23170048634,15510.95637200608,24212.962115727423,73021.18142093555,40468.76601478366,15010.304321082109,-2468.4009775979175,71259.43954846478,54381.41016867715,15938.112652965534,13740.767525404448,55750.98846785471,58517.693008216665
-4409.72352974328,11232.335455604192,-9279.233944273565,-10890.927625360759,3438.454718525723,-3107.483096120422,10330.213028905477,28599.885568247108,-1656.877030070349,20080.06530347414,37694.4419152744,-3472.316189534558,-8482.748229503795,2983.660313219576,993.4195363866381,Struggling_SleepDeprived,Humanidades,Smartphone,Fibra,2024-I,3933.902574983511,18602.67525192203,-2266.8749612318115,3430.1484618974832,11159.321433737394,8674.22113539812,9201.597496475712,-6757.483719899366,-16381.450496064825,331298.1809996147,369.6371563858629,12571.647808291147,35726.13537865752,69761.6328833979,23349.73108478701,11352.940849355333,56938.14813794181,62702.81410214758,18947.54407690573,17280.549830320815,59833.05204231391,46176.895966752025,36039.67559060076,-13186.077952004074,70113.49809521993,44281.2294403692,-332.9381530936862,9182.76807034368,61229.85549943946,67115.81581645794
6279.107965834428,11491.480847987877,13831.88897869239,19619.48823869898,-648.7949416326459,-10275.894431109082,11461.170847089532,-6770.5103416656775,-5939.653006023623,22493.170064422477,47503.59391735278,9910.393920309154,8676.41681546579,4587.576777532148,-15737.580837620695,Struggling_SleepDeprived,Empresariales,Desktop,Fibra,2024-I,-9831.60313759192,-6818.961885294084,5881.727013004836,12462.471045120048,13817.667399418271,-12785.827317523966,12448.761171969682,-13622.281257155104,-5749.22530599025,332621.39563985664,10529.517073079991,21935.062500907257,63856.400823415825,66719.71587454608,22938.261725627548,16659.662563539358,65862.9539160296,52856.33633837911,3779.5154751675454,13339.714872346609,56475.06587319027,54671.41142055185,-99.12316244676731,-14484.447037595372,57364.99949584453,62192.21933861432,23943.848708981903,-552.334170445276,50770.354677187934,69848.7052187811
1422.9188036732257,22977.058893887253,-4797.9672523273075,4218.249283106269,-10723.733234974137,-5260.700741951665,26254.74560150478,-21158.241918979864,4313.457499152151,7313.152955280625,36367.869479437504,-1953.6631007298247,21223.514884955363,-10925.77366193481,-6601.018692902343,Struggling_SleepDeprived,Humanidades,Laptop,Fibra,2025-I,36003.20498480318,18520.359887062157,11092.066618981507,16828.13971615975,-2665.977136478915,-5877.568562701285,2062.4088595565013,-12377.514989736785,-2064.33114162445,331915.24768899963,24970.270202024003,10042.716263281201,48247.149264148065,63858.378247357585,-7829.0746707694125,-1490.781762023953,45333.80865716749,39651.765223215014,12556.342121339992,-3907.238696516919,64725.8943539659,48924.46070933784,17803.430195737874,7731.2133983837,39545.70532295277,70611.03139613279,16094.049925113506,40.23155729863902,41219.37091526934,40285.06804736868
3054.2307608132696,11208.950951556022,1042.7241258248637,-2790.7226257778034,-1762.132958457696,1086.7850341454184,3586.026008687665,4974.13717001544,-14015.52041410422,16777.715488541195,48048.22120835285,-887.2766477426435,12562.705909879616,64.65442963950613,7827.9687767595915,Struggling_SleepDeprived,Salud,Laptop,Fibra,2023-II,14938.4282597397,63.78417182033809,-6647.527779212325,-10568.463605719586,7541.286431411092,-3892.7863269255595,1242.63917431102,8304.353513193293,-8781.781751101029,338211.81033156125,12398.375499678097,-16216.031732800991,59676.39010779491,52999.98187234418,-5523.826382236866,11352.631487158593,45774.05106637241,44269.664231879106,8080.773629091452,14335.720652400109,44398.07367402751,39891.108899926076,16214.307858116787,7887.286824956773,49083.17023257079,34678.60176521143,19142.723431930353,-1547.6312612190031,70153.96549542216,57251.59097779749
-999.3521984087674,20824.094776489244,196.7494827309796,4847.51467920066,-9180.825955472354,3185.5474127004313,-17940.0549592248,8541.135989559829,4040.9901802745653,23526.92130346044,53567.26127984485,7009.808437854079,13430.116390499255,18361.13540189506,9806.247819962233,Struggling_SleepDeprived,Ingeniería,Smartphone,Móvil,2024-II,13125.11281897746,14828.761777927333,-6516.532865892066,-9970.125187119454,14387.238309256998,-9424.325677150056,-1574.5392776345823,4062.136330307316,-22234.490156685897,330147.85774319386,-5097.441393378482,-5699.4057338576295,48967.58667625522,41483.244433821674,12641.732746338042,11759.656598805286,51804.227301010775,34625.12536825853,16205.518204791486,18048.994484302904,47587.000079218014,59479.74444332473,11517.775265373997,5915.772427455778,34532.90421604408,50950.24986357544,2347.580321058229,4941.909104338349,58155.24924098777,36667.42401801339
14539.022007064385,-10098.69376827667,-4016.874643166206,11558.384728948335,1609.4707606109446,1379.9786543006383,-681.9930491032264,16054.731677371683,9693.379472829442,19809.56526315389,18010.724405207715,14243.700762258963,6256.958581807446,4284.824811780749,8290.85362414945,Struggling_SleepDeprived,Ingeniería,Laptop,Cable,2024-II,27655.25247541669,21492.41977165726,-5738.439987157657,11151.730258178093,2049.6605814303057,1669.7459063212916,-11799.134185843868,2095.6025486660674,1755.5874394338355,327875.37511770515,28305.87828421807,22058.19664378013,61580.92206589483,44594.139522039215,20701.294442431903,3288.753059413976,67043.9938274612,42991.8308427641,6256.332660249291,10329.59365810029,40118.66200188697,57116.234988221775,17928.198009887332,2979.1963506636057,48806.42861614637,49020.80967162727,13961.071577439841,17308.747728495135,64719.54726274477,72071.26047469885
7644.116785341672,-2293.8356953990615,4401.446358359439,4469.827549050334,-941.852876987354,-10450.481115951738,-13057.394591509625,3356.4128927407205,5020.481072134646,-2427.8254630085976,72257.04201032389,5541.431925065692,11096.021918386487,-2117.8931873600773,-9201.221585880261,Struggling_SleepDeprived,Humanidades,Laptop,Cable,2024-II,16079.827287595614,8369.200752878956,-21575.985662552543,5872.189410615407,3883.137432847807,11119.102751531327,5001.072246280188,-12342.053236125612,2387.8607783270904,348207.3203137869,4803.59135575909,9875.348774383607,57018.529788140535,54508.421743609375,14118.707971625285,10181.148189446745,61642.06876851863,72902.31155221611,-1080.9925820089848,-2253.457519592801,52762.579816229365,61750.683290822395,11498.523959109649,12125.18721296466,65088.14551170512,50338.726287267185,7616.281268340756,19430.168767219744,64994.31469789308,60991.09854168188
-522.9075410740952,-2148.8691690249034,-15702.339665397556,-12251.765959455866,9841.343811922667,1497.5526874778711,-20241.493573790936,-1572.8350829290575,2993.6690798494287,12059.544843662907,28935.952611087567,-2151.2972035162666,26095.1982993585,-6994.321630609623,2420.755033556388,Struggling_SleepDeprived,Ingeniería,Laptop,Móvil,2024-II,-1081.3466365823479,35842.729049437265,13549.915579589446,7312.407263879133,5649.916817084741,-6435.546998513865,-6615.169914622882,9512.258107082289,18101.549347791028,347450.172124901,2514.3246266656024,11107.113944914896,66432.52564409446,47045.1177906246,-5132.583610370846,-1376.7685334426606,46668.046799955344,53866.81892176085,1403.9116498279345,16072.173152363792,46684.45714118238,50039.0593670972,-5820.937681669724,4007.089209978355,49895.71875276936,46162.551673440015,8823.992047815935,9915.1619960479,55455.333546507514,54948.383064747206
8250.307599743861,13961.14701147758,-5970.342425775447,-195.69993477457103,-948.1205225054698,-18821.80224191698,23545.04885617682,-3064.7872008349646,10076.98818818553,14926.64523851692,53614.898847250886,10948.838966041305,13983.433634114235,470.4046927720342,1066.5914852657534,Struggling_SleepDeprived,Empresariales,Tablet,Móvil,2024-I,22035.757679891372,22665.336560206342,16535.39321344915,2624.8768026747084,12112.808935176708,-4079.1618937327744,-19163.61007400572,16506.238703937954,9653.645192758235,350480.35086330166,4733.330163693151,526.5538909220722,63684.93989033188,47870.94142171057,20488.588781732655,-3731.892361877486,53827.57018664462,67263.18966381162,12971.60773106732,11421.069982372734,64379.18242313066,63164.50380333728,13984.058902975064,-2975.7112128181307,45350.3674477267,54853.43790668563,15743.318486954373,11394.231624240043,66284.90729540389,57756.29695817847
7563.337263257787,-15323.338573205452,6353.404587242585,-14295.338351932407,-6495.485347709694,4443.60085814018,-14435.078025337401,14588.121381666384,12755.32005494203,21849.97898622918,53146.771250461505,-3882.395407219191,4077.8090072833693,19521.452100778886,-618.6241681397993,Struggling_SleepDeprived,Ingeniería,Desktop,Cable,2023-II,18231.398167764233,7133.721635621576,1009.1850532390627,543.6663373930436,-2407.0406451833737,9350.32321593666,11546.090072955405,-226.74184626095035,17663.49728054534,345510.9478006061,-9055.524461477897,-5324.108053852015,41150.10126827601,55027.06901523016,15879.918780970125,31143.296435535063,43230.95770118983,48733.204570305046,34679.7896371027,28861.274610362514,40565.35766504304,56254.01338608496,27890.14754826839,9379.994979077863,63011.24593217484,70045.02442006962,19008.48625937658,2775.688194183531,64172.307958921265,65548.34123095035
2513.3466779737246,3155.8582078827567,11217.478491976066,-8936.28305970083,1124.1086842012182,6624.965764230235,-8246.800626580864,-4227.647923734565,-1919.2495667449875,21740.887276709705,48574.06673280259,-3577.6099702141546,24948.552035166846,3200.3967334990803,-7561.734883245999,Struggling_SleepDeprived,Salud,Desktop,Móvil,2025-I,10565.41171079531,24851.21177812546,7394.349213465768,-7894.012164873167,-1858.110200361396,-9450.687880837148,-11784.958737118302,-1301.8074491218022,-5378.9788502839265,320201.3954380537,7009.283797628022,-11568.317302889089,39175.218552810795,66970.8543051688,-8716.555584972895,10938.847903587994,36065.91194937147,47082.28435809772,2725.3779407531783,11671.008073257539,40702.93880202941,40832.043113604086,3371.336547440833,21811.608025496404,42464.97211512851,53148.07571856041,13502.633293881738,5540.3178978659535,44975.96374491605,48704.83756514762
12091.249370006784,1987.7161191452224,4123.490393922787,-8594.915101067269,4392.371753103826,-2389.13423661023,-21148.608681810132,11577.208490252475,-8637.751749805238,3552.4604875173313,63473.258992899864,8938.11380082138,-3552.80038798435,9799.9747506817,-6200.687195420878,Struggling_SleepDeprived,Ingeniería,Laptop,Fibra,2024-II,30727.93571499276,20189.328980364582,-12668.048035631155,2128.4281907095005,-9774.547541233678,12455.900604325196,-3237.167845215191,-13189.608523586916,4583.774637405854,347492.9515840662,12502.79596220655,4435.479732503711,71420.06814210236,47154.02893085049,27373.25095206041,31471.35488111777,31769.45410112261,44123.341339392806,-322.4102103822115,2900.221767657573,57216.37255693253,47166.49796950502,-3533.9450366713027,-7484.178799413767,55245.508711717164,52835.21837959768,2489.914659770643,15631.32106195047,36389.77438876567,47929.97070407026
14397.206769497994,25521.126528546705,5327.290361837626,10198.27865626754,3016.35441321369,-14956.85732570405,-12576.214690841389,-9743.192019570033,-3728.1725512978664,7423.028903293022,55072.588352627434,-4478.766718926459,-353.06603536738385,8545.400435982467,3484.185551734712,Struggling_SleepDeprived,Educación,Desktop,Fibra,2023-II,25080.08000074816,25581.688204465445,6819.256879280887,-9675.333057365018,-11362.731781283752,19585.476344467916,3891.0375782878314,-23111.626882278535,-10649.539341099911,341774.4222574314,10308.06545267239,4526.398200092938,58559.53779342951,72031.39195254646,7400.486751170885,10161.18047851666,48956.90073790631,26832.051596928897,17649.553992889458,14516.143454851828,42193.21896928793,73477.01369298938,25199.671201780206,12093.956393034756,56701.19652893793,59997.02337941569,21887.84038264733,15799.988442941463,44935.28986474386,52960.43618065405
4116.484378241511,9199.591908071148,-15517.675464740827,-5469.995790878182,-636.1828822917681,695.8169505638432,4327.201953197024,-4125.909122808571,6425.770699991495,-3987.5184261651757,53510.67575649124,14469.880346936812,3196.661034800642,-1864.0721055411482,-6335.841575252779,Struggling_SleepDeprived,Empresariales,Tablet,Fibra,2024-I,34325.356478571106,10783.660639978625,1436.665521904613,13056.388318775993,1279.9861113935556,-22812.687959054183,806.8946409100164,-17090.692367533557,-13763.10466402555,345398.93906680093,236.74440101417713,14491.641856112616,56415.93939448235,59838.707556974354,22065.30921616728,-3454.939066884079,64986.64462000656,52570.949499506154,17285.316590087412,-3924.5113052818997,53310.05380998408,52488.659966754705,14247.870563679779,3382.1557156776544,54497.11726836234,61437.04252904093,12297.837989756254,21253.644829523335,80114.81487658805,64094.03055382699
-4369.694596797412,2532.122682533525,4296.2133069610045,3057.30820686971,4443.694424286935,-2165.8670424586917,24293.118264928562,2071.5047419942634,834.6576238746088,-3967.396267003911,13840.991271882767,-2216.371645224829,-17920.456319366825,-10611.259274241023,-3749.000440151187,Struggling_SleepDeprived,Humanidades,Laptop,Cable,2024-II,25641.96230715793,19162.87741024374,13976.89592061438,1741.4199294903433,1125.9554467187622,-5552.383740903907,4187.76952134847,5585.6512141335315,5082.254542875657,369705.4914007215,-5740.009997717178,-7110.568316408426,60967.29941106928,40186.11636916316,1250.4354736152363,26005.837197594767,52627.06218514114,39982.758710503585,1260.3902916268144,21233.297263427863,61275.88267130492,61010.31768554522,16258.506985325394,5492.953840981661,57744.76249666317,48842.04385258077,15955.857581298,10256.99686703605,49966.13699312056,52184.053539379194
21053.545717573463,5099.230087323909,15.329821297599779,8567.358652935889,14185.219680720173,-5124.9527529592515,2190.681083965856,5152.96787584776,-22114.846218618775,17521.044829828257,38949.12657210415,13688.558709694085,2452.496562375879,12608.766164920005,-2303.592122668523,Struggling_SleepDeprived,Empresariales,Smartphone,Cable,2025-I,34366.5021065107,4019.7478557112518,10959.83949990439,21691.199612829027,-4855.947275383515,9732.187947321747,-13983.682556631346,1602.3739224119772,-3928.0372107400417,329254.9152382748,29512.490175466817,16053.451434304417,70681.32638362503,51792.32754299178,7414.674541489368,23313.65680117451,54782.89398885507,59695.666243030435,5099.877577496147,11955.361154207883,67531.09344972405,66562.61979496258,17639.883789877586,10559.829546145284,55850.21846931211,75378.93031591499,5962.871035034049,10787.25966778415,69699.145150922,70232.21805078736
19494.06232457135,-2268.6076543220142,-10495.108294728028,11193.400583935605,2091.1348884303557,2418.67204092239,6299.408993632557,-3238.2260291505754,8672.487308438276,13422.532687187753,48067.33110414252,5739.125805827773,15134.306736216035,10909.535839368195,6015.606743152872,Struggling_SleepDeprived,Humanidades,Laptop,Cable,2025-I,8665.331486848538,-4989.1115284136795,11135.86492638629,-12174.944043009526,-5667.309691044966,-22079.0883090472,-6529.019632103281,-3077.7980714464393,6701.036355138321,364843.6032666337,24485.802706084323,11213.812016990965,41150.52078658358,63381.272051838896,12791.876700961986,19102.554736683673,50002.77446516217,59870.65700729467,5919.218125758972,1344.625958700255,72744.7426760758,72078.13803549552,14003.238796917516,16567.599892161597,42888.50145799753,47467.695705073646,26620.72205374476,18023.587696050465,33836.19399173953,37031.690889108206
-1152.954554150334,-1376.4885225825265,6756.512948945091,-8048.019073174916,2500.4116362509876,658.6427733157462,12537.911017550809,14701.451508414808,7075.390066733042,-6242.857090505937,44017.35832719935,-10657.85656567648,-1636.2502821232938,8128.454838889376,4900.93069586364,Struggling_SleepDeprived,Empresariales,Tablet,Cable,2025-I,35426.91972353053,17479.301131457905,15967.33987103076,-12861.57910539834,8697.305456635964,16955.654361194636,2751.1345469122643,16169.865178803666,9254.828104899374,340528.5461916796,35211.45133896042,13452.527498356463,52011.826750052795,47432.63559106136,-3506.25179312181,8274.525416909453,36827.89401762579,64920.13396648374,15096.455328310742,10021.189946098475,66245.72374674755,70873.50004608037,8184.970524611969,16709.638683516365,58968.098604578925,56227.54003292698,6928.135529921294,6800.286958054736,50195.17668590516,63767.38721455485
10895.900145327261,2346.658629771259,-14447.997111185427,10298.378798865897,14020.29079887458,-4018.2920091972705,16683.677298838884,7906.705503382831,8483.312557407553,9662.454093754177,30763.41895425912,9632.91075295638,3216.6167760338267,14637.046936841814,5447.033767950542,Struggling_SleepDeprived,Empresariales,Laptop,Fibra,2023-II,16998.583190222318,3904.418242035006,-11819.59510694151,-13522.510177731112,-7577.993058915148,13180.1837187033,-3647.1090448192413,-6618.563526473849,15535.405332910936,343902.9556396518,4445.322879827514,11995.64674870978,44617.44042331941,85988.90640518034,-11384.146664541495,8964.244367687988,56390.30346810427,44156.454368458086,13315.458341621652,290.6109221504448,40869.958874524884,60926.76459325343,19938.444131006683,-3311.298610339363,57362.55058147351,45963.015098731645,10244.142295683627,13520.461167943153,56445.17267934618,41570.15101031939
14273.91418415112,7086.496623235661,-12385.23139394195,1495.3048714049962,3772.030381447287,10480.57336218584,-328.38217517272415,-2769.650479984341,-1030.4194204179516,28629.186341295295,63211.83648300728,-11590.604337049504,5361.215665190518,6480.519468629023,2717.0602281395486,Struggling_SleepDeprived,Empresariales,Desktop,Fibra,2025-I,27361.580593254846,9231.456248533115,25686.564131574472,823.2416422190015,-6919.724963220691,7141.255954956653,-8109.157594840242,-10252.559425526848,7567.989291956029,356758.73602126766,23621.40572233693,-11062.680105579937,30950.928970685647,53822.34100720693,8620.366796693384,31799.69684302503,61348.17464196772,64994.31991298219,21240.01518839709,3182.595185323,47128.307528383986,31968.2729313421,1688.150314579615,16577.734874548718,39726.85826975982,50323.44750833663,18583.77790541404,17725.936533591852,48377.577993205,46721.73726786555
19755.006992845243,7459.137584488955,-7154.1725706511625,19774.64568059922,-7438.811134498343,17110.76861712627,-9276.974041377258,11845.976227363004,7629.616107178066,14679.754328091985,50670.421277993264,5062.200097745795,5748.736010476472,4096.20902270534,-1992.2438561296653,Struggling_SleepDeprived,Empresariales,Smartphone,Cable,2025-I,12204.263221897196,26478.367641677065,-11981.029517475257,-8998.221973984,12322.343396430713,-1466.3868110940286,-3362.9997537573245,-2490.5312310361596,1082.5671415812299,359910.3875835105,31585.19532643869,27138.036961087982,67523.9170442608,72105.00419601446,17018.339537697695,19892.95571325103,62001.82336467095,79261.03259818451,19807.06906359152,30139.068310880826,69052.73445605217,79161.08407037983,13411.63425549956,12714.49111611838,72200.4908551465,80068.69161642106,15842.225563061904,-3147.314347184132,67974.44766731947,40664.442678918305
33331.97395017941,-345.42107550202036,-3998.8524507871634,22941.23436410639,-6949.865512117824,2787.4588772156294,24863.199388954552,16201.820526022706,3873.676809099692,9399.90920786382,52359.41708242718,-1058.1815570516512,3825.7823435559476,-5722.561305130148,-4343.49257751265,Struggling_SleepDeprived,Educación,Smartphone,Fibra,2024-I,20556.068144652294,16066.64537973703,-8313.114033059323,-1245.3996529174703,-14570.903549043613,6213.351320164629,-6433.2848952363465,17705.95417533823,8397.07018646088,347304.89942221344,-778.3575505651552,21001.35922587542,46605.50119808397,47405.44046526711,1470.5473431966948,11081.471088412927,48572.098080958334,58783.01638139943,11530.997292913935,5188.969068687143,57333.43297141848,64495.59499513492,7752.209947048561,12916.87825139416,53184.951551344944,52515.722228136925,12957.9357460272,7561.752947975908,69649.68554730232,47023.81027153873
14926.386585099975,5197.190936396493,8002.807832787969,-76.23446811353585,12277.692383324043,4794.457719321156,4587.640195431455,-11256.331534207704,9777.684265240448,5641.734798102134,25405.525707667395,11290.319792033199,4281.11481612493,3968.7092444400323,-17948.8907106819,Struggling_SleepDeprived,Empresariales,Laptop,Cable,2024-I,33459.72417930316,25673.68673691417,-9249.953379733775,4233.837289934233,-10029.951109518344,4533.260381992307,-2892.3170143623674,-4530.900182779253,-7333.87209358397,352894.20417581056,13351.04599809909,2133.772783275649,34844.14212077939,56496.360368525,9453.713312243997,10630.217066316416,55526.88388174483,64207.9364701777,30519.0758810185,15149.482731115331,52455.12303489612,65252.34993620854,-2309.1581398601447,5044.575306219803,42595.84428340789,56409.88979746102,12578.35117450798,20985.222547755468,50564.7286321533,44218.477140907155
-13364.306659342245,-5056.9859345583245,-2232.652771548074,-2798.8051359898072,12499.04907853767,4753.5357656266415,178.55400564661795,2646.908575729606,12918.43170442443,8345.021850143472,59044.22482383724,5993.220183047561,8788.319078482924,5850.455050929972,-4414.901655086738,Struggling_SleepDeprived,Educación,Laptop,Cable,2024-I,13067.06871026066,17573.552942369108,-4237.1668872639175,-11694.583863484699,8215.461355977495,195.47203854466645,2491.6498664900687,-1277.0450031153875,-7943.284797904708,368619.3297109386,15232.368706542366,14950.450431424675,61724.9965478844,63837.127523465235,11370.227987755989,1443.000849092803,63011.80111409962,45538.11067047681,13939.742216535473,20041.918473079677,50778.91793868775,63545.1588253756,-21648.61925477753,10365.299242529974,42090.18930968393,50254.63777112198,14974.87501724119,1158.0735759193776,46994.30167535387,88914.11738558127
-3023.4372228480233,7944.402500009237,1370.340880862716,18321.258340018994,800.6545990212475,-3166.939307910084,457.24504324221425,-2763.9527738444513,-2985.0212070406806,11181.098572291998,40565.12101829851,18038.213928469144,16882.533754412845,-9395.458657007972,5233.165504314501,Struggling_SleepDeprived,Educación,Laptop,Cable,2024-II,33597.93713890234,38354.480895639135,1097.7549881154443,-5901.6592616218095,-8577.502978426855,118.81600989011044,-11080.519729474665,-1187.2144048369046,12361.287812055516,359463.2739227786,22662.10050911016,6093.541403463834,47717.28287751798,72050.45255236093,20037.34349200532,2059.673105102993,54584.84522971755,50170.85425352868,33558.40132285643,23449.004523018208,57567.3088049781,54425.66604568023,16246.179513868261,24119.425061716047,66358.35032173099,49011.252028138515,-2142.395347483214,35683.7142672983,54847.79047312541,43276.922863803156
19291.75095087213,19350.950861528625,19858.068724124594,4211.830735835927,-5854.8314390055775,2746.408831687824,-6687.630545757851,23445.76339693045,3880.049262571426,17626.37372582811,55679.22721080865,86.29405351748755,-1778.1113588714766,432.5585473675428,14269.277673557517,Struggling_SleepDeprived,Ingeniería,Smartphone,Fibra,2024-I,12926.422304338215,-1878.6398981045277,7057.320263702042,-16165.631737317024,8858.645133214597,6078.847548450262,-8801.789435011033,-851.861829840773,-3882.444843184456,346860.304417997,28648.197454632133,6496.658998559406,53569.08597860667,52145.370229666856,-11967.841949432212,24550.857706008574,38964.51157443984,30711.76347154098,19618.590087452838,14764.89564623797,53747.111869337285,60863.656394761536,9321.615888265937,20262.120104468115,48381.466120362835,50684.68194868785,28157.422874086948,17555.496447227983,56589.64336912343,53616.111464584195
14722.13885823313,9624.806069033519,-1659.4885438267122,-314.2259152374885,14299.898797477306,17731.211907354435,-1267.0201657599696,5612.934577543863,-8500.520673231411,17433.76169585313,56340.607451360156,11850.953683559685,4788.5296736928385,9192.3009090116,10909.20377595911,Struggling_SleepDeprived,Empresariales,Desktop,Cable,2023-II,20182.49579748544,16333.507284315929,640.5898004497649,10235.163082947902,-2408.3739124624863,324.36802767007777,13359.516927623601,-10607.392447568787,814.0129843119478,340272.0401814094,21768.951008319204,-17688.271693698094,51953.27490285283,38298.19218674941,846.8325386676461,22458.220199488063,57720.399711638514,72988.38145841737,4659.994717098024,-4279.9240185782655,48518.11752399937,70621.65361238939,1260.1287893525587,12392.30488133488,52383.32477441135,58832.8331923832,3280.269341195869,3395.7289451117013,62834.513013034215,59459.08848209929
28759.674482472896,5389.156429489175,-12379.131474256232,2479.3031526862,5780.2350124941,20748.203220240313,3090.3424591306825,-4940.065142136117,-3885.9861106479257,6343.7373008454215,55044.030086441126,43.3642567224947,11143.072260330628,15812.322297096985,17166.279327859702,Struggling_SleepDeprived,Ingeniería,Laptop,DSL,2023-II,25381.50165610628,-8368.162863043246,2473.5662310291536,-276.3097719821074,17238.865258259484,10616.767853319974,-4085.8139327077174,2859.207038809266,12736.576703327393,349657.35423326964,18719.95110756712,6586.865911803307,17532.456643413367,69292.32121225633,18442.812052606387,-15273.251604584359,50838.392080157115,50790.525711305956,11077.127508203674,11620.82810082177,57770.175968356074,64561.72450753732,11404.388726688696,-2273.512514198228,69110.79717454605,49495.935212897246,6967.564041959098,13433.99438764617,49088.62100313904,48655.5322695031
26793.2139620827,-241.54538037711973,-951.5184267704464,-18943.617333650494,-8371.495319045582,17864.984873278852,10325.414156555782,1664.44907794977,-6507.585005588093,-3904.3074333999048,34254.48841982508,-6185.8067738318005,12027.44072949945,-7435.527595169782,-6998.210872678979,Struggling_SleepDeprived,Empresariales,Laptop,Móvil,2024-I,22901.403553425444,24488.31589551743,4063.7701157607767,-1160.7051265852976,3781.0960148250933,-10610.283341574233,-11782.754026611095,2144.550022880531,1471.3754017919196,374750.752146662,-323.8497635230251,1105.453872180473,43766.91063789948,55930.497044616255,12537.599293661,5352.2037034899095,58070.254213295244,59237.759306291766,24659.536732064058,1079.5669762705784,51395.937946775266,43042.25491147834,10450.671344318678,13960.285025021913,54540.70787198087,84530.79155800298,20461.012229273583,10508.329943139344,50398.79408651766,90365.72608493325
23133.258590890673,-21176.14323715435,8109.280335099235,21433.573381895974,13178.813461326701,11276.328448947193,10670.294175212804,8296.296963926303,3106.8354584352687,5490.646898729267,35936.69440617724,15877.123649116376,9383.3924219638,17742.16081720809,-8587.084083338974,Struggling_SleepDeprived,Empresariales,Smartphone,DSL,2024-I,23104.684976446682,-960.1833368792977,-805.643758064788,1846.2076068410909,3143.662058168655,7645.033699045889,8862.781805615363,-3956.4076903111268,1110.0364691700877,359804.7272386145,-283.7612332424087,35731.19039542727,68147.61663032355,60709.36002201994,11130.191392583412,25290.36990557301,56091.99130248389,46753.03563835079,22572.724907218842,18858.572309349773,75377.19660028571,35382.207646352064,-7326.566141411542,15665.262420153551,55896.65846023412,52893.195105101884,18172.12579551155,4863.533624912993,42780.341957037424,42311.92996727884
12429.186839735132,1788.9300425752417,4946.064378001119,-8413.510296983733,-5094.300474585133,-5468.890868997641,-673.9298192722943,-8421.927072370514,5553.775128491529,19873.530740076836,46669.40582359268,-4992.122164950363,-3834.018779717267,13896.763629595116,10987.60793013229,Struggling_SleepDeprived,Humanidades,Laptop,Cable,2024-II,26798.254528827154,5569.2391573951045,-3323.6536685862948,-6863.571839166794,13239.292116248536,-5654.547739812092,-20917.5505254497,-6057.027712103868,-12012.63505785225,368653.5851569628,7162.044419063194,36104.49891231688,61675.53093722387,51850.15449324911,22517.312040325298,26161.160837756393,49565.208361729034,36930.888700590236,16709.916375033576,-2287.61406019449,40982.091942929146,47782.090571139706,26687.808214626068,-2.5266048231296736,65369.8352810205,54466.94104869272,-7404.049354954168,9964.416053024366,48285.5853715039,65913.07075743262
20180.035103549268,8716.041761499027,-6779.733220987904,-16509.405425590394,-9621.14788252285,-366.3931126275156,-10248.010341248226,-18162.559667748425,9419.639755647619,-2529.0280976700788,20015.52394325939,15593.241806075812,1069.5133093595377,1124.3624729556918,-2438.379422433131,Struggling_SleepDeprived,Ingeniería,Laptop,Fibra,2023-II,38412.86768005051,6425.621672653673,-8778.15614591514,10332.05540234836,580.5903798479927,-10807.977086637451,6241.589803790671,1630.907196473523,13251.993041027976,367893.0117654332,22413.82179098913,32283.380825438133,46484.375341317325,45859.54103013105,-1886.9521922184158,8285.309115761933,37596.012794891576,45139.7230579562,14431.364216717153,6099.506134656487,44582.84339814575,52367.61872558842,5263.497913534677,4227.448643465662,43371.7055518281,26303.101350751105,13261.482865179703,22036.080261474075,43101.38641309644,52147.587830849116
2481.305560373655,1971.968943699174,-2539.735843334794,4211.854146086406,10749.200247511873,-4383.734400753392,9098.750357598223,14561.675479127081,1612.482004454976,9913.341226913595,23644.9459968865,-6923.875811357667,759.0126555315956,-222.53929706433155,4505.060601161377,Struggling_SleepDeprived,Ingeniería,Laptop,Cable,2025-I,32509.578611512552,13017.232337973419,-2893.3314798042766,-5538.2216560743755,-8902.503256231683,-7505.25155154752,8653.99070976974,10897.105742930038,9321.991027270631,351392.7737719166,19474.72526213978,12185.04668401794,48692.228206757776,54046.37443407167,730.1840339111059,17001.433534806587,53070.642348892725,64483.62141506599,7262.474489356926,13906.265738266164,33258.84970256181,50773.484218909456,12163.9881496219,2326.046726899016,47983.088838331394,68336.22135782911,-9655.913716897208,23181.534362715614,67707.45561522727,76549.97650433323
9289.216783374306,1819.4785334965154,-19969.523908559,3572.1725021152206,4862.555239438133,1186.2258452514454,-11432.497076180807,8806.856008028873,256.4057060536661,-4626.698692391015,55099.37127746755,-7669.043545959876,12940.647736722545,-8992.05289275742,-362.52554573342786,Struggling_SleepDeprived,Ingeniería,Laptop,Móvil,2025-I,33844.425963816684,-4827.189378802726,12495.352922966369,-11357.494133477976,3697.5064515932495,3634.345544922631,-11349.66203709763,6390.815378332816,-4551.475948330026,361080.63539747836,2244.5792168478665,24120.31814877347,41201.71894113625,60124.94341197531,31154.648851591275,11821.922661574556,28948.85752564361,45980.0722893959,-4056.702541796294,16362.109440227941,57380.72409347816,29538.838554374302,6423.6563851854335,11107.596632584016,61895.23768151636,69980.1389981022,24263.88800756126,-1089.6849166132743,44166.41076706044,45579.03067958468
25952.39862388341,3013.8413038027848,3824.2310777380053,-12684.09159206253,-18377.140918196288,3372.0718552744165,5502.793028303793,10246.639330886088,-3340.8935459294507,20877.005214852463,55170.90452994116,979.3145703381156,-499.82082170036574,13301.410965679495,3309.0982878694167,Struggling_SleepDeprived,Salud,Desktop,Fibra,2025-I,22050.432191579966,31417.144519116944,-2351.400374530723,-11711.223711268072,-1909.5058893859039,8168.6254434510365,136.6645046347706,17019.119891427144,-12528.443052373912,372225.9138133586,-3917.0113851773367,-4787.992171647551,68012.84692038648,46012.870865607554,11695.004215068675,-10165.282497005417,51451.34285793872,55312.543752312915,9306.784902413758,7831.374111362951,52501.79569259857,80910.09872170391,8858.335433111228,6419.876217092458,67348.06493417425,65634.04735529168,-5460.266456956617,34106.46325182011,55709.68551374051,52494.0285991213
9584.961738138602,16269.376346391138,-6714.420113463694,-3427.9863131646594,-7793.586445562727,4696.881525109865,7094.596811308874,5302.277898625919,8892.525387254227,6895.916219828616,45136.76327774061,-1072.7734524306213,10988.019265774807,3734.0060140189203,-11697.51998857215,Struggling_SleepDeprived,Educación,Smartphone,Fibra,2024-II,26145.299639962395,40515.72773169379,29398.992979236977,1461.0662885949164,-13986.669656477367,1225.2670543601298,-4449.1355781677175,1081.6404385594833,337.0627368576885,356514.6866773811,15367.575701823154,13505.486525448972,54350.715584042635,65364.857928745405,9670.769794468732,9346.92414935287,47715.0591364447,55947.79197993732,5970.210607816567,10027.394232009414,50781.17599850717,38811.7459329693,18360.490499299667,-10671.87078289294,53217.10525881859,38629.64018392547,29279.567112675755,-152.39982312904067,34215.07085817388,68658.84899044909
15939.10945222235,4643.227168355821,7729.200893613583,11343.29988295606,-14374.43188508893,-14888.431685099576,24794.36864922846,-952.5316022002476,5709.240731573311,-750.5182581550944,55217.25241062124,4916.390927977045,9851.98376514023,4197.168434857452,-17394.958924604223,Struggling_SleepDeprived,Educación,Smartphone,Fibra,2023-II,16543.07461929716,21715.73490879521,-10979.761403730456,-3096.050653576774,990.4172237529406,21198.840201523715,11211.385811211598,-4841.645510680678,1505.0063246078664,372689.55621674884,-4648.6436180164455,7332.531864481142,40096.718424417006,46256.57505025423,17838.963497790006,29231.0955653092,44896.12789467466,59163.863894424234,14127.225367253453,-5139.310860367486,66936.47231342747,39472.47868953184,16409.697803040446,9859.374968061871,54706.34244588068,28582.106907728998,12455.989456490515,9366.43133407587,32621.988907875737,47595.98271531102
17524.55779951719,-7492.47461618459,3965.684713977954,17719.488042406807,-6381.832359682646,-16364.97922687527,-6274.545667383375,7541.804327863816,-20586.617060332544,10368.556991195026,44013.39368030759,-23453.42687870806,25648.737550507438,-13325.772425932624,3652.3753894137308,Struggling_SleepDeprived,Educación,Laptop,Cable,2024-I,26788.506846384513,15615.332716250676,1553.1948005658478,6489.779829320423,2025.1010914124804,398.9251280129976,5143.646027978802,4893.484953309503,-4291.486061540756,366953.73940330616,891.230347120958,-3830.705003821935,49718.66739430953,57649.771345477595,4864.359486112132,5944.298892769897,36482.96437347644,42524.55345291335,1486.423722794334,24956.911281492554,32952.430650226976,35424.714023953515,919.3930093398249,10574.31463469302,38137.8470444997,55668.69360644856,10069.157507198302,619.0064269029353,65255.08001641081,45982.24877402414
4316.032502922097,10951.134343359545,-7598.935284648817,12658.310119580536,-11761.433171349072,15224.771321059903,3788.864556703082,-488.86554870165855,-5193.216527352319,7397.2435242802085,33457.25758195001,2189.7316302448507,8673.429672466162,-11222.532482301984,1758.6326050509613,Struggling_SleepDeprived,Humanidades,Smartphone,Fibra,2023-II,24300.74558680901,16262.788685815802,5829.254487694352,-14666.557667111008,18210.80579493237,6185.342020589166,10297.612842402375,-1243.145249755344,-4616.510753322681,375362.9793207317,26822.440537396877,19153.24499115812,41468.9562301455,61540.75017067081,26454.607585076366,12385.854950830777,58918.31865604269,59744.008273421285,15230.350710727602,12842.671523586852,55373.18603726925,37454.7053049714,8119.737337285112,15512.536188965047,42424.1756365933,46058.143231849965,19525.184544638876,33373.30502818525,56363.91263812022,106192.85588269396
-12248.428954086308,-2334.2758718507475,4228.98522259645,-19697.655169487207,-2574.062362908129,11947.81510209338,905.061853924341,14051.456890273366,-5305.3755545024815,-1449.662610549422,9774.25275994751,5270.406159608086,7945.000771594994,14910.574574616969,-9127.8553000719,Struggling_SleepDeprived,Salud,Laptop,Fibra,2025-I,16571.215472011372,21421.51907862459,14047.244939578073,-7729.447756276551,-3057.444746187878,-465.9413674727616,6341.812498860789,-4133.122605932531,-1177.0029929860596,375748.00400605984,31.710352358333694,15992.009705449247,61988.95278488787,48680.32110499285,-2336.8398065892143,14998.681890002164,40244.416819454906,51029.21790567733,-76.03749563976635,11603.631408197774,35740.49133724431,52291.700881983146,193.5765641275193,1911.8350623268216,59632.28896280401,34653.512634492516,6273.239815061631,24844.461676125415,51956.172214832724,64876.644159253156
4810.12420094733,9916.841361132494,475.3770970250536,9823.4880382741,1274.4269564560839,12653.371222029018,-5508.195110900999,-6777.930505531952,1763.1734860514975,17697.775002820134,40487.11091001339,-8792.143206112705,10105.47161186367,204.52997150767487,-14154.799132704622,Struggling_SleepDeprived,Ingeniería,Laptop,Móvil,2024-I,11005.740960316829,9786.60949642404,-19316.632651550877,-10815.93193852911,-2067.9193246368654,-96.71397595713401,-7161.103499282721,3373.1734430163547,2128.776701317371,370652.1381777326,7279.614276413004,9596.62882548674,69344.49459952368,79426.28685484092,-2635.401657825152,-3394.15785933155,58500.43135990868,29333.96690919279,6013.357819881566,5456.621201629762,38542.54958608429,64313.44046832106,-21103.830582750805,6715.762724136483,45943.13025024571,55610.45091986527,15362.220152735283,31058.112117185647,65464.205817780676,57785.18728529967
11839.489916520752,11343.069278363491,4958.920171079201,14238.41041399666,-18705.451604090587,5588.676538900168,14076.426750759481,545.6362659627707,3369.831452538334,-1449.177985172073,58013.749350993734,-3509.79621891961,-19721.044509557392,14408.217632483846,1562.0162181171577,Struggling_SleepDeprived,Ingeniería,Smartphone,Cable,2024-II,34692.76682085747,23745.025169542852,3833.912038017814,3691.235279744384,-17300.220952781292,14279.284989474962,-25033.1141418571,630.6848937993431,16148.156635556816,357247.17321936705,-3026.2722442544673,2124.602559776138,76267.7766477986,63942.810100530274,20905.061758341122,15782.718064899273,36456.46465982288,51948.324917492006,11717.241305568645,15195.274064986012,69175.0041969609,48483.895136322266,10067.939159607253,16798.452694846797,59282.34333538647,61459.77766288633,6490.899476298951,2008.641717371589,70770.43355415782,73289.39509330869
18119.04143440602,4983.281752963288,3760.887811890765,5232.073803066408,-19909.493458024073,-14857.2875859385,-16462.985637847956,18914.64082582313,-1615.3004972752933,11361.111011405452,47041.957937580875,5779.477182825111,5365.810228586524,7120.684159474449,7734.012664007498,Struggling_SleepDeprived,Educación,Laptop,Fibra,2024-II,31854.779737253142,9754.45180782669,20323.3583113741,26323.58543430311,3876.0848169154006,-4893.9835983678995,-10821.914400480528,13611.150665305437,16262.37015773953,368651.8525127159,23261.22138144895,9482.169918491283,57652.89501947111,34544.17129199926,-736.0529096814171,17629.51903482627,48858.68798086507,54885.530988023966,8095.391320729683,-4471.863497085418,48796.40986429798,40596.00255668932,5025.787517113386,7153.349502724244,32654.04372048895,72082.10946150607,11892.382164013305,576.3198039368235,63386.404770123954,54698.537059613256
19057.64665559538,9677.380715329928,562.1923491537816,2936.622840716575,-997.615625659688,10757.851266121465,12216.488912879337,14240.13732507865,8633.652431530933,3581.050089239255,38280.3718533033,2653.833075713074,-3345.2169143844817,-5327.704232640835,14766.106303300709,Struggling_SleepDeprived,Educación,Laptop,Fibra,2025-I,24132.95151646635,29665.851133005366,-347.0101409569834,25137.043854609623,-7835.7545861555955,22546.61302214334,6972.755163327682,-12439.701103790603,-10989.44051963634,365989.06139661296,13309.193641621612,8198.072936139008,53751.37137019826,50513.21945868198,5706.885163262606,20293.618734663665,71371.97127905629,74843.43530557839,3050.5864088438047,-6850.261972876455,43296.139129133015,58307.879405189844,29683.14102951343,28505.535016624963,55013.024595895404,60156.70886126634,3510.4477132080774,17061.404278924918,71803.90417648343,55347.65913252902
-6892.649571710706,12616.629967593843,-681.5241002126098,25991.219687095916,1991.969927573739,12143.988038764,-2154.9288634961085,8967.376258809125,117.94364791083171,-1653.797329649039,42809.54557959761,7468.037860258492,4888.500525869456,11634.666551624236,-122.21898187946425,Struggling_SleepDeprived,Empresariales,Smartphone,Fibra,2024-II,28753.60574763117,14268.442906928627,-2379.882467554716,6140.148061962668,3068.8950058519063,-34032.146894827994,2599.3442245973456,-9513.1266511727,-9467.030783739941,372653.4840178899,6561.615932881827,12964.844308962736,56949.971285277,31193.83453031116,8929.24604310481,24780.220111770308,42673.62423113188,45629.79581453888,35261.43371553806,6908.987978244615,67650.40437290203,57890.07814313728,5362.283201020825,-2824.1426228351484,51946.923720550156,42499.62213986956,9762.247688304617,7356.558023026177,61717.92863593879,52693.91525637186
15714.031691474187,-6585.18107843039,-6816.7246905443935,29763.133793842422,5613.600212419895,7625.539823143572,3488.1264283398946,-1999.008908796075,-3785.4780779108,-4258.792004637171,41162.28508503065,17651.738836599936,-5140.332925366107,6723.3600597204,-5522.376534931923,Struggling_SleepDeprived,Salud,Laptop,Fibra,2024-II,28815.140461613588,8989.58712606899,-979.5506349885372,8555.787045173573,59.32915743823635,-19092.260220010616,-12353.497155512692,-21038.066582311196,502.00092038716014,353575.35606218694,12359.795016956716,-3507.044485335555,47350.10925953243,45753.742239757456,-5125.381775660417,-2151.9327718071345,40260.678595057485,45435.80524995256,5478.5590149605105,6645.49267149491,59820.28937443294,75082.20435200655,20467.878876657203,6479.647891985735,51251.59779832134,51108.833936233474,2892.411074356326,14640.114114871914,49605.58449823908,42075.78595236965
-1511.8080595621177,11351.186560423164,1323.9676558865283,12905.959110041487,2880.9928588178595,1019.6432732757737,-6862.339120065056,-18069.021630489467,12875.890823574395,26885.526140627477,30701.871552253928,3120.19128516264,-5332.051894907308,18191.717501951982,-1275.4153112774313,Struggling_SleepDeprived,Salud,Tablet,Fibra,2024-I,25321.84077603438,9726.569893122582,1374.3515931095171,10391.114031207606,-11371.445309075734,3050.292494320086,3902.203843489424,-8576.514986883172,3768.1238451547233,381946.80583678465,-5289.8548095218375,-6304.334837807661,38819.63056017781,28012.6533432028,24859.343946216482,6326.00302014309,50243.65516661505,44444.53749859778,-9112.700322059834,19222.2088396124,65543.81725680537,34604.702549496826,31143.52202423355,-36.024934495257185,61148.361463217174,41073.141696708575,-4526.5815163233365,19265.052827957566,51436.390615909884,39553.50526105026
6707.377300377807,-3170.398714191221,-8792.196450643509,1358.5673502316636,-173.76033993223643,3654.5518488256625,6754.210049270532,16171.247957022984,-5552.908728703217,13168.298542214023,49675.98120690545,-8234.03799222082,-6580.655828497561,-20.031528869114254,7239.229291639122,Struggling_SleepDeprived,Humanidades,Smartphone,Cable,2024-II,18461.49106316401,27555.420846360135,-4908.705225304111,-1326.5339542767388,10377.001862320614,2063.6958490884294,-7521.39066899344,5487.045930516609,-5056.735468679651,387200.787961922,11077.738422169821,-6325.18521639941,35894.84652619661,61221.19673174022,18466.515214182127,21963.155793492933,28915.977778121047,73163.95408742745,2480.10743478141,-3477.5906479833793,63546.20355863357,50009.69837166007,-3860.2306832735358,-5238.914333131408,54035.81706518221,44401.77153456068,19655.62733075648,7014.207070740314,51323.98784619319,62599.40409110871
6764.410835015638,6922.541657813295,13047.36698694871,18840.60066306297,774.0012012932747,-3162.7615133460404,15498.533045882226,-13174.297616552758,13392.520973866905,9676.722684152588,58520.70858746872,-6780.731726478565,-6451.058113372068,-14271.876331317028,-8144.159921514766,Struggling_SleepDeprived,Ingeniería,Laptop,DSL,2023-II,13264.343516764162,8267.53194058712,1285.829940273071,-4267.565566999281,14561.885531553664,11938.381460978846,11054.665266691947,-2398.363126554804,-402.25092741697654,408150.742266696,39834.813371215976,-1338.0984835079307,73567.80846794491,65185.69889900856,21890.84314272582,10650.123259431803,66307.27384062686,71273.38600111903,32691.138336382548,24325.70762747858,70616.2032962785,66617.39813518067,-1670.6802932279134,-5686.61443762865,45170.811407189256,47582.582379060696,9875.474873281511,-6844.838253026919,47509.24996499467,52999.929262105565
2044.8171739132404,15042.254956039214,-8859.473701815852,-1952.7977902281234,1896.9504598625633,15552.289314951879,-7731.0609605915715,16266.211535652325,-811.3389464162351,20892.869681311015,37617.37330509244,-21390.711448369355,-5953.281246039534,-3629.672094530865,4847.293693177903,Struggling_SleepDeprived,Educación,Laptop,Cable,2025-I,20149.36201244789,10141.018806888209,7651.221858555824,6737.48828511544,-8685.27267522332,715.4339198694,-1892.7523015808463,8771.657208253815,4698.611131951607,381849.09158395213,15110.517228505318,20777.643159294297,71267.06181432161,53304.68273146017,5893.945407805017,-9248.989924460871,44969.58344698162,61088.746477565845,22919.29112661678,-11049.928651481143,71976.55261782654,37837.85620263356,-6463.554978018874,12929.55715192487,54692.31632863183,58429.464127522224,22594.86433154504,21633.22360337864,53784.19776426755,60076.6162402417
1410.0793584337262,538.9256062814611,-18042.96209414076,-2616.887893263843,12465.881992309916,76.49555881101867,-8153.718409372286,14798.218914891853,-11275.473497787107,24508.01919804373,32920.03311560288,9250.090931099945,9436.334034738844,3649.551418647923,1084.1069299536748,Struggling_SleepDeprived,Salud,Laptop,Fibra,2024-I,26584.352624867744,33408.05523102613,-10169.032035135035,16964.75466915207,12320.193217350692,-7274.901191386861,-2215.332990514704,12244.37912140875,-4953.261929915481,388982.2863714369,13237.148144132609,4737.478208141065,40486.550309908416,55613.18948527134,13163.420112590835,93.35282515143263,39070.31271113499,37610.26226049305,-6891.450885904127,21266.41006173708,26874.02578997281,27305.683785565987,17657.93612226579,-3407.896763282897,48870.21358266335,31760.08117543708,16466.093521128096,8681.261131202986,64257.944666071606,79722.48995804462
16413.22449032977,3516.852684604444,-13446.86064125985,-10983.012717527872,-17906.309184775313,-7430.902487867663,3876.7187320476955,-1596.2793953744867,-7589.069542281283,7384.43604766832,68509.58893314158,-11445.034228940895,15088.731204572974,639.6913246670177,2954.582176680596,Struggling_SleepDeprived,Ingeniería,Laptop,Cable,2023-II,29151.985581098124,12832.30954941098,10582.577312661533,7955.825763455422,-8722.351149314893,-2097.4068124510272,-1063.0339371031394,3925.455079058694,-1542.9022881248509,396627.9110615892,14862.811256476154,-7702.688775419952,47706.19043844647,78761.2725099752,18797.51357384034,11885.053506976956,36335.06146655455,65852.43324736007,12361.235970853528,11600.848340063112,61134.96371595044,34468.95718348509,-3938.9514630792273,13924.91919522318,49224.87038547405,55730.87093243775,-4509.443037524921,7815.326122763691,55942.41054482388,68322.88302238286
25940.449662194012,-4017.8798563642586,-5742.488777500594,3948.5310502532116,-8280.250674424304,14082.024900175673,20112.237390747912,-10479.519358014411,-9076.2508954641,-12684.037615294785,42738.15382487046,5627.348725872438,27282.803859997744,10404.361727656631,-19661.74431234876,Struggling_SleepDeprived,Educación,Laptop,DSL,2025-I,8731.001776796104,4125.71126167554,-2833.814884584849,-13847.956240208472,12092.370900975207,10992.87815471214,-1528.7634794266335,7608.628073277071,11097.097947164446,382849.6247084815,7921.413384882211,16176.462453514632,50109.76031680578,76803.40539250096,4346.138509281797,18779.538755138896,50348.777636447,50553.0139173816,-10173.596972924901,7751.713714253522,44268.60295861235,59703.816864993605,939.3495804015974,15138.009198572234,53037.91662887302,50722.50751914087,-7696.370647128166,22757.959166592118,56975.92531534481,37954.581608765126
13031.882668009865,-5114.643162075014,-12239.285604826458,-9084.181694514571,-8992.826479308562,-3983.163082798159,-9429.671280780687,10400.968206551757,20760.281528771626,351.42321676374013,17302.720837320332,19700.61986543498,18284.235145793835,-8657.005749953925,873.8129507288015,Struggling_SleepDeprived,Salud,Smartphone,Fibra,2024-I,17273.010925918607,8259.432213335958,-10093.911202067886,-9226.853595392755,-18444.585790961653,3539.1151016129893,14039.88844775799,-6886.233134377784,7116.384370872249,386018.8975414751,21694.49397114802,25710.921183094113,53828.095460865785,46659.74110252692,3472.887322830692,15567.751743353561,48110.43618524945,62228.376202935484,14678.223562437084,-3627.8276839057726,46812.79137903063,47239.80714563091,10060.172001504385,24440.685125566102,51780.35416386984,48762.53041273414,6800.588692949045,2543.921251299732,32192.881970029597,39196.247819044394
18204.815380374777,10086.351595888973,2875.8121633690216,2231.7981349212173,-10314.252279298662,352.91818761080617,19792.73974714699,-13292.400950235351,9542.710734055992,9955.512372147821,30696.126016115766,5778.548299736943,-1833.9676164803705,-2095.5497864042504,-2320.533947190525,Struggling_SleepDeprived,Educación,Laptop,Fibra,2025-I,5754.024345790032,629.1481151890912,-9859.12550434697,7565.487308793884,31428.367825886005,-4915.928747819135,-193.30845846735767,7377.132917975829,-19421.47005996026,372120.8877622235,3184.447613505925,7131.791454592103,49013.17708484937,54791.37289631934,5092.884631902683,-251.41998028908893,35300.0440334099,39622.225850004244,-1470.7023278247489,5803.810945220149,45553.18013490169,56594.813449131776,14858.299291060364,1338.6955815940946,31533.773116351196,41085.20949276829,4408.367057222287,-4051.702473125326,61238.77432757947,47211.56087637611
25317.66091256476,8461.701601160683,-252.2000982621355,-3853.6344768787058,-1137.3660653929226,18295.19606148993,3891.5337044472617,20264.766038409478,-6722.020890975609,24262.169010310598,42851.60666137635,17277.137168965986,4780.7767851671915,-2638.3639671830933,-3096.723814358451,Struggling_SleepDeprived,Empresariales,Laptop,Cable,2025-I,20668.535547255116,20207.398876180698,4588.441769514022,9405.592554111996,7172.797306704857,-13856.02319985,-8107.82922871266,-8443.489520597604,-9541.8580619057,374318.59736272844,19429.425490800524,20927.130679191516,74455.72849708029,65750.12458157496,5018.396777655769,-17537.264747317924,67149.9764257504,71296.34338254982,34277.128976614586,18738.577806285015,60176.30493160563,53037.07035480481,607.5058598700452,15286.53883853886,51883.424454217085,41418.1606394328,6697.794534452396,15386.666522149078,74594.77462978502,61168.40018919519
19896.500210376398,-1868.121097778042,-8618.958356116373,-7445.468772454131,-990.0307847838683,-17956.56592624198,19633.22116369644,-9438.425010474675,8849.647624458154,22855.448216921905,37904.25441607532,10498.019593845913,12005.789755253685,-9216.754687140086,16008.309644421268,Struggling_SleepDeprived,Empresariales,Desktop,Cable,2024-II,11128.307313265163,18438.16352291956,7054.572138723182,11898.306405045976,13651.472456024494,9011.534138168927,5320.975984939954,-6868.792400144977,11811.77616534358,379582.9679487242,3295.298987499821,9916.030064669772,40407.46568951849,64002.616268402584,14628.026921381594,6328.954824705321,48567.76827770567,62847.05248753485,20778.56905192665,15682.806387072771,63275.050207386594,42040.082069012205,5086.174966914765,19230.34912663126,44590.323914758716,58025.673804049686,8853.028024412975,-1614.553411961173,76962.15778241126,50222.70599591336
3962.684482310751,254.572388095502,-4984.980774200521,-9864.357138963205,3651.952741161332,-3053.654733736973,5392.999671488026,6821.943286429009,141.15783062301762,7389.355109240617,45126.59156689678,-4354.116359846891,-3771.4770861987176,6170.069677430713,578.9177924246926,Struggling_SleepDeprived,Educación,Desktop,Fibra,2023-II,21354.53547541576,17783.87617755404,19353.761304397096,5644.565926124287,-23097.586073161543,1818.2594431374603,6200.681977649939,6316.655358525523,6262.790286825882,380448.4695711213,15103.876273478343,7831.760429731523,52140.50816634688,78816.98886633795,15216.749303425951,14153.5324888757,57532.388361465375,36789.53137346995,16526.198643964533,-130.5721736051819,47092.91791506602,28087.810503064266,2222.0267351752645,-4272.981046860346,38991.14448272706,50036.107631107036,-4159.886046135382,6046.787808151106,63855.636329083776,46814.49476191131
8998.352172379977,7052.661518519248,-418.3617649738298,28542.950005264363,-1172.1208505343832,7731.985817755637,6509.5993529839025,17985.040072930988,-6863.436077620332,-5341.3321928185105,27759.837427501338,-345.09838910589997,6073.845506026871,-1906.7794024920092,1221.1889931857895,Struggling_SleepDeprived,Empresariales,Smartphone,Cable,2024-I,28929.758966788042,20934.63833915386,-3000.58232768994,264.3188074636504,-20732.083975690508,-965.7351105288863,-3057.2349461803883,14219.601982885915,-13890.010049747856,382432.5653201343,11624.93212082354,32030.4760558607,70446.05162742667,77864.30014313235,11976.791671970033,16030.106189913431,39839.16738175224,37904.3679169353,28988.10958018181,13860.898465757078,53775.95961932476,66937.70087145272,12953.297461502756,18656.708653908798,48087.12349631962,56202.130247138404,-2667.221194021764,-9552.896509641556,65572.40831960362,52683.43717163394
2765.2050482620543,4052.8569570066866,1154.0702182587734,-5289.210189951717,1995.6064136735486,9003.145557091006,7743.022449912138,20467.606466791018,-13358.016494127127,13283.29925433575,76198.75402137054,-2937.2966683783634,13869.30807215051,20955.320334762742,-6240.3677758921995,Struggling_SleepDeprived,Salud,Laptop,Cable,2025-I,32259.944286520175,15374.633114636501,3498.5547545667687,4311.818206368578,4328.438548728383,603.9031745591822,2518.702289439493,-15514.517526605421,2740.550144958762,389980.2760881716,22468.35937909965,29545.706872634186,66431.59005445855,59901.72127386401,10876.757866361331,30804.065633985647,50808.57439853724,39242.430514013206,20578.093885715665,14883.947969668458,68718.8227364778,33040.21729486491,1604.42780436467,16217.970422562314,47499.212674387345,57472.21344613574,21063.30014426118,8390.737953188449,65397.12060894471,74518.1721222893
-4483.146345407457,14441.528643587819,-95.77630706380779,9040.886117145825,1524.1242730442914,14168.91924961193,4453.8270431839055,5904.823706479408,-22634.097165999505,5958.279365141076,39206.82023242869,2199.7748157264277,-1571.6456676855614,-14563.371007539492,-9898.610311265327,Struggling_SleepDeprived,Educación,Smartphone,Móvil,2025-I,24699.51197382997,23560.21910467901,10418.107881564045,-15826.061644758953,6255.087824609026,1573.9563840795272,6473.195131348021,4533.429287632171,-3576.4510602839696,394408.699756124,-13890.0344833958,27608.27802511691,54219.39029757446,54600.663336367645,-8098.77198972402,12595.65001661948,64637.558666998106,41955.6175902339,1135.5359515190466,25188.934343154007,65096.146033854006,42952.76589529004,12643.195089931673,-5822.671727235429,48043.46096874494,55923.88768544427,-9546.503774410896,7380.901222479155,47016.461558878655,48137.59685297653
5741.4229379398,393.42647072739146,-693.3461206114375,-3982.039708577864,6257.972551822776,-17603.662417624953,11661.629448833459,6667.134056787608,-2874.388787002947,22362.56813535883,69195.72666200736,7362.886321107073,5731.612508686234,-5737.81730820829,10820.069894863698,Struggling_SleepDeprived,Empresariales,Desktop,Fibra,2024-I,6380.343291341029,20924.178462243533,4060.1579525122365,6308.044613117733,-9913.840218542267,-5937.813527440307,12870.691647836564,15566.571317395588,17980.0279666791,414385.69657364965,4221.753856942918,7135.79123465533,73382.27125335789,69698.04797253087,29901.891931715476,13052.293719857364,43357.92371750376,40476.314113075656,6281.900298232386,18816.997140352723,59593.049320877224,70331.60824505576,6423.327948474016,16221.003349801227,43190.70079265043,50388.089953996496,12604.052019170213,23466.742655465074,28439.845974442484,41198.992902449245
16735.581401976615,17956.21273773345,670.956225832374,-13189.388741898356,-8261.894921171426,18821.033070834805,-725.7989536320633,22315.978704007728,6667.574052542044,1882.0238874640909,52660.10871570487,451.34700869100516,7005.760862744232,-9586.841285371296,-16814.72042007646,Struggling_SleepDeprived,Ingeniería,Laptop,DSL,2024-I,23925.000589053023,31007.372631018807,-14398.70704319735,6344.964266006482,4272.114246775827,-16404.383268860074,19286.40749565516,19220.382433379284,9244.653814024765,377805.79569284874,5909.062460372408,5271.8438312140825,26467.94911078485,43670.49775050293,10137.495427444685,10370.643667525725,15786.615154804123,35631.512686876245,1157.1498540815192,18611.73445996458,56066.04277918985,59613.746986808146,18509.00503249002,14659.854541352095,41129.511582673054,33916.95347168385,9290.364038358503,8607.50888664789,57028.000225121534,56748.81669720559
27780.545393646265,7237.953966256021,-7074.591598763032,-9389.670096784306,-12028.070497334036,18135.273437148,12866.300791354257,4605.293329916917,6953.742836488063,1231.0833346276704,59094.71558221963,5259.653887993224,17918.142638737987,-15025.189863516352,-11733.453879419103,Struggling_SleepDeprived,Humanidades,Laptop,Fibra,2023-II,8519.470052907807,26996.236393288076,3879.2787129875624,3839.5404658035523,-18572.41920131485,12264.512987288454,-2468.3735176293594,-4397.705252272261,-18286.303093568753,390796.5439620428,31442.555095747106,-3415.4724901673235,68092.01786778118,65467.19588506012,12531.155220578716,-3328.848796271108,62726.29382698143,60169.94747083197,10411.388997073258,11941.996403767509,65848.14515467163,61180.020565070445,1855.5655874026852,13004.772679502687,44399.35659477658,51026.16074960651,16595.92222968461,12463.897567843384,58151.65965063871,68453.86477569527
-3334.6034827047097,5625.327441494488,12645.897399449199,-1560.6116285791345,2235.452382320199,1661.078083415582,10286.400341746856,-1817.0452525681749,9489.767081044001,-2186.111613297218,38187.25950148992,-13569.752528976434,7708.182114118961,7494.47700245554,-14873.470814496324,Struggling_SleepDeprived,Empresariales,Laptop,Cable,2025-I,20540.893032504056,29051.2384928559,10088.068484253172,-9992.775142709004,12120.939453340648,-5860.237523593301,-5989.059206073793,-24481.426783794417,-6808.683217987956,379479.55248874874,14535.343971476566,325.4212886214973,44745.033881787356,37599.42388301357,22606.870298856204,13050.289876098406,41820.075791396266,36494.03374063903,15777.17581519933,11702.337979799053,34081.30447284719,51132.59237220125,4016.75496310794,13849.792685561313,59602.69949753609,60451.32328021554,27147.510075572856,24043.219150027566,68875.07023882106,62780.36128683931
-9224.408351685077,26011.81755538704,-11162.298523833644,7470.402596264479,-1093.8618805201645,17575.066565250778,-8872.711835131566,-2926.774843203172,-12503.567207046492,2521.632108322383,19781.053503357285,-7889.8174537734885,19911.567803090307,-2967.259110877292,1255.5547960203762,Struggling_SleepDeprived,Humanidades,Desktop,Cable,2024-I,26662.696852427838,33199.24155468186,932.1435362869674,-11230.951143543192,-13494.495981300384,-5965.219631281608,9723.467487748025,19650.656324449115,-365.5486237031427,398291.9910068863,22455.28380119563,12639.979347097382,33910.02734880042,68215.75125487213,5277.7374198943435,4123.364752102132,39092.36302777596,61890.08612712416,13898.087282237808,8997.938426851804,45188.672857558275,38368.35971663948,1053.4062625027345,5381.545422983425,53777.4036936758,52682.79479704389,10931.109304455895,13804.91619964346,46794.97030940983,34894.67412205342
9279.02102496101,-9626.009243186581,-17988.29897999215,9430.505691834122,4482.247483906243,21532.465895408426,-18871.805320064843,3392.9452096935993,6540.248841488551,-2995.1864313993774,35328.25064391126,-6906.582900869127,7753.797365983095,21248.763825083024,-6679.188144196747,Struggling_SleepDeprived,Humanidades,Laptop,Fibra,2023-II,22468.08355530632,7150.102938728356,3449.433155461326,12850.441114864954,-6004.682294541059,6413.002255619185,6385.809819369498,-8566.453872270296,6180.228607764849,405603.0869091824,12022.45245980033,17533.082079036547,43744.23745156022,60601.822740449556,-2542.1300064618517,15684.3646793868,43454.56900689814,70905.83920063202,17460.030932751244,16333.70300647787,65130.40969790502,35765.948907749276,16822.039012993744,17455.23564312013,60838.89191606667,64913.67464378522,1267.5052656060816,2480.938006537888,57961.193439586255,59570.65114772191
3557.5742490208363,2707.447359251385,6083.838870343199,5200.293262281069,-6116.965433918741,5106.026063433742,863.2655013631033,-11441.897838886965,4055.4443498060527,6187.15795531271,49356.23956651548,23370.297477935263,21362.12174566983,-6717.021507976611,-6531.128419830998,Struggling_SleepDeprived,Salud,Smartphone,DSL,2024-II,37663.53259057847,15906.073540994108,-4537.393231675803,170.40663186478346,-17362.630828885744,-13146.458538149282,9429.427552275169,-15793.216942338317,-4166.098985351253,400362.6200768514,1808.3267730798652,13890.823355026625,66015.27395153287,65368.50238861643,19899.834704088385,-1618.1399321695717,52881.72710913964,62522.610838214816,13377.566200090532,29516.221258477584,74363.87109113575,78542.67834651744,30680.847778196607,19161.90747001534,39659.21076319362,60606.822067989124,16035.512222672882,19595.161531463677,76706.31829475943,45745.52199487532
18222.559276420514,-429.7487017229805,4384.402766302056,-17519.393339228867,-12531.28993986517,10392.148021980953,2493.206363935782,-802.5756664512651,10191.148786028414,24216.737506569843,38236.647801919535,4423.697235253955,10504.682587216344,-8132.497443948725,-6249.932034711987,Struggling_SleepDeprived,Empresariales,Desktop,Fibra,2024-I,8272.318930628138,15850.303087795266,3263.88162415449,-2907.8572569269513,5575.313067099083,1424.335851161529,5850.678077963234,2112.376063688594,-12548.447982491984,401432.45006984234,-8062.26520173785,7405.993363684796,32418.368710970735,35882.10324524431,18233.763025772954,18921.888332664126,29953.187653877874,37343.217666035234,8351.388770751768,4239.614375407662,57639.116278016474,73169.71422100131,4647.9049603607755,99.21907513764745,56653.169641141976,31880.22410856249,13973.405910512822,38659.65321021738,39690.43722981302,46698.1092021167
-3988.3801843855745,9360.24618745137,-3487.1077447005573,-12474.714831907964,4642.16850080398,-9045.990555797162,-2350.7848913373414,908.7904936482719,-7775.066812136133,8591.25724279384,73564.99970288241,16594.618022676994,-7486.2324965129865,-12697.47124557085,-4059.5210006038783,Struggling_SleepDeprived,Salud,Smartphone,Cable,2025-I,18133.874927085617,-22584.831696720277,14239.115999587604,1082.2536003842251,-17452.385728351583,-4165.95471905018,-12120.343146778341,1515.2568226586832,-19610.75868939182,398738.61314178107,20273.612087375437,3052.6156605028673,41934.06588349198,51001.975534177094,9968.312785730895,3979.572276206748,65199.813642659865,46657.36241642457,5886.183117060075,-17030.15898422041,55618.17047991122,43895.321799423,6223.74539585987,8262.104296416777,54075.73390142392,36131.811402495434,18208.66592623102,6708.470573388783,58363.15339975605,47028.145180802254
3643.931427940037,4851.728920988644,-7130.840400045363,9453.830613410066,-10224.032659209526,-8563.60834592069,12565.106776527302,-2781.414194577964,8554.90556886659,26235.011510030192,59053.71830531568,3625.265227563182,17929.563530374817,-7728.106635126317,-12692.684292949392,Struggling_SleepDeprived,Salud,Laptop,Fibra,2023-II,21565.865258206937,1982.4647434246472,2734.818829787208,-14342.55070910027,29418.955131158662,-270.84687102180015,-5308.863643978588,7947.513459174097,3394.1226770606404,387888.82931328233,-3947.016128045134,-14358.188712940839,63868.277435281314,39897.557786623176,3990.22594888973,19054.48865857392,65153.21280494017,80202.6787055584,9632.499619863462,13008.890932578111,69008.68783294049,87775.6039001206,-11583.559962656924,7723.432070247254,45538.65764420376,70995.0043736332,19883.39463732415,15049.576055508052,66220.92684325424,61388.64373863747
24554.86640299463,6859.636376090815,-5636.15210365429,5277.240800552035,10870.686138463698,-7157.867434970175,7271.614284047272,7044.411582979759,14570.680361520486,2574.303290932896,38975.56602975333,-1858.7728926246032,15604.279623981627,10163.04897007855,-4883.4367415189445,Struggling_SleepDeprived,Humanidades,Laptop,Cable,2023-II,23274.98143607818,31405.677898809237,5677.6198819372075,-2189.9207981260884,3386.687867143369,-1500.5222673527485,3853.8747972214182,-5858.251494813909,-346.5712658146297,413949.985467264,-2326.568820667304,26922.402120186394,46534.96058131157,77596.71865813257,5158.482120165606,14064.217744932652,60726.596456280124,44379.36667136062,26304.3146567921,19463.77705964931,55319.8930108736,72799.96973398112,2387.1411345742126,-9078.394697267926,47191.856872152704,62499.712060587015,26140.098456018117,31100.643513674837,72877.57337373648,67354.56624202333
3768.2345742320085,2569.5828145903306,-2565.2296554519676,-1665.447308835911,5233.287013712195,-1883.5778103658126,-9440.822538477722,-3934.433777659664,2064.135219376983,-13202.75276859492,63574.24058186139,2541.533791817489,12815.96848018495,8380.454085008869,2079.240855414955,Struggling_SleepDeprived,Educación,Laptop,Fibra,2024-I,3979.7536007185554,22121.55350039426,9960.943964408007,3582.007611091163,-4736.253294785603,-8108.252412580459,-11105.523496457216,4736.743589556784,-2786.0129930817993,406451.53263047314,14736.884412003452,13243.430241405804,53279.92130308343,59035.13406723842,8682.452524402883,31400.750528011722,67951.40067431357,54402.217300295735,18388.056148612413,30691.18976733783,60117.61271753329,51202.40121016368,7345.316057964144,22758.01704833511,59761.614498342504,54185.4960584252,12510.655382880705,3092.1300809519053,45713.74420252087,23273.8257652688
18068.11002608462,3019.258945814744,433.34285913686745,-9084.08174397917,-1020.5986846429125,-5879.502538922684,-8249.792478313559,11917.572079817472,-8408.168130884515,17411.517952944636,57456.572973261034,-3293.553445363368,-653.6806506887733,-4125.9063918834845,-603.8633217964884,Struggling_SleepDeprived,Ingeniería,Laptop,DSL,2024-I,18063.42735237589,32861.51975993994,-925.208722968041,-1861.1184306280816,15162.298098937617,3015.493526649555,-6350.6931191225485,-12554.473744238683,8736.457866155888,412449.7982668214,25256.914499392085,-8293.631002567377,54748.34087859138,37005.96877328904,14481.887650974777,17818.21635915747,58896.86435207611,59218.69765863846,12616.174962478342,15985.659608063623,32682.61453920293,51085.547798222644,4996.406716961653,1424.879165739194,57384.73506920114,55984.92576383942,-3717.9609241347425,-4928.139170049755,62607.3069438978,52975.87259077794
1733.0453065982356,-6453.564426715997,1746.0414810604673,15599.888769169542,-7782.408995923977,-7287.860075001077,2841.595734149611,-12510.71617308576,4055.6055763445115,9040.70084985444,14977.363255244096,24449.42391437138,3846.746780675822,5031.162403620516,-16980.48919880214,Struggling_SleepDeprived,Empresariales,Smartphone,DSL,2023-II,11930.95400471886,15326.316557898575,798.0847198705246,9685.395607792676,-17328.85809546,7964.88473337282,-6199.161289526464,6699.717604264513,19420.33856047966,411313.0161668792,30621.996826496943,21313.453770896005,35456.215728984986,57493.0100842899,10934.55212273153,8254.344538909381,51195.34200349076,56600.48729300602,7481.535127404601,-1861.5203313654529,54717.37291917082,45442.53627011425,-11700.905383135363,11650.997069083758,55346.1507318183,49354.43622723831,14720.431944019212,-9817.301466874564,58825.23745804705,51725.7353476707
2794.344249161122,-6581.5827349534475,-10894.60311182809,-3894.527542054802,18.189800256169633,639.0374362061158,8709.37960930953,-5929.753985786489,11790.378073839749,13792.521839727871,16434.886656218547,-3642.8920023473383,-4460.393827295729,-393.08746015450834,12321.566061131034,Struggling_SleepDeprived,Humanidades,Laptop,DSL,2024-I,11626.742201170602,18837.492712668834,4799.863926634282,9717.188181937645,7443.0765745895515,15541.465671692074,10646.857797889028,-5777.053155587977,-15239.35742670912,408737.05908824445,-646.9597559439226,1389.3193339179325,47266.76844438531,59382.478043866286,8869.682525722947,9061.269923885051,47397.21336701121,46131.040321644716,21834.65317346029,11820.92792179435,60628.43273448303,70512.89798017242,21897.606752426243,16720.90966136633,44466.57365073903,45048.863601667574,30907.475732394243,2191.819344644102,40500.15017825084,60564.33608231564
23493.80522655177,5738.464861666916,-5325.691176824502,-5607.719528960223,-1890.3224586711804,3255.4037855859397,-9204.311258589703,11752.9466416416,-15591.15475722807,1963.1811681571144,72884.54253699997,6182.684358070734,1520.15836708901,3812.0038390348973,-6512.514592532657,Struggling_SleepDeprived,Empresariales,Laptop,Fibra,2024-I,16216.802707072658,20343.978581891246,9606.425094584814,-15094.22090587818,-945.5472955279733,-6174.688600702107,957.4908842347022,3423.166457701817,-12615.495294420032,407119.86973572616,5112.297097899131,11605.548955467453,66682.40511364077,58720.19528106346,-8765.448958301378,11397.901318516277,54731.134866285276,63209.17803124481,12813.901183932125,15221.356805617846,55319.32434304217,67530.15432306315,3984.8667201237668,12248.98165927316,50267.089740622425,54291.65149895715,-6668.34570448623,43581.20742716434,79294.15882118182,61158.464816914384
7067.132545054705,-1331.2086878286727,15888.48722841567,4675.562943126022,-16917.13700373914,1855.736760375019,-3963.664706948636,8257.34225788233,-3879.885420382801,3361.1557375800176,24099.293852151324,3466.7327482423525,8101.755196446558,3077.251488265121,20437.622738348284,Struggling_SleepDeprived,Educación,Laptop,Cable,2025-I,14557.272316004823,11849.029667471881,10986.677008937902,218.7573973601359,-10757.773360805562,10663.355868166767,1209.8696170226626,-21912.10393234967,1140.5062842276907,407864.43436203717,-22584.748155976595,12405.948158223062,38263.066234904356,60004.26819806709,2413.9702555387094,-7475.657555110534,30713.17694777249,44512.73952817349,-1839.2294167663513,10911.176394702961,48915.68549040423,58194.64453900869,15624.720424327024,16355.028014719486,47020.45835568371,51301.13381610513,1100.8984744381523,7188.01640083899,77599.79564653966,71034.8783503923
-2818.5713979149023,10907.044073529876,7204.712815065989,-1004.4379571099472,2709.3549199086283,-6089.5877646384,-4708.2857533360875,1952.4930035132115,3993.7904072759793,-6763.521379969262,52366.10955828099,-3940.80681240599,498.31765657344204,1011.4996995198776,1231.2698029938829,Struggling_SleepDeprived,Educación,Laptop,Fibra,2023-II,29493.113504201952,20304.20168648988,-9.099337081987414,-5067.284093992156,-6963.061728600199,-13767.964565939908,-3860.0572068237066,5935.286852802498,11877.468510635763,402103.04649908666,17502.044136922847,41814.45124215065,52710.59051869369,61538.526979956936,11720.5200636703,5031.216003250608,69594.50926271323,63654.55825783743,11263.069588347806,13874.742211586714,56500.34839396442,72034.89078459436,5188.108869009449,16926.038122962007,47374.566771351376,57350.87740770327,9929.878871596553,21470.601949563646,56201.06608877301,58109.49543988473
11677.595884902104,14089.340110698808,-8551.041155810215,11617.2217803311,9365.518242739136,-4263.291460310605,444.4957056645799,18686.748592097578,6999.415960080956,11606.044371854958,43554.618783672246,-18920.198825625186,-182.21117812578996,6523.444177667694,-18370.140737372207,Struggling_SleepDeprived,Salud,Smartphone,DSL,2025-I,21011.488571701593,5064.409476315854,8854.367983490525,-4240.206884370993,6116.6017749344455,-8332.076292204662,-9298.688297712473,1988.1897235756428,14639.358274310665,413807.08835672564,1019.1135667854342,16524.54562303304,46488.66740154597,48271.82998243184,12251.21622819943,13623.337630406524,63025.57223917562,68287.70618656465,28509.716464065004,21754.715181002615,55340.18069923799,79551.43062102722,18246.209748661902,5823.359175382252,62125.735402915656,57686.28156044771,26244.115390268526,31898.668596155607,50485.002931645475,74169.13546987156
17283.038856970303,12183.021179895979,-11316.007349829508,4454.714682022906,-7640.586201943141,-14539.477500871753,10046.168715871496,-7666.185597064371,-709.3100797115976,25915.8868061471,83065.53099405629,-7944.566929081896,6615.548883915093,13002.953749789773,-2541.035811502513,Struggling_SleepDeprived,Salud,Desktop,Cable,2024-II,28167.055844581744,17485.57709065887,19687.43215055407,17153.58478633419,15477.932212255517,959.0887583513893,12009.441294172282,-14304.235990655681,576.9068452953899,392382.4057390514,-3770.7038733451045,1135.6026747901487,55735.55827970597,71203.22883625992,8511.623394346085,6583.919340223187,65891.04314572521,63848.63516658896,15948.008041419293,3409.1810838934,62177.94950095033,68002.09217996402,813.6697639250397,-2877.8771884023627,60208.19447551564,45721.77325849833,14086.965595195441,10340.003698094382,70652.96396516169,60562.17769920438
14426.65005247744,9872.979823452075,-21363.255535342178,1893.266126853698,8602.876255655698,26239.887471604176,-9920.139998161925,-15566.808667657988,15304.66858726578,-2082.70831248196,61673.244457984496,-9413.753454060707,6005.299432960819,6837.230271557568,8881.672826554246,Struggling_SleepDeprived,Educación,Tablet,Cable,2023-II,-14971.879439408833,27060.347882169684,-628.2174287958806,-5609.425992830592,-14338.038344442124,-7781.695775593679,-6501.435324849432,-11472.80787935107,-1630.6884493234195,419937.6269963809,23802.57177277874,19038.057116005635,55724.910222733415,36973.39396725906,6330.357051447369,13726.299018568148,62135.603469761445,72861.9326755644,17634.771897834864,22120.17507028705,76647.37285733722,74827.39051566174,15566.223519958538,30203.2456162519,45319.70611512845,51629.88381933783,4916.4741634231905,-1972.896013132984,61517.0452309721,65716.53674623593
23392.439250336734,-2200.436846335245,-8756.937197477184,4559.639823785866,11786.160473235219,3526.5938752576376,-10559.692553816552,7618.640142229178,5028.19333973854,4489.475257292037,39245.514616922745,12046.489860504294,-8294.15366252713,6559.107326197171,-12916.830466798508,Struggling_SleepDeprived,Empresariales,Laptop,Cable,2023-II,35688.225341891026,16895.448477705784,-7632.59095632509,8036.261723880445,-1722.7710444391532,-8387.346954352928,-23204.55595132495,-18298.434780033414,-7621.460617121517,410386.0737473526,11579.49444290194,11191.131524727864,43746.517043406566,50449.06886668547,4917.89447588198,-8405.83690838611,37440.32045629465,63220.33590595733,10709.175210860525,-1204.8242777247578,59258.82341770768,52365.581780413086,24263.47670336228,13864.426323103822,51891.31023999643,55227.26657883837,547.0365076642256,13875.462642609953,22886.78497833615,43997.66658849956
24506.75879172307,-3331.596655740068,-16022.735909265295,-12717.778106406682,-10516.143667659939,2264.6182388004654,1535.8730002370883,-12457.890502433766,5954.059695954602,16384.95082236519,63345.636265853114,-16046.471227408387,4781.483973391877,3816.2138226562133,-2792.7625158632904,Struggling_SleepDeprived,Empresariales,Smartphone,Fibra,2024-I,27561.865792035453,36161.13366612462,444.0997072622795,-1171.9221911388588,-5814.165455418049,11188.806986113228,102.49179260130468,-9701.698324658357,-933.985987051849,402483.0099739883,27842.56077582146,13692.5727218025,70660.33987226641,63374.910115701176,3239.0898118612276,19671.852186352,49451.846133922445,76225.6874841988,14397.046390664089,18860.325935124703,69788.88856341841,59502.9091939765,21476.76026003388,20055.64485019066,67528.66876084068,66551.19785852422,1616.8918767478372,6515.413488762059,65319.20484822676,51376.28105814597
12713.243661695971,-7294.273635331062,538.5214108151956,587.1798756020182,10159.376383704335,-19245.224476862903,-5757.999648459485,2154.1283961932936,-157.87123373794066,26699.65547983542,42119.58369563455,2262.3230601182586,7230.148710864732,2506.3955815498625,2534.664227206706,Struggling_SleepDeprived,Empresariales,Tablet,Cable,2024-I,24147.747481502556,25198.808871263816,19010.071226114247,4384.133349001583,21127.314697179296,8725.678166509095,-16903.632471167402,-8296.876870898574,2892.393788363737,412033.1757620336,346.43300436129357,12259.73187752024,43917.15158278601,31427.60046233956,10189.905434373504,8196.725737718301,50890.630694068546,62047.334849416846,3269.625778823771,17114.693215722495,35516.338884019075,46470.53602568,5802.587981554625,6637.819008819383,45622.335671814246,35118.52201027708,24290.211914164494,9232.123675974923,62337.043490300086,48261.949007838055
-3537.968498777749,19316.691325414766,4928.001181903064,5387.1118149392405,4196.642089639213,-1019.0086612253618,-5872.868530636786,-12566.469454675651,10830.160249164233,-94.28739488283645,35486.1696460863,-3325.2513648250565,-4344.281446073442,-823.9949624706368,7832.401553254973,Struggling_SleepDeprived,Educación,Laptop,Fibra,2024-I,26570.79003576142,32684.72717903861,-4314.75676507704,12012.233396283167,11618.081802640536,827.4425571598377,6371.759562607841,4689.841315187361,-1140.3724212203172,411254.68616156565,-3423.797594386877,-2062.262549148716,58952.61179148229,56899.75738755975,7616.79592197196,7306.374002872809,47904.35355958767,37735.10470475095,-8511.332335321691,14595.305275315539,42833.34144619854,27412.725383497916,24114.374455067544,13029.690163110949,46083.309661528365,41911.038591951336,4959.417508846217,4435.210814919689,58189.24559559271,65424.78336073131
10679.40966013836,3420.124010683073,5486.700750046799,-8775.904799799746,10942.914505840572,9788.935569621715,13431.744484089591,-9123.523644729283,2609.106432352898,24939.20822216614,42241.018734099445,967.7499129176967,5888.775849843794,705.7672476824986,-9232.992210130029,Struggling_SleepDeprived,Ingeniería,Laptop,Móvil,2024-I,22910.836087445598,21292.97428169617,-12463.558701232512,12310.613211090355,-4367.513658210516,13362.39211518329,-9182.335493356466,4702.6084648628985,-5895.246927026908,413028.84837333235,3278.8739049336436,3552.183103715527,53400.30630027733,63603.59040297976,8343.17225494836,25429.837444334815,75651.00223170473,56020.565507193554,4465.303055353543,3564.377484931574,56971.41053423991,50488.29984427575,1922.888453788869,-9832.728772861326,48273.638811742436,43508.99914143603,-9478.513895921955,12751.96084637567,65373.97444237587,62226.521627290866
15404.396049267223,1773.3267843211065,5705.972249442013,-926.8777530708653,-12167.489748998089,-10280.44131265173,620.6024567679397,12813.729502821083,1306.7900596575455,3441.2010961798587,67124.57787859271,-2858.685008004742,16203.486407901933,3646.4204983894733,-2079.132750672929,Struggling_SleepDeprived,Ingeniería,Smartphone,DSL,2024-II,2906.255409384885,17933.623283070814,-13938.061456860654,11946.990130236309,-4247.110361173664,-11679.266579885267,13613.836861827236,10081.584730617393,-8542.917996204078,426834.3399644558,1450.9805916344158,12904.76717879141,63363.387646371804,81898.39815838696,15758.397804377797,28517.795896986092,44203.80852592858,67920.72017040996,16771.10257438439,8924.640498072082,67616.21352320728,54938.77548003663,18757.71556632687,13775.473534424451,41466.793918217554,65578.01574788263,14633.275132079696,23260.54832029261,64097.55177418244,75741.85921864069
4742.527428907293,4094.6614975826697,6554.3099106627715,10144.05216504749,15330.649423191704,-1762.8270753309248,16954.964190181465,3727.0748696902533,-8697.484355402165,5272.374371191498,47568.29291346415,12298.846430221703,3964.46617051079,3805.4869610462947,-3807.931868742185,Struggling_SleepDeprived,Salud,Desktop,Cable,2024-II,28096.2913444936,15574.196742745593,13532.049261152222,-12208.90723477248,-17699.20861917421,1453.8893280533382,8083.577096959435,12699.604193572508,13809.055325314426,413906.64361112064,1638.3238197199762,6813.8063675144995,50066.143399319444,53189.77708769197,1536.3902928459656,1389.0935586685,22571.65922564187,44154.124807002445,2382.4863030355255,20011.61942375949,53242.818731723906,58150.36609762125,20206.113320950593,-5785.466475602745,65346.24466007859,48659.245804626305,28204.04090300061,6883.950668283306,44146.69892285527,55400.88184999372
13483.753487333925,8982.442864838325,-11064.09600719624,17471.863044363472,8287.827242939813,-8239.388679016818,7141.185956925512,-1150.2132740845504,7115.1104153201695,2336.3353809143437,71311.01077721448,-15272.648522165327,-755.2061365123882,1141.1160304976086,4803.032238111342,Struggling_SleepDeprived,Empresariales,Tablet,Móvil,2023-II,6379.394009534677,25719.44664929018,-1309.9478945728433,-18579.066911519265,2674.474760113063,-12441.836919535659,1774.5010198206382,-2866.8839384870303,-6722.0934880743,417037.70614072896,25858.394115509043,16832.23297236462,64118.44068631129,62697.80342948368,-52.99325010421671,14989.876165313466,51029.874423042784,41611.30723447626,31355.717883041634,9618.265622482004,51561.57677659912,62252.54705284803,7606.379815113039,2007.0672679228865,59166.62664425094,33327.54804631056,-1539.9094625129783,12969.795378867646,66908.26737956872,47447.8970842632
10756.6231852045,6468.568712025092,11687.611387566501,-2372.1811235695536,2887.280284717899,-6479.927353846317,5764.248051360768,-2251.262355114527,-4357.189785295475,8520.376577177412,18244.114051785902,12453.988152867933,4199.210571134019,3678.6193183817722,-5438.332484430719,Struggling_SleepDeprived,Salud,Laptop,Fibra,2024-I,16672.811874375828,38519.24936695631,158.50596883969797,22801.24945906238,-124.93464133713843,5811.366963759678,-20537.66004964371,-1071.2154977102332,4497.58574806472,405724.25167639786,17324.607326379082,15482.335735318196,50014.605828036816,67819.74693167467,10644.613120351836,-19189.5463678564,53716.0668681317,69923.21434540802,23243.01851982379,12720.299637572087,57095.87660016715,69894.36214032865,28952.419536951973,7102.462050791093,54522.588785402506,60929.884271988885,31751.785607286045,3848.607573904863,48463.65381572502,62655.15531402497
10747.168364114686,21729.84396511566,13589.183352591454,6702.092123304366,3794.176818119961,3060.100977667414,16828.45117896494,868.9238790576978,10825.183463515797,3679.288945149434,22602.699809749833,1122.6841140476186,13936.91474688019,-703.5364059234535,-4080.3713436494572,Struggling_SleepDeprived,Empresariales,Laptop,Móvil,2024-II,29158.27456879552,9826.172645930448,6650.923308824162,2136.2728227122734,5070.63420406305,6355.4411439579935,4070.039659964661,-2245.854537399085,11316.482418896767,412236.10103258525,37176.29495057446,1818.4815551398478,51342.63724677157,41225.70879205428,28411.86743296948,14422.00840910206,52099.362327413895,55968.66840571974,22656.341862732304,8214.705052555048,44794.69992146169,54722.386507609684,1006.6913264000996,-3305.832641552086,48602.86681175044,51464.258725612824,1924.8215046189944,4685.729516218833,72956.10009674645,50153.61850166385
31730.407821813496,-13161.972989182272,-4427.56901057106,-3182.4365668030878,-794.7197477591603,-721.1762983267655,-4010.319571136496,-11397.669423524605,23361.94058464887,4683.062763174917,42610.04602900491,-7191.650483057894,10183.366822350687,-5785.350452138626,5635.464471428851,Struggling_SleepDeprived,Ingeniería,Tablet,Fibra,2023-II,26817.339796244934,16815.43918228303,-10940.506506792533,-16847.63989353101,-26958.91763378448,-3821.4174311087886,-20070.566539817915,-496.94624517470925,4476.022697259113,423126.7733806899,169.13664385421362,4069.5050482088845,47285.80697160028,32603.207286366276,24909.845905828886,-12389.61694774821,56361.6663845656,55996.51799077743,13605.185882445594,18546.50799727207,52386.64518923151,59759.99975253537,15755.191582506024,11493.296141792342,65541.40289433162,49880.892530457684,9795.428643568848,13257.997407951634,39178.15652281679,78260.38958157488
3620.2762405909307,-10154.043738450779,3455.9267580120577,-12668.334651943007,-2309.0617059760266,-3857.7750523645536,11857.68718935567,15753.585357498563,2006.1536218114638,12767.074286059775,24987.708457929584,-16064.252535306136,4296.967982580471,20130.075079037688,-4309.343971791827,Struggling_SleepDeprived,Empresariales,Desktop,Cable,2025-I,18963.566822195015,17852.75492062941,-4474.331440844491,3615.7855925467884,-21510.938182907874,-13857.015181332872,13593.151840353108,16979.45499039107,-2613.4571213055488,414203.46804616315,14731.008216163831,11956.086614304135,45052.81786527595,59456.861967226134,24978.768332898053,354.9645114644336,71908.96927080418,64921.85773672626,18341.60061646519,-5236.660560947477,48485.81230169089,65871.54499689484,6034.044369318413,12607.038411487862,51898.278344255996,36426.244112352535,16446.696333213324,13624.844062955974,44722.509112651365,57692.31287450217
10637.801105991817,15498.679445319609,-1478.2592082726064,4793.539033599792,-8945.38375524195,9944.307790562436,3366.749466812297,9466.853911487862,10513.398955770786,3026.061893446269,38599.497853891466,14439.216156573144,2847.162244711891,-1787.9917505889402,5533.701787613536,Struggling_SleepDeprived,Salud,Laptop,Cable,2024-II,29089.46641031262,27279.35550972064,11490.585860346586,6039.727003281844,-3058.9065647689376,4437.561108934152,15421.698387674069,-9188.78800550849,1843.8518654243658,434706.6412358298,3568.26324298069,14804.499416146238,52863.30076750677,54070.139666866504,-5992.205681205551,15951.918632020821,60172.41729353444,47750.429351161205,8752.22882758576,7688.387205342891,66894.82358246481,61776.79578075469,29335.971117596284,7786.417272888228,68533.6886206361,63776.79248771439,26901.269589725554,8745.047085319531,59454.42695528351,48810.272788065755
17133.0830352149,8732.023421531441,14490.436740882391,-15061.661810086263,-12899.03783377991,11940.833834902221,-10183.417962417408,17120.769871554385,2447.3873499292863,8985.204996918364,43937.38458444285,-2769.2579821149793,6996.348104890207,19122.193172709012,-11891.87390051926,Struggling_SleepDeprived,Empresariales,Desktop,Fibra,2025-I,27739.410606393783,21936.701976777076,-18858.89773451393,4677.471591647671,-14449.356108716616,-12074.323296718881,1946.546379497013,20147.50053171373,5056.234529795965,418198.7098359022,7893.429889507312,8000.955315381077,52801.59312760091,70202.7955210588,5375.57011422245,8104.247301943355,47998.41820814221,62124.06565745326,14246.118256526619,7519.986395504557,91514.31968066106,47390.01313979144,6673.114677272599,33001.71904247593,64124.30196182882,62415.3573871251,16134.611057549919,-12424.870998485363,47002.63227423693,43886.27133612626
23612.8446008124,-10326.377889300886,1175.4692536831012,15007.796601535665,2643.572708761498,-12499.695398640199,4525.021350305019,5297.966553000211,-947.7739837908284,14487.805256902971,39954.15944115326,-9121.108431865672,-3392.561611296465,-10670.926738698316,-8679.576667223922,Struggling_SleepDeprived,Salud,Laptop,Fibra,2023-II,14091.414448336527,21004.891239171295,8402.200349776236,-9353.369646628407,6090.260507221818,13156.50250992298,-5507.684610675224,8322.505294066506,613.789497379445,430114.55166992964,1011.1858471655323,5783.8173627458455,63912.27273626257,51771.465074616804,24363.034351836075,2776.0115790087684,45012.2704367246,40675.77233875553,11321.530566803202,17453.166458710468,53632.51801790668,53026.712314605036,25430.061162056256,8006.008533870187,64069.992928823034,75224.9932201905,10148.29981883432,5334.484192478069,58500.82921236342,60918.238487721545
14393.51589097255,-12085.767380712261,-10581.844695690706,16702.28945764334,11879.473062166453,-11636.348999803438,7829.516349756854,4154.861072889918,-4771.307822343893,2615.155805792363,40163.37385359259,13074.50985578051,-978.8235004669727,2960.6158967291694,-4496.188316654012,Struggling_SleepDeprived,Salud,Smartphone,Fibra,2025-I,22208.138979581036,34258.94128942082,-1405.444040709163,-7778.899960171827,9508.2648022277,-5377.955590465077,7935.835454286711,-2871.8561911208444,-6569.234415100557,436408.6069351055,28560.216048227303,16323.179115621171,74895.96882613022,69273.85257222886,20111.873533379417,26468.902259390474,28519.45978159669,48733.33289845979,23724.93303260599,15606.933024702701,58372.471449970326,54807.902587033146,13545.683930769614,4141.524943286092,49792.07992886606,45667.11887780491,28377.459290824852,11344.578855858514,54430.70368613509,53023.98831488443
3595.901968959991,9127.330363231678,12181.70114615051,-12386.623634398868,14198.501004269434,8803.597136377242,13611.407256536248,-19750.18945368009,15036.102577223655,19547.57400187528,53556.93470449639,3202.857207019405,7732.404213262033,-5953.367206821984,6665.184938220309,Struggling_SleepDeprived,Humanidades,Smartphone,Móvil,2024-II,27618.90205245087,22176.82740680812,-13297.894622080035,4270.212155121366,-3295.2567818664993,5550.971154201536,-791.343851502718,2042.708285389469,7168.431490587706,438732.06856526475,9800.25169804767,9838.285305661946,65545.57401121671,50668.56130797353,12852.900354690886,5446.943192433299,71298.24595836212,67796.24953718782,17174.987872870333,10615.487310005108,45568.60321183437,68676.79077006827,20205.19443123908,9981.864655990717,68414.79700264198,55144.923517915566,14593.704166733189,12645.542973948344,59197.89103504902,67195.8500415591
11725.310709464853,4878.800920549712,-10663.29578576175,1371.3284003037486,7477.099226011911,17144.35384701405,7758.986531748548,15994.889397648443,9890.207213142727,-2338.9932174170344,49828.99340197403,16815.130016766903,-3241.4962244624508,10237.120772721484,13892.483417233325,Struggling_SleepDeprived,Ingeniería,Smartphone,Fibra,2024-II,20160.86162143438,13137.15925820778,5313.541181992024,-8336.874579281655,-14217.871412796696,-12941.00538542705,-2332.110806226841,-3910.1251047269193,5435.1423464034215,437318.52687312645,7677.7564642845,2419.987852856162,55311.382243080276,48748.010156526434,5659.860218306821,21151.060571623777,50182.6835057012,65637.43205692674,12100.053902187083,19257.86363022265,59387.98587104213,48648.76781726855,8793.293281090706,19065.305968415094,53789.01005648459,68146.47144077437,17259.505396033004,13352.092188713066,47073.64259511602,65025.65729770508
1444.9965569105398,-533.9677066787908,10134.355791200262,-2450.4594582538343,-1568.0494088028872,4921.951637015401,11034.214299021054,12651.54846154758,8289.324576511059,10380.392216707058,50975.76536977202,19035.746443458796,13461.13390622177,-10796.042254055783,-4022.497372895971,Struggling_SleepDeprived,Empresariales,Laptop,Cable,2024-I,22244.431665646905,19578.05727979479,-200.08638787452924,1300.5485114149824,-2155.7009672688523,-10352.02152653006,17537.92785385103,-10054.068196451517,12821.16003781742,433024.97330334224,23243.372262038145,11425.811974575654,67524.56733782766,57440.05870065887,-3936.306438693933,3163.3380072472337,50961.25364815178,42847.371885827924,9304.681060948551,17182.69393759107,69659.19957294158,48639.277733734845,7579.567064882964,15765.180984755238,52384.452832178555,40713.853165102264,9022.524552369312,15325.509416164488,54664.72532246729,62777.503302141864
434.8024205421202,-5017.614539453,-4668.258362017313,-4991.1760093320145,9535.213738544364,-16917.727134911554,6431.1794160304435,-4916.996673083022,21085.424030785292,8590.361785480552,53867.88812059827,1779.808539666256,5899.7552671836365,-15626.398116917622,25325.019640748644,Struggling_SleepDeprived,Humanidades,Laptop,DSL,2023-II,17747.7275069635,-546.6265735306788,12641.055201439425,4640.184439225923,-1825.6046487167105,8023.9604733434335,11643.137437323905,-2685.9144939738703,10949.24024725592,459943.04839698796,6054.689171066929,8109.830132726134,43835.95013460494,53639.43566231835,-3841.56096550887,13113.574974864949,45566.73524192949,65887.0916856671,4499.945510909483,4607.458559797989,66489.63834368362,41562.262348613214,8627.524220817199,27124.80386533353,59561.17950021459,50226.961979615495,13801.58000086241,21320.760537722348,51811.11058541457,65464.08187558688
18071.424290231917,19838.60251500698,8407.311880257892,9175.108040696541,441.98442451866225,-9179.507609986213,308.7144115246397,9595.274255171096,7153.28366969994,20455.391818993186,50934.512886900535,-6301.759009638958,15324.265631070888,3031.158077157628,-18381.186028655644,Struggling_SleepDeprived,Empresariales,Smartphone,Fibra,2025-I,20296.88433456684,5476.107870618587,11070.680543514,-3262.572272564975,-869.9331936978296,7065.871852484057,1475.2236976673264,2566.6735057763703,4024.330529764371,440990.6967632522,14323.39100818069,7033.786862404646,44578.137585221324,48702.70172261844,7211.252751082353,-7966.266857667804,24593.660514127358,36421.08152679158,17186.81973877071,14631.143919598024,24303.093489247076,51693.1766972848,-7471.207818338158,5227.79285129076,49480.66738706247,30878.053191976906,-8677.607143962388,8837.380225401024,34215.73421644505,28610.007580308935
23946.28845540449,4655.914366555589,-10218.066269672947,5884.378087334864,-12346.653595710475,-4622.16478725305,6742.495060292612,21854.130557960605,7848.253382904492,-121.36967704669223,34820.05728561494,21758.342935428776,-4461.626645662726,7611.57457785437,12050.115620337854,Struggling_SleepDeprived,Humanidades,Desktop,Cable,2024-II,30974.339538580647,10451.401301763293,6998.931939661003,-5714.020826536098,2927.9461135590873,-6446.476201934121,-16188.740991984523,-7156.359837379941,5029.162496518811,414545.19263980654,11484.795735601367,25040.93225286801,46233.73355273629,40468.92703446864,21705.492244315905,5328.112532500558,70457.08558736516,49168.234619623574,3894.475028798748,8670.345600280167,55117.650282207534,54916.1663636912,7766.763743565563,13068.235488693846,51994.083717510526,61520.062190874,25382.284206417375,6164.626104899023,68003.90556977672,62135.877417555406
18102.805399765493,3780.4145806521537,-17110.87955939683,-9597.27454606419,-1154.060461201079,9708.668715621778,-5997.6965221972405,-1745.1310104281874,22870.69324864703,12349.576414180656,51309.432330894844,18830.64931381756,3230.6801973476176,-7534.562387103969,5697.53941146951,Struggling_SleepDeprived,Ingeniería,Laptop,Cable,2023-II,17162.468996005628,7306.1426331673465,3539.2596605298622,36691.40928142502,-22901.490196342358,-11540.23201367969,-14963.105392353013,-10894.140691683966,-11809.42146539547,420483.13726728596,28988.817263385885,20148.228782288992,54742.72210417602,54079.67213217383,2083.447942530497,-6826.491286340897,34767.074401950915,36789.40765924391,13452.075617531522,5530.513122519339,42397.427640266826,64706.12561746109,17966.732720787404,16326.6215966438,48238.89018369062,59486.647198668536,7572.430593960957,26034.38340911166,47551.2452120661,65811.78992345714
6729.464561445553,19591.141847879044,-11733.324297170513,4090.257850426941,-7952.118062974334,-9657.765825708175,2228.7588497255565,22943.293438787616,-6249.739919920281,19921.56781522259,19586.64242224053,17304.22760401543,-632.353821629265,-10215.880013049733,-1754.3169956785698,Struggling_SleepDeprived,Empresariales,Smartphone,Fibra,2023-II,17962.01564843558,29963.882836504057,-14100.902143018367,2745.3070221886974,18172.024096477573,-2587.066989879645,17503.293818761475,17252.42803817998,-2635.81009322996,423849.2558082639,11292.842056723175,3805.5972925862916,44602.70156043794,58078.54105442386,-6262.719080517592,-9502.497391770637,34737.69611197221,40829.24510637439,8851.0360851222,15343.286319656716,58269.30448557297,25271.485292812355,-202.74170801005857,-5113.221072870761,62480.16400795814,62020.985695673946,6765.541679725278,9725.244743222453,66075.07682312452,58799.5752802612
8457.555682403367,8425.597761420388,-10671.79229660368,-7422.576397491637,-8663.292226302392,840.3506979754161,-2006.9504307177258,-306.28254978195673,-2881.535769310677,3938.1986911963113,10674.466426519031,13799.521032192795,18094.8118599632,16540.45903836638,-16691.308172687823,Struggling_SleepDeprived,Salud,Laptop,DSL,2023-II,31329.389465667475,23901.48743890085,11945.485558295612,15774.036918268015,-4387.193097767714,3491.8715578141805,-7651.762720420948,-3360.558004787374,3932.958432947154,442618.18315938796,4264.799041221668,8098.5548259416355,64666.948594018715,65561.37462944657,28950.386934592458,17672.7693850294,41515.30859597414,61220.5441572811,7236.453875906553,20057.222708641464,56520.89995754274,37231.82125788025,21911.203760877106,17971.318135479334,53023.238974877146,65451.641388215954,19885.422967328377,-2102.324528989264,61437.74558719204,68823.24697993622
15057.178750778647,14837.618365363598,6768.619989307377,6195.709821272499,-7685.250305635916,6929.066549599987,9781.0866142655,8816.11985133019,-16435.641386027528,-2819.5746587063604,56440.306083326635,-848.6832307534428,1398.280516922258,10209.355813112928,-5098.8986080050745,Struggling_SleepDeprived,Ingeniería,Laptop,Fibra,2024-II,9315.675328897705,37929.07998565201,1901.8499305835217,10816.973695308794,-7126.142341407762,113.34639650671765,19751.802327256373,-1408.35091819951,-3410.6567823769665,433540.04812998086,12073.893762010808,18761.690673723402,58540.25461837247,69364.11130183571,-13713.39839769093,10257.496637513254,51520.20533576184,53995.32393984273,25290.215809432942,13810.19903906449,63510.11739901666,66832.90189332854,16168.121113303201,1531.6212764398333,56303.84404468352,58199.690999439794,11178.276073300647,3425.0951109747875,57789.195478793205,44531.57092866094
-197.00658130583088,13244.734514140544,-13129.786719995205,-3577.4938037771126,-16730.75358569076,-9802.481187740823,-8078.725101745375,8031.371214281709,4407.777869471314,10919.029073888658,57609.146867792355,-126.77788664006994,7692.0513830476575,7334.930475884819,4478.138557022723,Struggling_SleepDeprived,Salud,Laptop,Fibra,2024-II,18457.92723726486,-10057.788793056036,-17362.196522447495,-10497.919067073106,-9261.057516109075,9256.684340170405,-3918.474396537274,261.8888088697521,1211.3997474652067,454273.3361712673,10804.910824963827,3950.0007086968108,42512.43684217939,67974.68189379686,15680.424650472094,26586.362769281124,56430.478587877864,69027.29532069413,6996.558994879586,16557.581478560514,46374.33536114631,26140.20715066299,14602.985007763844,16668.91627612921,70550.59849326994,36727.62163473111,28863.808591219065,33952.04221364415,74153.35003374188,56686.231022569424
18065.617520323918,-8875.787703553477,2071.4221080573097,-11809.083351027593,6075.683401090781,-5383.10317466641,2066.6126070653254,-11333.953773879774,-4183.568843410125,12571.063722667306,63313.403342772806,-426.2424770119587,6434.731055560448,13871.646798517402,-10429.958263066852,Struggling_SleepDeprived,Salud,Laptop,Cable,2024-I,13968.404759679172,31562.506574303035,-5282.398344094045,11619.88312590558,8889.436268793454,-1381.7543795378958,-19481.575009886816,-1750.1156621369475,-8626.230581569298,431317.2266131311,15161.41955875231,5247.279179269295,48821.57032872987,75629.99556406084,1042.473134462938,3412.8025427096472,49512.94866874084,55394.83077322843,14055.275399591723,18010.757986644567,61772.740033531605,50016.29499870211,6433.265142972452,6743.371192039648,67407.072005525,57629.76779273607,2125.9785623753596,1462.8627142445257,69915.93457541712,68487.55694529007
1194.178522908751,12374.516558031088,12518.789784831984,2599.366818550683,11486.700451278186,-10375.29242981292,583.0964602975241,7146.223950494135,-8845.893200684102,2186.1699373928022,45405.41432530504,7045.268522509761,3530.553928791409,9593.269111465344,-5215.212301752787,Struggling_SleepDeprived,Empresariales,Laptop,Fibra,2024-I,25137.8633667336,5810.94771745658,-5795.884994628901,-3728.2542062770412,-10800.333790265388,5103.004725066096,-10647.86577639938,-23114.47618499743,-19049.736321779917,435614.0516834967,554.7749033238415,22626.052856304996,60675.18012453789,56293.22222136228,7511.522144365497,6278.491374363085,58674.928478163434,43455.2377780552,3495.5473592620456,12569.361856286407,53306.162502816056,62675.42995670297,7967.377514129491,12628.852863523149,68644.98954978312,61545.996760328526,5727.90926865786,3435.6732949360085,60800.35659079289,50414.30141604781
24123.65042917757,7454.910290452738,6130.575843688877,-16521.89751849739,8101.633581605552,-1517.1199284683505,6259.109309408866,11319.868699257542,10129.76397580044,-6447.211584498955,35208.75082516483,4020.9751638070566,8234.930040894958,-11645.977901012748,-3360.665299377748,Struggling_SleepDeprived,Humanidades,Smartphone,Móvil,2024-I,11973.887475924375,20515.51962301894,-3315.3356108626513,15905.60915254338,8616.89102752191,-7098.752493058568,-346.33452422628994,-3357.8039545925185,11838.550434860466,444874.7677949294,4795.469401350168,10232.71217681316,59594.69209229846,63930.1236995247,16437.331298590376,4951.6817419673835,48704.21358786021,44510.89522939554,494.9559105682838,17599.738781510212,64635.13036559725,75065.06049679754,12158.171981154319,583.7331497537161,46674.21196264272,54174.20976171107,14429.31619409087,29997.211915808053,53358.10298417602,37304.24899215124
7411.261345635369,16309.11434078748,-6370.807318870135,9036.849231440709,-14866.682033023135,-2129.539395263342,9049.663956400074,-3390.974774476782,26150.737790814117,1458.6765058474575,43510.761025854394,-17262.96674420839,-9060.099821008092,9540.354762053576,-19099.412938813606,Struggling_SleepDeprived,Ingeniería,Laptop,Móvil,2024-I,-685.007775047834,13306.406301132047,-5142.419638843435,3850.727123598057,-16067.379783274699,-5580.235385938071,-24547.68285725308,6014.007295172839,6930.402118946157,428735.0780249583,4428.713695452942,9130.844353056847,53004.98266681269,52710.04093945842,-903.0904923005928,19059.277986881265,37173.32460747465,50680.9755311891,5161.068690778271,23023.016216544354,52647.78288177705,68341.51034147525,23314.118881530194,21680.168469663306,80483.1783107327,47896.17630815927,12203.3381484663,16848.99537067242,59128.03418383938,42490.13558093797
-5720.615295725911,21248.98771090437,-5159.808570616464,-24270.77752848575,627.4757571503094,344.30702527296813,8976.566049553456,-1797.5604704476536,5744.252447119437,14721.93466633515,43112.214037675636,13547.232601118687,7446.203366593883,7748.167737996695,-8095.552977066586,Struggling_SleepDeprived,Salud,Laptop,Cable,2023-II,19875.627623079352,32861.194822306796,-1763.8661649575251,-6434.099541630467,-7119.552840248511,-18655.105507810895,-11259.574245692682,12178.38148826478,-1499.3951916001163,421223.0594328238,20964.927532385616,18764.362556539843,57191.98763014008,47773.10793303422,6517.130483232433,12545.783938837765,47747.52607031051,43861.79631013343,22415.190433264615,22426.95606145606,49556.66232468713,50954.278446457116,19515.97546510408,20522.030503692113,73014.82049600639,59323.46510444772,8130.75178374236,15702.330087890059,44733.8951443012,60472.473854269636
9207.01586949874,16917.097069431446,-2855.6314942574872,-10308.466656764565,15334.644888438925,18242.134555424553,5126.410281485718,-2786.3537413363283,5429.548642308251,24260.02208350166,65769.18186570545,-6957.469971928214,3430.301277336359,16790.648428641696,-2225.895914620947,Struggling_SleepDeprived,Salud,Smartphone,Fibra,2024-I,32459.38077241702,9794.352361389363,3342.746082675993,-4305.441465239013,-9362.955241421883,-8338.093542955221,-12243.412346400817,-8418.748343570127,-2484.215979658917,433808.76860166364,13247.718643764903,18398.002856957304,65566.90560083381,61526.994523081405,4529.572450596717,-4666.401023093622,58827.48897565219,52848.88547184691,10470.461482302024,2515.118409382513,67799.62288664318,48292.13115881051,23563.091417066506,8153.127376674409,55153.268419083666,65494.41898794299,16586.358290372784,13371.843710840387,66715.49602434448,72664.59489083201
7500.050869602604,6390.202494642694,1864.835581127834,2918.40141977317,-5287.051237910751,-12358.199442341614,-306.62695394439424,2766.0699481062425,11627.858923657532,-3202.158607348045,14500.700687980474,3172.008521540565,21026.79736018829,-12906.412134442191,3634.359630695759,Struggling_SleepDeprived,Salud,Desktop,Fibra,2023-II,25104.769883078163,39263.842695575746,12735.940632617489,-9161.718100998292,-13981.104616859895,8487.740902290709,14399.658460397117,4168.175893482254,-11108.230980192882,448745.32707878575,18183.808762689125,2184.8156178531135,75736.6358193509,63035.22535066187,14524.511323719384,17310.5690747366,71669.26709785816,80561.95938690884,14885.008169113784,12101.673239502179,72089.04729563725,63480.18304426104,19602.495212230726,12822.529272335129,60304.768553043745,43121.31634962739,7380.465188442163,12107.936409839833,63085.189185120915,73138.78656737524
15976.513933931232,24521.894913191063,4277.462283608229,-5255.587424363628,-183.89889840473563,5749.637513093765,-972.9176398234463,17406.33437293474,-20376.060140576286,11470.817701929853,41225.21383515385,-10673.968182506374,18037.204706162847,-10354.501993944943,511.29885258988367,Struggling_SleepDeprived,Educación,Desktop,Fibra,2025-I,21006.2665502199,21798.686568871177,-515.2132499273575,3344.3524244834703,-6544.547232277786,27029.734864749174,973.0968408147611,2282.3710262541836,6593.474317738213,444273.9505804333,-1369.5064828741633,7351.004653244891,52189.327507874914,63534.28662877189,10089.105390820232,11595.749719883293,58552.24009422145,81341.15695535352,16892.66315127058,15279.419155571879,66736.24571501902,53963.94998493249,-2847.7801901989787,21973.139302876163,51542.75759994243,59764.32006315398,-3519.478135706693,17676.955716900662,76009.13671925837,79401.7376978573
10351.569364640894,-3830.9579598872742,12209.732434618314,462.80977366000457,-10279.123571588243,9128.819697722514,17211.198664613537,30157.252799250513,4218.532408748853,-11148.314017963708,80008.41166801455,-857.0823387696137,10258.8429998151,2710.4296066631987,-3955.0133848981704,Struggling_SleepDeprived,Salud,Laptop,Cable,2024-II,30211.959736848956,13731.642908734217,-3633.201143033636,1530.8217559946843,-8851.76862465949,3386.6292815612874,-1648.9660794429349,-12763.602703579762,-1928.770732380197,437366.64188745164,11620.088143295212,16191.004138283899,14181.217009677912,49812.124075547086,3725.9289748172487,15975.632601922021,32200.53354072855,60119.122304231794,20586.356360220278,21296.34913205735,52623.51976562255,57156.60135418471,8746.234824829127,11522.62404510353,38843.07365201382,45758.35321621219,16891.096184506532,10845.947276423407,38319.575027690786,25238.58521389804
12238.301516522788,18700.80117969628,10780.028456378826,17823.17008338657,2349.9415366750586,-17125.5617200099,-4015.5179377552067,1595.5432437783634,10289.321585969563,14663.661127209476,47011.46347439818,1725.3308126981422,6366.475747630028,10477.359151988941,7745.352435377444,Struggling_SleepDeprived,Ingeniería,Smartphone,DSL,2025-I,50493.327009421904,2685.440523048039,-3366.8140408117306,6221.142362100974,-753.2415678633662,-11026.866759958004,10629.017697795012,17794.360391318318,299.385704917167,445101.0217154224,9000.551011577394,31097.250094491457,45501.39717592472,59819.664043463796,11492.387693659124,4677.13296393969,61620.31627490629,48985.655646511885,10573.843985035735,16489.19449154625,31598.029044834206,47513.83082613388,2576.3612657423073,545.6572480031427,74265.46639168011,47571.66790516441,15767.76256346397,-9032.60860335255,49676.22694322853,68538.35856734682
10085.238001701971,13984.743366808809,13842.96733802917,6220.585595564189,-3621.871186785139,-3758.0363161214,13047.5715410644,24391.383901542136,23248.338074102365,4327.589900195219,53635.046335247855,-8052.366761588318,25110.6748059135,-7191.27026257545,-8588.04255700868,Struggling_SleepDeprived,Empresariales,Laptop,Fibra,2024-I,9453.920973058735,28375.06488428428,10634.523425097155,4196.520548607237,-503.4758853437978,-2191.910467160093,-7644.400970811333,6296.6061482415225,-68.69906835112857,461399.69355352386,4508.097457045686,27324.78293701791,44778.112078678765,46191.26032839752,-3134.307336109423,29477.28797515163,51266.94350597869,56668.95938162273,9983.753205135043,784.9963209345715,63610.579138779336,70582.46848343321,12436.194249495195,13760.716153322492,43627.78331121409,48716.16547658917,12583.599744159781,-1296.9259382450182,36205.839426106075,50204.99901317785
14199.390727494123,7972.834444186723,3709.64564251993,5668.254480617973,8061.827886375827,13115.141412824136,-856.8271427638742,-18682.800490613656,-805.0903439501185,-5475.823830363618,32612.46729591582,9125.71118857084,15274.51441268618,6307.00801664296,8906.057303996686,Struggling_SleepDeprived,Humanidades,Laptop,Fibra,2025-I,24899.879930972267,14376.126322110784,-790.6859640388043,-680.5670965891474,26812.946602260785,-20716.275837547088,-13847.238489653173,10343.214033233147,6375.105609415334,453246.2814141676,-752.5233845068797,33348.41018379312,42166.22444085154,52554.32103149233,4211.0885561696105,13850.840502053275,50692.20819927567,74618.15610937838,-16171.996349470854,-3537.490636321989,40942.905400889176,36720.15413718968,28106.844522525957,8513.977637153403,56476.786872237855,54593.84578303805,15640.030703489974,16631.307468110797,71385.1570090181,61866.73498095075
16439.708527136863,-5515.412495864914,20034.728223699516,12506.006740193743,-8845.536163900984,-7210.9094705983425,-6207.116689299568,15487.619752012663,6431.0843667988975,41909.222297997236,39819.874857709714,2328.8079980157563,-3753.3908813735643,1632.2792948953625,1835.9585185712174,Struggling_SleepDeprived,Empresariales,Laptop,Fibra,2024-II,30094.24787127778,13208.145712722488,1621.5437489711737,9520.52028935912,-4559.214003617281,13231.064226098108,-6297.957482975728,6720.238942268047,3509.2530761284684,441138.7907530309,-9709.970158060434,-1007.8409859987005,46015.110503232754,49200.55587941848,9531.517859354055,20657.85543149308,38708.93415796646,49347.942288661514,-5770.33586344437,1025.6114806461019,63273.51099235829,39570.78800052757,12432.600002968265,20633.21874156867,41481.557572100806,48644.617522837754,1968.9205259073442,3994.465456203333,49030.56806069558,37950.86429218162
16273.289550196449,3233.609065955943,-6702.321044626569,-5141.653444083084,4568.166153666859,-16517.94590756564,2621.485364406403,12229.950027452405,3517.694319578516,10066.715457539252,49154.00266873712,5292.188342194753,11722.89361265605,-1743.8254060424297,3479.141011566949,Struggling_SleepDeprived,Empresariales,Laptop,Fibra,2024-I,3785.2643757041587,20489.109142095273,-4548.900919154306,-16605.191341778358,9694.52967230641,-1754.9047166783882,-5671.7510764646095,-11527.365058368578,-4289.366047115066,446210.12528489326,13378.946750842115,18212.771921720767,57697.072173105495,66684.12588520772,15879.021003623275,22819.05020925024,43083.51363735065,45322.38335974295,21840.688748081964,11547.920177856868,79523.17998831313,74116.61226679786,13810.805366668008,8661.872989070813,56724.12994699229,59586.37967914669,17299.125083821447,7136.26523004567,45895.993675708974,47881.41755078876
27382.567631573955,5165.87341788017,11986.946598527835,11358.85552627344,-9287.548836799575,2718.626970477018,12268.79392159447,-8776.773746930623,-21641.64302286192,6645.417803886157,19435.131799061022,10568.715301320903,-8569.065624674942,-7700.060132213812,16618.603425754667,Struggling_SleepDeprived,Ingeniería,Laptop,Cable,2024-I,27221.209041295264,20491.606603567263,12444.515637252449,-4309.512354217474,13866.358435238073,-806.6409176649931,-7278.486333806839,11456.28004124535,-1564.2717440908918,458561.1773495914,1295.7400428662222,2717.599756537301,49149.6429368339,60696.47620074166,13295.138472483828,17037.128593899077,25344.32432656362,53351.57220374968,10685.720508327711,207.4141885694953,57666.81878007609,42116.39268703277,6440.225137436672,-1661.4806291158038,48480.91183854526,35366.734363019874,-1580.0816816608021,11668.03727685028,52013.593435810435,43155.69180994471
3609.37697399808,11610.71093395064,15308.657980233682,6401.55398599438,8638.486458668553,5568.425929131283,-22240.361266402677,-14329.015274527963,-7317.446197512029,-4112.934086962812,24249.160925693926,7128.789652772592,11458.516434316207,-6662.336308147435,-12301.16724334339,Struggling_SleepDeprived,Ingeniería,Tablet,Cable,2024-II,14341.420346969386,16342.25978209995,8966.131298200737,-239.11171873631685,3552.9222894531135,4348.461133940103,-258.19433791859984,4491.918265310168,6620.566273010892,466371.16494820005,13105.508085827269,19294.632648022547,82609.52282534866,56580.606734563466,11287.642095274432,16262.552459041686,75091.0806723157,58802.64542629072,4924.222953417518,6928.416694680962,47703.86440148279,40850.32466020823,-5396.479993366895,-13950.039294160648,41816.58905831514,51780.78766656118,2389.7248040788836,20467.41326536899,40041.572004701346,64245.24042743333
-7360.827327568846,9772.853629496527,-67.46483819009347,13386.871834402944,-12110.796133322081,-4811.5602883565825,-2057.973649890129,-999.7663570892264,-1273.9331455427355,4865.910650631392,21325.877297233652,5524.561164637752,11428.513892319803,2312.746775613179,7333.482098126341,Struggling_SleepDeprived,Ingeniería,Laptop,Cable,2025-I,18897.14691345407,8610.495109511405,6253.687250358104,-135.06462224220024,-3765.8609350470942,-8747.456623935355,-2279.2740269112487,-10873.366797300923,25189.93757249854,457218.2964875783,7011.322866975131,-2305.512563119324,48304.71459449123,53497.09211749877,4910.154770829126,13646.185765242153,39305.83078315863,35620.43013676005,17582.25497803423,18212.06110723792,44518.032230960154,53926.600473552884,7062.0068595833,12652.331480467219,49703.273102736035,52062.01506303478,16165.840118484322,18802.542245254463,38666.82256310582,49735.81177150037
2383.6050372377413,7005.371321334867,-9319.094628284283,1122.4814544737098,-11372.524747321226,-3278.8228743416603,6784.652768916938,-6212.233961681739,3058.5857473010683,21236.026308203378,54172.553721258984,-20428.286109926354,14234.927488212203,6131.0735001195535,19752.40054400647,Struggling_SleepDeprived,Salud,Tablet,Fibra,2024-I,32376.497489575224,14072.151975259932,9481.258476473135,-5232.4138979909085,2122.4952027843497,2021.0536893758954,-16228.38291817674,-2291.013338867713,-6713.297793933754,464568.8778215326,31507.092001096342,8310.828808570774,67727.93626372509,63952.44288178189,13497.943077645072,15011.348687926678,45007.093020921464,43442.59717193292,10548.370453678199,3497.8752065086956,48863.64788382424,52121.20426021869,6801.51528365818,12538.968956545647,42579.20890179263,46563.0686004008,21878.335017056506,-3164.9997296274087,61289.38800692668,81053.43499297513
9588.239257072315,17974.23813860615,5283.289611417325,-1895.1880493725014,-14811.521559614801,229.7001371542147,-3617.2049137113336,4603.153262559901,-4552.916183577744,1911.88204840847,71271.66607199394,10870.700553095437,21748.44377330808,3610.852586857393,-6119.106288471439,Struggling_SleepDeprived,Humanidades,Laptop,Móvil,2023-II,24457.308767914106,33027.276283329076,3120.267332871311,7031.235182272238,-1865.402962791457,-15201.928163356704,-6086.923554675811,7612.011686557897,2189.8017189710304,469256.80916641915,14519.712022976393,19262.07766651268,69389.2974054933,51172.82441515142,15020.571793941084,15497.409923020816,48143.1074915584,71739.85944785202,31105.143646688033,6890.274058562671,63273.49636542164,77652.7806393656,9496.43759475692,33111.80589213957,37885.917250305225,58696.37703237415,18106.98125240152,19493.18113385945,55498.54201035754,69622.55191304651
7420.236204672514,3179.4974221314933,1065.5790626785179,-4578.506297183712,-6934.934805197179,-2994.7106128032233,-8766.52976626112,5782.055526286148,889.4898842897021,4844.403736531242,51234.67790867554,3393.3709668809297,15369.662516006894,5277.161150285012,17186.134734419917,Struggling_SleepDeprived,Empresariales,Laptop,Fibra,2024-II,26967.060900780118,10208.532247280335,9905.26371152422,11399.028756278894,3669.5984605581234,-4356.333011866748,6718.173510821226,13812.637595122387,-11335.825914828032,455308.6902079513,16671.117692341264,33337.934603611524,90939.87573117843,59662.19295886004,28386.298964153935,10426.2357759859,58137.29780615211,49132.55967417304,-15471.805134357543,16074.12501150831,49187.979136794165,61017.13461934132,1571.4505400288126,-4981.657366473342,46578.65733968406,32242.279307782206,3284.8984770453735,4400.51868449232,51527.472458244025,49283.63466048223
26112.90790055527,-975.7673533111565,1842.3450782926388,-5877.4658297701135,8213.903216659859,-2462.8266885834128,-7323.447881241065,92.02564707246256,-2693.8357645773663,5345.599611305304,47799.484342637516,15087.582283824384,-387.0069014121773,-9983.261276851204,10038.970715532094,Struggling_SleepDeprived,Ingeniería,Laptop,DSL,2025-I,10460.765592452903,9870.00336206899,10694.933351733607,3086.2583850553174,-10050.400511746575,1419.3251945916254,4267.820211700412,12191.328959883005,-3643.8039554441366,459062.1317136931,-1847.6137959087555,7662.165523353622,48796.83944722344,47401.53518284247,-4736.759137920388,4658.871224330357,44373.737791824205,67707.23835568971,-6817.626084145388,4789.608225129831,39602.24299817231,60893.227601306666,3833.5132922375815,15965.39163348617,68904.55347672179,56567.94194378008,-4030.8817018601985,26845.757861259473,41301.61432323055,47603.85135016029
12068.251108684966,-2316.605419913133,9224.196160841462,-127.56875580851329,17949.061614629754,-1340.4953633059586,6761.876889007755,6094.2394620808,4225.913699156245,16567.28684317095,49675.14551218523,-3661.66967748564,-9694.439614201996,15904.7780352439,-4744.54769588264,Struggling_SleepDeprived,Ingeniería,Smartphone,Fibra,2024-II,35491.64858516901,33498.517656615935,12150.515869866653,-7950.1553867559,-2925.301548576921,-28030.55230238667,11888.713902011868,-10364.885610315721,19616.10114645239,464879.6260595886,4683.754347418544,15726.45857279392,40439.11719429884,65591.94811697918,8682.73695681373,650.4777215491449,26577.779830520212,47162.03785448057,20970.615172313355,18782.72651310302,58729.9320638153,47583.93365183097,18528.4066530309,6971.476013364472,39286.486934070024,60742.26840292441,3511.3944806728923,20191.49692409528,51153.46163185169,45066.96484434942
6995.439786709538,15678.554596098467,1113.7178996150133,15473.087018283028,7705.642245705351,-1497.6922764036658,5882.660989230207,500.2728942524777,546.1420008592354,3512.489288650373,69399.00358851886,10617.491676192627,2829.780750521073,19570.0215016273,7150.845599596375,Struggling_SleepDeprived,Salud,Smartphone,Móvil,2024-I,18273.667941438285,22713.91302838742,-5464.227360856772,-3929.4855780109774,-11209.938680073192,3293.3081309267877,5897.736652254997,-7758.396853222912,-24744.057346671758,465478.9942185149,13147.724542880693,5099.811780874034,67460.83530586361,51892.197915958684,13295.528861968227,17518.361147117583,57513.85104411926,68105.59106931447,5745.555402789929,16083.676339824906,60018.95259342929,39901.17878162743,10057.940698246188,28194.4961722804,48244.5309731082,50908.10415321152,2942.348187916288,30851.67122099586,57848.49359513941,79069.88671642309
3060.4715520898226,35299.83817897739,25744.486360524803,4379.134131771644,16459.148597542022,17413.47369530548,3072.7804732218715,4163.044100411361,-6071.334176566916,-24693.44888400865,45406.2746645141,17703.629791162683,8281.978545536324,15723.068491512182,35963.03035012491,Struggling_SleepDeprived,Empresariales,Smartphone,Cable,2024-I,27192.124855454014,18493.19403263419,6865.8146615841215,8267.210345570948,-1094.3099254178046,1135.484200014968,9270.763107930303,8561.906824415719,-8970.45390430817,476766.76880799833,-1728.6373665546398,18318.286325950736,56401.87100251307,75768.08601314476,6031.539345372658,19904.017711807188,62686.89693367435,67584.98940751477,-13995.618096746573,28004.209481745685,87734.83013476431,51149.48852186886,-9474.473895567611,23650.710503488473,40948.94582450226,53946.686478156764,-1824.4803265533828,19524.052364316492,52984.85932344502,47374.47523582763
8900.124766028857,-1642.3906727766807,-9754.316886345625,-6206.470723922187,6530.168740622484,12573.008351889568,-7810.817419324394,16900.234415364594,-10110.352583292697,9461.435581444737,42692.00970081065,-4940.493869766349,-824.9728771753971,-4497.636012917739,1659.8772516508402,Struggling_SleepDeprived,Salud,Desktop,Fibra,2024-I,24941.327426179916,15103.889153009755,-5259.043487013065,-11142.515363348992,-1639.595117285484,-5783.59001773053,4347.721780304988,-8026.425520980101,-23858.17364521112,461384.43931400345,19784.402422264862,-225.52469623360957,49176.8020482519,74665.34954852847,15152.53517444508,19008.397980774767,45448.42924074163,62843.106380648205,3140.727982655706,19308.89691687088,65916.36468946168,49155.19638438235,-4138.605118220108,8167.1289103698155,42161.02391925866,38343.069158091545,5118.771765284124,12294.45290428953,49220.618355069,46809.59615189159
2395.8231195195203,-1943.8425233460985,-9863.474416042049,2966.4861694009196,-3826.3843638646117,-4961.472440911619,15616.541377125784,9499.850380511183,6233.175830348514,4352.073177540412,36883.52736881244,15359.884961586453,-1518.2338565981663,-995.9080361132746,-6342.2257961995065,Struggling_SleepDeprived,Salud,Tablet,DSL,2025-I,21966.525137744844,1785.047121027339,181.03516778195217,2150.714462107857,-5353.682071433225,-18964.669327720978,3928.967435423104,-9055.776170621,-3132.6449440540114,448274.8162659087,-2723.278998825883,2567.4540506646827,42661.56007099804,55988.39123146412,19459.612165067956,22100.467805403714,35625.42663254167,63704.831615372954,19937.771027854353,10465.590827628868,62266.44035013698,79600.00578550623,250.74520153261074,12907.587422364923,60151.88815791372,39779.94774604835,-4016.8660518091874,11457.190955568483,59145.819051911356,59951.78059138188
29299.045306391017,-3589.984737479338,10524.00127635231,5222.141658848501,-21398.44948912636,2755.7451015271517,3231.2004029523155,8298.500496759152,-4052.881475861096,9012.402287257615,56284.66640903683,15245.458979837547,1914.9052232481592,-5234.420206534871,-4458.531773857454,Struggling_SleepDeprived,Empresariales,Desktop,Cable,2024-II,35103.3161061812,22159.603463422274,-4606.445975859317,1232.6829023408584,21152.903293674204,16238.26934822809,8165.2543653094435,-15885.418960053634,12132.479554200952,463576.979463576,17237.889827942898,17204.983985738476,56683.45812270702,54750.971596023985,5087.106282811928,13588.565212067853,39936.37161661818,62762.84678210318,7559.932795761967,8636.380703420737,40700.558573155926,43447.205155335425,1510.907996973985,5897.4327196708655,60447.50859459176,61679.2198615832,-3720.586987677465,6395.027552768787,66168.17612152905,51305.59349850867
2179.529884974634,19014.080195801576,-551.1051442407156,-6859.353957380543,473.4328367788917,4493.869446589823,-13978.226363925993,15576.096249375252,23052.78055019564,1834.598115180188,49786.83760990948,2446.042176802932,16870.4868293303,11575.586081136984,13209.41491776343,Struggling_SleepDeprived,Ingeniería,Desktop,Fibra,2024-II,17329.74422811707,11011.85303268914,-3366.6097130144854,5358.34035078308,14124.053102051206,-6636.202938915607,7843.612055475497,-8497.77542136229,692.7381907190454,467851.581663244,8617.953573730016,1739.9648458544734,53703.9229114238,39993.89304791013,3377.3025279670255,13383.933139839526,63587.756158226846,46527.881931536685,9219.139067429158,24102.760340494493,36143.3095852969,57317.99882073181,7396.14698882165,13132.457922733949,45907.48863666937,46848.444100025605,1841.6273915288311,3459.237973884383,44869.482238221615,59394.939040517886
-1631.0364676170611,4804.6592737555475,532.3385864482566,-5380.804200585489,11604.36645144462,-3369.817832751222,5183.232209178865,-19308.83055067017,1588.2408780186504,12969.613567780883,61136.52309172076,14005.292789574134,9180.100782419548,-5295.372438756469,29523.1922474381,Struggling_SleepDeprived,Ingeniería,Laptop,Fibra,2024-I,19676.739636651222,14884.87561621363,-1860.3270582561995,-2222.2294110759826,9214.10441638458,14173.382804351988,8028.728347634232,12657.606987772473,-5810.529961800911,481692.6562902418,14466.627897061717,18623.55063361877,49541.143445497175,57821.18327060611,29480.256129788682,12031.655096290884,56721.49080458035,51516.58413729995,16606.367729561513,4834.290577324984,48521.40605454048,51415.14277986159,4767.013965861508,24962.278726707656,51710.455283520736,60221.29008315516,14872.446496192404,24809.716974449322,50518.65708475938,73665.91769891756
-12826.09754812327,7731.615113550659,-5679.69990733945,-23183.322254041443,-5449.166997100517,-12523.583140117584,2811.198161761317,18172.222637380168,24616.12635561445,2452.184357827382,24973.16507375583,-8865.740165015994,2803.569446806151,-1575.6317930940068,-444.4207694892766,Struggling_SleepDeprived,Ingeniería,Laptop,Cable,2025-I,20733.163821745296,14862.500059530972,-7506.835035422404,-11400.744902619792,-386.84556661881584,-3483.6067406514485,3502.95928461505,-6616.239643538096,-10485.127357124233,467795.50760745216,1321.571714306794,10182.129323352818,66121.94778213429,50219.88387645196,14692.958702172282,20442.96362505148,76186.4270018616,58407.047691675434,7320.774217890504,19247.961859222793,76574.58885489214,60565.58640447305,11019.682975818989,19594.080613568753,62533.5187496178,51512.796880949725,-6052.485743013853,26321.43613800424,39454.44446898654,47365.18585538364
2548.9514359945933,294.84197908670467,-9488.537682003902,-17830.105909515154,16560.80271439518,1923.4414508708437,507.559645563947,-3993.316083722256,-3372.03933150686,33770.667493161665,23441.29317301039,4857.766649322676,-18167.623633855816,10196.764150640029,-11407.159612833175,Struggling_SleepDeprived,Ingeniería,Laptop,Cable,2024-II,15282.391097835789,39209.74495752921,198.74106751153977,3351.3526104253733,4212.514868328353,-21292.942987626568,4479.649527740784,13978.676445739624,2966.75430177423,462207.47867072,25551.522353865064,15634.895785953217,26390.37325883216,38271.3151729241,17695.25872670231,15363.354663428927,63689.98293080171,54780.09876909351,12420.521057049347,13022.514402191759,59842.63655916857,39107.69446419347,14690.840337769638,13176.785003847344,48070.675876046786,42555.724994485616,23541.22726580744,6925.556134868092,55677.1491480882,65664.31748120522
1080.064759318895,11845.100902232502,1942.3742056188994,-9731.994942171907,11504.005545267468,-3516.217784382914,14504.24978879218,-1660.745198409993,24733.553676883876,9100.806837333132,65783.34683224527,-4564.415475490177,-2331.6143630941697,2958.8095956794605,5080.460673569971,Struggling_SleepDeprived,Ingeniería,Laptop,Cable,2025-I,20570.971585410934,14937.339301683307,2585.9962617566443,12494.80477421632,-5597.264998809246,12728.097584115872,-5225.030320244123,2376.0947312411613,-3608.231890018755,468511.6756236124,11681.162088722958,15240.186671896907,59550.59891554524,63356.553569390446,13413.76306245557,-10448.208265108256,55120.7050411327,65248.373417705836,15253.11797161639,23974.327283176164,60509.15525699872,54147.63629553281,15065.233031936994,8442.280920047404,75324.85535692831,61039.34110012339,-13676.963946160522,-4894.293801792279,45695.89859663606,60467.71004113993
8606.399291808963,-482.0969102289755,11238.597424793323,-4220.656162462976,-13966.727594052301,11814.58244351962,-5511.0028014317795,93.69769400439691,-7676.791160990135,-12775.14321694144,27073.418788128212,-1932.6615303462268,-5331.124796695796,-18687.696030047697,-4720.266509366533,Struggling_SleepDeprived,Salud,Laptop,Cable,2024-II,20208.36596972484,16730.551301487216,14715.190277857235,-3059.3561982014785,17691.891011133932,-16908.608624256645,-4366.110603652319,9779.560230427824,32731.912537120767,450848.68812021293,8783.57833617382,18081.091132024292,55510.00068870737,49449.146945404376,538.4583824754536,-11660.599039386514,59415.004376697114,82982.04097523022,1064.487692010167,4822.350232235453,75099.74922773484,67719.15871745694,10898.977034202742,-8645.076831847658,47307.175116770086,65005.41661166955,11008.940124205998,5854.627962631554,81325.19165726865,63984.138992547254
-6292.433407885823,1966.074180590681,5840.881792303206,2536.654285880012,-3316.636745253154,-4702.891661977446,3613.083519460025,-4277.333382129782,10229.488597491636,28605.12753754623,31908.488204193764,20578.603488469642,-1638.9801701254,-8250.055386299513,20334.53823247785,Struggling_SleepDeprived,Educación,Laptop,Cable,2024-II,-1072.067090138531,26684.19689998514,26286.44742506968,467.0197289195603,-8745.485298059148,-9008.008631014538,3207.0009314572535,8124.648708994474,-5116.973957444955,467388.8861863616,20002.493860287133,14440.357326708327,60408.27860767221,67576.704796822,10026.893761046837,2975.670072972529,69337.24478389832,75701.26704616829,19509.583234206926,-3045.917353394989,65938.40701420428,56472.91615560257,-4538.851955665756,17918.517937376047,63892.77763827203,55147.02769014782,23454.139678124993,9241.483510262755,91295.98306402702,83581.87732917361
7054.698426581994,12118.34016309862,10294.377447319373,-12504.884686068344,-4673.623251681959,11554.552427237684,-5562.834582456735,20335.10063255723,19890.546329855497,28660.9957235595,51969.456691059284,-3224.230304688713,15175.40496667006,9981.060609192638,3474.0681206996906,Struggling_SleepDeprived,Empresariales,Laptop,DSL,2024-II,32814.19352632205,23399.269686685802,8739.263546146081,328.4810266539489,-1151.6744269913136,-12056.848960035282,-9232.600277236152,6791.8949946835855,-12619.554943630294,464086.99297865335,7592.746991212473,-12488.24753917603,65764.594562592,41672.30918414471,-7751.015774319341,2425.7663176412852,44442.82863495004,46541.639917691544,19506.048343957296,16683.438728555117,57251.83402083242,77049.44532658375,16565.120118106774,2985.0912485147574,46584.37912983481,55259.10574570309,14289.651534974233,16211.95244725918,50231.40988845043,61053.495210649104
6178.005816873736,-4508.644526163077,3079.407669257421,6497.919363692019,-11614.859169964147,-89.39440934785512,-6981.587480554922,2913.757754389202,4646.323119745632,1892.1075373170743,42142.71660350728,16032.431330995898,27765.78030610529,-10568.48228153192,2519.1300927006546,Struggling_SleepDeprived,Empresariales,Laptop,Cable,2024-I,43513.41698092806,16862.060831509254,-23734.14477549156,5773.833082877069,-11970.119738123009,-15411.06167243853,11009.122081544023,4209.656067657351,9223.798168154817,466462.7516290048,13984.829516873078,28846.78292936779,39890.99094488807,40869.31999460878,-5752.151654519734,9011.666909514,45401.38370069244,46400.73014892168,23460.12370321817,11976.074697560427,70577.96223531548,44859.060029855755,29938.7687038246,902.4050916939505,61626.957259550996,50369.45789463475,16755.191023614723,12051.992773671634,33254.10045779824,34328.9877726592
12467.382030759236,-983.991616024724,-12393.2768484582,8715.013828825522,-6339.887401249044,-17355.1348621868,-1588.7983901913817,19004.764301209085,21190.96733392522,10709.304118850017,30890.639955795385,13774.27277059227,-141.40359963493756,7390.261591299206,8575.179740634256,Struggling_SleepDeprived,Educación,Smartphone,Fibra,2025-I,26308.46029939259,808.7933428648903,11685.921407585993,13221.153435259954,372.14056351629364,10902.574585662933,-4170.632377002973,13858.56275141339,17753.545614496958,469174.98437762033,6151.156854368102,5309.794249881619,67973.3966747433,55496.550813416114,5470.070207093105,-5544.014423401601,40353.64754314064,56173.411656998316,-3803.792092044152,10515.356723455512,66410.2343087731,59097.11006453335,9564.43759515199,-8577.234842271242,62551.34860969851,44703.06353303997,-3563.4891477752044,-3914.4691949230273,63767.41799030688,52255.2795361694
7503.152283072429,-22462.930528006367,264.20777629298965,-28740.569993976016,12044.1656045028,6455.443255591878,-18839.09062577538,1645.305993993968,-5072.85244625202,3567.8625466002873,51182.49417747975,1843.6202328777194,-1529.8828079635182,7598.624558631551,-16393.66345200555,Struggling_SleepDeprived,Salud,Laptop,Móvil,2023-II,37448.3227512894,30691.999204544496,11341.224548145854,-10605.80555213508,-7284.645083240683,-301.57586325281926,12313.976903545336,-6920.882871474024,6209.215431312783,478996.4793653096,19816.404544810786,-3710.603383227497,66490.8440495645,59889.50052988666,-2264.9004959183203,4316.758587801483,50307.68829581546,56405.84275136408,17410.641900414008,14319.883985427448,49312.2121378815,60065.291553616065,-2944.9407702099343,2756.0918934778074,56788.76231614605,70645.26704441584,26022.060141510206,10034.386064886517,62164.95082471741,48367.62743414562
5020.907461676784,7172.557878960771,4669.078387039735,-11572.550229950208,-22.21420988265274,392.5995385713554,-464.0577928550524,-3597.104880514916,21836.452005708987,-5043.583654195758,63208.61707534796,17966.31181468573,1263.4567629153312,-71.57652852542742,617.9355620848322,Struggling_SleepDeprived,Humanidades,Laptop,Fibra,2024-II,20432.182723903297,-335.7534546929437,-6965.006578019173,-7415.241504941294,11540.838957914268,5327.0745955772945,5594.389983657929,7151.986510890472,-10934.236322793315,483638.9495890359,-4805.194777806508,19800.43479422597,51143.57916259495,50230.536417726435,16291.06720528587,-25351.023740823628,42389.758484196136,46126.5784361403,6536.370074481087,8311.739962201515,62818.49978205884,58320.791171100835,-1304.7229396187795,843.4795097615788,73160.38927581528,73026.21267082744,26450.729133158642,4312.925027798683,53977.14020744572,75579.35964141674
12308.553248411423,5899.889195194254,12347.906617018916,-1675.5191183296602,12933.741382180326,2926.329017182803,12058.31611963507,-10055.156369367452,24863.53976307325,8237.570839751708,75368.97976071754,-2402.6167712098936,18089.939601760925,18096.091394060968,6197.408212437656,Struggling_SleepDeprived,Salud,Smartphone,Fibra,2025-I,32928.10387467165,10572.23452257289,2079.6241006548426,3748.9299841695633,3363.5434443493596,463.72651011129324,9294.801630993219,-1708.0957092624733,9038.64533509013,472389.7854454492,23216.326099534846,22742.695966565458,70135.77146982346,62108.863544521446,30619.423747315017,3606.253971659853,67396.19171711724,59899.812539097846,25563.846318730335,22285.727456937657,51220.050157938254,74103.55169465381,-15686.138367150248,10908.907093049822,58737.11434670131,57198.968855616346,31268.152645715734,32342.819008712755,74568.8780404893,58638.63707943326
1559.7082428961785,18125.56211459756,-3417.028750876983,-5230.266670835848,756.5183377369424,13262.180556885234,2296.7829217372896,-4119.440308232192,6279.098872036377,-3396.1883856376007,63161.07602564917,10983.646504030956,-3553.803237534563,2013.8802372215694,18489.54192511953,Struggling_SleepDeprived,Salud,Laptop,Cable,2024-I,30806.030599907343,20009.686913604633,-8986.479617516674,-2202.615430618396,2873.5867886662363,-11684.28862322498,5882.357144025581,-5570.256031413658,16781.00216277486,493180.570174715,5433.5482186787085,17267.80230463326,37342.72161013169,60750.977606224216,9474.226265924393,2317.028595091486,64728.32218564984,52272.6429979756,1574.6944732712855,9870.349917044612,47142.32068513653,63186.10411828872,-8580.134559107551,7403.618772476432,28611.69638075144,50720.2484512517,487.1106358600664,8307.451613543471,36848.92031739872,57806.63125509225
13665.349434285821,8095.154108730198,1696.0859142129625,-6775.076431325696,-14207.175583555647,3218.962060003827,3156.4372934968196,5098.412213450479,28623.57120255864,19974.330655359303,44965.76662539474,-1572.890907815351,2664.1668925446365,9273.854585567675,-3808.455897649631,Struggling_SleepDeprived,Salud,Laptop,Fibra,2024-II,20710.444969304128,17312.859739158062,-12280.464199138956,-4040.9137326995997,-16954.86941135231,14122.269731843504,10386.46116771777,-7893.506186527675,-8752.89022047021,484393.2446999372,15367.313505215705,7246.876154722959,45745.46262835882,46277.55401449272,19260.395768307924,18032.203225722667,53551.19030527882,46271.52918984706,9245.896259178595,1325.6899992593571,64248.147393112304,52693.31328012462,5532.267035283181,2103.6934180131484,63276.50484097366,64324.17659202515,-10552.023784709269,25004.642851208155,38836.41499181348,76654.78835714448
-8727.014329378488,15351.857407782358,7216.724845155408,-3011.6983010074714,3956.985684081238,4479.258967303863,8609.60366416662,21836.18109598932,-997.3097584695215,10236.481928438612,36053.441391666216,-12361.119492365617,10330.361065452742,8102.580133505648,-2720.493130312149,Struggling_SleepDeprived,Ingeniería,Laptop,Fibra,2024-II,20830.92184079594,31852.120162421706,-2727.655537116102,-20175.406893221767,7380.371752392735,-7207.381946119499,-3845.686869744258,209.1825501590966,16632.105620803155,470308.22357199516,3216.972470216413,22528.30534849594,53950.63609061518,51849.817867415906,2956.4943554681595,25070.071679017907,63111.064229097596,52403.92163594646,24512.373771562743,19547.95807297225,69840.77834687899,65060.86923828962,19034.187955832465,11155.061202002336,60591.1556792382,55171.39275256969,10552.32211968813,14929.64107387315,46908.73031892582,41108.55843756555
-4168.426301345307,6553.327772114938,-8447.88560568994,-15853.65443816493,-20942.699708439653,-1011.3463028957719,1226.332833511086,6185.339686119312,-5948.341436655345,14486.438907175478,29553.394388908215,7743.745833831232,6161.0198689081,7455.4686748358545,469.65551023445835,Struggling_SleepDeprived,Humanidades,Laptop,Fibra,2024-II,10652.798216791207,18282.81182675078,-1817.0502385853406,-6105.198681301399,-2190.1002975307483,5366.566642915237,-14573.105125418477,6132.942022034671,4569.322463444027,505480.4590957621,1835.6447074789794,24398.236890423253,50181.54116179723,69293.652221108,14147.200137042608,10940.28849873428,76419.64388556706,53647.27345042988,11917.949315887989,-3692.9046128299324,59973.30651201473,64104.21699660518,-1396.1159727519425,19102.516653233004,67380.2851681149,73410.11725548291,13226.338469359167,19400.172891948274,65480.86010528814,60749.3182694715
6891.032966962404,8721.575152224512,16136.024934212941,-4963.737100988663,488.95359105824105,20528.089118291,-7205.052053615886,12093.12193857819,-3471.620596545107,21381.504646885092,14875.65409066137,12006.064578693475,-5972.602574548409,3808.542066430173,8611.940739068943,Struggling_SleepDeprived,Ingeniería,Laptop,Cable,2025-I,28158.26148086481,24279.04270386268,-183.3581548257671,-6046.361919293846,16478.817025522778,-7531.656824549528,10150.933493375125,-11563.043597463055,-25034.286686072955,477482.73666497675,3159.172339833104,5223.017820750446,15808.550567690767,67799.44645393646,30823.404123018256,15463.540509234277,54083.791338322335,41906.82184704639,-2761.864450480669,3455.390568040206,47462.405325590466,49710.21019609895,15380.89098314632,30302.39841487785,41565.221219096915,57729.2688651048,9129.682427522213,12084.527021820686,51543.33557360786,39807.38813959226
9484.20594290647,13027.867124648825,-11826.540785493045,14016.37372450232,26076.945053676718,-695.5696561570753,22372.04450104401,14290.408910721184,-6427.9116599596255,10928.286216302073,57019.31841434995,-17275.550766828957,6488.129050685001,-684.3047602177332,7853.137338158738,Struggling_SleepDeprived,Salud,Laptop,Móvil,2024-II,15234.309050750619,17464.152489581902,-4519.773891951149,11136.109123372575,4818.830192844298,6372.793584398999,-14990.153836314872,-1868.8042294956022,1542.1370930633595,499131.2674670862,13404.211522633685,-3539.637346428035,61769.25579216169,52577.70045945657,21637.77342558054,26089.36483766917,62527.705898607805,73681.65331433983,6506.4642191195035,6877.563478240956,46398.29549449463,57569.39764625808,19486.940465912565,6433.729476056741,45461.660609426726,25081.15106425286,12481.942758304413,9453.805068256477,71776.65270489034,66808.49097430808
13730.249453134657,5237.012359572889,-12.712286173066332,6269.592302237881,-11890.74735228251,-4772.597414798036,10504.920605856392,1778.262960661872,5691.904095973239,1176.1492394388733,37132.69669287309,4073.4705223380624,19838.7299843886,-2693.2474938517194,4517.19138414801,Struggling_SleepDeprived,Salud,Laptop,Cable,2024-II,20064.98673414341,14904.524012109909,-7552.427790604957,2159.8796769349456,6477.5728209006975,-3274.8465481729345,2156.0813107565923,14170.441313697896,-16018.630275620942,505434.13695018174,-4787.698192304593,7402.409950852413,55945.63033419656,69297.190718112,9184.788962875016,9718.770325683934,71839.56032053959,58390.38334898466,2233.9038180223197,18973.295809011714,60049.148453917944,62575.9259940851,4502.903277381966,11957.01578865518,33964.15981235364,62607.9670631638,16954.72205350059,11228.051946712723,34852.01609074828,66604.09547056473
9429.29080316141,13495.840905971882,4479.283175528554,-13030.360683097424,-9615.090982896869,10116.057815025348,4956.294114995237,19321.631501460586,20724.997060014935,22959.476554836772,32157.51320567194,6851.588157667454,-11045.630706079102,4034.013555598583,-1165.2531345842765,Struggling_SleepDeprived,Ingeniería,Smartphone,Cable,2024-I,9707.726814480791,41280.536227362994,-3434.096552974269,-17604.75251975038,-2337.4016745231643,12078.051323670912,-4963.264049790635,15237.262485425876,11788.150643070412,476842.3489596298,17257.154710051447,34491.34364653329,61078.12291418599,52110.57026039735,5812.6672304863705,4840.405420294401,21404.67998142567,51293.3302739994,18189.248011857162,-4204.195405684755,67349.24344489943,60334.32179273227,15129.767394622446,9634.41928379675,69248.8907299704,66962.50993581937,10959.66310831012,-8868.978995420948,45959.21062831883,42907.4237566453
16657.313028064156,1375.5337935915477,19611.7395822347,2085.8896273533765,-2697.0090019806235,17627.96205181948,6273.299921483969,1028.7998779401396,28534.57705789127,1843.0250917604226,28146.71221519225,13857.38156142219,9866.160265457242,-9453.804426151042,-13076.80126755646,Struggling_SleepDeprived,Ingeniería,Desktop,Fibra,2024-I,40501.947386292566,30817.326951701092,5651.077544835979,5102.876990610697,4116.861945772885,-5454.425828444072,-1838.5494035070244,-6049.064624327968,-10749.724609668558,494454.98929021566,15515.243627730997,6893.706970787117,85898.36967467848,79165.68022261697,13063.992158952213,10982.934104551601,53303.66244023501,62838.85365697757,2329.4959041485145,15938.152823570099,58548.29343656075,49016.54449491092,17336.303654488536,21502.40286290102,70510.81456797387,79667.54787502065,24076.181005918817,7458.847198473511,68386.35966209238,84022.11559688841
25344.274166423373,21857.086180471906,4142.313559729442,4839.221980934101,-1773.5898500781652,-12448.32432358344,4804.542929717345,3466.4703474137914,-4949.320805384094,22293.22822572936,47825.23899111225,-18795.433963805208,21015.122930697682,11534.636677465598,9119.043498294694,Struggling_SleepDeprived,Ingeniería,Desktop,Fibra,2024-I,18195.104335868527,25378.248463332588,18410.138220802157,-16602.489707804772,8135.725600515398,-531.4437898183925,-7531.575309937779,15917.00345543463,7255.988353428114,501202.204562885,25576.218721756657,4423.892282355103,40062.32245081706,47387.73636713635,5594.061302129346,17372.581910253255,56269.20851044714,56137.29219101335,2797.0984676908647,17097.072879091327,44216.041535445285,52483.447119581535,10849.859648734759,15574.675559732183,49961.897237276055,52708.95239445689,11418.221946348818,-934.2156180293405,53558.52404380534,43825.76386300522
10511.751463278639,6277.723095233988,2128.1329555760617,4205.778350659161,13141.029512174675,5414.641300676453,9670.740860827444,4483.28914256587,-1160.4766789013356,13175.187250964933,47653.63479562043,10777.712150879697,-11859.65024038362,-2263.572888021781,-8278.973458303139,Struggling_SleepDeprived,Salud,Laptop,Fibra,2024-II,24664.470043242607,18240.11014947341,4567.943780674143,-2180.418000727384,-16768.70580433265,4606.155611301239,-9238.779693653218,10042.870018606518,-1591.3066980810468,485017.13934506394,829.450610696691,11058.900091899675,51262.024435496176,53596.89321821894,1271.6655897869205,13091.778590898057,41076.68117895762,54333.27291479046,12365.55820742577,5782.759992136146,40738.73319126275,51726.516965438954,12467.766705540336,25564.31013743408,65444.014453190655,79723.2400712826,17750.794163902436,-4527.870265567037,39131.91523453588,41894.49482701325
28335.780215540424,2196.4379513252065,-7954.219989443327,4334.866505958095,10828.442016918074,-4696.2142456633965,-8410.225331087087,8272.465449400828,11922.700385856755,303.2503078513728,46088.42162667309,10594.293763452759,2008.5318025481,-10581.452202950859,-2289.087245380013,Struggling_SleepDeprived,Humanidades,Laptop,Fibra,2023-II,8888.296084907332,3579.388180820526,-5657.761438765978,-4213.701611242964,-10089.583631788899,13513.840755405045,-5261.53066454699,-587.1028917886542,-77.49015369048766,505615.949975412,10311.740552698782,12991.393928863488,54727.92646258499,69332.72673544816,-2808.5214405393945,5337.7001807558545,47934.536731249114,50027.12417245922,7689.404562685173,-3624.9194034536813,50591.29762453297,64921.79245082939,950.9559633481149,22734.94728362451,61173.27316759049,48249.4784411655,-395.45866375402693,5012.31498283108,72237.61042874906,72157.63452568841
11640.839851336521,18154.949193440894,-21084.146425240106,-2061.8531560394413,-14759.48555002086,-1629.0384234344747,-11679.272770879103,9665.42875587603,-57.62221564328502,14312.562652315133,62138.825824544285,9777.858305573214,11974.399632831122,717.4171698098057,-8454.731475970711,Struggling_SleepDeprived,Salud,Smartphone,Fibra,2024-II,19241.13260599535,7367.80904473411,8796.97741759571,-9596.79682446569,-5748.654817796819,-4828.1702948230595,4896.365219284773,-6371.287925799932,-18667.865940298943,505343.93262618175,18043.475776069325,14750.543260558392,57488.17593892283,43434.92241810614,19213.7097845952,6041.586873519766,53346.927372651684,59636.99011762819,19567.13585691135,7817.723072070772,40466.86850665337,52924.914430567726,22036.909268659623,35797.240015889154,73490.08283658189,57121.04331449943,-1805.6924838194682,-154.97753014206683,64521.335656365685,49830.301193953615
24742.258992087944,-4834.41639430871,8770.070855863862,-5819.647292352589,2336.7291341489977,6989.086081094448,-14119.723072105919,-4695.741261748119,-3678.6174919372384,-7237.86423923062,32226.56228782726,4774.828160634536,5914.699281745245,-13510.578959036588,-17611.832051160964,Struggling_SleepDeprived,Ingeniería,Laptop,Fibra,2024-I,26139.152662807137,15112.23413113844,-6189.059826484343,4347.549639329751,20644.26208362218,-15035.906198189423,20563.53660411442,5557.6195999514675,-6810.293732010497,493178.2705946748,16006.093210882407,22823.18106757442,58883.46789236755,72453.7308857501,25082.613909096683,11022.881396793693,65616.01729371754,44503.10788364777,19244.733033615776,26752.162377592773,62454.37378630348,83029.05696738437,6024.525078953653,15798.027110405983,45570.94704778359,43014.08462944407,3458.23309919859,4571.19525922964,46698.744499571,51869.62754232738
19163.073442426,-20433.59466842576,-6719.341415913142,-3470.376363075692,-7709.63312525213,-10695.337876110181,10068.705827521113,11686.412987989419,-6687.095513210579,10369.788098140263,47834.30331541447,6148.648194540703,-3358.083358940039,-4504.94029308158,3294.9038315323983,Struggling_SleepDeprived,Empresariales,Smartphone,Fibra,2024-II,16051.165893078762,12143.100752272125,9884.331051934521,-616.7298536492397,-5607.022097371167,9009.3931460764,145.4887304891087,8950.794978341504,13314.86389871085,504548.902183306,9944.163955658621,27672.830263474487,67738.23961647437,44112.84214283618,8341.667341839942,10144.18505001941,49748.94646742331,64323.360889858275,28172.404550298186,-8549.87533293413,29439.938181860725,40164.37058614292,10603.787319052983,11986.92778246438,59799.71038271254,73313.3104404863,-2407.445919104737,10613.334465608714,53960.489261999806,66296.30842024136
-17145.7782355894,12604.027968188791,6710.844015431395,17300.59454379917,-11239.05280563164,10896.97767414519,-5590.281591318599,1308.374517359308,10627.240419252626,2997.6503126112266,28743.589862529763,3377.538015437979,2445.4764759111818,-16875.870860947853,-2539.490842609441,Struggling_SleepDeprived,Humanidades,Laptop,Cable,2023-II,18386.645107835473,25847.012480392084,-26799.353461720515,4575.730973495004,11355.254019945129,7999.190459765405,-4265.130474884833,-18526.286522561993,16053.715679481295,492897.6001578963,30924.75169197634,5824.031177010761,57491.78000717046,64869.5571911987,-4520.686160625315,10468.430559282535,43906.64345452566,50067.78641429375,14712.338753751035,39045.47940058323,53671.439270830524,64459.16200482239,10468.434252429586,5092.7305144382235,40571.07984561035,41245.83505765589,15444.920194961578,14662.668475756751,60651.40941648143,43449.156239574586
29000.69033699487,13569.22216666763,16741.61111402246,-4480.28266254916,-17206.691025587228,-1201.6107276454545,6430.026398253063,-5191.677002564905,14233.96001827361,10974.687631759312,12031.21506185087,-14885.344574308485,22250.665879898697,-578.4107700084069,1882.9762278126004,Struggling_SleepDeprived,Ingeniería,Smartphone,Móvil,2024-II,23690.657785169235,26077.949615938145,2058.564217503187,2002.12846396344,-18291.830454611732,10299.672410991367,-10497.771641275927,-1152.7619042461638,13803.775819470695,494065.44660196354,5840.7540964452055,1868.453024218641,57489.28649328148,60952.56840585875,-3853.5080890364006,18493.89560917449,19124.71084418343,58764.3479075163,5560.57019785032,21928.904903950788,32033.626928430465,56485.41501444359,13789.0823667447,8335.225671593267,39188.35816404441,42749.08562577383,7519.234463199851,15153.592035510123,22165.150060798285,42293.46881480243
18399.757652584758,-7931.449454105019,3590.5349091898893,9480.29303113458,24096.16144150575,-17357.58830328489,9397.158901352443,-22488.9103493624,11508.477633948467,16908.0852461099,34542.316184220515,10575.507906795297,25818.92479072846,5013.807588885514,-786.6525054113758,Struggling_SleepDeprived,Ingeniería,Laptop,Móvil,2024-II,11516.310260018237,15014.113298825087,4852.950718787436,3610.1318599106303,-5391.310792600393,6073.0745487268105,20126.56073779761,-10385.562829741553,-7094.568236974322,488712.0225502784,18174.2431763442,20568.946651268692,45392.43465843926,51950.74170988191,14945.847214986214,6460.538856451494,42537.72264307445,54018.72904052396,24295.083953842346,25165.896307627787,59843.6528989029,61340.88031501798,9965.101930765255,14287.247466932347,47299.48077786414,71882.63515701557,18062.261994942226,-17296.829762158046,54798.86898388984,44082.051805346964
706.857439253492,6331.3775044526665,-1035.7441592107014,7639.79837470478,-1631.6334043910776,-9204.848178422104,3084.739711789564,-1401.10876120486,20188.57874966233,13690.28959368974,27706.39443722336,5616.019041989281,-2341.197595160723,20860.64645688785,7399.7385089551935,Struggling_SleepDeprived,Humanidades,Laptop,Cable,2025-I,13703.735153490852,19676.05732755277,17609.240553686977,595.1549184552372,-4768.695907208148,-19491.72359345709,-2231.7432500876753,14715.790962944959,19105.98504196522,488116.95935744327,19453.776563420106,19713.876180228588,42486.73493983459,55913.15870036106,1918.3331747484099,19958.113192341603,55075.17016604674,50482.66214062906,12008.128712842854,18351.642379745204,55544.472993669704,48542.04497638612,6980.690338984203,9651.412038627122,37391.349066436946,30472.64252572845,1036.312164950552,7054.784770444835,39183.94049222137,51460.792502143755
-6241.43977505744,7748.4431295581535,-8336.56528369434,-1843.4413210895646,-5213.529579118628,-5357.696125592198,16746.935019580596,-1460.9282442658427,4644.3692845544465,14105.760746777572,19270.576671911233,-8001.834490130037,-20342.168816075606,-5454.505006194364,-11309.104567859737,Struggling_SleepDeprived,Ingeniería,Tablet,Fibra,2024-II,43122.378910930776,17304.6311289823,15194.959750536564,-12966.714817702348,8379.552013597278,-3546.153269684083,-4362.066087300286,4727.474859133116,-4249.619621927356,516699.2717833846,6755.71255042194,10314.873391761996,41385.42770755896,68673.28672014589,7615.30813631536,8678.196186063584,53014.92595175252,54260.88450262173,15912.25261155503,14645.921766509902,69438.90412605922,43266.385585791984,18947.58610178277,-17543.888019172857,45055.90315781013,46575.05025047203,19816.929559183656,21264.342008343556,77846.49298146754,57132.780480986294
3848.956835671056,-3897.6145916723754,-3896.528287928842,22164.370464646774,3356.36900255933,16933.311746944157,-2412.9381080957346,-4807.595955251882,8177.924999344821,7990.766729620804,48185.41630597426,6336.285593537624,1369.1219168718392,-7892.944412921835,4287.303327709195,Struggling_SleepDeprived,Empresariales,Smartphone,Cable,2024-II,36871.18382112327,17412.87675724844,-2951.503923368379,-296.6599531288166,-1716.6028972025179,12336.04637967379,-11712.258169430474,21465.8220232663,3526.6295581452887,509076.1981478238,5930.006395097898,-2738.5772210193736,54224.39139775264,23503.67481044114,13406.582245800499,18678.190248655155,63536.40650451637,58019.160944333344,-17361.503327567556,20283.10060537782,68718.91078136694,66640.91654404285,2443.5062491744775,9233.597609376935,36179.76667208421,50807.61266526536,34323.98996646552,8812.865196331877,49252.73775175951,60345.3336974018
-8316.300149054805,-12347.492078709374,-11792.558694599233,-2872.921524112501,-8239.153565124285,14402.403802339826,-359.74179992399104,1708.9766895944163,2381.450681574643,-6889.714217082484,41327.69749315736,21460.118220234064,7027.749774511275,-23183.936211418397,70.43804062696091,Struggling_SleepDeprived,Ingeniería,Laptop,Fibra,2025-I,17820.979289741732,5104.219213724013,14998.720143339666,-3638.6807901561892,-17264.312715991335,15532.15357593905,-4711.921508544062,21156.23571406636,7721.995666248541,519383.661974731,7031.612364699035,18377.53230136192,43105.39534834512,49630.98746923666,22862.761016255852,-2848.8527096718954,48998.48206258697,57927.96861139867,-700.1081576375127,10509.732979960327,51632.74351718419,59491.69392514482,12505.187406510231,22972.274344011974,40844.41894351291,36889.79368641957,2249.0448715846887,-4340.07058739724,55553.87520477576,51382.67861981065
15886.395322308797,-437.9245518751195,-6898.819599647162,-3618.2604495703777,-7859.833719761386,8177.875834896874,9166.305386923239,6625.696488810885,1900.283297088141,-8541.500730757478,70041.30669643903,-11959.994001703471,4979.588825223219,35770.204276272074,24166.868368553456,Struggling_SleepDeprived,Humanidades,Smartphone,Cable,2024-II,27469.36336769104,27872.91396313871,4724.160901124398,-3098.0523472850796,-16363.115970567902,6179.272275835415,11996.573887454364,5780.865621529477,4274.390508349848,508080.8409045805,24747.224723172378,16220.796602881503,55315.596463046495,67090.50785348931,14571.450956844637,15836.741461049487,60283.38970043169,76562.3583536027,11590.612941486477,-1767.7594732828784,45323.194527795335,64477.40793761735,36059.441873472344,13569.598112340598,47495.67758579552,49143.45426879152,-3013.6102989290903,16948.065879547255,74902.24899661896,77907.27625609453
10461.274377261312,-6857.427324525503,10119.524779664067,3635.9105997604465,6216.607536225613,-24540.43293389141,13196.839674238941,-4009.2668379790566,6284.707234706315,12799.758240126843,52537.78259765844,-6282.1879364390115,-1131.6972942589055,8005.060826181497,10925.603896333645,Struggling_SleepDeprived,Humanidades,Laptop,DSL,2024-I,11791.561986719427,17408.35164913289,-5689.300094086719,113.1945599810534,-6705.325121323809,6153.3763629451705,6881.286508772108,6625.177945435534,3894.790193407949,497440.4257673808,-1172.1839612921303,23491.133853839096,59912.41762999785,84039.98327940726,12403.310823922433,6024.487308649293,46271.78942959974,58576.08243162358,25044.97202827758,1301.7580659903706,55574.03879183371,73895.40746430372,22013.205355376085,8989.290892657187,61600.80942658336,68145.3891985023,6760.1196974031745,12826.27466567356,67441.69560816219,77321.30309582425
21829.45293368856,19417.86788235606,9110.815788563312,20880.471545724995,-16344.12262376273,-42.172501578681135,18305.196820131587,24473.385799141088,-2724.423848471453,21702.56672169108,41808.06057875772,-8349.353468103314,8662.391548194399,31716.622711527394,1018.9454765538829,Struggling_SleepDeprived,Educación,Laptop,Cable,2025-I,21310.90886931625,6373.912628662858,10361.75617076754,-10109.086519643597,9568.254317411682,8142.251728759978,20352.588709429652,-9053.395127717886,3730.506550185931,515891.7063823356,8011.922702205864,-7572.172662571884,35637.07356144135,35963.42071797318,14771.228576758926,11736.762987969872,44530.39095692155,67192.45538767608,5544.15483570262,5967.166106988036,52430.412438489104,50992.1488380672,18570.877846969197,14033.351347867469,50413.914763579436,31991.04487205467,-3841.6759076655435,12035.746265778002,45849.94235595959,67318.92717585656
15878.78778377808,1371.735528082399,10327.02322377995,-1734.0008108472273,1732.2131862008773,9175.396065956998,-9619.7842357144,-6913.457681325229,-8083.693984188723,8954.496166543973,59829.05328610743,13313.885448570061,-2566.4364271699114,-2327.2475798703604,7534.530304107321,Struggling_SleepDeprived,Salud,Desktop,Móvil,2024-II,34903.18957571559,29068.52015038715,14719.837778409474,11108.290474053334,2445.910522471807,7223.813303597022,-4071.319502374483,10915.574259413685,-17511.314229961452,511594.05767876515,4053.0048704743986,-1562.3357797241624,50223.551525635354,75467.46683579791,21883.66174965193,703.8521918999631,46090.76085354767,60528.340159696796,7464.36264094086,6963.887627057778,73823.9674706715,45742.22566230331,25517.890942812686,-3569.1053702864083,55108.26945267992,45345.06792405077,11666.441608404948,-14197.851960628217,43528.91299817994,48597.160330067134
4447.5193558584215,20160.659428170904,-6785.383335758346,-150.1558456411915,-4818.363790807061,-19635.479978057414,3004.226050967493,-14434.136873366857,-5964.1546698999355,4922.815282749758,50544.709518430725,-10555.53790544307,13858.376243111612,5147.087682516856,-1897.006867534809,Struggling_SleepDeprived,Salud,Tablet,Cable,2024-I,27838.138448110705,12667.419319844348,5783.328852408351,9658.170693136306,-9831.175906708078,-1023.3419262259661,-3808.493014534641,5769.109971825741,78.51701285200483,508229.9786153088,13139.180393880597,9441.773848927292,37383.40301674347,56891.60482398212,1610.7352290495292,9401.41796373322,44114.00424659651,49306.31635700329,14884.961585318682,12920.848183313432,58930.50371487358,36489.68913531864,6262.5010553576285,3379.5975823971457,40642.155508882686,47246.07901430091,17745.76838555935,30357.12816685085,62031.452539780614,47588.80640634523
13821.378564878498,7991.2306310031745,-4511.178227494116,20775.046024815823,-1448.038662386705,-769.4166300652495,-13196.8328632597,11523.267558999922,-6555.847143485351,7464.676365466306,41353.486536575736,7803.064340731062,-846.3485653539415,-1666.0249143757894,182.76919580395918,Struggling_SleepDeprived,Ingeniería,Smartphone,Cable,2024-II,26581.352554926678,19519.25290998593,21177.692819853633,-3657.316515155453,2362.7689325981196,-673.9536667278935,2092.6012493139006,-1375.403352853819,13194.776547042153,509570.1558154545,10844.280939479797,18804.208458840225,49428.33702527158,58819.68848969586,18696.827282288366,16320.775553143249,49124.943857651044,48341.77209888351,4399.48581338088,6510.374275821273,49555.79946676128,61341.188577132605,1493.1162862676647,3459.5699867797484,48791.193889544695,63998.925847374936,10181.170644913382,8483.883520107476,55763.1671867509,69395.48609911045
-1362.4588763212232,-2336.889659814503,20324.884707760724,5527.872750010625,-6153.26844016219,-4297.672877556697,1653.7300154826098,-1310.414134933766,17689.519493644613,14786.29710725838,9165.370668580905,-6630.776529309562,-3576.346917966008,-11455.422546348493,-1180.4452521321098,Struggling_SleepDeprived,Humanidades,Laptop,Fibra,2025-I,20611.747510114492,20267.73461899258,-8799.058723120723,18268.68835505664,8261.045942787881,-2937.768818140107,2955.6631647567347,-9731.64168161482,-7843.171434054477,502722.21930117917,14434.906837928876,16227.40764345834,59563.867841059895,69201.71449032544,25089.99587445306,3399.609936304095,51045.06099344825,45837.41408287182,18958.591700033696,22476.610766072485,48939.883911145254,45910.613421405265,10971.852111303931,3053.1756885065033,53299.61393344237,43015.30327131109,11044.648349827261,-881.9305900051113,60524.67895084835,51677.053673481336
9253.235675039465,4271.781945530613,2823.0348862487344,-11387.466557336771,-5383.0630467116835,7421.567065447443,-1700.623937087642,20449.355023155615,-4109.278021041458,6329.766513156211,42561.57798951672,705.7430131958995,-7263.028292661438,-10980.070537220014,-8915.554771998244,Struggling_SleepDeprived,Humanidades,Laptop,Móvil,2025-I,1183.8760964771027,36385.952516558435,-301.4206489054586,-10878.867772772304,6322.419601767909,10079.053388582628,-12416.646904422358,3630.358632446781,11553.327553464953,517178.7250937096,15115.040701588216,5196.413395033062,52031.61116172916,50129.50742383966,10533.116480874933,19373.243755729553,53240.62285188245,48026.37842087194,-11598.941519940541,-4471.517327189775,49471.26258094678,44861.73598676268,1842.6529720704657,4656.988035771807,51311.14676303118,53343.63491788685,38189.58701384945,13103.308189703606,44021.44824086493,64626.82765999834
21744.561430105132,-10199.924483193758,1754.1964474842318,-4118.050973058954,8496.495741779345,11840.587731963195,8179.274716701442,-205.48293431206366,-4917.517196670808,15636.821826847534,39313.725912333655,6149.348065220183,-7505.331523939953,11732.362075509605,2436.24585583601,Struggling_SleepDeprived,Salud,Desktop,Fibra,2025-I,26075.31935543913,23054.97564558835,2669.617636030609,11126.123191398148,3505.8646726811758,-6926.17079131012,18574.688661418542,-419.24541473982333,-21273.74630801245,523595.0236153036,-3500.7719088161793,12736.850745304208,54769.67559585867,47670.21197612124,16164.453268326222,4516.25371361699,63172.93203974271,71456.44923036711,11172.308318421625,15145.722862670285,49202.742586534136,44305.32619077506,25586.4230786248,3071.5996583011,47366.07309170645,41826.420688627586,7055.729823247233,7507.875733206234,59482.13485338382,53148.086510174115
8769.139789377316,-107.86391333680695,973.1965507399228,-7612.370379015635,3248.7822823189604,3625.540495993026,8254.537090144282,8993.215657196506,846.5156790095616,9427.526636239485,44420.60234180403,555.6283529616355,17805.372144376488,-1149.341591496223,2477.387045822691,Struggling_SleepDeprived,Empresariales,Laptop,Móvil,2024-I,18891.073898031296,15038.537290617605,443.99204931885924,-15753.658168003712,-721.658140663191,-10875.058794335095,7668.072084286021,12828.323175128153,17219.957146332465,512811.4130720731,-5550.632610199977,20895.599830042607,48983.87471145725,54571.69701036917,2040.114131377628,13208.51045182793,38834.86598818505,62937.6821854537,4298.387805716283,27038.226223552712,61510.954540132894,48992.34849622268,17220.77436964606,10951.699690127549,39781.6984156624,47325.39919934403,17401.629652263244,14911.463604810464,55636.016090150646,67267.83355059712
7124.275982275161,4932.625933151598,-8443.949360664492,-3355.688504936885,-15236.274083602171,-8500.617969602066,304.0042182996144,8312.094809115297,13368.279892841296,8079.038101420418,53283.6200221812,-12808.354610010105,2298.5526538597815,-6068.246175358279,-14807.35782080285,Struggling_SleepDeprived,Ingeniería,Laptop,Fibra,2024-I,24176.70538637001,27987.0867335444,18726.883973936987,-21255.074829332872,-2279.6950446642136,-10038.842469240994,-11011.932301862977,-10133.593978060704,7488.71451262683,504147.6611013031,-5024.606448018407,6428.54279186809,47717.48878791833,68775.91760246771,10567.862709627614,21950.083512337616,53802.253033160174,62601.783468938906,2355.914294888501,16860.420934147834,48839.84407824445,62958.25895049221,18471.990757466527,17691.564591079594,51216.477021557424,73149.87230340071,-1172.8149826913486,-3182.8063307242774,67898.97905954879,64184.369939341654
6952.682286193265,8101.23503458366,-1814.4401292437237,-15113.855524572888,6099.525156537945,-10437.217461166112,-3288.2570540998795,3198.7491887389347,2808.582106388217,-711.7302881945361,27059.393294514055,-4792.745978883183,18956.096172305006,16409.54051411586,2030.715151569671,Struggling_SleepDeprived,Salud,Laptop,Fibra,2023-II,15377.201730922996,17920.95599111727,-886.7774343480141,-4297.0895576519515,-5116.500536978015,-518.9993805163135,-10479.803476783582,4711.202382885359,2867.6724520367784,509615.5562993561,29308.56025106321,16809.88535064096,40140.47623951336,52124.62284722452,2033.2322652614675,11130.892339366126,55726.07184762271,63836.61528576637,16067.098140468319,-3195.809332256791,61274.025724545325,37733.6707874463,20569.563998119185,9105.275003694083,51478.6255694067,62513.20260850741,9374.485090139582,28454.22340853302,55385.31826415926,68949.87012057009
5434.957543046657,13534.718471003609,12971.037344200611,13720.426445598034,-1665.6687652256126,3661.7023222047537,19572.10966353125,9058.19321362182,8928.409367021328,18819.647120928268,19826.281085099054,7500.816836602966,-14404.733853883696,5669.550637822074,3958.3888114251054,Struggling_SleepDeprived,Empresariales,Laptop,DSL,2024-I,6967.237553821087,47439.97218843345,5465.321442766941,617.736389850921,10836.574372942252,-9686.956638748321,-5027.636707725512,899.9290130261262,1745.1905838618331,522726.04477650195,75.6186067824492,13582.307159260377,42648.48720499029,76746.29090279741,20058.288475723013,5511.778886298322,67938.85865197094,50138.5362341752,10089.592969735892,12850.284217302495,75247.8906781949,79371.29215836272,1808.696253904638,17193.383384764027,77795.97460202179,53115.21128305519,12094.195413222305,11132.853953387275,69174.21672995556,33249.23135936594
-11198.847892836657,5979.991325386285,-17234.56712615656,11350.31307333492,-153.9999654185754,12722.423732222365,8550.659502733108,2472.436870135087,-29317.433971068138,19044.70306531541,62760.7700807923,13614.979809820943,-6026.819096721005,-10939.220965381073,-2766.6880743189568,Struggling_SleepDeprived,Salud,Laptop,Fibra,2025-I,3425.6159487052446,12726.040854273127,-15489.397597379731,12787.86469383707,4457.0188959331945,15213.01928281491,11903.987797980284,6630.849634918704,-17549.419674422075,517521.6299689472,25187.756565015356,-400.97421042298447,72111.0653807039,49816.277461252954,1220.0022161073139,6385.957531969018,45089.05061493631,55873.38789939654,942.9568148189865,12164.947886246553,60798.22166578956,35820.55632575821,8964.605899675633,11618.164368785117,39488.26046849023,38726.29657819552,5867.129938274939,15030.235266093094,45733.69395203087,64148.350603445506
-5041.111781733983,1884.005692829186,7350.381383751744,8102.806880498251,4718.588270835189,1402.6698396199176,-5089.76818169619,16847.841321627442,-439.06764165160075,9620.703888633054,43910.68657353437,-2834.889830044294,17131.880170856777,2057.17283605277,-13129.427384392753,Struggling_SleepDeprived,Salud,Laptop,DSL,2024-I,8711.611839495792,21351.15072039554,-2257.8783368464847,-5866.486611892231,-12649.935932883474,366.2053254744227,-2914.5131903689794,-17738.379486492726,-13657.239857443476,518560.61164456717,-4558.562788427207,7476.844341157193,53968.84560286109,64847.50638701173,11292.66910655431,21171.95980512843,59207.884770731034,58845.14449998323,5337.977286840228,7981.139522182748,61956.13169763234,58236.48571667045,7627.232105575036,-6853.035066748871,52576.997276000795,24425.57844282126,22714.627446147897,13343.093899860914,49657.02561306021,48732.66485077628
7222.526517344499,1498.5425706528886,-5348.411091398161,9649.77033550907,-16584.228941733494,3837.028214477516,6106.767303998534,575.9179183728456,9742.120706025948,29157.505544612894,39028.17038874063,1029.8990863840136,-8812.91062825196,4954.567394198829,-4627.10544098478,Struggling_SleepDeprived,Ingeniería,Tablet,Fibra,2024-II,22711.772467693336,4373.140642639175,17280.429101061218,899.5767100400328,8127.431996866816,5714.270886438665,12362.869642897409,-9644.88308755039,2774.5178314271097,532352.0901777601,14253.23867111838,12152.670436542887,52564.84220572949,65998.2570466898,-4416.142929398462,17640.78973438345,45588.05101153495,48090.11189618887,21672.19516436314,6430.36716972356,86978.63206801143,73046.7725312029,16274.527328300937,-6184.067081406753,60871.283227251464,54656.816902645325,19445.914217349364,7800.112002843681,59482.6158527737,67323.13866598456
17587.954304556595,18111.7456409525,-6255.12430897843,-14921.055530211712,6468.545383243506,-9141.531410904234,-8898.116515973363,16255.473141131026,392.29379178499266,-7325.383955669877,60344.3481840369,13101.611472124358,22348.916988954945,12882.603947309462,8643.008549569726,Struggling_SleepDeprived,Educación,Desktop,Móvil,2024-II,22454.50204805057,26751.113816937086,19731.484662779254,-1289.595532066475,-2394.9640608817654,-291.8419084414735,2705.5161468479932,6233.055816949941,15879.696200699456,522837.1482446476,14453.26758591966,10356.927858452806,41312.99081666591,24971.83120848187,2050.8023954748223,-11463.92918969527,55375.52197513301,61589.29348368375,6971.684047246887,8326.336434093166,62855.12453506364,52905.46282463762,-6228.595051766088,6952.2657580195155,50336.56605174002,52285.41840219898,27590.27334805297,12651.871445266992,51379.61976813724,41496.914580220444
10923.656165687267,5661.155509374757,4001.827755330187,3059.5272532576378,19224.201069472056,-12606.930736425866,-2340.851478987639,-7153.717916232004,3543.5386329764065,17624.134688061917,19221.74841124521,10265.229009898272,10451.806045688616,2704.449856624643,-15474.304713585409,Struggling_SleepDeprived,Humanidades,Laptop,Cable,2024-II,18551.10002656315,23331.300077371412,-14164.187473223199,3406.321055955509,1922.7867875354912,1809.8863347492531,-6621.046822570337,-4185.80895994084,3404.8169746168505,504310.5607529282,-10913.33564958697,275.7144153830486,71915.73523239103,67191.51659694918,12272.083115073241,24632.327758123123,64279.94549102397,62784.306908338796,26100.970909339663,20703.910096305735,61655.6062772502,73913.48939354072,3142.8756449670673,4777.48817307848,71101.788086179,55212.120435728975,21990.99232560637,39797.922787323725,53715.13020768983,80772.83414574334
-8899.510281486582,7138.784954442966,-19922.30550929943,-3463.4295836186348,-11130.414353310012,11463.832770363988,19428.042172692978,3938.215575879182,9607.462376340234,-14918.654652453562,34074.913708895496,-1895.055008105057,10653.01753684267,3905.968338573126,3141.765349779002,Struggling_SleepDeprived,Humanidades,Laptop,Cable,2023-II,15042.710137686734,24843.789168721054,756.729280114997,4947.09342201248,13196.696980104874,5119.544659413046,8129.417594983117,-10494.557568624372,-4467.050504072601,524613.7293064214,14715.037084032858,14437.02661640826,73552.10318324572,45796.50306080089,13886.610911827633,10220.791884422433,52033.26578262126,67989.05991634203,2660.4560871146223,7162.813188401631,63504.29100736172,31305.303749501643,27130.064408977498,9531.89925880126,46318.286972611066,57291.48614989882,17230.050960048546,22624.2287630777,59757.64575830684,62139.3372782214
17051.12130431843,2970.79699073073,-14976.44726998187,15203.526179162527,773.8830948522814,-4545.365857983288,19726.355359889854,-7248.090574968337,664.978369780642,-9460.704261842275,40865.67608049263,-12505.476480936366,2040.886292438039,11522.84585481307,-7411.130729279412,Struggling_SleepDeprived,Empresariales,Laptop,Fibra,2024-I,16205.822285854785,-1324.269602599783,-5774.590909636525,-17635.809413259874,-8205.131155357165,-24836.08187139216,12377.142583690562,-6535.64778321248,-1600.958390278188,515966.65747453517,3468.7113228465387,2637.3566635878215,53771.64019421042,54059.44557333621,13493.382280232006,11502.145154198863,50271.52129231077,34016.43383528685,3763.6762389323503,14471.165213189492,51777.63584657861,40148.07188346226,18448.6575681443,18071.991009123263,54021.06700728158,50260.994025722786,15533.665702163638,31099.73226827292,34979.23840383392,66316.01212597388
30170.837440778814,2329.537169819532,2155.2025678496075,13352.160847867985,-28589.135763628616,21908.342024232275,7265.19693579298,8112.341495647792,19730.765503347986,15111.94908991261,41624.29471355607,-13107.343631568674,-16512.445915905853,16930.45318925741,-941.6562679264406,Passive_But_Steady,Empresariales,Laptop,Fibra,2024-I,13736.735939999737,33503.05526742457,-19453.51259371734,7735.327369145304,-1642.3398197392166,11768.408238446436,3251.4272467648298,3963.899425388939,-1388.2812625229003,518186.2986998689,25597.93536729744,22383.57153069297,68894.07699634616,81050.99288327037,19006.90416006714,10842.439263596349,63618.92627355276,78663.93307222278,27002.141444258457,15334.03598181312,65939.6895765909,74513.67376755591,15785.801493638526,4964.3962695176015,80505.43193233809,99706.48392206836,13365.845154294717,14787.195916285167,88292.26325257879,73820.38151204163
12331.18692919208,-1662.6991219865322,-6713.765355641113,-13751.052878177845,5031.844054612642,12209.794894042203,5937.325608675501,-8897.981013217679,5900.438351362349,19535.746434694673,38644.741962482214,-453.05347305908435,5550.953933772915,1829.2180683768884,-4369.103021466038,Passive_But_Steady,Ingeniería,Desktop,DSL,2024-I,40257.92028304738,16811.74348797662,1687.3503287711223,-12743.740403101805,-3060.8654394802147,-15729.526374232322,13957.322896315032,3806.2507724251154,11249.019941664148,524493.0851739434,943.1326837596007,17971.383745732775,55350.94317495915,69869.50552046738,20884.84769834327,28470.55018900962,52995.5689213307,71341.07912277611,15396.599586398117,20588.88189112685,72322.17999658552,86183.74907848016,34274.118679493826,-14098.193813886239,63089.735753158304,62647.80086351815,12940.929962256676,3519.8442181319333,62396.13777046801,75445.49737303203
4226.891155621287,11701.425866437963,19714.45022974295,-2554.8071802321465,-21845.28019105238,-573.5010334466743,-2332.228977556456,5356.45649393177,9194.257053541596,5251.85933205939,48612.54734904837,3393.2737854800894,-10369.565043667139,-1165.7827864188823,-1829.0903064664092,Passive_But_Steady,Humanidades,Smartphone,Fibra,2025-I,31758.962191497325,8613.140326954144,-8998.320394623033,15523.74497676818,-13593.391457065645,5501.113287247561,-11764.241268312548,17611.8244766768,10289.994281646548,525672.0900744385,17921.400341914537,23681.01820193699,66133.41090592323,89091.20644097516,24007.001414789745,17004.521411116028,61335.48004710967,69826.69062139228,3938.650098920998,-735.2435526380686,57020.60519579078,95019.86260293462,1208.2272952941457,20219.28825819888,86344.76454848552,63081.762856066525,1096.800727854039,4482.739691149145,70938.27198749423,70534.86287703767
23282.884023424776,10169.246480891054,-395.64308703805784,11734.750263694003,9858.400341185832,18295.880484853562,13564.435040822991,13966.637970885022,-2727.5699888128343,8640.161936507557,17972.732180156454,9152.030395828158,3597.9243306967314,1980.477559910349,12199.693671435214,Passive_But_Steady,Empresariales,Desktop,Fibra,2024-II,23306.13413485273,9186.173940260254,4429.10864756311,1741.072419688192,5138.346153152251,5733.863716998891,-9108.523412727474,7047.450222970711,2152.7924201115807,526052.1937622273,37986.6982975304,19992.747536043695,73124.59959115817,57313.07969469349,12764.476515626871,26370.1641183334,70796.75371859114,58014.096008081484,12297.427325616383,6251.996962107397,49928.07769733561,67115.16312179196,18840.0787103826,5580.223496776368,69038.03778704163,54145.89716743613,24340.95384991377,11817.952946243484,57435.736037322065,76476.62194728643
12689.845687262938,15276.78253694287,6647.1121118440815,-11221.53183724474,4250.7317129592675,13807.698767389138,8196.17901113056,6024.826146891368,4311.439074013437,6057.969363309761,58409.49170939788,7290.966207735756,-1072.2974398506694,-9155.867018863946,3837.610736902132,Passive_But_Steady,Empresariales,Desktop,Cable,2024-I,44251.89185473912,23018.99626068076,14146.15494526241,9335.740817887396,13119.17956039039,-11293.835687362733,-4659.287501592624,-6814.607419196885,151.45832500583433,530281.8381335827,10689.948798794623,13242.855851019,68451.06858130675,60509.27016688592,4348.0525907191095,23576.60614556971,55238.59026203232,91337.2660383216,39489.05214230452,12716.80160688317,82882.02800335617,84561.33817872495,2349.6848974548593,13293.027917309908,74345.93410088953,73921.60961289347,-6715.631773635279,4905.203520860659,65173.805099967576,67904.38585405081
32732.928205503034,18668.390494880707,-1065.716730728002,-7841.595258276511,-1230.66338179035,5203.933557120131,-257.93601246454546,-510.27441273298246,19091.83415643367,3835.920267338626,-352.9476007784251,-6971.088291012398,-1629.6000072877791,4805.581907613902,-12419.995577720958,Passive_But_Steady,Empresariales,Laptop,Cable,2025-I,14818.294029566874,18503.41398570665,-10871.03785796934,-173.77226691243928,12920.755382017716,-14389.478469609221,7190.108513084614,-1023.6704166115127,-764.7788476432717,516020.7323432794,13513.525875806585,27080.781134551664,83806.07870645984,75240.31730286428,-5290.387333092196,13788.67186179254,74588.04433719705,78765.87626341253,525.4707150194936,11219.91359410107,73776.31712222577,60989.4488817346,24703.041287915614,20120.636683151533,72884.9147592111,99506.11194241852,7023.070017558852,18228.770575262843,91687.14774198494,84963.49997304063
20427.572832667352,21272.052541085093,-9285.634557379692,967.4778638118953,-2622.4793047955536,-567.059083431162,-20254.73813207842,8919.236086322333,-3548.3075610232077,11374.958078456064,52669.921785196784,-10481.081120436718,-13520.346081190584,-7078.23120007543,1603.1391254883474,Passive_But_Steady,Educación,Laptop,Fibra,2024-I,30745.92382401233,32490.426168085865,-11606.039272898266,-3686.4093559474795,1077.9309517558645,735.5566766496972,-6190.627222366204,9866.374684578017,-1170.3163728941606,522218.61437410396,11682.981789063593,17429.962773955005,59132.24211367087,60635.9081139939,12593.602685680959,19844.734130694087,66530.00104373971,101261.27961195032,20905.81105553851,-2775.6021586907045,67093.23981747647,81286.51139312134,11629.003334901487,12746.17791027197,49684.06613035321,72998.27850515168,9397.083307212153,-4477.76950472928,70659.33006029094,72781.23005902376
673.0150657368667,-8871.159621283688,14126.513175981578,2562.7934255472833,11151.38474328371,-2072.9378928844862,-11180.822579931033,-2276.7404186867625,-479.7129601347601,-12087.862029437489,37048.97907971845,10965.276790082478,-1915.7661555852737,-6816.792871472415,11495.108397254251,Passive_But_Steady,Ingeniería,Smartphone,Fibra,2024-II,6517.775287236202,28608.19816952272,3427.7787223335467,7461.638893500173,19423.56457787866,10327.254588187701,5242.176392307822,-10965.409101530055,10774.36144867083,536175.1379883591,2265.053395630346,26571.674994997993,64747.01821670032,87490.78652489386,21579.233025104146,12723.239074611218,60440.72575618219,94052.85397483429,9861.875386331962,8588.785043423972,81535.97349752727,81655.25830783407,14536.810549712605,16667.33244751101,87903.31833153647,89981.83522345181,14674.783479545411,9116.429759579549,90201.56533674194,65800.99175633062
13459.558442780826,16452.944837960735,9139.43041729591,110.12157761713456,-13609.360291404493,7480.238785164024,-7556.861279607427,4106.443924702905,5133.539791518937,-569.0037206236448,63958.87838325176,-2208.0767965598634,435.7710111832139,11933.962835177597,975.1624853196498,Passive_But_Steady,Ingeniería,Smartphone,Fibra,2024-I,8285.938818669962,-4788.819377030748,11282.192761273536,-11737.082370138804,4298.498786153763,-3796.785104946768,5997.987612603055,-2280.9766518941733,11869.25686282075,530237.5437115318,7529.17465195852,12121.984597653456,54955.21518999597,73355.42902321505,28370.71578435578,18712.23917915556,60611.68204434588,75018.60929686019,38575.31785047309,-831.9946217274446,82997.16429873552,60765.83521526128,8566.946554587408,9904.782005942794,80374.01676691332,71242.29847870735,20745.78668256915,9710.543555788809,51700.76416262165,67315.68438976462
-4844.47650464872,24890.348735256604,-4834.5368309580335,2875.959447119258,1376.4703672692049,13622.685797297865,26022.85542216117,-4662.576848016679,3834.3052844532076,1964.50157550108,34408.83146749352,9264.078213456407,11619.278412479438,6953.893414011281,14848.199610317679,Passive_But_Steady,Empresariales,Laptop,DSL,2024-II,18496.711099415897,12004.139598479851,-6656.846888612832,7856.077885540017,-2058.3920764264453,12207.02609942711,-1743.1459243513457,-9608.929972842403,-4141.094978920335,526433.4275230692,22941.188129311482,25117.687612113194,88353.4615496806,61805.790852180806,30607.110269535653,20134.06889606786,66255.62363119861,74257.73594609731,12857.96323762851,5730.943985104269,61327.93142998012,82560.8963573671,24620.348537127124,4829.369074666573,67042.49349568666,42462.29369627395,25228.117114328557,-725.835180636921,73225.76553087254,69751.16624305771
28449.77093419071,10494.241059423852,-17057.80487976314,5336.881665765725,5183.081047347745,3132.2415961959014,-2443.2058912190764,-6340.908788156455,18464.211327533772,18773.252533961502,33331.20949851809,-11949.941073985232,8054.824872484596,-8966.05692496532,-10030.29771224327,Passive_But_Steady,Humanidades,Laptop,Fibra,2024-I,1890.268458557588,13437.08229235322,-9562.44282678235,5461.87685537179,17356.316260346488,-4188.2792614355385,-3981.9427702188555,-789.6237654121394,-7701.079587948354,522325.93448907114,11361.93912579807,31368.50135730672,59436.35573985627,79538.99711568364,36066.08096363243,6100.565008087131,72488.87869241113,89401.79500062705,-3395.1994633980576,10603.98277120279,62173.14429111052,79323.4833060371,11226.78253448494,17807.902167507415,68498.1658952325,78721.6858559594,25200.23859130466,12668.099007514875,71587.25171448715,59981.580613118094
9118.968599315242,-5772.741468789315,-13710.35496905564,-2828.8576772931165,18154.8371475086,2417.1783710166333,13147.026333229773,8519.807580496461,-10508.208239605747,22534.66757055591,40541.49928677102,5885.807464984238,10250.626723637724,13863.410570824994,13647.394767993108,Passive_But_Steady,Empresariales,Smartphone,Móvil,2023-II,17952.41358537811,24241.25621250508,-22596.774949953833,19927.31357758506,4684.099377661313,-17034.078871279355,26958.664496123587,1355.526536514471,1820.0722218153878,535772.6246001462,26366.27981603534,19914.92434836632,61549.15037340348,79911.95420085647,26150.550767354827,19724.525720151476,80858.45434447857,92999.56941637627,25256.606261766996,4104.480513586321,91893.03146795116,92848.35855991836,35944.52053095332,30053.929743558878,87158.09450878382,83803.67297387609,-8050.074476917882,12500.914333214574,75824.03668153578,73501.53367119344
10269.641896381863,22016.852369028296,8671.572920026687,10681.775838077638,5444.075787944073,10570.9888271971,-1317.082103530403,-1992.2365475882689,2831.1739488106205,3727.512860561782,65301.05562437829,9389.003419967685,2288.9479105167998,-3786.7689098467845,-7285.869514456731,Passive_But_Steady,Salud,Laptop,Fibra,2024-I,23890.409716870927,35546.05723395552,-8993.986884819984,860.9705569629875,7411.4705322167565,14125.8603005695,-7215.809186846767,19432.796243278925,-14579.661156901542,538476.5340528912,2314.471561524115,13684.424541012979,76985.98531362374,65234.64461813086,-975.0394208511661,5521.164740010205,51174.77728284465,66138.74630726494,28298.352071772322,29219.281449272377,88768.87730883693,80060.02854404844,17807.3287581138,17848.653283110627,63966.19611221007,107173.20335305302,20298.526334072798,4509.536395987398,61355.527444616375,61648.27059189307
16486.786281926103,-18531.07406868192,-4011.462687796351,9787.086030552577,-9455.203662057631,10060.576296841782,13026.667520304058,12945.520227845544,-16518.463923207622,-17751.94678601477,36238.5287793236,2270.281721174398,18516.382475645973,12303.956836081066,-9889.642552733118,Passive_But_Steady,Salud,Tablet,Fibra,2024-I,9610.637823135341,7339.048291788924,19775.365857161047,14028.97324636859,-5133.5627392855195,5054.158165121995,11791.416659680022,3530.987748470224,-14754.876042939688,527354.5796008252,9929.272301436946,7599.478308665994,59549.635812526685,81460.55380708553,8296.481795946082,17080.441289054874,75157.21536456054,83554.36119922146,20642.362112651128,10378.839238084474,64530.40610152409,61888.53823818274,1228.258760348488,10570.200623881952,65267.43789183726,83018.66701082041,15125.967543342027,12826.434249221635,70064.503433615,82008.28275689016
-635.2101117223301,1566.2077174651904,-7893.013315312064,10873.751336342712,-6778.893317425028,6444.808191569301,3726.844132315357,-12488.099948482293,21656.33825317522,-1373.0664150606044,28592.279303552925,16405.523696596734,8029.701224739012,8048.10821989366,260.47370502942425,Passive_But_Steady,Educación,Smartphone,Cable,2024-II,9152.208637271448,4590.706550655908,3510.817056386816,-13008.253345369278,-1912.264825138964,-4572.314497718246,-5105.98540491921,22171.49008495891,-8823.22344857478,520899.7160174724,7488.947695115323,10303.265360207399,67981.61682598291,54472.36529304845,6812.231218409071,36438.213326751385,52431.623139621166,59800.60770404794,12993.35487789653,15996.988053501791,67196.32798870832,63039.684041287386,15797.251203708694,14678.622115452672,62507.404199013574,61806.39047761514,24095.66016116453,19897.880423230898,67678.85639661038,78247.19347064223
12563.503806409382,13256.6134670223,9191.888875803907,10575.049857962602,17261.637721915227,1551.7313759820545,26674.18233112511,9310.248593508246,19059.646291006025,33223.22180613056,56498.86148454268,-4746.49159755451,6682.8714053753465,4936.724634111449,-9072.339325353863,Passive_But_Steady,Educación,Laptop,Fibra,2023-II,3076.368920879253,15016.75050299032,6690.671979379877,2277.9025892402437,-10639.697630560897,346.40726945706314,-5683.202220323878,-18091.14366381891,-6352.757366017422,523001.88760766474,-178.29809174016918,13097.493810113263,57726.05289648883,43058.88177340538,18177.683571722533,7635.328399552536,69068.17738942642,79679.18358651467,7090.317910063263,1895.2916072342596,73419.01158715805,63065.86776791447,19970.183832835362,13144.229497461276,64535.872337613444,68928.97521924635,10382.150962038002,17375.72579098044,73036.72040253229,67942.29227077175
21056.432669669925,11459.60513257398,10169.771550125573,2206.0770960509326,-15926.474826558266,-9964.588188404994,12523.97445152132,-9830.565412431666,9056.472480317643,7801.713090937113,28280.363544091455,12537.07995109989,7696.152982612895,2637.3075109804854,-11657.229589088296,Passive_But_Steady,Empresariales,Smartphone,Cable,2024-II,26129.917832469877,28441.41961248903,10811.427231238715,-8752.681092081822,4688.147568711541,-3601.4393481372026,4260.732229359236,18798.962478981768,-8718.072272721049,541323.6903101358,6389.29815883316,21940.758072353536,72374.29534030019,65502.01090319159,22564.176814807586,7052.065453874328,58621.466731186316,85077.20965101774,-1257.4736124630908,727.2441613266146,58844.07004105286,78739.28930019945,523.934769605552,35562.66437000554,75013.3170971734,54440.667369328265,9379.967119415944,28403.633928851363,81074.46894331044,75404.21126588024
20815.356557908613,6896.144721771257,17948.719351732645,2706.8702242860577,9027.939993927384,3547.945553565009,4208.010150574664,-2274.345327636481,9884.133415123859,-1522.029819061985,36488.14396956843,-1599.2046070439083,-13875.59697779327,-3777.859630340501,-12326.602016669092,Passive_But_Steady,Salud,Smartphone,DSL,2024-II,16935.68970993775,7384.375426168286,3011.8633501817126,-12622.365613677091,2419.696717725419,-483.6350932039988,15348.724466055834,4306.965210179212,-3963.4958992238116,548133.6335475623,-3298.878334252542,12997.918253735597,75336.28111307854,87994.59835492658,5772.6926748544265,29545.37534263324,72309.9409821495,82907.100499425,25106.048041478323,34661.540785518344,78731.58681914338,77434.29938429275,32841.69995167877,10947.851796849034,83718.80905814708,80044.30903658575,24135.494575042714,14706.536000508742,80543.63922364742,80343.45917192435
9101.965954207362,8104.879997152333,10627.69124629758,-23488.200865615523,4359.972729930358,2189.914421622662,1266.1505979438366,-6136.956824662022,4517.449605474291,11571.20728254255,41952.77481387624,11065.336275978128,4344.01770644126,16800.15401009658,754.3158544391301,Passive_But_Steady,Humanidades,Smartphone,Fibra,2024-II,16122.715546487047,11895.664772593442,20482.74586059677,4098.684807666671,-6194.971129046789,4002.887665441608,-7231.5708429421,7862.281162886952,-9908.729229763545,524225.5898909608,15415.809675629394,10647.39497140169,76269.25337427769,68204.39043456518,7215.8740414251015,7348.898953934841,57254.433170286626,65784.13403072469,7627.028861817219,22716.862482075736,59020.48624730146,82673.41663739427,1493.412377163033,15616.973204338148,85675.60821213413,92238.25329303762,28080.951399310652,21392.57347287029,79593.62830170176,75228.50711013758
18946.28887324403,-5446.321746567207,7138.93751287218,-1138.496699849567,-3042.952192202589,-21208.096567668268,5269.344023806235,1380.4482477797794,-148.2455698519061,12175.348918660902,15555.059347626982,356.66660757547606,9765.972794655263,-8491.779925089802,-12251.808985861098,Passive_But_Steady,Empresariales,Laptop,DSL,2024-II,9077.456717341543,39100.93005251663,21842.295405270386,3553.2861117506695,-8312.957367010345,3848.4732530902097,-685.1317025169849,1516.5728504587946,17109.756693995598,538691.6163440525,22630.492511432552,-832.2435298017444,62499.34919703497,69868.11995359439,9471.650959214516,17000.555949339025,70806.60142325003,88819.10501196646,23911.191197466265,29804.597470278146,61474.15952993053,81845.86139360866,3778.012158425905,21234.767712403005,78571.55551546732,80509.96302467064,25667.16257248356,15443.151717754185,86198.81820706355,80492.48731897674
853.6100245349899,-4507.227675191654,8136.1851883348945,879.0679400678101,799.6584103595674,-3995.4942126788856,20261.49700287147,-1508.4609832733508,3530.290022572808,-14176.33784434984,10088.873819174558,11370.07350332974,1559.2455476438074,728.6725203055394,-4216.25605212061,Passive_But_Steady,Educación,Laptop,Fibra,2023-II,26514.101589348433,17150.109575664057,654.3213879958225,129.70229976342907,1194.7899209992638,-3385.025012603116,-2869.669155523449,13036.886567103556,2091.941723230852,554659.8937381274,18234.361230428032,25037.539044528596,58137.44308744461,63817.758103450484,19815.249909032154,29336.353438641134,90637.9315767216,98182.62019255586,13126.320268909023,6768.377595855363,76427.6729310549,77959.79048867305,17918.12262218591,-5876.3179312355205,82643.5562361781,66814.97846951603,3602.5168491565364,17195.704731962487,80710.33909542832,99121.86414072633
19153.252979887173,32567.520686795604,2565.7655015108126,-16708.065502400343,13120.716415104198,5874.882170149174,6474.58290528735,-492.5569884592869,1739.1472691064455,7003.477209962732,50186.61269525192,-6686.805242451143,7869.479025452805,11497.652021577762,-687.7350579380717,Passive_But_Steady,Ingeniería,Desktop,Fibra,2024-II,34892.02736725026,17121.361518797465,9310.892001536797,-10304.954390074889,-5237.264691084257,11249.508890510486,3601.4870261915958,-5061.453774949869,3886.4010598865234,548630.5048815353,24727.629942620308,35612.686546101075,73626.9286200403,47595.439891265196,14964.535056289005,5520.1928557512665,79230.2064497158,60435.45258143919,22944.817108852876,15192.148385504355,79814.4299545033,47996.61899265953,14348.93490682427,24321.8451257652,88506.43328484899,58653.21787569424,23315.494715656656,12626.912229341562,60889.35583220314,67836.59026132645
12810.03582582288,13795.10809224069,12810.572918506234,4745.465651885164,-4507.3044861554,-6729.9278980416875,14483.977942040352,-5394.262281296706,7281.992820121449,3067.115437263068,31550.798154223317,11990.364754099755,18275.227080152476,12001.981078579716,-6480.86078498222,Passive_But_Steady,Salud,Laptop,Fibra,2025-I,31701.602365154224,30139.72545972133,-3372.2028541124682,18902.692054560794,-2002.8613565435621,-10140.695623683061,-5791.518728649985,-5925.958893495107,208.96151606094764,533574.9039409264,26295.99906902972,19905.998035019093,68634.67821649872,71252.59066415296,8768.873499011406,20224.961733667078,67479.74333326025,73742.12686389782,11881.246016021963,30536.594734290607,80522.22910055709,102948.21135501825,13813.97458927209,10424.056300150307,63288.51322428366,100863.14348009757,14295.11863020076,15186.717310168271,62703.76279912855,86370.519468296
-157.68626616469373,-5063.1340014191055,7782.0844792457,-13576.371012588957,5948.541155249828,4143.3479062390525,8493.73690563923,-20004.267017569684,3043.499772411406,18523.773477438815,37484.15293670673,-14305.980619288537,11606.757736736945,2662.4337286384953,-2087.341759897904,Passive_But_Steady,Humanidades,Laptop,Móvil,2024-II,27543.529030736012,26234.688671820546,3852.2241228010275,9587.0611795461,-17107.25956739795,-5376.391308347096,14508.299262410434,11525.453415918822,1057.506068575581,551307.3885333418,11168.497072469274,9309.662608614042,78192.99910007704,65553.69266795891,17981.157590652958,23084.147794087003,80138.53965145699,81450.79006218219,-3321.026117644855,10750.395106469003,78033.0030315989,72609.79940061043,12926.402032078673,2935.3193765324595,68200.64286272362,83609.73697064682,18145.16184145513,5674.840724395621,71700.037871278,74072.43179051457
12597.19473568873,-6160.26954879133,-10189.37776399745,6059.533484305431,-10468.067819335041,6034.298182662881,4197.285242871279,-19650.81850585849,-19299.50544263627,1648.44005505734,44222.30391649578,14745.889036058676,3583.1692952892927,22751.9467988765,-15063.158383208242,Passive_But_Steady,Ingeniería,Laptop,Fibra,2024-II,14642.581383293094,45890.693037999714,16041.370132206996,-9236.505257413759,8297.23701499232,11583.43257779954,426.1303259303189,-2859.2009943178027,751.2441254236628,528780.3806444587,7828.833504350349,24105.91196237384,85069.19645375053,89704.46551482423,28100.913248683937,11206.354534721497,83468.45445526195,65414.64936998892,23029.06069715855,4586.013922470438,91002.92174867156,92329.65436230035,25375.992230835654,29859.97241517986,86543.95864393182,108904.60420226114,2459.1434787829367,6458.0373040095965,68189.34063141313,87497.95486063088
20784.883110287843,5797.43965276699,6902.971698182355,16116.596393839027,8518.64392269915,3958.3853439694794,416.5186396210697,3281.5398072297276,23948.503190207903,14814.821654606461,50280.895950957194,-10608.02194298986,10953.505806045145,2060.6192066377935,-6392.537632178913,Passive_But_Steady,Empresariales,Desktop,DSL,2024-II,20107.721973304717,-5254.660252394027,-21022.358743734618,24873.532963716498,-9056.67749198297,-495.89853879813035,-13224.410670767202,-5576.186486299434,8103.965668982565,544069.3228375743,22531.676889318245,14526.069497676035,80674.77439830033,69798.04286536682,-6902.597751128189,25624.617058690492,50841.67616533377,81170.7448988984,42345.713082325536,13194.079335222363,80848.48293879708,73239.71203129849,27610.114397631438,5538.8893768310245,71961.72082856561,70155.09443284302,16619.16074737978,6402.368704740399,74363.68824786475,77154.9786694313
19286.723752670037,16215.542887698375,-9888.615575927435,-4604.2233009677575,715.7738590157987,6346.768893104643,2069.7267639493125,-2895.598301591509,-9866.892349156882,10128.993132595522,48250.1769802148,-6213.152191614263,17146.7161106432,11650.027349044482,-18683.33297819337,Passive_But_Steady,Empresariales,Laptop,Cable,2024-I,16848.769654354797,31091.368137863476,4451.428508193667,-3337.5865706077498,2671.827746533608,13341.378856778982,3046.2492747494216,145.41456620094425,-5191.999062524922,533104.4968786214,21286.85265835834,13644.523140704097,67434.72166760002,75250.14136716904,2936.3398854470415,14227.709123255483,69705.29780837397,78277.38366477918,15045.499667098955,36615.955044379,80874.42457310486,81513.75670629297,17480.397397827914,1819.4155446952864,67012.77142362966,75985.49413332588,9020.219285444615,808.9502914123459,66979.00388015715,65343.56300082777
19868.1572287676,18687.37573554933,8149.601722183062,4514.214886103247,-1558.3752199411804,-6635.333738283345,-8250.533064648036,24742.869560581512,1216.5753710298736,-5013.604094051081,45211.47936123304,5775.579832593688,321.8894622386006,-2429.226413390039,-10273.77769913261,Passive_But_Steady,Educación,Laptop,Fibra,2024-II,-10505.9311199902,3317.356878265291,9744.337014981858,-1362.9630250260952,176.88419726721824,-386.4026878914086,9887.078794148301,-17715.992822127464,10427.628644837183,548257.2545369971,18567.76848946408,15805.591504081593,58067.091240742215,55459.0721834163,6594.267705950034,25715.49086904713,33772.97910901607,58017.238702661925,16839.657823492802,18553.33528559918,85359.16419541107,79656.296191954,17004.414522889056,-7815.710931622991,60465.92459700437,73600.47415192037,20518.86606362287,2943.554504242189,74828.8841898249,70234.70321985555
19809.767481342467,4078.8093864210764,-5955.885286109361,11528.26917271731,8271.032583467375,-12646.79438854511,-9712.697855025495,-11992.439978859666,32027.49349921134,17572.81314133776,62909.194568593855,-14733.165445498229,8066.836830594222,-1302.2448969055877,-14081.016741772495,Passive_But_Steady,Salud,Laptop,Fibra,2025-I,29247.57124493814,28165.078023289494,8963.223261801682,1483.9820399104428,8710.76454379414,-17952.19368782661,5714.815363863293,9723.52233302605,-9973.040177871075,538951.4428765029,17546.511778239284,-8594.708198526343,84845.51697122585,56779.65969824005,9319.768763580843,4586.272866058339,65086.299923593,75173.44687029763,19578.104097389947,14714.835851973812,77442.951203409,73836.0415633557,956.4203696183176,-2023.2062562031788,88987.04391567002,80531.17673129507,-11837.267127582763,18037.964826631076,61810.01863807137,74204.04333974053
9756.313484558894,3156.122267922512,5319.529110196158,6743.538810464261,5175.0613212169865,11893.891512664093,1967.6380943728043,-72.59463712411207,2628.5656474416273,-11801.010626252955,48562.55692442234,-1092.4283706874962,17324.517919170754,23504.18608700516,7401.735792715783,Passive_But_Steady,Ingeniería,Tablet,DSL,2023-II,34574.898883115966,38392.75376923166,-2811.9551921363936,5212.843528166541,7827.630146511219,-2653.5065356144974,-8637.722546618368,15085.35277472978,-3112.9430017066925,543530.9705657625,-1172.0613589837685,37148.006458010044,51842.76575854713,70978.24700192348,16759.132531880663,14532.936991365306,41138.87805277461,69471.53109327637,18295.801413193625,14269.103402682005,56318.81676720119,73319.49409970669,22791.848003864856,-8322.585292970201,63305.90270194733,68743.37557374369,23417.906128309893,-235.6782886314886,77875.86726799294,76420.87590873791
14677.564839525205,6047.677572193262,4814.832985383806,16367.165707192114,-13571.910851432018,11680.062742309336,-9081.738456238298,3011.1495374930837,-14388.451949510609,1309.9498124331612,50680.83705230326,29195.835268634164,-17963.5411323288,-734.4961925723501,15927.525966121024,Passive_But_Steady,Humanidades,Desktop,Cable,2025-I,21680.984671364768,21605.210298068916,16950.083115328765,-14892.895102477272,13375.450323968833,12774.72406914533,-2886.4524189885005,-25599.575735695704,-9538.372722405249,560034.2719440936,12752.954540092373,27364.63848091287,69084.1509146683,65657.57434948407,7526.522325100066,15575.363384408693,63421.650518764945,92059.68153665366,7426.47409402198,31526.12176199815,88695.92401969191,83598.45982215513,4820.791613498253,12374.591391382542,70116.77215842325,45208.176091801055,26315.089400607187,6699.069716156552,66762.21134373022,69474.19807873562
22128.37414690346,1710.403613905487,-31.397632339817278,-2594.75743574536,-11010.903332492626,18644.487877409683,20025.39705181882,-3914.4229446410072,-1947.3433205258352,-3784.883636263203,36075.64903296104,14814.771463810248,-459.0479057495777,-11133.16688214548,5355.711101566023,Passive_But_Steady,Empresariales,Laptop,Cable,2024-I,18022.26014380692,27830.220695829692,6617.423987467901,1532.9683189678278,2834.935196893211,-14544.705286606388,9073.694024058606,10597.695082221378,9626.262539996012,557120.8626298319,25800.402350751425,21464.437923159658,70671.04915523411,79550.04264989936,-2931.6754909361753,7205.525531699061,68791.29551431317,79936.44348176986,28547.144606757538,23606.47150241972,68397.93492616994,61817.36116303223,7582.382581075514,11206.587925468579,74720.26905706777,80248.91419869811,5313.292379904635,3911.416143921633,92315.96903807276,96042.78592420576
11615.290872913349,21037.032733016465,-8848.84282434572,-5452.909010129272,8664.031477782059,-6695.9156573261935,12157.525665287856,-10006.691496873755,204.64552417483992,-4394.524955796953,32871.856201778304,18247.390830059005,12084.039242011555,1794.9854360384259,15078.047639775901,Passive_But_Steady,Ingeniería,Smartphone,DSL,2024-I,34298.57617894046,23880.79791765273,812.0123778719325,-3938.100231292145,-17372.438156489963,-6656.642328145609,-8190.913214415953,2880.309561968513,-9849.931203638518,553660.8478842401,12754.038984923465,19241.484010788663,73618.71962446104,63402.493163102816,11886.01241515331,10020.842657181325,53171.598691488805,60107.50681242752,14757.517284690404,11963.157237514135,56525.53866776181,81742.12018107995,11992.259248493296,30800.662740966378,72227.12282526455,74854.60104539088,24682.006097049096,6978.915498784971,87926.04693797426,95122.23484026258
-895.6594731117457,1652.5225181259611,19223.74347853517,11538.521422197866,-21382.506789759194,11183.426088096365,-8969.633093837234,-178.1205659262505,-14649.261880239754,11637.246922295306,31727.285972765363,4436.752461470832,18082.540733430003,13707.985905771991,1230.4884989927073,Passive_But_Steady,Ingeniería,Laptop,Fibra,2025-I,33768.3058322134,17288.61217330635,-8857.492813435634,7184.715151958345,-1911.235818870704,-6871.2112030755825,10360.270302915707,-7557.36777926408,1564.804484402649,556574.3962981617,15134.440515841143,17621.5212459115,65275.093472790366,54396.49719751284,5646.828394267053,10102.863473938767,73949.45621323954,81870.81118277648,20893.9278555669,9434.241621999645,58142.320334461714,50641.91877693197,21440.000362541614,7986.268709134686,59017.81983369748,86352.9979213154,8075.453688777894,-1118.0019629374292,82719.59453371789,70680.02444269523
1075.4960773776565,29151.08067960359,-1245.1149032713693,427.9465869256084,5949.379402430429,211.26024091213122,1812.8812398062043,-1407.8888942527874,5921.713206210089,6607.372822030151,28446.956004258587,20301.86325676301,4332.5966108385255,-1818.2340799079457,40096.46689544086,Passive_But_Steady,Humanidades,Desktop,Móvil,2024-II,4275.483740099247,28172.045239967156,-15229.057997633945,7021.7058900272405,-8417.068768850575,-12449.294220014588,13067.680851831316,-14245.897850895348,9419.334024619657,564797.4886575086,13321.29445500982,34696.82209419082,71740.71629701788,72201.3923518932,-3227.169405685363,8278.883202756722,47397.335099546704,51063.51603213726,21246.596924644593,7964.008379023083,82366.0093233657,80930.15889519549,4441.229061813476,16701.27190487206,49279.7382258437,59711.680213862775,4245.277755474561,-3997.4571756672103,63618.90957381518,54975.054309855026
-3250.745804218752,7541.45524554201,16431.64376285853,-5613.727079066492,3593.4662601741916,-450.2592553361445,17375.670263045486,-6928.946070617434,17895.74783217583,14231.625107073762,3706.689743302428,7552.9437845892935,-5896.930393095066,6037.165644069162,-12582.706897153752,Passive_But_Steady,Ingeniería,Smartphone,DSL,2025-I,22362.41110877792,34476.19503628147,4787.732057362116,10779.890900854516,-13011.84430837631,-9872.318013906406,3704.626829083387,-16670.257745213923,1328.9093491145863,543626.7355580415,29237.176057327837,-3038.3524785290556,68633.17210038335,62260.80868815941,21218.804290269087,21873.67207750993,80742.58234396143,91390.91999619959,18972.06479003832,20019.755251738665,82522.04924064821,85756.54331959605,28404.64429164844,14198.901152068149,70407.78162606776,79501.5969434627,26389.360414034752,23107.294821227002,81550.10543188042,82817.22085173441
15786.646686919816,-3674.1273503094417,-6046.854360498137,-10292.138186711,-2276.6963848820483,13941.04977541031,-2560.5173217476686,19169.15118632239,7836.489920516198,29836.17923750392,37250.57048537943,-13940.080152965107,14578.159552734784,5313.471282437038,4068.559340010331,Passive_But_Steady,Empresariales,Smartphone,Cable,2025-I,14663.107771888595,17591.604746117995,-18153.763123850407,17591.459904858097,-2304.985664522432,-5379.77808841302,17998.0557556557,-7198.796498286384,-1968.1915735995933,542047.8920406708,18831.76266228204,16393.71263589388,68986.49231219034,73781.02710513715,10861.671855049493,1351.1233100515492,67428.6977621442,92796.45616806694,2476.811165417059,9888.30081183066,103917.67470306162,69590.9479200472,7213.625914943288,19955.635756545595,76721.55591461719,80823.89627198041,3219.5144999553395,4754.773352455903,78714.41953732878,61555.204458084634
4204.257201913178,-1759.1188940981592,-16656.067891658615,4406.05639498729,9609.580465122865,10077.991604119929,-13417.198031152604,10946.148969769129,5212.846805114699,-2815.386186328643,25791.26369405382,1871.2187471501725,23557.137600463095,-6026.935121801644,-14851.92901192025,Passive_But_Steady,Salud,Laptop,DSL,2024-I,29205.992278951002,20119.03950242631,13996.089632486128,-7811.195127956593,15955.744441061534,-10310.227598973428,10304.841639937627,1937.359961818471,-1748.8515305588076,552466.4804143109,13842.111744228376,12685.334873972446,67821.24259915504,78007.6305532384,9229.742064640497,14649.433698304429,65823.5048570094,86942.10996137593,19909.738437499975,9863.639244519229,78799.13999782767,86118.16353032106,15980.580746406107,-4173.380293372258,88002.45328472983,100272.79564975896,13372.70136847832,14619.581980966004,67977.18587720074,67352.6895409784
5217.621657630324,11904.120249627444,-1151.6544701135863,9944.067656323972,12970.714653465942,-7247.690094407532,-12189.460269511708,4595.234003143769,1851.2496545145755,8276.004579807624,15904.482281710798,-15735.183956394756,-8792.739512615914,3231.2945391219837,-13327.820618915193,Passive_But_Steady,Humanidades,Smartphone,Cable,2024-II,30135.57749530905,18415.067459455742,9451.64727693336,8057.203052211998,-17078.484709297692,2029.3290047443327,15724.503972043873,3482.410627508451,-18239.848038959488,565383.7999370956,13713.995077606807,7511.952448302161,66299.14591109696,84303.57705548643,17567.447486516485,23514.84918303267,71005.47279015576,84084.28001988673,27588.527422179017,31970.888918960933,52326.16405610936,71998.09678111793,13279.568030974291,11070.698396914784,72547.71508378338,76838.77856036677,1285.6277888570348,23703.15422324925,56821.385659080406,87391.45023209337
575.446323110069,5176.746615798945,25426.174316044642,4427.897922497307,9446.57401089402,5135.310111893158,3788.810076514519,23727.013826730064,1312.3486750366087,7765.54566040858,40758.48435624892,-25445.947554930444,7916.142887398177,4822.666349326658,4680.900963096776,Passive_But_Steady,Educación,Smartphone,Cable,2024-I,30748.14707731299,24049.81798773082,-7351.381587857117,-5083.37854059602,-12498.541780465039,11217.895507825004,672.4071474730927,5280.168755189272,10024.206286220413,567087.400627069,14486.024429296049,17145.31684825596,74434.24309211732,69879.30157398945,25145.4854085825,14399.159809618646,90792.8573393493,71944.48406280481,17915.716936050576,20090.76262744216,81712.70142377647,71880.42043682736,19610.62222752924,6039.322053338795,70520.48083114623,66114.63922942981,8863.777995725297,26211.505782861554,58939.30770559123,51378.11429943761
13082.851368967167,2299.1478330152077,-10164.286193440494,4452.881842902134,3153.511788469058,-7689.994663848171,-12951.641423707266,8971.33874983668,-2084.910781762803,-5313.4462057048095,36357.99254682474,2398.8767018185954,19087.41865196424,1716.4105428474468,5295.14376862293,Passive_But_Steady,Empresariales,Desktop,Cable,2024-I,12076.643557491172,15159.553592620794,4762.054797448467,2447.394926197386,-6405.523604828586,6696.385083560994,990.1708428077093,9623.703756005058,-15532.037852057814,556034.242769781,1095.2092014756163,14314.33191326001,69106.34496810415,89581.47971862686,20418.754088872258,12339.440781045505,60740.883306145304,82314.68014181699,-1300.18808455806,13182.893885019555,87299.58126020584,60412.56581949634,3125.198742581144,25774.434488090705,71891.5163352307,86472.39367405412,26121.540183707035,4973.744607722667,66750.02336500392,50300.08797320335
-42.81799450589824,-10117.673457980678,-2236.0662225308474,905.3154093927438,10477.551561958278,-5490.441495568749,6086.312876125615,8578.998411666387,9983.645063827,-12132.674239928121,21788.952829029982,12702.820328738633,22427.94378578379,5130.818603847347,14524.995270011126,Passive_But_Steady,Ingeniería,Laptop,Fibra,2024-I,17368.67749622143,-3412.7708006262474,1093.317966252394,-2090.261658663743,6968.974297020745,-3033.125821208123,12825.608836982283,-600.6666999363043,19003.630894243095,564655.2732206709,6515.986652229545,20148.59625389171,111010.74568830355,84139.59415398187,3405.261961860746,34988.79543706862,74839.23603040779,69024.31402018025,8227.681437191022,17252.657843203004,83996.07758083679,82579.50455257055,13340.580452655016,12528.478582101838,69933.77401214727,78041.03876656515,-914.8075645329973,-727.4254035113063,62390.755900783886,74482.7715891368
12707.600381508986,-1680.1036722299796,-5792.100573702713,12401.046648220667,2660.2060909585116,-2392.292357836858,6554.974230830064,-4167.926549675793,-1136.523028893343,6068.41545016251,52016.997035869594,17199.37900668024,-7716.520563641852,896.5696662904754,1470.7501491011985,Passive_But_Steady,Humanidades,Laptop,Cable,2024-II,16410.278656890616,18468.881892288373,4423.492500226137,14431.740922805951,12508.984852244615,602.3519435360641,-3185.320045317484,3154.1885350814973,6384.994111302642,577334.2006247928,20825.110909131443,-4696.173200463752,83518.37387956202,74697.45799079436,24638.426534485414,19079.420412624702,56665.88144529766,73886.69608988032,7372.6628750517575,26479.069670663383,38394.32254125913,56413.21404453197,14339.177339860309,20062.997799222616,60310.049126767924,83634.40956419165,13947.805431615452,7865.708007796628,77367.03837597788,66773.03474781977
26263.469943815282,-14071.962691583998,-8024.765598354568,5442.338012252913,8057.631514939595,23908.391224588384,14358.432046569338,-4492.594719762932,21480.210853435434,-8220.429739171164,49658.89741627427,19742.6848016313,14007.803304806372,1754.0308323561042,19215.162133440375,Passive_But_Steady,Salud,Desktop,Fibra,2024-I,30105.93166623072,13520.95288450757,5084.565605506548,645.5471248028666,-11004.260310405309,-524.0878268643843,-14210.969932722177,17914.9943882828,4023.0244541547722,565471.9354202098,3781.1073151167857,9087.793359737347,71109.97730056467,77828.99653052299,12559.164129149221,6176.255979901707,70311.02220501284,87379.8988738002,13102.53759441213,31048.787642673826,65831.16697523485,59579.9609526046,13954.845764986489,4380.346144901958,71674.143715431,95839.13957973196,8813.57942603215,13909.658712067889,88985.43844858777,93618.29824006592
12726.251311828428,16157.858868198487,18006.218766290953,-6369.644483197146,-6016.506467941647,12750.958066362013,6847.228364612746,-8555.584626995764,6839.750541736029,14071.656422369106,37308.2478126482,-4672.127238615938,6318.310030738197,-11733.946178282855,-239.36993896999434,Passive_But_Steady,Humanidades,Laptop,Fibra,2024-II,24567.4751827566,13185.537031111893,1662.2886507632577,20131.475508977728,-11840.798515060802,-9907.82329647975,-12427.694671752557,12052.974839068342,-13676.174196070777,571543.2430088391,6494.805837579825,35115.108555132625,64563.65011544769,82269.99390033778,11349.872941045985,1610.4071580738691,83406.94938958458,77066.08540939215,3715.15817832621,14767.558970205591,76376.3979407991,90835.20189657135,15715.083121568337,25700.38567333857,58000.18309463955,59252.36766471986,25429.659121471686,3232.95960226826,77497.65657118088,78679.93638228811
15243.348403857704,13332.001157021255,-14494.715726660772,-5440.32913725383,-5743.16719195377,5641.0423723851,-4133.424034649442,9124.786896357706,-5993.512379516286,2524.998517186061,37622.632853146024,7192.431468205365,-5359.860572529851,15610.589637655354,-4477.676879378623,Passive_But_Steady,Empresariales,Smartphone,Fibra,2024-II,22955.785735495334,18291.330148732322,24952.22891068818,-2891.285441553926,686.2002253261006,-223.55902707161516,6027.815564363277,-10727.429048830927,500.81695378673123,561227.7899050497,20069.736471036074,14240.369174771198,69166.59909807553,80434.7808821738,9234.789996573541,-521.7455000228074,65599.7961713504,58186.95307497208,1758.8028008141864,16764.554357395704,59261.097169026965,69320.68420030625,19814.046080490934,33162.51083964843,59378.34024193087,77956.61559820717,25733.29684103767,30628.976631154874,68655.76985588015,70122.99851017182
15481.313137891117,25601.799409237694,479.3862973626116,-15105.947961257467,-33139.35115861151,9501.863951325628,-8009.413579036658,2458.1132065877005,-1227.7641429222954,-13023.252126658836,72764.85745279433,-13067.478987861155,-400.4112699090965,12758.55570628425,-5061.242540985667,Passive_But_Steady,Empresariales,Laptop,Fibra,2023-II,20719.444600060375,11652.475567984175,-645.0121120819181,15214.285675134644,9911.410574408732,9436.020569590917,6440.623482149352,-23263.319711301887,-4438.119167182918,589651.5130414322,15676.65904281344,24051.24528510345,50308.02892156631,68707.49100190132,-5598.561488035124,30397.84961747141,57007.19242313224,68684.35500001867,18645.24360136062,10169.245602872546,88845.06209280144,77245.51444651828,14916.557939612996,25358.149801296197,73538.13960042933,65491.78183062363,21480.624316117326,4051.0895579293647,77771.77631364083,62124.57810314966
28456.220431331123,-4737.784715502127,4572.586050708124,-11602.345522821764,-1884.5574008424223,13389.272622090863,763.1565643201966,-2555.5951311459457,15066.813551329324,569.9831716124891,47304.86725010793,5995.432381151136,-7845.671903414799,4643.429029569391,16236.637403590472,Passive_But_Steady,Ingeniería,Tablet,Fibra,2024-II,32617.134085380232,19035.583697733786,-1551.8252503224771,4487.288571858249,-8822.919999557154,9914.651670881713,-7480.3524540137405,-4921.5954124304635,3285.688738793405,564694.1941649928,8318.634008382898,8653.152221709657,71358.61598913572,72532.9915761123,9050.725769405428,11816.752582112671,75004.82122645128,40878.01176783358,10223.567538800742,19473.878126332886,80460.56320579887,87763.73971788428,25801.145380384733,17166.454818592712,66866.50745744945,65285.6613700186,9023.815244692061,11290.896088732396,73794.59411002166,78316.09288368138
19536.011134639688,6156.205892731914,1431.7764681067113,15380.28135196917,19491.52560827104,151.86022602895787,1961.8749110437145,8283.407339338368,27592.54681264121,1399.5347435548679,11073.993304578911,4556.799025560794,-5925.205380158406,10078.060546067747,-14760.566940513014,Passive_But_Steady,Educación,Laptop,DSL,2024-I,9881.54789068533,27802.737016704174,13704.207158069541,14899.744129653256,-4950.813930422514,-3591.5151599821074,-1478.8493247213137,-4463.579671550127,-17276.535538406097,569967.2522506069,32088.338701962286,20469.527427183046,73817.88527454861,79917.16764111628,1723.47475830045,-1892.8461958274347,68350.80146710806,75522.34320200658,10879.530820561286,1157.224350999837,90267.15637249175,80631.78376347414,14932.556699484012,-8908.441153207554,86449.25069166905,59972.564021838785,22894.30120826395,27401.054962445312,84852.76076100516,90872.6855741584
28956.589073780433,-9128.079487835854,-9495.470125090724,-23700.02566847038,538.9032621199431,-7031.241863831182,835.5510784981411,-3963.508125185894,15385.753509727683,5201.311389146621,24738.93802248638,3235.7230363762615,461.2367953800508,4010.3676755962756,-5694.295565509544,Passive_But_Steady,Salud,Laptop,Fibra,2024-I,45707.23613991222,15114.181979563233,-10252.742924206828,-1954.5310202792434,11616.296551554786,-9354.188053772756,-7916.174005597045,8296.502138686863,-4445.56958581984,568582.0361370906,9735.851851557876,19240.505722247173,74624.60547112099,86749.09230855643,14777.940702740969,13170.066430428122,81937.36605446402,63593.058241818726,3587.46806474438,17583.09801660337,80123.63502534687,77883.55748098405,14217.635804752528,11710.816939533495,90068.19774639487,68837.80687853982,7835.079576132453,15901.855247962743,63394.04604545441,73591.79840786412
16527.77636884551,683.3737819927901,1267.9289276701584,-5624.827664457969,-2706.6947834723587,7232.846010771042,-3814.294571388533,-11212.727842173153,-5050.869273565988,17816.069206370288,42057.77571167901,-3317.441589148921,528.4340561002618,10440.04922760732,-1129.3082296669018,Passive_But_Steady,Salud,Laptop,Cable,2024-II,24826.66042495133,5361.677533107457,5880.774926779759,12447.520556872929,2624.8489871499924,3385.688070291491,4221.461826423139,5924.936080876858,-5615.4206003498075,565670.8220574998,241.983289200547,27368.893717322706,63199.05276111292,75892.21974787356,18600.50017786058,26272.848402048927,45546.209333651845,82726.80294747998,17336.148372472417,18441.893081998453,63164.49080145986,83806.83465403588,7581.093599141379,3413.685222192642,78395.55797261324,91286.20325113043,11087.731012807646,16312.63656463899,73931.60926168917,67824.5044887781
20360.34863505266,13791.486357114905,408.7097910697547,-3746.8744840454206,4454.003415243793,-5665.591962506337,8933.938761916408,-4870.021743371779,-2868.112302188501,6566.9480149808805,43148.72827261806,28679.135037062726,16393.32233034793,9368.902409232918,-8201.56078341139,Passive_But_Steady,Ingeniería,Laptop,Fibra,2024-I,20053.902150157966,16145.895369164178,1138.9444003942679,5613.0598433586465,5918.547730741984,2944.954787412113,-10428.969662896174,-10398.456500367283,-2893.724110805678,561917.8147782733,21691.300734424403,2599.9377391863454,48580.278782603375,70239.75437032609,19586.382482153218,1852.3234380487556,49138.77807050846,83386.88717517829,5571.3021633326825,14001.993241029597,71573.47223415272,89681.07448399808,10797.276602760849,10892.479454104261,70558.40524710216,72981.38660631757,23560.297900584515,9743.54501392386,76789.47646266218,74282.60315830998
11201.3629624335,21121.635915299845,5388.391926760896,-7570.91400672183,27.35761069417859,-2339.280692347175,10485.986867926076,12152.841451073193,-1882.6772970531288,-4981.568256138389,34851.41023913211,14186.38631884074,14097.052431024187,-6855.6598063042775,-12568.423182198396,Passive_But_Steady,Ingeniería,Laptop,Fibra,2025-I,22401.49594511825,16537.502604356323,3614.713294570868,-5427.445015090013,8356.336558253695,-5508.31821711492,-5236.930241239089,6693.978045689359,3504.019165175353,566169.4615354032,19028.46129518007,27504.019904453755,67663.13747611216,61301.1971008218,24753.86874482277,23945.017226800435,59801.184921423504,48407.00713066355,37972.06882456472,27076.007818631355,83258.2379578307,88663.33269622992,1004.2311620471664,21160.052671337886,52225.0879105291,55329.477322681334,14397.208324609663,38546.04376936464,64379.313673802666,51592.563925165494
6074.717090646821,18433.856792727922,-3808.892422928961,-20105.8882780141,6755.272378904873,1747.503388203415,15420.21084971679,6175.926664255625,8413.26507348277,2223.9942685118544,25451.446541245485,5360.024933554176,157.26156329090327,3180.0053568069006,7390.735624140656,Passive_But_Steady,Ingeniería,Smartphone,Fibra,2024-II,30141.169445199062,4391.250177371456,17714.976271327614,-8157.4267722403065,-576.6605173563432,-2577.438575296074,9249.441018095733,10962.575317724693,-3466.893412485998,573730.801330749,9180.110098199195,27343.369525145852,66311.90968106355,72681.33141690993,20907.73758716535,18013.845499103463,65514.40044835547,67354.07762039277,0.2930341873980069,19656.639359017714,73407.76769132073,63425.32877258301,3094.847536579864,5074.919152664917,62029.751144301525,67399.14299165906,9380.277558724767,13606.399977837473,91008.67250088345,62387.45462100651
17269.77074310883,15124.12280087711,2343.6570110115017,13733.061409963615,16871.325640665433,2338.6273438168314,10205.088363842096,-6637.20045606354,3496.2485852936643,6387.600436876347,38530.736859176905,18109.61428789115,10124.267024977617,21364.312812711185,4029.2270545805413,Passive_But_Steady,Salud,Desktop,Fibra,2024-II,26553.0932813226,9206.09309442477,-2190.9418299519057,10543.118485597004,21124.363574482224,-3581.8878340955343,8603.628348282295,-8998.269688916102,1105.9217582953506,573154.4149241905,13545.225749047595,12414.668597931806,79306.01740058605,78217.13874691194,18850.786759667753,26788.347817097514,60192.993236056354,40026.64358271565,13307.865200009806,20660.272227037294,77244.53243910441,55567.221320266355,21248.588098088367,5674.904797642932,69934.69865996848,53774.78581644181,21700.89675421494,19447.362673527314,83105.64980648585,85665.03248959819
8118.074967631905,-1348.1202340590016,15814.388992127262,-14541.112261168546,4494.9100390187,16302.384146971935,-275.5142774642941,-3712.661825824904,3925.3820640877448,16433.710174923646,70208.1747019263,-12328.865288831432,-9099.768878959143,4937.304751081227,13501.007761476561,Passive_But_Steady,Humanidades,Desktop,Cable,2024-II,34955.72944974597,26499.765026363577,3108.0586449385023,-3789.6246985745984,-15033.756824371829,7246.879738549794,-15990.736409365745,-844.8837165011453,8552.482449855144,579111.1876506062,23932.49901525461,-263.4601517978863,71976.00506022455,63640.230203581974,11860.969540255157,14170.916681793758,81858.69902574798,92696.46369080308,15329.275879815857,-3462.6022947795936,68019.62985350423,67096.59050684537,31020.27609018714,10051.0343297499,65870.4659858408,76042.83656590537,23860.910006436075,21917.389981375924,66873.35695268292,72202.82677020518
18715.820248626726,2035.8557913665509,7160.954199598813,3122.969704242635,9348.43426706939,8891.517656473812,5459.583130146857,-14930.538449783591,10606.197611852967,11620.060292353515,33718.83709900055,7.960401467649717,16913.511998501377,8955.036873207102,-11148.686996330829,Passive_But_Steady,Salud,Tablet,Cable,2023-II,5285.915130965801,24023.95010890197,151.03142976041545,8225.472359927078,-13513.969563732711,6405.255840841028,4475.458381404444,-4787.902261663286,-5841.357671643886,576156.4885706289,6034.210656412823,26700.360519361675,47660.2976822779,73450.9833518539,27465.95446357251,-5335.593246546185,70420.70657127723,77472.71673075459,23246.368272903215,16504.125989238157,78902.211371781,52150.710697038565,9189.448185815949,-7908.35464965503,83911.85811440868,59517.104775264954,31416.185638217506,-4580.7816032792325,58487.859816903234,65607.16579664338
8717.923686832139,6051.331580023096,6507.586352168999,-13382.084077471174,6538.304353773481,1462.9788664077523,15506.973147348606,11816.99945654497,-1339.7847411918951,12864.714319937024,5606.510509370422,9105.223482761958,-1639.078701024543,17920.155097285668,-13052.162115691977,Passive_But_Steady,Educación,Laptop,Fibra,2023-II,15165.960848250355,7390.678447729577,-3573.837079737913,-5954.878477092946,-5745.8394559286335,3022.2230198323955,3700.126152264312,12777.046702076334,7771.100260030251,577353.3661803061,21099.783115989827,9009.769843969058,76777.73198708885,66653.70546493228,15639.745975094502,-17790.719689904527,77433.80384908998,54516.25892034953,30737.68813033787,25440.157721246083,68394.09216568797,54890.49509742124,11998.737631848317,22854.96927627459,71760.8418375469,60419.09277193853,8057.091269540619,6932.062772512142,73116.41758716342,83674.89870584247
-4661.854853893239,-6046.678825304839,-506.76776348649264,-2273.11945548479,-19995.923754351927,-13989.03842539127,-4433.549322051269,-18690.065123672808,6685.7500835908595,23347.60741374673,35828.252553535276,-8995.023914052366,22777.134638141066,-2595.626606360249,-148.78624228113563,Passive_But_Steady,Ingeniería,Laptop,Fibra,2023-II,28450.705331295714,36184.97311128539,-4979.937103334133,-5582.445051673875,-10241.763061888118,18609.41231917947,-1724.7240976297226,3510.6560535355393,-3180.8607589878766,571974.9839747028,14805.050210035344,9563.934720277864,70918.85078597047,73864.88198137589,6252.788083872293,-1365.750514079662,51605.71732712359,48038.77784263432,4537.2557500029825,7846.42958969778,53622.97565055863,68040.80954132277,12063.67981049492,20629.016180372208,56280.846803743174,58485.61828939586,16667.54065769274,6776.276293235404,62065.909024485205,67107.48402604075
15135.909126677692,20921.33297066202,-11060.77289428848,-7741.937702596651,2425.616109444937,948.7724563318019,-5592.3858040014875,4513.0838375580515,-7452.250253824492,15810.576883389118,25706.158863920162,-21963.735095222946,1080.4379217342162,9143.179291704548,31705.033095406234,Passive_But_Steady,Empresariales,Laptop,DSL,2024-I,13259.732793259855,9868.349662664043,-940.6896837870086,-2975.9423318024674,3901.070324540695,2386.6706016218504,3558.947834824662,389.12851529811087,23931.75442489895,590436.0131821948,5343.806949693185,-4444.991012216866,52073.327288293294,58386.04931635815,9829.32410321275,202.73501867427512,74000.41253841408,75614.21206724145,15114.886907159313,27945.582795202354,63881.38360794896,82463.24178616621,5114.12956433035,25750.970621572833,52106.85193932737,80435.38440257261,13291.033390006269,2810.0936384555534,48442.69584864249,53127.339134501235
21311.870011277097,4455.159549840827,1441.8329701003843,5485.16645828834,5699.131552520638,12950.297185624584,9447.74059510441,10728.681355081226,1578.2347175245627,-627.6558948535458,28611.65252733784,10728.497087742817,10188.60086832435,11880.111969771726,18827.201325555845,Passive_But_Steady,Empresariales,Tablet,Fibra,2024-I,13547.37175960598,22550.906392526686,11086.587534716235,5263.7559920526655,20316.009386068014,16641.82324721055,-5301.198049606935,-18003.300137491016,-8391.654590614351,582740.6788698927,592.4041979664689,18397.120424917237,96712.49323584331,75136.8342615201,22306.79166973112,17818.151204967246,76250.57797227305,99997.97928015939,15435.649454582239,27330.50933538667,103908.9869556969,92388.93549375571,25922.184570439007,19024.324951586368,82469.28253890736,79923.41206988855,27769.98410176481,21222.119872824904,86002.78842848974,106649.65008708094
16957.042794815836,3818.6257279282268,-2300.6245461628464,-2002.849862205866,-21701.786166181853,-5545.140982420097,16874.713200748654,-3503.805863107501,-4154.288935401997,11772.852294491551,27356.432516156572,-6341.237652994625,997.3146299818659,5509.843130580204,18954.710874667417,Passive_But_Steady,Humanidades,Laptop,Fibra,2025-I,26762.071226502856,30833.05739989617,-5212.363624647596,10435.899957088006,17986.540183397992,-5428.218476406127,-9560.87729237523,-4594.670111720453,7446.526071231297,582537.7565391767,14753.230206004946,-4575.594703408871,78139.72908859933,86460.76893710434,10960.014843744246,20195.209506607305,50647.64679193304,71161.81100850138,16598.3492183105,6910.102195090453,69338.51646271418,45914.25436777625,18191.166452743666,35329.52565863972,67145.10409985724,72746.95503399767,14263.290437365758,22350.29499458453,75791.7015278954,63776.39679917405
8398.420185049143,1148.0832982234315,5783.959402642208,14596.291361006799,-8268.104470034092,-16905.597613594327,9361.464576555085,-7496.302695242204,-14734.807014409098,-6757.034807215483,51960.74374745584,10008.381011860725,1760.1781942766338,970.5854398507945,14619.037781265348,Passive_But_Steady,Educación,Laptop,Cable,2024-I,25999.265169248833,18863.032173313906,-10551.671198562046,-8138.335943456726,3320.7293798236924,-9534.447071944138,-3374.5006872076037,-12345.230691684419,8597.523697203036,583719.9308829649,-3823.3659420470576,1978.5076298523873,64291.976784075065,66788.538245701,17875.76382413961,30105.56941783392,67676.86007076826,55388.68300380435,8166.872539762902,20951.565659119748,83371.44948056879,61394.20620861871,18054.847715522705,12344.084562628868,71851.51865615886,86669.81272437231,20907.195338376718,-13109.246358941975,57673.544130459355,62065.90043447222
16409.876401808368,8221.805098891795,-5558.716793394458,2704.592258825385,4823.00934119812,15624.088529134793,12170.671506999784,-13451.846583325423,15813.811436282575,20645.03363744642,3785.4107064694963,5091.133326474525,-13344.734853175261,-6049.9302845702205,11905.622770998107,Passive_But_Steady,Salud,Desktop,Fibra,2024-II,25803.863539085043,20462.190273513384,-1782.0677028616342,949.9114713124773,21450.173626342385,-10318.128965369016,3926.5068630810065,-10325.535370547641,9092.953427564382,564575.6540754923,3785.7618788362506,19429.338842549376,76537.14166258447,69954.53944337377,33401.16099811373,17859.74018336131,61149.81380593559,71260.3627639468,11112.451816655048,-5194.779600446476,80251.94648926666,61189.17092728293,-2005.1867600573369,18356.68907995742,71133.11103526398,79359.12453150451,13841.028986052866,12092.85489353032,62171.33723980595,66298.72840862605
-14130.248865023255,9297.803664379313,-13876.994924341707,7339.500029779614,-8921.571482504942,-1510.429714628519,3078.4450416047584,-516.1762069561987,2783.438572086676,-395.7647069445138,36108.84472540545,6633.556842889147,11086.698700768622,5078.118721800338,5776.441983571984,Passive_But_Steady,Educación,Smartphone,Móvil,2024-I,20712.432178647712,10428.704716008213,5005.753342186913,-4793.003029709793,9520.436512648806,6181.237685377169,-3191.2020647609843,4784.239632061588,13867.93807817427,589306.1014448035,18814.948754759513,16500.660958354165,71472.12827315378,64154.86161075391,13848.715413913644,19674.784203374995,74427.36766816425,66761.85283412407,34288.26371054808,642.382608191303,86114.22793897148,80002.1728609922,17736.06238372201,19395.526727835277,80143.07925747105,82473.27297071746,20942.649408512247,14540.841630482475,81931.42070160534,82330.55939951318
6325.660672180928,19324.09205514301,20362.792268829224,-5721.157488700508,-1634.100852883987,9632.36244802879,-5711.859881240452,-4581.270928184757,2108.927765621773,14719.66209791056,40673.41420850503,5778.415359972117,-106.51591917034,-7971.734514358355,10116.797115384217,Passive_But_Steady,Ingeniería,Desktop,Cable,2024-I,24403.963364107527,11618.22880382703,16791.535292909033,-880.2270210607776,-4198.096083508806,9916.180875675205,-6927.841714221706,8133.6131674309845,6575.1369090738335,577616.4849947738,8827.132163520087,12003.160161706457,57541.765155790425,62928.34918649598,22989.22520888711,24605.487271432798,80528.55336645199,82266.62508789772,13022.110005539751,17005.785566238224,88106.09879538936,66595.93418767657,14360.23172728098,7836.016811901544,66171.05028817305,77965.00826689233,7413.453587612293,12640.594853316257,80205.65682043252,66343.27731906624
22043.733439406205,1325.7394419502143,6250.644460807582,11102.01881263652,1033.637828517452,555.9324097184572,1298.7364593026227,12481.326598956935,-2538.101443718781,4230.426108430288,30302.979241235284,6355.593101680873,15942.824927080355,16442.69624226964,5770.296847630513,Passive_But_Steady,Empresariales,Smartphone,Fibra,2024-I,22620.60371835502,19472.609390353326,11974.361598351938,7210.121387392437,3737.9877845575984,-4361.715451447545,-2789.2401372338572,16985.80371283574,-2636.1621565439336,602606.1433295512,13260.42686988484,33924.12380978215,63954.540390690905,73470.65247472678,9002.864462699861,9494.186620291328,68342.9770570034,80215.42760309056,28946.743647389234,30943.14051983288,71294.22639579659,82537.63753784147,31963.906118616243,25962.84418067395,62749.75542705451,63479.91729258496,20433.969561315458,15750.770796074112,61746.18310933418,87483.41243681929
16595.109454781952,14924.015947765183,1393.7848822038536,-10100.383800036278,2543.4023832626517,-104.98141023930998,23464.31233746413,19277.791945320234,24241.70150870922,4386.309161396728,61914.23978302372,16928.41759842704,7710.036774363045,-3231.6133110360756,-6498.21295247746,Passive_But_Steady,Ingeniería,Tablet,Fibra,2024-II,2486.3287935294175,18530.49757201054,4958.369505911705,-10795.999883939909,-7567.720435834368,-5564.181324467568,2164.781821746825,753.5221572715911,16469.773960640185,599211.1882198527,9088.800141940417,30311.048093983918,70647.64650551646,89995.35799405699,30922.282314760654,24032.751978655113,68762.10832072166,74533.02543669217,16014.277289057829,18084.377930171984,83478.60819707975,80206.8967992442,11578.848423924195,14877.95558762612,77783.26991148652,66630.5992240839,45277.758396983394,-3123.4620288091646,62630.72641101743,64249.19346691199
19461.818496823485,-5810.090008521426,-13858.590868910462,-18605.739868287732,25649.41306521585,-7235.395909436448,-26855.72074633795,-13665.063117212558,24546.853038960497,-8710.173879918351,33610.092353088825,-19699.789031578002,2192.220707731764,8549.435597365356,-8456.99496337939,Passive_But_Steady,Salud,Laptop,Cable,2024-I,27421.38274176142,34412.10149002199,-18482.99838858577,-1814.09321214213,29663.16741089146,-186.01794751397938,-3359.149136550779,-12649.210836998715,26241.986464403402,590840.1592367811,11782.114886026808,33312.12117374595,53668.80898471725,74422.46488288176,17050.179368732417,13616.354559701096,45934.5777065516,65197.27300565613,14089.418935407653,10138.819017043752,80901.41432693967,87424.052783995,19312.060969345734,39667.32245653032,65082.6463763775,68896.4925682023,13057.921958048497,24528.111074250082,62406.85285784446,85814.96658734595
32678.845410430637,13961.628910109714,-4101.5993314494335,-15653.53698925402,2587.441949191974,-8077.757590894952,4774.983770018576,-1645.7428730276465,-2307.638702000274,-11338.001310964455,38719.56417329678,10707.945112850175,14719.340374294032,-15317.45788235353,13383.666070709853,Passive_But_Steady,Ingeniería,Tablet,Fibra,2024-I,8562.09871797631,19904.261504327307,15084.769593243982,4328.3973106012945,6914.720691540415,3511.2166213442124,-5688.25511567781,-8382.920144104943,-13198.760725474669,587402.5313439016,16079.553148834319,10745.583050905421,64714.67301646382,64595.14412829174,14407.615971708294,16331.801272397257,78238.18789164574,67777.10038837227,-13892.567757893703,18911.437293399853,86184.71205334598,70834.68553598116,296.4338570523887,10710.099456452892,62512.121998370785,48309.572025156944,6587.999718303032,23551.08064413074,91799.35942366353,74883.60601253336
24070.865841728024,14274.47963800879,3138.5054386418997,19003.626821118174,1836.6794691822033,-15777.653178329507,4338.906714531702,-1772.848825339006,21421.98790965719,-14243.553184229211,44280.12721337366,19208.207438941696,4449.819394932621,7442.080025899278,-13526.4741955522,Passive_But_Steady,Empresariales,Smartphone,Móvil,2024-II,4328.186399958195,16242.822882489852,-604.8321067569454,-16176.553194724485,11339.733300003532,5142.53224463775,-4616.458807336957,-6381.99361011974,-465.81419657957895,597143.2278120982,4512.920199051085,11288.193567882932,93286.36681438702,60385.821590432606,27964.496901111706,17039.31445925776,74745.2601607799,67056.1233826532,28461.114260927337,20194.95683750981,38539.74087356327,75733.93372714968,7354.195646922666,7736.750579148087,87345.62303349756,80945.4237553265,-7428.460700291176,21490.472680811443,69322.07681287611,58478.17790452176
25256.559804443787,5323.6191891002645,4815.2399682521245,5433.01404051924,-6170.699040713852,15161.454142964703,14586.89756686674,5047.705592836231,-1542.6887177646677,8057.267921425292,23860.913344085515,-1619.3196516830408,-5106.022023052688,6115.35136623051,2560.213566101542,Passive_But_Steady,Empresariales,Laptop,Cable,2024-II,12018.109322828292,2279.3047249950414,-1162.446954047071,21541.887035990592,15877.834000182673,-8915.104735784565,-275.6300351900894,12199.658824656604,25788.188498857417,583407.3936108286,12535.735708197328,2974.5945017604154,75669.64112416902,80725.10212404672,17815.04954356676,18552.73623119209,77630.2918507282,60564.85347569247,5489.616712570181,-2993.5202797498605,73439.59898534091,74885.19968791697,11612.368395357606,6854.597754596696,74426.83946668476,56263.05642675178,10781.109418371618,13431.05075951626,81785.3602519039,86704.101265367
22508.539244865187,19844.99834356262,166.46258787188452,521.5917122032502,-3430.60520733858,13175.752635239533,18205.369912890023,-172.44926535794593,5113.797683741194,24321.515893102332,32537.211831965513,11474.921327523125,-5961.827649775167,-25245.094807042206,-1104.0119174309616,Passive_But_Steady,Educación,Laptop,Fibra,2023-II,7343.6717043609515,17019.65253479213,1719.895726359871,6887.830423675769,-21098.81079153191,10334.10098459566,-4505.830894373745,-13394.25578195524,-7484.276208390422,604810.6157967898,-4667.992069639629,6333.379186159297,59343.49233118851,62255.298396669,16832.831988027137,15800.952922959563,84273.07920945367,84215.8947936808,27080.308920269123,10279.83169069231,62860.16940852646,73380.77316564828,15652.640586425243,17258.627678191995,73764.90842795205,68740.87609608127,17488.464655343814,19290.51168268385,49321.57858094799,88402.19935808788
31914.1778465854,9535.539355542373,5455.2599290010385,4.364429626652395,-8960.181463019348,1867.4044426732967,20523.252061059622,9323.062996838427,-13636.377078832318,7552.012978882982,30721.35601105867,14653.52450057858,-20302.551842556662,28109.1774861843,-4154.824876491436,Passive_But_Steady,Empresariales,Laptop,Cable,2024-II,28606.89046732996,4858.997733762408,-11383.318738750751,-12182.200390788843,9581.971628864987,2091.5560835637566,-10722.328753818143,2585.229441464716,-2369.7252726118363,590741.821153035,4907.613023747479,8365.737954018194,71806.3889974408,72407.36680093914,12579.282613103507,10335.84918052519,68654.02446868065,67309.3158117473,24648.098901480505,2326.75765305572,68884.32457745256,74890.48972778559,14138.703320837867,6571.800089218797,56174.90195150404,63023.4886302635,7545.619097825006,14190.73297668555,71559.1081106568,78655.22682430902
8464.91786616705,8910.775865407953,-2375.2475073583755,-3506.7079253304323,-1589.6594181106905,-14871.944954801573,15441.109330008649,-18228.516526728912,8367.835151660127,15830.857102412847,34775.801999875875,14818.539420119298,4752.583990085739,18637.63377701382,9794.465401581478,Passive_But_Steady,Ingeniería,Laptop,Fibra,2024-II,23088.11358604907,16699.687213907444,16300.301799603576,6039.602119828866,27830.583965997423,1812.9981265802896,8086.674859116098,393.17873573317047,-11667.22389345638,604954.9424575849,22811.579665490404,10875.33792714219,78969.6496677717,89652.49994963218,10550.704381868109,-2473.875741356831,77377.89824638206,73766.24924863562,8812.611855983021,-525.4076341090131,76808.11698006155,61986.88955834996,11120.862047802417,36217.79110978164,87000.50769974639,87331.87103370507,21229.311406519642,6986.441903427046,60119.140015849596,73945.95468538567
2778.257882930504,12554.264956955622,-5321.634899530587,1306.0254712128317,-6202.720275692595,19870.183730801615,1250.1591988458258,28354.772390473245,6754.568598716085,5678.926710085556,12862.30312651473,-9152.854041901162,14331.301975323726,-3605.9367849197697,66.7269961609486,Passive_But_Steady,Educación,Smartphone,Fibra,2024-II,27569.032749579284,14091.868847369344,5817.836393953564,4388.284231658043,527.0060174808344,4485.313981999692,2058.3985061524213,-5047.560178022191,-23893.45038635987,604339.3979842952,31854.99253116019,8895.40235067654,60641.11716728957,90026.53819617185,19106.466070983308,8033.747880062958,73182.24508485703,82015.75707466606,14026.048654457692,8763.647511226125,65634.92838782295,68908.83151687027,3585.0204196504183,29039.38394328679,90691.9714864959,74672.7031072076,7989.428378223545,8528.811046461055,64227.09607365318,80089.52397229479
13752.19115891663,6961.393639824934,-13571.368103538762,-19212.42661407761,-1094.696060914994,3159.159923643336,-5826.779856362758,-8360.958508439133,2940.5280774184394,14644.799283883574,58369.28988277659,9178.195401358109,-8071.036173375767,-5270.5251404942765,6517.613403302493,Passive_But_Steady,Educación,Laptop,Cable,2024-I,9966.380190063659,12516.26900935393,24923.11415368092,14910.717129866229,-5254.965022682057,401.6575105497075,3435.561167841084,3318.519050229914,-2849.1829881581148,602163.1860778175,12491.476636186255,17445.19760808624,47323.55534663864,50053.70893662451,29081.143919083537,20244.20406666026,67487.58935365448,62435.664025148886,7354.515414634379,14772.121124985035,61687.15797100851,58989.43928445082,6977.903971142968,34793.49515379741,65812.03645777247,75504.5082050125,-7918.2240790608375,10135.162542210403,52068.3206320976,65279.815704558074
13086.239053710511,-10188.82723760264,-2333.779528949883,-6589.56238133835,-7649.2673165142505,-2212.7916442351006,6804.582786907447,21606.064149772836,10679.77767901419,6871.293960398904,48060.972255442764,-1417.5271674076675,12074.459131301308,-7098.9390358114415,9833.39104008909,Passive_But_Steady,Humanidades,Laptop,Cable,2024-I,38185.31648295079,33376.896908311275,15701.003548880664,8540.633105290337,-6266.038225950586,-15756.201603901898,-11884.863793594008,4043.3328101514453,1270.4287856846654,591092.4701766864,-751.9602636832315,34257.84763956666,85528.56330056596,78081.35059040929,29575.96587041769,16249.020569458637,68081.25360975476,72304.6378401567,8251.081712223497,6825.5872617577315,81925.61182491573,70630.25557056864,25128.652641503042,23610.25036261142,60245.15288931455,81916.946789644,16927.22171296024,30827.60961649132,66216.86073712347,92692.4279759052
21058.713467858906,11417.210127330454,1880.2665502666912,8425.633371151325,-13342.252973416053,-16465.496421873493,-203.36604653636186,8067.021556203944,11777.059118010651,-14714.93983780382,46256.71702250668,4198.09245981164,-13102.824968843834,1556.843365265266,11610.293328902655,Passive_But_Steady,Empresariales,Smartphone,Cable,2024-I,35110.927250701556,-2100.664370185823,-9551.909779473852,18234.06030055157,8848.567472878422,-1819.2748759091783,-3248.3668753472225,-2015.2623517683414,-7150.421238870754,599648.0087372651,22311.075271378613,5202.457430825347,75107.36539430899,80646.892081625,12482.491562430781,11133.423531346163,66117.86639525722,44956.4691619284,24422.000841771158,177.55068428103732,66598.33543701642,81313.05603447359,5620.159071544164,11295.40919080783,66161.23666378179,92250.11235093127,17096.12911568208,17322.94733309334,66567.33046360903,71161.90789007387
-3913.275318650478,5539.190773342853,9165.643751496003,-1785.9573241502212,-17339.366262196258,-7027.737069044075,5809.149102536083,9393.699465868729,7406.037516473498,-5359.2258351890205,33978.022689617064,-1372.846125125207,3288.1776902536762,21265.910201941264,15756.869517044348,Passive_But_Steady,Educación,Laptop,Fibra,2025-I,27487.42249199593,4843.721669612229,-5138.220783629202,-26766.46737182618,-3651.3365217483,14052.564754139026,22984.258402342173,-1708.7952936513157,7662.578670872859,602655.8853634275,4667.2243704843095,13986.646652108313,63324.11183933031,67636.2476382648,4023.439867223935,11373.391259932665,71520.9648839329,59625.06279751364,11861.925279552479,4501.643819847119,50233.85595986358,67664.2699027001,19192.139650581143,6642.716353584777,59960.49122128419,71221.98053800456,24199.63068669539,13141.467455205946,66896.30725103081,73513.24518075939
2961.3687149216457,22959.306350616145,11006.814009546613,-2756.4300761501217,3758.9121306919405,880.7902795892684,5624.801023526728,16367.688685677225,12995.80121565867,14174.001697656011,20221.847646627182,12843.91615364183,-2356.300955311877,-6621.508893726101,-15585.2533280979,Passive_But_Steady,Educación,Laptop,Cable,2024-I,39915.29616730075,18352.378285484203,4086.2275041939706,14340.046726412362,-6870.803537406352,-5415.8063383327735,9375.60906835021,9737.416584521327,15568.355830165126,589889.6235306546,-6717.503969506248,21879.104081901954,45039.0133526786,68762.06635637318,11864.62502454146,14678.327000934143,63885.82461885312,54277.28349780954,37122.06105485837,18795.721865556043,78373.82349679079,68671.27349823673,12442.607595618227,12181.60036902681,74009.28251062366,57978.277351082135,-2991.543197236788,9463.490122982392,74688.68395971469,73751.89108366775
32515.621034724863,6270.394640741244,3762.2065814300568,-8613.311686842482,-1457.2364822248182,-11892.761150129509,9317.082830051484,17608.28660502204,28612.583808689986,-965.996396808896,45672.91320683007,-271.06797442044626,661.7319783129028,4347.649948451823,-446.7510967690216,Passive_But_Steady,Ingeniería,Smartphone,Fibra,2025-I,17919.948481936448,9623.404712805179,-6130.542472236111,1824.0167754766067,3575.4901038884086,-1631.449553988216,2028.603727999131,-4363.847743080301,424.3449811579006,594382.3935322288,9878.186197544312,15921.288494474682,61441.91295602449,81801.77563557909,1537.5323084687789,5963.232015786698,84483.2364032518,79010.83039221904,3063.531459360378,2507.1143234646424,96215.73580791807,58367.63350006148,22631.413858639877,9483.403811082697,78088.56699822604,50881.87360115779,16937.991491815683,18753.276595025935,82479.46237620796,82462.04860023274
9500.278133111427,12923.275337825653,-13658.674791789166,15324.151873613175,-6388.331944512463,-9724.250783125513,7429.489616040857,8572.7658243904,20845.1399846796,20452.780974265756,33698.3097056977,13513.60471402057,31304.71159607449,3225.0630605798915,11261.763417917158,Passive_But_Steady,Ingeniería,Laptop,Cable,2024-I,13624.880608355565,32783.65685330876,-3299.77514996005,-15884.797228397245,2148.8292616808562,5433.885816823933,11192.419776940576,-6301.901702187834,-12035.623760915316,588332.3105987532,23055.692338163484,37217.89837820307,66853.94947504652,84657.59324420769,23145.879833882704,14174.15382160575,76261.0120889802,67984.28064655022,15222.317838499588,5556.614550337956,83808.76740485246,97769.10650327848,-12191.990860459311,14718.627699870498,80761.7833326265,54119.953396643905,7898.19979931934,15605.730523524087,79427.24930579908,61974.164025840444
17411.115549255723,10006.644055889115,9988.39416602385,10672.367440006423,8806.369080387323,-4364.093590824981,21463.056751686552,-8766.804324081817,16371.154568071799,4307.422546252492,49182.8611275498,2365.0523609489173,-13022.517194418298,-7762.970255273758,-5582.419978074859,Passive_But_Steady,Ingeniería,Tablet,Cable,2024-I,21155.948210281033,21552.340636060966,-29.775534035383316,16900.058929575785,10074.791501605541,5167.005484985052,6057.612768056726,10032.397555680827,8906.516165113702,608195.2640932931,17604.555554667448,21769.119122596807,74414.55102443,73702.59784699327,19010.56472548233,22523.14441597046,68892.16109802543,77404.8984613428,15399.320506834374,9940.88680639118,88490.07161873556,90028.04290747749,-1604.67875475232,26809.10738981905,84810.93729329464,61764.10669837652,17859.87045796405,11307.300616253731,81002.34017844491,47239.327784559035
12433.85197710434,16785.769607030605,12001.832828071185,-18622.05240016223,-5273.101085898723,-1894.6064559035856,-3297.337230985148,16270.386041961841,19106.436790477266,-12930.566260368323,20544.482942304538,6286.411087781169,-14081.219708538338,3491.865531937268,-15321.490506397835,Passive_But_Steady,Salud,Laptop,Cable,2024-I,34348.12021317672,16866.633268988844,-12684.797855828132,-4569.8868559082175,-5548.922129323617,6209.330176075207,13379.084034052203,-11673.932981347078,13701.280739933301,600132.3746569961,3788.6568320119186,3405.28499405191,85130.31687112279,56299.767205544835,10527.05901003902,5533.507218274193,67944.53445730884,60255.28606837768,23753.123839191998,21473.550013859687,70447.35424163313,78508.82210879156,18389.53556642031,13567.178160191886,85578.5536155189,85112.81168719406,35422.270367514226,13205.78669211546,44562.60331253635,66982.82242408887
5653.435765621246,3752.0466939346907,2201.5939219685306,8068.10608085424,11707.727192039765,-15290.082112266688,-4031.947383689442,4472.883942376478,2929.829528179487,12321.675942101632,37174.55458267712,-2377.9865029210373,-13236.980369274663,-17764.653852888063,4617.465846233948,Passive_But_Steady,Empresariales,Laptop,Móvil,2023-II,8105.426998738903,18069.951473144527,-13538.681691797756,-15888.980154396144,-1036.4602532280267,-5380.9845960388475,3185.051919808213,9598.932985015159,16324.497616384222,616179.5902216156,10289.28637766599,-3646.6608161949116,65697.23385668657,64045.31932463512,4541.358930022836,15813.679251793223,47832.792815000124,60846.16292797471,19884.381196960032,9945.017026004596,66558.01018683267,83073.11537166774,27717.458120978758,19938.120279201838,65179.5467997963,72937.1166397067,7385.347032949108,15386.261406880929,74063.25798347607,79969.62135773801
17668.15689167502,-6802.725708410652,-7412.395882342672,-265.441948794718,-17399.445214579897,3534.0416728446544,3349.9990254288723,11224.45976837447,1657.2028682528262,12681.873007563689,12772.460178455758,1627.7717848879179,12348.158333979642,-6843.559445732613,14188.470784482484,Passive_But_Steady,Humanidades,Laptop,DSL,2025-I,20516.20392328675,13018.106796039254,14752.140473897469,8133.069772649484,4127.912882021034,1101.419774464846,4033.8188793238246,3636.7096596433616,-8122.493866880314,624258.6293546606,-2486.5673763050854,-4940.937844882508,64884.38243616687,76114.89181637931,24002.25585486366,32131.307774629255,71005.57202381398,77850.22573807205,22985.5645568531,1097.3583132885105,73575.83176478761,67253.48174480509,19889.891465813995,18356.342251276918,74058.68865655904,68185.28471700008,21094.65820968419,14385.27267967598,43936.72903837514,72905.55798623791
15676.627043605793,12143.447439175,-14473.950983405664,-4559.14003818671,-11022.204165747335,2350.5770763841533,8226.421879212801,13724.63695511517,6447.7800287413265,-11907.49031392677,18658.21177915191,7665.8185788592045,2705.821341679225,254.3106894817638,2816.0388431624033,Passive_But_Steady,Salud,Laptop,Móvil,2024-II,25591.496500595098,27117.429659356512,-6559.514951722789,-2223.2441887316236,2936.3818635591338,11467.596564678757,6307.0148806986845,11179.211198981697,-4115.192920531118,599719.6459920873,11257.190568511225,23025.764492927672,56043.89257181079,64974.82651102659,20724.098872661714,14629.810023890574,77306.70888344262,72395.06199571163,20733.14774608074,13855.557731783814,69861.57651534153,70723.09778161104,20875.576287231226,19227.080329160803,66583.64745445673,56184.44974087628,18107.71240980645,9549.62438864776,105196.26878861786,65325.24138703901
8444.436733876892,2019.3268398260443,11872.691985325851,-498.12705441193873,2106.011512879391,2898.658828475039,-10520.04294701841,18790.190373223304,4689.910687286429,-6614.610105541944,35071.23369413169,4754.714831693476,27090.0075231655,18061.636889572237,4809.677128844385,Passive_But_Steady,Educación,Smartphone,Móvil,2024-II,14466.399202828521,25010.79776524724,7564.379041246883,-1905.8113856419027,-5500.389088983013,3589.810525939503,18614.754183601497,-12116.077686633043,8905.745420077557,619511.6327295705,25811.47993836327,20655.776446918535,61894.088192887924,90678.27019484054,18732.798002869888,12669.714614532286,89349.1550031546,86933.67140245647,27188.71516089307,14132.119406190412,97102.66566158144,93219.81161785987,38008.052990723445,12025.70204723169,86502.73029296553,76914.21843317247,19551.73292352957,27143.63273655565,65135.483188432336,78111.17958915062
7528.3078456793355,11155.490126238406,23522.1996623346,-5447.020970243904,-2413.1922672198953,5137.702150059836,-2877.5914634276483,6411.038005169139,14567.393368080613,6926.738503149675,22861.33742304438,-5441.682812977051,12589.118077773923,10891.21923414016,-3750.7753862728387,Passive_But_Steady,Empresariales,Smartphone,DSL,2024-II,32240.410841898836,14266.134690507159,-14382.96532537882,-11219.91467359024,9023.990620074932,-17033.865324226645,2532.3540311053025,146.10286396902302,-2262.8730706775577,602656.2297788052,10123.980002220518,-1560.7711946907111,70028.78602532198,58435.54636090888,8171.624427470649,25973.4852943438,73773.6487942435,61101.91968092319,14812.697179522287,35569.52920365094,78430.23443160728,75252.65148366788,32052.779349651755,32419.0394943462,57628.170001664694,81155.12426488764,16713.05643938431,19708.28069373496,77313.56783052634,78021.32013682324
25708.66798437617,9284.283853527806,-2296.290795293895,-4484.667017396731,-13133.863084284789,19713.07421577946,7305.856875428389,14595.379918251212,9031.333539225678,5233.362951319978,37727.84791797416,14298.055585256372,-7856.22700145163,-3159.4263698924856,7745.496281878019,Passive_But_Steady,Ingeniería,Smartphone,Móvil,2024-II,28591.380090299026,6951.990009043246,10968.76017342562,-9373.368749041538,-14069.374988139485,3962.307673057838,10319.788034606228,7981.665748557486,-4945.176509204726,615897.9160639107,17333.13508369328,14793.267954836841,70604.93830301618,71488.86594711422,21162.818130169173,38132.93191162341,72836.03714538214,62945.03862484008,895.4404676378908,5633.28593423095,45260.3603128941,59037.03605765934,6867.326446763403,2481.3289336114685,72224.48614106687,46584.52511830142,-8453.374135521779,21104.729229128814,80319.91359453567,79164.89333277395
1257.1574291167653,4368.214676772783,-1226.3964431736415,-16586.405090447188,22364.33315442301,-16066.629174960768,16573.331714469616,19081.226047738597,6934.206627414274,-1967.5403895929685,56493.65139131626,-13904.477696574566,-4501.876735923391,-4428.748425794564,17196.126148863077,Passive_But_Steady,Ingeniería,Laptop,DSL,2025-I,27246.09456756717,9939.041593419663,13562.801359297893,-19728.40688934842,-675.8407486582478,-6821.564735619554,-5175.443912488844,-9609.390029745742,-4645.811841527367,604788.1231175936,18439.37924996278,20196.688799495103,79125.37865370489,58451.213603997574,31746.960601045965,12032.516107605414,81253.10152341246,60058.52437747146,7068.231469212561,23014.136644061706,74991.05695468538,73318.28570118896,13592.289141916859,41676.69442950811,86558.62991557838,80986.576623814,5763.92899915875,5445.187557940917,66743.11938837192,62826.30832714484
9053.186595349709,10635.248142474426,13250.33904658135,12648.562405327319,10692.989987156376,17240.228312236424,16452.612087021065,-6467.230649990779,-2720.3081643494393,20187.64356118818,58950.79138971695,14679.713093988164,-12952.54288783309,2557.0017806007677,-1631.772244772042,Passive_But_Steady,Empresariales,Smartphone,Cable,2024-I,12102.882775411073,19503.50165905863,3900.00122774953,8547.458068678261,-3310.3426758444425,-11410.739461885254,7800.799945234545,6405.172074670171,4008.773699684637,617220.0435179516,4216.864226918646,1198.4153326320484,72706.12956870177,73777.387494327,16676.269418489363,9108.554232151451,57830.89170723277,58021.70449594982,28322.150804749937,12658.194571745105,82927.90652340387,80404.93865624417,25061.904680654286,13671.307736472887,44218.489582316375,51506.287822619044,13893.194713678155,1857.1716650366598,62770.18830351517,97514.89592352246
17898.328985267144,8736.97459833003,-5213.195882720534,16414.239014995972,-3311.1306587076747,5821.179658596911,-12728.11432331707,-13260.19572108694,13470.228176009554,5943.653450767677,43672.38480168846,9502.821824117365,9399.643389671473,-20190.126761119587,-11545.221530470048,Passive_But_Steady,Empresariales,Tablet,Fibra,2024-II,11446.355747225536,2178.848351863373,-4481.430153992233,18094.52288245942,6268.704203982843,-21937.24441970613,5976.697271534188,8184.833965954529,10549.250921492036,616219.480080165,2785.219646397056,14170.540350984851,60499.272418375556,66094.8232426712,-13351.472594707684,25266.296110608673,52739.29793256228,44680.541886818086,19123.13233616117,12527.320319604762,85620.99634198169,54306.59814113415,1013.1246745053068,24601.242332261972,45890.0444849833,71411.20784669029,-367.9440059423505,11171.90995132524,68423.10011990678,65485.24119632981
12378.257259333575,11980.214008641806,1952.702623811244,1503.5882636755455,729.6214662033539,2378.586583495488,240.50160348711825,-13012.960364268993,2627.0337319043124,2428.3110433484176,38572.140142842065,10938.589548729138,-10323.68943737176,21343.36321724559,-6015.2578092041695,Passive_But_Steady,Humanidades,Laptop,Fibra,2024-II,23437.950940302268,27430.862571145633,-9730.655909368656,8661.876824670215,-19258.89428597458,-3971.2965834688343,-5233.849828501207,3642.2912640987784,12501.339195966795,616514.5498154411,5456.25485041616,6736.359234440687,60942.14055398139,46404.67835657652,29502.673022346982,-1779.8526205699654,77720.26588942477,57382.97526903861,25186.906075523722,5922.896746851982,50888.01457769423,79863.79551873711,17103.279698350176,1697.1135498591702,69197.40164202872,93021.31146882972,6046.390222407092,3727.284509788373,67932.14489816046,66171.82107527132
3705.485386329834,15382.72033077494,-1936.6640884790786,3796.6434540253117,-6077.072561004156,1757.852410764677,-10255.618071847857,-4322.415308895514,2493.18281444505,-5189.598189302017,27565.89483331989,8418.241408341855,12525.619195162464,14923.693119074123,-5725.880847158056,Passive_But_Steady,Salud,Tablet,DSL,2025-I,21547.59369790231,22815.397310656524,10286.555541702766,3825.8387656966133,8004.965805368988,6078.558245063232,-6269.741002933383,255.44402945825584,7202.26403213477,606082.7767878498,17053.839805262724,9145.491351910186,75828.67080276096,59002.78870466927,15042.733609958654,15342.048135809157,60773.84958751052,78474.79884733407,19586.593363099117,5343.82186829108,69590.85395359446,44879.43670392556,14394.275914757794,23577.28879587505,75529.63838028893,62097.33630677609,-5367.269775143974,24999.46513995711,78798.83249768597,101475.59311254643
8924.188905333642,-6761.4707707524085,5394.34586158107,9324.032097570152,14668.524699235628,1115.6098578616957,2999.8628946184776,-2131.7957159071825,1625.086272374722,-118.08448582741039,19650.958174925847,9175.576486884198,-18896.978692255045,1846.206614161004,-2429.450427046105,Passive_But_Steady,Humanidades,Laptop,Cable,2024-II,11520.831487442605,27105.438264698394,-5066.230691243264,15752.767144136831,11619.866200197866,2403.403124494818,-1230.4041970029082,9127.551892542566,-4276.739503466948,626908.9229704359,23013.958981357173,21664.58548563135,79707.94411816297,65260.87043266921,10769.341272073396,30999.634495128485,70757.86052459585,84778.57819213958,13020.755649386538,17419.385008901612,59644.834990231204,69854.67777897057,2384.4796213788395,24462.754224913944,81634.67722826499,88129.73245435905,3188.2218975134747,3369.4829499494554,92178.51619543986,80015.56139964418
23614.122148672126,16206.104713957928,-1285.7575233832094,4261.9583978718565,3695.773676754489,-15131.35206427736,11639.473798157336,4748.619040474589,-5733.53271825736,8668.18164727951,53744.73206917001,16809.762348520875,6867.296343380772,545.8275976974514,-29054.113101226947,Passive_But_Steady,Salud,Laptop,DSL,2025-I,21502.06521998191,10921.852678829571,-8985.995124631918,3704.5797665726495,5434.62266509437,-988.2524114197621,-6442.003793373815,5426.33064978611,-5329.790743569614,641617.2009008182,8990.062744184661,18582.50100993458,84114.0775755478,75338.66201590886,17249.967329091174,658.1902503045549,78229.64356295581,79581.67661659484,24596.787690877634,-5620.821007145321,65390.37443574483,49345.29256070453,13311.439080411557,18388.924770907888,92416.82151590414,45666.74024347418,26758.202649206607,11596.148090754461,67091.39857201006,75281.8964683841
30041.043747316726,12034.770870432421,-6878.0948805793005,-835.1148391218313,-8406.132697846759,16332.939387703473,1760.7589519322673,-946.1617596644173,13912.187208189885,11219.939193291424,55660.01023772932,-8499.62059388329,3513.3222643898307,-4986.4658613960855,5512.941358728635,Passive_But_Steady,Empresariales,Smartphone,Fibra,2024-II,21782.273630489697,37769.40788243994,9474.15873473118,-3104.4722485516645,4738.165680883787,-10177.037574294816,732.9997163176836,-2359.6466261837263,1488.0260469171233,616869.8390156929,3483.1437051150588,30935.113037669747,59783.63582014793,63804.11415396657,13026.164522106092,-9818.526584198877,70807.0448234521,78522.37755272508,34502.0399338851,3460.159717901157,78973.38291462715,54858.36229713059,12713.19945873505,11549.186001490187,65001.19020359334,77727.59046655832,13844.740460034702,29017.883730944617,65272.14923476579,87995.48572287353
8141.837167494978,17234.991887963843,1532.0436713279535,13731.45986955063,-6850.202643124372,-24059.334650701298,-6761.581070687387,4494.276955926869,-2553.968214023104,-1671.9096128723195,6439.271325755903,20789.13457800364,21787.547302965428,-2145.713765561538,12547.268672263677,Passive_But_Steady,Empresariales,Desktop,Fibra,2024-I,43193.25014313102,19970.92922247891,9042.443231625111,2895.491254919069,10622.011941122277,4140.37004278531,5338.898000946377,1287.122771289813,68.27365093080238,599502.2570443755,27022.904794228638,7738.435168382172,68281.8563728963,62220.779646062685,17025.005758599946,11916.246466572158,70054.51999650917,65921.88032742694,2959.42694092507,7232.752392126288,62769.52935691338,66314.35682385415,295.0202110351547,-1782.5562354648864,56967.94518595595,49625.85121763836,19646.818447144025,13499.341163260498,64813.84530577654,67540.50165405087
-403.7823847891932,7879.619170297759,4792.518102110353,-10680.344656465784,573.5851242958183,-10375.224547600808,16677.338652812152,-8111.246884763101,5179.4388811693625,-3976.067809875174,44281.036666107335,13222.985408337829,12632.306933148433,18135.46103384557,5819.588186308092,Passive_But_Steady,Ingeniería,Laptop,Cable,2024-I,23532.239061698343,15501.316866847577,12685.8321176055,9292.121499449273,1241.1816540598236,4455.869113863426,6270.937835564303,2484.3221482781764,-10580.437443451465,624921.071878519,11275.003596697901,-2642.7942322967956,60232.49589576865,69222.00397300272,1754.2029189174482,12710.074808032456,55239.452863269136,59246.62580799335,9883.001541669932,7965.490998194156,63975.64886360435,62800.51621320763,17084.33577492314,14129.558499862746,70978.01604663838,59566.825577245945,5564.625030356581,-41.09358150846674,80153.26762558937,52778.40477560657
-5931.079907885005,2790.939017241947,-2536.3344699642003,16956.190450288097,6239.894499271092,-11356.823642103478,11809.784854062644,16341.102387296334,6181.29727228182,8836.041499596471,61608.48954922115,2014.5189206521898,-461.9004900884115,-4164.28106811663,-1171.2102362205342,Passive_But_Steady,Ingeniería,Laptop,Móvil,2024-II,23471.92811703903,29893.972667685026,14825.703226657466,-3130.930091424063,-2577.8931935945575,16572.114301379195,-7567.037434232556,1073.7792547842075,20290.95453167556,610672.6198181264,-6495.973693945183,23578.104097231575,75001.38828015536,62574.464260858535,22143.408192490173,23285.778514497866,78911.72943788416,76347.13174986528,30026.81741786549,7585.649564942081,52126.67828892374,62544.27443370029,609.9127131319929,7686.798972032571,64166.86641588822,22203.398695061565,18751.176141020373,15251.877009659542,70353.05754511156,84293.49407111459
6432.418773585447,-8865.511829683277,7426.1814350966015,-11773.355691488317,-660.9985587237899,-8301.51975146735,6352.441143985876,19320.116321499805,1174.8445736074336,5508.862323427345,49006.63309272625,20470.239909431977,2881.5096477357633,-3241.9146338172523,10702.025590558402,Passive_But_Steady,Ingeniería,Smartphone,Fibra,2024-II,14267.1690710173,44672.651272082396,-18413.99805522285,-11061.740553193811,-5621.572493722011,-6160.145423524999,-4771.752115448621,-1419.2599781741721,2017.9315295979927,635272.6281689157,-1460.3022238639314,7147.33695329255,78503.91345908333,81558.22990871959,6155.01006385298,2213.6418942692726,73056.43534477825,51433.05458819709,18885.274384650955,19422.539397073895,80855.74946168407,63332.86777147687,6143.341989001734,33847.57487712765,61997.52578581475,74495.1615226145,4712.095494439967,19142.138569941602,67547.74250356773,78148.78323646012
24926.572519884,11778.916529409467,469.13298069825254,4110.236315665381,-4221.627663505929,-9977.509544525892,11396.719830942322,9589.16501352546,24774.330712897543,-794.5478224847557,27941.810776941493,6264.667587772787,3167.6096046142775,4619.447489148592,-2836.561541057493,Passive_But_Steady,Salud,Desktop,DSL,2023-II,39410.07013212377,27678.691694225563,12779.25625870669,2543.9092133278928,5536.049590881352,7880.924268217768,245.88295641002748,-645.8634662371571,5775.174726316995,617744.1310556438,9820.57589959183,35030.54371606121,75383.07904497525,70657.88978310426,24911.757637725,6526.732920395452,74042.66726186906,84142.3204154203,28001.28482250122,12948.781716541129,75041.19117881214,101858.21443899794,-6903.075548422497,21363.707861486924,65152.67710563469,73527.25683844106,21730.466882363187,36837.98063520838,74372.45851248337,50028.16488092934
10009.102723789432,-8616.451781402033,-2725.2998129183834,6134.206596137201,12943.668831187253,636.5065032788931,3239.022992128882,22423.12611421397,13153.77126866949,9743.966390831341,22712.027993916105,17948.502560474,-3599.4343639014132,4286.71479727379,-7187.779943594188,Passive_But_Steady,Educación,Laptop,DSL,2024-I,12168.15234264931,12636.78057533082,14681.72777693718,2806.8892626425977,-2710.7610245456044,-3983.178157021278,3619.3018802956562,-1398.0293228108621,-3517.2152703573474,611815.896262438,22378.53595518681,15679.393679442914,81040.1507995786,92203.62856574771,18784.30063421859,20256.697840027336,81789.32051487794,60330.47271905066,38359.64218536002,24774.71824127448,78699.07483333274,60420.87387433264,24427.76986301745,-8183.742560261311,75855.9817940247,85023.98906170961,14146.03402772975,4929.792541746778,70232.25422090726,65940.4446270945
10060.519299185098,16286.467839335068,21345.511303807933,6848.7065405411495,-4237.167350232604,-5141.002266819651,-11260.780577687668,-148.96055563213486,-5266.113030811261,20063.25401449647,36813.8441643307,-137.99086431419983,-6915.812110279756,-3327.2487172680185,7081.242957936891,Passive_But_Steady,Ingeniería,Laptop,Fibra,2024-I,10949.213416563176,29782.958411369225,6870.200842201139,-4813.682898681046,9189.288296567,-17677.013608182675,-2449.3877622908435,-7131.458415529342,1279.597094237312,625301.3962215923,2213.49524764082,16544.06621623769,78692.40707548558,68402.65784117446,12025.82495434501,26342.646908281153,49846.47425316741,66746.8535189452,19017.41110543115,-3022.8373569977157,74835.46010234668,69239.26418141503,14838.798279070486,23080.2964814168,84695.45567630086,85897.66040206581,48477.446554335715,12937.729621360468,65066.233000463406,83125.41241897931
7523.634893381459,15353.73144196202,-1678.4045481138035,4280.627892499793,-2497.423257267102,13.665791832917307,6475.764961309425,10251.963652960136,15121.075393722847,-3121.748833519554,33561.89180912915,-1043.2335024254044,13588.650970176215,-535.0204157606422,-7808.5174294127,Passive_But_Steady,Empresariales,Laptop,Fibra,2025-I,4695.969163188893,13250.367576525721,9713.345042330566,-1830.8724527347435,-3952.5087992736803,-10940.888364092925,-4808.399726452219,5485.682110776372,-8201.429644683698,628563.1737508107,35817.38115766583,15688.875312069185,74636.90032736312,66285.84042935594,19535.767782161667,12800.027111041842,92862.70951553516,79271.58048666906,29255.64852988081,9944.46811360676,84672.06372157866,64480.733404687264,25223.519200431605,17145.714538432483,113105.06343754224,79706.85335579547,29788.445410201646,3624.84922061209,81655.85302847039,91637.49711231448
7223.267684740509,5885.980340267394,-876.8344618970559,-14678.707568598555,4437.339327750051,-973.8747206757192,2597.36896927786,12611.115717873465,5599.405456624836,-5511.245971685531,14197.643967910219,-4898.916212336662,-5154.642922328162,-6044.085560249999,2136.5096193519485,Passive_But_Steady,Salud,Smartphone,Fibra,2023-II,26556.33536331663,36767.81235246615,2309.964809199676,-1655.6243593068036,-2238.4322145257047,13251.224697538491,12192.725769055134,-25868.76999806098,6995.241646490937,638971.2618301795,13480.02683083548,7880.726251180402,53551.1402374583,51603.508425662716,28058.786600464216,30219.67975062542,79867.57178570807,71308.4879557223,8240.129604045478,7885.592453680254,80828.06338156338,81291.216350951,34193.21508920298,9925.654666540353,73331.76127021303,69616.77912513775,28952.80519725799,12286.015194850534,56144.118298300826,57455.314607713284
16062.758441656031,-875.0614072202561,10831.452880222818,7321.4467490390925,-11472.506061557926,5268.1567169728005,4296.834723765879,11108.434799493709,8091.569467910649,10971.962045800417,24799.574443443824,2291.125319727495,-8577.512170145672,12063.218955672248,2295.6629127425917,Passive_But_Steady,Educación,Laptop,Fibra,2024-II,22405.957606910306,20129.841271587204,7923.551750480395,-2556.1224804433655,-9714.824901857577,-11666.307021984689,-5627.598238133597,2603.51585558367,-10976.716219975942,628227.2352129895,10616.734818173174,19495.85781136797,57854.869366656814,42130.79531332414,5770.526508749698,12250.202292052138,58317.75599087881,69936.49173765854,7329.39556800212,30313.405018758214,74515.04609752145,69429.50784206198,17962.071295595764,24352.883718451667,54921.71119189243,69305.85322782098,4813.574073436732,2725.347663602797,36975.150230597166,69721.79383088565
5094.84730240866,-5203.986912075419,-5467.365742208912,-4610.57926860908,-9821.473825041363,-18470.400531333955,-10621.530489975654,4513.746487475995,19974.790038058458,-2286.7477510702083,40845.349723421525,4299.163487374409,-8393.97649321965,20618.212087467742,-9398.708703453223,Passive_But_Steady,Educación,Laptop,Fibra,2024-I,14565.468436594598,25387.49717191593,-6805.206913366881,12764.334311542058,-1682.296237335274,15208.703592042788,4183.454696223038,3543.9618561904626,-14785.2080535718,638797.988228917,22634.057972455943,21377.368519337,74255.30734459459,73475.41808185697,9085.534139413427,11267.025848182362,79563.54188450373,82658.2635955832,2648.756465907616,-5254.215086040098,64898.60613893811,64741.88056822966,32640.82868002602,22444.320747325273,57610.54936386431,73865.58904621658,4204.386052655314,20339.033892048727,76185.67689504805,77209.02741953284
15333.506897395282,13835.777576984241,-19807.6122557244,-5838.96720020542,-15231.633547498623,126.33842101253595,-687.6320980806422,-9336.719962255396,-8983.606537220596,7676.450479195326,35098.25743300207,-14533.479983253332,7315.480149886307,-10045.74706992225,9868.870625321073,Passive_But_Steady,Educación,Laptop,Fibra,2024-I,9370.812371444661,10854.82801068867,14181.736451182946,-4529.123310523446,4329.321769122361,1519.6351784948383,11817.149525934396,12895.098809962987,4819.734630136934,640339.32208124,17923.54423476163,5576.03597589496,101985.59842332755,88190.83508244398,11290.962493186944,6431.2837966002235,66304.80021374424,58921.81082577064,25912.126665137002,17700.075108663277,74080.49340803683,73464.94303354839,29183.412696679938,10640.716126534537,70188.5013542897,70188.31622474386,20849.044052813213,13139.870206514282,67604.25521178251,56830.01266548326
6221.605326515439,-39.35707944926435,-9332.016570172735,-11704.467001843359,-15753.604351450645,-2729.3781075227107,10124.689769766162,4859.664668498201,8449.19472834418,15239.825378525371,47517.28292379614,-6177.0554924864355,9118.171487499789,3370.157827540642,-9402.54049773583,Passive_But_Steady,Empresariales,Smartphone,Fibra,2025-I,16362.565141435352,19033.2430098558,8326.429183249937,2781.612865325337,-11243.599607914268,-5603.629986909998,-6268.662870841374,-5457.166355038575,-1382.9232776739177,645308.2073227466,2937.180787529298,525.8713115523897,62433.553196438734,53563.843082890715,3761.493674728714,33916.4723215159,76766.87223959304,72917.77659913074,21077.77180815139,27903.504241044328,59720.45425017979,72909.78359844949,2320.5403413407275,14335.764576818548,87971.84396440501,76209.2504452698,14244.333044423392,12299.655215692585,87642.47088567477,78841.36633012007
13.396863039391974,-6034.653074249977,-8212.145429912889,11772.88964639157,722.0175362266813,-8117.877991260837,9021.241739704015,13511.907253572592,-635.4714760194065,-2193.07362669124,13727.700753708286,5348.264021529472,3684.074034574288,18873.82278207215,9735.706981097836,Passive_But_Steady,Salud,Desktop,DSL,2024-I,11190.404912398626,19652.719710142752,-8543.207031497139,-12942.195307113709,-9142.354679207816,7148.4427813981565,-4140.926119356909,7703.9066006350195,-1383.9600474468064,622977.672525348,22419.81030349673,18807.66940627441,57064.440883059906,64844.15162083072,1948.3736319918225,22765.422386131926,56097.4885749866,58918.026912333466,13672.560955755816,21089.19825203773,76052.32739768975,97848.91946184526,24925.33950539103,17123.3809177005,57324.24621842734,70924.38200252948,10894.891024825436,10004.457176766402,60769.968898937004,89701.75840347813
1337.6477218707441,7094.513897851859,752.7788528265953,10338.482629427406,7218.627728241462,-1058.5843294652018,26648.096541155333,16807.67480593893,1941.6541638045928,9964.30681668293,20595.939548309234,12261.93148706532,-9532.942015660921,1785.7995295804496,15861.073542869552,Passive_But_Steady,Educación,Tablet,Cable,2023-II,25528.868725618177,9696.233056594261,8589.412343358004,-1463.4302308934314,-426.0868025745816,15108.594024749962,-13179.483280498553,7435.698826189308,916.0832467355791,645803.0399164072,3965.2780506122235,7481.151083378263,70478.80926206417,73400.63490008627,21718.010178874287,22847.816601539118,72663.15719936504,81948.78473203951,13878.601242127177,28818.77978881811,70326.612682886,73517.00150727022,4980.5018115585935,15986.28112557669,63757.71175320876,63908.272091473584,-485.91616175396484,19864.251605214347,59178.27718366627,69793.07676088651
170.2865452868864,7596.532168453256,10314.641141059936,10338.242910074361,-22988.017774110715,7963.51214100176,6736.845915169524,-6182.417123310906,13877.6172309785,1227.456502030217,29495.138876373185,976.2109636125351,5633.326639150162,-797.5820465525021,-93.43197641801157,Passive_But_Steady,Ingeniería,Laptop,Cable,2023-II,29911.234865157876,21379.611408338416,-4569.171438913532,6978.45135233339,2071.989835085221,9186.181556723599,-12938.60859691945,4810.527375287643,6017.666499628992,640319.3941556573,7918.947318295246,16021.817284979546,76469.4344478593,75984.14157113437,-1614.2458857713773,4584.692041955881,65170.726155874174,62462.1645571406,6567.515474726553,14021.070585336973,55956.13411528071,54157.23333608536,9936.375685419453,13475.74352589755,65549.07165831282,50630.964434935864,16550.483687390144,11433.074109722438,80250.53678431135,81448.83344249049
34723.432841627306,6215.646532839153,-3364.661849922564,-4185.358236695198,-15262.217937912601,-170.07448357747012,-6892.525354540598,-5472.647991190113,21274.338194719046,6804.802317553788,26081.47893006296,3564.0789461341797,4745.812151488264,4032.705112563098,-2967.2992388723874,Passive_But_Steady,Salud,Laptop,Fibra,2024-I,12745.333341692232,18581.99722379526,2841.327751673738,907.143234757853,-3071.276507918435,-8508.759626890405,19907.259817234597,14832.830573228553,-14069.363021975894,646732.7100086716,11730.941463580373,11017.149440933676,72518.75659072178,82714.53489463797,-2680.5955394124685,16684.41603034152,74069.71944962617,69489.27290612007,24789.316292124706,9989.178887229222,52750.58543144867,72897.24452844461,22025.313156454322,1692.6145812673603,82940.73903099663,68781.64876824355,8952.38276431226,10477.77784917736,76784.85654354206,69285.48854357985
8587.491114076645,22970.48201956661,15256.351109233994,10430.969868080623,19781.099661144628,-4468.91264892225,669.9481543950105,7384.597518147748,23860.746459862403,12481.43825290048,24346.68575021821,-6878.249272801455,-1081.4249288281226,-13523.076514999093,-15907.506466070492,Passive_But_Steady,Ingeniería,Smartphone,DSL,2024-II,26054.2382322367,15543.310305571924,18590.540285501964,5744.9368889495945,-552.2950092134732,-28557.49199952968,-4092.7385023584507,12053.882190337989,7054.05219190511,656535.102387522,4456.368137778683,14007.066529923179,74943.47282321617,80784.80996634683,19656.296639378343,3421.4777329920944,55275.83062422309,59801.74840698363,16012.975450357546,-1402.6925111104374,75036.62256824542,59221.39811546356,29140.181022230412,3811.629693940884,72384.11732440692,76461.41250674766,11131.765188111814,290.26555197851667,70186.57435098712,69722.58365486255
12500.260440631784,4779.204473895292,4397.3066094481,10932.518500014008,2350.272674336069,-14550.355181189141,19287.15561623872,-3596.204093414975,-5553.821120246288,18469.220183048776,33387.503531391034,464.6398101026866,6391.310066359527,-17488.9157400788,6219.583271557034,Passive_But_Steady,Empresariales,Smartphone,DSL,2024-I,13141.992872833782,10437.094371282381,6275.524794525864,14172.650277969535,25581.876088206718,1399.4734626438726,1214.628249405102,1833.979751211986,26431.644911448828,640440.0909753827,-3984.7757228536357,11697.562617984526,52561.72864008928,67785.07888982301,32487.15018773199,23856.62850714106,74050.65111141562,31507.547043583425,7053.8932855641215,15831.506767393403,84448.37193240266,80191.39508892006,24709.75482736627,9000.367945830973,89187.39696871252,78028.0597400799,-1199.814419305887,23584.64181722538,90077.44501094182,74663.90411515387
30988.999090065852,4226.169971663963,-7830.705690768894,-5337.217936527058,5705.373307101292,12706.49609209223,-13309.667243275877,-262.21369587584604,-2001.5979038760752,23691.647206248672,44857.09193292869,9899.448426398694,6899.850524151822,26256.31699841251,-7155.015075054211,Passive_But_Steady,Empresariales,Smartphone,Cable,2024-II,19108.160933854397,15391.701358037495,22125.49683778415,3053.113175188694,-4425.018230834098,17137.61286356099,11175.399252030518,-977.6848736996178,-3038.5303644746655,642129.1316103971,5728.269703091372,25817.403686882106,75529.81531945564,66077.58679245542,-7657.948698292268,10520.44386119718,81437.44135874634,76995.74078452874,15584.628882107256,19056.63662985524,82520.57369478016,85426.04583320898,17665.305930907507,11825.387778180237,66710.85411470222,80778.22867786448,19295.773409253583,19621.21156797455,88723.61853011731,73473.04688947613
6017.950669241464,-5306.2425105959155,10834.357865311289,-7402.918042458342,-4958.0987069295825,-17972.576498249735,6546.81164112561,3517.2925292394184,8764.886726874618,10056.534106629226,46379.03091764648,3015.1985824502544,-7988.50365936578,12320.378990424615,-19834.267349309706,Passive_But_Steady,Empresariales,Smartphone,Móvil,2023-II,25798.69055771706,32294.918921996134,-2128.461903616315,3262.284076718704,7720.1968148171945,5382.117100460214,-63.02453911478574,2763.2029105763113,17194.527963946035,637845.1412687202,11434.766855941776,22580.99378287055,71293.14911702322,62440.799011128496,5467.64813963308,16871.570304136556,82348.96545147803,68619.8719942974,27686.58816766265,13366.441620324811,67860.72579815342,79990.60973982462,28582.15236758892,38406.15507863842,72754.46488750486,88058.07706087292,29284.394856823557,6330.0930708580145,64956.5783724105,93840.93986846428
19751.024935178524,-2827.05892899887,-1516.5428705493139,-14897.29231703644,15287.007938485438,5350.986736623483,17774.00340202035,-3639.2271863523983,3571.8046812072703,27935.065841277374,39481.46261046438,-5267.4874925206495,-13798.523091206063,-7316.221677146226,-3162.0409428011435,Passive_But_Steady,Salud,Smartphone,DSL,2025-I,26605.797760203786,23484.654518239204,8446.443670932036,-116.89144309307503,-21868.17937666834,-11138.990702900166,4353.994637098156,-3771.636793733852,-554.7176347689829,645478.9475926728,2992.9833409350704,9543.24213836543,83265.26302273276,46913.99561881367,17356.452983202948,-3502.9717550479654,68868.48707024564,59430.66685819825,19611.262825224847,2552.706395220808,77235.55116754728,62873.05067460059,-11192.357127760864,19083.59240354597,89231.15841917867,52593.914088794794,8800.413444835278,8922.252947209321,64240.4499343503,68376.21346816931
3548.8926954745257,13106.570971381483,-21945.9229311981,-1388.1128636022904,2990.179612258096,-18819.850858195183,-9450.408255376082,-19198.524149133027,-8103.538722918247,2805.55349212879,-73.80270033842135,16471.875561867855,-15137.55175735946,-16943.404834493555,4433.4093219266315,Passive_But_Steady,Ingeniería,Tablet,Cable,2024-II,18272.84069508951,-2951.360373073585,-8058.877245953343,9790.661399740584,6906.4990078707715,16340.423016942495,-1174.1780435796074,9113.754519586779,-3199.748779198194,646024.838933442,26324.870095127808,15197.889648385586,79350.48721492387,69097.76183430901,20016.4410955925,-2238.454526442518,79377.02047123485,70690.28050619968,36381.39887742195,13178.889391234346,72777.3977850285,58730.51195171402,17955.35657370256,11023.272772690643,87238.91682212347,72589.7491389128,16879.448331320084,19864.02112738363,62182.77759701487,69303.51390325623
16070.072973919354,11506.298365540284,14356.985798734202,6867.586568358586,10330.19507063866,-1458.668146860237,-13021.930833119388,12824.284713198578,22776.341001169654,-452.005635684347,44141.974680674495,-3471.187451658608,-6875.800079543413,-10496.6483699937,4342.985816853438,Passive_But_Steady,Humanidades,Smartphone,Cable,2025-I,11599.937661961396,18048.283936500327,7286.107105548174,12323.675211579077,-20723.148241782445,-1441.5638246747092,13631.476518137039,-2718.826656669681,-3445.6109778381733,646585.9987318289,10286.51159125245,8736.640251737146,60032.203214153444,82418.10602998525,3612.7089007049435,10159.980222131147,63745.644527586446,71066.9022195357,464.9405887233279,18676.90264671053,51942.6149103369,58558.15344361605,8750.690930597348,8198.11130779156,76703.17799366418,85982.70028334433,28359.50656452711,30268.495612065723,79821.38178274946,61757.577259415986
6588.2150761233515,1936.2145575419363,9021.913675743675,11129.551033376627,-11911.58727690479,21911.758437573197,5095.223324011496,9193.70688803693,1710.3910479953167,8021.05785144123,32683.055734857724,4426.345790914664,-13038.892772317673,10956.863140586356,4376.131543118678,Passive_But_Steady,Empresariales,Desktop,Fibra,2025-I,19401.900394799548,24838.594798629372,10927.922819121963,4871.917047269618,5921.867339027976,6762.454253888303,4178.355788004505,12847.45647785035,-15390.882084557728,633605.7354396833,26823.410790792288,28759.192513712987,72894.37830676418,55551.83337012602,8395.464420143904,-6905.156552577708,88810.2510254411,71879.92983702917,8794.810894458486,25200.037570885594,58625.63796536114,70530.09306394459,22268.757956381734,22222.899095707144,66104.43337782113,63265.051021933825,10495.115895657726,15662.127249477766,83854.18588759775,82701.42082121655
19548.294384229754,20824.07908886471,-8452.627269616438,3060.07637498426,7564.859061553909,8915.60448194945,2801.2054473049375,-1401.7298128743314,6377.6366980381335,7672.931964334826,53080.88688042813,12560.412346508985,7343.594145273835,1323.5523641599834,10061.95927457838,Passive_But_Steady,Salud,Laptop,Fibra,2024-I,18701.8165725206,19021.4489348792,8913.605114570448,-4281.007029959879,21239.265323431347,1102.3950495234276,-4935.057115897375,6290.01984064625,13923.298165342418,649345.3431992758,19929.408535523824,2274.6314407881036,84826.27467217123,88121.8818808366,24029.926241845533,4242.928507322804,82029.396010172,71511.96878229492,5707.155420641193,22489.2424574675,78825.49066036704,65991.19414939634,39279.41873546103,24785.14516520174,76552.26445390836,98627.76675995809,3740.1134053549067,16017.123149302057,85414.26176829392,73489.8121260158
6840.184088543729,23287.688264447217,-12711.409182635089,23364.927932094633,-362.7403807214256,-15833.710771711085,14247.07522871468,3345.7774529934795,14793.844940118744,6432.6969468056795,33190.68029305535,4853.1147824106,-5934.155668767278,-13964.1138076707,4221.908657776635,Passive_But_Steady,Empresariales,Laptop,Fibra,2024-I,21688.679091324237,15905.009498066805,-9407.575357646574,31410.917801803113,-5017.698197458173,-581.3837300656894,-3631.208367415394,7331.373937426487,18427.990254029246,637565.4492814773,14717.725800769384,8704.622116997381,81011.70465176985,65762.34216953779,3362.577433674851,13022.654676072043,73457.90232246678,66973.39218985774,1698.786044095341,32354.2681920797,62787.18501171274,85937.38149565656,8869.976564976001,16344.519184815688,64410.421252116736,74280.40820253767,1621.4142239087178,9208.341309398005,76680.41188771656,74585.7195835531
23212.165309992306,8774.349080733718,5374.446000454649,-1.9430586059650068,9201.21659705527,638.5494702699956,624.8788616389572,5070.1158200253485,3683.702250821119,21571.416374014196,32717.518429456013,1751.3130105447142,11430.393117545373,10152.501686139976,4460.395999340795,Passive_But_Steady,Ingeniería,Smartphone,Fibra,2024-II,35870.34123934277,35075.35995700805,-9721.516776588744,17543.35596193914,-3920.2693912173518,-10144.148644203775,4673.976894710798,-4789.142415187596,-960.1346486876939,632852.279207405,7589.678341513581,35929.02566773807,70092.96781433665,69686.40858644836,28940.591505771736,20159.236732485595,63210.33614679246,57135.74669593913,8915.226321556762,-3235.835504723378,60253.7604385835,64073.83315740521,6198.7755144950825,20672.2271912718,63650.15738989602,90103.85074166801,12221.135903703464,11928.782912929324,65816.37730640163,67773.0945398705
11598.052679870014,8399.059945595174,2502.4513303705603,-22014.121114366815,17815.52311099455,2973.9941876915,7865.625287607804,551.8737006464926,-523.7453669235092,-7743.469947182946,10053.045662988538,21097.170883231694,8700.753082044574,69.52668500933305,-1660.8773843286292,Passive_But_Steady,Ingeniería,Laptop,Fibra,2023-II,11790.127764988665,31988.59428493493,24710.842234540316,10572.024059003319,5601.071629236511,-1108.3948040783343,8372.204023875523,9966.001322533211,-9147.457608559102,642451.9262719398,4567.861573281136,30626.41822539742,76299.00749926409,65503.11707472704,1339.482821966989,28520.02518632633,74200.02460454017,84502.00356233642,8009.017557526082,12960.235828314093,58803.24965199482,74584.00751850131,17857.726701825395,13605.19408334235,70040.51086261684,54462.81177218055,2088.3486283269485,25568.129785961435,58636.032693840585,66109.9371977147
18023.945837770676,3383.9061272589106,15109.98971393138,1986.2036785569235,18942.16927066002,-53.04311220900837,-9779.64856869042,3991.2776523637294,15005.188588720728,8477.945698543524,-5167.63977669469,8136.3204667918835,20282.45717407689,347.9968932414972,2562.721984157187,Passive_But_Steady,Salud,Smartphone,Móvil,2024-I,18410.048210672914,13133.67538003416,-8535.075410224885,10186.1387815224,-1823.0963801033888,-8968.58993738709,-1223.1552758602845,12700.926028458527,-11576.724429280584,650255.2596282115,27061.440060752175,-8452.080399349317,78322.6780449499,63394.5528485718,6196.758752908588,16846.425462676463,44845.327621404496,77588.5292457225,4119.458819098329,15973.685720224677,78743.1499463735,75225.01223695645,15263.19735409646,22801.199724521095,65316.53949730155,81848.0477692069,8738.61421518556,28641.68254448933,73599.11902201027,82617.46766607222
5420.679878172827,30953.77216407533,-5072.229878129983,19368.624672372414,-2046.6458416362434,4963.414213624643,13733.583407831207,7237.7717211510335,-5817.766334148815,-7516.878267440306,10406.337706308064,18274.173707185822,-11323.484980431978,-13241.75702416195,5757.162100162173,Passive_But_Steady,Ingeniería,Laptop,Fibra,2023-II,29559.37994146016,28804.005446966163,-1417.7940590327794,-13897.155866888948,9859.367880736423,4422.120424483658,-11893.053999156014,4372.746764797461,-18603.899543169642,656583.1063148148,11606.243744511303,7853.808465893321,71876.27974416522,66427.2314240519,23432.14286586275,13511.844792088597,63319.19756902215,50222.35785618593,657.3177717342787,7055.935520548047,84094.19486581092,64611.11014598434,11347.169108844564,17800.625800718222,72937.73949271017,88409.62579008187,23871.508951589887,15822.277237509661,73337.44392211127,64001.875269787044
8950.259368618386,4397.5784922985185,5983.382303668743,-3034.008865280402,8063.410248416728,-6051.583127173957,25800.45156692993,-4861.201221149254,3701.960135086091,11690.805507447825,25470.365752382044,-4347.667078045652,-3829.3556586227096,5243.004930855437,-12892.189995853512,Passive_But_Steady,Ingeniería,Laptop,Móvil,2024-I,-169.1134708444588,2212.629918466024,1752.0932405902456,9467.543275325406,-400.22838939417477,1411.894991135948,-8074.812530031648,-8370.29516350134,9370.896101134604,661046.7284279319,9717.957642263074,7635.112289511551,68287.19731901555,88028.36939794842,17125.27611549247,12534.998276318896,77439.33634041357,80138.35500002412,10480.060272432194,10331.13172001487,75101.91319973323,69340.23853090157,7681.027910997803,3637.7254503085605,92313.86030459724,44322.56570506379,14706.084188972372,9235.321375758256,61895.29804813375,91539.69719752285
27858.477044322455,11680.395413597344,1562.8430503589825,-4646.123485576477,11387.303005106234,4450.81320142471,11031.59211716933,2424.521981947757,-11292.917486508504,-5610.890000671849,50805.04036121513,-11014.17794245692,-11920.021653138929,6.3843643494637945,-7263.075194993017,Passive_But_Steady,Humanidades,Laptop,Cable,2024-II,28059.974964388995,16710.407805699317,6293.041876547579,15744.303744786464,-6.05232116794248,17127.973905137424,15415.429643589712,6931.641825842328,19619.789445636685,662433.828728522,2840.14412690692,12389.865578811812,57671.59163544531,59315.05550807469,14524.292802538512,6782.332182633727,85630.45579607353,72915.18120397872,17455.595391280902,12228.939947836967,62989.82182510308,69405.86981075018,-16516.552260817924,11854.158250475357,68747.677490114,85831.48248109882,10325.300408941093,24331.625948042914,86147.31595217725,80430.36423712915
9297.59601761531,-1464.6282427962433,980.483362872061,-4085.299327146243,10764.085039874504,8345.828565332544,668.9321734517066,-777.0289579085438,10981.819539236083,1012.1367454606898,18383.112721508885,5264.4404909258965,-2362.628206150354,6344.722674463056,758.212678409729,Passive_But_Steady,Empresariales,Laptop,Fibra,2024-I,20701.65604429195,28000.347757416668,4429.553382698041,3900.463604507771,3547.4427524626835,-7536.335143132519,-3594.5066122101116,2052.3850741287783,-16358.678825054216,666776.2371116795,7253.819696088713,24615.695577985767,51879.866683400935,68533.61852351969,20977.292257748282,29121.663676343815,68739.40217572408,90884.34536992216,11226.584727800164,22890.11967538927,64797.23581800772,81099.52593215063,2749.6056703416725,31316.3111542652,58717.07232216146,66790.94113955465,6401.4352145741905,-6145.263768735997,70530.24150596256,69101.72603889181
6880.142000556314,8845.587197524166,-13076.276289763813,-5069.659684874354,-3382.532742769777,-4685.601252910346,10189.420236035498,-2119.7055428162066,5293.989171902298,17753.551390403045,40739.69340282666,9142.946984808972,-2042.1282027045413,5425.107550920286,-7513.276446401373,Passive_But_Steady,Empresariales,Laptop,Cable,2023-II,15471.111494494862,19932.616843470085,-20575.861948029982,-3403.4987694733877,-11850.016029551654,2537.646475480608,-2886.0342418522137,-7005.309126296231,1991.4972508608002,652820.0146165447,-6280.81045257943,34513.22083643901,67786.15895626339,70911.40119158613,21237.970689013866,18616.00790529789,64727.134356975424,62358.55272946717,17621.78272486504,26949.51438768059,71795.02604969405,82414.80692143913,2944.183754673264,13202.402827930784,64835.69278486054,61591.17851565339,15816.576932217136,9598.948897869257,76971.92789991251,75780.81414812458
5628.135661944297,10744.939242627146,7487.237695870545,-645.882980216862,-764.3993844932724,4442.064385818554,-2996.9199050068664,8919.995133901384,10530.213893317916,8229.092821034526,24106.793625948027,8785.617940049791,-7235.349055715388,4498.139662825108,-223.0440168561356,Passive_But_Steady,Empresariales,Laptop,Fibra,2024-II,1453.793228940507,27714.484821658894,5934.190083562649,-2642.417222829957,-12608.05093890124,14993.68689175103,14497.68315299038,-14844.121119906375,11279.441640604728,659604.8714150045,8869.814006913577,2941.5032252585443,82826.98609795637,70457.33988644688,28208.596730373298,9417.922920094485,80425.94635787833,82008.8146770277,11143.919516209415,-704.0108406386862,74555.83472296696,73371.49726109297,34955.5841288571,-4184.901622492809,60752.23114436014,90143.45370940238,6596.426523876043,22793.303609039758,63503.51735853986,78452.92134558508
-4121.039215555393,8169.736882995379,11698.490219990897,-17956.573698152504,8439.008980784072,760.0052639196081,-4651.487751014707,2903.7035789906595,3323.7077613175084,-2003.7337629505355,6422.757318977345,1120.1630756972227,-20030.970055024984,-9650.281587253476,13789.71077971554,Passive_But_Steady,Humanidades,Smartphone,Móvil,2023-II,20367.137525071725,21302.586821379868,6488.451082124964,6900.526746745695,-15570.551304415801,-11505.620299110209,7111.723463107263,-2015.2298316701485,4005.5067221467352,647298.6882574813,35366.06461051582,18732.165244702963,67841.83281582825,81324.42002082404,22754.225729770216,4708.020469777201,77497.12479652891,72261.27007861371,19018.399886474188,5241.300361517315,72888.67003214783,66125.24324800605,15644.797480491248,34577.946430729324,66703.42940590333,95875.80197712188,8511.478349317811,9949.413572272157,68239.91364270986,70648.40226366326
1474.5988203493753,4554.829965763861,-12614.89087750461,-15285.471726924634,-11624.651774358195,17951.483969439836,-6386.870572069079,1228.2119663908136,3132.685961638035,-3267.2889671025096,62297.796032198145,6482.590147788934,9298.168596661477,17850.63185945889,4792.744052437309,Passive_But_Steady,Ingeniería,Laptop,DSL,2025-I,8780.007955193252,26539.867776735802,10383.300818789781,-2797.1801247818917,14206.218265058169,2053.5777866228264,3826.438785445817,-5819.508113405031,-3682.2003569392755,658678.1988659083,6158.849033757114,4133.716079172118,57368.15172656381,74029.96700019948,29579.435135908792,1067.4993699192455,67883.90313630392,94798.1445052232,27693.40018248863,15822.899471716342,63671.694125600574,54730.75903097078,9593.3524101291,11227.502568775293,74232.25802054864,60406.83959664644,15056.893395767325,14132.086728185775,54145.21157685919,56605.9619787594
31945.700826208908,4136.887964596804,-17218.19756812268,-1815.8416418725797,8634.66987489769,7943.961919605072,5450.573028091372,11510.941243858928,640.4948419229659,1389.9758207975428,23542.087584801127,1245.2818337592435,6098.154390679231,6570.008759065377,-15240.21857041361,Passive_But_Steady,Educación,Laptop,Fibra,2024-I,18409.54106101621,12761.840028368068,-14916.33198422224,6510.475415969744,-15940.636222022944,-1530.2308083421574,-18955.838613068496,-7895.4940912618895,22949.51051116224,667053.1155079434,-1065.824626116475,16950.096768317628,75398.10302469994,76209.61887641042,10837.511084206586,17014.80686992566,61781.5757810017,74486.69703314183,42207.94123778102,22458.938808309525,83813.05964091886,80562.4567934635,17260.84210575995,8746.96056016656,56119.63102629894,69707.90311291399,13092.81663287587,14603.255172737185,76768.20206444533,90901.90753773123
9949.706984686425,-669.4202450734729,1127.6378450388067,-6001.674582685793,-9145.62541054256,7866.328078663436,-6734.779195880734,1724.4711186124514,-3088.015585537197,5168.0204429413825,46297.260190251,3952.5702274247437,1533.2165950503577,-1227.9005211983304,-4055.9651075133597,Passive_But_Steady,Empresariales,Laptop,Móvil,2024-II,12080.724630764322,27933.882100236253,1878.8116132817818,-2559.388944859064,10598.47558159855,-5938.3493472603295,19572.265509246834,-2379.539336217671,9132.300011191895,648186.7409521268,13600.460939080847,9623.72890527117,71232.08806981391,74695.57649596411,7391.72532570982,10713.441534724194,71281.05219928912,84988.75423006466,12783.542525589188,18895.261385640762,61655.39899951288,76410.36302646437,12752.716723078354,11284.513042257138,87240.4463800031,78369.54916695144,14427.990087746315,14553.27356872273,79440.74599492988,82380.21484173035
23823.365046414052,-11507.55631596947,-5414.490492819416,-5312.664347948173,-5423.959330700814,-5292.126625090101,4765.602251252175,10710.963826506666,-5325.662102745516,-5944.50912125747,21827.89210806901,8116.338926634462,17356.810115672637,-1572.4397078716772,10574.487624088339,Passive_But_Steady,Ingeniería,Tablet,Cable,2024-I,25912.509446424596,5716.743419442211,-14023.475597562687,8324.270000930423,8155.103973081421,2869.795541937972,-7020.66391971673,233.48526447434813,4966.720517250755,656599.8281858489,38508.207937301035,5144.993492352347,94114.4460882122,65670.35480961723,13812.988346435277,14219.019992384716,77969.4832787831,55686.40138087451,32007.63394292787,18098.133384309192,75421.95271557586,76454.0155861522,28589.6712301785,14745.178771693794,58242.63821243067,69140.07122103432,19836.251383964205,21198.70954839061,74308.65871000475,63878.8055373676
12171.92821298409,6100.4163523038105,8662.893964034914,10153.700872567082,-9939.762215498456,4261.178959229686,-961.6793323013881,673.8291643087418,11313.479622440122,14349.594894528187,30018.578417822435,15160.056236117674,11410.441560251911,6529.910678294709,12857.983706759112,Passive_But_Steady,Salud,Desktop,Fibra,2023-II,8248.747381450596,37556.512432672695,1630.8997835469256,5388.424302497225,-11455.119986560985,-3896.475828990956,6450.189255952248,-7584.327768884349,10961.527104104054,650867.3655189761,24877.402994781456,12501.32421980819,81745.6579611266,74690.51287224416,28735.373049613296,17790.151166313677,72335.89559375105,74791.2005422341,26264.29841489849,16452.983448047096,78149.27774652973,68668.913762573,20362.97004174911,16123.483741253527,76583.5320578972,53298.28286894398,7045.3824553448485,29887.011187615393,83113.59421919688,89848.40447735052
24883.09107738346,3726.555405438258,-8299.259318370812,-1835.5995583677218,-7956.125300299618,-10492.035896533136,12926.238428422184,10898.26495718735,5529.476815594197,26219.66554707172,39506.811906034236,-10415.50715924405,4571.738839870162,15552.946620039756,16384.143638388152,Passive_But_Steady,Empresariales,Desktop,Cable,2024-I,28511.183152516576,22663.74597795695,20387.83652386889,1948.0629730158616,-2728.4732423374508,3634.1553894370527,-5600.792759257289,9368.461205419575,-7340.861014701491,664190.7260350162,9083.03664689604,19234.986188694475,61832.7193788363,78269.62451825659,9337.913863820664,24959.73929701072,60525.14633298557,72346.23537529513,17341.278415924273,25472.617264964407,70900.30239359627,63030.60886045722,16960.47973375172,15223.87492982665,86395.01708864226,86577.73107816621,16191.886807688268,9383.554429461683,73398.20949301533,65152.83398014905
14150.02308334302,10080.119311541755,-15880.829074409987,3490.1459522038426,-3070.354481522996,-4980.747560493663,505.0907613105942,-13220.743180022004,-176.42705576375374,6474.235777371622,21858.35058752611,9584.236863509812,8835.803385114934,2375.638931929881,-12742.146662914824,Passive_But_Steady,Empresariales,Laptop,Cable,2024-I,29770.113489806827,24350.982276545838,11941.02870730015,17292.278483146627,-5477.366135280155,16182.548976305343,-1502.0931071765572,-3911.230346061391,-3084.9853695834213,673420.9802034583,10470.737595417133,-2373.33292794097,76024.1800133806,67580.78448626735,13976.749843355965,28572.66738429446,76105.2109698018,75207.0180922071,30932.585649075652,16249.693279456204,71886.74541036016,99183.94270504847,11012.554005870385,14612.575544600997,75875.02725340883,79881.16456582163,-1217.5007954254052,11508.896384405352,72165.23422428123,70745.06585813154
25094.679246801898,7637.015692498805,10288.624881801055,6878.869826417602,-633.1023851773781,2792.589182190482,-5358.160957755786,2214.7372375693153,9654.41180441772,14247.150973707761,29196.7363712096,2902.301195418967,-11596.894433386784,4189.291928901567,6732.698629645287,Passive_But_Steady,Ingeniería,Laptop,Fibra,2025-I,11597.720310623436,-705.7957579705653,-18147.20641122373,-17805.312000474205,6112.164208117932,-8177.534525581972,-1454.6085860509156,5313.416962505912,-6691.204328611388,657969.2516962461,13579.198556774458,1607.7192159006881,69639.16147924337,68684.90356579065,19577.259470446697,25656.333217383646,83503.20155049209,95992.71521244213,5850.546778075797,13133.684294770945,78323.11031813348,76389.04203581794,26005.733441615364,12271.378296931061,63899.41111474086,79109.12301312362,6672.504788551161,12687.5593759855,82253.17406026719,92219.11549819983
8937.586745208395,6972.456270817324,-3679.6469009086354,-8701.804912380574,-9297.809180426193,-8870.508170180205,-3915.919610420247,9809.080199515553,10368.686293402705,-5328.335048444948,63871.41720287173,-16211.652774158763,4443.695890029905,12827.294692853156,-1967.9350603847017,Passive_But_Steady,Empresariales,Tablet,DSL,2024-II,10769.516920520064,39188.11647305796,3238.168329939765,-4487.342292137515,8904.048694627918,4341.730584697176,-13016.028050972416,-3253.133628000014,-5082.63012684904,652135.5637676498,17649.44366831646,15306.31835370311,72663.13180490624,58997.2641778569,7522.0581963857885,28690.871540796208,75084.23950060633,79074.44332461582,-3254.5370798796175,8068.511456590099,63960.856651795606,77209.7234950236,6335.349231492891,31444.332858258826,58946.467249497844,73239.59700473024,12616.382685420254,11358.25693177342,54059.39421909992,56278.66447274324
16122.11254768585,15234.281066870828,-4255.362969509056,-8560.679408896636,11510.872791623211,9626.190949168262,3942.4198830129244,-16408.006610893237,23982.810117791516,21931.548904070736,38584.31607261475,15047.182974212283,-15168.847131857961,14813.60074141988,11193.02180020799,Passive_But_Steady,Empresariales,Smartphone,Fibra,2023-II,25964.82755926108,26691.03767692788,12176.595636113852,-2560.170115610066,-3496.509021711092,11627.959651442177,-3473.3834111036685,3677.991928698939,5715.880097943119,666910.1748082285,7925.095294978209,9040.722817671236,70995.42370781298,71198.65941456557,12734.647390135058,-215.7193645727657,57929.653194106366,53814.31861423294,21491.992351946312,17191.05414996986,48498.9179564369,67512.81169882034,11413.447055012446,19193.536357764897,87099.22116521222,70415.60378548688,10479.942004132281,11380.588673832588,67680.27602023644,54505.336220334626
11020.920598727567,1508.765719895482,-175.74894509193882,13078.212476569395,5399.342248365324,11017.769068144717,15339.744925535404,9322.056436216824,6998.564560367289,12176.264157255966,43972.290889477124,11182.269863152087,-5313.604110892378,-5036.968000210112,22500.748447395974,Passive_But_Steady,Salud,Laptop,Cable,2024-I,41353.957006236174,12586.252712686477,15455.768993508014,-18707.127289872853,889.3762822207243,-2055.109664486638,21680.846747145762,12464.692791210191,-10416.499193178208,658115.7630226689,13907.363809648336,-10986.546073088346,87049.91004943877,75534.67049743237,-8213.946272646937,21489.605000817683,73032.09996561366,97366.3093619775,8743.177750361421,26731.041997380293,73549.51521340616,80408.42326579634,3285.875984272765,-7413.816851566229,57038.26015458907,68164.1666846321,18053.02796657517,19870.71866272915,72796.29790269339,82872.64222836884
-10772.542853338511,8354.203777972583,-15165.289426627693,30959.073482700587,19848.693767503974,-11961.463832063142,7342.7093771128475,-11201.70220627463,9748.026927717281,998.9782755081796,21051.997264110665,14756.083501073013,3231.1213058265052,4295.877425780127,3261.5531384932165,Passive_But_Steady,Humanidades,Laptop,Fibra,2024-I,14907.104503862098,21087.502187196227,-4960.492855870771,-18386.681041254375,-15994.040226490273,14746.970808226839,487.0148666279966,16481.314204708266,8057.472760430153,669763.7144253412,13437.958673031151,565.9891211481172,67824.400718902,82046.52148516948,-1997.2172791930534,3640.4260720872244,80014.81527080004,45346.95101366697,13431.172852270924,-1292.467331387079,50724.18593039761,77676.16552272969,15249.235737304894,4167.043454377075,70247.50616334853,72405.70167878413,24282.112948085865,24293.17347181306,75348.42822574388,64729.34142814128
11396.597048745327,30904.286597726277,-20657.276638452557,19755.593806680725,-1924.6862663307666,-5552.841094172114,10980.769764785797,2803.571790922282,12545.774207884017,13620.518693678714,2267.6068377209613,-9097.64641902609,2720.5932070967697,21960.141110238408,7605.947548281784,Passive_But_Steady,Humanidades,Laptop,Móvil,2023-II,32247.420522315446,10384.041533077669,11531.840923068434,-3159.71042946886,16007.680479455965,-2342.3852476731145,-5484.823825462901,-19436.55600901768,-4753.615185465174,670438.3953247032,-2165.0997630412567,-1359.9558959344522,71256.97250063196,75186.46351538252,18185.216885068672,34162.72831440987,76178.28036663316,71562.20322886482,19409.988062413504,44267.515835488855,69742.5170589664,95464.17085303675,1103.2036740286967,524.8742644751073,88997.38693272417,62653.0784458252,7004.232994997641,17565.689003260097,74401.86765517772,73952.63894505601
-5104.886162715469,-6569.997167888605,-11150.000723044128,-5358.7261809765605,2610.040849116592,9807.847713422223,14423.120833650113,-10508.443026473773,19922.577930757747,12775.361722449083,21922.93832957094,-10750.71113587718,-7661.252022207547,22051.402084387806,2123.956967725474,Passive_But_Steady,Empresariales,Laptop,DSL,2024-I,27411.761860348677,23195.426782995055,3694.3174409142503,-113.03720313343953,-13535.633106068117,14622.56439678858,730.6389065472808,6976.141861532403,7123.747289711766,653620.2567954268,3122.912040003648,18288.36699354436,75443.27219784497,93544.90417544331,22118.093508952283,-6351.910732527103,79069.62055502027,69311.91200945128,13578.60535959124,7108.78245049075,60422.69712023573,77893.06739210598,21493.89015163629,6652.042439095053,71417.24620619306,67359.57191583772,35908.84456069229,3680.2052172259155,89807.55471874545,61644.164480915824
14829.508860934626,1847.4563058526655,-2656.5437661005135,-4747.02022747861,9812.04538750677,3712.628366678445,143.96570947625423,8820.0150315025,13941.989942152622,-3791.294557158022,41700.540666922374,488.72216179398856,-5213.7707037499395,13561.938573248179,20055.829808396444,Passive_But_Steady,Humanidades,Tablet,Fibra,2025-I,11757.701720765217,26567.357285802213,6690.6732671755635,4634.3773165533285,6437.129707428025,-6820.700645041633,165.6171280284872,-7907.332969980749,-12274.756149435461,666619.9697715448,7938.641632634084,19284.69495381765,73390.32856031813,51632.039380559385,16237.18669680589,10423.762661432855,52166.54666751363,94507.03702076465,21682.50900506742,15777.586075102963,79992.3932053644,112305.36879584006,920.3007542456016,15516.910521306036,57015.86463315546,44714.641082984264,24722.271355493947,20175.213707017214,65476.28642624568,87464.99791876678
2427.628306665394,-15233.939591860042,16630.74634435525,12806.7390574589,-6937.153632169045,1413.1205955790983,13693.36056557342,6745.499862946901,8964.898177827654,-2841.138227549528,55297.92637741353,7427.78357059207,7805.2476660063485,2849.450949212228,13819.59201649977,Passive_But_Steady,Ingeniería,Laptop,Fibra,2024-I,8098.253675386426,23628.485297156163,-14208.945215854086,-4901.467057477565,1514.2345920639266,-640.2072427536534,10962.085497950433,10630.71829589625,-4018.184010122981,656159.905516321,12557.73515409852,6499.203943528064,57612.57155085719,58484.6105572845,11799.539815198204,9849.197140960387,78609.87938075887,67208.58230955685,14962.713975697045,8477.900634141151,53855.738468637246,89282.30872183086,24687.957873203042,20081.828316777683,60572.97269109972,62563.168774196834,-8964.88752020703,21391.349214968417,78861.11187382312,42411.661015264726
-7906.134567063469,8892.862707315953,6687.382387985863,9872.872151406238,-4842.553996249739,-10887.263444535398,6602.963680264724,2301.4907276147173,-6372.076510121261,14161.482098866814,12559.90892860588,15530.341274686938,-8251.075955068076,7402.946275908187,15296.292597233989,Passive_But_Steady,Ingeniería,Laptop,Fibra,2024-II,43273.625077244484,36257.494089403546,-4630.873562159168,-3759.547998961667,-5864.641905399332,-4169.109893331962,10975.384077940025,-11225.524288169803,-4985.510374770268,668742.7062429201,16606.37081650963,3250.574497493766,71374.59230811939,77099.43200026038,-5144.947899570758,20465.724029247525,50451.22342982754,68454.39491427322,-2600.277860440856,15913.668113992626,67073.6141965025,78876.48610329733,20696.456077967032,5629.33519620671,71547.68488379996,70866.98318179393,31234.67046731376,19821.74574622528,94940.08291187846,60688.70722219054
4454.667573167362,14148.4557973072,-1766.7766986328058,-20217.052666535816,6580.315160398332,-8653.360491550042,-5290.321828158465,-14743.843166680144,8386.127974678166,9994.536191931065,15629.550781564689,661.8891830446696,-17679.00236381347,19553.434672830947,23878.71096445246,Passive_But_Steady,Salud,Laptop,DSL,2024-II,25785.399026557345,16187.08165516561,10627.290512344085,-1393.3558402095407,8325.891178525597,11588.406511639727,-993.8875784517492,4396.955638388463,-2369.423268212839,686278.8286939517,-6356.863966766632,31967.605262933856,66486.8558934951,55501.20148973557,11521.854729817149,1420.1589973789269,39921.73647672226,77822.67942430121,3824.345938045837,42876.58039279373,57573.786663965,84861.48100266833,11282.285365521393,23619.814255784346,67378.30167565907,63314.748255814724,13058.64363034522,13142.351970297053,79990.79650089135,63508.4351572859
26891.678884552937,1975.4294321495327,10951.33264718688,-4387.612550931861,-3661.981943414612,371.5503983317973,4967.367093537013,-711.9568299389448,7607.916897623361,10733.120270873247,29464.923214010694,15849.74026140101,-2829.0471623003923,18263.096995965083,-7923.300326919626,Passive_But_Steady,Empresariales,Smartphone,Fibra,2024-II,29282.167041424284,23112.586248650583,10711.76435659414,20941.197319411327,19741.228012948697,-22773.595835149295,603.5990160805369,-16411.764918620018,4858.373921574638,678917.2880569102,20460.537584625392,32987.31062280332,73498.7470672982,86552.72533155612,12134.272173484309,15145.598442443668,55932.59833988467,47533.77267264293,10805.661998861719,6516.576372137179,73240.62812199567,41459.76717400365,26110.315070776996,20117.507960326664,79684.36408348831,68258.12683622552,14099.436729346973,25049.795239448074,77634.92590016553,103439.64029818485
13730.381381146675,13164.216978874494,-9745.11360897848,-18145.1897569953,5466.698455945991,4514.08143753273,14663.945497264933,-11239.983472311184,520.7682449953904,5593.526732308259,46377.463046419376,-10122.091551478929,11986.677676710311,13095.59542853405,5584.993534554511,Passive_But_Steady,Empresariales,Smartphone,DSL,2024-I,2344.4445936202355,30076.296456891017,-2987.3496457430333,6805.29912355432,-29127.2466683424,-7506.985208838294,-221.01054767861288,7991.850895956772,-1589.288187215283,665624.7141739966,-2861.89547833247,23226.67914963488,66280.42564093934,64972.528458847104,20819.081331759895,9898.147396615284,87692.75677908264,68332.6121524942,5843.938830797293,7438.693198482297,68319.46595045677,69488.08339783548,-3336.1153134519136,9534.946127704323,67521.85581587501,72638.56295140456,10837.119131390531,15836.88151862544,82891.48146698745,81258.06417357064
25399.601157912173,-1174.7485130789291,5413.685942235371,11925.153952838631,-1850.432022690307,-244.4729388055614,-2897.3799172317244,3728.513353678093,7623.64232887599,12299.961001820591,40836.98477112562,4905.893232115428,-5477.753481933338,-536.7103606627495,-1613.0162030477245,Passive_But_Steady,Empresariales,Smartphone,Móvil,2024-II,20710.815218385218,1476.8019797779398,16540.813748308596,5362.556086329565,-8338.874022916963,6632.554298095198,-1722.2325066626038,12338.322553950953,-7871.76727967928,694120.4040327438,-6313.107990222448,25645.937922489407,81977.41023618489,55933.31759343385,5023.598821805866,40247.17588511401,71641.861180239,60566.15549627403,20609.52304700357,3521.7292471078144,62504.39656345264,80267.17254165853,2645.479093785938,3571.2320105683148,59424.903423209274,60694.09351507953,7561.830264742729,-600.3114552660008,71315.47771057874,57523.70637264424
26561.405941084733,-3000.2024155662793,238.4447407518308,10006.620336036078,15216.734280168828,21876.128995720577,-11565.775423877849,1013.6904285331268,-8528.3831444028,5956.498471775589,27510.082912114773,-9687.91313936311,-1264.1988077529868,7007.212408259209,-5330.849472430968,Passive_But_Steady,Ingeniería,Laptop,Cable,2025-I,20002.3894569879,35588.361836551194,-1051.7725216632862,-2134.7322956923385,-3872.188789899379,25667.72198871866,-18651.679195995643,-17389.487907156727,-6546.37036257749,699677.6959636016,9682.156101987555,19305.41756686138,72047.45275213874,88596.6083622925,15011.810831781926,15110.139213910981,87351.52906576412,89361.84301935176,14157.75821218168,11618.911689040646,47430.60135669318,68339.44175335493,1769.8623008968334,30400.56743119716,87054.03985743427,85105.89294919746,-408.37562710576276,20295.694600507257,68575.90837815967,76592.57387696221
-6191.923086534973,1073.4155047138456,-4317.48274288477,-4131.368706838135,2291.2579793764626,14548.143692805466,5013.14183851529,-22347.195126416536,8487.38965118446,10050.318954803752,31756.434581694026,4185.958750035878,-6320.444251351533,-16713.910185529865,-4837.43454165715,Passive_But_Steady,Ingeniería,Desktop,Fibra,2023-II,22971.912120742316,16122.188018375542,-11356.039181070191,-11272.956574778433,-21884.13035255259,-10753.307061075862,-14770.910309842997,1507.1364759052854,-10308.710136806987,677894.7388525105,13220.45241692251,23204.042710622885,71726.94933111097,77238.56991991379,2404.7537639948605,-9556.105201186168,69577.57747455737,68107.25098138466,21685.168123359363,12448.393071689863,60979.615857480996,69953.48200277283,20435.72953918662,26257.63112182028,76573.85938133634,69721.41586929518,3091.3051214263196,3413.8302941751044,90204.98268828962,81780.09738347924
26860.49662157586,18241.434763560843,-4912.671788528512,5193.304718835074,12444.716199396426,-6912.637269978692,979.024247667167,1589.4078722443392,13765.937535917508,6697.73846082583,20664.47644811417,-6628.108761520673,1581.4171209014376,10608.269182774806,-6977.344629681708,Passive_But_Steady,Educación,Laptop,Fibra,2024-I,20462.83149983677,25148.997923210227,-1415.9159250294242,-1195.1529505408084,6308.273225004138,-9326.876383206476,-21492.158260899407,5043.0198142458485,-385.9923198697749,684206.3665208329,10726.243811708373,13169.797595606999,62621.53515443309,58899.237001109934,19873.090969108423,48848.17925370464,67908.42805317974,92075.06999653243,29379.550141292355,31424.302925209686,82907.12102709441,64013.41550201821,21977.086011193456,14118.640895784598,64916.81816395208,77761.92514918423,-10976.725720064544,13519.44410476547,75942.72082686424,69262.41233955378
8545.46436647187,13256.130106182078,12305.696057973288,-1400.981725742601,-8193.359528067738,6870.918944449857,17620.63666173366,515.2690877479556,3021.645865200834,1289.0733453152743,37495.56055254176,1023.5187013847735,1985.3269900086104,-15263.991427303868,14730.96763023508,Passive_But_Steady,Humanidades,Laptop,Fibra,2025-I,8845.46760365808,13822.672904822415,-14027.43877395994,-12979.073904085726,10571.752194380584,-737.091084623804,10602.80289358002,8546.663852467998,21564.189220995373,663457.5175610945,12015.802654085315,20088.31212976925,53763.787086063494,68623.03377406308,-6261.668439578298,5565.815154046503,47718.31273198884,71813.51164880599,12113.105156528001,11478.961238872302,53088.083180919406,84015.18645792519,3248.018411808169,-10374.73988168899,59376.649118931025,51649.01045418366,23467.829941584925,7326.663285296564,50587.67345833568,74530.9941461416
18721.95110886876,4234.926406767407,3656.3227228796322,-3545.5311153974935,-12625.893065744425,5780.626533764302,8485.526658500568,4297.84257635564,-594.3319093601267,5817.375887952105,43794.37021952766,-16094.742680905487,4544.905717152525,6934.696897106847,-4154.547364745848,Passive_But_Steady,Empresariales,Laptop,Cable,2024-II,32151.263815024056,22928.13703192496,-17524.75241196516,6150.3973825516105,16745.73114115139,5989.465769756071,17349.34526997201,-6047.159760082327,-8117.600983589189,678113.4947065663,7025.452649946929,17088.04637689895,73476.5499578393,48911.55878844433,26958.556719233216,19820.868794427755,73806.58196367619,70870.74454857786,1537.7376207775596,10308.87935102641,89943.99260363888,76096.85913054578,9304.639206314747,26066.53237029195,65447.067226489526,81406.95212706404,22971.186640549153,24907.221478142783,82669.20112901182,80003.20114234969
6622.758733880544,27992.163960544385,1539.1486620153112,17778.72442850423,-7275.464682330531,9302.329227051834,-6120.11212497206,-7577.04084965595,-5540.128655892891,7226.294245839641,16765.082192198686,1924.7436546403142,3614.061924899579,5690.47765720134,6690.013126860864,Passive_But_Steady,Empresariales,Desktop,Cable,2024-I,31400.50422398007,29713.730589759864,-461.12503221670113,6817.631447613739,-12761.137147473035,-20234.62602477102,9197.067195987956,5887.380709001438,-1975.7909626473988,690371.9910505436,22595.448947440727,-11946.522396831357,91343.35679816437,90182.45881063196,-183.21399488151292,24761.016907590387,72481.67293771732,87963.34029386155,30203.039865481278,6699.08876235275,71807.60156719004,74613.30132276144,-2072.0838090489524,15424.361449035647,69680.10167069199,65616.94425692923,12018.264031548757,4428.270380383066,76390.59945239089,73799.03044075287
23041.224980672712,26733.126762805467,8403.930044708197,5313.069120891729,-10164.361486281266,-799.5857465905767,-21924.639887417186,6598.832345281635,6206.733824128582,150.04592684943418,44385.105996857106,8179.350320011867,1588.7319119670192,5535.940866015153,4582.153464189844,Passive_But_Steady,Empresariales,Laptop,Cable,2024-II,29850.088715501934,17166.98321730047,3273.111168437496,-7464.553460367274,-113.89312614972418,2534.885884801668,-11449.535127561654,-7789.015400462197,-22935.519536349697,676492.918271906,1470.6931093081384,34334.650401870815,63393.908646584605,60809.90272345645,202.27435062923723,3997.6911075967564,81434.65953410586,86403.60211411826,10967.783778434654,38547.03837802938,67153.0538224812,91570.19863911538,15385.045784497745,12120.297596713268,70875.19880949338,60262.00306170317,16735.999306756024,3645.612276433665,69808.26572424019,87701.06996600662
6914.3693895061415,7479.767016043348,13198.651011675302,-683.1591820349186,6015.237708681287,-10467.856301430016,-3176.358399071288,8694.6906362015,-1788.453079686773,19155.248135433816,53026.63207269499,2450.7890413761415,25991.29547092869,-5847.766742958551,8728.445555668366,Passive_But_Steady,Ingeniería,Smartphone,Fibra,2024-I,39473.59835213309,7440.993397079645,-8938.028057452884,2910.651815981294,5769.287179483532,-1986.972513761744,15602.609901476053,23378.57426116843,486.3865683594586,687200.8099398627,14479.733986584157,-68.62844325017795,66137.0521112025,43426.51178281283,27734.440788873362,11598.436430584872,77398.87976530696,71571.48375394131,9480.796967510249,16003.770019416865,44946.36455832893,65698.1624058164,11869.84911634584,18817.28192183576,39801.673046615826,61422.50356953963,13584.082554863264,2732.963363428329,64678.22173456197,52145.83069903151
10636.380137804363,14012.258842653446,5358.129930304786,-19242.65410074516,4617.29113482409,84.5321830639451,3356.043221309404,5519.503751481101,14945.045357475254,-1044.813905377092,64989.318122709876,8650.016247539152,-14072.232500604892,123.80918088777707,3610.181672361669,Passive_But_Steady,Salud,Laptop,Móvil,2024-I,12641.920903431532,33681.50429549872,3574.823077415627,-3095.9133439035413,4078.543200024028,-1454.9016590839108,-4218.50279327959,12379.985292536885,4715.388537539912,681926.7818621172,12705.690918051965,12386.237925248808,68856.01843009978,73153.26864039486,9571.68449757494,27368.1173312077,84171.64505487465,61880.52925349325,24347.982816125426,13760.640922820221,83903.44623278244,68798.98533794041,25037.505012109614,26510.14684784035,66994.53374429511,74814.20311615911,5553.773060382223,966.60687083835,56821.59715623419,61981.71584551923
21597.2634417066,3931.2709601106217,-630.9611523060437,284.24216933480295,-10081.589294069187,4872.979282740624,15481.63868308559,17631.49907390333,8725.19763581191,4643.542608975107,17500.444663388444,12534.226250178028,3635.5370889976866,23514.987297915366,2239.5039164272703,Passive_But_Steady,Empresariales,Laptop,Fibra,2024-I,13218.606283661065,25595.838515511066,1940.3797782766114,-20754.620518943193,6746.062411389194,-477.4665616132577,12849.897980141046,-8239.233965542408,-10887.325208519771,681339.7547197645,8984.69181520042,20197.074371590894,74975.59191603777,70098.96643914573,6835.777894315741,11992.292681235209,78296.75753987895,55937.97349697238,29535.847987721092,649.8741352736415,67057.7068383436,77624.38779831762,19390.442345604468,4819.4172458807425,80231.60306772613,63805.92388895579,7190.679499704499,10923.287616402671,62811.85271769713,50071.185207522794
15783.856627741596,502.5613290688316,417.22109216432983,14429.20638547655,3351.834904908792,1012.0837464521214,1885.335239733749,-6778.591013202151,12277.051527586264,-9785.708448908346,22627.573600380423,-9739.253707427048,-557.915749315564,3155.375959189792,3482.161635792871,Passive_But_Steady,Empresariales,Laptop,Fibra,2024-I,18978.552721914566,-4766.9576541455135,23023.86090646578,6789.818701845916,-2290.885835983283,6644.811447459077,11675.150777368972,-9710.794506756702,-14636.043407823621,678096.3816551835,72.37522108678786,23231.641352599163,58539.13414993453,82118.96285015534,26134.86506910103,24413.10595180696,77821.11653634174,69663.546490778,24619.28502566176,6245.457446236362,79631.7761125512,72973.72628139184,13805.799788012393,5389.221231223035,90599.37394534002,84437.07639729689,25516.66706961835,2704.089651121245,73518.12469255127,80636.00419193147
12162.021643736602,9930.209512049807,4872.312359981418,-7610.5412156708235,4047.817224164202,-1247.1172734747229,3319.4756743092225,4765.766411376551,4589.890859128391,6163.249889280014,51530.266295559835,7971.039048193263,9304.28579843156,8980.67036495684,305.6927423035245,Passive_But_Steady,Ingeniería,Laptop,DSL,2024-II,29687.572439513267,29053.031680323395,21336.974487737032,12052.22300994724,7894.578123025378,-6102.917198017108,2841.780841171058,-5518.221292883733,-12476.159986332714,697299.3605833828,4618.178496811577,12592.169743664153,61277.14762912124,72091.08277317161,17808.127955501666,30483.895550290974,79323.16513137362,74109.58425059677,21037.858499563983,29881.659315575052,81873.5474179206,92623.68616844277,26608.675965915543,19696.210628781784,74501.04346783318,82812.31266021474,14224.65676148935,5.820349912868551,80718.12409860015,100642.82048767689
16762.95363281982,-5693.52448422293,-6494.534610602097,-12894.418000609718,-1817.3874995445756,887.9995219427101,9484.80036262789,-3904.2986233390698,11470.261951376244,4413.729791875287,59193.75577503609,2794.2570201951553,-11059.889816324277,3534.1791620319073,-3024.0814929877347,Passive_But_Steady,Humanidades,Laptop,Fibra,2024-II,36127.29211175307,37005.473675217116,11393.867708980859,15716.341755127214,-676.3834320160447,-10099.759615625911,-10030.916154438197,-6651.620511161554,8048.64160704751,691205.7318488362,12034.81036489845,26188.491419603466,87288.42134401355,67099.51692385593,1185.2524783534136,19231.129110501755,64668.92788927915,74811.55234463545,21068.190045313437,-5857.244889196176,75463.74432742267,83187.75809280707,16529.130047687897,14618.267785866816,85178.73753229897,57819.50166879795,4943.199064225566,-4701.469416870008,48538.2826413333,76097.41785442669
30614.9515555271,-16536.17988585604,20666.24300360374,-126.10245019468732,-3445.1294452054804,19926.2623173776,17502.602287819245,-13408.710125500249,4752.426310064378,3618.3670234577353,48556.26064469879,5517.146690356853,6468.913039029851,-1349.2997910754052,-1949.6338105795658,Passive_But_Steady,Educación,Laptop,Cable,2025-I,17822.393747354312,25898.254465019025,6804.2230963493685,-4289.860003283277,-10839.0982304495,-988.9005145971464,9846.156227090209,-16615.10069779377,-451.41553496603524,677127.1104723928,30199.02811503056,12238.986743180089,87210.55249633217,74558.12782556836,3778.476059606657,11607.201133228691,47669.91526291141,63836.97543842802,28133.9555585968,-4485.296881343798,83922.95384220454,53932.68292924242,4215.940912852899,10747.575952292478,67405.53323347068,63337.73590109813,16315.534433209858,3077.9001709532986,70132.50274552166,70304.2571360829
15829.995238258012,-3534.0115468931645,4493.294524268099,-6017.929752542048,6413.719609539464,-5248.968714162945,888.7270990828706,-7331.81027501994,10350.108686528456,3582.4522947589426,38308.49473480935,-8638.752169373754,19353.884258021288,1180.880036615587,7004.087596047627,Passive_But_Steady,Ingeniería,Laptop,DSL,2023-II,5842.266878180435,13544.105096881573,-14219.603592920084,-14314.818211439726,-2378.6243090135004,13217.154669277852,-3536.4803209433403,1556.8264095067034,7615.9868984804725,705253.4435459677,18503.528660285923,18614.30593960225,58750.260817999704,82657.03462392294,7714.161413831364,4805.127921905674,60082.9809221862,78913.03588355581,24437.334325947908,11383.723508988442,92600.72109358106,99165.05386646684,11606.480601480718,25844.6484493658,71574.37965155355,71784.19498640776,25348.087268129406,24522.09821320085,59625.013063325554,95536.88903773809
-7903.391572257291,156.85954839452188,15277.68634116954,-7691.1187994661905,-1163.448827921443,-7899.995034407145,-5514.765084902746,11173.925513401025,4995.387507892419,7737.130195166688,58273.47188391821,-847.2185060263064,6218.585595353761,19321.498624003314,2316.4713107247735,Passive_But_Steady,Empresariales,Laptop,Cable,2024-II,28896.955367324394,25669.59986249938,-14635.418556466095,-10286.246768145944,2870.086278912477,9215.50253316699,4813.352746650799,-11734.005650370585,10770.89408596766,682782.6358454807,25627.635980247214,20497.76256980312,57014.962966584535,56645.5861618402,-747.1822790173137,38332.95231410314,62973.35820611013,75424.18778636136,9096.962828668762,33433.637443813626,84636.04866930899,56983.664434043836,15069.632938730962,7176.721986926583,69831.43939854413,65217.44606265419,2972.3935262811337,18512.613152478774,75975.13696825836,89187.80441305763
17426.603337850203,3935.085020890528,382.6698909921055,-3931.1696632097505,-764.0879228410587,9147.600450846485,639.1228232273356,14833.079725422014,3685.1814969246534,-1291.8323697894557,54355.72727809054,-1823.8345852905172,5351.672404527118,-9235.921938245838,10272.515911252996,Passive_But_Steady,Humanidades,Laptop,Fibra,2024-I,37397.21812135339,28164.984247003646,484.7558568934728,9370.586304919309,2982.913582981131,1453.1304237166487,-810.7015701931393,-426.6932768721417,-3837.8328658578807,707409.8126225914,22356.951271101338,11793.322697669657,88508.83609523896,57183.971109178194,5116.822958244575,5503.150055976455,87511.62701541671,79620.99266733746,23449.179019381343,24604.966639440278,80573.4459851014,101037.44947042623,23707.08327710723,17536.872143565157,75212.4657112123,83614.29615053996,31754.880225703742,12567.115328787835,79121.96912356636,88734.13151808102
12157.78508736778,-2080.5244582248088,-4864.857836973118,-462.7608271157786,-827.9552458756104,1567.3295742228283,-2852.6651718507906,-15637.272692227976,-6057.055776084063,5592.757158999939,53272.783270646614,9491.406945119867,1175.5130177749606,3438.273347272342,732.998578458694,Passive_But_Steady,Ingeniería,Laptop,Fibra,2024-I,7691.765593494663,16611.89029978179,15493.394661625722,2305.8635574199716,5331.340797517485,-1729.8989020612198,-12998.779109305686,4512.8426424072,7521.788019220129,710690.3816146277,17665.675088123804,17750.2929318121,87902.00037437896,91291.070907096,2348.650382574122,20422.693002495034,81026.40621164512,65522.62168949147,26421.1378055233,11358.05906967839,63292.7240508828,75174.90917686808,25557.54107710492,18144.337550423967,43263.46338045667,51266.63746540426,-4449.738144616065,25973.652447676206,60708.93454283063,65478.1348834742
15312.35124672467,-2635.0593209099134,19819.784730096064,8696.806694628855,569.867501183028,-13538.52235910014,6332.044257379695,3054.854858115837,9009.994392916404,10883.37904255328,23112.317597632304,2325.5334327908495,10895.300293705393,-13741.776854103286,8689.47017325115,Passive_But_Steady,Empresariales,Laptop,Fibra,2025-I,18567.4590075429,37886.63354466608,-2291.7605168752116,-10342.952326001374,12816.983764373752,-4245.284629825989,-14108.4268387617,639.2005851463783,-13918.547844247416,687910.7800084875,10834.62257072161,19116.772934390636,49774.128416394204,72283.43486180023,8845.366274403548,21731.935199826203,84586.92648347463,77177.01108301689,15746.597573058762,4808.808046253724,63458.36285661024,67845.70494108133,3229.5962498564877,30406.32503261586,66499.12430686793,79657.41211408343,15282.105725793324,22532.414195981226,78414.70532084526,76800.18144433464
17265.762512323192,8203.071844980203,4880.270938125379,-1410.3940825009522,14861.546124988623,-1594.1529891304674,14831.796417199363,2530.4572268138454,-3882.948243806267,-140.671141930472,13814.383518150775,-2788.7659843239767,7716.19798934983,22035.80958516267,-6560.585148818143,Passive_But_Steady,Salud,Laptop,Fibra,2024-I,23028.241221347565,29733.69689667526,-7059.69509370064,5498.664510773924,-20853.262345384264,14231.236956347142,16056.633483740676,96.62696703992663,-7748.062674705918,714292.2883528051,500.9872236111387,16194.166042697694,68400.55045866634,73254.70278630302,12617.09834867847,7361.88139145025,89658.78987945507,65373.0472837014,19103.196815951775,8772.570888903316,65864.45759163912,80590.17298068361,16775.028172100378,5705.887383160394,63559.982327533704,80229.45126371918,8658.805674959662,8272.196689342543,67947.29965554817,83404.21955359222
13827.20214493133,-11503.433842910772,-403.3417634249488,-5501.240416014903,-842.520091863212,-4243.641570676086,2349.9231340831366,1327.995461442983,7039.094978549034,-2960.4703526443527,28540.65611591008,4229.598419915838,-6988.475890849375,27164.534453926717,9343.112773916251,Passive_But_Steady,Salud,Laptop,Móvil,2023-II,18424.23953823487,3929.848225251264,-17544.860515642427,-2956.650794586448,9110.206271050894,15053.607038681148,-3491.2110283672614,-3021.9763321350074,-7591.092174448586,694556.6189423804,17213.1768330649,11730.18738462671,70046.60003315235,72564.14303391302,30468.615750073845,27026.99502507476,75904.0723669136,81139.74199756965,11826.575514622042,6021.752684055544,63338.179033559216,68766.79317866043,14283.363791827938,7707.7662733738525,58524.4542001286,79355.77083857797,14653.47523547345,23490.272038031108,62959.46463401669,90982.3264051004
9538.687930599313,4281.631098852855,4820.30274910813,12676.096029129685,3292.8896196235614,-12879.556698241771,1388.9671038830038,24835.42556977997,7959.02710661214,2740.0669016359907,57797.46276141204,60.04399724881614,31468.779089149128,16166.238190563876,-3097.901703767874,Passive_But_Steady,Educación,Smartphone,Cable,2023-II,25422.47396459734,23477.239108308902,6701.694320333216,-1933.4226716571932,14199.526781335602,8191.227098333136,4760.4791055340265,10243.050004785626,-24397.81237512828,703884.8134557289,22465.035330477953,29555.900949823044,72914.75339685575,67019.29451504856,-5823.033615243636,-349.58337708363615,73349.26240582451,69326.80100853184,3778.2436389391896,15188.94146182973,72722.98280050054,76712.44589259694,11122.31936133312,4456.722370563714,84682.44582913895,70723.55355074155,13539.52052445321,25276.93761980808,63685.82712332164,86543.15304991756
4915.008956582016,-3568.158399115623,-13759.179980114432,-5391.102323264091,7057.415222029297,5443.001977961397,15297.38578487403,-10106.195899080836,14206.23202073515,12499.303979425677,25213.602376380066,25311.296654209305,9352.250702749745,12074.294414701713,-5765.57981533881,Passive_But_Steady,Salud,Laptop,Fibra,2024-I,20944.133513462424,-3671.06104453063,-3660.34713219274,5101.877300896955,-11437.248530350153,-1101.1825952353765,7540.408889412862,14579.680592513072,12768.268559723741,705327.7087503099,11795.411495129456,27742.195247102845,74577.64203528159,69021.00261721938,-3322.7619968732506,8300.50232697814,61780.45969229318,87880.31230313913,12047.389472163062,27798.254906990747,72173.9063329526,72112.52971496075,12113.737672247737,30822.794930106313,77433.8776583181,76977.06864845268,6728.327611975492,18420.01961882762,78028.85719762296,86884.72166153288
12052.686303179784,6594.468201465145,-4146.280506261229,-12623.716529502439,12745.00572084783,-16041.378779975226,-1935.622662801109,-26740.977369302713,1816.0023944800037,1017.589181407554,20702.492767735683,2875.7807860656026,8897.988336482429,25777.062423166477,1906.188064531957,Passive_But_Steady,Ingeniería,Laptop,Móvil,2024-II,19047.111164269096,12771.813361259634,-5301.562867836052,15175.268104767321,3922.5863152923644,-22606.864226884496,-2093.691765186291,-7520.0265139735375,1079.8786768781422,691098.3783056118,7499.383877369293,7314.905745179236,86860.16303894848,52599.60461676962,30099.799891784576,24148.043198370124,74754.59950112805,54644.30566135771,-6156.852747529116,3328.848662716675,80978.25532166503,81096.50462613057,11734.993945773009,29393.793749930675,70122.3826445249,86190.02177853993,7646.869434149086,8018.981351474726,76689.80475745586,102279.6473150867
-3711.4048713314787,-7239.006872453093,9631.32443309407,5065.411422945797,7496.346112473888,-7766.95176428139,-7849.620658901986,-496.24416736620515,11839.606786286355,-3460.7974316802847,19425.592307986688,7342.553489988093,-4833.122027976162,-405.87804924646207,-15967.657453871232,Passive_But_Steady,Ingeniería,Smartphone,Cable,2025-I,9128.007904040414,26354.40941775304,-575.9132794133961,2098.452728223548,-1094.7301668355622,20771.266460985433,16639.804550766174,16328.40880687197,-1276.5151449610694,712645.931086657,12542.37221313034,6527.048385852411,52775.07710256247,63776.94978579482,22116.091292072917,5707.824033536499,62636.307453199246,63331.91595465278,-2318.70383537588,23265.16776264416,99857.6385328881,59061.434165238905,16669.69878283328,23223.728490814297,70696.45631919711,92681.72618565749,32771.08076039403,22167.455923850786,55974.70582786587,61906.37385660555
9737.226028629128,21965.145173702498,7165.973857090981,7988.078762758711,-5255.882880696825,1941.396663161525,6470.425414546185,-13925.727142992033,4015.3901388156737,12368.4182441224,22006.39927306899,1621.4958665307095,-12066.963840931896,686.9228851737496,-2525.3409398214317,Passive_But_Steady,Ingeniería,Smartphone,Fibra,2024-II,23479.629953764532,22292.087835879283,2004.4077420477315,2481.103833176582,-4059.283566940711,-17442.566812367702,1290.8628635984633,1801.677822422083,3944.274510741875,700884.4355770083,2707.0240510816384,10581.412305324213,51006.368003266885,84647.60813932765,-11849.300203439656,16162.709670881048,56638.367921690326,67534.80731320886,8946.220235475424,25462.305432095374,42585.81311145912,55450.9689777692,17024.7863333154,-5513.186516503443,68962.54420625637,70667.76182598768,4397.573572820753,19990.160036969926,71933.18240132893,71403.43707536474
17897.865444839976,13911.946301541215,-12260.28127267433,6594.280931626983,-3623.7013144714706,8503.70841088868,7861.473086922491,4796.6352245440485,23020.55855874042,10213.472143987294,30693.655369832602,5236.722389421106,2165.2011126092716,-4983.782764908333,-16426.648290558827,Passive_But_Steady,Salud,Smartphone,Fibra,2025-I,21436.30977817338,1742.346948416558,15055.5991308039,23789.01934535715,11238.285025653271,-3249.297032295192,-23911.36546230295,2731.0249891432495,-1548.8529610330463,687220.4491638496,4838.6729614706765,31146.7430138589,67917.83108144229,78163.32005501381,14973.996163168224,19049.29311589559,87822.27749814323,52278.65601710456,5406.486272996074,397.08943611619543,55901.019887625094,78357.9774878103,3589.001799999016,15476.986174210739,69024.12835585434,65619.11029195874,24655.45579971587,9608.262466524451,54698.89070416023,77691.36039025894
11348.389793259148,6508.731785208425,11719.65805553979,1969.7242481891126,-9263.339386545067,-3347.410575735581,-5025.283252007178,-24611.576748427236,14731.828883819937,-412.6393188964439,33534.22927568182,2744.0101056545595,-186.38921228693926,2724.6588983718057,7383.571805109201,Passive_But_Steady,Empresariales,Tablet,Fibra,2024-II,32972.378283392725,7426.521034942854,-19183.72453054864,-5995.534744245445,-5808.547732976551,3683.787308308041,6849.71290162821,-3480.1919062777342,150.5347584482411,707529.8104447898,14841.039948923253,29946.140073236216,78689.80931436823,51904.314536811755,9196.62843771399,20424.63553051195,54924.74177815467,60941.2373458403,540.5078174814171,-2381.005367178972,76752.42209750174,79163.64052404104,-2346.6245441613755,33333.42087570799,72071.7578919927,58362.309503840646,16555.617296631215,10269.715789884038,75130.73823705585,64039.58713342086
9091.164594293577,33149.339603954846,-7567.464833703815,7713.917550342912,-18852.911539247416,9211.105244080089,-1518.9517619632352,-677.9328494214999,-5121.03767803661,6126.163412502484,57807.903941024306,-3930.732692142637,16967.500095442578,-8286.198343121785,9390.964056174387,Passive_But_Steady,Ingeniería,Laptop,Móvil,2025-I,19540.705532719086,16927.386200886016,-8081.168084627745,6065.940152449709,14280.459656976935,-9183.878566669371,-4386.698225799305,-434.0508120733307,-10133.27686972579,709824.6361535657,1299.0623322528663,2265.259630262077,73373.13287557858,88972.90812859994,-276.3927596109461,21032.89952834887,90477.8114593086,97575.53571705837,13082.57299905749,26356.73873682091,88485.1888669722,72810.07757135286,15976.421119185063,9964.282004193637,90183.26551984755,84959.30906438314,-13146.163336489142,30249.311926308852,76724.3303217206,65664.08463426764
21768.717160251614,14500.35653664299,12773.939874190108,-19656.70231922605,-15860.050007880285,-5286.383659115915,-16015.949823806091,-14242.5176451677,6836.363369628583,-144.52034279029158,40607.22733962519,-4233.843436593651,11027.688718032334,18490.556960487684,4031.797596122229,Passive_But_Steady,Empresariales,Laptop,Cable,2023-II,33031.24914039418,14196.499730068137,-10106.890646857526,20845.16326600415,15521.489395289786,-2766.5675000162246,462.7715734232285,-5530.045046433394,-13690.484689981615,694043.3899469038,14464.806400262669,3497.8408298119266,83858.80114718346,88455.4691218007,10052.230454470502,8084.992384803673,66305.33793576679,86530.49515105996,17619.56210587598,8594.954543120031,88468.9808691735,69977.63017902874,17464.141701654746,23564.688471095244,53731.36696009709,77070.81402513939,13477.091036339662,20996.18370015402,88203.66528653329,69151.06870373692
21559.294323417344,-2741.8525214167676,2165.7883048028825,11709.693438572176,-11316.004985956637,-7049.343374599342,-19166.2348671966,2814.9861375748915,-5018.452616856763,-10340.59705317911,18886.90559387151,13189.10000498096,-7377.027542317837,-3825.3279741519136,-3102.888512779131,Passive_But_Steady,Empresariales,Desktop,Móvil,2025-I,6680.251317199631,16975.251007117673,10690.898293615206,2192.9494608509985,10937.091915036683,-15030.853069708946,10068.790592620328,6962.900799974348,-3520.2810594667853,721839.8050328866,-919.1429215652643,9340.230866679947,52794.81729779525,88096.86405845691,12580.16040246774,5186.4457684014,78740.71422499536,59696.556602578064,9278.96632671911,4272.395479939736,74719.34636654316,79472.16372948274,14671.846834234995,18438.317641510585,54414.69871562238,67073.05629132148,14255.62557927018,27078.908179771064,47150.758714407035,78440.109544372
11544.817119596355,16602.178595476227,13699.96774629953,-3232.70302318292,2909.609492288663,9414.91594938367,5128.6929718857755,-143.8120572211369,-3585.445911996932,13043.750878598872,29264.267515971704,5188.317365878789,-3964.980951016315,7076.019961482574,-10152.303846481962,Passive_But_Steady,Ingeniería,Smartphone,Fibra,2024-I,5416.026920221422,28812.95619077625,-5825.064859833634,-20582.74454727931,14901.150735907468,-21507.98343087287,-12911.736348916995,-11466.913809140964,16091.450327520075,710622.9597601761,13384.311994411339,1950.874472920088,52044.484990044766,49862.735857789514,21201.296176022573,19869.503200653235,67654.97590848526,74180.5682414185,6998.770888014387,2555.418324199487,54130.62938692636,64883.46698868921,7884.265824962397,6602.905341244572,76767.01045347904,95771.60098859886,18845.15206344276,36426.97118367422,67770.90555661154,76810.60141872063
-4330.75827796339,13788.257468648699,-1158.4236447085061,6584.586523838732,-16226.733133539743,-4583.3090788917825,2888.0852318878765,-4585.01416321585,11135.53096046676,6141.26130570928,25856.727510377812,3902.50765788239,23365.37460778495,-2549.580852875586,20899.517669171266,Passive_But_Steady,Empresariales,Desktop,DSL,2025-I,14516.51624208968,20302.503747459865,14380.786758335154,346.58258091825167,465.05193114244236,9436.312223714473,30154.49233272556,15361.304687167345,4524.587330733522,700622.5293118131,9412.789753864443,8873.441477764107,62883.514840264994,103658.73286539743,10248.297519918484,13432.631197899706,88917.1253781929,66034.50917624707,18427.40331126245,4227.036472294232,72727.43131689669,59056.09713515853,11586.948453060317,23188.14184825659,66612.70122269951,61713.781216534946,19637.77338751978,7349.21192424283,60468.66015589562,76188.36719790626
4457.320164665181,-1706.0955271244575,-14779.769420339837,-8432.344560703012,-2225.668448896276,-4851.6168158865585,-15640.678085734702,5135.273975022969,5948.285590442527,1463.8496311116264,42734.80241932446,-7873.238563182948,4637.054956891302,4263.641649164844,-3400.403982612115,Passive_But_Steady,Empresariales,Smartphone,Fibra,2023-II,35570.971937181734,20473.417449368513,6575.672963831385,-11126.53500611529,9315.865802365808,9074.806071061266,2616.666483638726,-14472.679152996598,-7543.624554532042,701039.5644909213,31014.939789244334,15990.032200789077,62158.71760125373,87502.43626075235,21604.24134862217,-4159.0036826426585,72334.78139991467,84074.43574906512,7694.596139869508,-2213.674927462318,89594.35656144704,85649.74813530258,20343.539423126753,14875.213089269348,84479.40611187744,64330.9625483599,-5459.617379778167,11363.737521784042,74127.74457979757,61735.29796170029
2040.20295829526,23498.81090751641,5801.76835948972,-16767.98803521789,5262.888651143399,-3112.1292061713243,-7308.273491902539,9322.198032291866,415.38223862328186,4682.672074185006,27071.770192637807,-13277.497792942606,19958.219695530068,-6923.807145402716,-9319.28866335337,Passive_But_Steady,Empresariales,Laptop,Móvil,2024-II,16423.534061321527,26289.93432555487,-661.9249706882697,5198.51511303645,-20879.2611397018,4766.6426048838875,2979.906056146678,3548.1335056593975,10834.128717180603,721172.7668245699,11393.578963782285,27421.66661788947,55077.40120298215,100783.23594906704,8215.547167556406,14940.402527255603,56902.330575272106,68139.75416935435,16095.797796404775,12646.840728609903,67247.97781332012,84118.79055570808,5737.944611000445,24610.4427359431,71314.99973539791,73123.88499931895,4285.407542401566,8297.034143818153,58932.28314958111,84344.04088710979
25198.360198144164,8968.607966972106,4911.023531640679,516.692429153169,-17319.813987068876,9889.18306307725,-6448.766958957744,1010.2296806459392,12355.576363462238,8268.591563612692,21991.09222629945,4054.3475182584934,-8246.19737060913,8669.850832002217,5588.339110572954,Passive_But_Steady,Salud,Laptop,Móvil,2024-II,16534.19795809545,18036.027887132856,-12298.388529130738,-727.8051687485755,-2786.6419798905913,931.9855877938453,2856.760982893171,-10349.69775884681,-5282.7740567381825,719721.1360308139,23074.36402740864,22719.387826019374,68005.76625884854,63272.31020315993,9282.391445496656,18344.576631241667,71505.65606685958,56545.13525737313,19362.084642637863,9343.920426087348,69532.74398948334,73222.13087767466,8631.142331835043,25416.451665691762,72194.41421653602,74545.6186891545,-2199.743176172655,22613.159393703856,82760.89079998448,85161.48202288445
30884.729313815988,12838.150799004168,-524.1813984792218,1028.3266559745223,-14892.790771399412,-13243.134455692723,3284.7919051299245,3228.520077694501,-7791.327492396582,-4042.463359753562,20559.691318431076,127.11868795413193,5203.2865399576385,16553.528010896167,998.5231038887187,Passive_But_Steady,Empresariales,Smartphone,Fibra,2025-I,4053.804989762488,20493.583782495916,-16214.26282375634,16290.2559195655,8956.715058031823,3171.983246706875,834.1143827702952,2008.3175768244319,7720.864951339056,717233.5827402672,18790.201209230552,22838.522806225003,44037.32152151837,55003.74046706742,13240.972488027839,7470.567492980486,72272.31768945926,58746.91796732922,30550.839732500008,19457.86009777069,66232.7777514407,75256.89560107577,14503.033536909665,13269.454801182086,77575.3583184065,60188.20484650698,19323.474105898284,20922.933236979334,85008.23281588148,84979.10166621783
24605.41080171826,2079.376153573554,9378.52679628069,-19739.327818440837,-515.843736216377,1046.4626400657187,-3253.9108996953873,-21262.578316265673,16677.04907037191,12737.62068305946,39337.19015984872,-7657.2954031974,16808.249134296017,9685.346131428645,-12301.323256450367,Passive_But_Steady,Humanidades,Tablet,DSL,2024-II,8892.9146169557,17999.676906623998,-19460.619857094305,2414.880583848909,-6720.465283794637,-2735.3093843758074,-3604.6824475725543,5754.25850426189,10541.62921817124,739843.5293307616,2959.2753157392817,5483.123475703338,70231.01645321437,63153.723695191686,20617.245414022487,-4708.504248491841,60152.98904644428,76660.01942315465,16794.167226759924,1053.9709497531821,69630.68636243808,74294.91349723702,16270.224054565537,-3961.8000057918543,61954.9223695667,60132.476085072354,27298.496532729452,35737.885473469476,81199.17925918053,65520.05812450686
23109.46866789218,17065.29630259506,-2490.0504552453704,-1882.331657859634,-190.08877946193337,19546.082847848968,-4817.042871409062,11327.138327500226,-4318.022124839017,8705.836537849997,24770.58422451506,-8864.984826436605,681.9059618659035,-2221.259425678405,-3034.8196351726633,Passive_But_Steady,Salud,Smartphone,DSL,2024-I,33907.31280030594,3927.4363694874937,3207.1019308828163,-1747.9798731888893,-255.79350982336916,-19463.946801195652,-24987.76979665452,6497.089020269706,5029.769608262353,718559.107820871,-9480.32806881419,2920.050680947197,83429.01436276024,92991.77759871735,45864.0561351551,4709.21231132695,64323.569303850134,89490.47875300366,18260.864218391227,7827.0947063213425,89246.91135563317,79619.14621171872,10950.514575625748,20178.946423467463,86273.56272323294,89343.97080710038,19706.142208663856,10059.689266909281,86517.99191201966,100388.77351336982
18183.4518588889,9547.845401147279,3378.3687900900372,2700.3915290991254,3785.202811026994,1299.794780489669,-2799.3996802313263,7936.386779534929,5101.402800703725,-1039.8983187480558,14119.593630038555,20045.843902686738,6232.359377662482,7960.247959514725,-12332.614982752384,Passive_But_Steady,Salud,Smartphone,Móvil,2024-II,23821.268476562967,13043.927893828672,-3379.7458153075504,-9705.760221700451,407.01741077123665,-8091.395271301178,-13576.215828823159,-4972.841557875942,1330.9321666609349,700181.2093339958,6481.415081892042,27305.214835659994,64080.82491639803,54380.543491263255,16993.081378983206,22025.28582671297,76939.29682577685,68526.0576034019,15069.890044221664,20367.611827989807,85220.84122669563,59988.895562546386,13501.604807111356,15512.669540326271,51555.90293642349,63505.116391063566,10404.822124995111,-4150.379951053143,68286.59422549416,76611.65724308738
7525.770743801242,15179.038256925693,12894.192194143207,-2107.787857967672,-5784.431496975931,-10448.935193461215,-1888.9932347784606,27858.736770168714,4795.966490321261,-566.2729221229765,26578.41058323792,14734.30981684255,-2261.9811889911975,-5117.819067032275,12801.049560157868,Passive_But_Steady,Empresariales,Laptop,Fibra,2024-I,22714.51881459956,12151.894493308584,5516.550963662631,-21163.043195615835,891.4482780839753,-14099.191817739342,13284.588616705965,5062.492217660191,-710.3862064670977,726821.9021399226,37064.506424964595,25103.47982821313,48328.747467436304,64088.63151637308,7437.354780823679,9905.844387437308,70571.46753239325,62481.88702417079,19946.401513210985,14795.666660535999,76900.8919906626,45942.75782975272,9123.672858044421,30399.040451130357,95598.29997059875,76056.25050788512,30247.536044485638,21581.122214242114,55687.37331922007,67391.78131401785
19161.20827649823,4037.59551707565,11662.664216030662,2835.008908132538,18711.880975333574,-16019.438308390914,5192.653694167178,3878.011238721727,16637.46176314913,19363.33207920364,30435.78538483142,6891.44169774172,-2474.316429386199,-7569.960254086802,22308.552962518603,Passive_But_Steady,Ingeniería,Laptop,Fibra,2023-II,19715.163089928672,25128.698427467345,3819.734645357503,9251.842617527085,936.152830457618,17269.198518553254,-8254.261403254222,1702.2536378870623,-15278.100810181619,733487.5286272664,4126.389175328575,22822.042101336323,75888.44237582399,64324.23296147162,15215.428368955054,19121.451814859458,88995.8969159101,77315.41337966638,9344.30029897988,23672.789156992785,74559.36686219012,67809.11199454841,16319.996604559396,580.7157506431613,65010.913969003195,62219.769626743146,10916.803101520476,31723.77397652162,65546.52898237022,62549.45623099785
12333.440050266016,12272.352548349298,7483.190450299201,939.9584246799656,16014.043432019156,-11752.303468242004,-2920.765034887464,3167.9608199339896,3141.5481547785375,-3003.3230540423556,55268.94585248919,-9558.56076402279,929.2600255426137,942.131368980155,2823.5611210526067,Passive_But_Steady,Empresariales,Smartphone,DSL,2024-I,16829.890260360215,20266.998639661768,15818.265254458416,10619.406547792765,-9520.480084233592,-4612.533041027967,-8121.156822664943,6942.8325869554155,-30196.255572316073,721219.9849496924,8476.404571795862,14587.229900009486,68339.34757678144,88411.11270619101,33110.03290209046,1985.3042980123973,83268.16082060622,56540.53114563954,13408.77525921447,20513.59856182242,90648.86052344367,82961.06636514975,1686.3901053478621,-1838.8304594145484,58967.73499572856,72254.159355604,6546.6025002695915,8891.513870483443,76910.35719861143,68704.0642764059
18263.191996197755,2914.182762218731,-3333.2755264921534,-2043.1920759512823,-5292.9115503996345,-18248.33918185889,-7885.326042406094,-4381.957653077782,18311.034058037774,5209.207383024237,43700.58707456505,9201.227650670658,-1000.2789782640966,1988.138186262598,-10949.260644414899,Passive_But_Steady,Salud,Desktop,DSL,2024-I,-14544.343952080366,7164.241526465417,4193.267047232545,-16925.952623271594,4634.647427011774,-11703.940749527852,-6579.8157692733075,-3110.458402093438,-3925.5467569422226,721914.6406757253,22518.796727994857,14824.516586406975,70289.18107872948,81190.81764993205,1408.1498922458413,18812.940104200432,58878.117554747165,88944.98569287379,18622.62755896272,9576.779195117586,75595.01834819213,71228.10540850135,22881.401656017086,17885.001157847437,63571.13549807433,85043.48074966866,12004.150005189085,4602.928566272401,53163.08720581437,77674.38220516496
22490.634502386274,5988.157013871659,-2678.8813260831485,-350.84818424986327,8352.335313247444,2404.5091178892867,1713.2132889301736,-7916.49968940607,19703.744764232455,31670.660138096406,55727.8498930735,12681.235451290966,6556.7945270846085,-23058.945596299418,-6604.413839736373,Passive_But_Steady,Ingeniería,Laptop,Fibra,2024-I,34723.90836147478,9866.928135309237,2415.008751684708,-6854.75013531066,-1518.4993428086923,4154.892935445544,-8242.776021746164,-14370.20639539286,-7242.401043736184,724907.7783303441,9737.810686416495,12929.973845850696,76225.65836978168,85819.52010891282,21538.009766311447,7514.660895000157,86756.87604996927,88735.39484360104,23073.549615830583,22945.26992077563,64873.692426752925,80170.72601069142,14726.851904086088,14642.770852830756,80633.72796755735,65717.29665531882,35487.258803556266,10911.538928659182,64258.07847843067,71478.60501841086
20181.276943115612,5208.066564516985,151.21943300832072,3549.681853751307,14974.180045006655,26999.17673259411,10903.175537505012,-6145.293550816438,-724.1745087975601,7073.132512615411,37130.12577734708,7838.430491251284,1892.760626519634,15331.480824512792,6812.346104975894,Passive_But_Steady,Empresariales,Laptop,DSL,2025-I,9611.04132099413,15215.009215385615,-20403.93891868427,10698.862866914542,13028.320673921933,-12194.513570608424,-6898.884482744137,1111.1423237672739,6560.92501788678,723884.7990083842,24289.519183358207,7063.869013544912,64317.15148674674,67031.97287884963,32907.02850386867,13789.9354435138,69514.90024648333,69497.56260247664,33591.428018263876,5996.032750231214,71655.97315604621,99093.62528287727,21042.22602034089,23466.70040738796,90066.74748739693,92233.24421724051,32088.65511706402,28046.26733875193,90048.28419373247,93797.20016705904
8245.282964572138,-8212.052511034966,3625.137492036003,6713.7257578243525,-6424.326712848786,-24313.694391002064,5533.129648452797,-4662.487899403592,2624.4192723063557,1341.7101875622193,49530.6486431092,1375.9496481505041,5530.067674705901,7834.860783452496,4755.997019151921,Passive_But_Steady,Ingeniería,Laptop,Fibra,2025-I,8366.69369512281,7786.016567691253,-9409.542972368296,-7153.205562125868,-11395.793985338694,8296.086605910257,-2329.657837212717,4232.864155820556,-15775.00784402146,722837.4886408112,4597.291749563645,13217.957687848586,62236.289798378086,80062.62206263377,18570.85082084223,15277.837743138412,73349.29160663516,50342.15177360241,28598.57615295635,7244.177226281327,66753.13101153942,78477.40696037032,22276.191417619157,7685.937432760005,70755.34656474623,68358.87384450357,6585.488006104434,12810.307173700354,60205.42085199467,74647.8488587841
20366.14173258159,10532.826945693261,16928.061276741697,5636.21787847646,-4406.822052462596,7507.165061185014,2178.7149092415643,8086.639312974539,-623.565384062691,6926.127265255965,23573.873748397084,10981.18582109778,4471.321402875005,-3382.3958579076607,-3930.327674279312,Passive_But_Steady,Salud,Laptop,DSL,2023-II,29175.550125847847,17609.749326830453,23729.786847587526,12589.65486928697,-5628.334800810963,-2102.6714513435027,1630.6669645407248,-5808.014569623109,83.98147168264467,723183.5889164552,2171.0783887621765,1516.703221246269,64025.43553930711,64461.934949078626,16933.374970299832,-397.1334657165535,47143.33663592299,61792.370883571966,31325.231979153956,-2328.6022148589436,58612.96516052598,51400.72081184134,23206.391945239382,-439.5014591513609,52771.13940359536,67477.22814093341,-1891.353586494377,3277.168858092442,77200.34124280754,72796.53785105085
14212.853461311097,10580.615657316537,-3383.4610506899726,-1433.1055591920938,-4728.608123366171,6840.35421868338,4794.280376442561,-1478.1342943449058,19734.2222555647,10859.232440044641,21933.450178864587,11930.325508311247,-3413.0052246794976,16492.369315931028,3956.2766630200817,Passive_But_Steady,Ingeniería,Tablet,Fibra,2023-II,20179.92497683528,37253.53933084139,1714.6365711393482,-13959.889607028443,12712.487813197995,1667.0679527155642,-4668.5525068798715,-3056.5484982865696,2362.693313286019,739103.0590648219,15704.294136369766,11728.520638569275,66654.42330452461,69612.89560032893,13086.165519247616,13515.56448379848,49885.28425438987,84416.91000933367,8065.735960394975,11064.663839114684,78247.94815976341,53032.6410720156,10888.714210090127,11347.101397120674,63785.69039755226,77557.1208725727,4176.276361382617,-4822.120666301002,79866.02037557901,72555.42880046349
-9649.55884652616,24736.440092938887,-2878.8749045739073,-2205.805249151459,16724.9592536531,-683.1282829911146,3466.482648882902,7669.4519268229415,-10941.210295409728,1058.1947829110982,44713.663718019496,7353.861238052841,-229.55888142413824,8409.52305397237,-10548.178204904318,Passive_But_Steady,Ingeniería,Laptop,Fibra,2024-I,21627.586117381266,31694.0021624898,14258.463478278009,3950.169798217993,7320.926985828559,-17429.542513281733,13508.543602992331,2652.266813828018,523.339534828535,722843.6415755589,8014.954034733143,32578.12747405328,58937.08633555661,81270.50604081767,10924.731305964142,30914.69873331909,66280.27091153637,62776.59002254015,22715.371086588733,7490.1830935470725,68359.48920632884,68009.79132810225,21734.090635752524,42504.11185064975,94758.11240603533,90273.98650852559,26841.239578602566,-6971.971779590811,75526.53115437439,92711.029805395
4322.052798302402,12404.301192715311,2211.3195760592057,10028.219666684077,1728.660858482526,16477.901297150813,-8908.828693869687,25905.75597651793,1986.4504450431805,544.9835499397896,51055.78511410296,6074.118805662788,729.7693925156864,2421.5235493953014,4033.4816086908168,Passive_But_Steady,Educación,Laptop,Cable,2024-I,22482.794915600396,34416.13064099851,12056.406796679597,-2829.040514877776,-3403.2083690820987,12926.429905699699,-7254.134204735809,3985.282258542763,-15367.31015573487,755221.8158642264,18921.50293158349,12904.992838224802,57241.31116936152,60139.85614575556,27123.862514877263,2556.294874189016,71096.46986101472,56750.79256192519,17521.45621994605,10213.066653674487,60918.708726020486,77958.02866899033,9277.762246737559,1561.863190421178,54139.231831835394,74764.52577154641,12704.009378678988,30162.721541119834,80468.73919535369,79163.76855264754
915.0401460262019,20219.117977508347,-16569.059947074227,10432.052179236625,10407.074225623026,1068.8136911625716,-1471.6018228069693,-551.6764100614541,6901.154440265851,9085.180719310458,33907.60161404323,309.97507262735303,19508.482804994197,-7776.826928479697,19332.99929144206,Passive_But_Steady,Humanidades,Smartphone,Fibra,2023-II,12464.19295283989,29655.1323538132,-10561.910898670305,4930.251387718008,-2988.033447634725,1.3134377580463479,289.980931032489,4739.208437944929,5650.26837175156,745031.2166697236,22931.842295860595,-1562.475762532029,72974.34864506747,49733.13173193872,-7403.322276431933,16265.637725553352,60141.81828883261,80702.32659141054,9190.744459870351,26740.997704978676,76516.6322754516,85115.37105406242,4574.157264115531,8516.102229286907,88154.77015099244,82351.75294772295,24927.34876660009,29503.276354813443,87163.11242730028,80521.06883718248
14388.193936859012,6637.922046267765,11017.441307650262,57.73022506066661,11229.832896390524,15216.451150302071,8490.110576807925,6917.675790699475,-3728.7636761626845,14845.269099831552,56414.74816191434,25209.237724804094,12707.4817154517,17261.31526181816,-585.5213931626153,Passive_But_Steady,Ingeniería,Laptop,Cable,2024-I,26688.04346711937,2371.773610404558,-1877.1614131934653,-5651.321003655547,6013.346844054288,-1492.2655069829843,1417.494125734879,-3592.4188254608816,-8424.459190879865,714674.4047229608,28900.128277661428,18414.22484873746,55383.14145409887,72262.60226716325,24986.207597571643,10410.781508265747,60682.8668867962,60654.94153359274,30646.696715995553,6614.2258142143955,71807.00083156866,57557.884189803604,17034.996975460865,10371.504189131014,74218.04770593772,55240.44562060811,8502.824772150485,17571.45424720932,95905.12634527883,83853.09552429256
21721.299633440598,-3798.5894273597314,4265.817145419198,-13913.827064214345,-15750.536641228458,-8403.975358788142,17501.26161177148,-8087.967863940725,21359.3764557937,15960.352123618475,26382.7494857607,782.307542115781,-398.12674522254747,-4493.422969771719,-21064.475667807666,Passive_But_Steady,Empresariales,Smartphone,Cable,2024-II,6506.451193962748,29610.825631218584,-14548.211752057017,10750.975579961196,-7464.5476813482965,-438.0035009660942,4069.8540910722522,5580.5078264102995,12208.729853383338,725894.7996529336,7861.589943359296,34455.68798693268,69125.7633392376,70123.14655599179,20183.62347518377,19927.9260090696,74960.02425764252,73060.71089423902,15873.476547298478,24251.972590043188,54272.78964197704,67765.38302026864,18843.785309333434,1223.2985754624751,91909.41115293626,54113.33840171246,21757.568782407958,11511.644268436752,88803.06763829681,93318.99225154846
3202.1370610245667,6845.509395882784,10650.992081317008,-23133.050283780594,7416.067032518595,-3988.914954731037,4785.0743854838365,8465.679044551733,-19967.237384947297,-6134.746605216031,42784.18031642863,-25475.621876211735,-16596.131424766696,-3629.5600471804037,18587.010698198443,Passive_But_Steady,Ingeniería,Laptop,Fibra,2024-II,1035.8284357519951,18166.64730969901,2726.351491639103,-11847.373276067647,6377.634194038773,12018.178155194153,-22297.847234965844,-3169.0550149772544,-9753.376480416433,725868.9901984364,9085.332302057046,21106.885357476407,75606.0060787421,71224.76418682472,19104.18969041045,12280.161608165397,71248.56037557324,63915.73916475958,23082.439876901568,36736.330605604875,95311.3045851783,85073.87181612258,26718.980831510045,39665.02535559229,65994.42787481297,86259.81819082837,36718.50817248474,3753.8048123072385,83719.64227018996,92116.95936165255
19013.641791238075,22239.510158486362,5053.244858660717,13014.8646891928,-18206.240798467603,-8669.590537070402,10510.013066509924,20848.513551060918,-8516.954807461616,5893.537814573663,18850.661915508823,3858.4672298960545,-3082.8052120587504,-8647.513106186401,-11066.722154760495,Passive_But_Steady,Empresariales,Smartphone,Fibra,2024-I,6935.110312521538,24727.765249584547,12295.625860715534,9875.147460972064,-1952.8465813142568,8158.959870059678,1180.1167427588603,-15790.596944069111,-39.84937541029865,728028.243421651,24066.926378558255,6645.547665708376,67920.99187978121,63975.701689592424,10680.623865075187,37760.1261614562,53822.92699981841,67364.68834588757,13586.133111423831,10395.14493179723,75335.11922085412,85520.50192105287,8270.27861067994,9409.647612297904,85233.62243299265,73782.43911331968,2153.602016380695,10819.065112237133,66416.80657409017,75860.84100072132
-207.96417392693365,4352.7001968028335,-6689.969435733512,-6093.892855283569,-7115.970919454517,-4276.02014693656,5011.509538886066,9508.39975354747,5868.872561979646,25706.502139883858,37176.82253503155,5277.633416411747,1503.1270262811604,5423.007929779653,14374.224438425734,Passive_But_Steady,Salud,Laptop,DSL,2024-I,35636.274180070795,17249.868782992206,12875.901989741362,-3415.911100810024,-788.2031493497511,9493.396199810473,-11539.846341370147,-5721.54580792081,5384.085976362957,738877.3058213352,14436.511385566011,13465.234192903423,83552.97749815122,61260.60880526027,8304.914580232138,9859.402773397353,79258.1488793841,66033.69346434066,18097.302996100225,22726.126472408734,71898.80357804724,62389.849619629225,24560.579644591344,14505.965804979427,72242.3924989862,80945.67220238197,3776.737060814541,10678.165252326027,64279.80894178542,83969.28908858856
2823.0057947513196,28132.354942510872,22274.0762732389,-8342.310035840432,19169.037671577156,12330.877021252241,-2494.0064781850133,-14594.641205867376,-2327.735890725304,997.8854739382175,26370.357792951814,-13074.175158406333,15540.944964322398,-10487.480137896324,12008.456515450987,Passive_But_Steady,Ingeniería,Laptop,Fibra,2024-II,30872.54171159394,14568.81214263488,15901.874712769284,6182.049330042757,-243.6013915367813,-509.6368009318253,-2818.834105979661,-4236.277383281816,-5970.211565347882,733224.7574606726,11447.605326506722,-2115.248300748286,59165.64642224451,49959.24697887081,11128.073947397013,10540.91523974977,69817.20839661361,72912.22098812283,12147.358259423805,5113.453255216455,73077.2765061514,68813.22871112454,8186.339817583998,17296.632305948682,56829.58099233347,71388.33062980631,11347.419558297042,26171.605090315363,73322.4761633217,59468.99303563408
19840.846146893393,-4406.620582607094,-6322.671981827179,-10582.730097835454,-5894.677305242796,-3176.771567061257,-3875.163404542017,15483.769070047623,-1504.8461267083035,6200.816737225863,37818.97313103858,8797.044517012011,-1763.9957719791516,-1039.0337096660396,2694.081955729728,Passive_But_Steady,Empresariales,Smartphone,Cable,2024-II,16040.696749882363,-3913.939510451295,12133.113501854863,-13969.913593374109,-6175.461897112656,-3308.7775228020187,8137.845066143958,6909.22188606115,-3997.249199684634,741650.6524609698,-7620.51443697108,13103.461574438552,67905.98492934734,63602.500467754035,23025.04838554672,30066.852053992785,75569.31148945412,84600.13582035736,18915.77480746859,-10037.995107888819,74151.98770852508,78622.30529421274,10665.516045905866,22833.48332393506,86471.68568638242,70258.4885504893,23015.468361330994,17771.689153246913,78160.9867163242,75675.20867186118
9260.81005808335,26078.327674215245,658.5192004008984,4605.928784183167,-119.77348603528105,-3005.9666596603734,14181.413292377805,3092.538616813204,-374.28020165394446,-8930.03874502427,35248.65683627953,12806.074487393844,-13083.603610476304,-6251.32172734486,3332.425609345659,Passive_But_Steady,Ingeniería,Tablet,Cable,2024-I,23985.51326039878,26254.48396800625,15683.627006555751,8634.806673310208,3146.8171659777163,6990.586636564292,5245.1672922364605,-1158.0349406793039,-7739.965275404775,741980.7617905491,17458.479725234007,10900.31510888764,95053.37034515804,90648.6376762386,14149.120393612007,-2373.8657004459674,58280.290911675605,64328.474876339984,-4145.480475995366,19265.914961160925,70232.53999645526,80625.18114376064,26391.462699280888,27307.148068114286,72980.5097882332,78514.8252862735,18341.36402916516,8492.05844771689,86838.85268972439,86535.87333880855
1648.8412048465307,29984.839501772243,21987.114667006637,-3852.801351422591,-450.3481446061908,2047.0914719784894,16630.00398576522,16646.83855256746,3441.6801830999634,10689.658854455709,41860.821303690194,-8200.717920415476,12679.135923448546,4414.426726109312,11697.298874016516,Passive_But_Steady,Ingeniería,Laptop,Móvil,2023-II,20694.680419435164,24155.66970821969,14742.911445627184,7673.9496945119245,4581.266034428701,2665.489196598986,22581.511556898276,1707.7346664911342,-2350.270829862111,754195.432652336,21766.82693080401,9411.959966169838,67021.91287218893,70275.80332899591,15161.971666898855,1875.1875489030645,70170.90046488939,63307.53819488987,-4567.511425992183,40447.293828095666,67136.32285198987,68840.27192399997,28956.667805615463,22469.0710577016,72201.23248037112,79938.41666926893,26295.165004386858,11531.810424606363,63555.094166999465,70532.13236012211
36444.14847278915,-11099.263592366311,4845.799900730589,812.5689418706274,14766.143464277795,1925.8166654464237,122.70590181794796,-8298.415024852009,6197.7248173968155,-3098.2942219084075,36392.797165435266,-9471.107916561125,-12131.611520918126,3580.209125035684,2394.357516421474,Passive_But_Steady,Educación,Smartphone,Cable,2024-I,28283.775716564785,25343.35889866011,-4091.570136268414,10536.990426170925,5799.278009890035,-10091.035360761569,5159.102802106381,4795.287600245572,19624.278624456234,749256.389721371,17877.832663437453,23846.057940049788,61376.68910506101,45568.41231190819,6347.047345596976,31332.421215867715,67110.30195394937,80097.79233447864,15565.861290186705,14940.25203282576,57104.74096582463,85109.89358821827,20014.911780385024,-1951.1343243534702,65430.64235851703,75909.58044999141,28596.034845637863,19260.06637599697,84425.95078965557,83356.28881982513
31694.344748262833,-11086.619024109692,-8635.06320821194,5002.547530330021,-6082.936985398418,12557.772918703786,13253.750555072718,9949.976298284722,25840.63899161659,4317.166073279062,55438.262219806165,-10729.18131667281,-7127.925521060282,-18259.67913905546,12611.670284220378,Passive_But_Steady,Empresariales,Laptop,Fibra,2023-II,26995.065653380447,11024.090007356079,2803.8230985851724,-1703.996344761416,9028.720563627152,-1435.5280876712964,-806.803279666139,-7625.70688287724,19129.434102011408,735461.9500604792,22894.582495164304,-2578.0030074821334,75838.33939146347,71530.77299763837,20655.58807743903,904.775793213681,59212.639569508916,72004.39885162318,15125.800001550371,12458.619370964228,74774.67026023554,77906.41711771578,32255.782767679102,-2838.316425775869,78281.98104937555,79316.61239814719,15144.794528005259,8325.205333538177,67680.92354024266,67295.29370239846
-3684.635465987879,-228.04359997906886,-1993.3468565775265,-18346.594033103596,5104.889777342134,25017.53910445558,-10324.554557673395,18048.635628665703,911.7043919548955,-8078.0428378773995,36154.335529746575,3233.108270053813,-13249.318061258256,7077.520820554895,-4713.022413114247,Passive_But_Steady,Empresariales,Smartphone,DSL,2024-I,33068.987455985116,20702.629701935468,-17009.02826874696,-10899.990786385199,7670.024781520071,-2617.190132464333,7117.936611438038,3884.117919363348,1329.348174494037,734437.0669468127,-616.5870556034643,4561.616308652401,75626.14613955977,61194.01198197369,8599.460023066975,11328.394586168804,67775.32968509225,67068.63057603303,20680.6262832061,15958.66799199869,83613.68059666532,93272.19064392339,9643.20005446007,14906.886910567628,73445.91506273442,69049.09648182051,9082.547019554953,1656.0566758223104,68022.39581538472,65013.22142380832
-2457.2978071058387,-10438.72370811158,-2487.406982092924,2323.6427629754103,-11023.241363489984,9815.622929400688,-11361.5056910176,2766.1964091682544,589.6794562172859,-2010.4942933580978,32745.063804065983,12864.99770717186,12388.61186639218,-3018.0832829895717,-5520.2028546554175,Passive_But_Steady,Empresariales,Laptop,Móvil,2023-II,11630.378247948107,26560.780616497188,6081.487178788426,-5814.759475267471,16286.400825109382,8418.789125636846,12953.805386389318,-5267.589767706443,-4500.014104481381,734745.9666183132,8767.662000902612,26394.805720872035,67494.99674105986,78143.48525303547,5490.579448362609,-5153.360270487257,61169.03922617099,58328.36205936858,21093.801534777736,13880.51069686496,64186.829126234225,67285.27733516433,4068.2814546489844,13755.390478385547,82594.81694078038,65093.95367106436,15433.068793938834,19856.46186349132,69556.7454828414,77225.1187898468
14430.825875160866,19942.4972152926,-9641.736936185484,-9494.469071865537,-2901.761076852575,-1997.5355731156812,10676.810870963676,23607.752706933945,-15477.40512999085,-544.5108523087229,15601.315331695343,-10336.865031555339,12001.010160518716,9642.877005283803,17163.911293755693,Passive_But_Steady,Empresariales,Laptop,Fibra,2024-I,16803.406963268153,16522.281900825186,2592.478190541223,3476.916281309367,-979.4479280623918,1246.8682407491665,4561.9725863184785,-3363.1774855558742,12326.493855060287,722678.7899139879,18414.19905573839,2613.1345901264503,62351.647791804186,70331.73967334146,25271.34488385757,-3720.2695812471247,68739.1313864044,68342.31998545637,-1117.0427223308288,12449.585561503922,79270.03878137648,72517.91964839048,10826.299286991187,1003.5884640939821,46222.14318535052,83886.616181216,20336.602358822216,4222.9671176218835,74235.38827801033,74473.14967430136
18325.77388983508,24048.641512715898,18392.14746632448,-461.09671718323295,12089.998093854754,5519.967832437272,-13977.62099828056,4264.439894307864,-17709.85987818333,283.07262354337195,56042.47673478609,-7153.668093404958,10534.798851015341,-2336.7209946281396,-7347.125378949532,Passive_But_Steady,Salud,Laptop,Móvil,2024-I,21552.92553996169,16456.048863514152,8946.806917821563,-6562.290453403818,15095.776259947479,-5577.959665481092,5700.410995871204,2115.2270684282826,4834.0506599538185,753968.38983336,15400.561044632728,20448.18875522804,87012.35720018604,82059.37595747481,20105.101053245726,6000.301469290182,73548.27053937699,81406.2604001135,1693.517701274517,7697.092141880157,59858.467959547736,62502.86420181102,5351.767198261606,17841.09362935518,53392.2221132841,56582.30003000746,6500.9408620233935,8849.470347633682,69267.9693773822,68024.54671814638
1148.09299936738,2146.183650215363,14010.028301375394,-5807.671994578319,-7789.771904142389,-8945.007559502415,10795.8949723561,-7981.286816237351,12557.39414753238,12615.885794637376,18508.27404807911,11635.138511045863,-16145.696888266826,-2926.156287777408,-8446.06741516175,Passive_But_Steady,Salud,Laptop,Cable,2024-II,14635.684395533859,25969.964759677285,10790.68769891174,-12222.298291830935,4962.703237888783,23741.16417524362,5080.0569592659685,9659.070913063882,2287.2037766588055,720495.7621475458,25013.296671797274,26247.697535934814,71176.2204722831,70827.07281809188,17925.444240464167,17184.170135825538,79477.3878041815,85621.14490089024,19485.25488106504,15886.481160383773,83576.11316349191,90679.62342178581,16072.177613076832,29263.085586328707,64207.508792311404,67628.76218015881,7343.475880596846,896.8934142580474,67931.68541813066,82626.97366987684
3020.211837380928,14072.738013504193,12370.974590593876,-3485.4776570532404,-115.2011251439576,15462.098710904502,-12899.998693419102,-5109.227548945314,2922.448308068011,22504.596693133455,33137.286780570954,17230.245048704146,7251.144245942167,71.05027108424042,6234.484715650227,Passive_But_Steady,Empresariales,Laptop,Fibra,2023-II,37120.612961943014,38792.20470798761,16406.288404490133,-26822.0934309088,32081.229827935353,-19822.728994714023,5381.078904432723,6631.591295710441,-16946.827577753404,751952.2573357446,15144.361095846869,5686.9489654904755,76289.54475231306,91323.35702673001,8883.846634271476,10787.219673759218,64052.46911965162,66080.40841193813,20813.86701909397,14760.281038026826,82046.52232162506,68995.15302113198,22672.420939793592,9936.414760192856,85165.45350047693,73912.15799278714,27318.314759787303,31295.97468640536,84010.98857604063,80171.93686686718
10720.941046990183,7660.700732863492,9824.848597361577,6700.207693760795,-1498.5726441450438,240.3572644973529,7656.1777275277,547.1870076110426,5347.134329012917,9965.552106747797,38006.48969340077,5662.13743982621,21353.271672251693,14889.8845534201,-18981.94640620571,Passive_But_Steady,Empresariales,Laptop,Fibra,2024-II,23577.89564531665,29605.90844077919,-24.860872003076338,-7290.518019721867,2603.5243151085274,2326.310506962405,-3914.0956393112947,5884.678287308443,-10977.610278389651,766432.1317311105,36355.96833962383,7353.590665835523,76187.8403140985,74563.13632547509,15922.443322082014,8494.47530134649,68041.95948966753,68531.20998945541,28065.263826350583,-10314.492952092602,89067.88583661636,92343.6454492148,21588.714582377743,6618.2853144417695,91388.9872300174,66827.24561963759,20862.052696138642,22250.26528891745,71246.20173257095,59804.22808228308
21623.082831842978,3378.16473661061,-8115.814119326697,7568.610454708875,10148.76741326939,19015.458156817444,7618.292793529199,5899.715978355772,4419.412579243088,3213.5865162216833,34907.99907161499,12526.349184795083,14510.550411032102,-5825.780988986597,3394.7744686728583,Passive_But_Steady,Empresariales,Laptop,Cable,2023-II,7032.758242733968,25274.015779495596,13788.099673408591,-16920.331645954608,-2245.4054524791522,7731.276527723663,-6228.319970244501,-4238.26996581607,-7871.753264769149,750381.6740218649,13868.531950448541,10974.099382020191,78356.88412007265,89045.45636856176,8110.830119202944,20472.787353355277,69052.61121719287,81652.30737919817,3606.7907885234417,9567.388615838425,63832.24936274892,77641.48301367513,24370.726853164873,3150.3643871205786,77842.28835630637,53421.39871137853,-992.3700258997342,24207.01378483363,74880.72812952679,83587.8872180655
11279.215063881838,2815.8796835751486,7709.819883636504,-353.5359414743099,-15457.329914308142,-7239.782631944839,1422.956476811927,-1620.703194219418,2628.4721626302307,-3789.743693964544,22745.712685246977,-4092.778999415739,2716.9441686157297,7096.917484021888,17365.652589295896,Passive_But_Steady,Empresariales,Laptop,Fibra,2023-II,15540.563057326759,42887.97570336738,642.1277872700839,17904.672883803807,2664.9617145450643,-5781.210770983621,-1741.607046169152,-14300.307859686727,-12233.025335960245,736300.8467291816,23053.53060447172,6821.615109099043,81574.27700204882,58146.62976908076,14554.683204101262,12028.27740507657,66617.0483812637,37773.71280864757,7878.454949509171,17939.535778583333,60837.81887302462,75217.09377487033,22466.45591730091,17020.06327781369,57805.981036380785,71014.35621431394,155.87175710744486,12108.233575212214,57817.48508965794,59077.87330463846
20676.91017102982,3030.8721026806284,-6441.205607824238,10349.327046877659,20345.606696231916,3865.3537231385,6339.0057836549095,12230.254167133573,12791.06655099323,5021.228428028799,34070.380936600224,3419.8640243647324,5379.782452253334,-8267.279854066677,1329.4442668090032,Passive_But_Steady,Salud,Laptop,Fibra,2025-I,26840.13100787237,24389.86213080019,1477.750395486918,5658.959974861346,6695.17363887786,-21837.12994127948,-4054.453310680915,-10691.646780215204,4308.699615101674,746236.9268526697,6346.702131089294,13279.696709145177,58899.748759541224,60111.55597816244,10992.258551517123,1739.9097167533037,62523.508432516,64214.74243603436,24344.69537219235,10529.438960102361,67116.07488597231,73575.70267946564,8733.892101635302,11646.010891027741,60855.668444582225,59647.886738890484,385.55268682319365,18284.587498718454,70078.37606748556,67730.50306602984
20776.157607873658,6036.403538951024,-10509.36635483665,-18493.046853069613,10697.528019872589,-1035.5177041671425,3815.245379527059,13804.390003221186,2387.319945355649,2760.672474364186,61997.7842203499,-15838.058121343915,-148.7135863589151,-5154.814505733639,8694.97179443861,Passive_But_Steady,Salud,Smartphone,Fibra,2024-II,14901.69707036426,27433.79856435113,-14709.645721745728,-9893.999166920186,10374.43884652755,2194.3926092945353,-4569.811545496392,120.9744675103151,-8161.729309920892,735771.9591697371,4953.749330036038,4297.933675431526,81876.68178514486,64623.545520841624,30893.001657723667,8833.967540508624,92777.95501649677,82327.70449971399,7682.136067311832,17073.819580911008,68307.86592201678,69340.96276088088,6670.649125366646,22693.806422851758,58901.71066387225,88929.4313915589,11364.937911660683,36632.409279522544,82087.93860628459,74290.54034202185
8800.7479162827,22662.68414242833,-19481.767584188245,-8788.351253143122,4782.189110096445,-10921.060932162922,-2134.2762980801367,5286.675728082917,-455.20033702282535,6854.73910637386,44733.2503734041,-14421.30901339662,-16741.415751909764,-7828.369990796259,-6485.883765546072,Passive_But_Steady,Salud,Desktop,Fibra,2023-II,-1438.9112532439249,33411.282112274246,1534.4670383115003,9790.415756914508,560.071935428045,-20863.081791411663,-5135.256768541853,-2567.221655029538,-15814.415850972104,762352.5895735769,5577.932613526939,17803.359687706143,83226.38101017456,69953.32940640062,28047.104940818823,9974.197257948917,63776.11597694813,65810.49526871358,29954.03485619314,10445.17529496089,101857.79519695674,68386.84372547937,25310.976484274797,19112.910932132196,71418.23153156067,68863.03919219764,8641.288985620335,16365.667194407666,70699.59763892267,80507.90207442961
20749.609871739405,19656.64525451395,3331.6035748989875,-1035.0841557710592,8620.65820396697,-761.0784323895243,5889.4320078521005,8278.407699761487,5915.38249203781,5053.06092039455,15094.818757367402,9393.12072182445,-3151.5356290664527,579.4566246873402,8694.131893412032,Passive_But_Steady,Empresariales,Tablet,Fibra,2024-II,26625.331705835713,7222.105370556788,-5527.48689357408,14120.037573138188,1971.757377272561,-10138.424606713708,7515.636163962613,-4748.325535811007,1339.7312289173935,749722.6627430238,5792.533176451636,12799.797219987853,65313.10917622325,82947.33222611775,15662.42168199314,22776.076528576064,73943.89992926114,67634.94915459787,9763.873734280438,13531.36310809121,59723.83856870093,83059.08905626228,15519.045760133424,31397.221627681498,85276.18144753971,66369.79352895851,27407.67896656464,27607.102161951552,59048.2815574902,92165.73146407695
10961.45246000877,6592.404151642333,1921.1066323830178,6270.752228047444,-8497.423642909162,10757.699185355712,23831.29003699525,15429.258346973684,241.43804662864204,10761.56936330746,45229.582919020366,-6077.370267970406,-9101.149083859751,7159.176785804457,-10544.45536215563,Passive_But_Steady,Salud,Smartphone,Cable,2024-II,26036.455779313026,19087.015422727032,8077.911859930546,26610.751319006515,-2963.218014023276,-19031.610005745715,-2622.360748208595,13386.050399876915,-21704.095638697057,747470.309963397,-887.7039984965777,9420.250364533516,42835.58025082135,42270.5417910241,8005.779971393242,11108.17076712782,75938.43524066548,58304.37419457975,8677.748367446466,22490.297547031616,73903.5282276123,82692.99271501965,12197.139712182483,20804.077203527922,60245.443723943754,70017.06449215817,-12987.605692192647,22688.279823353023,53471.4655534759,46173.63797212146
15336.725118409791,24986.54140714668,-10566.382414943968,434.52489924238625,-3825.64349139943,-3419.3991425411086,10738.504517813213,10534.91726612008,12024.992729920394,18999.791082126798,46540.25115151618,1362.4568771516447,-4103.103288347378,-10540.566453043371,2081.6973666024155,Passive_But_Steady,Humanidades,Desktop,Fibra,2024-I,19832.895659581318,28039.090407428466,10004.892591016336,23095.18985522047,-696.4283380612721,-15798.40689767956,4212.650266289037,670.3425538535786,2019.4453035930824,767692.0675829164,21473.535639728998,18328.985716482275,44944.16295954024,50304.1820243854,14150.55387992673,21128.734288302516,83581.94333649364,65889.92989313131,10485.31954980671,8745.501982263046,58599.73956782989,68191.63947036532,10753.977088787535,10222.91662512639,64376.05479691168,88569.51016853254,30584.7708259289,13230.159029513803,54442.25018876672,62648.99573563626
3897.3511521978653,6934.639052811433,16127.819829588176,-2227.4272561921043,-15367.499614047063,-7282.113483890698,9179.48526540502,-4586.404292383775,2330.29879942102,4330.8858441922885,11984.796047332798,15526.732954807278,-974.6619838817305,11424.336110273682,17143.410955003146,Passive_But_Steady,Empresariales,Smartphone,Móvil,2024-I,6067.469412819824,23711.9296648282,7732.201062934007,8197.83500904073,2599.77512825633,-794.5065668885899,-12146.550867608794,-9130.324966212504,-4330.345487967306,756969.8692504199,18933.57912158932,9517.342024473557,41790.16313603251,84593.85621257414,10074.049249176032,17565.049681435157,75053.47574832792,66834.09224037566,9513.825007909276,12585.51782041462,72646.57727743193,73497.83578969985,20053.747109236818,6270.757999639622,51280.04890772189,55926.910393671096,36.92774302699581,1265.4022300887718,66385.76417157613,94162.9437402386
14280.355878825889,13542.590894489287,416.19914479947346,-3838.963761733148,17646.478009808085,12211.25948957966,4244.309069201371,-6831.728156005413,-9600.333844090981,4964.590707251732,31746.928878484112,10603.656092200146,13808.067218143111,21266.189240452433,11472.471752239679,Passive_But_Steady,Humanidades,Laptop,Fibra,2025-I,27470.013414089677,14929.244176739025,6710.049545596423,-2602.0318890431004,-5512.299388931677,11615.852715487932,-4246.8740381301095,11896.87725700396,-2721.0895410436688,753754.7050871793,10334.90879154834,9125.541939536655,77402.17293443652,78053.43556466351,26794.591409835026,23374.417502435448,59126.51218584154,68714.37289668243,11331.898887430723,4317.590020438911,69042.41634139742,45001.69731825368,31848.091768372673,22500.158590827654,63549.292737022486,67478.67060209323,14838.475955755195,9303.203002198174,94387.95845260288,72218.26673893518
1620.0946884112236,7827.931833348968,-4911.364490459947,-654.1148211009241,7976.736109144096,6227.601649238772,15352.80321325474,10218.254645110872,-245.54910119641318,-8182.1804674293535,29647.633967828384,17008.947020494415,18311.293904000784,5025.83047307874,4240.786189995742,Passive_But_Steady,Empresariales,Laptop,Fibra,2024-I,10595.093201982176,11717.23119082947,-14648.162565064475,-1689.988501986346,8758.917035889242,-2679.3150248882334,-662.4835011782999,12430.564557442744,2946.954306459976,779387.66836909,11886.837236031435,16623.813653103796,63946.90486187808,85730.49244776837,1128.8974494274298,20544.962685911472,72831.39233676993,68164.45370463665,16579.648215428897,7224.265167648074,78887.18917906928,62305.59595152775,6336.3950718917995,15466.077631559312,80721.1734948236,74337.35852906908,6106.341162060151,22342.55521844056,77505.17380477765,55532.87845763738
10151.847510757842,2388.5916908586614,5139.839325818057,914.6064605682151,1420.318754062357,1318.9830928564763,2508.6289273172897,485.41757263350155,3911.753067909928,10785.994953189904,29046.246081471672,-5787.572928835625,-9631.411848288026,-17133.08653580565,1315.8536748637434,Passive_But_Steady,Humanidades,Laptop,Fibra,2024-I,11331.520803307842,6611.179357724288,5186.269179691228,-11929.203143552659,-11882.94939991551,-2747.8454289407086,-9203.486989032699,152.36838173285344,12249.28361504836,769034.2460008622,9628.22196835247,22190.935873056023,74772.75628785069,64304.95196146579,35925.49234426182,9232.62002082452,76616.54384904835,74230.65986421373,4186.282248763237,-6781.477496494284,55213.70198147913,89187.65492381094,637.4507411287323,12715.570445394578,52958.8757355713,58940.4675843526,9644.176092333197,293.08895503933854,32920.01051771723,59999.19901090229
11815.138219150813,13008.831937629246,-17306.091771669413,-1952.3903682214818,11306.801648912893,-5715.365021497685,33287.17952391525,5175.598489256218,16910.653004172484,5533.998187422121,42278.7496898485,8612.204809146118,14053.792748962973,1066.7887848407545,14527.072215935612,Passive_But_Steady,Empresariales,Laptop,Fibra,2024-I,26350.244937969517,20836.0020229612,-6866.878124549839,10530.123135554215,19140.060733073733,-22619.864644922352,9105.952828195817,7408.471787788316,1448.1334650344709,751003.5556710479,-1.5268172167488956,21533.40441091684,89765.47206342727,62916.04058895585,14044.053312304522,11611.221543145382,76729.00296449545,77577.94885848805,28258.319015018453,27059.705151688613,51172.77454690785,55535.47922072995,15890.445668428982,2537.523363664286,49184.37323062321,65439.44515587839,27169.030039833007,27471.559547655088,80811.93666093527,89507.33436646497
25483.250191763665,10391.804775667839,-9911.739091130743,15156.816266944441,-3507.3540121909614,268.9232435511972,15217.836270180083,-13694.353197830273,5128.019593691475,-9126.231717870765,23249.07767473789,8371.06989688298,14684.038838771306,8897.96296393296,-982.7402131160012,Passive_But_Steady,Humanidades,Smartphone,Fibra,2024-II,-277.38190795664923,39358.977573207965,-1187.166126527205,-2175.526911672522,22699.38640142925,8807.98911235283,8998.887503374526,-3363.9002279269116,13971.587445367293,764392.1972517312,35294.41256499231,30235.785063378673,61302.17269429835,80559.4194153926,8175.120618128141,11691.844599047525,67102.25758522033,50529.883481710836,20134.782370385332,5333.093450172462,83071.4917124574,63350.29505052627,29501.102254461985,16400.86163378022,65641.44229404462,63547.39956796466,-3429.372025894918,8771.924359789275,61022.22020779866,88454.97101084962
18608.485487260252,18310.094174012094,7306.282467812735,-19688.478078377364,-2669.6695755149567,2250.2300389408306,9424.218832114306,8970.43765084939,11502.161560797442,7535.089748871231,32943.62871895429,-9325.930367982855,17866.95076960006,-7509.059227570717,-6805.121001565388,Passive_But_Steady,Ingeniería,Desktop,Cable,2025-I,22666.209174506123,29434.19366676452,-4179.4310705849575,-11696.679454472043,4738.640970135912,145.67654027979702,9441.140455578252,-20265.704086312304,16415.373577371596,753964.5394779779,14372.792529268265,28747.393575278387,69427.25577782496,68678.557649588,15710.871127373666,-2017.3847723237377,65858.08605494564,65730.99312401166,3646.538643148946,2479.2824119319284,69929.10804267501,87427.86264272648,16730.95134347622,20368.317556545033,61958.56671751913,76043.44687701271,5469.770832607206,9009.885161136372,60927.32328835112,75676.22349939127
12338.38205509363,21926.42530758479,3103.7766109147024,-2003.9289472587561,3418.5616113115466,5936.525997883212,-1364.2905879993314,2383.4834844708485,19986.232019086274,-1418.2434258015337,23982.18168226045,-3743.9905141632553,13494.98778230708,-18018.672262021995,-12846.413553056655,Passive_But_Steady,Ingeniería,Laptop,DSL,2024-II,8473.851375946617,13902.085817069012,2467.444982553636,11899.344543069235,375.0596288360389,15264.09747533533,15864.38848084994,5641.0442106225155,13019.013955209362,786164.3041601626,33303.95633578244,16396.949020583517,68487.0132477912,85317.7907483008,16476.649758412444,4313.396728406333,68148.3303850408,77424.165142196,27141.794854275326,18077.300825664264,75003.59780490282,82520.49315950957,6149.4038241877115,7810.625729937563,70967.4376893312,71638.69554475801,20226.94219381628,19998.54143607278,68183.79085924945,63432.00345627399
13996.348085404614,13977.1653774212,5527.092106885146,3226.6671002299017,-6641.60877060705,5111.824205438858,-1644.5687772783126,-9962.622377097534,-1448.8243750847691,-5457.022516248205,49205.497896302135,1614.465118867601,48.75924803080352,7099.975703625347,-13555.331244419549,Passive_But_Steady,Empresariales,Tablet,Fibra,2024-II,20862.55729480379,35385.42723536388,8479.030287482225,-9076.178713084673,5739.057433566506,-7565.018616501802,-24869.488167585416,6079.300338191669,9162.445448752916,767292.7352737737,19674.96471599574,14083.011477675189,81512.55424962997,79059.41319398444,3833.687848347099,7364.228470937665,82916.88301900934,61303.75551081214,3249.4474533346074,23906.39855155741,76769.62769973978,62294.852505906674,7492.235251376021,18068.052466112047,69504.73657912531,55834.18702531108,7387.817418233739,20994.39353610106,60417.15900206779,62561.021092992996
10396.165705372656,33265.66614582755,4650.874955048825,-5221.507954764636,-10899.311065717007,-3239.391429499037,3688.9010472199025,9488.875808599585,11360.687867700239,-1221.5894141482604,17335.609961189126,9698.785297845918,5162.332904200952,12530.424522053867,-19731.0319679395,Passive_But_Steady,Humanidades,Laptop,Fibra,2025-I,6616.21308480018,19824.32195342672,35129.74682557656,7954.679347816599,-1523.6595952439172,-5351.764592895622,5284.081367102949,-499.7505768290488,-1965.5570299233589,752016.4373803627,8059.6735615610705,639.8190955978207,68870.62363371578,70252.21356434589,14309.572649420921,4290.829109139026,70737.7128169019,74316.30257461578,18267.802017907175,2418.8281223133745,75131.11227754198,69152.35719431793,23874.752650710587,27374.315723784865,78966.50176961851,77474.86098608964,13823.808139747087,25205.66641450358,77953.51279106768,86935.637550196
23807.13144419809,-6110.0530686910315,-4786.776602243451,-21188.069814579896,1735.3887071282788,2667.0282146569057,3444.046522463587,-3879.636758810094,4187.1830590769,-14332.375895583777,37106.63627239333,-7530.020812358631,-10671.783618190886,-3170.2555368752965,-4914.790588855055,Passive_But_Steady,Salud,Laptop,Fibra,2024-II,6634.896192103628,35784.35573959339,-1293.4113500450585,-6375.498355716177,14681.063313815468,-2843.2923182701743,-4789.403516801665,3460.347901710196,-1059.333951638967,782682.2719885092,7790.608539010543,12191.460885205477,73016.86756672116,68188.82071807912,15300.254519863804,28441.19503255745,70271.9889877425,85384.15397679403,23943.89844721624,7120.2544818549495,71504.03863561385,71873.15416439307,13258.150114778404,3191.6443590276012,86718.69129728684,73922.90089425365,20142.49706096233,13614.914211030009,74478.75902643694,68656.19438171334
7594.013147492799,602.6919244637802,-7529.897480448538,7005.03871142923,-9176.816051935935,-4390.619489655528,-12956.87773340482,12893.480546306615,-10213.710401327417,16233.595084565619,55293.49490315943,-21403.36706525849,626.7901908126387,14223.269673126797,-12925.371464880174,Passive_But_Steady,Ingeniería,Desktop,DSL,2024-II,8545.738265647045,18554.344962952604,-4422.385332002532,6466.298559043776,-13220.160191422581,-4725.381542569673,-5719.829869580504,9206.873554468399,-14132.939902219367,768412.6622848349,16867.10082382938,13941.680973454762,83463.10377997132,44753.57539705511,6127.997323584436,-1143.480470144883,61566.66483783368,50711.052448522554,7427.293488554424,17549.431114823856,70655.36965150305,80489.45866550667,3399.689561827925,19237.113347023027,88423.7164346062,76008.54627057293,20478.084722950254,7504.43976962757,66278.75868496731,65448.684870197176
19648.026452871985,-11906.741736920198,-16790.84558700152,9466.639958136022,-5285.792150608734,7848.611881657777,2723.3545762326225,9643.65369672346,755.7144747979428,5916.230739437063,36175.65736504561,11834.944417178607,20996.12525146948,7019.3469333965695,-9868.071198821879,Passive_But_Steady,Empresariales,Smartphone,DSL,2025-I,41665.87723780504,11773.419368655419,8608.640963948163,-2567.8898694290283,11116.570423355155,-6463.663259877474,-6233.562219918663,-5038.679137592504,-13239.175559363763,757779.7674168712,25637.70772307351,22397.014745318513,87183.25412272237,68521.96186170913,12979.851023045907,27816.801758791567,92758.86735230051,85038.10582082317,18710.658327775796,7917.405791376803,70713.66496082184,83023.2175949394,357.55566648635795,17162.73504436717,78468.83760549761,70913.80758197418,29010.345664625267,34041.24678025032,71341.88504110812,78627.00506795934
28272.608428254833,8066.70907717642,-4504.266749130164,-4249.381952909794,19083.080319952052,6462.555004142598,-1584.173439099392,6720.954527150621,5953.823923387533,20805.963119153144,50458.45858442529,-1235.1650945701576,231.9875957594927,-4337.455669297968,-13626.616565923534,Passive_But_Steady,Empresariales,Smartphone,Fibra,2023-II,32096.798888737794,9430.35317865985,-14003.980079029288,-2129.905740781835,1038.9040316760177,6707.304025958598,-3534.7754167447115,-6813.722667185493,-1537.133164041762,776351.2538798099,22016.095117350138,12148.556463244551,56224.95250817409,73979.46120830067,20009.619714612316,20625.60981053983,70757.13048597872,70918.61219611071,7442.37909600336,-7087.14526846214,54038.62703511902,67132.02315959007,22027.838786226253,11335.846314204487,88189.94980106548,79304.21990402132,10497.52097145237,12072.95268447269,74184.28244827794,62221.06919084481
19022.656880445305,3216.3639130530396,5509.007843380348,4596.4262067561085,-3212.282375028151,-4092.9829406501167,14938.303749003871,-1288.5145518761146,1763.6157614994684,18477.098439093483,30039.318904068754,28860.490898696426,6854.956579974329,8430.03657895291,7850.884251804957,Passive_But_Steady,Salud,Desktop,Fibra,2024-II,7777.744981714375,30403.135809058454,6844.293990556225,-11237.56193659434,10348.579207313118,4405.105911360093,-15018.67417281883,-14936.89849824484,3252.9973871921857,761375.8902005885,8015.395265571846,25500.29586586934,73449.15586588862,41319.52835694344,4181.640708978379,6299.4826745415,69920.80770718883,71345.12026930752,15467.209258149753,13836.877190252037,77245.14303219685,67731.37318278452,31830.965200202685,8929.734211329036,62350.33863703818,86843.58677659424,9244.8208007221,13711.427429841908,68777.4391655568,47463.776381881995
-6312.214492190058,11271.96630975142,4660.163488353999,-14187.845190815682,-12942.957352266138,7401.371542468705,2750.8857720484043,10598.72655885639,1980.165227884561,-1923.4706169053338,26367.268206077588,15563.689643571633,-21590.821004153902,-2819.8658930603733,549.0159535778155,Passive_But_Steady,Empresariales,Laptop,Móvil,2024-II,24572.801188786605,13644.418679965947,6048.312195714343,17553.904491039902,-2056.9149337512063,48.6481286927764,5214.851576049,9665.954389125585,9963.937086711396,780305.8832117004,6325.671015257181,12092.775218256678,65689.98261916457,70122.47151096296,20549.656300537852,10755.417910238739,48733.092942303374,74937.59023829184,15159.77865474628,24819.707106403108,88206.45997022925,54793.80232901141,25464.876965572985,10573.010734539366,72276.67833531689,57644.95972252012,3781.536642970448,12910.7291469442,50659.42744911344,72741.22221563519
6200.319815978655,10914.859852695039,12524.780979154268,16831.139799273846,21188.10170478842,13541.252180400963,4107.707583155409,3041.9556690713853,96.92547414021192,6047.418421945912,42326.74200784257,-2135.712408292113,16857.67653145138,30920.353999762676,-4001.330868945448,Passive_But_Steady,Humanidades,Laptop,Fibra,2025-I,21426.085826437105,17582.310486373543,-6426.727657889296,-1932.775764939613,11585.513172081402,-1391.9863131783175,6542.961989813591,11709.85194866324,1652.709952817337,758541.2720010532,3988.6274063357996,12639.038069678405,56057.2622803271,62995.647994397994,23816.421203143662,-74.51801040033024,60804.92787982466,63874.80023679714,22760.17123700151,24550.359873180874,82375.48787124144,73535.51472933876,10958.117199451775,11116.388240217495,91206.19426868757,101926.58945690967,11795.22138104662,3656.616037891099,72236.46036444137,56484.829707428136
13447.973247418808,5819.26045402775,-111.09698918578533,9395.353785882693,7269.513957152911,7213.185434442972,1723.4466378486254,-1635.374136106997,18549.171003670494,7541.938975469717,24283.438344797214,7355.818182070845,6616.407437554772,3603.534195166042,16743.03556287147,Passive_But_Steady,Humanidades,Laptop,Cable,2025-I,13474.863686182092,31136.199986583153,5615.49106346825,-3367.2800891882644,-20950.46822475565,7401.746963760925,11095.843390070972,-8324.984932528465,817.0045184684209,755457.1911316136,14119.266837706364,15604.289330870959,64523.44448781685,63127.78268161703,12903.533404538404,26149.696028709477,81814.63347346876,67400.67660070967,21609.19948624026,14315.909579328918,64378.49025630503,68429.81029513603,-4085.778226013779,18422.13685719324,57304.94885107427,70670.734431886,9753.0849307073,25397.445376596334,70336.3669973858,72873.041435447
14562.157388886451,-1017.191381001694,12610.222656724545,-13826.704293160506,-10270.63306137088,1939.1797797042605,4600.040159140817,10627.579874122566,9295.161873536548,14557.547128854505,21697.240282820574,9723.445675072428,3774.860690295499,9225.213152853361,5779.369685174618,Passive_But_Steady,Salud,Tablet,Fibra,2024-II,16488.044187544678,14604.329493991858,10244.153321457565,4834.974256583091,-815.9787694710321,-8494.966585417289,-3201.8108704562314,-3845.5065252842433,816.9016204455813,754131.0685177002,16185.765774681364,10616.422623239258,34409.10637088581,67994.85547194838,27262.801351641174,6509.793304850346,58323.272392354134,53670.21712873658,16880.072839630022,7231.485954858814,60664.8124188266,69556.83975972928,7405.903845608702,21009.348694298118,62056.23715039279,53272.617255788995,24836.649266206212,11550.139169037646,55334.12081381346,63248.84295466955
26074.147068962986,7186.988604572287,-6935.82590228652,7807.677565090989,-9359.847051378809,4237.87913346132,2622.246030717011,-5506.41847350687,7697.059351017257,11642.029402342465,28147.7147740339,1553.2160152923764,-478.26170519516427,6488.657576590837,1390.1542422140487,Passive_But_Steady,Salud,Laptop,Cable,2025-I,26481.785816225947,14463.253418222852,-6958.159630916325,-245.38711324615053,-10073.67607977146,-12314.750955683958,-7380.021179693796,-22341.985578194435,-2493.6093571639963,777884.783814144,13253.30205936376,29390.1110176113,79664.23524924494,93182.57419877299,25216.69766143665,21425.968530520302,73505.21818403206,67797.52594265752,16053.963496746052,7556.114974366546,91361.39637331851,61133.59506012379,2474.819677784695,7459.940416131642,59151.78900078164,75067.4232250383,4398.848890595475,6484.725812235934,64873.489560671536,66120.64443492857
12396.811739114542,11739.340773673619,-684.1165682719424,-9772.766773237574,-9761.243063918924,6462.796529816597,12616.961436046462,19225.04479721344,4277.919732080785,11694.458949074764,24294.492802961886,-13103.628821557728,2459.821947547356,4033.543640863449,4104.9430097347995,Passive_But_Steady,Salud,Laptop,Móvil,2024-I,28974.618880362013,36818.92467415253,-6026.387342935987,-9678.345555858148,7191.323878655332,-617.2039676203989,5601.911587549037,17417.612233059845,8093.387541761209,770599.9080353645,15178.836485912843,11.068621202432041,58701.43102351482,82986.17824649558,12617.182368067311,12861.888319053796,75768.06908298524,59690.501085073105,17812.237773242985,19283.120040869962,80648.62501383189,63840.862396054166,13547.020127142436,-436.0091154255224,66681.38792448796,59954.00838496663,16148.582104902356,-8204.507383517484,76472.184840563,58686.21819416434
6399.423334261234,-1122.042705122175,-11036.343137861626,19309.366304272276,-3978.9946569766535,-6412.690868341156,6692.721925095519,-9332.478768724557,4814.019877712755,10891.227343859344,34990.85616126028,4777.769509128522,-861.0104233513093,-254.85909785938907,-4772.54003094365,Passive_But_Steady,Salud,Smartphone,Móvil,2023-II,528.3498718838291,4185.171009917212,8121.798462609516,-9088.71839906829,9619.658091404719,-12540.184026859642,14527.971684223,-3793.5312008366145,-17422.933118517074,787678.4944942623,9093.196090070098,21404.562856292323,45564.79005978648,76187.53846222829,411.94776489285687,23217.458691792104,57213.54039611174,86113.70911902719,8968.879325288224,-17773.94702158909,73365.55260871704,82260.47709279822,2303.552061411492,20550.010420754053,86007.62757228877,65428.79955800342,2991.5281805907034,18604.69461087742,81753.51570135842,98018.50908505269
11129.741572082368,-7223.663997910545,-1495.1238290173546,9965.739304010067,916.3019037570788,3300.9548119017772,8781.679730941796,8764.5674264536,2601.6845907469087,-15264.363033945561,24859.700054991892,-2729.57172025623,-351.1571203004055,-3189.4264348068177,7150.100254301952,Passive_But_Steady,Ingeniería,Smartphone,DSL,2023-II,4447.304182177973,41860.56792725681,-5134.2318727336,3589.4173778264517,-620.9226145671,-5495.058949633729,-609.5012990307234,4172.94239927898,-18469.785273758487,782009.5665933288,20827.611630260508,22899.063129863047,58723.535822910846,69702.82958395184,25867.048125948495,12334.383182119267,62903.36288837877,75007.72803205016,-363.4245134838802,5362.653003394476,72535.00532299394,74327.23859866253,28967.169726625514,3576.6187400011804,87492.13305620947,80435.26262210427,12490.35369309464,2974.4366051543475,74654.18076473688,81204.2379127838
5892.985002144973,-8247.074106674396,-13018.324820500251,-6697.680357598415,-10032.705044488697,-3066.499479171239,-18353.500676265823,10286.140814121904,-10259.47014313877,5444.17474139554,53061.26654182798,-23044.149070515225,-3136.022484179734,-1320.6134792129142,10873.857175984376,Passive_But_Steady,Educación,Desktop,Fibra,2024-I,19097.10102654822,16975.633426295637,-25336.3197245214,-8375.448152087876,-3983.984734598624,17120.957883260988,-1423.4157558618103,-9098.594981608658,3418.768508668801,782683.1265018434,27450.614843167095,30016.240027665724,75043.48918002029,64732.7354054109,9970.750074225018,5394.5771645770365,51255.88044270021,53316.51418857912,21510.650993309213,37016.76250623113,72215.97160792531,83538.48107511301,26250.797956304013,7426.767274117739,60939.43713629562,103836.31261749547,8646.391340777995,31472.15059058275,87188.91680476881,89801.65543206315
20438.846709279653,5178.169859723672,2746.017846469812,21289.393746054473,-3314.82044668863,-8599.642724352303,2157.802393771299,4569.158798837757,33616.71661931446,-52.72008721678321,13424.051084649614,-1878.9475413745008,-7528.803102977851,1323.709662138183,377.718002183939,Passive_But_Steady,Salud,Laptop,Cable,2024-I,19575.59331964717,19814.567376036648,7428.7203300352885,-18110.76035606752,10150.629064830231,-16292.190661295024,-8977.670036070214,-6806.846792723487,-3391.903454689476,787726.7453429087,34471.87937133873,8657.106683568807,56657.73505697845,82915.15345476088,5750.350816542592,18105.54064026647,68601.48989825754,69380.49948754706,17851.379467444094,15813.027240992502,90250.7001104903,86538.92058281832,11698.020485377632,18830.974556195528,69760.80089674542,86345.83785880863,10323.817730782801,10694.058699979512,69672.97541953393,85235.12595393647
15129.645578549123,-23480.263574132816,-3518.0688522537685,5910.261234005889,-3900.393112263864,21438.712829947923,11928.919997083536,30982.76392098415,21519.416199180145,8705.666655744586,18863.907316122073,-1612.1698441627368,15162.62799610398,7429.840956595389,-2133.4940536891977,Passive_But_Steady,Humanidades,Laptop,Fibra,2024-I,31678.047811347238,5759.549362388853,4784.359521360475,-13206.617913250499,2751.3731527100704,-8033.710800926336,-12400.8320690643,8435.02008107849,5554.794247432274,788075.4034896042,259.53031306205594,20427.982483130185,67678.4440459732,82818.74681775518,35845.551936993936,14563.48394043502,80349.05434348095,69875.79986465667,11829.884078987641,19184.456239709223,56735.62637020547,56238.15650102154,25636.265085967487,17390.54023561849,47740.18141968206,69280.55917786222,-1088.9881808952086,23432.404427605423,79096.58695703323,59181.54365301756
280.4032800928162,12196.352046329099,9330.554549457142,-4380.70807054489,402.49044252992496,-471.919692290853,9756.9612671279,1382.942768987974,-16831.330466492123,-2014.2969136336378,8902.364786387207,-4754.554513006141,16998.705151318958,-5943.050470998339,19403.09459189198,Passive_But_Steady,Humanidades,Laptop,Móvil,2024-I,5249.542772405388,17330.26531163666,-4857.088698211405,14229.971387638594,3851.638779242803,2233.207876979316,-9870.096862837496,-3505.721815994495,357.48266332867416,773822.7508870837,13848.216780290779,7907.349078429787,59223.024663561104,55745.654462273735,5443.850579419914,21571.082668346484,73074.84234881426,74291.88410452817,18233.841048247225,21464.835859028142,73385.53668454905,64515.19857566104,3999.701579712104,23654.119532770517,67398.44754209023,75866.0996340794,6167.889656328011,14193.429036391577,82170.80044826485,66771.65142400007
10201.269401429054,12025.160621556308,79.31049886944987,3981.5873159124503,1507.0748994839585,-1001.7042634239776,7160.260457249364,511.8769505708842,29143.173430290426,19466.242167932618,39711.9640622976,1386.7993240314506,9144.327880281566,-16389.05945338157,186.74550167974888,Passive_But_Steady,Ingeniería,Desktop,Cable,2025-I,15796.222124104617,18769.614445283994,-2584.0691211310104,-7036.277854919683,18643.637635813593,17822.59473013131,7888.943945114309,-628.905949516907,-15912.807604577005,772472.7484140731,38417.028498897926,15920.44788353963,94637.36243946553,43370.54863191073,36481.19439369523,35158.06621812796,47487.600033255585,46083.148887225805,8250.311512108034,-6452.84472191054,50344.49242733053,58276.22311073669,5194.63543659142,9123.461703345401,54646.89807352648,41169.30723210111,14260.505429462382,10624.667721086955,50822.01154748021,61936.51154681601
8187.447378295034,8636.863718656507,16761.731311706946,8810.002214030108,-1467.1536033157593,-9219.861100308804,-19069.124278884723,-5325.209283351627,15562.314659052507,-9083.151655557347,32944.26015985302,-2425.36146537705,-6940.9888408248835,-6085.240380107345,-12038.618482729116,Passive_But_Steady,Humanidades,Laptop,Fibra,2024-I,30229.867616291187,15396.740545882232,10611.514070113037,-6126.691998029775,6505.272305653644,-19368.865422259958,-12613.056227652,1093.8066413680253,2858.714794663815,786012.9004362515,21470.67220453746,17379.40471146114,95981.27741140162,78885.53703939861,25691.560555877753,1367.652625682238,98376.9352826517,95400.34696253958,622.0438132573126,9915.919678072789,71543.5464150097,85416.26650047187,9623.677734588182,25527.479250150755,82055.01769096029,75998.81671935723,14821.226538942601,9427.942672870406,90038.46775585842,87036.45134686466
21212.88410413124,6253.146512902878,-13703.493875735456,-1365.0237248543974,21437.080938437077,7630.290769752062,-7921.658024024749,-15138.825289602968,1145.9199850532277,9696.509391580441,35859.039030276115,-6659.268962313248,7692.736063653503,830.6977615682149,10124.318811642663,Passive_But_Steady,Empresariales,Smartphone,Fibra,2025-I,19252.924826721228,31238.020612185384,-10352.501845848436,-10493.43230607332,5283.259005372335,-5831.388921157869,37.09818620336807,-10667.243799686697,2373.8951702997033,781435.7913657437,4309.133702387147,11921.410700653818,74672.15446135947,81574.66564507288,9927.805238584962,26186.86339927202,66048.97967918139,98433.54002248343,16748.562665099063,17623.733142137688,66812.21631201406,63733.80313139068,21885.616082552246,32472.668644282163,67825.99583917126,79582.91245931324,21251.656453661388,21125.010061808105,73909.021313109,67487.60733847889
8584.418247452764,-14926.529231071247,8841.06657973839,1066.668510571877,2230.5064613865025,-3545.3886177080603,12553.212961192743,3611.886127533577,3366.1538088853636,6230.12056565117,42008.847003751725,455.7172456615376,2712.426208894903,6652.215932479856,-4919.004513355879,Passive_But_Steady,Empresariales,Smartphone,Cable,2025-I,10902.194710012616,32287.217557054864,671.3704043296161,3455.765634956806,1521.590784403853,-12750.359713811777,-7452.01436941156,6055.223155280991,-5780.8036679078605,791356.2642623284,11420.109857816587,-5760.401054496844,76390.31161007106,84485.04065404594,22782.16303917648,30416.304303959754,93160.66727638472,87784.55978406763,22644.19857894229,12512.792041804028,88642.12515936187,89444.28309207423,11826.238648524362,4633.134129812908,81763.48328709502,73281.18298450719,30312.637066948162,10773.41873281058,71528.63025523543,58261.351879555485
23514.481892387914,21702.934074502064,8205.613280893327,-4615.421932441071,4935.4233792309105,-2174.452770797751,-1109.1225016271833,37504.191641473684,16893.935693850835,16777.015810133227,38808.758598520035,895.1314784875572,-15705.827047832629,283.4247640217418,-1427.6238182440372,Passive_But_Steady,Salud,Laptop,Móvil,2024-I,9150.791093941783,19967.412157061655,3450.7723438233097,-14108.652627252113,1757.370770527799,25802.171793674555,-6448.872682588947,2867.8452648256634,-6541.538200671998,805652.2500684449,17063.65572524287,12583.447241979335,82351.28009995347,73183.22044414189,10397.650872783182,14213.512851633657,78164.05624446149,69083.95674309702,10490.526469636938,8145.0079709161855,73288.67865774459,92898.96900594959,-11595.747743388296,-8293.197329949919,58683.52244117298,89747.23912539864,16615.842668136833,23799.20177265018,66876.59783402544,73519.87176777178
2314.5464983006186,4519.881862102122,-6442.062616205353,4220.4501253012795,-911.3415893406541,8941.327755652619,2255.927318195256,15731.4909316915,-258.5157518642404,16630.795248295395,32158.624706295395,21333.162943958858,796.971707068396,2832.834196278876,3868.827047868931,Passive_But_Steady,Empresariales,Laptop,Cable,2024-I,2256.0338286692677,13947.411337657093,15792.543260929591,-21516.391827059735,21265.15142307308,-975.6247451756817,-15951.96483418824,-15552.35864497773,3530.012120473926,786725.1118001755,27648.747533380196,3582.192002659278,62772.34092309931,69456.26629153997,23497.495088103522,-2807.5776601486123,59219.51776148507,69886.61727616358,10106.090416955783,4794.022279705541,58494.244560010484,73782.91082832852,15863.827306148525,13387.299648819213,51302.88869682923,64172.82790968331,7352.662310502271,4762.794254002778,68350.96032354042,82237.612038712
15425.385837944834,9486.298103434374,-9037.016565975058,-18495.414097737805,10816.440069139175,-8916.628854423725,-4440.058913832781,-8313.534776131326,3782.9504891279767,-13443.421531143927,36399.602283582375,-7237.660086734216,-9813.698235569243,7331.0636935575985,6556.746006734171,Passive_But_Steady,Salud,Tablet,Fibra,2024-II,30701.27881099863,22749.421433149302,-14852.808415430154,-1570.3235916811072,-5032.908540318437,5676.41131061202,2890.739051876555,26250.8873526551,-15722.731157382368,795178.2793262505,10000.034961767898,2714.773146315263,58822.68995787851,69897.73776653879,21889.66014843403,15043.524900499631,79438.59202240317,92486.86623157072,14781.351758334707,6068.455957822085,67221.64971212916,61085.2182216236,26919.161865588998,13109.403433626458,74873.28845300942,90320.28983728959,11066.849901682244,10744.952291594676,71592.89106680917,93157.53137683988
26240.1554713793,4914.295588142895,-8087.095447973944,17897.96255059677,-6188.027309648452,-602.3359388972268,-2750.3608107032496,-9234.176673422215,25192.070341670827,7279.80929144435,25590.776033951697,15897.629718039932,-4118.068853113111,5518.414865536079,3183.4032195174373,Passive_But_Steady,Empresariales,Smartphone,Fibra,2024-II,-89.6406429179442,15266.673690415937,-7523.221787922021,4716.6620915399235,2356.8580128557387,-459.531171816904,10609.417117861363,7008.196740078485,-11821.95730888168,790652.831956523,19031.695695076232,-1299.7390986970586,77974.31014854992,61872.241459803015,21496.814052751353,3500.059835059972,65758.92822934678,82241.63023598916,34707.132481300105,28387.649442202983,81648.95228264638,79180.63907311988,35795.050814455404,2834.2594424623676,66413.38142415017,65397.44098708041,6221.969636978385,25808.36923064004,78228.04114199716,94043.71353923302
-685.5169007641689,18690.89089504002,2917.8273742846386,-9946.459951321625,-7875.373445835508,16610.532551812004,2879.018005934203,-1512.61512849276,5842.785680089675,3196.2187959383546,47219.346979859794,3903.8096104934248,2304.385022385815,7056.447403558206,8074.088847629429,Passive_But_Steady,Ingeniería,Smartphone,Fibra,2024-I,23651.224946745617,14219.084274197536,11473.415284179899,5729.746126590266,-19651.64512305144,-3691.2088112479005,17728.292274866988,-4100.556346571398,-9451.475926058352,779687.823008173,20047.83678894632,-8725.636644627462,57627.60625499286,81123.66117060528,43887.83356719396,15394.384317610056,48564.97862234662,71514.86304594012,20725.51757833978,8469.891295753772,70156.55352705646,86303.08496185383,16363.744550933376,-153.87668358734118,32946.02398328199,49068.14869910219,8012.667419562559,-2063.543525110852,72783.0163080074,77817.05749866401
17548.314049422606,12021.08503834522,6827.752457077608,628.6357036577907,-969.3915983601536,6967.008221486104,-15831.476748729481,-7324.465090434738,8945.901617910753,-23383.56272066584,51199.244814198944,-3613.0002377239443,16141.393293375755,11728.449177808392,16291.889180717233,Passive_But_Steady,Empresariales,Laptop,Móvil,2023-II,16922.252548878176,22852.883432881725,4417.3068803923525,15663.786196209545,1226.5214544243038,4886.023171524358,-5071.717210605843,12678.040942161446,11897.114503689409,795812.7331557904,4219.55818896253,21086.081640427434,68758.2550294858,59160.76482982974,9485.52663261374,14801.607920913506,49503.218964776366,79326.9110271646,14401.220596398936,10904.173961021337,73510.94521677912,41831.595707925066,5866.846569399537,4146.674477323919,68300.37233283874,72520.24059787027,3944.451918636154,-11240.105170332223,88472.9775397524,85596.53065257322
12778.830322352074,8938.497656994763,4760.631611742404,-10806.083368980379,-9399.692291048565,9670.576752361418,9009.995976639908,11297.81323575358,2603.8567362880217,-17446.282222252434,33667.02291200984,17949.32870613374,18963.66823278294,-933.1962564174669,-8122.143391481516,Passive_But_Steady,Ingeniería,Laptop,Móvil,2024-I,13356.041511223764,25858.345411807888,3067.7866763444936,17062.900367357895,-3137.6268846165717,15395.609161488817,-249.87565220283338,8559.540148999857,10792.393259171611,777229.8735389303,23662.120406595655,14765.445174382226,61454.539195791236,77628.50539983866,13181.490497254836,4743.440862705938,52141.25424755007,83713.73286424346,1694.6487391565333,-545.4751056236237,66849.21950464821,69900.1696443862,4922.376913787293,23892.078949391114,51531.67282800482,59187.893846550454,24269.054129850523,23440.33092953892,64435.3276779662,70099.33106472828
11675.893812985369,12959.360414739776,-8318.302238549171,8001.553563973242,-7558.099145301449,14759.559045885884,2134.516022011847,-7358.595546560421,-6256.7399308397025,9520.965496192277,42343.638795579565,-2349.0389081189664,9631.760389528088,6395.998826634244,1534.1876237546671,Passive_But_Steady,Ingeniería,Tablet,Móvil,2023-II,25857.62780564464,25577.910319468017,-10598.62016702873,43.71101070489533,5650.015256392596,-5031.81753475884,-14055.190602326265,1755.159252295778,3110.652335319002,816873.2732207607,13613.59193561182,25396.275700676233,86551.24734010914,61656.840815086034,19534.5464224227,11380.21031640771,69144.00297947245,81440.49753671489,22824.624706686307,23529.23708226319,76011.48937514628,71747.81779891558,29180.16409947179,20254.127898710587,61436.10726068442,72583.5502093036,19364.411351832056,18129.273739252094,64904.43646907693,76320.66282563927
16779.234741062162,4014.377081747336,-599.1733480788228,-9190.667258316644,-6267.142615890979,-7028.626197215546,13935.491459379391,-12985.052985691975,14999.150975092201,10089.82715270838,28845.661196537043,18426.04267815064,5165.7642726274225,-4809.746382065557,9448.451492948618,Passive_But_Steady,Empresariales,Tablet,Cable,2024-I,18069.274292525006,-3943.6693450975763,-23627.82139457587,9994.175712990336,5750.964799842117,-19425.86152935156,-6799.193379809936,13928.221916036742,6579.402271093544,808275.3325196962,17454.72782694269,-4053.8454627549145,74513.22976010782,66935.02942141502,-714.3245511554833,2798.696685354824,49352.29377632674,92932.89230859288,25963.853993459197,7820.129440785824,66644.80747581975,55554.49883033666,-3139.14712986439,21236.314947464856,82178.70641945142,68266.07364281573,24287.419843366166,19938.73394270796,67271.0351506821,77436.98842117509
35637.80474833203,12827.849441156355,2945.897694259652,-227.51116410008137,-5044.592068450042,6142.855549624095,5320.3606103058755,-1081.6505983391166,-8161.929937898219,-3574.6164536316437,32995.99979544776,-2234.6329698759296,2860.3264927723353,-4520.669150307423,5721.8436962655605,Passive_But_Steady,Empresariales,Laptop,Cable,2024-I,12397.42537508881,22169.040765091504,22125.602411481086,2527.8625987634978,-3943.5585931110895,5061.482903868156,16563.330596836804,-2354.5452125041847,8581.254716094461,777730.2287324888,11186.520675972719,24203.333711076095,93625.3923602702,64430.21189015533,17577.728411791057,20710.926323447646,78088.86880169334,70150.9341093949,6397.008904378282,8548.787965787116,71757.23608151288,72976.08420835859,15676.120523385567,3456.2794758876516,49659.93206066378,81561.36277928753,21667.413971334845,25749.887106600596,83976.73903652802,93705.50325362143
146.27383030071724,13633.177307715896,3853.227043426482,-14893.806200852521,-5212.715550825709,-828.5630288556783,-20392.133969088576,-2449.8418521771237,6166.563868080972,5668.310854628802,40282.56213917568,943.4251527857623,-2399.9785700868174,-11725.378293992464,-8766.451216516225,Passive_But_Steady,Salud,Laptop,Cable,2024-II,22425.581518640003,2263.627062229196,2178.045014843813,-4391.8410395695455,576.0739612047448,2486.5496790977604,4369.227034227494,-9384.318792730826,-9832.211806994248,802122.2916204333,19903.241455324576,13176.599746936374,75492.63823970291,78965.3078484999,30620.4253664561,18394.2422803029,75908.71829455353,82883.18492342513,15208.373425276925,10021.80378412799,81497.13210332658,77316.39132592385,22077.357692975325,152.4411870394324,92345.78132979138,68622.79419604031,19562.491501245866,13880.362210809984,72427.88010263164,54474.47340574766
43908.513039020254,14581.5346135344,11233.031991520298,561.2878034664158,10233.565176576485,-1374.7131504709262,3246.7267414704293,23880.40635285573,-263.20591243623994,12243.463787829394,42139.60573122668,14472.56406178019,18423.249046783534,-8598.91992767826,7307.296346120283,Passive_But_Steady,Ingeniería,Smartphone,Cable,2025-I,10501.697691943653,22417.7186342941,728.7201434073463,-4634.518529040843,22774.328465357008,-5835.2913574540835,4160.308791451535,-4968.044804535889,13680.10436580102,802145.8514359015,9349.059411342629,6918.829100000158,86856.71694059255,86121.8310502067,22768.880288921675,5148.152443446089,58008.62036473159,60368.34549720891,4219.433525454424,17573.359308903462,70552.86142991915,78555.84639711544,24596.789708379787,18669.852093742848,62252.72226923267,71940.22686744474,11101.461919494122,10695.196210297989,40946.570549064294,71802.62687224476
12252.001860581016,13579.622329095399,-4395.010101900873,9546.964962424576,-3897.4212055998905,10297.181255183259,9752.204999854062,-6297.9950131088535,3770.6674902952914,-6907.245095373893,12660.365607036229,-2708.494823954604,-20540.016415317477,11736.137555029165,9938.680284019552,Passive_But_Steady,Humanidades,Laptop,Cable,2024-II,28953.89223250319,11441.288675115911,-6351.9836307084815,-17253.440354168837,5056.764183966258,-3500.2062735589493,15333.827887945341,-16570.32504450861,7030.927074295996,810536.7360373199,12513.117104966383,-1917.802322188254,63127.583408625665,69636.16132832116,16344.146754618789,25413.875453170986,69997.51384667042,70460.40638610008,22975.121726514582,8965.350112188058,69893.69179847187,64682.256024182505,21249.289022215715,4100.540559883319,86737.77531008619,80369.97113818412,32657.455217700845,19878.56140546376,59772.92065131353,71209.21666652926
23554.935137957757,10259.784877174423,-5123.787274049333,-9363.511712680938,10146.495982546076,19941.526857284865,-5542.494967910046,1802.4298813132432,-4604.466349122837,-10733.271971019683,15034.563783913563,11039.504516169374,19706.231521903166,2771.2849705379554,11146.575829672563,Passive_But_Steady,Empresariales,Smartphone,Fibra,2025-I,34211.89728777951,33936.32088758782,-17248.355960548408,9764.554750501342,-5380.6382085560435,-85.42060455286023,30.055945868954296,-12615.413054866964,-14996.93587215467,810998.0387652086,11497.500146253866,15415.505135171798,64741.04535638996,75645.89511766015,-7384.223745571115,26648.576371989275,73650.16415335424,75068.83053956032,19368.644177113194,11295.717838212586,66429.83100392402,94263.49435233104,22832.470129303303,-7579.529865368255,85002.19417072344,51329.74580221242,21033.522089775513,22891.010008524412,77806.64540975032,97572.97834497149
14044.9854337402,7844.861752426474,16932.268997998803,-6652.526655359135,-4984.488707226069,16404.604635576532,17523.94453392617,11454.465969853069,-6872.350487011014,-4436.342284355476,32006.03627348469,6355.240283730802,22902.80994578005,10238.015348725781,-9029.117371572114,Working_Constraints,Ingeniería,Laptop,Cable,2024-II,20542.22321018659,6934.541178853215,-12705.05391529851,11705.382902411593,3438.51844764314,-11374.13274692596,2273.694021568702,-7184.295700040466,-9806.336900079583,811568.2962369691,25457.68884812654,24363.919578132125,63932.283787938024,77051.58653388113,15520.697639343962,16737.84994124105,71297.96631539924,66238.47912341348,15859.673187869057,17613.151040713827,61150.36878992125,79470.72386108365,19504.90795147831,7379.332772172311,84171.26404262906,71179.92915761778,14639.3224624833,19662.360575928557,94213.31059888189,100925.34298011742
17642.1895737718,5924.340503199364,1588.4100813417037,-2547.0301948125275,1079.1316782729155,-9232.827492174385,-6577.035669974888,-4286.108227406991,-8232.03699874993,35229.67051056928,64574.48292171626,6206.012971862743,-12951.79291234249,13539.895304828644,6748.682229438307,Working_Constraints,Empresariales,Smartphone,Fibra,2024-II,15800.4359635348,14228.319889299859,-510.06355636811963,-24431.629154587867,-1068.4382237576428,7752.850894665185,-10594.385275614,6987.276639604817,1598.7135282190268,776980.3322418424,20336.92638533238,16945.652716486704,64742.24716499726,78578.36184508575,16484.74847660084,4030.013051657117,62999.66711487872,66284.39929719342,3142.9767821679106,2658.6301342825736,68915.79762316357,55749.464415889306,11174.941217780924,33840.470155110714,73843.71774690448,58534.52408595262,6967.082630241315,24449.539875523627,67432.47004996176,71534.78422171071
5100.921061713357,15978.0148600616,3714.702515186707,8624.185079219409,-14479.742784902222,-5310.393436963026,-180.21589667490434,5766.35756277617,14945.390340283695,16614.220879049473,98074.29500487915,3614.4838863904797,947.5096668228978,16285.155712538348,-9124.235838628425,Working_Constraints,Empresariales,Desktop,Fibra,2024-I,42930.45483907823,17435.650841097027,1641.6909196183367,7821.62209153131,-8645.108423185346,6464.268067739866,-19074.66009217809,-1822.1166728908124,10550.686580424863,798336.7853760624,4821.924052605704,20925.896766387254,56939.22493743637,51662.57182263108,29195.42471974806,4850.757548473523,33146.205801738135,65058.10726431532,268.43585815992265,12789.167453119557,68899.07532380836,56906.05409582478,22312.124861327935,7074.5338533575305,62387.75638667872,53681.731407476254,-274.1890061780832,2446.925593547274,71705.7362259067,47289.522818185076
12985.554506266973,30146.522695010142,-11977.54356988499,14711.960976936283,-8655.81879772095,-8561.299650162939,8139.266298820095,-12831.265934087154,3946.755011778519,31640.45952721073,63606.85656931264,-1596.1088525348441,-10622.679169051522,18518.533450621766,-15831.383936369904,Working_Constraints,Ingeniería,Laptop,DSL,2024-I,22795.255029339103,36639.658857847884,-4983.17537342527,11614.938020746666,6397.587215129935,13343.240436752794,-674.7893585903926,9230.115749323686,2280.648030494822,801839.5271667846,11992.979374563762,13327.210257476101,81618.78357286446,61661.40484889699,17394.137946243125,12267.698424843997,62688.444923561765,52449.03166988273,7954.189166676355,8733.343698335486,33004.782992340675,48746.846232795026,2270.966402408496,24897.803628027872,43302.19637536813,47335.80534238793,6004.638583586654,14237.438031532398,72783.94374592368,69215.65828014894
-8155.1270457824085,1676.2404734523598,801.1506029077365,-8422.875731422597,2560.3056502328063,7879.117576912719,-5408.118196243377,-1002.464891025947,-591.5958139461809,25263.188522171353,92110.84835710247,-603.4016333085538,-3907.223961261119,-4809.831504250175,-2978.4667294510296,Working_Constraints,Empresariales,Tablet,Móvil,2024-II,35155.86589289341,25006.45505367861,1161.8931983094099,-2579.2664078331427,-25313.03322946923,-12715.974785452932,-25533.25036266513,7194.380762859007,218.10938661373967,815992.1484819407,15436.363118886085,23699.249508721063,65009.09649613216,50171.67506579638,16279.99839632395,10261.940894645762,59028.58125790874,69815.02650097695,14285.403223025987,1877.324940887749,66915.81632343179,82779.56077462467,29578.795812293807,14138.712677036823,64669.638869330665,65449.18339430621,6746.289240742597,27983.01820430204,54970.47619228151,60881.21042437027
1094.4353107004117,16755.744614684405,7817.722933944911,-1980.8835143819879,-4713.86782099445,10131.307618385852,901.5456298821991,5337.187669661689,19530.77592807755,2742.331610840385,46747.74997817511,-4604.075869510694,11258.829530626013,5554.124920781705,-7019.598288550802,Working_Constraints,Educación,Smartphone,Cable,2025-I,10864.827570526657,30847.54175388557,-8469.396754206482,19750.43492247126,13701.989202089771,1568.4032906731654,4862.559105067172,7452.596868475289,-1459.2141776218327,828720.3429198982,1796.6186364325604,7443.777611319849,45831.0428586624,39439.3919437945,3275.5581340779754,3753.5351510788632,57538.867016886514,51672.48916730448,14962.18894157183,23199.636497317937,56034.39213399815,77561.32387646563,21451.448126850642,2825.4504970648486,52195.23187872298,59884.389031856,6741.097856488264,1624.1218436561976,56164.74535706996,43969.59448548049
12596.509109718276,5091.382436192454,-10173.628986349982,8855.074608676716,-4597.414365403118,2840.2208339180647,-508.69655185187185,-3436.0893111023574,11585.14520018183,5005.506806769579,69121.56787342217,-2356.6363173913583,-7069.141777788402,27093.230764020424,-19460.64753136186,Working_Constraints,Educación,Smartphone,Fibra,2024-I,24020.154174360992,17326.189401448097,-2468.5321631088736,6737.139152845089,15701.23064423539,-1375.0061158064136,14204.550231960951,6156.72819834287,-20345.796559272807,808475.3133566872,29354.21596284668,28802.928947891254,86901.40972307828,83092.06388210326,33510.15346402186,6599.266688395882,68400.0686473077,64215.02366114716,13760.890139275734,4646.012618486684,54664.08507394285,76989.93548082837,17066.85174280128,45350.37666871419,74980.59855916657,70379.47087789413,23080.70794390802,17331.1121323134,80210.53909017298,75519.13010077889
9128.323685058025,11913.134326206826,6250.6723998601665,19686.394368969868,-3943.2084793386366,12628.697465350477,21946.387808176558,13905.06348813349,5351.512421314466,30030.008057007326,34148.33934926501,7702.98393545235,-2770.1483971713915,-10031.70919317125,7719.256726890414,Working_Constraints,Ingeniería,Laptop,Móvil,2023-II,12561.29027750425,30623.1238799677,-5966.170008980422,-5187.827084307723,-21855.56056333205,-4566.325362747241,-1113.8741107229566,-8836.652224451105,-3424.115150797311,813614.7765255636,29347.391204309686,-3430.8532067207707,45827.356931303395,57474.53032682507,24377.301637182143,12364.17749716624,55217.45609826812,79203.19151760892,21657.976643169965,19419.602594412692,47288.602593209405,48220.19934877326,10891.578919122929,21417.67123566034,47379.68974502785,57891.560725929994,11574.376678533945,10177.639741393326,49794.39963903291,57180.36241226079
-2635.38609285876,-8937.361880709364,-11718.737850077816,2921.805047163698,12384.523188085695,-740.8886234621665,17489.43011295487,3305.0828787385835,4767.547389181744,12644.946204968357,38548.94561499896,21290.57734316092,-7698.61727295552,-16761.82758539312,-8335.348115923847,Working_Constraints,Humanidades,Tablet,Cable,2024-II,23732.421745495772,1032.41913812868,-2384.044019017183,-1617.606038322486,-9055.250710826134,-24293.42854632292,-13187.243593744288,-27530.142512656428,-13863.174175135287,807722.2082830115,-20226.43291096897,9356.179545856783,52807.98636456888,53014.973863982195,14265.48072312737,9288.39433752317,34235.69946965609,61757.731153697285,19489.978171611816,14105.189436537894,29503.5315497971,51843.63098103699,7907.531047938885,3658.0615420610175,39467.006877821164,38181.30782908071,-10064.639091398352,-3451.8184774076744,67602.13020434398,33758.52274816287
2225.246195504641,-4780.661849107629,-3079.9109932300526,-25808.206941690267,-7927.999104832147,5250.357501429471,11036.741407672163,3070.7797856526868,6260.386639229089,24996.769001622208,88329.43322988953,13156.830160578895,21531.855267738312,13392.851820157246,-4580.072599631116,Working_Constraints,Salud,Desktop,Fibra,2024-I,22943.880118785637,28156.801683145517,-4392.7935234352035,7444.056694582674,4146.407036471383,-5459.88126812709,5979.8865475867915,2731.4356854236676,13947.307450066177,797194.6021365908,18827.201556361033,3670.436574802461,51078.97835443663,63755.311376469224,15276.899746480478,27972.103076498155,60106.82094919771,65663.17276022522,-2183.4549025133183,12900.219143866858,57687.240332331894,63699.070477625704,7307.559692331343,19978.883375646605,45614.01661975381,52651.49932522231,30450.263251229248,12992.916414272635,41198.431964124306,57400.09437761593
10681.334426849007,-1723.4305843464954,-8658.431333060702,2438.1843333153374,9485.657995691303,-268.2338308204048,11244.92077055001,-11212.696672808484,-21782.261116851045,35088.29821699673,45731.60519412328,-4442.279716999074,15525.475992481592,18.405107582638493,-8549.17702805558,Working_Constraints,Humanidades,Laptop,Cable,2023-II,7170.13717604157,36756.735938564954,25444.538481196567,-7132.025483289466,34539.59701933027,4650.937596480431,5347.953058891858,2960.6535618053094,-18015.747467103072,800298.130694816,34870.713014963796,7409.365409760429,67857.69487531949,65006.32216109849,6632.273856178534,-2741.612661006284,68374.99901090375,49335.13298400125,-4508.931021465436,11335.86192712711,70007.14183172214,67787.59413755687,3518.802051884695,475.6347373683875,53086.391185072964,56251.74759829434,-1213.9562361798526,28173.853474533524,76233.99838458908,67794.91709416335
11248.1693960104,-769.7532628405252,1112.813034675974,-3323.8281624042797,7030.649957476717,8692.268690673567,5812.872507344162,17669.96217453023,13041.68500373722,29376.919764298113,95715.66956871924,-8568.421926533763,21006.090926865614,2374.2871048341867,13248.89254005713,Working_Constraints,Ingeniería,Smartphone,Fibra,2024-II,24262.72911458901,28284.1019494131,15914.673073726555,8531.897020405728,-2199.812287533789,-2527.698354805679,-2619.542508943744,16777.802017439524,16852.073173415232,823814.0935095365,18035.267867671173,15098.227058485205,83874.58350801571,77860.13163869687,-4074.5707436179,13865.64151724986,70781.62507339152,72858.61357014936,11241.036925456492,12488.120396852555,62435.31552078947,73326.10869587907,-5018.456474354356,18892.716231614933,64182.53599361111,77858.77866354483,27619.726185290812,20112.693569278406,69383.86713821218,69103.1206880446
2822.18223698539,-4288.97609021951,7728.950951636052,8553.964782557316,-2526.7020961308262,15184.124643581392,6998.084882827373,458.57688700629114,-11395.606049233287,21545.418236265406,49270.29909839295,2983.051941944189,25886.27817198815,-1405.4039803200599,-4865.2366260182625,Working_Constraints,Empresariales,Laptop,Fibra,2024-I,19819.074322455024,27747.25178087133,25870.34714312664,6990.80231688358,3612.360723965228,1665.297339164466,16117.590631582672,3664.6157949591875,4688.203751468401,823759.3022448301,9594.572638075153,14675.017721978726,48665.2351443703,71316.43919176744,6657.774381730646,1023.4101927768079,62130.42906312694,44692.1418319247,4828.926938393161,6179.703396011113,43129.21462798831,61927.28098454964,12527.897220590685,19486.458300520397,61896.08550510602,67012.0842378851,12136.820921567913,27672.762767267814,83577.63049776434,59225.58287403475
23972.85760988651,23848.619327513945,-4705.568057783849,-7136.357297354153,4166.3622651621445,-2335.391406790592,7947.218987702334,2075.5914842328093,-2208.5278882249377,28953.511749182842,42565.466941960105,7144.2758074104195,17864.87334245199,5373.093918850538,13598.052829920638,Working_Constraints,Empresariales,Laptop,Móvil,2024-II,12042.976831418344,14994.275524162867,10585.508693022946,-9214.652710975013,-20999.95663534597,-9960.886674977848,-1862.268319262451,-6949.091937403555,12221.052469541246,817962.1844046449,6343.379333543196,10034.011458680929,79210.48803024598,63348.327969550206,9635.847067100825,-2038.171188032633,57707.62646760343,67238.45805532338,14404.311038369202,9722.715559495196,51312.16249670603,47985.58289933824,20846.31309751497,42993.92369966034,60877.649941678275,68959.90940176007,13518.785196474675,18506.18340376537,72524.85699635996,76922.39028653096
6616.650140727179,-1359.909540523965,-6154.398646469081,4102.894686168282,-22923.9934328694,-9465.476734163389,18119.99664314875,6523.383854003676,-3781.283367210691,11822.419669364313,55387.102972037384,-9288.418111134768,7038.654610534509,-6702.439000495157,-1950.2382845646544,Working_Constraints,Ingeniería,Laptop,Fibra,2025-I,8612.578581476542,16420.083537293198,6400.68965808271,-21666.85601302638,1258.2520793731524,5016.644391188611,-11964.962962771042,7147.735313893996,-13664.168477010106,837683.6395413552,12961.618505235401,25856.272404321768,47383.127785875135,61251.217141869834,16483.136462889874,11272.003422639766,79453.20595352232,73647.4697181907,14273.201686722832,48300.37635655679,59404.760911277204,53674.870312181956,8574.89022521708,36163.548303066695,43458.1413594818,85588.58219573127,1369.2963942366932,-694.8948146307121,82183.28264983729,79296.80580342012
13267.00574670306,6330.26967171023,-2173.1247838757276,6783.201699342697,3640.5395390514122,5543.402735104789,-14791.311381403191,-4895.2139710000365,5763.61948733996,18648.614206839906,72451.73249056122,8943.382267126422,11609.99703013406,2811.3645680354753,13059.088671673517,Working_Constraints,Educación,Laptop,Fibra,2024-I,15017.74102611357,24094.103682456487,-2793.402077390848,6409.1454397565485,4427.467590363806,-8999.384543642906,-12305.159007053428,-15521.69507829182,-2793.112045849467,825282.9229359479,2447.276447704384,1291.2375705090235,70620.58022042317,58662.26221212383,33872.42894928239,25712.776316886768,78742.01356092993,56657.13308596102,16526.727794412727,13456.575367511114,71003.26763493208,82849.23692371766,-5679.199965831191,13328.102375569455,82533.41611261229,72677.77808620776,16880.16034303245,11268.49344994543,78570.29647933914,74570.32167678715
11942.022412638029,1372.846117975554,1808.5645490816262,728.823379256007,-12928.164065920198,5744.009863557443,-10261.546872216197,-2302.9795676932717,-4802.100450702434,43990.65977417591,70550.73661163174,12861.786777012161,15184.673979286636,-26724.503635980345,-2914.5594774798524,Working_Constraints,Empresariales,Smartphone,Fibra,2024-I,12331.141708851552,21496.415535333254,-5803.076453796789,-1919.5702264518645,11456.197508101206,4683.449569410407,-9050.179715283233,6654.082727413317,-598.0789674982353,830590.2429229893,27179.739285999873,18334.483175775906,70435.88538482596,82641.22478931336,17552.059665286844,14135.579043465694,61910.832388404764,62036.350259895626,11085.097611926758,21982.41190156644,57424.22629283914,70702.08562878965,23748.52714328109,-5548.139906910743,61860.91617694926,34805.46679853262,6935.843593728492,12909.121897922136,91743.32571458748,93570.53485449312
16870.72557264335,19268.82975073072,-9885.390042555435,-5328.887308197829,-7365.618295095696,-3668.878521044322,4949.394040815348,10844.456449864963,442.06575013011525,12292.632670783292,63142.02601352824,12160.691884241322,5172.98324780021,3496.612301069647,-535.3826960814056,Working_Constraints,Ingeniería,Desktop,Fibra,2024-I,31298.527562192485,31503.253320233114,5076.817943802329,5154.854267247756,3047.7519058538014,7302.147161646018,22213.804162498673,2214.682971540333,-22643.130310515975,814270.9577486034,6427.510138921627,11614.619100527625,70847.88896827109,60348.37714740459,8654.931146094566,21032.910145447582,70536.41706791802,56976.653427789715,23245.95603524203,17213.263821564105,75816.97182423311,76641.68797379444,15973.408689824908,11949.727103326197,57972.34155690855,47662.63196776187,-5357.053715749877,6427.260711726965,64494.36402355883,77801.40406379587
38993.332352882004,-14976.48942977977,2474.8875669988824,-6028.961878386085,13210.940024938893,2654.79963543761,8290.766880598778,9927.854529466407,-6026.45267564102,33439.45185503882,43785.9487417633,-7667.517759148135,1594.3539916378186,-1365.2748427116876,-1187.8569891472152,Working_Constraints,Empresariales,Laptop,Fibra,2024-I,22726.063913457256,2036.9834417883976,-2204.8237705135944,-8580.69845574969,7187.383554342624,-5544.257882160118,9021.45851018797,8328.793322581334,-11826.700999405584,822505.7115797749,11566.487563574778,12124.275547450805,77171.48166842433,62655.46954081075,5433.961060412198,15465.373136821921,54158.80312539312,54480.389229530585,8084.368721393075,19833.443098216452,76185.48108776443,81885.56584694178,14187.26162878696,-6742.100262696382,35338.88091979937,56445.08063266848,13090.37040089465,21492.2743167465,70579.31687315716,78786.11281756731
11244.59871264715,11869.386512339392,-9652.518314636014,12891.5662624157,-13378.726739200742,-11647.704914940638,4265.25901993564,2286.658131923874,-5776.4396639570205,22266.416869598514,68691.44917733189,-15935.143373626677,223.13712222652316,14543.5417550417,-2869.7516547023683,Working_Constraints,Empresariales,Smartphone,Fibra,2024-II,27401.72565009007,16332.524839479,4066.9214956874166,-61.74516135462618,4988.734904971166,-4338.058144891866,-3696.369492183163,38232.89921578184,6150.895432702342,803944.3698049763,5832.521583906231,14594.641696891862,69619.00652025416,64383.677655594714,18441.7131924121,-3206.9980197374316,43880.455403418586,34390.74262051562,15697.29394093372,12299.909594453451,44914.56696380928,79530.78376014801,11259.578487785975,7918.764540469031,54873.92264858062,78553.19205216442,-256.59171942002286,13612.633628472775,66069.05728059333,50783.26923692549
-3159.540348511866,16581.054460999963,-5784.610501321257,1216.2683465027926,11723.18631148349,-9901.712328649559,6436.667586364974,11117.818802569247,11774.91030656837,42057.40530938454,40924.86040271972,8972.79003263521,18216.2737922375,19773.992407086676,6998.4367009583675,Working_Constraints,Ingeniería,Laptop,Fibra,2024-I,39384.33753231545,17294.855594532994,-797.1978780632917,-2015.524651454824,-3648.368206693991,-9824.389289820903,-7452.243868266483,13631.639694933985,2894.6662850995217,817218.9173075269,12772.38290532737,15047.81999039203,50194.039537679484,30324.523147587144,20984.137900286245,8342.12765891373,70322.61228790582,60036.11367829102,23109.98992641738,32738.276182462774,72583.01252405865,59061.67840027261,16513.816539100262,2826.3516656819775,28267.26259144142,50197.8578784382,659.104954069855,22468.031389743457,65767.93173642787,69379.55047957193
10836.221450022656,20696.092026280818,-16189.292584745474,-7046.530626073881,-4145.730860733232,15683.679368644915,22881.839741748103,-3667.0301921902337,7463.109603558953,39257.55181256509,31915.358343721193,2368.745869526173,306.69528543136744,3829.2768463422562,12917.78170313648,Working_Constraints,Humanidades,Desktop,Fibra,2023-II,31875.692680326094,17432.79528048711,2647.314880420793,10304.885634288723,-10233.06290412287,938.7084119451273,-8203.942093716612,6882.592978997306,7939.917660794993,821271.7125825103,17759.231927862747,8906.518533741964,67095.49314131441,85493.97241820069,19729.076916249483,5119.252755305565,30579.438420596525,54146.82395659055,16317.919925096003,18375.011813396777,61964.82738548753,53955.590042760006,23251.003266620093,40558.25255014917,53205.416947407495,40498.2736061784,35618.65729075883,9079.295273804644,52924.272482200875,73353.13653573119
9313.847553926273,4851.848091506916,-15630.068606544959,5361.17810262769,10866.409285355816,-747.5903973859411,6678.8800873642895,14333.348313410268,3840.3755164799854,32754.77792329155,47317.97297825493,-11847.170884418356,-4518.948596329239,-1042.1904660650505,-14003.662492877045,Working_Constraints,Humanidades,Laptop,Fibra,2023-II,17106.29267282633,26384.82960774264,10120.207718058042,-9160.235741646246,-8871.73744545739,-10009.998833103664,1693.3410847956677,8335.614740768964,-4918.391359234159,803045.2596634484,-12686.999832507237,15701.279017510384,78317.83422391885,38600.31092838452,18262.830851314055,25101.13535399065,69295.15526455111,55717.30067950127,14550.7436680512,16835.73236945166,62099.74619894115,52623.65538457525,5646.929771287328,6917.884892867971,55520.05357954929,71183.07126678438,23556.514372717153,9295.58070825738,87267.4299990049,66842.59933869539
21653.930716810795,-7646.629540845807,19039.228932460166,18274.76953781453,-17303.479859400468,-8273.97003808783,3750.382421397423,18611.891721203276,2556.4228892198425,25990.806657585286,73060.23151654862,-7028.664683572644,-4115.46402901213,-17470.809189979234,264.7741710933695,Working_Constraints,Salud,Laptop,Fibra,2024-I,36343.37272048158,3673.4206058323343,-231.54844734283643,-5595.579444784117,-6469.834558444298,6396.251643697088,-16817.101895226755,19423.31732290426,-9171.877668278015,834031.3465041751,10451.081827149652,15081.082498574884,83334.23849508024,65709.57588346541,10187.250973832999,15868.846229608807,59416.1678986975,85005.81893616029,12348.725974932064,21584.75452694212,64574.06671898073,46786.092959489266,20263.071440121916,-3430.5067477851226,32571.01846328868,70603.7633786864,6535.087817606266,28621.39318341484,60868.758397252735,70070.30990532285
31467.34676078912,257.5551507365208,25.08108620608283,-5262.116052551809,-3313.5411572117646,-10712.511716050169,9277.338577268416,-519.215502543535,-1553.448001711482,32188.87732940428,30491.56806749163,19592.596861036105,1750.8655602291815,-14119.576670263472,4395.234622616047,Working_Constraints,Empresariales,Laptop,Cable,2024-I,33549.06273135357,30084.211782283142,13560.3986516219,-4407.890317458917,-10232.525419521291,10097.098831538713,3688.5500117060055,7705.507284510605,1335.7639180061942,850373.9003859385,11392.21770820958,7475.314317477525,67828.94492959381,44328.889142399494,-10435.815562600823,-11486.115962384189,34255.97218261378,43143.834926233074,4977.712260388652,16698.82950259504,53147.22866813982,62577.108639074766,11229.310474147362,12616.587307741635,45349.30352675995,61143.71539626903,20433.221211694254,25415.922925132,61381.63022623132,82689.78691223923
-2562.8926581232263,-4276.457150037398,-4037.019720083642,-25147.864326471314,788.1000530046813,24163.071879098145,3396.0511446401442,-3914.1933820838385,14575.733105800751,9816.729977270425,75897.62271323778,7387.884454022092,10566.308848025696,-2707.1822280729666,-20966.398061673273,Working_Constraints,Salud,Tablet,Cable,2024-II,17380.490744565865,789.8978211512404,-396.59201891707335,-4850.317767814937,-6926.839163990499,-8357.405270325065,15748.968539557909,-5400.6267108177935,4991.353690009164,830869.3688617728,7373.873538762833,5973.702126182414,73032.34513405159,78469.1067909935,13874.425284975501,5853.618124221822,59096.67477021339,56457.79839923828,17460.19979879332,-7624.694077481927,59322.77021661793,52336.77970215657,19175.00537823613,4313.97043603792,77590.71778055765,75238.56753603986,4187.6296806041755,2482.871849717125,62439.016533253336,67074.43546200739
2668.098755864603,-424.2914840790445,8305.381784256324,-11331.990755435794,-11168.357263736014,-2288.9659768540114,-10537.226043418581,-4537.692790402876,-13776.017694687538,34833.36583821117,44773.72701083777,19309.650397856272,9816.785388125352,-4073.8544593262914,-3299.0921308498077,Working_Constraints,Educación,Laptop,Fibra,2024-I,19248.942465678276,32245.02389826552,-8813.085877296357,-16951.12602584705,12367.350837198654,-6331.607167753153,7395.64577786454,3634.464019659945,24860.049495117615,833850.5544727945,2583.5903020508085,-3006.236011355666,49306.16879531491,66235.40789975032,1000.9806552963328,20678.411779256177,66260.31771946391,59190.94631496924,3314.8462808537915,4404.4943392732985,51212.383365514615,55694.01881702803,15510.084135342042,5014.542636952997,56502.45915866715,63245.4371480476,5222.963255609722,15438.176659252666,49169.46310778143,45062.381878445005
25513.381727713968,944.6292619240694,16920.443212739792,3993.0893429797097,4769.7480944045265,6947.446896308802,2406.3869145757594,3412.5520702634467,3231.1650403591,28067.973707894023,53660.22524230742,913.928644954276,24875.299028603215,-1578.8797176574772,1229.3938503950458,Working_Constraints,Humanidades,Laptop,Cable,2023-II,14364.984012672852,17778.614887568776,-15280.830064635275,7651.277380514658,5677.676149068084,-9646.270422053027,-7184.801925374545,-7361.8019431452185,14648.17169756491,819978.9556077564,17597.36124239742,22322.246351080943,68611.48580407587,65134.299897783145,10543.45010839658,14980.730221056698,47376.16939577693,45994.03600187104,-3036.3608130395223,-3805.3670199143126,71891.11709382766,82637.07966299981,22341.313362656696,15720.724328339738,51942.28823624921,32263.39047593601,7913.06780945177,-2569.2403444286665,45458.676953988164,56246.96599370173
1940.0279338889113,-23599.6022170338,8297.607016864733,4678.26894850261,3135.049104865765,8918.296070636226,-6783.582239692669,4474.18421724738,-70.12981025759018,37383.947961169266,78183.41432184365,-1155.2422021599896,4914.099048636404,6090.941213571563,-9168.366606214728,Working_Constraints,Salud,Laptop,Móvil,2024-I,6698.559114477566,16745.086273946912,5179.18429712509,4367.811733407517,-2544.396376192253,4523.948855798122,6597.0222881358795,6635.581046934072,-5620.60677363763,847891.0769984755,7154.17930764032,28312.77100802579,74307.01293915724,66587.24161555193,20957.06577947668,18479.72552685682,66532.2423699085,78098.55894550723,6681.558490954852,-1716.250345585464,44881.2899849767,68536.1697147188,5408.334449145148,19456.19362002902,52407.52518042656,42734.16302803935,28637.818331124785,23881.064660616394,36676.12741292285,57480.038167636434
11101.418306212463,947.2537332882339,9489.561508527779,7614.0416600595945,14595.222936170336,828.4798787611032,-5945.6241633365225,-9232.733206855046,5483.215673797604,9240.40055896037,59031.46996147826,2350.623193859924,3958.7251771661695,1539.1262647941737,645.7941985299142,Working_Constraints,Educación,Laptop,Móvil,2025-I,29705.560782851247,325.31905453527725,13628.294963725473,7452.322218883507,3022.701804075138,14550.352122032307,4590.766455496512,24524.755988795598,-1397.0407042081215,840011.798383719,4747.878435569526,6270.1452628926745,62869.41753060422,50313.795378285526,2153.9631935256093,2529.152861576351,62198.71712897146,57253.89727823862,12677.313998242278,16752.831838129572,78206.14814094576,69795.6560748864,16731.25573849407,11968.836656261275,82648.16100954678,66054.45622847014,3940.9589767725047,20911.93183797863,36431.21098075918,66811.6303396056
12960.035587715221,-4464.839489276226,-3069.0984677716497,14104.715756447973,5207.633976812853,-13061.037218305875,2387.610359216869,-10180.540322438228,7197.526261287421,15222.429301075686,72547.76242350735,6049.858958173231,3128.948757005002,15307.16909512801,-16602.587248356675,Working_Constraints,Empresariales,Smartphone,Fibra,2023-II,13388.040285787107,20159.137978502433,1691.9588218392835,-2673.0000390386354,-2275.241183820281,3331.6860502403347,2806.907295216921,-5070.9324880428085,9159.13110213933,838296.1517935523,25137.03021962511,10195.935624907359,63446.39524398001,76966.00975278977,12142.3380000178,16749.0139601023,81289.71877525515,77698.20137084254,5690.789532101209,8718.755715722538,70089.4266876984,64526.85573999456,-527.7844320310542,21560.840430488694,39612.00809276683,64926.98880806035,13359.600359528771,-114.42579778864456,60129.401985463664,50503.229674481925
-8550.113641221731,-798.1964399065564,-11312.463533213153,350.7206875593087,-8943.684276085412,-17088.58754162759,-5390.464469807459,-4493.524000696297,134.41205254128818,21526.211123260884,62254.76834530255,1199.3400400543117,2317.3691200210515,-2042.2814454016423,9730.572024923551,Working_Constraints,Salud,Laptop,DSL,2024-II,26028.296829337844,28376.77297195016,609.0044769238239,-7195.745978891965,16664.779612618855,-17482.660616526424,5333.024090127985,-4164.424352414814,11239.773026665593,839344.7335742033,19180.004642981665,3652.4360482201882,39776.02080358924,56752.80281719155,24919.47040387375,6011.429840313203,52847.34387583516,40143.70754498307,22405.11141386244,11144.340132032838,76765.94030577963,67918.9678093935,14284.159878131719,17629.264343881205,76043.46890981164,67491.59947744856,6972.624820624674,17445.001245075655,71230.38013344312,55318.42942456674
-8187.95683352085,9240.421638070233,-9076.533007964701,8815.394353244652,5587.248557020915,2516.72278746158,11069.610242191693,2731.676447688782,8392.375461464997,13733.745951970326,73154.85484753181,15802.738988079864,-5960.6954191770055,-5630.5654984092025,-9951.674016919827,Working_Constraints,Humanidades,Smartphone,Fibra,2024-II,9904.040785085259,21774.78360033568,-7907.2037373199,-1908.8037699489253,-2599.177645216068,7428.201422777933,11183.86279374603,-8568.973184376482,6127.136458179464,834048.1452282892,21551.51401702212,3453.6446315192643,59182.58322400978,68818.62764648844,1700.1320429156458,30015.610029685035,49631.56736277943,36418.2500844382,3439.421488646216,22177.511906226835,62189.07234064748,62369.568623291794,3573.470160711783,1348.4117818556624,58128.588285196354,45019.38811419568,-439.06146049366544,27513.98482706012,52929.20484660486,76723.71700985293
17149.06066181459,-18841.763421235977,-6615.720033642623,13550.51237916243,17081.507504276567,5865.614361417954,-7420.486993657695,2428.290752572477,14215.98287913945,48852.81609984899,28018.14071358859,-11632.620037401875,5841.1137774856525,-6173.971979907796,-9413.624968145848,Working_Constraints,Empresariales,Laptop,Fibra,2024-II,18802.61072278269,15030.136267702102,20407.144498964855,11345.004201588861,9246.751019373192,9005.631041673865,14806.213250648969,-7044.631471471286,15536.020688331535,831101.9161488948,23287.28861616536,6478.617602154318,63398.88588190336,54089.52605696929,21118.719327318075,261.94071869312575,54219.846350194675,62474.53903534403,16679.55817348243,-1479.6938328153701,89488.14079367538,92952.2282988828,-4669.467552398957,7804.321126376207,55362.15075802892,71041.72092103114,12454.898480783871,30877.03995271277,77234.65327540775,71323.58176500999
17494.01720984743,22472.460839354484,-14491.21575059764,-8180.681505013642,1892.149418306676,1016.852021608587,-5659.492395368227,4807.606038115064,3701.472582665893,6840.502471546872,39173.844961790564,7813.133064738158,21912.952872299906,8607.987742460027,-14964.663044002797,Working_Constraints,Empresariales,Desktop,Fibra,2023-II,9912.271238640395,26088.423225633043,-8105.989613404692,-1329.064125377142,-7931.006566650509,12510.27320748103,24557.03321054572,-2924.2861697918115,-7466.583204580862,843700.2042086349,15863.403452757546,12147.345187579056,53678.41862209805,81986.95909705725,-2906.13220124679,16662.374777451892,60676.396190829146,56616.77933466745,37816.13090029487,16378.129719909315,65725.48527168938,80138.86119802586,14152.575768387376,15535.307977536662,65699.10003502504,60015.57890734609,6765.738838193333,3697.3048169327194,75062.38121207047,63779.18025948971
4895.232407010549,889.0657977562178,2143.0783839754463,-9782.926232974985,9574.831233883575,-3581.9876930090313,11690.175088300068,10973.701860076477,6466.553698364858,20361.668289466274,64764.13252537565,5780.022493960643,-184.8954053219445,-11033.408064765401,-4457.648720727745,Working_Constraints,Empresariales,Laptop,Fibra,2025-I,18670.708837607715,23281.206843524775,-3000.349710772561,5082.142907117146,-7229.1345734188535,-21112.182299006112,-22143.353406927705,-14529.645492407053,6367.953792572315,832819.6058964374,8326.680314226533,9300.022397471479,45328.08566392085,68560.12152436128,13602.651144571133,4251.821755904524,68597.65540080672,52524.76971763195,-837.5595835708973,-951.2732406226405,55756.10006781497,64688.45467237073,4657.796423456079,21363.54086176252,67080.35402671043,54569.6193781033,38629.79999831989,19995.820410298977,79042.48613010881,57617.95914958255
18205.115460751487,29418.711539462685,-17733.963937763914,2267.1248604672546,-17683.147401688737,-3122.6191202401033,6097.8283859424155,-10981.903278194828,6345.972425620646,23562.59428228446,56004.78916339073,3761.9716094117243,1460.3386876176673,-8446.406007282381,-3789.3323679187038,Working_Constraints,Ingeniería,Smartphone,Cable,2024-II,38111.37232233131,38066.593259516645,-20192.87459084141,12939.030457944547,-6388.133556155028,-22491.1000557171,2645.857757618617,5220.542655214695,3009.9233264583986,851842.571975784,15023.616545019682,9314.980943082974,68030.76741274403,44130.1700463937,9145.765920833084,16089.163807529187,66375.62767705476,80649.49318731263,29905.201099183858,-3818.4798620598376,45654.586055137406,25420.86270524125,23073.195897984035,15750.580385289637,58377.23207144756,69192.43587871591,12189.816538901825,16166.78243985545,50498.419160419086,66562.47682074629
-8371.93405767592,-4374.21435572095,22672.75173634955,6037.543345484578,-3468.4129214468635,9108.168480416227,-143.33072935733117,1870.6761573838894,20331.711480118494,33266.63923270073,51793.23648188047,6018.36496443306,-5549.756851574099,-9953.186431532049,8477.9454762353,Working_Constraints,Salud,Laptop,Cable,2024-II,46839.7771688045,16596.51586937345,-6359.443863741562,-20713.111429890636,4031.7310799787842,3937.3609539172376,1003.2075187711039,7902.234801637573,-2427.8402733418457,834303.1381828602,12047.06936087539,17313.637389092954,58769.21424212136,63369.29020346729,9263.356899246352,16364.594847920733,52490.450221771694,34836.95591624606,27684.913433110505,16589.145402938047,60821.81495198492,59154.46102732309,16848.347961193074,5296.787979489673,47849.79628209067,79904.93682986747,26831.59704725082,12252.23887206101,70260.91180853994,48536.4257399046
18282.316757647015,6710.389979474599,22400.47096484476,-9050.30739243424,5865.007505473937,1711.6319305677835,15533.373864825422,-21246.033279191706,9472.99989174688,26619.84112375791,64084.60694409396,-6573.587831267126,-4252.312878520876,-3980.3359909407345,-9922.980818158374,Working_Constraints,Humanidades,Desktop,Cable,2024-I,37345.233552277656,29579.638624781644,-9850.226828554183,-2085.1292837223787,-2406.220800092217,3683.095210519651,-2658.3480360694675,2947.186265903615,2170.8316980429195,832155.4605785274,13363.305477442538,7254.229860200578,64682.83281609256,61011.966416983254,20895.597775896393,22497.911373794555,59643.896922588894,72668.10711115932,10514.03005158522,29066.26073720228,68423.73247723709,54129.215589700296,17869.949491823514,8666.896842754384,66207.33033432193,42440.2524361127,8139.9244152195615,6271.449610256368,54099.41198932959,62604.82572573997
-2610.783558667311,12674.350386539973,8479.825842735989,16268.578335471298,2999.9842606118946,5107.744876749681,14094.044353217692,17565.67938772083,9713.99742036776,33696.89877007943,62594.773522966076,6440.276929190841,-9942.022227297934,-4607.099604334534,-819.1956813279912,Working_Constraints,Empresariales,Smartphone,Fibra,2024-II,27286.321002249708,16280.889086641342,-3206.470390681334,7954.338768797173,5826.378319331406,-379.04589125788874,-11110.844286709333,-5183.391555309498,-13510.81739719219,839331.1812061025,28109.21610328381,16491.338738334154,59056.742512190554,72547.1713895894,394.77209948381096,-1048.3621700224903,64792.81582166212,50743.41818281323,-21198.58014681584,12153.23545506913,71045.51251950028,84319.89379006655,16403.784297263417,10243.663240250366,68483.70730073062,50807.79341270561,8098.303262940677,-3092.8152174336283,65363.56183986389,100356.88331099325
14257.146894316924,10024.320974845581,261.9533266457736,-1713.5944421629883,-8459.107534124723,17574.959948547734,6066.617446665133,4144.267370297581,4247.501458263522,14034.602617675959,23523.198530323854,10953.766503041605,-3376.5994986883084,5673.48967001005,11056.996032863286,Working_Constraints,Educación,Smartphone,Fibra,2024-II,27928.499289293854,18672.367409011244,-10488.749655288091,593.9555410762016,13538.783959210448,-2467.474236759513,-11032.635753854514,-10982.200464736468,-7632.800568640802,850184.2519239906,-1835.7635428097947,20483.91534793937,67572.22967863957,62190.18718246292,21307.012228923348,-108.92521582969493,47753.31335421505,58580.70764108107,33010.98049092415,19603.752437132564,25533.08902862698,39811.89102394301,2329.906373810807,18457.996037210334,56581.58345947134,57299.510962502485,9015.548210000383,3000.555285666479,42752.0710612725,60795.32610734783
29283.1713466279,-15785.352369021635,771.7185610028837,152.14131190884905,-7540.106332660529,11273.446096512707,-11200.663334785017,9409.88172563214,9338.298535758271,40726.431510251685,34820.174574091245,3938.70621382677,11472.513837975306,-2476.205251015992,-5341.9575351352505,Working_Constraints,Ingeniería,Laptop,Fibra,2024-I,13016.644774408318,13626.45332031322,5292.539407832819,6418.798586608812,-24313.326819581776,3763.4974279493854,-5701.3947552769205,2281.940809122109,-10529.957982185828,840581.7288379912,29884.77631597955,16250.328963959684,56440.56643327007,67751.65464197802,5956.309149029419,13811.696452387052,55862.99934992395,47183.62778036842,15265.53509662447,15475.69718732763,52361.85381718154,49828.66473484416,4867.625400918698,25246.205426328546,51367.21006302775,46462.83208461611,12015.12258728261,-6366.989374091852,71666.7118300212,84560.51553164804
3883.1744724273467,12205.55756600896,-7067.130503897148,12123.70000045081,-712.2359545757075,-13579.713718099007,-1926.2274120251464,4182.751864863079,1579.97601217501,14687.459045006248,78655.96424591338,9837.286274428383,-3665.9426598825594,-3811.020255078125,-1372.04430393123,Working_Constraints,Empresariales,Smartphone,Fibra,2024-I,13007.873817732256,27503.74154286054,-2456.5477252419532,-1634.9062391572957,7238.922731294651,15974.716692058575,-3291.3136253443013,-14473.561044332911,-2640.2151361303236,857399.2454569623,-4140.558849091734,8556.3056062763,60914.53422321194,60189.767797765664,3040.2417407566154,18077.950336013047,55274.975800576525,59595.67389654091,29040.524001596368,-1854.7821953076218,66035.25506943747,47192.00441231528,11836.320962883465,436.976193925133,56023.24925417869,67859.19952360113,-2644.029503340702,21529.211984350288,49948.85310763561,80477.39577588263
7467.1190059818755,10822.802777249704,4780.756088808312,1952.229597740612,-9613.009379514477,20648.662472208292,10234.715888121027,13408.296129414428,-5136.125461620473,11664.610143657072,34146.93849977644,2051.063772333663,14924.92688194594,-1204.134155433985,-17577.563332175378,Working_Constraints,Humanidades,Tablet,Móvil,2024-II,20794.45775058191,37687.563529797306,-11430.901676472526,-1199.273600820832,9179.151506705284,-15.850738412600936,-9975.459734622556,-4997.717054940327,6425.560213893166,848189.3438734934,26154.799729386134,16778.676680935845,65778.40423924354,66819.46361447599,11073.967403974086,11178.337980889553,41570.504559132,67935.47340813813,13746.385534429024,12668.481961790414,92625.54499661559,46326.06159992863,1044.2829322786038,1156.7603333904208,51187.98435161589,83541.98354486041,4801.179852448651,20426.81419563193,70691.28090962638,70357.8839088767
33501.3281246021,-7295.025725827681,6937.2142816674095,5940.63283745401,2388.3112410185336,15358.237735459366,6246.118665883399,-4879.9221945555855,6143.361777459022,33774.3536061088,68396.83780566337,6117.515521505811,7198.973483969151,5721.918586728572,8643.855225479489,Working_Constraints,Salud,Laptop,DSL,2023-II,21707.47188338424,31337.02372454799,5272.8167419014,1830.5330316828838,3341.9171506155376,-7883.850247108984,-3511.684258079783,-10092.856324114731,-1853.3746099032523,840337.6400479928,-2797.0561579368696,19260.590890845553,57391.857869578314,62750.98927113177,15324.00608662554,-809.1903655751739,68080.5806716254,42029.7101664099,25250.63179988641,1837.1191331578611,69429.35600180716,87280.81686201817,3917.9106875005145,28779.53581324907,70080.24047140032,64581.31315115163,16527.208680442243,8413.385510438482,66352.51474861892,78521.84845888343
33541.65329856478,-995.6481757829779,-3876.460795788014,-5408.364720662641,4040.3194687439723,10489.64914759607,-10672.055882518405,15048.960725576297,1582.856788824633,37414.653402844706,46281.8643962155,-4857.664043509021,-6787.8754845029525,7714.132879984249,3532.7308648234425,Working_Constraints,Ingeniería,Laptop,Móvil,2024-II,31506.937202890455,24122.590521846832,-407.56366896059535,205.93725313598,-4076.5305537048666,7624.898336259663,-16564.847656682752,-7623.676264672014,-12270.252601976204,860388.8028957522,16823.0729883306,25972.74352914634,61831.516448361836,56867.163441045406,-451.8698163627396,-1279.6954561422535,53349.813301190276,57589.81083945651,2237.6277245851343,18600.348659601164,90096.48428511452,77561.40704014424,5234.537722279953,-2257.0631719469457,80726.53736774907,71187.57766947076,15219.731072961824,2053.125792205259,63642.31296485115,73457.94888812293
21766.518993777645,28392.504392300725,-3828.410850844011,-9535.798879188565,-11633.274573774106,-4553.905751893295,2658.1551480571234,18406.123412048757,7219.864339379314,22763.642898460446,48570.48003937199,-5844.555029182308,-11015.701399561862,8849.932093272262,2964.6582574700783,Working_Constraints,Empresariales,Laptop,Cable,2023-II,13664.606823439026,23789.647711289188,3327.6838912631465,-11097.15126562383,12902.397731212519,25028.315301182174,-10041.282611306007,4576.849486795439,3652.8025001228325,844956.9521200579,14101.835394198486,10568.508853388244,56059.79243815258,66680.05580477041,4355.029710831857,10912.34285224188,84710.96357966433,73264.01762028527,5556.2625968832945,18863.049516456864,77885.45704918803,62579.40316886392,16651.014776543474,20774.78986887962,80491.69654346831,65589.91922343994,-12444.413556489526,18493.157287414342,91717.6832170615,75760.38173005846
-2094.7350003023566,1547.3638465440627,-14145.725024056403,13699.91170653656,802.4744466784434,8613.814475549838,-4214.408318907656,-3350.5273657905,-7251.395362983089,37059.505102389645,44541.67520024452,5930.514751546149,6899.325564655302,-11359.823198311786,12418.665192471344,Working_Constraints,Salud,Laptop,Fibra,2023-II,45730.928811525795,16520.11116874401,4206.548273599422,20700.056967977773,18463.576381453433,8805.685636334101,-3163.040742088645,-7356.28151664786,-5243.415352480739,833032.6124508517,-3967.4990664637608,-5119.359278142616,48535.05729076888,61053.700497102844,26575.22590590866,4020.1492281858646,67375.75518863165,48835.132246489484,14507.747137188488,9322.860214651166,42232.41246288639,45402.45773875264,11928.902920742883,13465.54405293667,43130.57510239615,19231.32655574914,35017.64372294307,13471.231235200337,56816.51875141303,66335.65664041547
7796.136801526389,4952.5956261441115,-1497.6738633312968,1979.943256685151,-18956.27197747821,4143.8619758552295,-6383.344208387496,17491.475912592454,4223.856036897668,27907.87356039932,31892.72513920621,4583.289932379657,-1493.4820433645086,-417.1352828246113,12985.902790494963,Working_Constraints,Ingeniería,Tablet,Fibra,2024-II,37140.01115639759,15389.69609309936,8646.78418414959,-2766.378884849776,-3849.91239306234,2043.4006115516693,12523.12505361413,16801.412386118096,14330.388027119478,845447.4572941796,6931.053548231954,2721.1594523266776,62267.67724974594,80236.98285402179,5124.793384047458,644.8232710083139,51787.09243975835,48087.337548523894,16565.725694517863,12416.096132730723,53334.90516851841,72533.41477408487,23650.954748383807,34377.80083984604,59397.13260078083,89298.78220674378,6134.310283058454,8577.494241827184,58560.78135223015,77987.79003025548
26125.211450179282,-3192.4530262231574,-14073.329260903038,3950.504685649448,-14893.023664126697,-3880.818349413783,-3890.836347129861,-5066.47841264831,915.9170049057634,48467.990477190324,43329.626883226396,9193.793586752114,-3582.6796629410455,-18512.768264623708,5809.7382653805835,Working_Constraints,Humanidades,Desktop,Cable,2023-II,6647.095610777818,16774.16644245515,10325.668224576759,-25934.708707613125,-2046.8924371163018,3606.2918800332286,7180.819383538,-4314.8387553080065,-4481.717662803039,847971.4848243446,12216.122414516502,16800.655863482083,59443.063050242214,57124.60754183149,1048.4494490557354,1506.1667874976702,55549.63031719204,62014.39376727882,-122.6545731847491,970.0460117473012,75922.5415880665,73927.70589539243,17543.94006969199,23082.103403644123,84568.5496935772,58095.08051820379,15699.117861661573,4202.4353887080815,65177.132130653634,68200.26391696156
4603.604292880474,-1475.421791640877,-4916.928036100252,-17671.227445746586,1303.8477413482715,4809.32266073191,18537.5765708883,-13942.888420003275,719.142665769597,38212.07839961337,60457.73764554373,-1724.0074788120173,-3334.2670385667843,4428.846378443409,8392.980496922359,Working_Constraints,Humanidades,Laptop,Fibra,2025-I,25633.2002328223,15473.703202158551,-6192.769436388221,-17027.541256711032,4171.361111624015,-7428.497372879469,-22300.931311523178,15100.700499553832,-6761.786536175435,845037.7573367337,7771.561114140053,25698.871614431795,49963.0532314383,33334.53371135236,7366.198577388488,30952.665110283277,49271.25501437319,48471.11346514851,25141.07295997571,1583.105872631646,61686.937400759285,76985.38872785217,2225.4707866823974,4898.653392386749,87040.6448376011,63499.700617632865,-1499.8748389888478,10071.717149541699,75532.36374548887,52961.97728101309
9008.352939732013,-2647.402081863802,-3971.3594525328554,-373.74188417775156,6552.9808062326265,-119.51891218449771,-21478.895542871494,8145.87961036884,-3113.397907370777,34085.594042249635,23939.425435281653,-1459.455056867845,-11689.068852463375,-17521.143885535035,-3094.4254531187953,Working_Constraints,Empresariales,Smartphone,DSL,2025-I,-2364.2476974406854,39654.88147526063,845.3775490114831,-4272.6547417518,2149.8604699849107,3564.8556252668122,-3192.8418322830235,20561.260808979612,-13565.197269508473,848700.4093584652,-628.8654671002314,26800.70416593002,51606.37349309976,44327.27481549035,-1978.561424594067,16175.037018022556,62775.122681259076,57839.47911185463,-422.0662196801168,9222.916113018136,42456.16560628474,66835.37806682728,20557.968931296848,-3668.563410248229,62763.78151491544,41430.0298999566,-3364.0928642131075,42009.42800902837,77178.37563642606,42895.52924494931
-5136.004963837062,15215.463255838073,1277.2546998191394,-1363.5680246946101,-804.8045009030624,18654.03421410643,-4640.735589254694,-314.77757989999964,15124.869616371263,30549.155844990062,47717.88438716422,-9890.143130686385,7730.029988736625,-5752.8857685059675,-3934.6223050644953,Working_Constraints,Educación,Laptop,Fibra,2024-II,19780.06904925615,32481.244724013726,2676.720448079811,10718.509759157412,5377.559049774641,-7468.700625026532,4653.467471234211,23170.246767433342,-2952.3087803181324,854297.635809937,4363.384628062411,17167.51550302871,69670.0739921572,87947.30246988166,24020.187472634403,15632.73011839448,51824.8544274015,73986.63705473716,-6094.249837032661,19946.0744640703,69455.8708480199,84259.59333584293,24835.14276821571,-728.1544624053149,75140.0405767192,69266.64331460063,13475.157614902062,15875.150780349422,60937.219676496155,69011.0086929016
16119.896363127471,1099.9112160471113,-7950.470106993931,3742.5439497167617,508.1827931384523,1673.6846318504452,-5903.641308104228,13681.364798865325,-8134.4314033142955,18660.398144113595,32396.272806884437,-7543.769956273243,7432.557810206386,9512.009947155813,1494.0174857877803,Working_Constraints,Educación,Smartphone,Fibra,2024-II,10720.25448660832,38633.02371361568,-689.2965045369519,442.27650455806236,-4548.09751625863,5665.843018992573,7604.612133796728,15278.735208902635,19522.80389755874,844414.576133518,30077.450222639498,-188.2053322392767,44662.501897069444,76312.74966619648,10933.633843054296,5767.651952394999,67358.06077630087,67014.14880115405,18310.964520653033,-340.29645517144127,54302.7089875318,54618.93462801415,-4013.365332136864,4005.067957246405,43367.3566098579,53611.60845601654,-12211.218135673567,4765.778913554709,33721.4583881805,69226.350071308
18247.139623447467,10717.958382065972,-4026.513764020727,-2593.9789779002513,-11819.833738428159,-8796.48625763657,11748.161102078187,12580.420371803015,-552.189864064304,31529.31744100686,59453.68157057478,2654.681987441041,-9712.234142489926,12876.945793110932,5312.280453545993,Working_Constraints,Empresariales,Smartphone,DSL,2025-I,-579.4487901296379,23077.985241839982,6297.7784814456145,-3952.792006865258,2354.8456819776607,2626.3666312970954,-10564.235943367175,8944.16112034793,5095.187308315886,865244.527147207,20616.70318303995,-4618.056506309033,61914.52724205701,78585.34959853887,-2027.0457557927984,313.12342974569765,71805.33592839201,67984.54972853768,6717.034080145895,13244.745794532442,63118.65669548944,57208.35038966016,13459.391207513441,18152.24150988503,53686.35367652467,51987.5055979667,6768.593691984849,24646.874428178675,65714.85988984439,61263.19948334296
-2234.0108575513386,7719.240593713608,-5595.483887159859,9905.733832161652,-11043.010922056625,-341.4358879772577,19214.640156336798,7063.079304712608,14182.233914115523,20076.049486634012,70701.29385655036,11522.112782222546,-467.03014691177236,1525.3797012470839,732.463739714253,Working_Constraints,Ingeniería,Smartphone,DSL,2024-I,13683.093652752064,5725.073385618035,11448.80026105516,6579.758520766958,-16214.855513147044,-5121.233681250674,-4639.214415918274,16648.937834516662,-5073.27439079405,853399.903195605,11216.311366420785,10827.559691565071,84458.53102152406,90037.19190529875,8006.298622143065,10220.91289835616,65274.7747951307,71341.6693279309,-70.62413006278803,21096.691664620936,80890.88099706928,69615.36071780053,4795.351116001248,21453.81344931363,62515.58349691953,70513.80802022357,14029.396258886976,18337.747708713443,57131.54526213315,58822.78001415564
-1015.9034349143658,15864.27895781261,19134.929046300236,2347.3752521892307,10759.86567321039,-3150.446777969633,4824.905483452609,5496.496880984352,4810.418600694895,16102.299712681071,79581.30117378039,2934.957647980148,1032.656416378148,8456.35332025556,24738.417896671275,Working_Constraints,Ingeniería,Smartphone,Fibra,2024-II,31531.36048215239,13056.785857094754,-4500.191380969096,-10189.401112374555,11811.46290912701,7593.183424541139,5722.377236537762,7139.384216458651,-1183.8748272123737,870378.6579463885,6153.598224938679,30013.91118210907,62718.4886327656,64656.364630165415,3604.819685336224,18553.86201709911,60380.535375991676,64292.88701522958,22637.815670184966,19892.093600945656,72036.5546859637,40323.4478316091,15849.201772417733,2564.151843095631,62145.11644893897,76227.63863654551,3687.2037835607116,3606.744689629417,81173.33512970667,97511.05337623501
-13624.99108875076,7526.586734597576,14454.72604931594,-5865.098405205041,-1958.9574299397868,30644.913918509206,-2770.292483631696,11263.14004619842,5964.709919269397,17361.241913078702,55214.05859640938,16557.938160401052,-3642.786660416796,-8368.080621098145,18866.79326674969,Working_Constraints,Ingeniería,Laptop,Cable,2023-II,18516.73946627972,28471.431896709022,1133.852220432332,-8409.12204475093,12580.853244230098,7929.030478926039,-23178.179431734257,-6141.376408868773,-4258.788467309319,862866.3596050418,12841.82948775382,17887.670038000637,65913.74064256274,71283.6594451592,12174.221744597786,-4734.004914669298,36899.430837154534,58040.862426523716,31205.4731851901,2517.349757121501,49052.836753900774,65634.69065263076,8292.627065409208,3407.0789580504734,55900.517199355236,55272.73380660975,-3822.794516382208,24252.906254170506,70037.82814824319,80048.57734982607
6974.554386664484,22486.130883263875,-8851.313498456653,17519.86301827479,16345.095845636766,-5018.720655501176,-2927.707168662894,7199.455924029215,7682.877544135612,15099.151297598188,92478.16238154049,-3165.477965760875,14868.688050572211,5095.259307044929,-1958.2610271876997,Working_Constraints,Ingeniería,Laptop,Fibra,2024-I,3850.1372921445345,244.05604364875398,1276.0586285991499,-2000.188153077837,18214.804176839094,1616.3759648226862,-6021.030932236187,904.0975100072586,14843.213321745701,848833.4136813643,19203.55850412501,21088.030760926154,53975.78205380456,61169.91056060624,15948.962336029308,21405.55439002288,48886.576938448154,52286.76284872598,17942.204301849193,17424.541382108095,69326.54926055712,63001.05167915403,6520.24621252216,14381.474077651432,48941.435215858444,55046.5360008095,9776.362223842178,1918.7295544141289,61356.20758258256,61725.760093018194
17415.31740749672,8176.263012522789,-4130.747313979583,-9595.038059594384,-13147.894627872865,-3895.586082158432,959.0645976885316,-13937.79959775999,1154.7991859097579,20611.364577025357,30304.824191940745,-21232.032770495312,-7919.7939202232865,9244.202263812775,-9225.1107070989,Working_Constraints,Salud,Laptop,Cable,2024-II,19454.056806032786,7498.602563843913,-3297.127342814042,899.074540983597,11751.867100156263,-8615.705637281028,-13041.767270930579,-21341.169359522126,439.3652805741065,858715.660537818,21763.658457685677,18241.90028630894,71388.16698241956,49488.465932296356,15579.114018699402,28877.417508440853,76908.81129027005,66591.38323908877,4090.8966197530262,15064.404155295213,66815.86297887714,78903.66276841071,10364.080045108185,15797.694305830948,59139.8625824457,47260.756009788165,17739.765457486854,12705.883271615816,68316.56052538991,82112.6088332289
-14961.783462275062,30741.989427718036,1245.26539299668,-7700.922377009217,-3768.523336414945,6762.424902304419,-10613.694114384843,7421.007378438967,2502.135089617497,25753.025931264045,67619.57826215545,4103.556991149067,-13083.188768394144,-12687.407540186843,761.7416315492676,Working_Constraints,Salud,Laptop,Fibra,2024-II,21834.84059013893,24382.16831056079,8554.367577112185,2991.088634968444,-28380.296083579367,3918.7641588816855,-8984.792311013542,8346.499916985265,-1982.6543344470567,867464.8355408888,5694.012074053643,10876.659594965988,70949.5778899801,65060.45231132245,16516.437308338118,12248.8557030705,58029.815197518175,60809.62349551012,13522.89730507459,24569.10914465865,45404.21389210309,41027.960155967005,29399.935614101465,15127.158702051667,73070.65521362587,61949.50531317686,12656.065018950623,8217.65622973527,68400.33979171928,47300.76575031626
12000.910823418886,-1789.5906968100217,-2976.791658752621,-12802.38819042418,-7775.096743311786,-5515.368550484973,382.7722100957926,-16051.224505070852,-588.2488859074183,31784.21066260456,50218.864180924895,9405.87500615609,10573.753646062618,10435.206506044638,10426.016170984585,Working_Constraints,Ingeniería,Desktop,Fibra,2023-II,35047.87390192716,26263.502268000535,-10414.825098636107,-26610.29261570523,-16363.347202441675,24670.289066521786,-1489.381086580182,-9281.642669073239,-1965.0587205421048,863246.0369927973,15506.38162660911,9198.465257247659,62790.59630785068,51485.74947333081,19085.308639244147,16250.669561780493,69266.4260236068,54381.608927290516,14028.882239567893,19582.25196582818,50185.12906734907,66019.7612216529,19632.170097088732,846.9868205245166,58703.14741254786,63580.47364388338,1588.6697381142712,17563.611281084388,78408.18838977866,62680.568336440614
14596.39716507666,10156.414873586022,2784.3259491463514,6604.917341403702,-8202.885859424912,5019.980049826363,19493.66969504201,-1573.4304612885808,374.23612705705045,14624.67409788782,21554.63310708041,7792.0507616451705,-450.9342162040134,-1452.3407856184187,7091.95792268256,Working_Constraints,Ingeniería,Laptop,Cable,2024-I,36370.03020466525,24136.382966627443,11515.762370476195,-2016.233660312228,2020.6935392994635,-23826.297090468117,-12553.470048653238,-12029.370802658868,-1575.851283670065,871495.2337127037,7922.271002866677,7884.5002250771095,43899.54520343575,59557.5494627614,17957.969935914844,11614.814590801634,68201.73756530228,64836.49320105539,22863.11945663763,8058.400014158918,61857.1908044198,84429.27935633753,15853.847169533576,5515.512535199226,43703.077406033975,43579.225326033666,10815.733961044769,17800.6815764492,53617.520257620374,81531.35591988554
9332.22499432024,16216.360952893054,8392.16593719832,-14983.911212743606,2111.2035100194066,4103.57884590009,-1094.8486012163385,9083.926181451163,-8668.350654783222,5859.779461013957,25880.57791403846,21716.43344063001,-2083.4092597013882,5912.276703726135,-4765.475744428057,Working_Constraints,Empresariales,Smartphone,Fibra,2024-II,3394.621040560516,13701.084846066618,-6162.147684359799,-1222.3131227814563,-17986.24998903729,4333.547872974816,-3330.1951311193666,2100.3340198019378,22352.595365477104,876043.7887553349,12103.239420462114,15306.072974087529,54130.38825407199,71555.85137329952,20990.12737754525,20708.770651984436,65222.370333171006,49834.12231846068,25066.725929249835,24432.755853147333,69524.70017910717,54748.9746370269,-3484.176581450687,29018.812747232427,59091.25329948822,56664.19704138117,25274.77975428392,18610.20917132881,63236.91660932365,67633.21611553014
6713.851132562463,-1167.4671211892091,1365.2035543058853,3380.257631579111,10887.134322198192,-16306.67713323581,10851.645502223411,12333.500616514208,-13257.444612183306,22472.568158959053,47899.60773277109,-2027.4261810634252,-5302.226901185483,12383.531984283103,4495.021028257155,Working_Constraints,Ingeniería,Smartphone,Cable,2024-I,29365.73138321979,-3149.9156067938493,15178.930785295175,-5146.406162024841,-1426.280551512516,-3488.2200018639583,-3263.953155068953,12207.209057913864,-11592.105752031785,882961.9853677759,9084.905951079976,-4186.62589114334,77498.65910422633,60542.52071281179,4552.58719933438,3626.46852170272,54811.80199036064,72941.74387745824,13204.166164249995,29868.676351177142,56134.04218190089,69280.00941381883,14264.90822022775,37874.71392855299,74712.5415515841,69452.48808024642,36337.25631156189,16552.010002396193,46040.549866682486,57960.68058355158
5600.942584487902,5676.626391790791,7749.852888127837,610.4951755571245,-7957.957602974996,-359.7163417985605,-4364.350058013603,14980.623522510145,3465.5074648451337,28696.646118422836,42283.77542680025,9311.598870540394,6362.320100948976,-26.179503995392906,-5211.81024548624,Working_Constraints,Educación,Laptop,Móvil,2024-II,22235.73264850209,37555.559952864045,10714.206321075966,2352.5237010599153,-2005.1973944263011,-11941.071112952657,-3432.2096054032704,12543.511356951889,-2916.970656803653,861938.1647715758,-5685.598189603199,-3663.3169502381734,67181.69719492471,49264.620788531014,-12415.549014181568,13437.290448271819,42280.31359531284,48275.69494250133,19120.210336183984,555.3578758045387,66103.62539019703,49857.049480735586,10207.645229061469,16160.25694495926,47877.065580726536,70427.07507527513,-1643.1615009339112,26513.96594704678,50047.86086081022,55650.784593762786
6381.367252545292,19835.229456912253,17011.232450044325,21182.306084577183,18451.67815223635,15339.535121783223,11368.955145339074,9420.29962280962,3349.143279897594,19240.65429703264,54721.69199945371,6984.369283482894,14962.887517307376,-5397.701444637252,-5094.354236003886,Working_Constraints,Ingeniería,Laptop,Fibra,2024-II,45163.38689445407,28541.73247229379,12697.991083583478,-10158.79624993005,-9328.925717115217,6996.009605359046,-3669.347252275129,-16038.123892052383,-13299.084778504246,887118.9899933533,3751.4753575967097,31430.88355416701,56843.25302177254,43555.41000573467,-101.73686168606582,31287.255241811312,42526.90984164134,36569.80357507914,30945.703080234718,18671.818325956498,69609.88807813457,57476.619673595604,22826.45746004823,17341.336082459697,56630.37853723991,71057.0532968698,13643.767490664646,-8562.978382731802,46425.31976789936,59934.52514356026
13863.709949970355,-8529.33922173183,15138.623406393324,2980.137978560381,1736.400341456955,-2185.2460433136757,7073.297477758821,13358.725811153396,-11271.396866098046,18084.456457967608,48084.419401746774,-12335.897820700948,-11350.56250509122,-2265.5937389689916,-7970.332859862132,Working_Constraints,Educación,Laptop,Cable,2024-I,18314.34144551254,1701.5504350018164,6085.314096860652,628.3680994349063,-12116.47452956083,-3689.387759247335,9792.872632794993,7624.409289089461,2078.68052235999,878083.7232127103,27824.2785272127,33950.7369861467,58756.702567867076,47388.43642476291,14055.301927053324,14888.807219793252,56245.7003615734,54239.65651878105,15814.978350382304,14719.077745691968,59948.15779948652,77885.97709933297,-1744.5805676867421,20800.124649928643,58075.25471055438,68139.8285004114,18387.140627032604,21793.273438250064,49295.08292992973,70729.69273780132
2944.3516995058635,12053.698978832836,14677.728340800239,4056.356694950905,6618.408614914795,3466.168366382885,-23911.017396652198,-16100.677816965705,-2389.270248504754,34835.45633684341,46883.50239631479,-13868.907795539657,6282.798273714345,4991.089187145026,10142.259591580867,Working_Constraints,Humanidades,Smartphone,Cable,2023-II,40776.82745896737,10530.041214676892,-1387.2779499785756,7004.920480710084,18246.40789544421,-11430.876201837806,6829.669548843458,-3471.67280662702,-249.375544372835,874830.8967982889,-3310.737612608862,16551.25724487427,60989.38019084107,60648.760993116295,-4135.091537874319,3604.500079855434,67560.8118550521,58395.78083065326,24148.42457785918,6823.311504486517,69427.00855796797,49226.176564413356,15685.521985634405,29133.295495645398,67336.72830785823,66384.050176846,22280.37545664164,9854.368066606945,65225.23428459931,86528.33826488501
9928.124894342338,-3460.1812677066055,-7017.7661286068615,-1326.8655224165311,-4831.094922670204,-11231.265982357361,4862.615559764405,-531.5795533487994,-6619.143316675063,24469.7147966799,49594.47494402915,868.3623822561676,8231.608701783773,6464.562891662117,9063.088987857209,Working_Constraints,Empresariales,Tablet,Fibra,2024-II,13338.582722675263,17307.409493461528,1113.3211726405475,6735.654700546962,-1940.2225460907457,5384.750127969858,-11256.46930821436,-10684.412421928779,5473.085641673984,870925.5678274482,1376.3450930641939,27764.00861081187,46311.92672474148,48640.2801106025,22534.635912374553,26840.524681500374,54245.30129477367,64245.06678147765,28228.753771576638,2780.530487086595,66419.8192734986,96728.65645396513,16300.860854633322,6143.626216831287,60313.403319001474,50525.49508167049,14414.331620731127,21831.17021435085,67642.92409230163,60948.836250959015
15897.223924258871,5861.263802494919,-3254.61496740869,5901.599112502041,18062.2950305082,25709.691724397515,877.6203529495656,7056.958577957279,-1560.7759570512471,20189.922790160035,53668.52534474676,-2949.1538637912718,17355.78188999871,7100.844844067233,2221.3117856933995,Working_Constraints,Educación,Laptop,Cable,2024-I,4474.343118862531,13218.242781640676,17748.16980376492,6396.495768119479,-10100.184323452497,1558.2877533095502,-10600.879466786264,17988.2723542728,5644.4701645208825,864893.6451930187,28726.0325773779,23238.537845954917,68778.8537864114,50844.50751638096,5722.915580949302,14273.520724810884,61135.10215189382,65848.58869681394,18206.408540488956,9085.3577670678,64446.60237875584,55261.13893628706,7178.92899605247,23680.570047126428,43205.41094649164,57243.15364052592,4496.19503870012,7790.554798387135,81666.22463996094,68171.47547992185
15561.885646963237,3611.3158126778,-10397.590682913571,1597.1829068441896,10309.622825459892,8347.333846625294,16101.887290284496,513.1596212965906,6805.837605483715,20059.992817666312,59565.45269790138,-3266.788052238063,3206.2437374486663,8838.490525838433,-7084.4982943397,Working_Constraints,Humanidades,Laptop,Cable,2023-II,31674.73648543939,7511.460338771685,172.74834696260132,-4232.919743438758,14214.686469827186,-8914.0700277811,7737.596784730347,-997.3057738439065,-2632.1527916324267,870143.5425565304,3251.4387566249834,4927.323325786378,72069.86735246514,62477.0908756663,-2811.981009816367,11946.242444915832,50051.38082899637,60175.53153023517,17925.91781425437,8925.768122158992,61335.84760144531,70277.98403719615,22129.2651355868,20888.786716580882,63373.56819969283,77606.01940807498,6106.884696413052,8774.56851408187,81218.76395263852,73075.09974036377
4104.517316584659,7505.576260155155,-27953.998340701415,-1422.9970555425207,3932.5829953517873,6840.619730219218,13823.10039706691,7058.4195531486985,11477.176751718016,18165.920930336313,26304.55293252877,7397.124486621702,-12397.90609889246,3455.869208516021,-11412.617944237538,Working_Constraints,Ingeniería,Laptop,Cable,2024-I,27074.27357707036,20842.011898639867,8621.223450176149,10553.15237164242,3957.226562310068,-4878.148114923682,-4115.171689096661,1248.1567900073678,-15587.620203645578,878536.3143169816,33914.28708565315,23658.280875482844,46784.80156924757,77017.19669818669,7815.186976066419,-380.5356647937024,76779.63344615207,50554.061547607256,19404.981640154256,5510.649233917502,49493.01642769832,51607.93959119542,10837.87577277358,17030.71743825486,87751.8640544752,78457.86366454784,25921.15252185976,11855.213599547656,53257.42542614111,75715.06474928436
11358.304751511758,6786.400668463433,-4161.353016455521,8919.527892464794,6703.878818225891,8608.929260776044,12984.150579559482,-7208.704702236028,4461.871674228639,23058.722589821547,62591.38191439012,12601.66179167679,-9985.919387827584,-3656.3558112746377,6629.559453973678,Working_Constraints,Humanidades,Smartphone,Móvil,2024-I,806.8073945011456,33207.74009381743,1570.6929813400266,-5996.3438884020015,-7007.158069574773,-15884.351629389133,-7491.792964572792,-7809.462055729909,3577.8700328946284,883944.6698224247,16625.70536454666,9172.448833626955,39075.41543966395,59746.0597976199,10874.775241833839,3621.759162364224,57531.49250372866,44533.77490848568,5262.160305910349,20408.352246491413,49939.227001295,60032.630534497446,8176.299542865987,19667.602358849435,51177.730446856964,57269.40994452675,9470.449251169699,16745.464283021225,69357.90289302319,74250.59325688459
18550.0192202724,23501.347959742252,713.9826823409683,3904.752744679855,23645.175127151844,2325.3333167700503,-1779.2795855710556,12737.614665438095,9618.525466229048,6608.429937531982,75647.8215642308,-11589.529992036576,-3135.5230483740634,-73.31265021322622,-7810.67395048153,Working_Constraints,Educación,Laptop,Cable,2023-II,15707.66226375174,21255.94879300746,-13875.341289326765,3199.161406083776,2619.967182087851,-1507.85025121438,-11672.903367696788,13058.911876522354,13107.347995521432,880517.2254966644,9131.231871613847,1161.4423615238702,76833.94758634185,64045.93846155153,14337.075357031852,17302.137448043548,49093.928632929164,73362.03694882133,18459.627474777408,24643.6653779353,59973.82983443067,48627.04422755026,8945.979587807517,15197.512067854614,55186.53597067434,64866.35919929439,17511.867193192025,-2855.688738181696,63595.81460611295,81276.24054899567
16636.642913204207,-6205.089793370331,3183.2098535277846,10395.254660226163,2828.9833633276553,7823.166470118615,-2007.4339908837565,6919.756786178878,10968.92319109473,10443.415544374475,47227.399561235325,-3979.7518945648644,4272.950396579665,12005.171231187784,-3414.4649994977813,Working_Constraints,Educación,Laptop,Móvil,2024-I,12521.24481627938,28553.139959249987,3943.1433048804984,-1496.7364472748916,1008.2620647654295,20608.863357162005,-7570.603373434442,-11224.324445753195,1297.985182054219,874567.4225566759,-2960.318780888956,-3226.4860946638273,54640.542418599005,70201.0348820743,18772.21397996511,-7226.6922700149335,64787.16830417334,58175.477757910325,10161.48870501186,9276.2558468942,78424.71958449406,43671.6364411921,-11391.876059996739,-5851.863094626009,42432.79755114458,48579.46844013706,9290.845864944557,-1506.2887316964625,60450.59580129672,65196.115724239135
-12368.941865942521,7949.184773006227,-1167.7717273797443,-5182.493039303225,7465.296714264463,-773.3402066706509,2401.0936222840346,-14140.569519037559,26125.92001852504,16338.785668653145,58309.12700315439,-6002.715385338444,8060.572519312016,-3077.7386529292626,-15976.283410023789,Working_Constraints,Salud,Smartphone,Cable,2024-II,2440.7631663840803,10214.953272184192,-1673.3971355989015,11398.629122538794,-2538.690855667973,1601.1579780532934,9686.367375379543,12093.964883994668,-1872.8581907969697,864341.5492109972,18867.719537059726,-663.444814669383,68136.42407954187,63574.674833795965,-1544.89378734182,-1765.8957956216473,72572.0340539664,72198.32451012374,23103.061955027388,22252.296973183154,69814.5850564696,59648.88631464175,2073.113455370116,24469.12206546215,67009.14206965698,72930.33857413408,12855.588639067802,-5630.356006381495,81809.15915789363,41888.58110363566
17259.43316201897,-13671.598343481277,249.3158233400818,6970.917774295702,-3302.401871873282,8523.520295749844,-131.23394164451383,17097.343314106194,-773.846091736134,25786.657099740667,60077.20823626097,4909.104816894882,4506.174854907561,-10470.493194863731,-1946.7717398734512,Working_Constraints,Empresariales,Smartphone,Fibra,2024-II,24037.560246672674,23958.52324824324,5413.785355221076,-17934.140846170976,-18445.69952713187,11743.724235801184,8020.879388135727,-6378.129689315295,-12441.072083058616,899504.169889719,9378.545191928393,23579.269421389403,89808.16438768503,57729.70244309573,16055.713284428766,15227.160434802405,40018.103528679174,55928.69640043101,13693.574608511017,17395.76996776148,51681.9565184437,72306.97468691977,6156.894806454131,5121.882469969419,45871.043826047855,54089.729512862476,17764.062100238283,5677.74815597853,62128.70704091369,75282.5603758508
1289.1193993942834,-19006.491362244342,14676.499894591023,3214.555018041191,-13766.425395438919,-11595.006025776685,15229.300358460194,-1208.501794828188,3074.0018097629263,17512.854397549203,54360.39152518328,-6182.316267523296,-8281.373050684811,706.3971346053851,7719.728671882111,Working_Constraints,Empresariales,Smartphone,Fibra,2024-II,11623.287819575286,25794.75224968064,15323.668195660333,4698.048143380121,4183.699165724899,1967.4987135365113,-6678.224691430982,-22083.508502170484,-11362.894196185542,867520.6498768332,4272.637551078562,14233.87360940067,70274.16668303206,78678.16663679815,17728.462900405146,19696.82875680225,75332.97510250562,64068.5903149147,6842.275872256493,26879.36473076277,56656.99384019646,73610.20631365268,-3324.25878471925,14919.743544746278,47569.60724155095,66616.87882535341,29215.118715578716,-15678.725653701618,77735.84675977282,80025.15734800367
3275.29327523943,-4801.934224577797,-964.0497864779926,7893.63979738169,-6793.592633311154,-6666.736803238782,7116.348204614862,-575.2345557237018,-7064.806163191728,4567.992117460042,87532.19745138459,-8119.202162597547,-5467.352249992755,-273.4277616092589,10784.084649338467,Working_Constraints,Empresariales,Laptop,Fibra,2023-II,24667.690592696254,5380.882286237746,-2896.883510314325,1214.812991835599,15440.787991910938,-8345.737480843294,14167.18758290966,-13241.601060904919,15639.490929298086,892783.8889857117,10172.702009648146,19188.337073440773,76713.71298273654,46279.552503071034,-55.11628810556431,11649.692841460865,43507.55585512776,73366.71797100968,22077.7268974858,-4528.533261794593,74294.5586422387,40616.74549433862,7989.170771972032,7130.041835199953,56541.290246725184,56167.55598481715,-3444.529369289983,13970.866137127718,61814.602006937275,52533.88788129059
12772.419531669906,18453.289657880545,7262.706259239913,-499.3173454548404,-5662.1772491104675,-10512.71775958523,2647.603669903461,17525.57331679515,-6657.393430743511,19039.67749633795,58510.75323991625,-15753.147528208186,-3303.5855230245575,-7765.947017998905,-7741.364981985541,Working_Constraints,Empresariales,Desktop,Cable,2024-I,21363.983433789243,-883.033943638773,12277.359260760333,11186.072288386536,-8583.475256260479,4687.663418169929,14938.61620425046,-5511.350473866735,2339.6696358695185,875569.223534085,13716.104703919644,29981.908743668326,65797.32022943185,62931.24165882495,7744.551415359789,-3791.5988021302437,44698.196737773076,78225.34913853135,15148.795843235348,20519.06084398391,70364.77285119603,53475.93323079448,6594.54860890184,12118.85285622533,59601.06806355727,77709.75887146717,14915.47926225447,18717.703284231826,46720.701310444754,72284.3993211445
2497.914141952876,18830.094562198035,3750.9536417811623,-5003.7162357620355,2008.3170997741024,3512.6614993678477,860.9184270079932,3440.347732742094,-6966.644870041637,22345.39350280252,82872.71739679105,-14455.009536424906,-3605.9751828889102,-10327.328557866244,4965.511776634766,Working_Constraints,Ingeniería,Desktop,Cable,2024-II,29674.198224679443,13554.304851203771,-4935.836270892419,18583.65030470111,21458.150250451294,235.03953692396388,706.9066418509012,-5894.912345646768,7094.360057921766,863115.3120992087,-2361.722597037413,13903.17055706123,45141.05093479648,48464.747933450126,27095.16908112457,4018.224115053288,70945.69699134646,77696.98611389217,8950.315663688598,18560.983213175183,42750.130947047255,46336.48836999765,34619.157096556526,16520.359639708382,44596.72600580122,52476.02014785299,17103.294064459064,35205.29253819384,71315.90029586098,85811.41161103307
10429.887213604996,20994.52187430593,14086.139432139298,-12246.740247235486,9827.335470488362,-4631.179687785891,-1448.2368963953932,11966.122039786846,7855.483339617483,18852.21908849111,50584.352257530554,9524.686925259432,3881.4291706634094,16812.20976783297,-2015.330412863492,Working_Constraints,Salud,Laptop,Fibra,2024-II,16910.550732300067,8560.216584445676,19102.96338072032,8370.410321757214,6714.178160252356,-18540.142190250546,-3867.006757425449,3114.3366226164426,-12113.223416335235,885487.5534069708,3466.341778268703,9296.183986097032,56782.82840165752,69179.9525529755,11947.156344631112,30461.750261071556,75787.35380112396,74956.1864059557,11074.474963862469,8837.326676183711,62050.77606101078,62969.57462716533,11746.490366156106,17731.630927954873,45738.05164709858,37988.33944535217,13198.075434238366,18057.630717479668,51795.30434750742,65434.481802548486
16301.465483704553,7220.677357430719,-5015.161802110945,4569.023475704884,8318.167714704927,-400.70068117907226,9736.322348496045,302.9760418887977,-10033.46146413226,31446.739706683253,34475.01345026684,9090.676623460478,2004.2585202840864,-15929.840739265212,613.6983109431188,Working_Constraints,Salud,Desktop,Fibra,2024-II,19431.41773525497,19712.846269737413,-3174.77485285028,940.7532410010688,-21738.54416188189,-6235.178163253338,5385.351809286375,-10948.007840826029,-6674.026741003485,891611.6818012632,17320.104659498487,3805.8441616534037,72682.9765155538,57633.29681906599,8778.572723605472,1401.3081787570827,68837.7524565815,59849.5236905786,8998.684771883947,12123.307313919146,56090.49665932727,58768.604706306985,23158.6479404254,9268.818934659621,30624.475282744705,45848.600192243575,12879.755320414253,-9959.54529429123,63720.015474124826,65420.56716419793
3983.994309184761,9149.534053045669,18386.583082545563,-8008.493459599565,-5150.761356034457,19366.31430688945,-14424.484729860376,-11421.21994612001,20751.72558521614,30642.0750477968,33482.24624455451,-6317.467810654998,200.46704180354482,3036.0445666810137,3336.737994243341,Working_Constraints,Ingeniería,Laptop,Fibra,2024-II,7062.105161136782,14523.561922249428,3405.395663647406,1451.6137537497868,-2969.5742926232583,1091.1552957033632,872.8801042711643,13004.087787087727,-1370.6835621134921,879095.568823655,17729.63259789414,24536.67055346429,44100.5793198802,47474.38258428426,24672.439233167068,7142.025018339029,31952.404328274024,53223.29279924153,10563.056442352266,10136.583007868687,58374.09495482741,50783.56561825246,11771.948687623877,13438.393336002977,48107.76642822385,36464.25345879505,457.1799688879328,8809.495277799702,55797.47675965348,74196.05566729151
14540.47138454987,1517.9636579523712,272.38557066732983,-18549.98893302837,19195.32423532579,1698.802847378331,2137.2923762833466,1424.570061227918,13982.885048666132,24737.58260541328,41514.91330013709,14025.171408849747,21197.333362352292,-10991.600531148864,910.6971126472488,Working_Constraints,Ingeniería,Laptop,Fibra,2024-II,25582.556611783213,8448.275771189372,6648.376715656317,-10033.62172135776,-522.8869008438527,-1428.746520459179,1989.6116577879432,-10942.624522344006,8587.246071539214,895892.595510352,27197.154586337878,11228.938453360779,85920.34147286875,70332.07504375612,17266.70432335852,20933.371220872807,63497.430261045156,68008.16628524398,15602.445006245262,12957.03128574034,63660.10460894412,51219.41087094824,23897.12726852538,11176.35039942448,81372.67767907344,72549.96607737723,-14075.314173503299,12850.806713258124,74024.53425143493,66303.08414027399
5712.596911566759,5984.461496625978,7598.334737087808,4240.186381755377,365.3133990431039,4252.345349954538,12735.999614261078,9371.817205218762,1325.2958153960453,31046.178670257323,70063.52838798,2985.911098164124,5217.560902937705,7693.3593401111575,-12085.749893659147,Working_Constraints,Ingeniería,Smartphone,Cable,2023-II,21296.87695838689,10621.069038569934,6410.344729537507,-24297.440080338558,-12.653064676696175,-2521.6807037628228,-16609.283149458453,4968.059678943854,8543.421929972557,893216.6490183208,16466.308802069947,15011.69144011643,43752.73254940331,48839.88872414549,11702.590992560443,1967.984682858032,61801.934927494825,47339.57531766934,13263.014627876704,5276.127950092061,61346.453370571966,77450.97799902076,15232.262739065221,3998.7667779467783,64370.33864496745,67182.01529066476,21385.315782419988,12642.446578712308,80172.22076394699,42852.8513862831
10348.24686924166,-6989.848370412113,3893.9058148941413,8278.1223409994,1180.9163827686803,13787.587999916614,-1551.858206061871,13171.467993392293,-4985.387062143543,13611.742339301089,48923.067812664645,3854.7978157463135,6952.976782077278,-7434.198871224065,13948.360764246287,Working_Constraints,Salud,Laptop,DSL,2024-II,9238.687991923729,32181.867698073,-10987.112488675082,-15921.506446808435,7974.606186250808,-8381.917819747277,3313.3093697004565,10717.461194818623,-4890.243081580827,886966.3287446215,2896.421154597023,6385.6800044411575,55555.04288232266,51822.528626651794,22453.43500285747,-2362.2689121231615,61251.50585446637,62041.65621413137,9188.588494255233,25063.82371503142,66078.35454462597,56484.371130189684,11875.879422590438,21778.80771159514,61455.02253244434,70853.01950866065,4038.6431789751914,16336.1125251638,96491.94164826113,51829.745477506964
19122.983168477138,3482.496989607259,21141.47737900523,-6230.552374601351,1175.7855054899683,22991.372255719478,567.959797451425,2703.2706420876248,4795.764182062406,25411.49392994491,36991.954591500726,6543.577461706727,-7077.140565392272,1895.8955287205968,-3605.6780603123707,Working_Constraints,Empresariales,Smartphone,Móvil,2024-II,23989.334907957327,30583.99338794186,-14216.123285539852,16040.85354064603,2855.9733010107198,-16485.782017271144,-11310.748970548359,9857.454782348788,-4230.729988795378,890652.3383323294,-1650.435565913689,6483.424982195183,58840.990258199876,83293.79346804357,3986.4579535561106,22411.73450738295,61618.38005268994,74596.48509786223,7347.219006333149,6692.594927115037,59132.83094249366,57306.859801913684,10918.48451408868,11570.028184306251,52374.15155300667,69934.4252317996,-15057.106446103011,5098.778451254368,63155.76287867625,62031.56558872063
15985.406516987465,-4517.157861993127,-1148.7251271756036,5186.859375018808,-8450.629559308542,-17546.942024780677,-258.04015276691007,5676.654806843939,7147.592629187611,21030.37329629285,46348.24070452886,8301.798375720453,3506.493363230704,-7176.675822770755,-5841.683884369051,Working_Constraints,Ingeniería,Laptop,Fibra,2025-I,26618.32967560239,8320.711319013006,-4807.1174414292245,-3222.197131246448,-12099.648828862737,-12084.044945675345,-9135.853117787496,5138.789914938298,3584.368496828241,887902.6721848147,25428.782652979186,8726.789893397265,50073.36073398458,59051.945801851805,18018.719612134344,16546.624946693406,43197.781901637456,54510.160535319825,21201.012994387158,12571.18234824504,63081.0275101231,51551.13573813425,15776.574881271477,1273.4161828678662,78201.18268731804,74140.69952691985,13988.427907502493,-8890.66665310791,64338.43806853067,55626.70121337787
3775.9647123300138,20203.864546490055,12730.779684179037,-7347.206294322738,1318.6388219363193,-25926.44061963323,-1123.3908321757517,1061.0022233402817,-1205.231443226955,22172.445102464284,47588.275949952505,11285.214300244192,-1132.6743289807032,-2585.700262112252,15334.502392219787,Working_Constraints,Humanidades,Laptop,Cable,2024-II,21733.547952473975,24992.793878997123,-13228.985463760928,-3700.1847376199703,-406.83659851950324,21265.32926643079,612.7869951186838,15370.23722971666,-11796.674146083695,867793.0019384426,-14732.600253488792,10951.053538581564,77307.69671210977,78995.32946545405,20012.878654156448,2787.20463980157,57806.12320011917,78436.77481358165,13885.681859460079,14875.94158962696,72178.38561873295,56403.56724363875,-8136.531765776184,9249.290031198316,55213.11438256959,72759.51049423624,19655.53087562159,2254.815927459438,58432.0363465128,81722.66057905955
1891.062437689352,2117.361494123573,722.1454112356473,2239.0812575989576,25831.17568635703,6622.329320724933,17381.632625195012,18694.86277034353,-2555.9267964176834,31357.847206857652,64767.77329217643,14200.639388971216,15574.262633595015,-8276.575604226973,-1927.3944472771786,Working_Constraints,Educación,Desktop,Cable,2024-II,16.237066920995858,2781.5458449290963,-10368.455100455456,-14356.98850244125,-18359.512826371436,-2722.384894924547,12909.872193495508,25016.65724219478,-7046.204697310307,875177.3071984281,35705.8609281081,-3147.903083254072,73934.10462531284,61835.07901041627,-10433.467667630423,17526.791526704226,74913.13272895997,66038.39706817655,14399.250656673781,19082.24973812256,54044.694634668274,84730.32385027743,6806.52720499992,10744.53749483063,62238.91636032039,54235.296996669094,8383.229515434523,27747.04737015269,45146.8438236108,58279.3535201218
6390.992162317206,15733.88208836348,-4666.528369395477,1769.8654229615784,5275.752377827775,-8855.293748511707,7902.358737462083,15152.696242551267,11398.394824760477,28854.863723504284,41368.67663309532,-14853.896619248291,-7541.269386337482,-1153.8203885969067,9026.271690693373,Working_Constraints,Educación,Tablet,Móvil,2024-I,12253.448131618246,15027.600918657721,1079.7505440288637,7398.011547846849,-8635.162218690812,-3782.262060658401,5284.979668488902,-12409.191218266751,23571.516802107806,891059.4220661253,15960.974350188677,13953.147969796228,67879.36091665221,46094.263749545105,19198.416270590453,5834.896515267879,53558.731040841914,57114.208177539025,18329.141609908038,29101.467924212433,63547.33934867593,81141.86172603226,11072.535663802082,12287.30680701778,39530.96736890805,62049.208955503906,5143.278501638273,1684.9263956023296,63313.56166747592,55760.83751905862
9318.463969915665,21805.93595245695,-6441.725868745023,16224.288476460959,-1759.9395664075612,-12519.421761210775,-1832.1539514295064,16330.849530974807,15053.324764021747,28612.200782565596,65822.16650279958,5566.619528415799,17900.506693175932,4877.737654549819,-5540.039221950522,Working_Constraints,Ingeniería,Laptop,Cable,2025-I,20798.270081236973,33610.404204592705,-4640.190607822449,-17809.806084854576,3203.622070820186,3320.8897380064277,-6372.995349969462,154.1120807485218,-1887.9931999557075,900202.7994718375,18225.990007348304,10615.296735352093,48714.151552561845,36602.34766277688,21247.286805641408,6021.104027803048,56773.024321668854,47723.87306489455,7959.138644092226,15607.859413564027,50754.79803907793,78224.19245649279,2489.040108762835,-1470.3737917913331,60753.4012017784,60507.455514489026,11156.132250112436,-1125.921732967401,69333.3760394883,59692.593292429854
15695.665304701048,8716.181552032438,10211.82514988789,5663.239008365309,24.086431976666518,-5778.285066617847,2542.340055568001,10813.388613255729,-6588.461110910111,31569.342261934195,44354.507970717284,-833.8158886976553,-10088.766844046497,2498.741091751891,-12114.396471451613,Working_Constraints,Empresariales,Smartphone,Fibra,2025-I,24774.279753051138,26896.255648984712,-6579.811336926643,-3108.590833141814,-3869.3757176500267,8550.255345187172,-5589.829442117047,-2891.71317822265,-16189.931336523576,925929.9911745096,13261.84332204622,17446.228465490673,58324.09609335641,55742.472731248796,2511.436414621985,1127.2851798546617,59943.64706804672,61073.417821562834,23391.837810724523,4794.650963190483,58166.34536770936,53808.980832881425,19681.36840261458,15570.242239962592,68322.55112998637,86446.982265385,9672.772536785707,8905.469110677113,59564.4915176243,69235.12883096049
15799.06385665675,13399.863160424446,-11007.134341552499,2325.3474386512144,11903.30774048424,-22961.615172713613,1343.4421574579392,22629.59323880328,10022.740370941163,29748.232326811383,53776.64405574297,-1222.4433525108657,5115.527642149285,-4046.4207765043016,21554.693233336864,Working_Constraints,Empresariales,Laptop,Fibra,2024-II,11565.121227819907,25842.83676361329,-679.1619624212162,-242.4048606742563,-14489.889039708836,-11365.704506722957,-15800.389753504967,13137.566942510355,-566.7750838856696,901485.9009900686,23271.709074104147,5064.706072156518,58724.03620396816,66568.01437515201,-846.0374877175345,1501.0093162976846,65873.73833114236,67785.19419219873,6112.003105249576,11157.408671769668,80897.77033198882,63870.26903852974,18830.479705087593,24789.603918929322,74723.47145839647,59903.91073004211,-10958.282109897242,24848.12270969105,66372.49164580359,84298.36633099076
31258.64257993334,20555.440676981,14699.52181579386,1950.7009610191142,-15151.206291816843,5259.119726142491,-3602.210454706206,18756.257931604196,12336.991783258258,37167.583453239546,74979.34332726212,-7382.941721014782,-3714.8413807674106,-376.5719227314278,-1853.8658422248852,Working_Constraints,Humanidades,Smartphone,Cable,2024-II,22566.871905007618,15047.128821179223,-7674.957496866105,10470.95628391242,1276.8549509866295,1791.9936180540421,-8896.072674939114,3674.7690873266074,1570.9943028255557,873435.471814222,21190.408460686824,8065.010556029583,67298.57426106097,62345.37963633335,24248.504406463562,21194.416155053936,84372.67536902579,73130.52138805133,26018.035535940115,24630.836497326396,108687.34496577232,78709.79058155791,9934.165369058403,12213.739717795175,63419.94530307506,68216.81140513415,5768.943907372117,5476.136470309952,67521.82829488636,76705.903741341
13145.38499951043,-1215.1937587063821,1336.811784826821,-7993.022971040914,4777.422561926365,4307.4696486771245,5399.478799125625,19227.36769899075,19038.195013997632,20670.25762443705,63429.051874191144,10345.50400085112,6681.301941958802,18042.250726051774,-3079.1413100815275,Working_Constraints,Educación,Laptop,Cable,2023-II,21765.42018601039,23088.058234074862,19732.87842349322,-16642.487955895587,-7546.205396831175,-3490.9555703106357,-4754.760217431547,59.396691021983145,2675.7963615871095,893011.1346812418,9184.87803099796,-2883.899059375739,62042.406273272914,48479.35566149863,19220.416892431727,6307.9890129161595,75571.24762218368,71850.94730474526,10177.443658393602,4032.5627165777787,75965.31334918637,59413.444176240315,18655.066013030675,24398.27182245419,67564.04540781085,50361.69591138992,8234.92732684115,8430.841039282343,59997.00614400362,65586.39205987117
12579.719524524675,12424.458050214136,-3180.158826686402,12673.883556375475,-2311.689207270711,35466.65560663812,-3935.5360135939727,3513.095679190094,14268.029746058432,33051.375669983616,66947.0725670809,-5268.364158738437,-5454.968147340813,9955.00014812879,22875.043852034796,Working_Constraints,Empresariales,Smartphone,DSL,2024-II,13768.275324997952,20691.205702615443,8920.716358159161,11720.987663005462,-371.49548194274024,1216.454378489284,-9604.015959971568,-20221.32648241402,-6339.607593740539,908108.5664134398,4908.612002168942,19128.51518673415,71354.41758143883,44265.2328364471,6499.758124866004,11218.405754730706,59574.41871651805,77233.64023181154,5024.042656474338,-8469.018566228187,75519.60756815619,88440.17086862132,13731.467694995044,26680.534105003542,40434.533312795465,41006.99155436066,5409.450490612089,-5986.611287716321,75567.86352189771,61600.810018179225
9144.207917809013,21297.070011701646,-2868.3997652542416,-184.21236192669312,4713.827198587969,-15447.005436073516,800.1044903760028,-2964.2533789257222,4510.586923056042,21824.947602391057,63119.3666269221,-4426.6277196427445,13293.503398620116,-1072.8573859213445,-15933.651000211727,Working_Constraints,Educación,Laptop,Fibra,2024-II,24160.48106798805,25346.889287982864,-4688.338249144337,-4822.208160315249,6838.7681136106685,-1474.2943570234609,-4317.667938389125,-6677.898831197107,2684.1589924075556,894891.1051682563,14998.5823265531,18004.740203715188,60339.982068944926,47285.64266089255,9369.825401183885,23634.96476651873,40811.89214168911,48123.652352586054,14169.875761077727,27993.542699028596,55833.450706676485,52700.411292093486,8172.792753256221,34427.6397988166,61143.00120868303,65080.066730532584,-6070.884656664019,24750.928045878136,33218.32919297788,65666.22079764384
6817.849995974792,-23530.06912149939,-1332.527042500433,-19204.782788208886,9369.222467871952,2718.113316580468,-3956.259462413854,-3232.6881207597435,13132.522547223618,12626.509553882093,25230.793077410788,-10193.045454324209,-3471.1382662119704,13403.744340187624,9032.456955599926,Working_Constraints,Ingeniería,Smartphone,Móvil,2024-II,6449.373218377543,27050.033508616532,-6424.034594061563,-4144.3006419358335,-6995.402565585689,-2419.066772685604,25989.8258624798,2150.838436699572,-1977.166245864441,896546.4895364385,20459.880413081755,5434.401242816479,50420.56248130127,55852.518293894405,9232.118892193279,21882.979474446554,64362.86872912907,70074.1890899535,9016.451650511928,20021.33396225353,45207.29321762573,58887.67665022622,5282.910142149009,23726.730783133233,60302.16334868371,37742.24056545876,20995.768427270996,19976.03909431907,86078.36541611463,71806.53782044545
450.02749799613775,21819.82573936884,8111.76644210634,-8167.471268730167,-2839.5860635205354,-6355.812134928049,15182.50345698487,-5115.089793804556,16829.65542316708,16160.194733679062,43189.01005799097,7857.594027274183,4719.759661079272,4602.071948462712,-4416.919143395578,Working_Constraints,Ingeniería,Tablet,Fibra,2023-II,27777.52419298094,6890.20368242389,5817.894282034302,5170.710358767334,-9169.771760866935,-10991.459840840143,-9052.130670109196,-15171.209429666214,-21734.451320023956,884325.885302346,4699.249345882659,7685.577361485762,61393.39015214514,72273.91759580083,3964.9557196779015,7484.518076677112,31337.680060339102,50457.20852949777,18367.99449843292,29633.949718125838,78909.00971556986,55381.1580806911,23949.529953131587,3053.0729247257386,52091.2763275171,57871.34135145852,6215.812012838631,20955.836439797473,55162.113725262374,69503.49728293864
20506.18996292942,3194.937484679368,12732.793280324333,-10450.0850787831,-2145.7706002884406,23491.089058571044,504.5050946629526,6994.612437213491,-5570.61177988794,2313.405428173075,65630.14001435308,553.4299790367049,-16877.68479288317,11054.36578887718,15819.464034923058,Working_Constraints,Empresariales,Laptop,Móvil,2024-II,36091.243809604275,17900.38453028127,1112.1295069914177,9751.321460312645,-6081.760384851683,-11731.664271791458,-1709.7120424475515,21772.081917482345,12090.750903188335,885084.5297962362,23375.871707415932,1993.5707934941383,44924.80724668705,83511.97394106549,-829.8746251298599,15012.226322109218,53827.152649969,39712.916808534406,17722.399435558902,29246.967295002964,62565.75091545691,67574.44778885026,-4398.499425137121,17345.0653459035,70746.28760705466,73308.11893796742,9994.335095573797,20654.182757165843,63860.739331794415,56507.95738049632
-2997.587078865805,16124.92070305132,5319.902806197938,5775.685332647449,-18952.881579986046,13417.591536859487,1421.967209137748,-15340.85935348629,-1714.6931932639422,36632.40002602093,47500.62980420881,-2031.489077673637,-9707.233903471326,-3471.3065632826806,-5977.097136233688,Working_Constraints,Ingeniería,Smartphone,DSL,2024-I,10619.49220182979,22835.45685320052,12421.881347840434,-15060.193410902235,-15149.234850412431,-1620.044259682913,-4783.260694057185,-2759.099369480601,-17568.535760837673,884563.8214440551,-3095.2587842298144,-1770.593750378548,66600.81008763201,41175.66264107724,9321.10528063462,2018.601091960767,61322.45675503675,85015.79516125903,3478.4284502718237,13872.894045983852,39122.756725089916,68576.57927178545,18869.44169388499,-5481.120161017727,68275.01778539058,54355.93943284414,-3592.951856464968,6793.258107339862,68263.41155648278,52720.60246199087
4495.9093742442155,12147.136172823397,-505.37162092956675,1900.993397967638,9779.84852910181,-14676.213571938728,5669.645074672731,-13889.191803901314,7527.040588166647,10421.625666530175,51912.97739033234,-7409.278275459346,14361.013055637042,7904.43657782077,-14859.27839716555,Working_Constraints,Ingeniería,Laptop,Cable,2024-II,40959.56887397892,27202.885899058783,20875.231339199083,-894.6744238493611,10490.301117548734,-15978.141111069757,-8410.359297747775,-358.74606403894916,-11843.24916280542,901354.637950445,4717.497175007033,1898.441912166768,40566.68109978613,33108.81339122667,14529.901189046579,23251.068409466225,60338.528711914565,54796.92525096106,24472.512760303973,8566.679584698617,55807.56197259203,48206.401176032654,5727.301845565172,15790.024229321138,41106.96197239656,44637.57271499186,-4514.618874549746,-3905.4623168846247,51830.79777959874,54813.45570255821
3501.2114680714412,11737.329118894217,-5576.584181859928,8644.424271753353,7420.771219106065,-215.00153993215963,5914.012784271636,4830.134161578891,4594.12243387327,16279.25475590458,74693.88156007405,6267.522165796364,5331.811244551227,-16423.25602606481,12487.34031907489,Working_Constraints,Educación,Laptop,Cable,2024-I,29254.393027441274,23680.88217442934,-2219.92698104799,-6451.326820436034,-17633.55711790445,6880.373637783063,-10692.621116535194,-538.8565123955962,9430.818995250205,907463.1329712451,35427.03280088991,-2503.229670086128,85451.57091483875,82604.16273991315,-9117.291200101772,11188.677979343178,69187.42598564803,70889.19676516062,24685.026173411443,23237.74556162466,59222.27362615432,67003.91658057182,16380.387478442868,20051.163185547004,92853.83931876539,83590.01250164126,17187.318543655252,19822.064633541122,66288.5980448215,69445.16854250581
573.1266694509395,11384.174182607137,4284.195056873497,5249.838828055678,6152.926747608898,-17142.87287534745,-14729.122353024459,-11104.094678252717,1181.765402673375,25077.67534201056,91223.79837768171,438.4204181642276,-442.74590721204413,16032.241333470858,-4733.905478735705,Working_Constraints,Ingeniería,Smartphone,Fibra,2024-II,21306.231975097708,966.6399163264869,8899.405957552299,10589.423187810697,-9796.032204907162,-5633.314542243852,-2715.063730821936,4039.0534186815157,-2711.3083423594735,907171.8822323274,20934.785904897086,2306.973584254767,45944.36241903299,78782.03336248755,21.280887710459865,13439.435700696788,68903.4508607265,86858.45207819661,15417.976145661058,17230.817895988053,57370.65401058975,56265.06755619521,16269.790060373134,9362.18386888968,57687.14729037997,86703.45838094901,4861.855620158675,4155.018985563864,61355.048714503086,49550.575684345466
21486.574798568,6307.249109007538,4883.743650414876,-20087.252784409102,-2180.9710005225547,-2419.2735114230227,-10072.422812744602,1551.6088625802984,-2244.645654500216,14669.825950893315,69602.22497124432,-15194.31802501022,6715.203914624566,2694.9230981862556,-9229.135360207394,Working_Constraints,Empresariales,Laptop,Fibra,2024-I,23858.794177908698,18165.788436196723,-17595.996488088513,-16341.20061408029,340.0969866275097,-3690.495420538661,3422.444567651478,11455.744689830404,12349.36077971151,907131.5855964815,22644.373432568565,-8235.973364812624,70563.92595102474,64439.31220607802,5936.267636894667,-734.204875708363,46073.169144110936,45311.725811664975,24700.932390441187,1965.263725054041,38709.90145953433,60070.27108233495,9851.290862172884,22455.34782456353,47868.27752462907,70324.25529354741,7661.551800685901,-14904.278883843628,68424.27275320265,63413.53467434654
-15903.274820480761,18972.184965177457,491.87085927569325,-765.6661794488098,7446.082203396846,13111.150409872173,5240.165461530937,3387.820742430941,20574.077233715903,8380.330160132777,97003.35993665677,-6525.932318897336,173.06819028217274,15026.51170986013,3665.483264815488,Working_Constraints,Humanidades,Laptop,Fibra,2023-II,32723.59049774269,1735.539784433884,23807.168142594244,1496.5912382690476,6780.815317254703,12637.631278325362,-751.0348928911459,-10126.981698415615,354.03953861470626,901925.7936779145,10243.849166658729,19112.23295333502,62658.72741823276,71429.20847665789,3443.9426495767293,-2014.0336842468423,52119.05565264125,67151.48068990263,-1268.3998695683385,7406.501525122112,45513.4771035989,58121.58247927432,13639.516197932844,3240.8903086325445,58997.04890778574,86749.36096085244,37758.85778438272,941.8348223702906,71675.1767083837,57856.44110938456
27240.899190235396,-1775.4715538308728,-11223.532187027047,-14861.27169456701,-3316.112759376512,7443.832359597837,-12062.806926873793,9315.837343878018,-3705.509904044027,36186.25937765502,16706.170835113473,3409.088192960162,-13597.610068265318,9990.746900673132,-4139.750162222084,Working_Constraints,Salud,Laptop,Fibra,2024-II,29114.70869892697,13944.142640912438,4269.868052610011,16073.893611909865,2006.8139847120788,-7626.049532876961,-21759.979976055794,-6844.156631092703,6416.749824797881,902985.7111199538,6799.672220404216,-5195.1298764234525,63914.24952591456,43103.26608167304,27023.44819206353,-4370.24978262353,49866.43279681009,25828.962968411408,-2035.0666963189378,5657.73388352586,59141.413244994605,48477.274918062234,11992.647505527042,21224.022472316923,58471.938886085256,66866.29445340612,7070.598375051281,9621.9824075813,65204.766305957695,56916.898492147426
10269.908959370863,14780.660477894853,2537.4316864355355,-13619.316098840935,9381.092824664134,8871.104261732835,2564.321652619373,-5268.155334163486,-2653.716665569881,25223.642814498235,19285.680025964055,-3277.2046805702535,12291.87280109476,-13478.617189311448,6093.855815520188,Working_Constraints,Ingeniería,Smartphone,Cable,2023-II,14815.604169477616,28350.9326129861,5398.826607830575,12782.404047245971,18112.480147139555,-1269.0069982848006,-1716.692279735705,-5015.771843308105,-2047.9682043639332,895541.5072316758,9199.065941103252,-2830.9174764982363,60366.248247711876,72054.49513721695,5850.04942677545,26334.873019692066,43317.45194877366,35541.495881633324,3259.391847073566,15501.09224494976,93237.97345166779,68650.47049672196,26496.585203988543,13284.24890290456,57721.87076743337,55634.6123184887,12655.163526765895,2198.2482043632026,62212.765135243804,75053.09127237932
15281.894006865185,5158.05091494851,4522.500679769361,7770.256176981704,16257.347346666242,13042.119392317212,-2894.7815582133835,-15892.399218663602,-2850.495285782752,31217.910488690723,41631.73815881205,-529.300535890834,-6580.981642378267,14432.013849624233,651.0306752060212,Working_Constraints,Ingeniería,Laptop,Fibra,2024-II,20854.22344538303,16201.763932370995,7265.951277798802,-15710.259912436453,11928.719198362227,12558.454257023524,-14315.58292958757,4661.592093984325,-3008.3817217062265,915412.9210941219,17032.16086403915,10787.000014892958,47094.782920686994,39556.502813345694,-7093.135837481681,-6784.8319439267725,65495.61701907389,77128.42051104472,9588.235245257885,18348.219227959584,69205.93812507663,41062.57158622872,23389.178004813668,-10538.994889691345,73652.52166722134,60561.11964464764,11467.13307167417,17238.424167935384,55186.745528112224,58956.66150087474
9956.712763360656,10021.670612217875,-11863.090071203822,-5229.397602691768,12507.858667548117,2339.1032352617412,7510.52832367254,-10710.727283766586,-13699.869335859821,22626.2687330399,52166.257678172544,7224.991110185276,9470.220394230662,-2892.162662715584,-9290.011321085314,Working_Constraints,Ingeniería,Laptop,DSL,2025-I,20691.67141582794,24064.533274108555,10845.424499494873,-7597.795068994845,-13582.065017713983,5981.419485587801,-3237.0525767936065,2403.0038295562845,9606.4775253052,918702.3163867376,36852.56427668967,10669.336028216967,67956.62074080892,80018.00567512495,40523.05466785288,-2647.8068437399743,66723.99647995774,53528.73577019516,33539.38450538261,15413.196628559977,75341.73722893864,75603.7177510784,8347.868616286481,13037.974306912422,60917.52953512635,56092.26998083448,9962.791010073634,-5552.416561538394,59740.024953392676,61263.625063557854
623.7806776390171,5846.5046320245365,2719.899085712658,15395.497126154234,13220.30185716426,17492.8686382239,-4053.826224334659,15320.938971479962,5348.761734914708,5052.77221759693,32643.593536997283,2537.328743320323,-2350.2419341118284,896.0681308852091,-2507.5051268718557,Working_Constraints,Ingeniería,Tablet,Fibra,2025-I,7891.209699385523,7601.568363127808,-905.3565256317574,-6153.856395265024,5676.095100404522,3197.6097555390766,7449.483915320297,25480.88613766457,14383.921211613058,902418.0305978436,16208.185864923473,-860.9041139873989,63566.11020628231,58196.24019677456,-4694.136787925345,-1929.372840834858,42855.495832249195,52441.086405508904,12534.687828945109,5644.806640880402,76445.69795977554,68501.81852125585,13763.65849827948,8961.712839508258,36111.6318651897,75217.87206363346,-1066.6111963265812,4109.217274383474,73201.65312683527,60351.66455061357
0.5242986312168796,2890.5684652397026,-2871.897677536323,13352.626898428014,-9915.23809017812,1857.6551148204348,-5306.546292610095,14962.97977741462,-4336.526005103233,14069.660961424632,32941.058337783084,20200.16407264891,18235.815910000925,5234.496730076421,3250.3157449630585,Working_Constraints,Ingeniería,Smartphone,Cable,2024-I,25798.679387785418,-2619.2280110668326,-7293.794705884822,3359.8368632317074,2634.7145569363547,-9759.713285014055,17285.354307164438,855.2879731844537,-5356.111760811436,907661.9102939719,6737.8530384774,-708.9500137175746,56490.73935603167,54192.39244503872,10355.736015520179,9784.408441624913,48445.694803694394,58187.49880539898,-6419.254213338147,16740.286201471143,69082.619004424,58352.48097914296,-6000.744792485806,33597.47713210035,59209.55296279811,67008.10445778878,18969.95949682541,-929.2322850113324,68089.88767723404,58682.55168263482
14257.923824432773,19005.464484895347,-9397.636204859451,-295.2887710610386,-269.232878529197,-14881.49891472389,-10645.530528084899,-3697.6891411124493,24828.410150349617,19379.32685287357,56850.48604857582,2752.0722180571593,-1092.4947471724636,466.11915816908265,-24284.416379510392,Working_Constraints,Salud,Smartphone,Cable,2024-II,10270.323768435532,8510.384977530133,21346.928448021947,-8012.855792444193,22094.385332675243,1055.199014765269,8630.704954642548,-637.031360781663,-3568.3686895102246,917801.6687547911,5504.497019199301,9320.703872019098,61737.35261469438,89564.46065407885,13816.222520358537,24320.759812552154,49344.766808851185,32142.169760668352,17568.422074858492,-5657.300296911708,43840.20812891503,42877.397342704404,6475.625088388893,17035.054223675623,61746.92268020399,63683.711627183155,-7477.737687327692,4579.844353158647,50222.715012437046,68205.74388782345
1389.183834558511,1836.1411691874346,7018.82446316948,4300.414610858914,7731.512697734167,6926.463931958187,16529.234731449735,-4459.738774049733,-2653.093431286136,22892.02663808135,75456.25236318678,-4058.7813189163194,7074.245687698289,-3962.17738369359,-10586.180240317486,Working_Constraints,Salud,Smartphone,Fibra,2024-I,25663.975301243216,24340.5088237926,15695.368972695811,-3812.8081908129493,-6814.63731907411,-5236.257839579463,10814.120197926899,-8584.969639222221,20199.624462548967,920384.6426022757,14731.82925117933,23984.652268355567,62579.8337838927,79951.54719854765,493.4992646294086,21074.393410934797,58462.669411460716,53510.71732586315,669.2749506581204,4153.331593792342,78366.31051966717,94534.86788024686,-5982.720284346433,7541.959403464147,69244.76115924846,57838.72889964318,19597.280008903137,17890.214390807545,76868.55286657775,81776.86358263508
8568.20935256047,16411.79382129807,8850.268095324112,-401.9123172205934,-8492.307737310559,2047.3948314162944,-18535.259945044425,6240.199885105411,10972.164109488553,10634.88940771141,60075.00583663434,2741.575501797525,12330.73060803819,-7030.900024572864,-8193.039373916787,Working_Constraints,Empresariales,Desktop,Fibra,2025-I,6612.627638269554,7343.727083017422,-1398.0018955286973,4890.920880027413,2856.854052038153,5821.701044721535,9824.069095105193,-9994.952236570522,2259.743914065307,905204.0494508876,19970.475849529776,26091.440663674875,72019.66037051943,90120.84492590674,13868.503461651531,13388.152165167046,62804.61612554747,45386.52364625003,4430.664979272959,4947.559403537747,70807.41768460382,76150.03054669235,6924.413959638355,14553.168577646045,61056.74094668047,57569.16026066008,13594.122310115288,26390.646632769873,63363.202942864904,64326.91517757359
14719.352856460368,1159.8101026856866,10775.255158584821,161.03339654174056,8475.328423705185,-11502.019695701563,-8855.705715180711,6256.160424864056,11488.34308801221,11380.741849290609,42332.49375538489,-14161.569730333427,15217.750459037052,-2862.652014508054,11621.103342901806,Working_Constraints,Humanidades,Laptop,Fibra,2024-II,23651.332965993897,-204.1164980549147,33.21182918287741,-6728.913042902871,-730.5190023560405,-26523.15413600924,-2428.116508275158,-3787.749902042295,-1751.006586073597,927502.4009218318,19341.23664561888,945.2252743972931,66513.6635358307,46658.06317605071,708.8218191127635,19331.602830546133,60625.901019225836,63247.09839415061,25797.354908830515,14970.932489493423,63638.154242937155,58678.137966265516,8320.878217088914,42134.91883865648,64860.17741002806,70017.77212158174,18055.71148742578,26374.95027420019,63142.0341244867,72342.96696420068
12078.153557924148,3766.376502973637,-10320.301621589873,-4514.06800500291,-7286.55862717115,-444.1813870253512,-2899.0825936901315,7707.069015256073,1043.5758730127923,37594.90779862556,31152.881134799565,21124.15709944284,5122.465632328925,8068.095399329491,-2902.1194596683904,Working_Constraints,Educación,Laptop,DSL,2023-II,10076.33385885096,24500.321204266707,-2696.056555763271,-4798.499494871071,-6691.542921411209,292.6883948431671,-11173.886276493633,1907.5027746688675,-10248.147265967818,932522.1845902044,23455.161902721815,-246.1458728783782,48266.330699910526,46593.43301025506,6219.585054016938,10098.793499646763,32326.181474423393,53295.57838831993,18690.632041198493,23004.116310154604,70721.94542984296,41822.41852217213,18772.700012973353,19849.644172667595,74970.20123394631,49617.81156765694,23107.111737741405,-169.00636166677577,46963.84764779536,90893.75560776218
-5277.407006293504,17224.761329591605,7114.366289146939,11147.857832291236,-4854.584682502284,6730.185389838574,1310.3750374204183,18844.338631883424,-1238.3875561340974,38131.67281904844,11268.53480424494,-1444.7176894680697,-12711.250396547133,12449.594531079783,-8146.691790152523,Working_Constraints,Empresariales,Tablet,Cable,2024-I,22012.626077503242,2582.464281641489,15702.83692200491,-9298.68686623902,12918.730242144065,-6484.4353935906165,-8492.561874611203,-2956.076639283807,13284.543667362845,924546.8762870386,-7282.345535705048,13916.979267798135,52634.10890425955,47222.152391774434,22523.876125243405,33742.83137761362,66576.36651319874,81645.83966903655,16495.66545895902,16831.0108787074,57602.49976696099,42025.19611825216,9952.31077817261,16246.21778334874,55455.17181592465,43876.69463976531,6350.521921070336,27151.15408997258,43415.95157991146,57220.094248408575
2339.959456234982,6656.576677189556,-1243.3247250189402,-3124.041845609204,20059.635991516174,-4032.4811305846297,-3262.2575710228602,1807.8155981340915,-1159.4050111640581,28721.964706421935,64239.93437585738,14284.655324302177,5438.118969391499,13666.68094761851,14277.941859481172,Working_Constraints,Ingeniería,Smartphone,Fibra,2024-I,7828.662046030431,21580.247136557537,9357.128237343484,-4137.520336725333,-854.2588230156128,8107.018052501268,-10145.023018465177,12920.50853411063,-6461.286689130448,910359.1930002846,6583.302865342187,14104.879955891722,80482.48239700057,74363.32305900635,2027.62688283437,5743.235376514074,45487.92491562068,59666.68935514748,-11997.265156598463,12302.556475779173,46033.16014744564,61919.23820196691,21277.5216736356,22152.918986053373,60767.09895869839,75267.37421467836,15982.504900780203,13886.675784809642,51107.84134648431,40929.365502581015
10825.400970661412,19654.963959532637,15489.748794421126,-7503.36742825962,-3355.654014988064,5717.355549188156,6471.660378651995,5804.429211506895,-5099.642973664097,7951.893765663688,78881.5972421884,9652.089089126715,-2264.826412394541,13258.61660035973,5031.69609483904,Working_Constraints,Empresariales,Tablet,DSL,2024-II,21775.224129584247,487.19647613241614,3333.5600834780284,-4387.935868228381,7491.647854985168,9839.010148317551,12834.772415395519,-3109.2350640874974,-9977.006026355197,928323.8272822178,1995.5720651820166,1024.1001157420524,39818.87499950433,51001.806369408056,13164.831729276315,8504.0611713018,51041.901735340994,69881.02963050945,30105.65549516942,-3953.5470757892945,69766.290532174,53383.16574061216,25208.623924738906,5502.230107816526,56097.63852307942,68764.08588194572,13293.175508812534,11954.898720686811,58340.21186511188,95323.459898333
21801.6865612958,-5066.145840080801,5587.972492258918,-21894.245185162574,6190.513027229699,-10420.518976280346,3445.51182114205,1407.8785887317952,10806.459793205348,21459.502728118558,54392.897440784705,-4164.267734760668,-5003.501214246299,-16991.3236867158,-3290.6118713096257,Working_Constraints,Salud,Laptop,Fibra,2024-I,17407.26913859763,18052.056544967938,2894.6489202291514,3625.932248277973,20103.26938507692,-16435.19776911563,-4482.961248088328,-18946.25544268574,8629.16018878933,917706.3129672462,20818.509566335975,8088.728664851134,71361.02931881527,70212.66529387837,11105.169945710046,23342.22846133815,69667.51110793557,56633.99070537377,26140.71079813468,4077.742504435908,63161.10688170768,66576.58083289472,20664.482552410926,5965.683064114248,67557.0976329464,80536.76360554862,22849.53044999534,886.9366548424787,63418.02862894901,71152.60177768521
1441.2353586562149,3333.696659168339,-8784.71115746808,-13775.605074650446,-12483.796866039387,2865.731806620743,-7784.2767833388925,-3144.704068203184,-22012.267169960007,39519.816530094664,90321.1086655444,12356.69191193726,6442.551826638925,13708.579880091733,-4412.900324151314,Working_Constraints,Ingeniería,Laptop,Cable,2024-II,23753.26026806919,27534.27098062227,-5906.753444789869,-6267.779791330158,10835.564668977624,-10708.896034082149,913.0558206287774,5249.9950498021335,-4177.671694647197,924549.6399808544,18274.3268082326,10160.944016061821,77404.38032012721,54301.662724662834,1769.2270301213193,-347.94082200064804,39092.94711856914,56673.47872796297,4117.985788972686,18078.097772002842,62682.57467897909,76651.13496645633,17896.647422734575,10340.86373168652,61390.951744666614,54323.527792702254,665.27855168717,20356.06531729605,74534.80655280194,68491.92663113112
6266.35759477634,18048.873154149383,-427.55487985099955,3277.03330908976,-1349.1362020681356,-4996.318679813534,23192.557144902523,-471.44708875799006,25565.840415205148,14758.883255175018,56647.07848412021,-4218.317236193621,-5036.4876556354175,-16501.017021805397,-12875.914344704224,Working_Constraints,Educación,Desktop,Fibra,2024-II,27651.436862067134,47752.036084561194,10901.609632956533,-3187.2951219583483,-2959.886175556815,-25735.758533979384,24563.4794497168,-11592.831552878313,-18843.911132785346,892548.2391363473,9843.624489761447,31168.47566172028,54307.15519227979,66222.63341783888,21300.45277422464,15788.9046813953,69377.97397960439,51364.81732411115,25600.808212326876,11182.000912302157,77847.81957614634,68612.86551852667,-1924.6918409625705,13122.673189451945,72407.72281823121,38647.86104688227,-1157.1496972523819,9581.207106593607,76307.3995432259,82462.53028304658
-14971.104198942568,14864.854284129387,-8462.441679901462,-31091.88015469783,10213.151407930514,6520.447630084883,10384.251539721892,13015.295167424172,31710.16702911075,21740.018995861185,68502.06020072459,21824.401657936243,8505.925415704303,2495.773809757479,16490.666210310155,Working_Constraints,Salud,Tablet,Cable,2025-I,14318.873471503885,14795.865316040838,14358.519481900008,5738.097543346938,868.1312817973612,-7107.416396368581,11279.0004274584,14375.454069103407,-3591.917296349833,925895.3412412669,6819.168102535745,2354.943557390904,53506.11999073412,57357.80189737271,11631.22668783467,29339.445882468986,61858.84253361589,49145.42071660812,23819.306986540796,5483.235320775526,68017.24092423229,61956.66428306994,10267.664061288298,-10934.73037835661,47591.417884165734,55536.901642648234,13735.136188686594,11567.268245029793,63333.90625324205,49787.64845357676
21817.789227472906,4860.528895628206,7630.018176002648,14197.188324138655,-865.6220907925576,4591.289542822055,12456.185709087638,1599.1048747555628,15911.433967056864,12279.539966288461,35235.92697981901,20464.631233981097,-4671.452621558972,-657.4564783724342,-17520.736338231498,Working_Constraints,Ingeniería,Tablet,Móvil,2025-I,21442.20960223053,12705.275229698625,-3248.395961519035,-7364.461937036488,18795.948424267237,-18939.28806354582,-2490.125417054711,-3302.232505197966,-3600.26486571084,935031.701612653,27911.892833367277,2051.666395531036,57944.824526287826,62231.608098637,23395.386483320515,21446.86790674208,55652.01068293436,45106.08210271026,38202.90433706006,29309.936349859097,89756.77704377164,61688.412501610714,17049.07038479869,18992.092470567346,69256.14969915332,77174.22834793995,12695.936560258728,8030.468904830574,79948.89053348175,92344.69109147371
19140.5888728141,3212.1393673946054,2507.222183623524,-2379.2844149924586,-10613.458646698587,-4538.454234253651,8673.409419973688,14262.51267991993,8852.538511832998,27711.151358998028,63353.04518256666,8591.576930163665,2807.9565979535696,3575.3218371472567,-5316.473544614177,Working_Constraints,Humanidades,Desktop,DSL,2024-I,19101.117931256635,22725.103726477555,7028.636359789178,-9494.405168214642,-428.59702382539274,-2336.0491771217,3846.8716442658306,-10943.679154384072,-16946.334108489467,941576.7901537507,5553.418119220766,-1221.2477163485946,57202.58067889364,63444.95219002532,12102.124421684723,-2254.534240581943,47085.32143973692,56124.75782572133,12701.44610405192,-8707.07391449904,87158.9960144812,71777.06979258833,5036.913869151938,11876.675659357497,56009.428783240306,58526.217267159365,10568.888914258609,7731.112700903244,57511.81786330469,67816.47338213118
5064.953329934643,-7085.448071057716,2818.552711814696,10070.657288213053,8507.81332486111,-2552.172000854007,17586.18566282461,17639.455920100525,-11606.036159606254,22534.25375167033,36977.28093936721,3900.441527320281,-10988.064066743604,8642.453108893083,-19316.803503601306,Working_Constraints,Humanidades,Laptop,Fibra,2024-II,25802.42145402985,13608.802530627258,4308.887031532294,434.7967850549068,8117.98364223689,3425.207837841976,-8605.322074179898,-1824.6002906217775,158.76177104516077,951625.5778678508,24571.8458439361,12422.039466480846,47904.51176334186,53634.95181425261,14420.094266785749,19257.40870412908,48444.0882763951,71280.81732175231,12017.622351429505,11164.414648897722,58234.183880923956,61400.76291536598,16813.03969233482,23811.356542022404,75605.59844227417,73522.6200185784,15378.63620950506,2554.514208834821,44409.86111716269,43563.686690659546
8175.955397754255,12086.701312944275,20965.35824878446,-1505.9093154752136,-12849.037825604684,5380.418573445025,7206.784709421301,4025.742152167091,-2137.846375415748,17252.73892669591,67797.25842032542,-6099.670108538266,3072.999600335059,14263.565134879746,8020.709090702718,Working_Constraints,Salud,Smartphone,Fibra,2024-II,9262.908079759922,11532.85569639223,14490.859744141473,-10726.885415493149,-806.401467827555,838.887211006293,10773.186123007794,11720.482376223792,4455.124219807855,934866.1164058895,9261.054761004443,6554.1103694775375,45650.947468803686,61587.98922609222,2372.139884065553,14538.243387127422,64261.119257397426,57334.62556068444,2790.7410656565226,18455.80884393473,67592.07286870122,64417.47326404337,5497.6900707558325,5411.849853076297,52902.26400662237,48550.61213852005,14732.33054900209,20353.482049477636,64737.58991527991,71906.3336598675
24647.2995204443,8284.42066898218,2666.9437663604513,-624.920371897775,9527.186212882501,5385.542882230943,17965.862138983186,10022.745825754284,-469.29996929657045,-5064.075578274211,72345.792048066,-8443.256305488554,-2990.5500430757997,12957.742602378798,11757.502602008819,Working_Constraints,Salud,Tablet,DSL,2025-I,20542.113708487388,19515.593682772575,7872.118018485762,-17656.49069369262,8564.588010475094,13372.693568503508,-16193.444679395408,-11970.291090170074,-542.431964880067,932134.4581549112,7127.97732512293,7247.891565793999,68119.85544971524,41539.79888636738,2827.8629092744195,7377.751019522847,50664.58600834728,32084.045987155147,-11330.557722270707,13243.470688573614,74316.82517624745,62012.91984977551,24709.84292726175,2401.584620837033,42891.481975133356,47838.902319835615,4677.956073395224,14570.96556079826,59812.97460564701,64485.69372935022
15238.492826163454,2765.0590185212877,22288.775913743593,14902.49428960027,386.62507874475585,5372.177644752059,-263.85181971847624,6363.906315434334,-7115.532758080441,-1631.9485108800654,79794.06820708067,-1797.0972450855152,7164.917162150437,12039.701135580337,2659.4704914403537,Working_Constraints,Empresariales,Laptop,Fibra,2023-II,21973.53162610971,16796.24792209909,4653.958644032045,-1524.419727266792,6901.383824934078,-6548.468203186397,1466.6781363573662,12704.192034320798,-4485.82696098422,934109.2447539263,7903.319854856708,3306.995295061579,50029.96825305214,39329.680213673855,12646.986974441748,18772.058491164968,32674.140892426396,54823.609339851886,19560.671787374347,4627.602837737011,54806.195071979826,57667.00728541618,22403.454806747315,27699.23643568385,57258.88378474105,77675.57823750225,15059.505163005775,12942.667638378975,67611.96073393722,59354.96490137724
469.67454697738503,9953.262069848575,12330.103258409654,5092.95910427423,380.5694364943706,480.7431236005058,13874.164777720911,-1357.6494836187212,12654.235981594356,24719.222988060403,46148.106491359475,-13607.576773738774,9595.53327810342,-10265.034790163207,11862.512286343404,Working_Constraints,Educación,Laptop,Fibra,2024-I,21475.081442490122,24671.85102826973,2899.402776787091,11714.402854836508,6725.680628987048,-3356.074414449637,576.7334210123006,22494.55926064296,-6903.237676674647,922093.2167993805,13910.552841951241,22815.026625983675,80111.41602213078,83689.01512303454,36165.361030306085,20974.29981640907,83283.55832775489,83624.00293357372,18475.42287961256,12180.838202386754,71910.85486986388,58984.85543256241,15681.391825632352,34286.913695227064,92352.21123251472,90170.29664770182,-1157.9926144396413,26233.44408764581,64939.047487744465,65612.11059313007
-1524.230302807875,11879.001750832447,14400.197013257502,-9820.571298825449,10462.013722250844,-1799.4895876941305,11103.107989609369,6492.98968502479,21293.04857609976,43804.27430193439,71391.67136160975,11954.660344037648,-1501.4129607170491,19002.919860336187,-1142.5135644203428,Working_Constraints,Ingeniería,Smartphone,Cable,2024-I,10312.402619203403,-249.86838637741675,-9350.775171520358,-10572.012776399808,-8845.162194317316,-3103.6915710531566,10476.608145871804,-5140.068326886848,-20238.911269957684,938858.9102136673,4009.3819586184836,14026.425470506063,75382.58888658606,76777.29288168969,6131.917528120396,6907.863265354677,59954.7837973455,47830.87065774453,20645.7603399307,13772.596310365592,54163.69519215598,57300.3285338121,-509.0791778671719,17007.69107756507,65869.09680994498,58093.13255845369,17010.714329689035,4453.001763628781,55996.517321918625,75654.7355873289
7466.912658957907,6015.485453201461,9057.534393614787,18247.47575033021,-9219.866388732748,8756.774459447011,5772.5264139563,7221.871795574966,6313.138275171155,31087.050752815543,55622.498968135165,9558.018259159107,-7574.324663665731,1500.8767263825553,5747.313856654573,Working_Constraints,Empresariales,Smartphone,Fibra,2024-I,23837.66562978731,25451.73102575969,9755.585318012807,-13526.472705049402,9377.798738452335,-1558.8794061032313,-682.1114645109454,-11256.935919723897,-9244.192615609298,923990.0575905496,16089.929916414525,12199.926396034074,56814.9806845764,59752.237711286005,7011.174246365735,17443.37666244537,47824.37923332188,39206.39878852237,7985.171471859888,6325.873742728603,60519.28532462745,63643.69310237423,12330.008509905092,20618.122735790443,60109.72326821922,69077.86017704083,5582.911282697713,4046.6708696677106,47450.92687813663,39889.95704258162
-4588.380723528704,10611.429272341378,4870.626896869912,9609.41484588639,-2564.355178210366,16150.743678545059,1287.4988032202098,12361.470409473146,-2087.5978693970083,20963.548399791125,58066.607516814845,-4783.46985107996,22303.389139846207,-22856.57087493181,9999.071218477533,Working_Constraints,Humanidades,Laptop,Fibra,2023-II,27734.414144709754,1694.0443624190993,1001.596035359084,12220.328477870135,4267.893115621842,148.20153087373072,22287.106494642136,15781.785539521556,-2221.2824255295677,937971.5072141051,9566.935680467475,7654.06855541509,55918.92719588221,48735.085658203214,21938.60070172223,19131.52574824374,60938.188438428246,59096.664413050145,14744.332015013966,6891.162249036708,62114.22421690059,55934.30139318108,2466.5504092661904,18996.62709521616,61272.302607106656,71811.5760642271,-5227.952774243815,-8168.543169644941,63319.87387469097,51741.97358340383
6211.48029241433,2076.7613346581293,-5428.6079421627655,3065.4873613664577,-17237.82001457026,-17043.01941924532,9144.386439914735,12017.04798493057,2669.4838127599915,26038.21584333663,38011.97554831596,1322.6920205585943,-8067.925904446823,7118.351459850421,-6749.712918356879,Working_Constraints,Ingeniería,Laptop,Móvil,2024-I,34291.72109613387,32797.961230311375,6408.119530864835,6979.324658838031,12828.744181250384,8815.264265702874,3020.171359965782,-12304.794162225417,5924.425869966469,948427.913617809,5185.091703133419,-997.113242201709,62779.7848726544,61454.245356979605,3454.2668775152815,8977.666962318655,61020.34337613762,55104.18069670698,7734.889529676248,7704.561977923567,52482.30896380239,60322.37931981132,-9709.04515106646,491.8449751729222,48927.6503552748,66222.73223371088,-2601.638811317447,20089.29653906208,37377.170910643516,59668.65737949987
13109.742269346105,-10243.246482980034,12039.329803686212,-6947.26936103501,6159.10108668775,8362.595048853498,6152.542825246684,-17.990100660221287,1387.1981210958384,37411.44758380229,28705.074990915557,-20965.471007172007,-3536.1545067533207,4885.685309619591,-16734.880016830488,Working_Constraints,Humanidades,Laptop,Cable,2024-II,5131.143326281001,35306.728423086985,4153.367864663664,6048.904272716325,-987.7777241669468,-22303.411120389574,-2655.3546097324393,14700.412470022238,15026.21624766056,943876.5903919894,7985.629875927569,6280.280671326118,69970.43638066862,68864.13218188539,-7464.353884653829,7645.813878397011,62303.52102236256,68838.80567965271,5832.84493614503,17841.09130296641,59006.50809103227,69484.55667591753,4903.997172441882,703.5984586627947,58541.46521223673,55712.93330459924,9969.912117184183,23864.92472816559,45901.75986132063,55481.16328151486
28168.78096178567,2995.793815478557,-11579.112415675894,-17755.385083957433,-11327.317399578258,6106.066370550842,-8349.276307584772,2250.2239820899554,10913.850164284915,41331.79833453495,69358.57282548801,11609.554534366906,-4228.894767313814,740.3785269303552,-7634.774052023729,Working_Constraints,Humanidades,Laptop,Fibra,2024-I,26041.040589820397,28368.508059360884,1308.523749928434,5260.133591630131,-13451.477543789882,-828.0546627384501,3838.7127471760837,-2761.473866440288,-5865.857033700666,945447.537097631,11895.37538652395,15563.67104679747,51445.920482795555,51569.78794687046,17243.050314209693,21092.185014152867,43861.417481980825,50533.338926360026,21379.567804755454,18979.549417580165,54909.22838514134,53012.90789810704,13479.125618004871,20988.382515619687,62585.58099321827,34911.84279147243,3375.3029941568802,34647.89416781992,57843.79666332065,45195.80873247527
-3103.5450048739767,15057.423414792014,-5665.730457658482,-9249.21326627123,-14327.065869681537,-18405.963316121895,-11152.435921125209,2251.7867170889895,-17461.098958605427,22895.883958340455,54215.57970368363,-1053.9794295485135,-190.17605277626444,-12762.10016985481,12484.921009394857,Working_Constraints,Ingeniería,Desktop,Cable,2024-II,25313.640499913687,19323.966036331174,-10323.088782517172,-9841.004747334651,-817.0817303388595,10493.42320446643,4941.7576923610295,-6305.882479776694,14254.481038465741,934705.6432406125,14050.80376749423,20336.068516774016,55519.078686174325,52318.45442330363,20752.288868741598,28965.194430423882,37223.81873002473,36512.42550069874,21074.156635435887,777.6737054554196,57999.99948619558,57075.0622241596,27193.081970660027,11976.659481854902,49433.88103313818,57318.46907957569,18965.079476387153,10875.081903681017,32764.96374871722,58070.17214793798
16103.260669882193,5241.430012036404,6036.240553577157,-17470.37489480392,21166.572930425657,-7555.977999128437,17267.189690018815,14777.369966981954,-15592.526428866076,15501.806734267655,39797.10147976474,-2823.505809903542,-296.35749871957796,-13.364844643126617,6529.556314090159,Working_Constraints,Educación,Desktop,Móvil,2023-II,9845.407680905802,685.9409136535105,2804.3082702943193,-12984.932129342817,1571.9637608862015,-8902.044869365822,-11526.771419989236,54.26008636713516,3834.8448796639477,941310.5271154158,33082.53759504577,10093.954647194343,55967.647661103125,81593.12673534795,5341.661822343765,7161.243386998877,58439.611175194375,60103.97066719154,20409.387367735042,4588.401565278401,59652.18055782246,60662.9580080217,25659.476146043922,-1581.9446951227292,57719.10636505042,70748.02538434435,14343.460941871688,23468.74603282245,61665.823368446276,63609.82759217012
-1095.6043337177289,1208.038290992722,2874.6587175500017,5099.784108158532,-22702.052741250296,2464.651691285449,5248.378529620265,-13488.750040943685,-3333.7274198412088,5734.399137583951,45729.21126668312,12561.608403409473,13067.733580667926,-13287.331194024799,-10783.097083632289,Working_Constraints,Ingeniería,Desktop,Fibra,2025-I,23470.745662518315,11544.940557194965,35262.39060128336,4000.3962724837547,12120.452712530256,-5356.9254449908585,137.7070884853486,-3314.929031109448,-6278.382116973502,945431.909251027,12283.232000164644,24031.572663586336,39698.058814242024,67826.2295008025,26909.830733808492,-4271.642126572313,54249.305739517775,72572.62750798753,2177.3654876656,-715.66966124391,39471.832129973365,78378.08899522465,15528.414142139352,-6521.429097710923,71191.34981370457,58045.43567711591,15246.573338150005,7550.452508358424,59479.93236081775,73556.9413443611
10004.503415255505,24932.479489782778,-6399.315154693918,-1699.9498098931358,-727.7373419424274,6746.157719891714,302.06869218228167,17213.830470751695,20148.258685819113,19576.073552604317,59703.33407217848,-9198.393952290953,3825.6500525495776,1369.4121694571284,10605.495835608928,Working_Constraints,Educación,Tablet,Cable,2025-I,33035.011573619966,22872.62515179364,9833.72515607097,438.25775543937476,936.4947833768416,-12071.048981851998,27281.103524917376,-20738.543827351903,-6792.462364309249,928346.117506444,26478.752589480457,16452.633156471617,73302.41834150179,74968.94303531967,15167.657675897375,13192.468858441116,45388.19871277316,44990.27827093714,964.6230697600604,26350.70506547683,71225.77224635295,64137.376159409665,9694.229979972895,21464.58496203565,81477.59047865689,81054.48402360453,2082.906008097376,17235.675223902654,68287.98403345802,67385.9110281921
29021.889654028448,-882.7420535350202,-24509.993847341215,-4238.498251925039,8678.482646541095,3141.7105480375562,-1792.837169412553,5081.93024457205,18549.890843645466,21680.70083309582,30588.962012580923,-986.3262550380709,6054.651618045193,3872.8696150445467,796.513935915169,Working_Constraints,Educación,Laptop,DSL,2024-II,22161.27863396156,3017.682350858702,-4269.582348711749,9523.553360441205,-6421.604746537393,-25760.502939017944,-4632.426573375322,-5807.764552261141,-906.9651935552117,955752.3846160098,22836.049330030066,13938.153422889502,69790.55639769165,51000.42000081924,14346.59902182797,946.943248028123,38942.50127943175,61497.67815606592,4710.498395676574,10208.048856986767,72038.81277922668,47847.38549054445,8277.722420591548,16530.787290665245,53735.72919734088,58906.29082599236,27033.769434371985,19288.281863339966,66950.1964401247,66589.58479134669
-39.14215878387404,12900.441969307383,-4406.728308301477,-4292.557411390544,11413.653535256044,-10600.87259377782,-10787.505744606988,9665.600417374771,5533.757968984719,26658.93190862557,13297.59744071748,10137.770281586949,-4219.965138652326,-5012.487793373027,-4241.28881742658,Working_Constraints,Ingeniería,Laptop,Fibra,2025-I,11265.22156429119,32058.100605206007,4940.983474957621,6369.517835614221,-11233.667509849287,-945.1192594458241,-600.2453233949138,-2277.680057667742,-9375.468425691595,950654.3521925878,19361.497210019414,20269.769649210062,69851.97181555073,59892.94153448327,16033.02436174801,21358.97906101559,60455.33406918328,61757.45417686486,20316.5284844006,35640.060361858144,51632.21049772999,87598.60732595621,17825.168925424576,12244.695459883196,61817.874449567156,65011.82934137987,-10482.35767711894,-4424.064629572589,83092.67549734334,66310.71657963541
15949.67143260072,-2477.7763576167636,5777.743861603965,1380.6552574159157,-2744.2219157013337,25438.840604940833,23438.472475286817,21356.91831012786,-970.3506781023843,46161.263456487955,40069.450197676364,4806.681879083808,7898.817643818164,-7148.8267395053335,4858.081093408422,Working_Constraints,Empresariales,Laptop,Cable,2023-II,41013.60898439298,25447.87209431252,19882.609276342773,-82.44338905125662,116.55910234438048,-8622.960025861059,-14764.480621792694,-11415.992030352185,-11248.005641795482,951479.5026763844,-403.421372783474,9994.84820754773,77165.44439915546,65161.857089419034,5382.599168507395,33963.3368670127,65869.19021368951,63824.49084223336,14462.798100389267,21374.802593722798,80767.79775379202,66418.65842158023,147.88252274576917,20870.146318359555,54217.52807097562,63516.92936855269,21989.810939324547,7899.007094508152,63323.05581350302,83193.46120743154
6228.718596746957,10214.82212435584,-5975.461452700652,-13959.57559029213,-385.65269245222123,5732.436305752906,615.0514852351776,4705.794911743577,-622.8938142206603,25101.172606506963,97280.39515746693,-2617.7438569341166,-6436.038876017576,3374.9887013703415,6587.892793440673,Working_Constraints,Educación,Laptop,Fibra,2024-II,20489.452578921173,16835.965015840586,6488.824003235591,-3843.104699719381,12872.167653647768,19124.562000368056,-11232.869899095656,-475.4415266399457,-4995.700791635763,943757.500491407,17379.576220546325,12726.95419551066,55474.239931602744,37313.34309646712,5627.487729709681,18045.306660137263,65408.82224651392,53449.78471649565,853.4200046578117,4728.411531288311,71328.20997040615,33729.36189188456,31098.480172132324,8793.970733527676,61391.37028601003,81796.59484842914,29946.865846016855,729.9359177847236,63168.22313016321,48328.96524272606
20705.846778449526,-6729.617441224262,13443.498852258075,-5620.867903985154,348.4075900871735,11775.1669565709,14511.063116070318,-9599.92553453319,10533.27383356072,55187.19426769006,42704.59710127531,7891.1773006758485,5080.610889593572,-17654.993801959212,-2253.8932386719357,Working_Constraints,Salud,Laptop,Cable,2023-II,25300.404234565664,20359.32533926679,13092.521626281012,3207.3158077179614,-242.30393296336084,7678.811317517647,-22177.252924778866,-30333.140486474902,-12854.001315644839,957428.5448190824,18580.693339136174,34833.12221974485,55557.00574430357,48821.87748474277,41580.98401894282,15427.816446702309,57723.27496623623,55711.51969373012,13135.448625806537,-6047.719279037501,81977.15563757275,52791.819257102,22667.239285709104,1103.8911370337537,55206.79964261697,56685.017333135955,7842.111734489172,30603.8745639761,78068.50475450949,78125.2869118023
-6703.944533633809,19804.09621097025,9366.504171876371,2259.3373700168977,1488.6639993165645,21760.94674040868,-9559.088681970848,-1060.9773603702888,-18202.452822368443,43445.80192518109,64027.01476837864,-4856.066196795835,1255.9888561634739,1736.2764464037102,16099.14653107183,Working_Constraints,Ingeniería,Desktop,DSL,2024-I,26495.941121326523,24524.546534244102,7491.86851877262,-4870.945357099866,7134.290805386003,8269.3833226195,2528.2590337640117,13606.400490699602,8225.904766067084,972049.6924627573,7373.840604736666,3529.5653665563623,53820.302270392785,63438.41900427105,12205.914492415191,2087.3722526097135,70808.14302976106,46658.99666965696,20615.878019740627,266.3276908564894,57062.44934617206,59940.47007255706,19062.901603670834,10070.716207224144,78537.77298283341,79512.48381841442,4973.644798582865,20816.774268866022,86439.3879162889,88329.42008601798
-6622.524425829136,13692.905434831544,1000.0398607209095,9356.174539098385,-15258.13864928473,1318.1604540112671,-2735.967755267088,14796.912769880459,-15943.937521507836,17863.834323960582,56727.99426390862,-7615.652977754491,-5645.006810179806,-164.21666726861076,-16533.118088459014,Working_Constraints,Ingeniería,Smartphone,Fibra,2024-I,28879.0771374284,15125.30578549697,8770.33956393783,2720.985845761046,-5968.10436543542,13179.142632154892,15261.131160431085,17408.87513428664,4751.105305435329,938558.3711126455,19407.063019505742,-1514.4856177052807,67802.9470262443,49510.301777233406,9183.02070394779,12285.530758599183,51684.11242415454,60591.42894073809,3185.4324460096523,31085.817342249877,70416.87783251035,67804.69967811351,17205.361391582883,17916.689065183757,56930.16047180703,56915.726809968386,10970.723738166822,9825.231122015437,48958.32167348051,63003.69188112249
5608.341041168816,2666.905142337163,484.7426256063926,-10108.204107300107,19884.590618002832,-6717.214539436823,24370.84915856016,10729.119628418563,25408.716021043467,17447.2901546573,59190.33628486969,5373.144401803162,10827.283629259235,-1019.0103341622781,10848.178047965957,Working_Constraints,Empresariales,Tablet,DSL,2024-II,22897.87039796278,31466.174198092373,-5191.416900823618,14745.77266881749,4872.08957457449,1514.879238586191,12012.477803906875,-24372.42791129375,220.5576323384282,940675.6820738653,22391.604774077277,11243.360244025138,57572.62872975775,52648.780690754655,6567.234757637777,10638.088727585993,64716.039492493954,64238.956630791006,18356.320538519223,1316.5161036649533,64019.4798244612,64047.90571141058,4546.3662789888285,10267.692255909296,56519.743372031626,57475.738203602465,6973.375261683234,26423.167316962674,60993.076385721906,74185.08158947426
15188.748015593108,1047.3894732064737,-6373.148296036872,34331.82960722649,-4189.34966165831,-7037.694958600705,17809.01610788048,7849.384408425811,-5673.428986917281,24281.903638617896,76206.9764303375,-3886.20424684163,-149.93960322800012,143.7329629502758,6877.27821825583,Working_Constraints,Humanidades,Smartphone,DSL,2024-I,28445.87881005941,19748.14614069152,10198.720132409668,17817.332897356984,-6307.055230655338,-11397.628881373368,-15888.590342100157,-7629.650774453279,-6306.058706082136,958364.6064340838,8310.410707574913,8060.1519688579365,67285.68444388387,60019.07994801531,6263.209087702913,3297.4266380419795,75428.57084532113,65615.65954253917,20844.234319440522,12390.854484583995,65225.6628660739,89607.1739060905,22307.545487963587,21853.294790236127,75726.67270735648,82367.13260330018,13044.725660234026,6074.749816152434,73926.90188413848,73673.66429740391
14821.0753078157,-450.9969204171093,-9730.05455902165,7049.601560387877,-19046.796351679008,-6735.3776565962435,1561.4367892070181,16354.07736172713,5681.018345614599,15759.337605208537,34413.67422500303,7514.426396578339,-7271.210642571948,-9944.475084471957,-7046.370594477035,Working_Constraints,Educación,Desktop,Fibra,2024-II,10037.72315856854,36242.86375927822,15796.646489867175,2223.085321819999,15885.113272461844,3273.8628810231166,-1115.774448782941,-8422.376675271407,9164.23642670895,960066.7067112522,-14278.074209010007,22270.868322153874,79078.62706252818,69646.61845844638,13737.892338164304,6638.248005032015,68726.18731721397,57809.4427416267,11040.993245274012,9691.19999882273,57193.30702678154,53967.49105689164,-2284.1031123413104,23883.806920197203,66281.14014417511,45919.23049981991,12219.181490278414,19515.410701756566,72122.77076002958,63810.39652709279
15696.319093398386,6000.060581574704,12361.651196069706,25200.609145848324,259.49513280888675,-656.7947794028462,8170.364073611177,-1772.0719125576356,-3650.3054967893486,22518.162617289265,57659.99588397544,-8758.075670101753,5928.565054245792,-16675.695294115678,-1592.558141387439,Working_Constraints,Salud,Tablet,Cable,2024-I,27111.591697899148,13083.922889398556,4928.392757716518,12814.76758970856,3117.856711649477,13452.334112941453,-10324.328178663467,17558.56909663243,-9656.501278873431,948274.3461288563,14244.440253887757,18691.673596831628,47535.43639228454,55288.45558232861,42105.313760614634,887.1674351120091,44522.24489096703,57811.976144104636,16959.132005953557,1698.681477791155,51276.03331270725,70476.19076155557,11215.337976131495,16145.69759292543,31920.614690497954,61601.72125920247,2302.70111815796,12806.903691311087,57357.841850287376,39415.864044232396
-16970.233844392686,3686.724346907987,8916.617137489573,-25514.23087927232,-2207.3134086954724,5183.424707205884,406.72633577726765,9763.58330590244,-7292.158823158865,24712.04709088539,59490.76405014437,7017.6794366550075,4814.1656994458945,23871.03509503843,10417.773276905546,Working_Constraints,Empresariales,Laptop,Fibra,2025-I,26992.681537647422,20694.88732073317,7776.164679589066,14079.023144985526,-9514.39013348466,-2778.9197345572506,6381.707703068674,3485.5530497449536,-19332.2692681092,961800.2663420105,18587.161613968343,9355.222535194667,62906.94358055926,61134.43094281616,11233.45542047856,19931.557834258187,50459.58400502804,44961.22560111082,-1431.5908427255144,11523.763267139833,74124.70986969299,52750.79280181097,23930.679114434057,-9948.559394940985,43351.07024836026,84985.93756757535,-5283.3516678446795,15669.437703861848,58666.19786693726,74026.21229568926
14302.361270012389,12443.648921364475,-10389.418135334821,17876.690868868343,8208.228101325756,16138.930965027124,17072.835379885157,12644.604052954837,-10142.910545459596,31976.48067500286,92761.26619182665,5509.509223307201,13500.148466164761,1002.5686581215914,-919.0511610344446,Working_Constraints,Ingeniería,Smartphone,Móvil,2024-II,13770.053869489555,7754.868524754018,11468.903334745397,-4891.371604351271,-10996.364770415088,14338.468085489683,-7980.429304040794,-5021.507609938723,728.1787539836241,958166.6500700926,12618.386556300138,21926.653962488723,73313.59332359282,74211.26498436235,7896.600213105929,1035.764417386683,42694.1816249983,74239.0268988939,43210.51533719222,4715.003559727009,61258.50885065596,64711.08200740505,9666.953679321392,25662.802588169798,66369.29432460733,74815.34380312124,14521.147047814826,23984.94151856791,53945.40905516781,77419.36839339108
19744.591997897962,8749.40533804306,-4585.9162015266065,-11055.47079141443,5553.34666909118,1370.0135670800157,13170.859230744549,-2466.341404357383,-4506.665651569124,35748.91984980517,55830.19271765045,-1026.9961743702352,4086.4836093283266,14505.118496133386,8932.338758865291,Working_Constraints,Ingeniería,Laptop,Cable,2024-I,24786.31688257179,34364.66887487368,-11527.233679099645,12222.864536186686,14696.406226078478,2389.8311208286023,1332.051561458479,-4339.42833541427,-5139.782589225812,976270.8507698365,-18481.008655014408,23667.803604320405,52326.981578180406,65283.34109361623,7016.411992568261,21318.738147084452,51096.9730784729,45709.4110309661,19252.472175611216,14358.374876567712,59336.93404544368,60698.777453675284,8693.648527816451,4062.8953358887547,51815.38865091902,55298.902536825975,10618.8573658157,13673.427277818173,56993.76776578476,51668.10022388161
-2064.9039232383693,4154.025467640305,-5843.068101258455,10268.421856507026,-1444.3182798789594,-1247.6900896901714,-5122.3186153330935,22615.438821530184,3708.8312412858427,28732.926993105437,82009.308776154,15263.465067132458,-20139.342797763995,-11492.116310104193,-2013.4949491926639,Working_Constraints,Empresariales,Laptop,Cable,2024-I,37549.90736238673,-4621.557560401765,-8001.43296640737,-14483.751634905828,8291.310475399305,-53.93814993663791,17760.065811272303,-8160.5871916673495,2463.6178765421823,952804.8247283944,26329.579447662043,-2849.427270981392,58791.547113076595,64635.99717643171,17645.402821334377,10161.723189660112,62741.80658588336,35807.60500821179,-242.7534553392652,21003.172912486556,52231.17931386028,47823.06556922529,20008.38765556783,23886.306002257967,74423.69704585131,71611.94001883888,8165.55019049427,-4375.335203640081,46442.13051341804,44723.38451054406
28867.825638708615,8527.038295192693,7066.734452130129,-10412.577860730535,-14015.619757263012,-14221.234975517085,-5076.652265941144,-6676.00061989568,12171.772293249083,20850.88252631352,32939.6218245063,11358.006696627173,-3399.1556691247697,-919.7750557155886,-11142.77049677658,Working_Constraints,Empresariales,Laptop,Cable,2024-II,26166.466543663188,19354.12806784294,4259.227263133087,19284.50060509825,2480.6660433049606,-2670.5873844959974,-21001.171947445524,7110.90929055836,-5409.559921748389,960114.1361935327,-16294.447616797872,32407.598381215485,52529.917044853144,76225.75891581753,8808.807979467249,23490.901589926605,51931.013779899724,59168.680889973846,9213.4989597104,11124.466344898081,44776.69350636376,63135.562918869575,18849.396813057643,8875.91987574723,48132.49863454891,55423.06322459172,27659.36946834623,14472.334711622578,44131.73182230749,58698.91498959878
15472.842401233087,-10975.981942788661,4815.098178673787,-3985.8008817626983,4754.067696371479,-14767.731139717489,9564.946852143277,-16857.130905237722,5067.732659473937,24518.46360439071,81962.82730360534,-1084.985048217985,486.7077571302957,2136.6006036478566,1178.9064843975048,Working_Constraints,Empresariales,Smartphone,Cable,2024-I,16587.544894741728,10889.283877651158,-7542.817449978216,-9039.963797879358,-4464.309867928146,10747.43888168909,13457.561926876215,-20020.64522613779,-5349.148197330154,959021.8495576942,31223.327040882174,10570.111585174116,64000.98617080473,64715.5619718137,3670.7006568267425,5687.54896453587,70773.81228414804,77675.79821795845,12395.463119305025,15698.945557581228,73376.29041957493,55823.70423939678,12706.330988331987,5413.259656336767,63898.730453462216,54999.59283683288,24271.30971744695,-7340.149527399131,83475.1125654746,58181.500183883065
12494.552965803667,25832.674386689767,-2155.514749375421,5178.530822920527,21657.50453331002,-2158.0827502345046,9666.375877681923,10833.921158510506,9736.288599544949,30878.13044086947,53727.07195312843,11669.508561061031,-5128.093344808193,-1233.6180705105019,11683.2934845579,Working_Constraints,Humanidades,Smartphone,DSL,2024-I,13836.229227040334,18571.14529105072,13481.604125358714,6419.743555975555,-7335.769381380241,4626.938289391238,5798.543557019612,-2277.5812946480814,12768.645325757576,962101.8443506085,31524.360481650263,27347.689559195227,46891.989629952724,52942.69069451657,30287.48362843904,1532.129468751844,44108.933820992155,51313.99089334095,9975.269734012218,28503.71754021899,65656.75203354069,65837.77324941847,844.9037341432631,1802.3866776977338,37904.740042827834,56603.16364763733,4102.6225288024925,12835.586801063295,64515.84351801045,65809.35974600598
8324.798128649465,-103.98326988197732,-9863.87343826303,8373.973138718464,-3718.946118747695,-4498.831720242438,9975.308947552583,-1958.165624864369,9005.71442156714,25862.629218694463,48483.964173721186,-3648.445963255904,5642.257951452642,-210.73271847296255,5836.0582589984015,Working_Constraints,Empresariales,Smartphone,Cable,2024-II,41245.69386837409,8424.426818561893,-7322.1193742999585,-9003.757497500003,1690.9105460555825,725.058162543241,-1073.0305187534773,-1168.5543721621111,3869.447201611152,954642.7495475473,19989.540252052713,30791.41860880313,30443.541908371186,47180.196594380504,26466.64348664608,-1317.5715213192034,58492.50423878113,62217.901830543815,-9507.912040570449,12967.552575528884,43250.81440714521,70800.79054342653,16475.719135939064,23707.551246671967,52031.72960230136,49376.695579277526,5276.447065864268,11805.421686652782,60846.12470936513,73612.53199283351
16196.642683042988,-694.8795561232209,5437.199868048163,2538.812363408382,-1045.1197450238258,19679.93687397578,-928.192014811088,9127.522791898933,-4461.0516420166205,31603.430300127846,83288.92082560356,-4179.740417139055,9802.977950889157,-10458.756744472927,-5431.474694700033,Working_Constraints,Empresariales,Desktop,Móvil,2024-I,1692.5357898246984,11452.83307024938,-12275.137770372812,-1490.0417421659854,-10869.819696148948,13490.124802236196,1681.0016379593687,15329.492805673506,-11148.247261754828,972350.4733596352,8988.589792323399,25681.819044248427,76568.14543214544,58477.91988771993,8395.525085231175,16064.561890840267,54794.63268205253,44645.00163728161,-6875.281006390203,1160.5407739856928,67889.62646802208,65719.35901327437,13885.94039003147,-7470.067968162439,60034.77570451969,48266.191181781716,1480.1444419513537,8854.41739259773,68754.38241842396,55917.93080370795
7862.72973542328,20815.60174039271,5915.329367212033,-11570.736716851578,8835.342941330171,8079.297686489773,15004.384347556152,-2012.9250105217689,-2952.4098120880326,8957.53152197157,44338.77748140564,-6271.55825976993,7839.11070153406,9123.705730302587,11671.213588371347,Working_Constraints,Ingeniería,Laptop,Cable,2024-I,30966.807917183498,21550.647350086372,16582.02317770722,2722.3900608441218,-2988.945396064323,-5583.860972634875,-7154.660766722304,5710.975352818968,6881.535069886722,952897.1392148812,-5167.250182028256,12616.076458568883,62189.675999729116,45977.03499556548,15136.920547786585,29380.512429265007,58071.95388329925,42629.17180904052,35712.489702349434,19133.0374210234,52397.0462399245,63886.40916193945,14079.26802701295,7133.288788801487,70678.65825414217,76742.95165093559,31599.553501738348,-4481.173069266915,58413.1067496296,67182.66932861507
10167.731230360767,-6996.058754655095,142.71755411350335,-7410.126189429951,-13461.194585156756,16124.107297222186,-668.270087358484,-14347.336700847212,2664.6731626398723,23421.36085163924,47724.80793633449,14641.196562216675,-8915.047823370774,10388.836060321342,-3411.8415856228085,Working_Constraints,Humanidades,Smartphone,Fibra,2024-I,31303.40440593791,27022.55487975179,15617.174846747866,-5080.604541961564,1354.8062096384756,-6933.271484482101,2080.743666172361,-13924.851910983543,12897.643653565834,953813.4194502556,14761.445411676279,10134.235196880398,42918.89014583384,25367.06041008835,-4467.822859540869,9517.164877296585,52438.26920557523,64955.74804610941,19811.719156255072,7179.4669490225915,77266.36488201749,78047.19544580791,13591.730160115701,3903.2454820955245,67438.44226800959,63903.32549390035,6447.133533789025,9085.110740675236,68835.83382961234,63946.90731883606
9081.08251336898,-2544.8821202306635,9826.34771527675,-5606.312177248509,390.98208732284365,-1330.5892064802815,11561.931672311317,-17848.57073936606,2523.373795153331,44190.524203393434,64072.01431638177,15483.539052075064,14056.033350886692,-7789.460781734886,10270.429464596436,Working_Constraints,Educación,Tablet,Móvil,2024-I,6690.171537785314,31338.00702750215,-14067.894073598563,-1794.0036084544724,8211.32603412533,19947.466491533407,-4332.496424617663,2568.5964196266887,-2979.75067637338,950571.9247384954,-2910.033681240817,7617.795947235496,54958.55185244799,65938.52261053487,17240.98726233847,20267.455622911762,64951.448601921955,76597.29228543583,11070.86582873599,15456.549484400626,53059.89162277687,55652.80529219733,20221.667995531865,6412.300237279781,77873.34871166506,59428.873390549365,1179.1403610901489,10344.32087137994,42659.73591662782,63009.36627296649
16651.564526644295,-2977.999274661546,-12146.057187029199,-314.65672779013244,-1129.4044892009279,-5904.725464815062,1620.5230599115873,449.57570914596135,-4812.038786461289,20178.411387104556,76801.8966324062,2943.2697582168666,28497.983253929873,-5515.191945833344,9690.631878165836,Working_Constraints,Humanidades,Smartphone,Cable,2024-I,42142.90270609183,697.5733552639304,-9213.255965983391,-6216.7334959659,6206.874478872157,8213.436213402761,8841.34141884633,-6299.0159977647745,-9005.07554814035,973185.1521367863,9693.34798837009,22499.21773212657,71419.84855743719,64482.33525176509,4974.782914059628,27243.500602441665,72852.24524229745,60654.49375692064,15028.220759779835,7533.7434827228435,38608.23507209774,68388.4882214583,20866.691195443913,17690.43822767327,58727.75988805869,86554.75782223941,8659.581203825204,9368.285402318652,61286.20289862233,62333.46041354734
15726.817754324496,5838.408654103463,-716.4642752740826,-187.3853846835699,-5194.4081958187935,-13540.907742095857,-6685.880716982789,11223.611446490155,3841.00313823405,35316.22929350971,34872.38559183428,-6346.347221611312,-12377.518280812415,-4642.822529946034,-2667.7539896376616,Working_Constraints,Salud,Laptop,Cable,2023-II,32442.351749476573,35514.55633540572,-13070.245992035741,-6865.348353399291,1846.7027528081244,9023.096109304866,-2656.16370858324,22085.54673906775,264.8142406764121,950536.9492842754,-1962.150519961493,1963.9942984102436,41138.282251765064,63681.65376569551,13030.84702757661,16237.849604918336,66255.68232126236,75546.63717763816,10730.459593562271,12670.0171113748,67256.40309740856,85196.29385044693,25274.41433339534,26904.710487195363,44451.692941024034,59646.9878094007,4856.791574834444,7911.062848494587,56251.22022158373,57827.5714946625
18417.32026295254,-2408.41404416717,-14932.519298450525,4927.929833397745,13198.775093410586,-12467.371677856547,582.5350265759221,1873.587276063665,6194.826302096539,24293.209599603513,82873.53481957686,15207.851348085343,-677.0309802045942,3635.684036312673,-4986.824836407123,Working_Constraints,Empresariales,Laptop,Móvil,2024-I,8940.44643735413,42202.934825815464,10899.236326429673,-687.6131444003502,-2524.7004184841544,3852.7319281907075,-8954.130962591324,-3394.9412586525686,4876.207217785723,955189.2965834216,-2253.7929557296375,23806.644396971977,64025.021676035525,66579.4919560741,18584.125776643334,17413.324108716173,46402.47173983014,70073.99354366159,23692.921740397956,22221.093900407515,70935.19746571107,62486.79439409507,-7594.13003479924,1187.5671138812922,51384.212249146534,59360.75241688448,2223.819321929357,15668.875962749367,55927.13949204055,78418.95661491514
19094.6447638002,26764.577292937578,-5350.094754478091,-19168.284743604116,-1249.4419104335,-15167.121158616865,12303.329050686807,4513.43670073288,865.1915371251152,5865.427997171864,32644.129414968786,1241.0555995571453,15521.145972442591,8729.882356566695,13646.802583710958,Working_Constraints,Empresariales,Smartphone,Fibra,2024-I,7989.838174832294,12093.82577672562,11459.738327420226,9270.695892039155,-7817.200147304447,-10616.222829196247,4113.206832758139,-6612.091709826643,24552.37855379071,973533.8070841348,10920.793407654694,-2067.720251539553,65811.53787134099,44960.02176895342,14747.22284807516,40500.38593590438,72327.8859130918,65299.04546289897,8653.727990347332,11261.869966369308,53386.92455234657,75802.11181105071,14435.204515504578,37300.02614095458,75166.48023711375,51964.66054109779,6821.0678159284,17174.905524624683,89426.1752899791,71460.84300642906
27707.634109504572,27640.876131364137,-4108.649850967466,20901.409382401653,-2357.2800051456434,-12245.255679001059,1028.4343920887593,4442.897513839883,-2230.6919187909702,14121.370003637401,70892.03641599529,4536.597256843756,5202.281062095615,-10225.273395929153,1571.5456790202993,Working_Constraints,Ingeniería,Laptop,Fibra,2025-I,15913.30500841211,27737.260581272287,-5551.591826105212,-8316.724343386946,11587.667235950747,7956.123143094151,9289.830112959944,4922.976815479689,-13319.999530180103,977822.9390988894,9955.786886878504,9233.495521038512,42453.523317783896,40594.009746864875,10632.93795905547,26567.74926571839,56457.98619538531,65705.68093681625,12058.870311750026,22771.024446131494,63154.655767248725,45048.06944937627,18238.597147790173,13430.083895291596,71914.45125300632,71374.58762535827,-9642.361702906022,11690.907437461112,74623.11122830465,97048.6012767601
1476.1770188614578,16335.460659062672,-22211.36473461157,-13851.327221959404,4545.873447074572,-8044.3370347834725,18583.463509773654,-9752.641423463961,-6632.796949703629,18900.815647824846,65408.4435427297,12499.308953654632,22768.972967242735,11643.99346668508,-1192.1600974942976,Working_Constraints,Empresariales,Smartphone,Fibra,2024-II,12781.968095298053,11006.400099342558,2159.4695104315824,-2448.8788067672444,1422.2135824474756,-2264.800270130785,12036.647538215755,-2104.22556909126,30.85303916071308,978708.4659093533,17785.64910622109,29668.239736225485,57304.03970821139,79327.67139075555,8448.075309620053,8844.796451859787,57668.797316366414,56175.570392121124,1653.3640233049737,27064.89766345091,78445.05555385041,70582.07315012849,14646.577481935221,9072.352934130191,71669.00592477214,63191.92721728022,26279.629739411765,14490.871470202472,56125.543286214874,70564.34768303267
-12642.697473060849,8249.64963434413,-1701.680500810597,-9745.271465000447,-3063.0149545639365,-12742.4762387834,-1429.6523562243483,-1868.4596331846287,1620.0584813919622,6584.442699085355,83323.6652939347,11747.005919004785,16698.15963038509,-710.4088267773454,10117.625595132611,Working_Constraints,Humanidades,Laptop,Cable,2024-II,22157.966813568062,25251.388140751904,518.843303779478,-10845.340823914246,-10708.313587382016,-11690.824343834396,-5201.86725877233,7229.812266730775,700.6795312933984,967603.5138797909,19251.367320816862,3405.9961474584015,49953.62612854679,52564.79585109915,23407.030964811398,1494.7400828794434,63433.1990857531,73739.49759248606,11666.889151937832,18564.340666623757,35689.69107061725,49624.909343379,14158.303044474656,-2928.5072021476226,64600.12105787845,57616.28381411077,22538.70759915704,5730.777817486465,72973.54943169862,63806.064194935876
2215.7563304121513,4503.536895149252,4827.462783001282,-10311.403342300538,496.6319944807558,1223.4279247577047,10792.639577908678,1051.7160261287563,1483.131284828511,25240.71172498003,31435.02572564036,-2669.650798521538,-8798.873219045612,7451.356343770492,8020.342533418408,Working_Constraints,Ingeniería,Smartphone,DSL,2023-II,18508.535311400414,19453.44881970142,13970.32864260449,-4651.188279247198,5672.96263242315,2408.118767925118,-10539.955794002719,12892.964386435971,1787.032714478716,964717.1721387871,9672.373285048596,19682.965802427076,47495.86976444082,55764.9457903912,27070.845384590426,36063.71126875038,58654.49498783576,49757.026436853295,36206.646457054776,16850.95316346413,72975.6849212452,66799.3244389688,-12114.51002369995,-3935.0470392460975,44461.93788889192,52479.11079908645,7378.039172103043,10891.441424188932,45492.374778104706,54019.83187992433
23596.850829176074,-940.2402895974219,17839.25441995132,14304.265164454147,12808.642714838143,4767.867489880091,19274.97105340701,-3186.284153103377,-238.6552668646932,15692.660307931292,30834.0135109315,2429.6680435372036,-3981.681000219409,4655.380054893358,23493.329994550208,Working_Constraints,Ingeniería,Laptop,Móvil,2023-II,35548.960515943865,30799.724621200854,14836.546153928408,-1456.5086170690734,-3451.9203273551834,1546.7686122730556,15793.75073260181,3084.71984935649,-1788.504443260691,967288.7963982233,29279.107923531843,5729.979176886332,47136.03914266343,52145.97723949268,8231.736917923703,16931.447851021418,79177.29452768888,64935.94469358558,23138.298917952052,12575.370740796756,85045.7413790398,53783.37745676355,536.3228457750374,9431.957626779844,68818.2461762034,56632.10700145357,20963.71610740611,14158.082530602871,54784.33088401435,70429.08282734589
19559.370357042542,-1651.4327428652477,-4451.867410220174,5938.205384687569,5891.905105890278,-572.3416061726541,-4928.402270057506,-3349.7418670725365,-4506.42402309773,9204.09695228359,66335.150833527,12557.072998499265,4905.002938563725,-2442.6189269452225,-4004.8036796910674,Working_Constraints,Educación,Tablet,Fibra,2024-II,40725.00854816954,27286.07143325852,-6799.666221160174,16178.581506222543,-1902.8814925966499,21265.918020686255,-3472.814837042118,7781.516834018599,-11986.551872647726,965309.5965711275,4912.996505668714,-12240.454695197597,67261.36276865657,50247.92432852834,11898.22136361832,20123.581291799965,56410.82418579482,69546.3065796955,10460.402538613598,7978.818160716067,69156.31076642667,66704.97229564525,16940.678385279596,9892.662495029097,51605.009417767695,54339.62718549254,21043.08443220757,19616.880604448685,38162.169533563036,49679.244310300135
11110.06920120966,-1508.5255581563588,8878.68095295366,-1307.805622141023,6074.073030221905,-8245.305245812515,9437.885939237342,-9912.441200140078,-2193.2537341496354,17626.33874237194,24061.357054579956,14190.461781624967,-453.08559719768573,4233.510489787073,477.14448414219146,Working_Constraints,Ingeniería,Laptop,DSL,2024-II,9385.74423704305,4539.180467776308,5015.6769274708295,-9828.383976980784,-4044.67526208819,-14306.388816269986,11964.553392973254,-558.210245408425,350.53830727768604,979797.618410256,15187.777532255592,9202.790237987923,72121.58684884348,76163.48412833773,22487.314175616993,19582.805401687667,65717.8013249607,57561.44695415059,17431.53245211893,11623.069503766685,68625.69066042585,61462.54992759522,4747.865845318534,3361.127900539057,64317.81706921993,64657.25412883901,-10036.023558905308,29267.935203748377,64675.083282887885,72056.24707898899
3436.622597935718,-3934.3224408104415,1481.5154419890896,-5417.450726714494,-184.7871787697643,-720.8113457419222,3627.6898868092226,-374.1648096998342,1905.0755812683462,15374.002403612747,27248.73248478604,9629.308035621947,-624.7421188486605,3505.3154479982027,13162.352704637893,Working_Constraints,Empresariales,Desktop,Móvil,2023-II,14002.55289753632,5286.829259673733,-14626.833626283084,8603.337396617455,8380.446249098166,15877.582880383798,-11523.92797624136,-9978.374804144394,8660.355852592744,957334.5828986085,16164.590491345494,9180.53794455852,32837.18488382743,58765.92044552622,-3677.1480746285215,1129.725791980707,66345.37450629695,56541.71670897396,592.1449271696038,5560.233203828477,65631.62693569271,54626.72738997966,1722.206338188812,2587.548754003862,45583.86724136594,78772.49132763575,7281.125136857276,7940.189345067222,23212.884755196992,48122.883929010364
7594.041444114053,1758.3521024036054,5861.964372516333,-7698.806474833017,-7185.612097111835,15153.514924668474,21215.93898210287,-118.40888979438068,11027.334508943162,27243.076399004036,47033.75225810852,-5120.393069048909,20382.995893338724,-5415.57838943921,2158.6718023481035,Working_Constraints,Empresariales,Laptop,Cable,2024-I,26839.579594326024,24737.673602591072,6572.214708253843,-5953.682808451505,-9813.813155374848,-1217.2347638133688,-16262.26303120189,303.8116838159151,-2513.6592196939746,958377.3914777772,6556.345150733763,17333.683358304836,77310.8710897992,81580.15924596891,16894.204646988328,3366.5963981358946,59802.775145368076,47033.668564719206,4885.907283387337,17652.75537423969,46429.04283050848,38303.62705503224,-7469.6105753893025,10251.08452737936,68378.83834163805,85595.89077958582,7581.192150168373,20144.680171860382,59760.41474369687,64803.3861042831
-2416.2704492923167,8371.655730309147,-23682.29975684518,-12896.705505705933,17543.314300820544,-2721.666610297525,-11968.596731942174,-1864.3726965096412,-1724.4596287308577,22644.67386238643,39311.698768833,3136.1916617875377,-6788.350127253736,16844.792167653155,9428.429271145173,Working_Constraints,Salud,Smartphone,Fibra,2024-I,22241.70263899386,22112.74503099107,-4101.511057912849,-39222.86513417744,4860.895395980025,14905.436337407393,-493.1279739510381,1865.3117163609086,14832.814748680448,982695.6796519011,16984.191426755613,35304.788918584905,69116.10486739552,64657.64489351835,22069.238965116423,16049.1704353647,60141.73696260738,66013.64869999689,32456.968782573407,6226.927653104618,73976.13209290488,81375.80941857868,14500.918517295635,23327.51850145556,67076.28086354792,72833.47502772204,739.388306658484,29520.876042385153,63651.44314020749,56415.07402963219
9805.180794908276,3404.3946971853984,4574.0481905572115,-5059.893493864979,-5475.460506508779,5894.291806991053,-5908.0008699010305,10191.541602748293,11213.324846683938,22272.545583293704,73998.7874875654,22218.690373302084,12206.6599591359,-6645.631520970677,5049.581097971525,Working_Constraints,Educación,Tablet,Cable,2024-II,22641.90701874375,14842.82117095916,-10310.622112194238,-8153.91121996946,7809.900802123915,-1201.7667403039477,-228.176938496298,2440.2910611404,24020.997221422967,974210.2935342959,27611.9510828464,-7123.463151472395,62197.60956178967,59396.224432936106,8260.366096056972,33095.96816133735,53017.12310509338,62670.63788092171,1102.5028332785914,12552.851340325471,77989.74174980962,52254.66503883665,13818.348492133202,22041.835979056195,60074.47057225337,40304.823518860074,24442.770064672266,17633.23081752618,57195.01319097479,78850.21855569317
-1306.575157243913,-2400.5485334660307,-3739.8423059332563,-606.4504005360478,-2990.6482358375924,-17583.91972043566,-1512.3904579254995,-16338.116321771917,642.1860579004147,29469.11459571505,60108.116695898236,24682.52171969736,7348.570012352979,16808.398189457963,-2472.3595879029317,Working_Constraints,Empresariales,Laptop,Móvil,2023-II,18127.02430977286,22769.234385767413,5114.96077866907,1973.9290541824694,15174.381135245603,-10018.440057494356,19021.778868603164,-9107.491854168606,2504.7166374668777,1011984.1644280234,13939.198534034247,21323.35365371634,55299.42771080307,75542.04939355189,17479.017353616237,-5414.257904918813,64775.599204569706,67932.5919683202,14417.84230459281,6858.149412418224,77809.28007383225,74719.77962097927,20507.15197427251,8422.574316207942,57219.0699028692,64903.147014214475,8000.335487514016,7595.389182446681,64272.833585791515,70052.04116750025
17607.173392415898,1612.2113435422189,-1192.5962731907869,2738.5874855159027,10110.33514568926,15974.388951074898,-11106.458515396525,3938.4226111540347,22241.702458569882,14830.311991641058,46101.902979508355,1840.0611221659544,6497.420860120161,-3515.381169301749,10281.14433599989,Working_Constraints,Humanidades,Smartphone,Móvil,2024-II,14801.431873303096,16829.05853644905,10617.809560800255,1508.709552687678,334.7124755508979,-7884.9629143630855,3752.7865187664083,-1598.3063700115988,4215.826871781596,973221.0473372928,8211.200215619796,9568.731334412081,80569.35508181067,72120.37583993743,31851.94232867812,17432.93641797279,76784.24520881237,76607.43067603989,30252.75228148663,21242.590120213004,93212.02220863006,99793.92285530244,15984.16418639108,-1307.2754446500494,68317.73510533487,69243.62705078092,15502.270619201821,2039.0516768056823,69286.54486902252,79880.52746881185
3331.3253740861865,12842.736490711355,6520.095944193403,12441.321295089241,-6020.624664981103,-4094.5519901634107,5385.634586243306,8355.077576869255,4234.0868161545695,32545.20240502622,66328.44588220178,14636.75491565466,13757.434018459113,954.5170816149173,2016.4358163793338,Working_Constraints,Educación,Laptop,Cable,2024-II,11707.243500668486,25019.193857934864,12964.641170514813,19116.228378490283,16582.996275740268,-3034.6945839860996,-7773.959263912017,-10144.572624411756,4781.871230377034,987611.5315876283,17944.288883897312,2318.8215055517394,54112.94803054212,44939.836896672685,7044.843250998072,14824.05001636676,47502.842399443995,79824.73755003567,-6818.22355545292,7270.781178118426,47028.920580734615,47015.985687721964,5752.384409928925,7386.784137574794,69913.01635294358,66068.65963005746,13144.46769510282,24111.309003613827,71266.29670606034,70112.52320960654
816.7834046761054,-1091.0817092705147,13052.380388834981,1010.2878567177349,18238.19769316728,4737.687504687045,9336.76142801135,7350.573622567335,-3028.370015822099,39806.887878997855,68332.6059063575,6404.510260314602,14599.383369965679,6311.39558530083,4771.08894426878,Working_Constraints,Humanidades,Laptop,Móvil,2025-I,21131.062573232197,22180.44581835104,-15106.416613026111,-4725.791410524388,16779.952109864505,5159.516492850795,2821.5955564088495,19349.035769075785,5568.33520079121,983256.4142085523,11157.548192414208,25327.667576376614,55818.61521437253,60270.481549092845,-13173.70854755669,11289.698355856914,77426.65997993191,55119.368188320674,17264.91431243606,19726.36189422264,63648.204763418245,61772.846437224754,11767.490380246267,13997.914407066048,70320.67687159752,68951.22157955702,19255.6430053277,3173.1549019731556,64821.28473973089,53846.18056767409
21744.28688573435,-4615.781570678805,1691.0593301717213,7153.2519328047665,-3810.0808835766793,5853.962653313949,-9367.36143244744,5425.90935544762,-14582.842175416905,19738.237701570935,77434.84032685545,15431.500255980836,2182.7016681657115,4933.710613341293,22509.94938558405,Working_Constraints,Ingeniería,Laptop,Fibra,2024-II,15340.93872879742,17265.00537655002,645.9777100076628,13143.14554491936,-6968.704467081258,-3725.4276397649573,14399.08925090565,-2080.7979092229502,18571.80641384427,994513.4726495573,4704.111950232321,22352.027160464208,64171.935077427726,59410.49019570145,24374.41709104865,6125.722441012292,56334.378052253494,60491.80051126611,7514.598183616269,5287.178891415694,66575.75648262804,70051.91550107929,18586.32696094327,6058.940194416598,53801.54706112019,83160.71170385383,27795.96530795224,21310.93036216608,74505.33904371648,66003.91488030435
22657.284559600717,8093.213083160184,11710.536636710447,3475.2567066152915,14957.050157898026,2991.0877028622363,-10607.267299515537,4650.281167610383,4865.459852027754,46693.184578111264,54045.989413138595,576.4649036468686,6007.484045534994,7270.5478035352335,-1164.0122088802684,Working_Constraints,Ingeniería,Smartphone,Fibra,2024-I,21951.5249054759,2852.302832103638,1091.6587646773157,-2253.117086136532,-2401.130426846128,15274.631092837664,8348.87076245562,11699.720162727666,-2729.129860531442,995483.8911853016,28764.58650179832,17107.54509317469,44476.386202550144,72057.68336212561,4789.592798872493,9954.655779189245,65316.949971744834,62562.98317764611,17506.10393887338,-294.9718222701249,81234.22305673275,60117.55157909563,23810.6459940039,11122.673589234419,56465.96850340999,70925.96620472583,14578.475394139563,8313.225919649107,81242.1336608658,80678.00029574253
4054.2093226530174,-5727.848886177189,7600.39624134779,2893.5221482607594,-15378.805028023698,10861.031472293127,-1540.383318592314,923.1626004050072,-9191.740887776148,24282.150496726266,22046.351521656085,7154.675965448864,6501.439688893263,-943.4108844974571,289.66347516351027,Working_Constraints,Ingeniería,Laptop,Móvil,2024-II,19133.450548634584,13833.60724875902,-5591.816324378103,12921.834986352458,-2662.441668643798,13322.582343875687,-6109.2767561684905,-17031.274466483515,-6138.106460780323,985827.9716329399,38798.17574436541,26663.29111692918,54776.3968451747,75026.00581366339,9703.108665479192,25615.102693664296,47238.21984602164,73410.1543716919,10108.395621698577,25452.644675568015,81447.46961808953,59394.16379539683,-13571.147188975134,22133.845091424348,65162.988182944064,46835.92945158512,11199.963460806328,24220.66695616609,58225.16247474662,65825.2853176981
6950.2569312528885,10870.963571741293,-4632.582181943448,-15848.26727846625,-5713.9557983853,10018.365244259727,-8765.252307583945,6520.361212283378,249.62482697545602,13497.633095152929,52109.67578579732,-703.203602335524,21436.619395985876,-10873.698809026026,14776.91934944674,Working_Constraints,Salud,Laptop,Fibra,2024-II,16473.13930123916,10489.680123553408,4101.629807434231,4656.69466761588,3759.7299830451957,-22000.483020966814,13409.493113152335,11697.743502487994,10810.88100941077,979274.4620197136,20617.12772962339,5208.682529397655,62631.975627983054,76910.6899806217,19645.395975658306,10783.803079725878,33815.80018586258,53873.165833280305,17584.00133191877,2432.2596872964077,63375.375895225465,70168.32042581345,-1458.0677198254343,11185.155743329842,44005.23260145427,74484.71006257102,6829.451637072209,25070.862603293033,83122.51001884592,78341.51531136791
14442.371051358044,3931.511469613415,-13194.65975209516,3158.819955615822,-8295.10809392596,12288.133021853311,7051.961504268025,-5389.339750597901,-5921.05250773282,17249.26700413242,58342.05287047132,6672.086625008316,6737.9846898661535,-6771.520069219535,4557.997903068771,Working_Constraints,Humanidades,Smartphone,Fibra,2024-II,33030.761105111946,26038.848503237663,-1390.3913120686157,11318.291886907968,8514.832917322026,-12447.367323425326,-7991.051559221819,15716.894764122157,-533.4808753745141,982519.4944014684,8205.948659797668,8387.142652408571,72935.20027630051,92952.05706197963,5387.474391836186,8191.98583871492,48535.03456910579,66537.6316308979,11645.251733030926,36325.5760139204,67935.3076086134,72255.36198348626,10531.445071220169,19887.467461356646,65151.54308325434,60146.98835948007,10804.63188157382,13001.243129066728,72389.47905288657,61767.07169644053
40469.886628504355,-1389.293235729695,-19001.168221300777,-4206.65214904178,-12540.26832270253,9867.340627966343,22823.509309987116,360.0466266931362,17178.37700738724,18819.804737808798,28423.023669796083,11689.610415267529,8959.878411213747,-16959.96400005973,8201.117853983154,Working_Constraints,Empresariales,Smartphone,Fibra,2024-II,24929.552514471245,19266.41891113572,1962.7289181534125,5161.07005718964,8156.935478082671,-23.99079148493138,-13317.898314766835,-10416.217018575771,-19952.549472568426,990191.8784484488,27670.202401750576,15798.590845103774,57142.85960784028,83421.57548737167,16002.134779432905,22847.136806504186,46657.67035296052,68972.14621876528,26609.162132904723,23243.607686776228,60226.34432136064,67938.5389479163,30930.639438616054,-5029.905369240529,82853.2501843452,58880.51517436486,10524.710947521162,1647.2886244708425,64593.64319945359,63364.33638148079
16334.28014543834,11809.313315275318,6211.704623646365,-1526.6527473623562,10148.476626278125,-5015.430890900359,13377.535810530067,3053.2189407848236,-5687.0503184460595,36995.391278560965,56643.02244817726,1452.668906168903,97.6297142700505,5503.296131256068,4629.192510752728,Working_Constraints,Educación,Laptop,Cable,2025-I,17337.165111513146,12002.84142937211,3063.4473274123166,3086.4482845766697,-1209.7674278619227,7360.352962528291,931.4209639606814,6941.5236604246265,-10603.696359330026,1000515.9403543802,10428.025746353112,15379.690217973628,58115.72694469479,66757.96466306159,7998.022303514954,20748.314177946504,62981.43594240284,63823.58085082405,1745.3828063364654,5020.983080703694,73647.29979056775,60507.51528269606,23402.78720399866,6324.798633321883,57155.29504291202,57754.57792675979,10841.270833979306,4307.369620923613,62779.357491112736,72676.54051430825
6756.473941135297,3884.431736343484,9052.697351180675,-3534.0491187071707,-15574.555767336225,4043.4754564113414,-5371.959393525023,10792.059818392452,5665.546236547109,22184.985958767524,70827.53895184213,5140.978115462192,-10756.073227602159,2852.1134641213753,-1549.6544674456895,Working_Constraints,Salud,Tablet,Cable,2023-II,30410.033480595943,7285.859194675968,-5764.1409595467385,3139.2792354499543,-7039.272661164435,-3546.3537511761588,-9951.830600211058,3498.4579749535455,-8072.091200180352,977798.241957804,-480.07551474588763,18886.150603499354,54075.41008973947,68982.90097953679,10065.398282100352,18740.802839783544,51019.146981540915,81915.09936326269,7688.704058764946,22301.140686328145,59049.02239971667,60085.24618646029,7557.8828248142245,2495.9043072133827,80829.91801274863,55488.1595803635,30983.856393935155,-6545.796048447741,60950.61397538132,80256.19785593623
12340.858840340483,-3755.836098640152,-9064.989692907007,-834.9450208101562,30426.09167325164,-2270.9361328824434,-9867.143470015053,9460.633464929439,11476.338870328125,11278.221017894592,39429.73708301633,-8498.036448635561,-9781.511361306235,-5418.8960570616455,-2915.90331888318,Working_Constraints,Salud,Smartphone,Fibra,2023-II,6570.390774064435,13394.396385961169,11913.018372337008,-8950.850241104288,-15318.15521850846,9902.228555041509,15509.549392695928,2765.098869050078,1345.2102674319603,991891.5596226273,2672.1322819132183,9835.219182150813,94132.5720710466,89150.63415903642,15723.424704742018,-6574.176187926085,76303.48083113131,76040.31595893398,4543.413035739117,19063.61953195225,84803.51892309757,71121.47432097905,519.0969414620067,6767.7362686471615,69967.1476370855,53491.62285537656,24733.54736388179,20020.370682550387,50060.82712477392,55630.02080955976
29243.195567735547,-5623.675634034609,1819.5504730981029,13790.53984910016,9691.107519080753,13153.973941801813,-13876.372538941117,-1734.5541559913027,-2618.8443939923773,28324.837781862134,48155.05032780497,2267.493458936413,-6636.400640100848,11693.639911434206,16493.739283355277,Working_Constraints,Humanidades,Laptop,Móvil,2024-II,16329.240372038965,29046.85295691674,-12020.996994486168,-6262.182669797651,-3026.6056419133383,-8251.831074124233,-2352.184895892232,2899.8947996567567,4316.79835680559,991926.3807161569,-251.30064338308512,-1698.5251868318246,54448.1767140479,55494.59415375387,4148.601004293969,557.3292631240238,57368.71848659657,58840.43445713107,8293.21459906707,22049.033074381994,73928.39866424681,54069.56677665953,11393.61816765582,9429.633231184964,54061.68599813582,69144.41966437717,11658.848561989169,33149.04650064548,61302.71579996323,42230.7338548393
20504.12958092027,8768.555648917278,7453.015862652182,-12544.220700997621,-1376.8866113912245,-13458.405527958093,4983.956939807218,12772.41473334625,-13117.247382872547,34883.354161478615,56146.983560665336,12429.043523467544,-2743.312150433943,-10107.431300946722,10994.82633416397,Working_Constraints,Salud,Smartphone,Móvil,2024-I,14843.319075666306,20736.027186427338,8159.2896934818355,-2900.41495374504,-4646.510779362359,10840.45439938357,1397.4061999061337,2399.9125623562763,6071.937397824327,993016.3829551686,8253.980325536962,14069.208641976784,54905.567202877035,70978.47722628467,1845.6404251298463,-7609.583595556229,55911.345972309064,71602.26156378533,-3885.2333219529937,30569.21493043436,65821.67016526278,60357.14220875873,215.14197448888444,8266.989417353518,66314.65408284751,57256.67067761532,30015.1536882139,-1306.0664808848978,80654.86607230059,76167.62366337846
-5131.565057006406,10524.668057543528,9458.428438542023,5411.265752389858,-734.3713895730682,8130.450069302131,16480.87197879983,7890.546456087773,1827.3225732593273,22093.73642337529,45536.46491910943,-1821.7194551240173,-6319.361601306477,8996.331174353993,4242.779773533775,Working_Constraints,Educación,Laptop,Fibra,2023-II,3554.2236650682244,33778.22918797897,3103.1037606174013,-7579.70055253427,-11778.177816398289,-4184.083369912265,15939.704461058294,-8684.24336353873,11079.047239127132,981657.313942002,21449.93709348982,7504.851656994424,78222.2681169279,67282.37159957385,-10674.19481738787,3063.109198517508,66387.32310435514,68066.98292056721,6533.000814033807,8334.652565550012,61717.672757411114,68394.18379318566,-113.21855140625485,14257.399641424554,61793.09942032042,78190.41634870731,25665.291204439523,-5741.476777786451,60622.0013283673,41182.345767429986
13793.242873971481,16070.561006789532,-3763.642917344885,-14157.987864870258,-9919.548449239788,-3452.893944652195,-5804.446967532507,-1142.0628969796217,19303.897862055677,18638.228151641797,50244.406617364984,-1693.9083858549457,9263.600444543788,-2856.96583734692,-2946.967011101021,Working_Constraints,Ingeniería,Desktop,Fibra,2024-I,2829.5552680959136,27687.173809750857,6528.945713343784,757.656201391544,-12672.368301205404,1849.2476652351693,3341.4819426796557,-3643.923518793782,5796.965455932988,996096.2250036327,18150.72167065485,18588.29755658086,69404.7187767661,61682.551246559364,9040.575528762683,-929.9397112787574,54148.17253294714,55459.545785932285,26090.258495383558,24598.683839073616,58375.45936977842,46955.93710611589,19979.964379757443,8053.489009844637,67786.48098895035,51590.940437456054,111.87587589031136,8468.457679049749,60593.11520314175,47381.668728093144
5120.479418200185,24765.952940740994,-8144.767484586786,-5761.879662128362,4030.396503790907,10586.692180578317,-4468.434546252811,-6974.348031843871,-11113.426771955339,23260.60508857919,43952.67769245031,2782.0533777429164,-11607.297939707634,-7129.272447342088,8659.20284913608,Working_Constraints,Humanidades,Laptop,Cable,2024-II,31638.796012877436,24483.15252938865,5859.40105787921,6391.590046158301,6023.63964427021,-1044.4679646895493,16502.23953062901,-1745.8528759159374,-4959.605484612488,988466.1045043721,8154.081420084782,17434.481736019876,56559.18535641114,65104.24152972432,20959.758107272297,12476.710572989026,71205.16315327137,32332.172225329545,-890.4689120752464,22997.881043353013,79623.65579066085,63496.53135529252,18274.678462800166,-1244.9965995357252,60446.046959911146,76416.11529281983,18964.02581541803,26395.2900883002,86788.1953383936,76573.63684490882
