study_hours_wk,sleep_hours,lms_activity_rate,attendance_rate,assignments_on_time_rate,procrastination_index,self_efficacy,stress,internet_quality,part_time_job_hours,commute_min,social_support,screen_time_nonstudy_hr,extracurricular_hours,habit_consistency,cluster_label_true,major,primary_device,internet_type,cohort,age,credits_enrolled,year_of_study,lms_quiz_rate,lms_forum_rate,lms_resource_rate,lms_submission_rate,attendance_lecture,attendance_lab,student_id,grade_Matemáticas_prior_20,grade_Matemáticas_current_20,grade_Matemáticas_prior_pct,grade_Matemáticas_current_pct,grade_Programación_prior_20,grade_Programación_current_20,grade_Programación_prior_pct,grade_Programación_current_pct,grade_Comunicación_prior_20,grade_Comunicación_current_20,grade_Comunicación_prior_pct,grade_Comunicación_current_pct,grade_Estadística_prior_20,grade_Estadística_current_20,grade_Estadística_prior_pct,grade_Estadística_current_pct,grade_Ética_prior_20,grade_Ética_current_20,grade_Ética_prior_pct,grade_Ética_current_pct
992.1986596734446,953.0915003362082,23.73877240344552,43.545453589300564,11.247487422458716,37.52840986866282,260.6766345433194,99.96456780139874,73.77398056556025,482.7354881277275,-837.6772966063895,316.8026425176487,54.366995698681784,165.91423585581884,100.11858768259019,High_Achievers,Salud,Desktop,Cable,2024-II,1081.055594520649,1590.2822682581866,30.751791723707765,21.812585566781532,3.56363143830871,-4.649340184216914,22.103205508616263,40.57567740044372,20.088264722971637,-24016.967400394056,785.6900389453384,973.1764831480612,5478.127024289493,5017.92705047447,565.1062797504277,1338.1668189649813,8725.960759606833,8266.81104845114,1359.66406170159,1695.2945513370225,10690.463202446712,3478.500074928063,785.9774011357518,832.368303638913,8559.315922600219,5555.429164684767,799.7559543922033,727.863416951741,5590.981240282952,6280.830306270467
952.9172520066851,875.2101668801428,15.017699166238026,43.09512223727332,2.5968328816965043,6.128861743127883,229.8324208634024,199.72887198261174,78.22026317930727,-146.82297140870247,5376.099618006641,215.60211632960204,92.10463914754297,21.647161965810596,49.074763623507394,High_Achievers,Ingeniería,Tablet,Fibra,2024-I,1628.3453714119769,1439.456417812118,122.54688656769079,41.88247122592953,14.950930539501401,23.273202311599857,10.658053843168638,55.95672585886626,18.545375152965292,5188.418924966578,322.33583680016505,912.6530353160779,5300.371220055061,6812.584176097127,476.914710139639,1664.9902146830245,7188.565808380273,8427.922178798657,1899.5109068900522,1477.232543154306,8329.805109780515,5369.650884462437,877.2789236405995,996.9258111769363,7549.978126453503,9264.862275218264,982.1613271313261,541.6809186997818,7255.340659118172,7402.939958869112
2392.9154322642216,785.4469466770661,18.80612970762541,45.707923821294806,1.4433277782133924,27.92173487661843,240.01555681832897,256.8020007786024,98.15863084761776,289.47877073839743,-115.08675351456304,193.0434864784035,81.06444302213542,349.76983250398763,41.38816068074665,High_Achievers,Humanidades,Laptop,DSL,2024-I,1915.7042445205002,743.3300320936709,119.60608332572397,14.800390838309738,10.664521624680011,-8.952519479668164,15.742516723140135,37.257291352283005,21.463182577963494,11851.997469435022,933.8217022751949,1171.725697227827,4389.005875602695,5637.865487630403,794.6456827141537,1782.2449987059358,10403.060639183952,6209.929971207405,1610.4973486641886,1725.506928856277,7927.970516391325,3648.1137879695657,643.6719763975475,733.6780651245066,6315.382099270051,6290.471291191426,651.2941657228541,571.5516923944728,8503.624226126238,9694.012455640215
1915.3039192015158,668.2621091836277,15.662414744938008,38.74136180283644,5.7795956845769565,27.43287207459219,414.15489026386683,195.77254901930874,116.5584381089232,-71.6108611315551,-3903.674829230844,232.13018762569843,47.34494998946954,134.99638760829333,44.457910594496504,High_Achievers,Empresariales,Laptop,Fibra,2024-I,941.8315501460613,1491.5896103339737,138.8927110162804,41.28762833412916,6.88869250152185,13.908769439859073,23.467962613679596,43.779291585469345,13.20374151636115,6881.86467259453,492.2195855379088,729.7291619907544,8624.08657651809,8615.504923464487,1251.706182544504,2115.964706981963,10058.176777426155,5242.9109677255465,1195.8683725772507,2031.6693330255619,10474.900974488111,2826.3856901602767,986.4187137434893,830.1889054017311,6961.106216455173,7730.220963217949,518.4520841884585,658.380234584944,9297.251102239385,6295.2041643158145
1473.3168710790903,979.7664565251081,28.915512755540647,44.45574272414515,6.930076224137658,15.94364703286031,199.73808292332893,191.04056155959063,162.92482944742716,-82.39291057969865,854.15860728142,190.1638473884926,22.028327547954095,-3.5856560283755528,66.89219702399363,High_Achievers,Educación,Smartphone,Fibra,2024-I,1532.6652505923053,1560.4645067032966,11.723875446895619,25.98862530492217,11.05590411857989,37.149108351696455,22.919480001290946,61.86845782192262,9.732074849491175,-30262.865959423827,605.369420478663,576.0755188342039,5546.849897459716,7288.995511841024,759.4102062672306,1218.9815638932807,7850.861348246446,4863.461928506839,1966.4711431876854,795.4890295428745,13271.589787273613,3013.8019853270466,661.3715287247629,503.9931585438099,4831.220362582327,6516.890112718503,680.4259819043072,649.3050467703961,7569.113300201608,8697.75424558402
1283.5662174316965,711.5644889535438,32.94354724811522,32.09906954260688,14.135269817238685,22.006499094170103,363.3520930437087,47.918546577492606,106.64520612686978,75.47124807920834,-1412.0552526953074,81.32423956774463,140.20746699571782,168.69061190049675,64.10104329092411,High_Achievers,Ingeniería,Smartphone,Fibra,2024-I,1414.863089856427,1484.871939875108,73.39698094595708,62.76485154243318,-3.601611332749283,-4.655248138895592,18.688075439352048,56.54153013395903,20.91800293252177,579.4308977679464,778.1733250090408,846.6964183593138,9561.777210059627,6838.460335547374,823.8284197977644,1475.1681726733843,9378.772295956904,7236.397558336586,1709.574702621368,831.297575020274,7360.91646548333,3431.441331433746,796.8142639144818,911.8378646087974,6476.356499291774,9638.906225246179,881.9880014550431,590.3486543404019,5483.889398856332,6857.452581851854
1617.9292566569386,665.4463109641023,20.773108832465972,42.48033783013549,10.980198871632854,2.119173260953726,354.70799190580226,221.3196957393875,48.358518250929414,78.07339986167051,754.3164669170653,417.0007052280573,-10.235003024418376,590.2527485372527,102.447454354767,High_Achievers,Ingeniería,Laptop,DSL,2024-II,1448.3898627431415,1274.0164148038027,29.513428367427686,23.8422265030837,13.575936511881661,22.322325151561447,-16.81286666361123,42.080400185152165,22.695718004165897,16545.293091197727,974.4290863579189,608.5832163233173,8490.113484219413,5475.7023172266745,1065.2711239892071,2448.5112858358466,9470.252874407563,9106.477189689997,1200.7854633384356,1056.3088989545577,9501.613178451968,3896.0643197696418,846.1905840466123,754.6979833612831,4739.537936994844,9455.284046299776,669.0613870754529,369.9065144504689,9883.638947635272,5075.641410761356
2542.503074980407,514.352084309728,15.450555429751544,37.905647801290485,8.349461686117998,12.368746911355036,256.1821599888867,144.41562884128462,78.85191531046173,-0.7360264234631586,3208.301554658642,305.689372268789,24.229673704059195,127.91949829903444,94.64377710317393,High_Achievers,Ingeniería,Laptop,Fibra,2024-II,1837.1270066183026,1083.278080901694,125.82658312482839,1.5165432962844427,5.550170169238501,36.99705320570428,-6.297347374461473,56.463277402224634,32.578584465262736,-32107.41033005504,944.0629525309853,464.7040726984175,4518.514481415386,4248.991524821146,1135.7939121085678,1425.476651512829,5394.187513753235,7025.631870570401,1634.808687001046,1229.5313196851819,10474.855606585872,4770.428592063021,767.2599063886063,924.3795300355365,5907.065789247755,7966.83766445581,772.9117208340062,680.3597407948591,6597.973854803579,5005.4222160919735
433.8704060245569,581.3705761362413,18.218846899882138,35.65622348980646,12.509448525460376,-1.0551207371292204,262.1957838503116,328.74947482543314,27.636820374792606,-253.47948797719468,5065.442068583446,218.36215495524812,39.031764532638654,173.66570370114192,55.81969515665296,High_Achievers,Salud,Laptop,Fibra,2024-II,1178.1571634916804,141.46271159975674,99.34674261591088,22.372096399333586,6.674515255718468,16.531248605794765,13.474772570373405,61.67469735607125,11.819390828483701,8156.073286314256,650.6136212861306,319.1211204308098,8274.046110110208,4813.52920994664,486.448792500081,1170.9545657919552,6206.2457617007985,5883.221849954181,1593.9386231968533,940.8636777282469,8892.100409945499,3161.827539552303,1085.181793955934,433.99700971098554,4789.954447873688,7726.494071358941,921.1436464802553,563.9898930370931,7673.193023597945,3021.539861567659
920.4042767141248,720.4280530498833,13.126613908212484,43.877075795161794,4.996157719578484,8.709354911636762,347.824864020414,294.2064390099289,111.86638201452618,-132.5281778819822,-1266.4902984212563,228.3751633230445,84.16579795899771,562.7398498156738,64.33074209870676,High_Achievers,Educación,Laptop,Fibra,2024-I,1202.4312829136177,1146.9713025712908,54.50508335672121,39.99832705597326,1.0807492518136506,25.88485153448347,0.017907293599655816,59.15060317762886,9.404214104310029,-13714.296000479546,440.72857592169635,902.2182083084954,10721.274127666271,5889.857058742588,892.988079400334,2374.8790478486526,8824.37245985104,5741.599258955499,1357.8637102419511,1239.826769680843,9612.8708450548,3726.103609072644,459.25287162683037,763.2312287470087,3199.4084737398725,8735.952610071718,958.6639576468931,951.5848017054059,8526.725604086272,6629.61394811287
1030.404894949173,467.7246930277561,20.39436787176432,41.55979000426954,3.3106828036969738,59.27807894943014,173.96577669095845,135.48092455281872,106.10171904456487,57.0125555992996,-888.9678813566518,199.15197782642085,100.63757767571866,258.46353337340776,53.86542550186614,High_Achievers,Salud,Tablet,DSL,2024-II,1385.2411296848693,1957.551439532715,131.78563376119922,42.98991519728899,-5.9566018137509165,-17.949758965596892,7.71133561419089,49.20008860795415,9.037725393893188,13131.750709476786,322.8206095871375,1083.8682993219393,4963.791058313591,4149.606249321789,710.2218208926499,1254.2683721983233,8440.434071584676,5505.830668187081,1939.0425550286,1522.6756500158203,8388.867016244245,3136.109380799011,1011.3950676427056,756.4090487242206,4601.066658710275,9036.451339045987,449.7208412279217,633.3736369714518,7178.078051204374,7605.674381804019
2104.4642669507593,685.1240987305981,19.646188795972428,35.672747911689704,8.562492301021583,22.09088746761274,242.87373979267062,47.02752571378396,121.6358683065709,-157.4163583936309,2228.600449576461,369.2710830361878,-62.301947529770345,368.561652786022,81.06913291425442,High_Achievers,Ingeniería,Laptop,Cable,2023-II,1321.1139682227417,1070.6471274032422,-17.774950281567612,41.48823056527249,1.8977545675248642,56.107946610862726,22.644284507673323,42.83652112500443,16.044367852515318,5330.723786120945,294.35880448493236,780.7259248976496,4536.022111570906,4142.998478213743,769.0266833978934,1215.0408924621913,9021.39104461364,5320.482497144705,1482.979870001899,1429.1440010943966,4496.932480594231,3986.0480366293637,546.2403990315745,587.3429317547507,5849.838063311902,6482.244325378813,807.676360616151,828.9653671138378,6808.173883967026,6599.933922145972
1345.0626150169367,636.6427945648153,22.144543563788602,49.886935810948536,7.657912485516511,8.927723258432424,287.77906136818933,74.65756644325054,93.13337331776334,50.954367997450476,2616.2904954058195,285.83003141734997,56.584296208312104,660.0838348076223,72.13627076047655,High_Achievers,Ingeniería,Laptop,DSL,2024-I,1413.1776076763153,1270.0573094379413,69.32456817566232,43.015574620687396,8.603528268671374,-1.4537642623016276,14.471155218063396,63.863598564343555,21.598751192986064,-6329.319320130646,634.3993191276444,944.802955948308,5535.075814930469,8412.999824705692,919.0737117682606,2713.066560432664,6095.223067820629,5608.923222312347,1687.9318547940495,1448.5206403178395,9666.963423895217,3506.4833840426595,898.4374169327995,501.57632539304166,6030.59048640628,7757.388430193241,702.0899378430404,508.1712091295357,6504.1915543885825,4618.866193847205
613.8371246363743,925.5671163976951,17.775312125257212,45.64823753286181,2.191631123964809,10.956907357877174,38.88189649968871,157.95872875400806,158.65382216900107,209.31037585076177,4259.057044072484,186.7014803620288,105.9750808367318,463.5789145809865,72.74579152857228,High_Achievers,Ingeniería,Desktop,Fibra,2024-II,1356.510474236357,1374.0943406763945,165.59153762183473,-1.5696287474802322,12.42662201697377,-24.773117857360322,3.385639804398812,47.23481450582567,27.45048363977027,32495.62574478406,556.8938541199985,665.7717050300001,7289.9741157461685,4071.1980710194707,902.1898366968061,1960.9949712355954,6850.477501063393,4478.317839872374,1572.8251902643556,1308.269243859572,9180.426143368673,4685.889112286787,761.6425483916895,668.0335347070834,6622.5867253378365,6509.112840084917,964.7965595326586,364.11715294999425,6078.487842329036,6625.8981653994515
580.31961068501,566.6079102181953,18.589274601351853,36.68170450666287,6.177340580505178,11.051828266285673,223.4055820364369,234.18562065518648,69.6319458200596,423.1646179484528,4721.539641455167,356.82846833682555,-5.904934099130436,-109.09009419201578,61.77250517029877,High_Achievers,Educación,Laptop,Fibra,2024-II,1700.9133662310678,1567.7345719137907,59.54308970234674,42.651061109151584,4.032128333262029,13.423583517936425,8.066630893183246,63.541130905666066,17.82182150599496,-12888.254962823232,400.72157063047615,562.0302774927095,8935.490222586342,7320.757389045426,1124.4981750993998,1243.885321795572,7438.246923519366,5295.195363087672,1111.2624773027221,1432.0190199007288,7001.697258647038,2535.3892240592463,580.0424315292605,825.8859435804677,4407.554623426182,8527.658840687858,569.0513030877361,375.57328682545483,6935.69736123174,4038.600157979886
1528.1057464196929,419.5707340205741,15.110873787721609,23.760530190822838,14.619242889369893,14.212590555217467,290.08538626066763,176.9069774231881,85.84305106524808,-101.04710410263428,1538.5978336297217,294.61159045844505,-45.371986373321086,227.79581573386824,83.9132066098879,High_Achievers,Salud,Tablet,Cable,2024-I,1457.2682636231355,977.9118207267951,138.6910661950071,6.785960565741748,1.7409889552080564,16.964688241869013,20.714037423222123,55.36989914563549,16.62733965445452,16171.191429465833,814.9381583334209,882.4721598979161,6671.228849856722,3576.278499718784,865.7920262113108,1649.2644399225114,10167.476768727169,6515.033551976594,1270.1704036756805,1470.355401078319,9216.283604585806,4130.317285976125,845.164247330896,511.3965496579764,4753.85626726164,2762.402888798836,1341.7785955333118,647.9172960955088,5411.595259700076,6604.730122062633
1197.1078200813786,725.6475945302055,20.800388703425153,37.58758938005737,11.619190794931601,-25.530645987252417,337.8265636601576,295.88943523211645,131.7776199743118,167.1848933537253,3501.048864022675,264.9859672726748,-21.393022505424106,411.8350628976458,64.91535037069372,High_Achievers,Educación,Smartphone,Móvil,2024-II,1440.4995664531207,662.5926047498218,84.38300842024528,23.68962806063499,2.959424807813726,20.18643490974096,1.3257267100162569,39.6676640220535,22.39219333304911,-16336.287882670284,895.1926891964383,1022.6905415375722,7438.775709235488,5134.959740523875,834.216331973794,1875.7025289974201,6960.0124781584045,596.7730058445841,1551.4180519478195,949.5684068974506,7542.995504080369,3402.2663731058474,736.7695333806153,556.514489780574,6518.641408238623,3476.827868250761,570.9437684031714,717.4367250054904,8072.993105836207,7507.8444351000835
773.3033141890952,842.8341399458079,18.472851360574584,36.115943340166915,9.162935379627466,29.486521951055774,136.85091980396322,140.53673317118856,120.49821423886169,126.63278771874639,2798.739394921371,251.86130125430063,40.22760984388633,149.39390539732202,87.54315894523889,High_Achievers,Empresariales,Laptop,Fibra,2025-I,1697.2998131764323,254.98099264906466,149.66096729977124,0.6154216807761301,-1.0819069509300148,35.87076682091735,22.193033875354473,53.07665767918009,13.031291853444593,-25988.08004010119,944.0215911066776,907.3249228238388,10613.429729705133,6455.413664978015,916.4988380983566,2380.8858655063723,6192.201032830415,4716.590495359763,1524.6428206414673,2134.625972877476,8302.257936921273,3788.0470056489685,788.4885310487269,868.2562947513543,6252.2864767709325,6864.600496820543,712.2525380136454,673.7259969191106,5572.069289485315,7336.711013600091
2277.753989746102,933.5879820372215,22.375727730554495,33.26087955088554,8.861994232944477,44.96392723441425,294.8179894188744,213.51522544644723,62.18910467398236,377.06749512376325,2088.1630785215616,221.02530744763612,30.600989628143406,735.9341948801755,27.24342035257225,High_Achievers,Ingeniería,Tablet,Fibra,2024-II,2187.1529364381663,1267.5964922931685,69.45809576207358,62.52722799469973,-0.8255063847160096,-3.4845813264033483,27.78140650338411,43.976367369987244,29.52587514063265,32801.248578181556,850.1908299330232,906.5344529231606,8736.618607021837,7162.306059018802,1227.9091302897,1513.858252976404,9431.688017220196,6229.908982256294,1460.4163002994546,1819.7114162908827,9060.681329491006,3239.697237871902,640.1524454103223,800.8284310180567,4988.473922067984,8673.191909088526,817.5589893041148,791.4387695784783,8300.319619208412,7585.764510324708
1307.595275939378,640.4175693532829,23.478646999431458,35.819240948222074,10.927054836317803,31.79174827919374,267.6905399149743,162.9505068146467,84.7921025632424,16.752695814872055,1687.8501931914848,261.42573131337326,31.380965293930615,877.748988852701,74.97013791306615,High_Achievers,Ingeniería,Laptop,Fibra,2024-II,1067.8966097574457,1550.2002850056629,10.088317354907616,71.81534182792495,1.7247120927300723,4.7343687835738875,16.48677719650193,55.75948781169965,20.680650092711357,26914.450294879018,213.76541264767098,735.0042475443996,8166.597353872023,5734.546518013375,613.6777037272028,1734.5688530337325,4102.803993209229,5499.486980295998,1385.2957129093359,1044.5433226186472,7214.055861849584,3976.0078486028806,723.0962008583182,358.9433986312832,3208.358102156394,7602.139716748048,947.9331815645492,646.4253850198887,9195.873444139997,8489.61821903496
1932.3311433313702,755.1051138771874,19.60532323410424,38.56200885225678,8.621589029837116,57.49081207072449,142.36967216293232,216.76344835747648,108.24867511859745,186.8566337159874,2475.5736013166998,308.61687877463936,83.15537025860117,262.5784707119927,59.44161115890715,High_Achievers,Educación,Laptop,Cable,2025-I,1329.7240390468903,848.9479795754651,144.07920563775912,62.39733337736861,0.3389651844733972,7.698089733142713,4.838993772876467,65.46673489593184,28.908249519899865,-16253.503254547666,823.8356804168334,526.8005199952268,5502.171609354138,7045.034323556211,659.1739540527179,2472.5130193481355,5480.518891872044,8679.202862897664,1147.6105521849956,1709.9354690869218,5461.8727811228055,3556.693381614078,886.2747596733229,595.4586428755788,5081.813430493344,5913.418812234465,848.8880941429929,649.958083934971,7948.899543708204,6757.357053029019
1679.7966626773948,544.290603278674,15.728678035075948,41.97862083498613,14.076193629841978,34.06809083846426,318.50079737608166,-20.75777430950997,111.6729422206185,-120.4048964344818,318.3430110170789,306.69630034258023,40.93909468166606,-21.255627040024677,54.501598490832976,High_Achievers,Educación,Laptop,Fibra,2024-II,1184.8289447289862,1047.3615414323097,-73.70499371591055,51.79561205575915,1.1369143584420685,6.339103916677678,8.180958359352493,36.455576435401674,20.033420298389565,-14654.348961339727,617.0219419610595,875.5975614989003,7675.172440828778,7248.888751739273,845.4602672165109,1388.4812201672048,8772.658410987782,5933.226121237475,1551.9540997077029,1110.4386958291059,11943.567030802718,4242.203788908386,693.3604890746113,843.2785850987715,5710.570881689323,9886.120098634647,662.6021937981354,657.4979198419651,10189.498250211145,4301.2559448409465
2137.9485362240694,670.0017691452017,20.99111258542805,33.84216572808992,6.217712947398237,8.2084532863156,179.3506452494508,73.10414477956813,131.48512940367817,-351.8921942337371,6211.768450180582,355.9741334842954,21.248174544827272,1095.4183291799336,83.39940555265964,High_Achievers,Salud,Laptop,DSL,2024-II,1268.097216201535,2082.059932693672,99.9802697255899,25.13616475596528,4.770002541490939,25.58606509176165,19.36377658762712,65.58617560675773,29.967350990397847,-7922.550228409473,896.166056550748,984.9677293684946,5825.189140496683,7550.709203032646,1128.327478523513,2627.9201552704435,10506.97516871003,6274.470276026983,1270.2031568186626,1263.5584811428305,7877.926914134868,4160.112478810016,903.0619483583697,678.7099052416464,7798.143066374557,9466.4558282074,623.6692100246469,508.4760611154297,8941.416041180457,6967.445618353767
1418.450385717981,850.3661185804308,15.71401836160467,38.639879990867506,9.531438791836269,21.16653363211347,294.6234535765579,129.82063396908424,93.32678127923853,170.1661251788375,-186.3988313895759,324.36486825038526,23.05480316781278,550.8017344795098,25.21124302045718,High_Achievers,Ingeniería,Laptop,Fibra,2023-II,1824.1133492485837,1277.005470745134,90.3152434190866,1.413494499265159,6.247735971617889,36.99077626946755,10.688843510558439,59.78042261734309,16.26670562314546,16611.906556262064,600.212792574768,1164.395361095089,7006.615285243551,5954.818083286461,1020.6445688928966,1969.969121551654,9013.875579822645,5533.458619051013,1490.4735827108425,1446.6074143808225,7627.875451582138,3388.1215027894164,476.8731126101591,963.3436959934659,5380.797055332952,9533.917533788024,440.0123830238069,181.12504926562156,8905.208326595846,3577.8286163715184
680.0941948035164,836.1993148968007,17.325715028287245,35.405139408048115,13.249323466339114,24.90459479816211,216.1473876778146,251.65525143993875,121.88178093040091,-245.79093945434067,3767.322409735084,367.98221311971037,24.662512944537816,793.0113196702594,58.20052440022245,High_Achievers,Ingeniería,Laptop,Fibra,2024-I,859.3917495320843,903.2858848508783,-47.07872080590082,47.66767084711638,-1.141665232911316,12.235509252057131,32.05632568335856,49.18910966858119,17.440525924164604,17567.90567232765,448.8394669787361,737.7757338174871,10191.581226657056,3287.2635463481424,926.20978373613,1794.4379814760318,7938.064893217608,5825.198881179194,1195.6635616070662,1896.7853108844943,7109.84958029534,4528.48373332484,625.3899063204711,584.6428972456853,7448.387123465907,7624.322018979905,1040.9975558264202,878.3800408496523,5764.891437236844,8939.30249317381
671.854499712999,598.594361984944,11.641312356417224,32.48026294479214,10.473987896511641,5.205568043801546,222.67487257106083,44.712008035238924,135.95756506012134,373.2856599543708,3389.6991058867593,203.52101485050332,76.32714695696512,463.6957341972537,72.44293037416719,High_Achievers,Salud,Smartphone,Fibra,2024-II,1232.1261523466653,1507.9517836001123,-40.53149470579534,31.605076839284983,4.529576137548951,4.624614214904579,11.051871564147921,37.98670291325554,19.39312646997544,27023.719198070125,564.9350205385015,854.525917065651,8092.346056348477,4684.176214335107,1028.260571707429,1645.774095917768,8463.095790410056,4843.421074868093,1469.2633788687049,2191.5572917299496,5263.103442901898,4087.9446776914733,838.080514503015,881.4939906856266,6284.764716409281,9641.237321033193,1137.5867976679035,603.7057040257575,8292.091669781823,9232.8210623949
721.7506236065592,874.8364611078008,28.076089582511862,39.368498794121116,12.81152076020761,39.468869904883405,134.710170979325,170.4358659991321,77.92670386149918,13.281781832353701,3956.536504758867,240.38914192619356,22.19365699124472,487.30097482205815,96.93323900389788,High_Achievers,Ingeniería,Tablet,Cable,2024-II,1239.4941360089174,1605.3508279757982,78.32843549163181,60.70146182048891,4.61308800030511,10.658487571581793,26.167676460560717,54.495967471146635,23.12163966840619,-14467.661176353844,749.1904835964957,517.8972161993447,6090.050903386859,6163.966752297622,1043.1315818216403,2337.962132035669,5525.424987983154,3890.408427776648,1771.100902980108,1119.173283483741,7583.713296758351,3293.185489497115,532.132971979526,581.438709467104,2933.743064286578,8420.562203699381,802.7509703022863,699.455284865096,4511.4199211372525,5328.348412962243
948.0662454976564,434.3389212533843,12.841925802533831,47.30552303644389,23.053487379743117,5.981390765596922,272.7725225566578,263.860720678089,108.04270759927945,-189.2440463244758,1959.5650077543557,344.2756736243583,32.18807330777492,327.27340076238636,73.06538506116239,High_Achievers,Ingeniería,Smartphone,Cable,2024-I,1301.6079339714263,902.2082382247332,16.48815152599891,-10.766811048222111,-0.8652296338802987,-8.70117757159001,56.78936619268672,58.211421218261535,26.710022392279132,-4336.75592633223,729.2031320088213,776.9379300310829,7904.653792279198,5197.060436800968,593.409182771296,2513.693973473981,7116.214092526197,6704.182245613269,1516.6158747442578,1206.3603107371455,6911.662805236749,3575.9784567478505,500.74327493644114,673.2231112543706,4802.35181204284,9195.080152080183,928.987846228308,621.672760108095,8757.969898634705,6084.916526209404
846.2992628110394,736.7285277548632,18.277209058028696,41.72160976969854,7.001528698703752,42.452341939215486,325.62991126901795,185.57364724287856,55.99176260722262,68.8117283513213,1501.7982511582495,281.9274437188244,50.816671318860514,101.40584648946194,24.49835661587656,High_Achievers,Salud,Desktop,Fibra,2025-I,1433.0210300940143,753.3855044827864,55.33734769601986,23.420750005557622,-0.5520546974987166,11.660795189823146,13.535126070198759,72.20841205939712,16.455892177331666,5575.798473758868,730.5789366774158,592.310183858922,7883.9974551262285,7438.18308747414,813.290919263257,2114.1397891323986,9140.362880417088,9251.358922037562,2315.4459475932367,1570.4408164871638,9758.455142791814,3950.889129663485,446.7151774453291,496.1174849032444,3516.7517151740867,5358.413396164821,772.6819533263101,686.6531422851135,8304.956070316119,8774.072636663133
1418.7332916464725,561.2638259893785,28.288264493112102,39.38591917698202,7.807128163400126,40.06804272705746,225.94756656530646,171.26261327613213,83.25994316793324,-198.92256635179766,95.50867330598794,144.54195816892744,21.984292904361403,419.1731332265275,92.70900800693639,High_Achievers,Ingeniería,Laptop,Móvil,2024-I,1031.3526251673914,935.4947816692315,64.87350696815673,29.780916692742316,7.676451695355279,44.88242539504068,0.48356105982221465,51.40714132580612,6.49810077282004,-12918.483362652581,400.4745240495412,477.7283335478312,9597.040711355148,7088.438516718081,715.9598901553542,2257.951721705873,7909.0575606919965,5461.5468657452275,1618.5693706093277,1561.9042631805266,6757.376582586683,3376.2523049218503,817.5722835942222,901.7513842151084,5488.622068950583,7881.143332970168,678.5137237256149,560.6934334313514,8717.433542828425,7561.5612436944175
283.80352686720187,607.0488839669642,24.65881067288601,34.8423493175227,9.62558387446067,15.384191970277557,232.67042177253063,303.3449702398367,128.6350741226286,-304.0589967648852,2408.48339120576,183.36113721371066,32.13824767440188,949.2636718142915,81.1506792863743,High_Achievers,Ingeniería,Laptop,Fibra,2024-II,1519.670176526122,1585.4997304520514,124.30774752092431,9.132762445011327,6.3297779167394275,-3.037894402222072,10.996353262824918,49.837986906331935,10.54514710057308,1450.3810682574638,650.8573962110579,1156.119009068355,6359.614433541851,8061.061935171599,479.1479191382506,2805.32469973615,5808.331081000978,5844.478893824618,1173.5253565086516,1255.876808457179,7159.595720957548,3094.93737476129,767.2239202464189,536.2778488061244,4580.51745290929,8726.126284038673,791.176148448818,611.6924620178207,5248.468346549111,6864.901940265379
879.923875405452,614.5290882432298,15.451136751198876,36.423178026605,17.528214217020196,8.71367272904667,223.3984595638628,215.13331034393457,117.8117219444611,-16.574224823371416,1154.8776826892454,197.71106397193373,59.236825182197656,484.014005669084,63.33248491523609,High_Achievers,Humanidades,Laptop,Cable,2024-I,1031.7191231387637,1924.0719248110595,132.63211553186076,-29.64300277060232,8.187957383032234,-8.104189538285347,20.93909904389871,63.67379774883589,7.918205147435473,-24694.90591511817,758.3044528760292,798.0885892138876,8524.19410215976,8085.751330357114,1008.5831654160821,2121.620141634614,6926.731753443561,7697.658744909329,2011.6842968488554,1368.946839551002,6806.995300044903,4226.94931714452,759.7488903442628,708.3593144578026,5847.48755013846,8418.23903007682,736.4449586614928,661.1810034569587,8303.572069000078,3351.324058301997
-36.92192956942358,860.5246622874296,21.54271490523829,26.204809804219586,6.0089249474864195,22.54320999626467,295.47936114769516,219.23675244494254,108.57441438751792,868.2009838846426,2569.912864731401,279.00734136414496,-68.65165349464095,-29.275500600222642,91.2046879549807,High_Achievers,Empresariales,Laptop,Cable,2024-I,1367.5356535001351,1070.1843806981585,209.6813335547717,22.318604487998165,1.7340555287512134,-13.374245914512304,22.693468698225562,43.427197654947406,28.19297973234096,-27484.06885911121,781.2470970385657,1110.6419973599907,6531.103690075832,5327.849270789127,543.4777926527775,1712.731154687123,8521.028234411591,5461.217661324553,1363.2592439472517,1206.4726872331262,9719.33307725191,4260.652672642844,960.4750562787375,695.2084499769059,4955.798123354718,7104.959309616544,724.9513618385016,795.2036107950619,7142.669009400167,6381.1682501812165
1003.7309421799854,859.8871383370104,27.63651254425803,35.96537963682759,9.314787948583607,-19.893880087173102,192.24823438743508,157.11649083556762,104.39065244357982,-62.11325045691342,-979.509860312414,118.39478494270644,26.51949628658862,361.24807975600487,72.51923048768842,High_Achievers,Humanidades,Tablet,Fibra,2024-II,1765.745759140352,1306.7677574523893,120.14651345027583,9.598274411338485,10.761749042906866,25.697423395726858,9.12147058375611,55.09522462216086,27.835584490505763,21727.991643478785,974.5756934317756,670.0165273005055,7474.013529936372,7236.72107974043,647.8394094894984,1731.26291180279,8449.370724832232,7700.649678056718,1357.0553724061604,1605.7877339326196,6468.968204726985,5266.0316448032245,754.0583741769947,442.9641319589666,5292.8198816624545,5952.7245866082385,695.8974440363388,657.0784074746839,11706.124749383234,5496.402769929891
1196.287032330632,709.7848944306994,26.26471746417271,36.36336296458349,8.494649237360118,31.098509507390176,265.7973461633841,310.0426470644267,40.782451534477545,324.2359955670634,4960.34156342789,347.34445988483327,76.44270130222642,653.2145820385119,51.432642722710405,High_Achievers,Salud,Laptop,DSL,2024-I,1463.9148859302313,74.50245750363365,75.9137332020472,49.918381632591974,7.690452584703477,6.115936195206329,-6.7702879230178095,47.16705621228455,9.143807103968266,10102.093908310233,651.2253710271851,451.0498322693506,7153.924549596808,6275.962588005556,937.0490120522138,1708.8461701878064,7539.103253915622,6933.874361935171,1328.5056412846504,1573.4569789459895,6989.085712331771,3293.6351378098725,709.5017565223914,877.2006524265751,5778.832028884102,9201.666569412511,927.8041935795845,816.1446550769983,7949.252424912568,7531.8674395056605
184.55852238523755,789.6183176961537,15.134338368339119,41.52784326812535,8.646599346639212,37.07832547649706,66.27280952249981,321.44906894699363,88.98691272820705,-366.37955602849416,-2457.4468689000464,316.80498382197084,26.644958276209003,532.5680742217336,42.15025591212721,High_Achievers,Empresariales,Laptop,DSL,2023-II,1742.202060276469,1445.2314408474983,43.97974639234421,-6.291409092226235,7.375510204116114,4.336165580447755,-0.6846168288685774,54.635248149262736,15.115568201978345,9582.190229250324,921.2638089383765,816.4188624092616,6051.1996618466255,5305.332548647166,991.9275171871645,2231.3210201644906,4648.022291783998,5639.00316768942,1001.640430132225,1733.3613024900312,10159.907610120328,3298.5894125851446,302.5395630116572,468.1641665045832,3885.8096649374243,13162.633015089588,629.0813335990276,625.8628750160245,10770.793488522067,4243.347333636244
2609.7590479940145,810.6416831692255,23.624437028613556,41.619966315564575,12.611551163588949,-4.813253247543075,288.17526855039125,180.3773332925553,89.51108245477172,124.92327903215929,2509.8892735014374,155.2784043969789,68.61526713966607,196.23277664310953,24.628963378983528,High_Achievers,Ingeniería,Laptop,Fibra,2024-I,1475.7746111764834,1745.4738247836494,146.0357758842967,25.301768302972675,16.821929447349106,-13.305735892811438,24.264228254473597,45.56406773722552,20.111243951891304,808.3652609546498,544.543994215616,543.9353996273228,4966.0486745532435,6611.856578714055,1016.1244673518086,2714.4422949264763,5814.023343864525,4477.623120921839,950.0028247543464,770.7718004336916,8507.333072368423,2693.2851815699923,792.4925419599211,466.07963991310237,4622.121766946553,9774.704361246766,698.4241269510538,532.368974871288,6507.692663859274,8484.82736069484
935.5435860652562,698.8734686489938,17.299708980492756,41.71730371254702,9.025493076822377,47.215070799189085,323.50648146888295,148.52145063542548,113.97339099115794,-195.66969076367,5241.180747097193,132.19074299650907,132.44145293431384,-51.532399988965665,32.29868682967862,High_Achievers,Empresariales,Laptop,Cable,2024-I,745.6841815500572,532.7979718931157,-40.51750659382075,51.55179523233647,8.155763372717148,0.7845799085171308,-14.286553012433309,45.12531202713564,15.435169812318179,-1810.537764409774,737.4593778391579,522.2628573727536,6170.4391165708375,2443.636107529533,1040.749406182967,1335.968105249954,6370.931992946559,7677.7265913869405,949.2470215552107,1190.0960791867965,8051.742612967128,2697.4021455135844,733.3716148347675,488.2150878349699,5366.408669343374,8758.59124180018,760.8364832115282,562.3562240957849,9406.571613893475,8154.399785435451
886.1796232473071,1061.4667879541262,20.046824031411198,36.713230398059494,8.222212956127423,17.040955969977773,253.2366751113949,162.51886788194125,105.15804235460158,478.20111030488135,3385.424985616621,453.3881039036051,176.48480530303328,446.12870306674364,64.18270157852626,High_Achievers,Ingeniería,Laptop,Fibra,2024-II,994.1413166367963,2217.8154041399994,-49.63623233276693,5.774234716571501,2.5829033990666086,2.071935921922117,14.544750281758528,57.55830230879555,22.109314567913067,8671.669004569148,758.1744833152476,836.3372995973701,5391.051748827548,8213.194731775577,504.86324116832634,1461.5571156984824,5544.605293676719,4132.9712899775095,1861.0637551203174,1521.971483985125,6927.880856220077,3375.1735306760092,960.6815319743242,601.0339319526817,5114.283950224455,7047.950747558618,791.775549342117,524.0492986328492,6005.897118955826,6212.7750191565765
1039.4070043593701,607.2555888520295,20.246818743330092,36.28288718438458,9.483697774602485,60.32584096082945,305.06427185719343,128.73921156058793,68.41296617353035,-275.9098068866107,4738.170413428771,335.1674423957539,102.85860439396905,107.60507845394184,57.492268662254645,High_Achievers,Ingeniería,Laptop,Cable,2025-I,1110.9200577434603,1240.6344498709261,135.7006524847096,1.0378254068501604,8.29140087868335,-17.044062419969293,20.144530508523374,48.2247038436059,27.851995544181882,10022.711612921092,246.05233165997385,1316.9456175862842,5827.03945840404,5029.509367878336,741.336376879405,1965.7778669034044,8565.240552727424,6744.176002879312,1606.923017904831,1028.3505469163813,6050.669925672719,4395.0660468138885,903.2815776342334,656.538117514617,6699.13546094346,6151.071324254182,707.1932728560813,326.15004736600775,8913.321999555985,7164.1367349814145
2058.650777490865,742.2905890156466,30.3662809272787,35.70298950420379,7.425111636656059,68.93868666833855,238.34029371633702,115.37568238191977,74.59045708451515,468.1333379738213,1189.043226530196,272.3435706692212,39.98816367183852,219.19982585513387,59.53659505329677,High_Achievers,Humanidades,Smartphone,Fibra,2023-II,1567.3548501223472,1084.958160016931,152.55151370779015,-3.2309752265224745,6.649840413938003,12.946241365053858,38.35527006750603,63.119921032552945,11.347887638609384,8713.060376875903,895.7328458002913,656.7787938696727,6642.953507769964,3529.536270407906,1286.6752750607138,2937.2270138001395,6826.620505880537,5098.538289276832,2336.861198280135,1252.7519106461607,9457.423977626899,3109.652875041798,975.8802480710704,685.7223666598285,4630.507445121642,5740.942878115098,873.2043163019732,742.1530434910353,8172.705081947574,7192.904092179991
1279.074619112948,713.7635595494445,16.109059076654965,32.47640746801537,3.6529841560925105,22.644704579700687,187.44305441409523,188.5818549251287,98.04606966885777,291.37010707182026,-1521.233801615891,391.7312315327117,54.42723433743268,756.8789093224611,79.24521361130874,High_Achievers,Empresariales,Laptop,DSL,2024-II,1935.830754320155,1583.4764997475004,88.07153984230018,19.297687328387873,7.778668126870956,13.40873627902952,34.12930431872329,56.01040954533983,24.417742848499476,41968.283099204215,869.6227156444179,765.0782241886027,7458.848775176676,5885.051255677481,957.8877578285178,1658.350319913744,5262.483765615659,5597.5409155979405,920.2175847127794,1176.1047047070074,6957.946774821815,5071.684468039129,838.6437246361793,653.5696171165257,4631.985616112275,9126.084260910418,644.9580300046533,828.6209773831647,3154.6832757202546,6628.95450597612
1279.30395026899,635.394618848428,24.474150434575854,33.420335644138504,12.56401856742593,-10.956363659095551,321.3807823362535,63.5053810927951,98.7574960833509,-676.1592670558799,5892.915764892194,194.97602294526,79.54658979617649,591.5433088866992,29.54143303442345,High_Achievers,Humanidades,Tablet,Fibra,2024-II,1894.2034156008397,908.1816875909069,110.12508197122787,8.844617430233,7.441685984226472,-10.543975233572159,15.841262855915996,43.17788313693386,21.463008063251223,4950.95972922846,482.633403070248,881.40667698424,7207.155278383445,6076.195432894295,862.8485338926206,2496.4030263435575,6076.2441854604085,3125.096115255281,1769.2363442542123,2156.5364719092395,8642.043655502774,4304.778190784117,657.8610558298209,603.4034716888838,6310.988351829805,8917.214310504918,922.3410900787785,592.6443516609314,7944.21240328134,6726.694782081434
451.0923737053487,875.8050625402585,14.506698467171894,38.36176712006675,2.920769458289306,32.06792539146458,351.80445822273583,77.9886017985713,93.65439609680602,-100.57925661442343,3034.2797685218893,176.01008171700124,13.471046739876492,210.64689595321687,76.32866339661722,High_Achievers,Salud,Laptop,Fibra,2025-I,1483.5062405780711,1450.6314158781843,33.11734482708216,53.306998662172674,6.686193269991324,20.445092260570213,-4.917829653878323,49.7975459468276,13.525228162259396,-25190.01602941236,663.1161621215865,864.1543704720652,6934.263346280956,7091.570030320793,900.1520706059196,1608.1137784807747,8518.722717012359,5466.308250150534,1618.4714338788165,1997.3944409062901,7393.515655694543,3417.8605742262916,725.080469182389,625.1549785766749,5729.573923225102,9364.781796493338,1153.9690225805562,824.086480459961,6823.774823699692,7296.17242298541
1033.94140419792,635.837716543259,10.48201416307126,32.0756941988153,12.960648541770052,55.37319150497281,120.57080930697859,27.780337871801763,90.58806100544419,-92.44509576944883,252.8332969564267,228.4915414045048,141.03455273688624,316.0855448140664,30.869958692395997,High_Achievers,Salud,Laptop,Fibra,2025-I,1091.3190081573875,1366.705374032267,-22.401250674252566,21.387181315130093,3.598267704037762,-2.2076050021020515,10.759260042523428,53.551219399367106,15.286192393913051,24538.643021032247,939.8451393376887,1241.7885207606184,5572.0630308477275,4353.342225885539,449.58527752163513,2357.3566309240505,9112.432614904563,7952.753342158125,1764.4041816872846,1130.3249377186135,8022.898115925085,3284.568139561019,639.125916903059,672.2962202022047,3051.831159621974,6930.381290708419,827.4915409980499,489.0428661051217,8421.892635531629,7588.049340497835
1370.7452044714278,543.1917456532528,33.17030731654308,41.34792082210381,9.271787282489857,27.253672514213932,243.63654706866282,231.61227161769943,122.17182382394058,-261.65978721426836,990.8622343769754,258.2293723107957,-12.238205514076995,236.0582520625884,65.37630835907541,High_Achievers,Salud,Smartphone,Fibra,2024-II,1883.294706232082,1401.829932228124,101.96952130701062,36.98036785034698,15.220382528556181,5.870081357276167,15.220915666803663,46.987210550645635,21.795958320255785,12959.081450460213,545.8828308422185,851.4930386270731,7020.1792869099,6392.916689025936,932.4467880226645,1692.1447381822818,8331.5132667307,4390.935303985638,1554.6690964177267,1403.0425001475437,8587.005412095585,2214.4367279956637,691.3774326794504,747.3871190774616,4619.295023059369,5918.413395489655,820.4326175221522,651.2824131238906,8700.022088415553,8212.397728994423
787.6711880728453,817.9719447307343,23.620992662650863,37.78304067831585,8.47434993608751,13.617702853180587,344.4722954370357,-3.620756920665116,117.79715831415703,263.32268776469044,2169.915601667372,232.88945789542794,43.253020070146704,1076.5994026660735,79.06323301000528,High_Achievers,Empresariales,Desktop,Cable,2024-I,1596.2303586204475,1502.2416046274625,59.5234912170925,-8.026526042818828,0.28508609035429666,38.49139359791166,17.3241484594696,45.16668263095649,18.669685004115355,6947.220521067709,806.5955097428423,835.6385176639839,6405.80226582553,6064.7055348520635,1074.8544308086198,1695.3928057970152,3509.4320317554484,6126.719260619873,1902.050960642474,1475.5942213064407,7925.483792562555,4285.855771953583,607.1568538571921,669.1917864452245,7546.03378132159,8180.711480733364,290.7647545916525,694.5614374472996,10514.625884629422,6067.008841682764
1743.089056717998,948.4524613044832,21.742450225653872,32.466452154254924,12.940798103011687,44.14770686248103,182.49948644410412,260.7569245893638,75.57020168568597,670.3635069172723,1010.847332341398,358.3395396625488,167.88725481375164,635.1989819703027,41.527209262468645,High_Achievers,Empresariales,Laptop,Fibra,2023-II,1324.4644065080943,1225.5801554057286,20.684815841525264,3.377868775896852,11.085176298169094,21.5487297884214,14.656327043317432,46.18801808486004,11.952374992929869,-2267.69459929038,237.27209466608798,881.427228504086,9827.284954688323,7827.729323392457,573.514434076105,1506.8382245317734,5577.784898224769,6526.009458639157,1090.2149880863076,1199.704355259596,7056.683786653389,4621.115363342444,643.8711281392485,657.2986533918416,4356.562259166756,5774.5301416852135,1041.5771326227882,616.7798019370147,11066.768985655843,8267.798880336983
1629.3162416446496,904.7514498485147,22.4511418359127,34.99062472812061,9.756080199196251,5.231367379461016,247.30924634725818,129.31140176101326,84.85627123267162,601.6409664538463,2283.1790107358333,416.45741612371484,88.52630986787068,1089.9983083441057,22.937163304956094,High_Achievers,Humanidades,Smartphone,DSL,2024-I,1755.551067902365,1035.0604475832843,23.868981604231138,48.102386318518825,-2.1282313143889686,8.733492205886662,2.942123383122574,70.30354681010009,14.368667484158312,21613.852540130112,645.5579538622968,915.2516211106195,3956.0680708468108,3750.469717420026,676.7261502750359,2019.5731167791232,4090.194361429273,5217.128520299448,2024.816229825036,1530.7473882179752,7481.334927745579,1671.4579178636513,1031.9739579821457,933.7976873371115,5376.784368244633,6243.290529468673,792.4944530346199,585.4191630186345,9596.988016894527,5392.838104533612
1558.8383371309255,799.2915752692676,25.73588659825955,43.43418068798397,21.759577475048832,38.98302062287196,348.6359811310173,90.73684400382085,127.15821174114228,868.3342303405803,5505.374096983813,297.39741518967446,75.16265980056994,121.01927846405897,65.86866782618634,High_Achievers,Ingeniería,Laptop,Fibra,2024-II,1266.8488497812841,639.2011272992063,39.61784054225889,6.712400087760777,13.150026967602503,17.598651468590052,6.329793926631794,49.58533414407885,22.729421881914117,-15410.21217418983,815.4081801021329,1155.9684581768513,7086.30633154568,8277.961391688548,819.2808768796342,1827.6819835430786,8372.89900238392,7204.330057126801,1333.7745689727674,2133.549478205089,8271.111765252977,3584.5535606051035,986.9911159635417,497.4112072122516,4096.8265642425085,8499.924919361338,896.2580282806472,562.0504152141099,8130.1438574777685,8892.885523338815
404.3805076716362,628.9913992554249,17.08163534101517,43.49522400721861,9.543810680076344,5.9042150921769,231.78214442069668,91.40859217380415,125.0110104009593,-490.2776196737995,3498.55666579065,266.2658673721143,19.095049148206954,616.8585629163523,53.04695987419539,High_Achievers,Empresariales,Laptop,Cable,2024-II,1205.3142336017831,1570.3065363818007,72.84468284484903,13.873221647351246,5.526665227500082,35.196980247032826,7.688038956132727,39.68993686219713,25.032422811756632,29369.926948261927,513.9750615909678,860.4297516334354,4612.002508855884,7697.785301972906,559.9530550811,1483.4750730026467,5936.320102714219,6243.538790966874,1941.3396025998657,808.1031581190016,4792.291873662194,4299.712889514082,788.4774335661162,609.7113131653754,6315.439854748934,7122.205892736567,864.0207954814622,597.3520775412705,6269.187873962119,5217.273809481764
1571.2848966884435,710.6900681483337,22.690432915066367,50.8290388547032,4.738373055477295,27.50800138066122,330.6742254664994,38.22874440236639,132.93318868420454,-452.9946231878612,3265.0399429545196,209.34832995238943,108.24555888629692,301.38120984055627,37.676151488028026,High_Achievers,Salud,Tablet,Cable,2024-II,1907.0374294489097,1496.4028770102557,65.13308871110823,45.880142885023616,2.4454160983271356,20.145435488551684,-6.136123588824631,42.42841491839357,25.783967066918205,-13475.485554425963,696.0901505189651,704.0199965295061,7359.033230274776,7394.977651811137,673.2460709325053,2178.8093828552946,8106.26746171232,7110.873029152729,638.6469015350189,1451.5479175187154,10023.937696920959,4261.651101245623,843.9165340984589,749.9290864670469,4434.848672939326,5028.594242392778,1120.249123699781,692.0695480322788,8456.69527266828,6207.829975483716
842.8834854858062,894.0332153211507,16.481246055896708,42.00116235346549,6.7506348716869695,44.64104948912832,233.10735272333648,72.69903304947695,109.87869559966931,44.8394489285249,557.4420348406197,357.5882049289173,137.5507457719141,823.9471300266247,55.9197088061377,High_Achievers,Ingeniería,Tablet,Móvil,2024-II,1641.2431214090811,832.7414924983141,104.01197310371145,33.22744735699818,3.553562344912987,29.748517449860827,16.986117933393498,66.52009495601199,13.351634910768087,-1751.1648938753488,688.8931709951095,1341.0222806710651,7075.6214703482965,4696.721544968848,729.2521511353914,2023.2655766631565,7557.913337293298,5782.685097796536,442.10412230710654,1374.0181233677336,7655.002934761558,3947.8728142704786,805.886035712507,583.4839291408807,4717.8533351970755,6785.934482592882,766.0875818916498,463.4167124352348,15143.489875152181,7840.226353784716
637.2401874652827,866.6996837037645,21.942253784718115,35.44878790695481,4.009331748550826,63.46057265076409,239.90369376908413,78.76752144141011,116.52588559451509,422.4324836620692,3141.417560743062,352.7753990017445,31.415609629741706,220.25622860881253,59.051843551676,High_Achievers,Empresariales,Laptop,Móvil,2024-I,1492.2678176980844,231.60747620046038,-1.8708383991060913,-7.523581941517689,-2.1732291606021077,33.042216169677,3.2442881884037025,55.16971999122779,17.77053998718454,9548.28991934041,499.59199965720154,433.84663981660657,9740.194176981055,6874.885459784025,635.3306158638868,1675.05208791267,7091.876380425261,6912.9598925153605,1156.5251173183697,1659.2143156772277,9808.72024168586,3452.685376379048,765.46294373404,801.3921053288416,5926.421742905712,9497.82543435745,568.3838499230019,404.22830855003247,7212.807909347599,9333.64615576323
1986.9761784530222,841.27399439078,16.16032598078955,35.20867146684351,15.773264258542412,18.96384352071714,315.706211310217,176.43760077350103,109.30895801364116,496.9116413257444,3378.0408959532488,154.80788516288897,60.07188796586903,474.48008416259097,68.64625426604069,High_Achievers,Empresariales,Laptop,DSL,2024-II,1251.4945740611654,1093.2149034227266,113.78506074447844,39.64008720550198,3.3264571116377506,16.038601514845407,16.496693782747716,38.8474133478651,33.56389389354917,7560.792729723913,757.849669172922,1272.75066369228,6301.888170306101,6469.160087622821,798.0885116452291,2055.8947324275437,5261.140692876337,7082.087691123054,1582.7221923396808,1948.8429093511404,4959.7287955214615,2913.9557388090366,380.1415607202134,713.8924384951572,5094.188012579936,6247.899628069365,867.5544850385041,594.5400876388516,5907.099797819377,7215.051588352018
1762.7171549900831,674.3896347910722,22.41175836206598,40.50909541779082,5.624389946781575,-5.633868872598296,285.9054442342843,-21.239870849929105,86.34253738051335,35.62049560512653,373.2170622903616,259.671411518361,166.3562458742605,173.66777214271227,52.57162218048505,High_Achievers,Ingeniería,Smartphone,DSL,2023-II,1302.3028706845844,1092.8893500735483,-87.52520675528578,41.03267688772863,6.826348146346401,6.258505099313002,18.650306382173035,49.53580386388301,24.49179233723044,51699.793944963145,797.7249604964197,693.7477818616981,6499.591688755325,5205.136454798926,787.5530060588993,1562.7991963876875,6522.766980623905,4578.275734238243,1188.021742940425,1770.0117203108953,9142.955980382754,5201.705091449829,706.4060904148134,588.4914917692475,5926.074947851352,3345.8367568740305,828.0862938591166,503.68686545673194,9016.587442103893,5856.705418991582
2226.360217296803,659.1356197790797,11.663395903459,41.41913168060659,19.249789748082637,26.11951647342392,283.49330776795716,175.31867950631298,96.64236690517502,268.59289544639796,2701.4618847706947,349.3187442662005,20.590343641244537,391.6216959858284,56.77794248100045,High_Achievers,Ingeniería,Laptop,Fibra,2023-II,1326.8230806514819,1150.4163041523977,15.044000321278595,33.5524483615379,0.3741180335665599,1.7264289439598828,25.68731171454572,41.882196968837874,25.426590931736484,7867.224618855881,473.05490208456854,932.207447817914,7391.285989817314,6157.516192585775,891.3361038416386,1922.546864936156,5497.024221796197,8073.085381629498,1652.2163101899598,1572.0820384373867,4307.133782348186,3186.7956484748292,863.6300455564332,938.197641787332,5473.680763338324,7127.662554113372,883.073613274238,439.5889454681758,6780.641107803508,6931.8483556994415
1357.5622363227967,826.9169466535998,28.030643792379003,45.088462066984185,15.151712128418236,2.942942307019017,269.0358056335327,46.059238716841314,108.114573187017,261.6751057055196,3670.53323247225,179.340002125083,61.66837707187011,125.80705164241863,66.73584080414095,High_Achievers,Salud,Laptop,DSL,2023-II,1947.1701363126078,1959.1634392826072,63.60779700707939,18.810883636273594,6.504554806147709,4.012411521114229,27.106929677125365,55.79951607639731,22.254945613504862,-4251.122959352697,415.7564698979175,727.3324259482312,5832.444485141134,5384.397665119976,587.0078772385409,1324.2795321419649,7997.289664462731,9325.779643145463,1648.0504507238786,1602.2186846583224,6546.236636875256,3361.7785923735155,764.2152297007989,799.2051615959584,2486.3688210994574,3246.5918526050145,999.4745065675411,541.5802956646143,9137.444259437618,6678.754197002301
2352.282801907224,856.1751880887507,22.735735598597973,34.40154514137273,17.17508875348203,51.544638801300025,335.1113114424893,20.89311051029827,80.30672301617474,926.8028757037741,2278.1802825766144,386.17668365661325,61.171981406899846,419.77759002621906,87.43835718882073,High_Achievers,Salud,Laptop,Móvil,2025-I,1427.797294776786,787.6510877187766,-38.39107065140366,5.263673029920756,5.530613648128947,-0.07230150545268688,40.17460882044576,63.65726765027147,17.30564339120389,24134.668525387326,827.598728167244,988.9014225466974,5787.6511479810215,3605.3272503818494,703.4632003801644,1886.7814358595915,7437.174822712041,8202.164659914484,1191.8161897902291,1231.0143325196293,10468.29771786967,4368.52975697579,617.9797453218789,559.4421608319897,5593.260367032435,10081.179570288585,754.3045414294498,732.500591450837,7017.272504934616,6966.001167536241
2213.449221790661,451.74505204353375,17.95880003870829,36.67953275462288,11.35793390415943,9.59501171946918,314.7097804865584,112.72119708932594,85.22349227838913,659.4517352356424,1928.321562435746,225.08320125286824,9.158985049345432,319.6577059265121,75.52151918088174,High_Achievers,Salud,Smartphone,Fibra,2023-II,1492.8095513980934,1208.3167390000726,109.47314719701508,23.42905866446342,16.11184738221719,12.474835555211374,5.8706539430348155,62.29055756250456,22.91426657749976,25928.376870539247,715.4809352584551,732.4994370316887,9992.616515732283,6466.55756589528,875.5340259807592,2638.8082471314906,5876.2279381255275,7656.186966079075,1375.3529707787761,1497.5064435802974,8607.859331978943,2909.306862958967,838.9160073916485,655.4706046015289,6848.835507612781,8804.950152330906,657.1259574165491,440.18262679093027,6862.486578953528,4788.40933979193
1718.1447545733815,782.4018563772639,23.429393248190166,31.89128620139725,8.0499746030303,-3.749590375229751,318.8862023393192,301.5595386754128,87.95891957699828,173.28941392003037,342.72078120042397,241.71274270553909,57.84166317221431,403.7580476902564,54.495015849277934,High_Achievers,Ingeniería,Laptop,Cable,2024-II,1450.8552810160968,693.4647841684837,114.19062917933263,9.335366955399461,1.0947473380286765,32.76049069699944,22.36800546665451,50.93689481098073,21.64305512414724,38093.749007838705,766.6168796062661,970.2101040306451,7426.657780637746,6870.565943013206,685.2913000021206,1010.0290271474103,7405.544110953073,9079.47354236772,1574.743146415751,1388.0594362151155,3890.8173148153255,3395.0714287936657,805.9437736146588,857.1737046884759,3159.1322609422714,2895.493820600429,818.1939064624811,592.6874507064895,8346.895553687556,7824.367629785622
1557.5488348699193,850.1734228305992,26.4815708058521,38.81770124830684,0.8934183725842866,24.249358245404412,259.29004207605493,23.237939651923256,109.2554947924556,-122.92174545977747,-53.98125626363162,210.6802532148711,49.00180959180504,767.1274837618238,85.57811840884439,High_Achievers,Ingeniería,Tablet,Fibra,2024-I,1650.5423177732641,1186.7084358318664,89.2110967746031,61.42485715711189,2.662039286745203,-1.6787181292752757,8.666134867952994,34.291994628789304,17.793544273418647,15884.981821100508,823.921507701545,1012.0037713318485,7359.051124455847,2638.17843321217,923.4634834560135,1520.0699505996038,5979.398978259434,4897.066064873259,1846.1148060888506,2032.1288564112629,7987.302883195234,4781.299306049537,1109.5513447494377,382.1630888974315,3965.454203422767,5388.332813170753,757.4341128982464,432.687866495508,7050.267045400484,1991.592906023795
1175.1133399611394,621.8392809833659,27.399231263980656,32.13685773631421,17.396823889472813,22.45608599614659,291.56387803473046,187.51175366145205,65.84449746347346,-522.792847623574,-1585.5718884556027,173.8982577670941,75.13487895445948,58.64666277699823,93.63737779196035,High_Achievers,Humanidades,Desktop,Cable,2024-I,1165.4028168099276,1389.1427593269368,15.12987412455196,26.595106325211578,0.8406539011616014,16.902420311880405,14.894132587360392,50.283226549373616,28.34565204952668,12372.172246795568,454.38316491242307,952.4129845908539,6349.9730076232045,6654.217564268799,547.6542136593845,1524.9649479253683,8365.046282529476,8022.976005175612,1499.3632029599512,1429.7824941008944,10406.935446720783,3212.5532890800173,1096.8663965279331,641.9289107135099,5650.253251068674,6947.493611847907,712.3499199654616,405.24247984842305,7854.285638921089,3644.692677060218
990.8121099220006,596.803700186543,17.237575197516172,46.68400641935229,19.78162021528098,-1.6700871955927283,157.71065921965882,110.06452619280273,112.50836240198036,393.8757177163358,3345.371703342879,307.6306826294522,-12.856825587682259,-40.79658179461592,47.443840699741706,High_Achievers,Humanidades,Laptop,Fibra,2025-I,1363.8281829342309,671.8032392670826,38.94980983113807,26.66418916030536,-0.35529069524878765,30.687374597210095,33.114039936149645,60.0026973520432,17.04077069480222,-26842.05101830146,652.6637279040685,1089.0319032841726,8225.57321830502,4620.310551325663,810.5209680058173,1668.3190025357198,7068.748947203819,5961.680193785184,1107.0015719238784,2017.7622832572192,4438.49179244639,1945.1054978822463,871.9913977485525,593.8289870732035,6487.2695143743995,6347.330680464905,644.4431004882517,415.16148154481675,10300.341915355166,7964.8744992813035
1177.731857651028,599.9500274260128,22.569408666292652,33.63383065245755,17.387846000009624,1.8392579362911583,150.6398674760212,201.2095024758645,92.5360194312391,141.52262136140928,36.415889680487,288.82525122690544,74.38238725021543,503.9255001790027,63.024037418578445,High_Achievers,Empresariales,Tablet,Cable,2024-II,1259.5367925997396,1279.9042716402794,127.71681509851031,2.1944380791316824,7.818498060255198,16.16800054301779,36.90244035770047,45.103922497674084,25.68050398124116,-15923.635251464715,881.7204281120928,711.8574410770825,7855.120025069999,4589.669991915245,957.7211202134888,1744.1380719627566,7019.456888345083,2673.5875637437803,1435.9969926749845,1085.5699811489885,8866.565399164907,4363.049391128029,1011.1145549356785,406.447019502042,6150.4267985565075,5428.61683161508,915.5502941390032,769.4400135882552,7496.914768346948,9316.040161194205
1361.0258261150136,650.677217766708,16.941557944484252,40.71966017254192,1.733784368990679,17.783581290750014,356.710771172323,73.19169159325948,136.7867818741388,456.689426683968,4786.074949490165,324.08217025148036,137.90845170670502,184.92900710393744,67.95690334503935,High_Achievers,Humanidades,Smartphone,Cable,2024-I,1198.9171794750557,1407.9448819594293,93.87385024481637,69.07199279030566,3.392623451013346,24.997336336858023,-1.4846607423984104,72.63343207221877,21.578805104147698,33754.07147561967,625.4123501610774,367.4214237585051,8137.503015853346,2019.1242919846986,877.5355666989944,2255.2566216130226,6053.376320592791,7947.805434646061,1838.1307898505847,1069.176631342681,9780.262112614339,4220.818519981852,965.113270438302,458.44971395987886,4731.413608304247,9060.58085382145,871.9325324561307,615.2102367407435,9302.090050784893,5716.9068282419175
903.1581250526451,450.4790251024908,24.04922799806179,36.08819811185098,7.684511236876346,13.227413840026145,457.7309479416182,300.8490607782189,86.63926169737596,309.2876719044677,-1217.2955676034499,260.8121324597949,84.5142053714325,58.05934928482145,69.6889982221914,High_Achievers,Empresariales,Laptop,Móvil,2024-I,1521.5739206306725,1569.5339187890957,73.1173021866634,60.46905748457834,-2.0592769754418865,11.121998371488514,5.171379012851464,44.64218195733849,13.62019074895496,7173.88551439532,716.1131209001984,649.5747635674421,8676.814267169386,5967.1044717876675,885.5347605069694,2825.492426064473,6023.876756911883,7446.479398656073,1779.588580818026,1171.5843843848281,9778.086371979063,2946.3578843781356,778.4319173425692,633.5877031738484,5527.67467831446,6179.071729037578,644.6642550773257,606.0328065761573,7485.133582520566,5362.698429800438
1670.3375337757807,699.9516188916273,16.79078481733892,38.869812449490546,6.039477919741635,23.865084832319656,183.60296616280698,139.9704370944488,79.06723031166194,-34.947646766057986,2837.2319226746336,242.98522274562595,64.86043269610481,778.4787259998972,59.85591601337823,High_Achievers,Ingeniería,Laptop,Cable,2025-I,1697.1815069318036,1455.0660833295437,88.36248428818604,19.274876640584026,4.106879317626145,15.00807821821163,-4.09334601540532,37.33280504301609,27.724988281172248,33750.60188345587,303.71989928923347,733.1412131009657,4813.925599523006,7956.378604204181,870.0466134911692,1795.5620735516982,6879.769541493576,8215.125000604616,1431.8821179005652,1640.591428192089,6089.241858986315,4267.052978460716,242.26542513050583,586.7633024336786,6328.840239354149,9419.80080858649,780.8469563479866,775.6090873345069,6130.651501443076,10001.461599477734
1590.5949764337608,581.8863022051225,19.67584012638,28.93901403151864,4.328677454127647,3.368008697439375,168.6671168335062,224.70325206330938,102.78072348974408,486.108979294758,2629.6275644334874,352.42494945712275,-19.805715768912833,43.47804272894069,58.74513732587177,High_Achievers,Ingeniería,Smartphone,DSL,2024-I,1582.328576371292,946.2878786480527,124.13642131974484,37.952474534080736,7.73507109883092,-11.005172437096947,22.81794312961532,55.74452780174528,22.937968332084274,6670.067935577286,474.89825001597217,1188.9772941019269,4481.483417126201,3843.168729565916,577.3791735453509,1672.6781046601966,6002.007901209794,8976.671517398025,1687.7510535803174,1540.4385050200012,9899.890744243907,2975.235911633885,1154.3314507918155,873.0804028663625,4329.358811227936,8580.830834848904,552.5544363711625,988.9954184998674,6254.877228050799,7227.977892623835
1657.0676380527889,712.6430578356391,31.24959255787806,38.53061874259788,6.312756423395084,-11.296572418092829,189.60569276850524,219.31903475180678,110.5036010119536,912.6635206590612,5055.9882409106085,210.0687296978269,130.29844762831064,425.2794046239129,39.54312328817531,High_Achievers,Humanidades,Desktop,Fibra,2024-II,1504.2295962759154,1051.7039138810253,50.89349000489071,-10.256061752946813,2.179055725107939,26.618803559150045,15.099742400624626,59.695147157982426,13.98706731149775,-1685.1901656148334,687.0432956834254,1126.7291637902467,7021.36065178717,3997.4608327073843,697.4176634051474,1960.4156475359614,6715.382235888499,5666.037105811119,1399.8495940016312,1575.979796854315,10839.955504490677,3065.3843023375057,880.660819059259,665.1206857498661,7183.596315435839,7192.953894955367,1271.2757126671258,648.0649137013032,8808.450060554133,5639.252757821538
2088.7489216964514,681.2393886052898,12.916680702083873,31.784890748846667,2.875451049747224,18.87283339634642,202.47649467400285,150.34766846435133,138.0958083388577,-217.33628925831366,1668.6837613490243,343.1008998500242,66.64904099688205,247.1502280798532,62.994707180335226,High_Achievers,Empresariales,Laptop,Fibra,2024-I,1559.9212943290363,831.1918675123026,111.07510705180134,-5.629288319816014,5.377277738759548,1.831517716638348,13.865311411698238,58.97883863110361,21.08322809061378,3061.8210376650336,665.9632204388141,1047.7408499434682,6690.5825564102115,3997.837438938064,681.1113689676989,809.3934517083692,7670.502630244848,6304.465544677835,1031.2384627051179,1285.4979211519567,6036.260217358293,4067.7787204015276,490.70569090694903,657.3964599532446,4676.6871356084075,10031.339624898974,448.1235216732199,369.53677853209007,6927.965174383925,6378.93827317875
2782.8050016433044,854.61417879329,21.90404365251685,34.69573394230951,12.05607631411793,40.1040778409763,187.8526227025461,15.726571450164997,155.62102617849806,113.4333002422976,-1281.4722285911675,271.2562377112426,14.363390476350098,-126.24998552549907,52.24229688843221,High_Achievers,Educación,Desktop,Fibra,2024-I,1027.9583054512022,1065.6818748371538,82.21717203928914,47.02917621538367,1.3593626348408598,54.273295222053136,28.875535932335865,62.125411271007685,24.04088868406052,-20168.148393930198,900.066305901914,697.1818640102144,9464.959848812154,6977.583562334999,1020.5808239219402,2421.5414381801056,8074.632098768501,8429.677338595524,2176.4306777893516,1471.964533293914,6820.617796101934,2546.8864905308146,831.108314494134,876.7535539721736,5709.537473284847,9459.739365758283,932.0490220769663,479.0430105178167,8389.478409314304,10750.254781188858
1234.873592891742,638.8326339356369,24.47158781287393,40.40466086618958,7.856978086878316,-2.1375536403572575,171.38638566339287,194.68968337840198,108.28923598373848,149.38220767108655,857.9901839541172,180.34552794162173,25.988713326918536,791.8166898132001,76.30732134215336,High_Achievers,Humanidades,Tablet,Fibra,2024-I,1594.0014444291708,1790.5742936928527,52.21859030811919,39.603592519533265,14.239184848771448,13.242965186973038,-8.231054482308874,55.945378977389204,14.498486320353797,-11999.857495313188,513.904605802429,902.5423015000015,5226.7697907654765,5021.7384656602735,1102.0640580575382,1569.1363218218244,5760.4554526616985,6235.785895249422,1147.329329585728,1538.7214796347942,6367.573436333798,3580.450363498011,676.1996537904556,965.5598184465373,5714.005047734468,9858.607644186883,1001.8158283191915,744.0200709596603,9768.635099017654,8183.55869147839
1600.4598242924249,760.7704349921405,13.49051699972361,53.338808013377125,5.981553118243453,5.701563506237013,260.404612529883,181.46081164289794,87.27169652745954,346.9333699503114,1938.9054653920737,235.68597202943587,72.38799389204236,42.7315428762973,80.31936140032185,High_Achievers,Salud,Smartphone,Fibra,2024-II,1423.9355888336218,1702.5691418743745,158.7555080585692,0.06497712675326994,4.783687636203929,30.331015128396743,7.238971459263655,36.781492110608234,24.117243111360988,-12425.77782671384,428.3012449513008,948.9756506130627,6575.642893090864,4113.050289341898,490.0010287880139,1244.186493983466,5007.3071672557835,7263.964580649271,1645.0941265244828,1303.7604264757554,7209.581867092211,4663.046615660603,894.3417752189673,654.3703052617793,4708.7586768397,8929.847718187133,820.9535546969507,440.03126802579,4979.004590198464,8600.184010500834
220.27307156687175,789.3852220196931,32.514028889738874,47.292990321961966,8.06270484725406,2.8428925678369446,450.8116942350676,98.05158106571743,118.2296143072824,722.2500305566152,2189.8113999540506,161.04694052314886,21.38739772743979,551.9692785424552,74.05602413964695,High_Achievers,Ingeniería,Smartphone,Cable,2024-II,1577.2045602576807,1587.6769284526852,10.91417212791987,5.2395908859258356,11.574126663786878,38.63343604617938,5.100552966043823,66.88036611012264,19.855446056006393,3476.5646978375735,607.4824208951072,675.5886483581106,6733.320396806027,5666.029046517366,879.2433777865166,1680.6669350848128,5202.940633289291,5103.925781404163,909.9308428892414,1360.2313017180052,7126.451130107159,1733.8484840052229,670.0036232950049,830.6432164896888,6878.044159974582,8692.629197715029,853.4643655655254,455.7057391694247,10923.981513976849,5111.453817208078
2140.3658944677836,796.3558263068531,10.299374745558005,40.59856109879655,6.827302529551463,20.397087582710125,227.31796110321682,285.97018285321707,76.22285479146204,-188.80966256586996,1478.8124312876716,229.66884714357124,3.4663242318031138,-123.13405225012218,60.58963156835348,High_Achievers,Ingeniería,Laptop,Cable,2024-I,1381.2313834500878,1251.3605508598391,42.98950892618468,29.374687613234265,4.0008310000108755,2.165188924664223,22.116454843841623,60.84339455506229,19.577415944795213,12774.062360865868,635.1911421584707,775.0897426629818,8521.611530864,6744.168176473412,980.4424521063154,2525.2963547726654,9173.164546172118,5271.460830781064,1757.4816542606072,1613.8248489701705,7310.100381417207,3891.257053410656,1137.4070580751543,870.0084117844506,4727.994813151779,8706.63873449215,313.8338200185002,552.8352309573049,6615.396482572915,7489.140170677774
1648.048523142546,1014.8920538017766,18.96220292510773,40.42494341313221,1.721395484936398,-10.881376361365614,432.1538378267458,161.35094767021343,73.56135961795113,221.33387884901407,713.4824806427778,145.24140441463817,1.4538589286527497,693.4263729451638,37.5659896862339,High_Achievers,Ingeniería,Laptop,Cable,2024-II,1530.1705996141222,1060.9994823391892,51.881434270852715,35.353231082117404,1.6933529824404978,1.8199650994052416,12.213744113644989,45.19105496219598,21.339614558561138,-27363.14943390211,596.437700818209,631.6707133012673,8369.314227057412,5771.4184639155255,898.4817920194992,1411.9619526875201,6330.547589256161,4394.054598486808,1614.853797632542,1294.1674749120593,9850.878884781396,2958.772682267333,1106.5793335849946,754.685075010173,4104.218271706681,8580.749938895198,971.9046492997385,666.1057006511924,5450.479149884919,7532.127351791298
2231.7033039941707,419.5092113210953,22.16107299048624,35.87910077744624,4.449969937400744,5.248137525564696,363.2833000102805,128.3733818652423,102.34820893639935,-611.4845317216085,2069.460917284336,145.59431046108818,28.080890690561766,966.2954028790607,48.12018275951975,High_Achievers,Ingeniería,Desktop,Fibra,2025-I,1412.9417438177804,1460.4875632562987,156.72490259649706,19.301524457061312,7.2678171825147135,-2.390685203782187,3.698587638669613,55.432949514266966,10.881824540132028,-3973.2415591461845,833.3667056084856,590.2814352228952,6842.94299240894,4053.42700728663,586.4982103204604,1735.619297365243,7623.298420666296,5595.660927404907,2048.971326647059,1688.7603149957943,12082.428430897171,4115.634776171399,956.1149679073435,895.5408039495977,4438.202726395876,8168.31747872392,885.1529749071561,708.0731132079657,9447.408505423742,9132.29603863364
1737.0192707267247,798.774103847065,24.47796760647414,31.45306483434932,9.560433931189115,6.093049742211783,380.3944698773665,158.644522492796,113.02335561908046,330.3337933668965,-303.6037822059593,325.0857820118928,44.62735462026851,357.7167394505379,71.50179906992642,High_Achievers,Salud,Laptop,Fibra,2025-I,1253.463605203885,957.7623464960275,165.48531633192448,25.162832242174556,3.1279394423890823,6.432463676622211,35.610939754687756,53.85082811680627,21.54170366830858,18610.73538005839,562.0478389654667,531.6488361742,9263.31326229011,6535.737933578037,663.7866616433105,2499.4663113356182,7909.529477152872,6983.021086166708,956.3108236221015,1029.2386339830166,6321.979617145915,4133.677824967765,871.2662148166348,871.1845365468538,6399.188672149876,8624.008649607527,792.209577293884,567.3070627085108,9249.343759416726,3531.45693716683
819.1586694118892,586.6767917651665,15.605875743884877,40.07630653289747,4.875300089083417,25.70623006862499,377.3708399140115,93.11179704167542,57.597047812935514,173.94803836162825,3313.8045275621644,171.7319871977448,91.96022552740196,334.9689473737368,59.450563662063445,High_Achievers,Ingeniería,Desktop,Cable,2023-II,1271.5911912747508,1250.3199625408577,92.7264363491204,9.423024797533339,8.340002185596143,27.884697692263035,18.92466676016352,37.74061079356328,20.72884073284704,-6705.735451459401,706.1132293628734,743.1166855262306,5717.747507623183,3345.4134416022,541.1138977199192,1831.2521488495865,10943.970622572959,6992.8702737671665,1078.2248339165037,1059.6545024695772,6984.906592342825,2339.4866735891537,777.9761814898985,663.9981355139817,3834.064294294287,10149.704068983257,890.7812029782901,529.6118072636871,6683.375093609728,7203.215367421513
1098.5607288302554,489.0466839726735,12.039576934933272,36.66757968774374,10.922394915329477,32.99470421261121,284.134065450953,81.12139052242654,128.45123373401918,180.89703780064917,1643.962244580278,336.08463575842006,100.67589419559425,50.25443934965517,48.64773844219938,High_Achievers,Ingeniería,Laptop,Fibra,2024-I,1253.7105703781854,1147.2343593439052,1.459723642780709,43.82428805338943,3.4525247957103216,39.705036483402715,24.45200059947354,52.81419104505602,20.292764527514016,14813.853151989146,599.1214521171858,995.0286167815464,7639.486955682558,12410.471772887246,801.3254828751793,1725.0773378420527,7891.523000418243,4618.472225496317,1967.4012003385997,1478.080987557968,10417.142485173132,2547.394255342201,997.5157899552275,694.3363424100295,4486.841234148383,8500.189866930717,519.562785367003,219.15363748621866,8657.324382012073,6870.440589581847
1957.8627402680158,941.6556333401213,22.815071456403686,45.076494844517086,8.759500374880279,18.87731789059359,319.9677840931333,184.75640041780161,106.38787002802837,5.259192973326549,174.16392538330138,232.35787574544554,92.68861551523933,669.6250986566794,57.052806307493235,High_Achievers,Salud,Laptop,Fibra,2025-I,1902.2527263789705,1521.7309545372964,-65.58399095624895,23.49366918883983,7.935120685679287,34.06061508259147,32.21252140499428,56.632559407735755,16.572546827028773,2968.034990797741,619.0084729634597,576.9253568104842,7519.421267198757,5545.767421741363,967.789304384273,1123.197812098365,1857.3336708572506,6873.555367885825,1312.4487932433922,2078.8137027716134,7740.877191985864,4648.892832701208,660.753497307673,846.3012596265645,2836.157127237473,8063.843179664085,968.9424094999653,940.3046753603378,9503.203423786636,5934.610346383523
1664.7186508292077,918.9749070883992,29.77252183761898,48.961321905981336,10.117689374087202,36.27682497333896,204.47296545145016,48.45241492287386,110.96296362463693,522.8744106591737,4.425321328811151,251.38585471546173,98.19008245937843,188.22682062268552,50.51224518419889,High_Achievers,Salud,Laptop,Fibra,2023-II,1205.6561257100698,1735.15599323469,211.3391114560299,29.11456294534214,5.384059413360394,9.748102407249558,17.58505576655462,30.99768854089107,30.092167585363534,18916.31265580863,633.4382755225406,883.8087981570006,6381.457827568078,5497.51826302477,613.7796348506131,2295.02657679781,4173.478872468901,5778.9073768011285,1316.896917037376,1768.5551083342184,6308.727763936659,1541.3237077267067,873.0434912527292,698.8240257259378,5764.873672600059,7295.680716384292,863.1657968193639,1002.9603966160487,5795.2346605510575,7412.574969612234
1165.9281651404692,701.5095680395959,8.46563366196468,47.616759713955815,12.684932483144928,-5.144497952105617,240.5034307320585,313.4665028611291,96.76133014404645,89.85013970178457,5489.203053408516,197.13799449526235,111.98293746669344,-277.33461565799723,14.111026481997975,High_Achievers,Empresariales,Tablet,Fibra,2023-II,1180.9587063570987,1872.0545982405908,148.1686705513838,28.925917727688873,-2.567004398016327,24.30926769794598,37.55640087381073,56.92701475550538,15.732930824493751,11890.33300642819,649.2265981729406,759.1657226234639,7089.723140833051,7626.657978401985,934.2218030023118,1569.2903568662132,10547.72264857696,4029.953623419794,2161.8384303358134,1588.0283291350327,8257.749436833155,3158.022869923294,841.391129172281,558.6149819265652,4876.69126228928,5525.541996607526,915.832813750552,725.5628047934712,10182.61009885729,5947.485061531511
1983.4672051585644,803.9092469403189,21.255352140330263,35.66026325033265,8.396352173316366,-18.5586675349284,330.0479938443958,-98.13754873011113,142.11380189833318,-348.80407611286773,941.3988941211738,233.47663506972694,94.89512878525545,50.184843274406376,70.12417946158358,High_Achievers,Salud,Smartphone,Fibra,2025-I,1283.1503366505335,1514.8385322541114,46.9500680901491,22.24325227779451,13.433140901409036,40.99747660724004,-12.384209613078685,48.04763650761088,22.73111010514771,-18144.39472074268,644.6333145602175,754.9874139809455,7994.16888129666,6414.432280260557,772.9778443032324,1289.2453971106734,10443.80415539891,7064.5702929468425,1576.5859872591611,1579.212631097503,9523.981325471055,2575.950814401309,1011.8886053567765,703.9127862800484,7470.760770880316,10175.015047758476,622.3729377273061,727.7649234503265,5499.133057012572,7305.739484479325
849.4483664575637,702.9312674303868,29.978002405240133,32.35931224836154,2.4425079306265145,-2.8409247963085917,287.13493352044765,259.0072237129525,126.37221452398371,-88.0574216214917,-67.68212438226033,252.3385622474717,75.07974750515217,487.1322702064182,64.67873169586326,High_Achievers,Empresariales,Laptop,Fibra,2024-I,1443.4036963432077,1222.1265465409645,154.42526137081694,0.4846912903618641,6.45597647748337,38.100777870839295,-8.060309640167354,39.28052472274085,21.476176257303056,-9134.559771395927,643.4234019101817,842.2275328865474,10580.228523849093,4614.8134281191005,523.5824016316743,941.1355002532667,2713.581480219169,5485.286405347156,955.5691890889389,896.1624393485745,5394.322517113296,1920.8028251450899,796.6202975292188,642.5542246799919,4506.625884937972,4638.531829160775,789.4697242971193,726.9846459458511,5252.929347974889,6192.294587593875
1830.6604540593353,809.4724919334235,11.282234718305123,30.169133221189412,11.605376779816147,13.803155469106475,391.16698458985593,221.41984103810228,52.001480578488575,283.5167576702548,4572.842874869955,309.90366587958135,59.56768366578453,805.3442161760107,52.525942587019706,High_Achievers,Humanidades,Laptop,Fibra,2024-I,1522.9181633616392,472.6241397666216,84.32328593219144,2.8291419356487957,3.9904962300754523,21.81767168087281,30.16715282914809,42.62563400273352,13.723234204278814,3210.98880412207,461.4012878364181,961.8981322044922,8354.202865136194,7948.531060706413,828.2401297913763,1805.222511577548,7922.513657229367,4284.243140476735,1840.4354426144719,1563.0327024958744,9097.381286558693,4071.933269028104,537.1119819155701,556.7982753215786,6259.690550889339,5693.129087600013,649.5729594272577,624.3478536116991,5195.245954392942,4752.768414183543
2169.664666366665,861.2955959742834,21.895964881694645,41.44805295322186,23.359805981637745,16.15137267689577,382.2871172995801,127.13296930729805,85.62325702008528,247.13899397470968,5503.1291067836155,229.91966705423272,-10.44149907368751,226.93232325765484,49.2879205630325,High_Achievers,Ingeniería,Laptop,Cable,2024-I,1539.5585835032005,1041.5699756652248,52.82884984583801,33.28798961314334,-3.2367447946335632,6.679933438207616,46.32858328488092,44.82865367995651,15.702440032319366,7087.443984021891,700.0287207198686,647.5002964426158,7954.489476931493,6453.127605938203,758.3215172469037,2077.1702166898,4200.323813066093,7690.7929424160375,1521.0776495162972,1999.9821002071137,7871.695113283138,3872.2869343060447,953.6718198484526,290.6237433218111,4909.36514810193,7714.623512298451,581.8817158008716,650.0926434774254,6996.685950289344,5014.180127215717
817.5342507269847,789.573005281309,13.669932794031205,34.50378173742487,1.6747603202841397,-12.307468032049794,322.3716219851694,44.25012421763236,169.0245239166664,12.031708990249086,729.657514201844,214.6392181107239,-17.71710323715694,49.237346390044166,72.7792355123164,High_Achievers,Ingeniería,Smartphone,Fibra,2024-II,1965.5801025312212,1893.236521295465,95.32589221664702,52.551125538690734,-0.7660014667534094,48.56672254523441,-8.80659023546754,53.18074753042824,24.701351698667345,-818.2504762541002,632.8680385550315,685.9102474311143,5968.739703370637,6663.091942941625,822.9748042029579,2002.98279938516,7699.875195789954,5011.1012047978475,1652.8045146209008,1566.5650709368279,10691.665547768374,2923.1355806734327,670.2562358330479,467.86455596172436,3380.5863798703567,6160.383753805542,1031.0622850300206,611.053523329557,9508.665815278557,6884.1864288278275
1713.0634038764954,740.4805208021246,23.769362582009446,34.14768990636457,10.355869586614874,60.33245193258783,263.02871881831305,163.5080773933849,81.19926733512801,157.70687824902353,2073.280043343329,62.018816997852724,37.51259906582468,33.545411190872095,27.99480395745198,High_Achievers,Educación,Laptop,Fibra,2024-I,1297.0970900865123,1230.8772690161773,109.79189834814022,49.90916619214824,6.180108826342564,28.616924707013304,21.012698528144334,42.46776243078019,20.753741295697154,-25448.396406275355,739.0334754477458,478.046556840874,6706.516548754856,5536.886085368874,1244.4118117110236,1598.6253522765305,10484.626755337624,4559.575662345113,1425.716245847113,2108.795453472604,6214.766390042219,2958.266908842168,767.1987209818825,587.6469740503451,5354.434527631317,5373.91227000761,985.0038598931261,662.488169448253,3942.3704628847127,9718.787688198428
660.3808245563291,916.1531175395296,22.44571174355353,31.87988310627062,11.220597368993879,44.717680383271045,314.03935703293183,106.61453719815607,76.60427246788072,9.237773494333936,3173.9060026789375,323.1384759039289,-22.34494075337966,276.2814478061514,51.58453654872132,High_Achievers,Empresariales,Tablet,Móvil,2025-I,1383.0986695058289,1594.1418996279788,28.434730547278832,12.503368388641574,11.66606414304469,4.958812810596481,8.491068146472424,53.03955421264814,15.586513779268216,-3503.7343714065273,753.1423711362316,851.3528420132222,10584.677446229456,7758.395505750622,902.352660334101,1446.176086645029,11166.398370442828,5108.1559659169825,1487.2694718683258,1921.0035499507128,5310.940503268319,5366.602905012011,758.9306771032133,537.8244263936001,6114.425398424094,6948.000344323769,787.5972308472885,678.4238012987797,11100.70181580866,9457.661857047158
1300.196438657851,739.3827696415144,6.217010467872665,36.07502035113525,12.009741202335192,21.32106831377017,308.10584031761,93.42835397610911,85.84841703100773,-531.5218618034557,1523.5148839636108,244.51534278977357,-55.48037860758949,375.77387461113483,115.06911639618552,High_Achievers,Educación,Laptop,DSL,2024-II,921.2980435235087,1723.6902439717437,-13.349621247248173,32.42289884553952,1.822061448444166,4.891453006056688,19.268110012039767,31.993606516797463,26.997531069238107,-14371.41941562729,727.2017730971443,661.8585036141916,8760.93691367504,6901.297158409683,724.2524855532247,2195.9909157260604,7787.0950390230955,5728.768488229825,1504.80989662114,1006.3129058739638,5925.989441697651,3320.5299528598593,671.8412826576678,789.7882308786175,4550.491206937294,9593.459784473942,605.6199605985772,805.340031594915,9455.88997281404,2940.011822582717
1294.7787168056198,948.6799201682903,26.65105759182209,43.87179565365872,14.672705653706705,14.322173353615595,216.10471139856458,56.009419845963606,107.0938138154693,89.72161813688703,-410.5418140110719,228.90548943866474,-15.565238545983746,-197.40973816185425,68.15287910047994,High_Achievers,Ingeniería,Laptop,Fibra,2024-I,1423.1446456646797,1151.8987477706978,13.246914257443443,3.780917223216484,3.7158896694408954,10.67763329684978,3.038955620527922,43.803482769326365,29.49836523125199,11711.903754451174,616.9275910971081,988.6844251061884,9389.719651941836,7346.380053836039,352.2102938694974,1494.574178875881,7640.796572262886,5985.403294195613,1676.75595114849,1638.2972559219145,9229.879539150203,4542.213496896209,1180.0298332510501,573.355624346237,5782.640770374106,7393.840433205194,821.4565919727745,476.60942323680257,5802.583919792094,7517.250495948368
199.36557280696707,671.5271226497352,22.895510758170033,20.963322390079526,3.5155736637920656,39.75705345726276,301.3167040142813,218.93264678792323,67.4808581599413,-190.217962324469,3328.7626212066016,347.2145568574981,-19.511021934591014,361.3188826145668,55.70569317075901,High_Achievers,Educación,Smartphone,Móvil,2024-I,1399.9123317868887,1641.903466704019,64.10175295629077,52.49145881013127,4.62938042202229,6.463547787792163,0.8673077137550775,35.70697454740154,16.998287930340734,28000.43826348977,708.3530580244529,849.6350483188297,6402.389834364732,4384.270122804072,409.6539795931855,1284.5963964622747,6356.963952024386,4441.394384470415,1009.4116292244487,1842.337036473743,5922.117783665974,3342.7408221065707,735.3564428754701,685.9189447541996,4327.154930654173,8706.967051825086,589.2714990059619,671.9583769539549,9486.561664611289,5154.680323191842
904.5765292068065,1086.0989214911608,26.570064191730964,40.90112446655978,4.5376789419843515,59.07944213163546,243.3485998352977,95.11478027325698,86.30566639434312,-118.05590470935408,4305.330038991899,360.35963417650464,3.3211280312948546,529.2806218638614,80.76904011133227,High_Achievers,Humanidades,Laptop,Fibra,2024-I,1377.4462737190295,1432.248744373805,82.26489382292951,65.58493676721983,3.2302205093462986,9.10044595522721,7.216020660358671,50.96192703708186,11.946387461506038,11799.632905110058,358.05009270860796,629.5285463910008,9579.67241884513,2817.8188101329524,717.833629303451,1632.0232213616523,8470.637913891425,4480.224612207463,1480.9886103364272,1821.1336723266136,6806.413519048861,3620.5183665475656,567.9307808404126,663.1179751917159,4629.139593883484,8993.525586357358,811.4153172977436,354.7922783869327,6586.868986707368,9192.56201583544
1186.6045413722832,796.8212775328032,30.349246125538734,32.3916306683721,14.409838247682984,38.14000571987529,139.52786052434013,213.35451703354528,115.66954939739429,29.2144317772199,1438.8237569108828,148.57815795288604,78.3392552240873,448.72315796465864,52.58962791590401,High_Achievers,Empresariales,Laptop,Fibra,2024-II,1477.210094463926,1201.8722835593883,6.08378025563583,37.849744952633145,-2.789421201709694,16.702661764321427,33.30045306284471,36.58911199636199,10.222966565958403,6259.7223532385615,474.0670890077056,804.0957707370645,6088.109215188408,5203.89513454621,1024.2705295243234,1621.2653058706173,6167.692173850255,6116.917608639753,1050.7264344863797,1310.7345728541945,9764.28097098906,1310.7076664857175,656.9314294806582,605.3141783040584,2664.7279364199103,7011.588710812085,823.7909152098459,484.77819649025594,8431.42616789338,6758.631448972522
1233.3586620945068,726.3750255209362,26.98302696262456,48.185130767631435,4.925950376481849,24.6813957280298,296.2047691128961,130.02537773176735,100.8203719486389,-198.9223766893659,683.8180215275183,173.10547277084683,46.97807946870614,318.9928215689007,39.79250610021008,High_Achievers,Ingeniería,Laptop,Móvil,2024-I,1829.813265370811,1349.5739859040718,58.92566456595013,18.090348049288206,5.103436523391437,55.55094754504501,-1.4852921160525385,58.547116590593866,19.73713294399143,17798.531478211396,687.4288631062024,506.37404872757713,9710.8310893925,6542.384749459237,805.2316172595655,2716.8152763142507,5271.059406441081,5744.618928408547,1227.350648645671,985.2743933581735,6249.255022501055,3450.1229651957356,750.059023574095,670.7644124597574,4673.898488640508,7522.9141536648685,982.0875016467387,567.6364927850552,8966.962583846385,8597.19646258761
1014.1258019399177,442.9794853797128,20.569803441862433,42.916891258084014,14.008990111914823,38.56560209030037,185.37240392540247,44.01782496648832,138.33836991032646,-202.46922712164326,4174.73576767444,208.87508715617193,11.536807129788187,267.9696138463379,50.004891400965114,High_Achievers,Humanidades,Laptop,Móvil,2025-I,1263.364251915234,1458.2141328011157,140.23979453559397,1.7179170327286997,2.249472818058175,20.187007667424606,-8.001139797538936,30.31576948009589,21.201190266719898,9670.903445113712,659.8129592162087,1065.8360945342388,6174.361949409995,8674.623697785799,783.8871593959155,1448.7362325598292,6064.585839600805,6429.766540546474,1483.8883804767213,1945.5048399849102,8515.74938201138,4129.767395832857,994.3061869827766,810.1235548757003,6972.12658962545,8508.462487431403,402.04084539691496,673.3719025561848,6452.784289062922,7227.856887936685
1840.9668233684783,858.4882802117602,22.44411329986267,32.44760433094921,5.800523431718671,35.60387279330398,212.59559932152544,175.45440037845603,98.58569831173227,377.42781004614346,642.0392714801487,186.30208462722925,-50.341084570166814,178.3678968445766,48.039479869143236,High_Achievers,Educación,Laptop,Fibra,2024-I,1225.5655190809891,1617.3579419781024,-0.6609164827219942,31.459910861140564,14.316627135652057,1.9410230726793625,20.900381290048763,42.3541562749311,15.977814821491268,-11249.489261860526,707.220718551722,620.4247769378085,6752.567972409973,6539.895005478424,1050.210565746478,2111.2638452816627,9558.175373886977,6066.181278479921,1489.750422006799,1330.133512613905,5006.2523317082305,3910.758920354151,884.5471439364865,402.98425588116066,3083.278476755008,8876.383943559153,546.5688711055934,653.6284374323172,10130.931047949773,6722.483175547423
1531.9863484121581,520.2104990732455,18.687739145350704,33.32544317171016,11.561251676217303,55.80256439051814,377.08762020763135,270.69879499783826,78.7336775445674,-261.41939258171743,1524.3607287739362,275.6037951857632,19.948164963683794,95.29406819594846,33.97327944009997,High_Achievers,Educación,Laptop,Cable,2024-I,1282.084094623845,1965.5354568114249,98.8801886693228,-6.154352062688188,-3.8980603644795937,27.29996271610457,32.193920990316606,37.19954795044058,26.312561626652574,-18321.738313331516,610.7027334234733,836.5505563958209,6953.371831694923,5578.224141563536,765.408902229081,1399.8088942809864,8888.534957389254,6983.117355599604,1558.0920559689353,1619.6341226347877,8776.95409090825,3270.255519694325,425.54993453109273,908.4359244490811,2649.7825527675327,4512.522966252623,751.1800941269722,828.4130711546111,7154.150709263289,6548.906144178367
1620.9429748040661,730.1176657525222,13.046276291480755,32.411745955678576,12.279087906702445,38.6521854985787,199.9699593488341,174.279329622961,108.32702098104366,-98.3227789941601,2485.821398972837,268.25770739096635,129.8695203659648,-101.45528189016909,61.61886144860644,High_Achievers,Ingeniería,Tablet,Cable,2024-I,1511.0642665265277,780.0704714962936,56.90406180149921,-1.7624929002619254,0.5720742077005629,18.027220403140134,36.534150574802396,40.60976988805286,19.558790893183797,5135.028084812642,649.8018322456991,455.09242636060117,7466.7548273659895,4233.940544930004,951.1349744312614,1889.3659968968877,6598.667803046433,8412.87820954586,1244.7964400878177,1629.095729624054,8109.871061911726,3747.032353373519,1052.3764860669435,700.664107245494,7880.481864421754,7397.608348820815,814.2484397351707,651.8122917268104,9537.465729503783,5314.30127772799
1354.4411081588737,908.2436440361731,20.841880988730622,44.87686144704314,18.710639192085882,22.403727505159374,292.5770634458641,48.621790236932156,90.53656554161492,-77.15002796770054,4241.389543149657,257.1862708609237,68.56738840161013,334.3428177251428,25.81119798198936,High_Achievers,Educación,Tablet,Fibra,2024-II,1611.0973713310004,1205.8440074682735,94.01320185529184,17.09217866353386,6.138667454455831,-2.0720394649639378,13.934970732801084,64.74754451427802,33.51651591857369,-32504.092110505604,468.4419357895881,923.9115676272488,6865.862337917279,6177.6826114156775,613.0390050197099,1726.1133285398391,7664.760608350158,7522.402065720561,2086.209887405039,1420.018350505345,7689.682401229734,3153.012912683721,767.1750490454594,769.4240129889837,4693.914116987726,6783.483215708377,761.9418824274909,473.6948420215512,6350.118368575282,6356.693086869859
498.07394728400186,637.5919172667792,15.647868345673851,47.393816181970124,15.6820663312375,9.71370259343026,265.98055233219696,139.93866383301102,109.52314696753992,358.9877815329596,-469.22166405073494,169.80264709643427,66.71582869077477,352.0020395923362,56.81149176912209,High_Achievers,Ingeniería,Tablet,Fibra,2024-I,1355.6861630422065,1010.8743280473956,82.89519582005349,2.8179473570437246,2.4712039451333587,20.405162713252256,26.102182815191963,53.93606208082303,7.405025965313571,-1543.238849368263,973.6589781704408,371.0492841517544,7910.810232071175,3692.470511404856,748.3202835315394,1999.6540251176975,5898.719705442991,5902.318572111146,1435.0425089389769,1535.8712853253603,9135.80464047338,4049.6528850552377,776.6470132575923,922.3208808332356,7384.675375925197,8189.993183815326,670.5392744629613,440.11047073472696,8405.706302005812,7480.545113919908
685.9935561997693,679.6122594349222,23.501513100498716,38.08840344854992,6.081890623784376,27.66870765581323,340.83192020835116,58.08634803168184,123.98347913443527,432.05113806459997,304.4948688997017,251.93323035377566,119.33712042715138,389.21805044688256,62.97842606149417,High_Achievers,Ingeniería,Laptop,Fibra,2024-I,1475.2664750328402,1535.5963006891707,117.15623292085918,45.833532855650176,1.972824109943657,22.695942051146865,23.96216328661652,56.174087035407325,15.35588745744591,22166.875369649875,809.7038146319132,840.0422946336387,7823.9473991948325,6072.300042285978,1218.9960811610367,1727.085649417313,8228.839827071934,6844.60531832002,1956.6449174681436,1622.0225119367858,8336.859720890947,3287.732607534945,642.458538288337,756.739735706396,4846.2944905116865,6192.23719454232,623.2830539823665,684.1330507275723,7086.525892988875,8220.351592184952
793.4615449373454,740.7555260121551,15.839045292317783,38.25582190280973,7.90051284085984,-26.508490774163356,244.78150434727445,237.59018023458324,77.72133630915043,689.4768534544211,1475.8615873945005,250.57662671691597,48.38361567848165,-101.80919264616176,73.76977098517234,High_Achievers,Empresariales,Desktop,Móvil,2025-I,1868.081355607946,1568.3091026217055,77.95182519132796,48.62441559942571,6.449355142904102,31.911861494980847,35.380565987620194,56.116562696986975,21.19758828148282,-10496.59809048046,658.71793127597,803.9438975661947,6835.323031686218,6792.644227187738,473.70803947198374,1988.272050415065,6315.053884629706,3277.4113156421768,1084.4955036131955,1691.6808702196686,7211.155853493945,3743.0361786587514,929.4566541684815,448.43917281181643,5293.600809359973,5876.503163561805,714.4361241453005,725.35307196459,8960.510300972974,8979.994804847172
1218.6188204043672,784.081098979989,17.971261569219557,41.25131881708241,1.918379732299651,18.636170073687115,200.34526359526313,38.490123136195635,93.53150819804812,-42.199352870931904,-890.7945849978769,312.4174413591234,12.461835231295487,366.1288648108164,56.13314397080199,High_Achievers,Ingeniería,Desktop,Fibra,2024-II,1476.5025928889684,1403.7819087158546,18.037670783789117,40.31300199457978,6.266335802091215,-2.140973954992633,21.912348563634417,42.60857408520491,19.422935427275316,569.2499244934397,666.1954288337367,835.1427081035248,10325.928576214874,6763.753724883195,725.8696428457645,1353.8304102197314,6128.124640650978,7183.69695849627,1337.5100200366333,995.1834517188074,8331.36086925289,2732.1004571745693,928.4696901509305,872.2405313251415,5274.093477030898,7128.42649708804,1089.6764438850068,635.6625260401404,8374.327388325115,9758.28016711451
1542.2243007851378,416.4512775799991,21.782830848182833,35.174495425587374,24.979243982302513,35.55267096599831,365.25441221554627,15.56009642420284,88.10368957873126,155.78640871427712,1882.6329005947293,186.7663368218812,4.205962663653189,468.39367615414994,57.622744802575454,High_Achievers,Empresariales,Laptop,DSL,2024-II,1487.1569366405859,1477.5545003173384,35.28923325564985,13.05846203580303,-2.2688227126843827,-23.352340676710142,35.77253224642832,39.78979920014247,21.929940470506295,16186.117369083287,772.0948967962009,1195.325329166779,9130.636331128628,6619.259360994513,796.3203368504309,1513.6898051844405,5981.59038401131,6162.9097264598895,1012.2596397807434,1936.7690255440275,7441.763290915745,4206.875326549671,1127.7310738983276,766.2401603048487,3837.2798336737155,4791.508756318601,243.46665073114855,880.890076808558,9769.762707058719,6834.49859012399
1910.8256916485368,875.233508963665,37.23509009368077,38.811510896984856,5.587365204327612,-6.343022527951131,161.74444456454768,141.6617026731121,69.47511397606526,-96.12625183077776,-633.1577259511905,330.3996132865748,78.97931377135282,11.150883943856968,46.08426950430595,High_Achievers,Empresariales,Desktop,Fibra,2024-II,1748.9688802859407,2289.6421361251964,-54.42191851115721,-5.878764957236424,5.362764699916591,28.866907237536658,4.516100669195993,35.9623078173791,27.772660006376242,27540.884335433086,520.8912381674284,913.6473665054293,5923.488630997966,5654.6475890648835,584.1011009118748,1961.0394164218046,7533.152865150601,7633.965102938614,1305.7885217322332,796.079015896798,8626.733544658151,3042.66674315407,668.6927620971901,383.0217648623356,6054.747310418618,8243.233647085193,549.8484130658406,508.89667989083523,8670.835217182688,5043.846631485143
2512.596670101354,877.1138692245825,21.82771973537662,38.52975403413847,9.313075583857952,-2.7086196597685657,307.1511590554928,306.80728956065695,125.46078454028638,-134.5576638785359,-46.78164195944555,316.15105469601934,-5.714943319862307,516.2965137875552,57.33129187473031,High_Achievers,Ingeniería,Smartphone,Fibra,2024-II,1202.1286883141886,1021.0701221810289,104.97848555180795,5.640299569829392,-2.6825276161501406,16.523519322870825,19.199489509601936,55.96907165068402,15.324135002650674,-869.2853365667652,500.96761586766286,756.2646775949163,9012.400492598252,4944.708285927612,618.8674977550443,1799.6345835130126,8979.8059449875,8727.387930754878,2310.3555918765246,1154.603651674172,9050.805303435855,4635.801752927861,792.7778314867819,598.140543154241,4919.610281724292,7833.395906369709,476.64243193450625,374.5840325287168,9177.168772029565,7386.192632336983
2073.4906649636177,665.100234466686,13.947196579874689,33.6621642261073,13.456474692846449,-7.530157278960733,318.93162255590477,110.63862684874242,109.28244648280085,615.8568284314989,3374.8812649246206,280.3725168578444,-23.538673615746845,10.12288305227041,40.5250506002873,High_Achievers,Empresariales,Laptop,Cable,2024-I,1395.6683831300443,1197.0341469580153,195.98849620385698,2.4168884214491655,11.724925837318711,5.00048280337214,17.051478526570932,32.06748844770296,26.857355718326353,27532.369973774683,752.8815096296911,1039.20200119371,5887.587550472316,7281.739335088674,712.9693764703612,1793.5602012147942,8883.594885615632,5187.432057604742,1077.6638957096975,1343.438475915538,11840.93240561121,3980.007387511293,1012.0321117720536,576.4729774924186,5559.889994155367,5297.595130899332,785.4713334368629,799.6173910687371,8353.101538497089,6370.145015080761
859.3348521563788,823.811709148162,6.513444577055683,44.24243300757242,10.775577852246588,18.23686597930526,153.0407569319047,170.8653929450474,111.17320398413358,-172.31357386855717,3217.730718538598,226.5608727681917,-9.562623196484026,555.1228739336586,70.14671596783678,High_Achievers,Humanidades,Smartphone,Cable,2023-II,759.1943396265696,1818.9629612024448,39.39907468258797,25.760335200307217,-2.7650404416243517,42.38352698009053,-0.8844524446557571,47.35913910398075,27.86354253657956,35476.620464513995,672.5293703023402,549.7288402537982,7390.26880943544,6243.15779583677,833.7926025941472,1239.9958558232665,5898.172042185761,6140.473222875972,1468.1961569319017,1370.0110662419602,7734.873482014473,3289.0779711170803,468.212755267694,972.4352314176306,5826.509415127933,9923.370932745971,896.2254341388034,396.46647880771445,6600.446291143076,5982.25953749912
1359.8254314449425,744.3243333010732,13.370337256069407,34.86905231784987,9.49352888974262,31.636972635643232,151.73148674175977,162.45948789175884,94.85284346752792,195.2922510091391,-299.5775327773458,253.51915431409927,79.52380831804946,509.5090415411535,63.7966269813449,High_Achievers,Ingeniería,Laptop,Fibra,2024-II,1243.058939457068,1369.6486201349685,119.92484170992051,13.497023280683441,8.25173385254789,-8.40547814496088,10.642019933102626,59.25530768838346,23.62523204851166,-8615.57615043035,733.1466498865402,439.41252384565206,7029.116726710669,5631.167388483137,463.5023566942475,2143.192296657624,6725.613445250953,5422.152628791396,1752.5264168970093,1978.720973102435,5739.592544377748,4028.323483342897,1158.5827229374868,600.6590864888378,6026.635968776987,9634.067169910659,979.0067244617353,597.7778730760415,7901.289462452215,4075.3137643270484
1037.5287979111713,769.7405753037865,25.297683568800565,45.679276472867485,10.598968645837406,-16.573221625128543,200.12671444510863,126.16163999860157,110.36048327705893,179.08949511483664,-2185.573400549204,246.53402719093242,32.31548027736706,782.3455700635768,63.915079982656614,High_Achievers,Empresariales,Laptop,Fibra,2023-II,1371.54641079984,891.9623442459524,121.3919549129229,18.908424121529276,-2.615659155687677,-0.1944700006735509,19.10256086416696,36.08512184809411,14.497973640736662,-8389.483537223294,884.4222236745177,886.6495034665111,6343.611689838851,2863.9197469231785,821.0589997783172,1141.551762223672,5752.867530497228,7602.243917916097,1205.894135361625,907.1067944525632,6161.323560832904,2197.009209430175,360.88592366957414,677.8586049740661,6776.286722285972,5200.160976211824,750.750449822573,558.0409378052925,10094.490288042127,9715.401596086816
1444.7301512855074,1163.0824787513945,15.331892413737814,45.2335714457587,15.892052055396068,0.912572047676985,391.46126422065936,-14.789395953288022,65.6700715045248,150.00629623925124,3947.7410958274086,214.77305212109093,68.11899390230855,299.6037684188739,9.563258973583231,High_Achievers,Salud,Laptop,Cable,2024-II,897.4708272050194,2383.1547300162542,45.881250088055474,-1.8224909838932,1.5995917942579831,9.500217129426067,47.27355872347344,33.85489815494932,23.565572172999875,5400.13836492688,765.4873070203388,445.2843598916183,7794.055961778285,5626.556894038994,724.3439028410237,1407.3863430885365,7773.063705098268,6145.274596016079,1845.411319229309,1079.9421821354458,10722.50733965922,2801.162295872524,986.6300522206175,585.981720698719,6325.351836455484,10312.776521575892,711.7779834900883,563.2133539839298,8338.368727784233,7816.313665429595
1791.955867081225,787.6533296529221,18.52239227384473,38.326580125984755,11.340641608082791,-3.1151877747298435,321.0949119169845,18.634791962046165,141.57011633660582,41.0029475103691,5528.457515599894,145.54426559005532,35.85306714220604,513.376240910572,42.4298085469517,High_Achievers,Salud,Desktop,Fibra,2023-II,2145.691191548118,1398.7498410492592,33.56444051006539,29.895912646217468,2.8729851068939123,-2.563405190895543,31.80872512822146,46.124746125975655,20.96621506037924,25319.62065921391,599.5542326419827,996.5983903367279,6669.713203743667,8897.811836924067,708.383176349344,1365.882474763785,7357.654280014151,2999.466406104713,1276.6416598120204,1043.5034546210209,9375.255915531496,2978.0155275861266,574.9155573992318,732.5335872717836,4758.03533002226,4418.9750413084,997.0614598439902,548.2172912495394,8671.845904924465,7317.995212979094
1454.9492008141076,430.7354566746919,21.145129291144148,32.45301423824557,5.532051848686688,26.958986154340977,389.23753627316665,74.69861390354252,139.04242633066443,600.0508563763938,3712.192590235721,201.3007785080604,22.441438181043154,188.93069029295015,81.41052495818448,High_Achievers,Salud,Laptop,Fibra,2024-I,1871.4591069825522,1373.0845460368846,150.67890765609374,28.810331224543162,2.3230919004609456,35.90015681055103,27.29743224508504,51.760962837253444,17.872079907350727,26442.51340728926,459.6141783893721,972.405046916355,7469.071440229185,7179.661713619671,700.555553395668,2133.8610667820894,6835.335310100154,5705.97937392128,1800.2899543761348,1867.2335563473216,7246.753718702979,3207.4197316725845,699.4996416842228,567.241584153733,2489.493971683797,7464.670614415458,648.574506466294,840.7042741700832,9131.273723205357,9067.28406884117
2033.926903002815,589.8418404675557,26.773011291148975,46.810890204276696,14.590866559455641,10.674189884737213,245.2978041584454,198.60044344885492,114.94145901329658,430.3480895704116,2753.762260592957,280.9008662372324,28.60046373330338,304.27120054285064,68.34797383108054,High_Achievers,Salud,Smartphone,Cable,2023-II,1388.4100509799136,896.9716539074727,-59.90277341973033,-5.2059221940397435,12.734230195629147,26.927633761007606,4.135018457239534,65.64171752365493,16.533368888231134,18193.96070226203,527.2099185322985,823.7349136164457,10641.182004154827,5130.050027094197,723.6762147485097,1359.2227574719323,8553.763958684578,8223.900111690324,1705.47172816465,1368.0886518608627,8567.86239773293,3003.713597598321,497.9164834306068,591.7065498481841,4743.47499693407,10613.755850025851,812.2190962842528,648.0526889908322,10823.691559227344,5142.677683272834
1239.784707634415,564.6735320675314,28.76986077780908,39.817554026188,7.011427165049557,4.899620011266972,173.84265942974267,152.07099741189202,85.61301418575975,39.12491663318903,2519.266883368038,125.75366966470023,30.613718284319628,894.455218912009,75.42590825542783,High_Achievers,Ingeniería,Smartphone,Cable,2024-I,1551.304589538025,1862.02852359883,-12.474174299321447,31.993516132495447,4.279195772247249,9.051533843020623,14.526117184462986,53.19403914160439,20.441796592013677,16300.248071043881,499.3291496420452,1197.650596751239,9742.872220903822,5341.032277491283,915.4279991269277,2201.767479748435,9055.642748314283,7607.365891204939,1247.8931645337482,1031.8986258465484,5411.912025047326,2575.1438010031334,820.476015501388,542.4280398670089,3479.487184577031,7389.381308037722,700.1088390929965,530.3627299033225,7332.628545366657,4988.615503748853
2382.612808483796,815.6301135362537,12.822371340693712,43.04424031411452,5.966586583529368,16.883014229398576,207.99783520655433,22.222672596569566,55.15298002934556,636.4732406214722,5622.640039883733,278.61956414397457,46.801324696118144,183.8983701505069,83.92604835375006,High_Achievers,Humanidades,Desktop,Fibra,2024-II,1004.7601875814514,2249.9471623377412,49.36936817890731,35.97835969282937,1.3801726931024554,-14.231996615909557,3.1149209183016815,46.14659617466686,25.72592186866705,16132.645979385734,785.3464404491147,457.062516932918,9405.212425935788,4809.277541714647,843.6230364714702,1375.7536874318703,11329.093036837006,8553.958484944176,1237.9132010641656,1287.7506793845384,7255.062589678117,4734.671517151399,613.1096139017673,882.3760994949184,5412.560527747019,10077.76276061372,942.5102722492095,700.9270594527212,8962.913813158983,10992.095256831051
1186.2552944967806,991.8189772374385,19.500679955987106,45.92769365854802,5.907529520095868,78.00091196568539,244.36672401390265,107.21640056473842,115.90590210992889,409.5024096917499,1350.1765982437453,203.4256644615221,110.08788407809935,614.9485867464184,46.28337894786176,High_Achievers,Empresariales,Laptop,Cable,2023-II,1801.8913979381505,1360.919462979175,72.35256151308741,29.36787310440373,5.441960862389613,29.141414286320654,-2.35538899440542,52.196676700733725,22.150796589093407,25573.825013970512,632.8074542509265,549.1952931395771,6173.955059381743,7524.14445704386,841.8911495262392,1261.955318143896,6570.16030940051,1966.4836773745242,1701.4961255066275,1271.3870957402096,4611.405549729045,1288.0969599439563,796.0659262490376,671.6750423250843,7223.9158642479015,4633.712502525976,768.2548719955212,418.83363593042566,7205.263597742552,7037.368935577944
1712.8917704714056,744.0808203474863,25.143534013356504,32.542528393503275,6.558516644935361,11.266375102414914,208.7705104671364,177.11963697065187,61.21122156428619,255.87206321260607,-1579.5669689160127,250.91512130049418,75.22604936768602,281.7371059369211,91.44840072375605,High_Achievers,Empresariales,Smartphone,Móvil,2024-I,1312.079450255101,1779.2886742590663,131.09120207872758,19.22571988014561,1.7403574965136244,43.877449455553624,11.207576490433066,45.48891952140519,15.332970583180101,14124.070384776973,582.693076494693,834.9810334226911,8679.654184722225,9511.758304351068,1169.0993486863658,1505.681177130946,8231.863308583399,6100.34434448048,1339.8146892798986,1698.2093627013364,7867.7915116966515,2604.0660181340772,700.675309056546,942.714525081034,5982.822018486347,8207.585641451224,954.8308265536009,598.4215745873316,8127.460555260864,8170.451389723565
583.1802872497575,746.6561952616303,9.966859643702039,40.92823374694891,28.91173448018025,8.689704951365933,223.0219830647645,299.7065226971111,130.33856711122394,-353.3194655965186,5434.446103471813,178.66418760193176,8.882509904306815,209.73788798620376,84.16392161450008,High_Achievers,Salud,Smartphone,Fibra,2025-I,1841.3156128625112,782.8294381522704,77.09387887259982,-7.443513378085326,-1.0636185688725504,17.950365008714076,38.25271888206645,35.25191281951655,30.27467722488218,16338.31785966472,407.2030213014002,1069.74546065708,5891.6284755067245,5635.267663232135,820.0899775014002,2056.75066198212,8520.209040726253,4574.345291965681,1081.4455878255628,1275.5054174044876,5733.672861550117,2733.461601651435,669.0083096845232,693.8816989148157,6270.790786721285,8114.647686693902,932.5437843481491,477.7937056160697,8309.020659812903,8603.772938895938
1613.6472749579043,642.9074004175213,15.719179310855386,35.75715087299772,4.18426410396088,9.401148381281105,264.78122610162325,123.4090709539022,71.95372006162842,223.52022191223287,1958.3155421124586,228.52668331225726,17.160628166196037,250.4642193754112,22.331841505342496,High_Achievers,Empresariales,Laptop,Cable,2024-I,1797.90860082337,265.40589013191936,149.38779193412387,19.804961011648018,0.584590073278564,6.36014279316694,16.931737246317425,43.70412327974624,16.00984176182201,15098.382410890761,625.0436998616991,958.5563335372409,7084.116707192439,4923.0565784507035,517.0557084862239,2379.7810451345213,7157.703456489831,5233.252495434415,2042.4115547973229,1463.8754136071361,5440.833756399779,4487.487618776897,490.66553795730636,536.0454130770445,4253.415592645875,7327.828533915498,990.7916419665437,893.6105131981839,9439.682116958596,5686.448182546239
645.7792740188588,962.5639270333053,33.69464959990313,40.236824980854834,10.376898593491598,20.731785012089862,272.7689619532195,16.116157429114097,88.36381397475554,278.76251818077685,2975.826201888357,262.18446617636886,48.764795824143235,935.502597065607,48.811280043787434,High_Achievers,Salud,Tablet,Fibra,2024-II,1124.7231248369092,1167.276859799526,70.57048951578001,71.18241686456703,2.1911328866435844,-9.253987824733823,9.02188460111278,45.29766410689578,17.654063926745057,-7009.285870710352,481.6823579886309,940.0174092524917,4177.929575849176,6411.220456075691,996.6074948588321,2145.2927912773016,6974.26777448562,5528.596486691135,1525.0467678777418,1050.782695319297,8505.84150452968,3757.484332413316,761.4245427601027,916.9794523106493,5242.130278478643,8014.490181648082,622.2842428751933,677.7174107495117,5199.080372279475,6671.167184127448
1376.4124651702518,816.9619306324129,21.180166595783014,39.703557928538494,11.664919333279691,17.769304478634407,445.738829903137,131.42792908930906,80.48837399121926,115.35763520644701,17.872569676178045,370.6314458182427,43.14416103314021,613.6603037780477,93.3360359872899,High_Achievers,Salud,Desktop,Fibra,2025-I,1592.952414691322,1791.076902069312,142.64342380953897,29.121079181946527,-2.8773120107183203,-11.005243210398714,23.493616305973273,64.21454876152116,6.866899840471827,6723.610830609145,487.5867405622845,1131.556451307913,9783.075078879356,5993.891039957682,1101.0828262075802,1764.9587926037436,6406.5824572422725,4155.865404945873,1948.1061525181644,1464.1698624900457,9201.26447009517,4083.0722180270654,770.2148319335711,478.6010596206751,2992.3971898692375,2483.935145877901,764.0719553128739,616.3320924634919,5896.039199816656,6434.146208691215
1143.3846556075919,810.6157750594134,12.020816596976823,30.23965007518417,4.559714460162844,13.504742890836994,209.08596654367378,82.3934209948066,123.63940114051047,39.45732342602841,5311.543319264078,146.9168091002869,66.02486233684628,781.6052862617341,56.80511244443586,High_Achievers,Empresariales,Desktop,Fibra,2025-I,1306.1034260633553,1945.9845935285773,124.48997513752069,26.912718170365242,10.473279030945504,11.353933646410892,21.204668462630753,75.5607115247334,17.23083764847599,-1482.7897838011913,893.4421991015547,1107.7137413008363,7326.921823364,6438.906169245958,947.6882295657698,2530.4541756984345,8168.10220621929,4901.1811465347855,1622.6323113868743,1337.7166284799669,11355.461303199681,3792.3030393324207,810.0647996992072,492.0344044495036,6317.656841043468,3949.461727603897,768.9818713509228,545.8284435620643,6161.192147661053,8631.110160583048
687.0405066125074,703.694483964574,15.073814217724966,35.16606915665733,8.615220065675118,23.72661739172591,258.5226089769091,17.95856717419707,115.53256892512249,100.7262081204619,2630.371987521916,224.67355780702138,72.48858604332054,101.24493192454038,20.61199683752875,High_Achievers,Ingeniería,Laptop,Fibra,2025-I,1028.2869757380154,1688.7462210667022,111.03143809882656,-15.756662086878096,8.50464758963254,14.489005838860386,-25.273189630765614,55.12253649523939,24.010552680505292,11673.420368488536,466.6927159047163,763.1067443046824,4935.788690603807,6627.305230005784,675.5504735784061,1713.5758560707009,6753.187484310382,7027.947815672799,1745.4466441163788,1273.156407800357,4581.53035445566,4083.703487007804,598.19493229802,612.6226124703641,6412.803271047252,6301.017910210692,898.695319593411,805.8802483679151,8962.869161227249,8068.4587885428
1287.2343370832748,742.6673687861287,23.018505365005712,39.48364701464064,8.884150943470626,19.05614135000242,227.61416445168499,149.27928899193262,100.71302434004328,122.09066633377127,1951.007495916599,209.8726871043793,101.9899520990354,663.2568012157757,86.3078768420318,High_Achievers,Ingeniería,Laptop,DSL,2024-I,1112.557253838886,1634.1066762459018,99.72226479165938,33.24886695143255,15.782267699903738,27.666689752152756,15.221883770972093,56.31161166730831,7.680932755848174,23213.094908467752,656.815113070059,473.5212286055842,7277.295578041343,7982.20286677562,1127.9647161306289,1504.2392192921016,4728.102720281448,6646.394332951856,1460.9476065105616,1578.0449834589624,7917.562598792464,3812.2441671855413,739.9412067502643,544.8870905393019,5434.689717837475,4866.004427360142,1029.424272501719,841.4723815112957,7780.484970067007,9266.580744244442
1600.1270904886185,806.1805560814387,20.628757975022317,30.76849206357225,11.206469195631405,-8.398142655185795,320.5050601320155,247.23675500836833,71.45428768553603,201.06235954968426,3549.6166449300313,372.3987579252019,52.02970725489044,236.15038369983458,76.59763527469674,High_Achievers,Empresariales,Laptop,Fibra,2025-I,1579.650070102324,1243.4499817418446,41.04407990644157,26.810579382782088,0.5345688920453311,26.187582642285452,-3.3155176233126546,58.55152146169369,18.28862654096348,-8712.368221390563,529.5158707691107,507.0675801540616,7775.52592419752,4238.6344283732815,645.7187045956532,1362.1600842044431,7698.24657000492,4489.6383217317825,1004.105048134839,1667.9451243006013,6497.604675406852,4062.5593341340436,714.6625005436659,692.1335764864737,6694.385714028802,8160.001493521628,983.4261446057417,830.8811555901664,8864.7704770067,8464.722468834163
1146.608085483812,676.2023492276494,20.652278043154453,31.302402395037245,12.16334090324617,27.496561849722916,261.98019858656164,311.2092978929125,117.46699152662218,373.61828999833307,1512.0651556668217,397.52188913664787,35.26975990783756,59.91726098158813,61.45817199932837,High_Achievers,Educación,Laptop,Cable,2024-II,1483.8096529560082,1042.1424475258807,-2.4312351488434167,9.478242127908835,11.799585883643513,20.538359062792075,9.729032402226112,55.51448137835918,12.246331722150217,14441.482330320787,892.3540563678487,772.5851828118928,8621.068434604458,3531.6370821503147,716.6921265955175,1300.7323954581757,10568.061780485408,5938.1459714334305,1352.52642996829,1486.6562257697917,5388.129030212381,4159.677862875581,655.1302849649223,342.8325208166314,1731.502509387764,8274.69458293404,697.8916141687934,570.5986248997374,11631.638388133091,7697.763022825355
291.15733580753704,992.927657311647,24.23794374362641,38.29382964707129,14.857177753367434,11.072243356711951,273.20670348943463,-53.002442224243055,129.01836329877628,-290.261649845379,-977.9855620448047,273.2468451645674,79.77941409043702,422.3372379593192,78.50138750621734,High_Achievers,Ingeniería,Tablet,Fibra,2024-II,1578.753773411485,1029.5129070564617,-20.685433224275137,53.11763309687157,0.5308133362337022,47.0031803141103,5.60186250237032,65.08463644102193,19.99972637723925,7323.2963328949745,538.867538307503,752.6041857456252,8147.060902605169,6719.898610140479,697.603679192252,2230.739383909502,6046.262094365451,4526.326896455685,1761.3376138122717,1327.5183348418757,8666.685845073758,2386.3743772728467,492.5229411988345,913.0168979623231,3561.4951830213795,8361.159702715768,1260.208583176041,603.2872048851411,10243.077695018199,7654.5866690108
2544.302666238974,692.9669476478473,23.617057001042138,39.979555472644826,8.659206488448461,16.94913392793323,148.2992699308458,149.56709457651544,129.13047293709954,233.83653140825712,4990.5888325291035,327.5177363799952,73.97987799918583,-161.27005936318045,0.24859808135508388,High_Achievers,Ingeniería,Smartphone,Fibra,2023-II,1355.6861231154742,1405.3222304860783,97.90726662826191,20.211928855358977,-0.12520709841210564,16.172747716482032,19.044307451294937,28.964021557178135,19.956719742567202,1415.5501778630314,640.413124446052,965.0016106134599,9264.45493136184,7320.544269203867,828.9655449138136,1856.6830628195103,9939.371888691212,7939.371135943991,1724.6772661769767,1470.1031568099697,8911.142464784258,4645.9695360991445,334.59023940335857,569.4129816554218,7041.344304127757,10654.85516794094,837.795308336618,763.5912767884709,8058.91421022805,5383.231025043615
1539.6935950735678,733.7973134776902,16.177649299284283,37.98628048662599,7.488288864343897,7.680787935691855,228.67587804062796,140.8110216554878,136.33327753239527,21.014179228130644,3464.3911690373334,332.61876585038044,-21.046139249977692,580.1043618466722,61.14322311781107,High_Achievers,Ingeniería,Smartphone,Cable,2025-I,1349.6679329991066,1647.6591976185177,79.25779093792474,21.611274916958713,-5.875386837661243,4.721481808286851,10.585005570065052,50.91710863743415,29.260909078982188,-26122.16359019925,536.4331723960028,631.793522307744,11001.41925909698,7049.757850844994,782.4636923027846,1995.085563166816,5518.242275361828,5816.927065090855,786.5863259716557,2009.42499608455,6505.665576348477,2256.9606943466115,1135.5054775454228,962.0092962840296,2400.2780136751985,6651.879361863396,585.2168439042788,588.7105633039588,5192.5798994232955,5807.64197860674
1908.7385217785431,745.0266684792882,20.546023903001,32.7217004510853,3.316749903507012,18.040906368348406,165.98586001621837,86.95848022559659,111.24530988772098,319.4544402250367,1595.1910219586337,290.5192284202734,99.83921868484711,-10.597043767210778,52.44682136412984,High_Achievers,Humanidades,Desktop,DSL,2024-II,1145.525583443026,1174.9068252748957,108.12559696318786,50.23092842324185,8.630721794542417,13.364583661146842,24.142365395199718,43.71747257957772,5.791832566866445,24827.598340964483,443.03018541474984,893.2936013492135,5902.100527383798,5792.035585758674,786.1571409718126,1713.834723194361,6163.473477782328,6285.8073909323775,1131.485750708672,1652.853863444133,8623.287162348897,3880.961439523318,909.1584388239944,673.0661867083708,6225.617024867214,5800.184945028103,668.002681061546,683.5359183786605,8118.98637308366,7239.133663392419
1185.26546700162,807.1188249688054,22.65445726730387,31.43692373249345,11.95389269976044,34.288300081908446,259.8898447290717,198.91799468710704,125.3186022535875,-455.7122372349196,2373.8720375641774,257.2349117400294,5.852062999239493,59.673677840246526,72.16510742205148,High_Achievers,Educación,Desktop,DSL,2024-II,1337.6439885867126,1230.6816973436112,156.33659469575048,19.637192736356916,9.605331332160581,17.71036760569933,36.383811368711406,58.32560976779502,24.261713611743467,-3155.5493219143664,538.6203920041346,714.4980139860975,5723.779105183034,4199.1479223934375,834.8450819384645,838.7127560537191,7228.918957044145,4865.8321029749395,1046.016649364432,1141.5723978203143,5914.537546066382,3848.559106635381,646.6081456973068,735.7726435580205,6731.639418349697,4355.781071031828,830.2678865798521,880.1134030158559,11811.83382070385,4254.426172220884
1647.5015847150416,366.4204426336891,16.91887602498417,32.572730714007996,16.471004791076837,35.88429071629806,237.57223121347073,43.06311391454612,96.63345534695466,247.25885841402658,3492.392696724995,224.42206784236248,128.35783530512023,639.9114061352604,33.64830011438603,High_Achievers,Empresariales,Laptop,DSL,2023-II,1189.157712679796,744.6950573870048,117.49286543841542,27.34242934064871,2.63445520632314,7.177726467147384,23.29236554343511,56.01703138375483,19.720990857759475,37018.22127705822,592.1165626281191,1128.4525976022617,9134.644900842066,8346.557037694416,743.9979663724586,1346.1384058694523,7526.086655251263,5935.665162550506,405.70818996208664,1301.9887995874367,10774.204466602907,3150.614529579639,686.5819945532546,554.2086253898615,5280.143692195034,9151.576905655027,430.6778041083736,697.1953566899385,7264.119138759355,7972.626124181454
1027.3112710950872,662.6424139581186,23.795208481233338,32.50893279312462,5.571800787350773,40.32593636204717,94.071945869386,155.17108420974608,121.40146552301579,114.24046872117881,-815.5502310190802,186.00544430610893,39.67225646730501,186.7610135225886,70.464997576433,High_Achievers,Humanidades,Tablet,Fibra,2024-I,1093.603792246378,1434.2859756263774,175.14319308857176,63.589216233000364,2.5098058150714184,-15.383692770470887,4.577855896354217,37.32002272758275,28.12822737026204,2976.686849449618,438.2872838716745,491.3762033504015,5116.12639918758,8769.767353242783,716.1505941892184,981.9090608695687,7023.985292448594,4824.6500193745105,1228.6306466766496,857.6709704631503,10016.569721619579,3307.302534677868,761.851499102996,415.6181288128781,3434.344929486558,9155.63917901616,608.2159449879239,291.3190974263906,5285.342911819589,7688.547091963877
1449.8905271120211,736.8136429108105,27.317717296543044,36.7530909169833,13.669194234995825,-4.942477454613366,342.34678667110205,90.22872887089846,113.98014137945657,326.0047555052429,-979.3964120338785,218.43060220324514,76.71127121545935,217.9903585375843,66.6257534085935,High_Achievers,Salud,Laptop,DSL,2025-I,1415.5781999500516,1886.7089027484076,70.19505840428374,10.763267752392094,4.999296944758651,25.914510982061927,14.428295196778482,31.362729791658417,20.630878661806342,11377.317526605533,666.2887358739125,543.3459307407672,7834.817979943922,8375.212553888963,876.9159754899625,1749.8486017965906,6624.57395183033,8091.8219367824995,1671.1853700832144,1229.997999622901,8436.100838833305,4289.382868077328,673.597623612252,858.1217130772012,5398.951230512661,4697.640931287516,609.3499021265593,603.9484510941785,8828.43040628885,8616.960143038517
1184.9949429928145,612.4506435021418,22.526232754573147,36.27217288535645,4.35140007833723,-21.140334566816524,143.87410499672706,238.1378397935215,105.278160592428,773.8009837791644,-1343.647918783408,234.8044154342687,-6.931767100180949,-71.58262196254715,65.64559339010475,High_Achievers,Humanidades,Laptop,Fibra,2024-I,1119.9212220336435,1137.7140348273513,187.17834820823413,-4.091444493239127,0.9172400504053599,43.86442568808028,11.078402243185632,49.23326989300185,26.877707608997508,21824.583328458302,500.8616456981963,994.429668557427,5042.7226859273505,6553.1215291381195,850.2491196055951,1784.643083910602,7647.104997954517,5362.253325769281,1571.602282705605,1011.2341612360419,4799.019095877398,3516.4600129817286,636.6329109202429,875.2434368368622,4215.912225909589,7992.46997054013,1157.1912250021649,903.8337214741647,11861.669206441175,3318.2285891932725
1560.7883625540908,1087.1478446394594,23.338445137895373,35.20480911569909,12.913752309996745,6.336170695249629,393.4886570547352,80.42236016274445,127.03445674543127,-396.4712268700319,3767.4703299383846,287.4792351791903,27.197729455039166,416.2180433047737,56.655360525170295,High_Achievers,Salud,Desktop,Cable,2024-I,1556.3988110061,2060.74996212995,265.08395541942826,32.13298030187094,7.753801335574568,-18.30394364264999,25.436697496693238,49.84471436677698,21.027747365613834,20619.693106774543,702.8586865015225,993.9518461755512,4672.808155404379,7208.734779889205,967.3456564703654,1401.0895257038765,6894.372903891883,4213.283715335999,1231.3828695486438,1376.165847505609,5747.5560358112725,2529.3528294721577,604.2708955975462,733.7214968511773,3506.489399574692,7243.061603444052,816.3527671990153,552.4592891477025,10573.924051972232,6325.159975576718
1956.6478474183205,612.886643850411,10.036467821800214,39.875622618912345,5.105314789931848,26.726145698465757,386.2530771968218,172.45171276681407,115.90724823026616,144.30364591633858,5004.341821687742,276.71312171796137,184.53847829738794,252.02792920646772,81.67141948634026,High_Achievers,Ingeniería,Laptop,Móvil,2024-II,1547.7612873726187,956.2361511538381,65.20531012826629,17.922699371362505,4.350327301213956,-14.980003648409575,-0.6906873995988398,59.03411855245256,9.254979589900595,-17087.37796287266,725.5022594279573,734.6961429964176,7171.055771760372,5915.864227957585,1118.8533066992798,1783.199147748395,7245.423379508291,3973.951565132158,1403.2706626114223,1356.1868017919498,8220.265382628055,4206.1770929020295,642.1421971277606,722.7292176690448,5481.611914813221,9320.826605965218,1033.6281940420977,630.4545891144026,9758.079904653043,8872.967833054
1025.0496907075085,883.4024260214503,27.638219005845748,50.3929113062604,5.930876357793074,65.33024232864972,251.22181961434418,-27.342412194643572,103.82016940195827,-162.73846586948463,2083.5184675801615,365.0349391304921,63.33425204195099,260.87062375019127,43.67787477234687,High_Achievers,Empresariales,Laptop,Fibra,2023-II,1458.7121324753757,933.6123710729121,101.63568481235394,29.690763756741863,9.00549207387017,9.57458681389669,18.19148662778393,59.140588240372004,15.725262496374306,31516.922713401393,648.1652235113324,887.7449815737025,11135.929901811664,8272.181137508733,924.3472323679032,1735.06196488815,5670.214717702154,6819.347802217353,1462.556822908909,1861.5839504632095,9721.421789766597,2130.008990663781,1055.0991023963124,811.6165645033162,8325.179226372893,6618.972631542716,783.8489776183063,681.6029378118089,5209.5404150698105,6188.887057354059
1160.9962691242756,957.2858500211297,20.915978379186377,39.877525597332244,14.27126072225104,29.223232426506126,201.25832695939079,224.9370997173093,98.28324106936736,578.3135175023001,3053.423184188311,428.5461594761897,18.002978263617074,137.68225593389224,40.030239566061056,High_Achievers,Salud,Smartphone,Fibra,2024-I,1029.3201460038806,1098.7391174713832,119.92801232608413,8.366697966828538,8.097893547631998,2.2211119937156614,-1.52916188690768,57.11998037844032,22.87191951060081,11734.598551487234,593.7365621652568,618.2155714100184,7630.202635945802,5157.9245170740205,776.9775606016607,1988.9807496302424,8923.681922099848,6393.132157380557,1405.9642915016957,1326.8052745732027,7344.968903537752,1999.035355147468,754.2721581342086,595.5926747589814,5019.503238222952,3878.1288743030204,626.9899074301048,733.7464129167458,6852.891150788453,6412.279477585302
1020.1317680975866,858.4488155203337,14.245608829659899,38.70224572334403,5.456812479002595,29.051665594130554,290.08897409265205,163.17965576018506,94.4502484947066,88.08350395332269,-1224.6261502756875,320.66686940028495,71.72168482553153,210.911938122403,29.361674208212484,High_Achievers,Empresariales,Laptop,Cable,2024-I,1186.909280951434,442.9635476303748,60.68997629370221,55.760624902657874,3.1746597013233457,18.95223962083173,12.026203899150907,46.34794808687911,29.80283585300997,19318.84523186507,561.080032850927,973.0685278368454,5588.189237381892,6289.22590871921,855.3929882404493,354.1206659716329,6392.939401642026,2514.838255686522,1622.5558921850113,1542.0841878057681,6857.908460657017,3697.422202652341,706.6342033628197,605.1656006801006,5324.5673982719245,8056.790056960874,595.0253279333771,906.7811524592221,9077.61095109699,8423.079427512079
1593.540284183448,726.9128027078074,3.6561870986093314,41.21018578368428,8.576578092528864,17.77895454035933,295.7518632771325,123.12615226950612,109.17399171341769,261.0075278193885,4016.970580561998,212.2583344803092,16.281592377149536,527.9380976594616,46.90216045640464,High_Achievers,Salud,Laptop,Cable,2024-I,1309.228392641416,2189.848243471917,-6.096378243801752,50.78178098172067,-1.7478595203668221,-16.25124781857076,18.6777374746535,40.7938184259898,23.59671056899274,-16281.901268313879,835.4033390865695,1312.116307996282,7233.191953300614,7902.5562466607425,669.4849151788767,1427.5983838524398,6360.249160404235,4672.656491281978,1982.3919814215838,1405.4475799281427,7725.453297387872,4377.697213064016,560.7868823393605,759.9269571765855,7600.330322101714,10316.018806591175,1090.8177791904639,490.0813367454072,10089.056087437546,8321.292962953114
1879.5262978483686,733.2240442268482,23.786997369205167,42.27478852276245,5.560343719962921,-2.8011150119731845,116.70198589328587,188.48231039289547,124.56418672692844,-120.78641334398982,-1144.7625023223839,143.54320619016102,83.30561734094815,228.9435802426567,58.87184559402512,High_Achievers,Empresariales,Laptop,Fibra,2024-I,1635.4034194418095,353.13264683933085,124.49348025371933,14.426270562387261,2.597419756396419,43.44081649637574,8.730249897925495,35.480981367213516,31.168764182958853,36090.68024777369,463.4857541796483,850.7889051312432,7592.329636097909,6713.585510388936,669.7886687249329,1129.5487051690689,6816.244164493996,6280.419107282074,1381.7102238673322,963.6973829365438,6702.170914432834,2289.753350121313,1258.055346146046,872.7616520860716,6990.350296792976,8079.362796348566,691.1431678859177,626.5184838328548,6803.990592816917,7236.00092473508
112.24303437242179,776.4278420214889,21.494993190132597,30.98953243970276,16.168890276002404,21.620014222690337,126.72759141525292,6.727193471312475,79.5715313653718,-136.89021896958,683.0687513003425,217.3486752090342,14.138004373741808,449.2868792061822,68.46533348171485,High_Achievers,Ingeniería,Laptop,Móvil,2024-I,1226.2838089436177,1625.5126885639872,-44.87567383762133,24.239012119531846,1.2759993418031943,3.0686511452093836,16.754478678739975,49.926710196335684,29.148717525077558,38058.19176137056,439.1996762777105,899.5336995197349,6416.149293884159,5599.185403476327,841.6159704448421,1659.9084995469332,7164.765946976797,5579.6155990815505,1800.5456238802913,960.2063881251189,11157.550449019054,1743.2845361604418,1036.2895287390659,443.1974787046928,4968.390622879646,5651.327917877785,898.7087617285401,687.2769536954028,4301.991101550325,8674.195928945155
126.44471313067743,659.1896321785603,21.636114917020475,36.57091766898704,3.010318839678129,17.134031034176786,422.90206571652095,194.55447892730032,84.48907473314898,149.63502042862416,1792.532239061095,328.29283444033683,71.3795921280709,-109.85739199031511,36.9522954487377,High_Achievers,Ingeniería,Laptop,Cable,2023-II,1300.3580114258461,1105.082444004444,72.78713209030298,9.21019648977044,12.418502149888331,-7.1299095141642965,-1.0228366325032958,51.728618506343004,28.062603161540245,-11682.360937546142,384.8791894782354,696.0839103437712,6676.053336834617,2594.4497745982217,665.2706426721377,2561.3661941249334,4885.98884211074,6212.973464457037,1525.545986664689,1984.7902098052696,7826.856358479503,3487.179879863109,769.8356277540236,560.3933261465153,4092.627069574012,8645.085532015884,700.3936637940284,677.562874404486,6545.377387332945,8265.471125885044
1671.337184546957,777.5134489062631,8.782287342665263,33.832800738190784,12.202066332719323,40.486736452436446,250.10580475373683,163.597020345859,114.697564369568,309.44281771868793,3125.2523828990315,225.07788619805632,25.54882584886888,-111.35662945368273,25.01735755387275,High_Achievers,Humanidades,Smartphone,Fibra,2024-II,1623.548595051835,1431.867955596416,9.787317827300953,35.67037362118012,1.8638146100369188,31.072855610661605,0.9442810389781726,48.05398186369322,21.7801401964465,20850.580311866866,423.9411111088325,561.4687227174747,8085.906639321456,6524.880633944998,760.5684275990118,2470.788514412669,10170.094748946227,7953.148745554619,1142.4359136861065,875.9444697793544,3425.8377664869904,3216.0149191670353,515.1530691744367,729.4525170977143,5314.087442561324,11760.559605903794,598.8357877643268,340.79848704544946,6518.668776508427,7393.601714076567
2197.133335211119,734.1249864337108,20.522634711602795,34.07272863603628,13.495076272260198,0.4656588905179504,218.03331934602764,98.86926681729048,111.71982984084775,-256.13912728984053,-1400.0934495528136,233.2086995370332,18.909979734064226,812.8861963852205,73.54429136675887,High_Achievers,Humanidades,Laptop,Fibra,2025-I,1891.6099671312495,1029.4329024194035,93.95009709702596,-5.118726010517301,12.03141864216104,25.930379304153803,1.952148068035779,47.783912055035316,15.162625957808356,26498.157589760296,720.1421516908638,978.360038457634,4992.823372099133,5000.999546767306,988.6611617118097,2006.7990939268668,11347.428744747609,6743.5625423002275,1843.7440267377644,1754.7961540630647,7920.834990890916,2949.315528380317,1011.4574451293435,710.4932239727751,5215.554030284735,9073.760869620335,1030.6590751438305,725.6413899195418,8427.42567675631,9812.168862227125
1500.8087324002859,623.8933594806366,15.64790479811126,48.91090517036084,8.780779128536164,32.41317425833354,372.9291009484542,140.54691789175834,77.26678447080447,142.33874784255863,2342.19856328498,245.16757476631005,90.4280679792287,346.91609064893845,45.3213102168406,High_Achievers,Humanidades,Smartphone,DSL,2024-I,1611.4708447702915,1196.0841792382569,118.08789617042622,-2.498570414976106,3.5240806310441086,6.038784431945512,8.128561530788062,32.31397815239953,24.63208263317256,59513.085324715794,572.8993122118044,527.7733806902669,8014.878469501041,3271.461951453997,1228.1360518798292,1348.6181181004904,6446.23844133223,4791.379691138393,1163.6449839046284,1787.9205685520737,8325.750896762875,4446.086982137484,1040.2302118432017,567.3301659230158,3994.3665082860193,4854.533231029063,811.1659217878826,521.1770132709893,7867.701375833576,6182.942343773941
1034.9421612529752,632.0105050550477,21.306125098640223,36.9070857225763,13.443630781178296,13.129136771370858,294.57072033076446,134.09435723670933,84.78755480928777,135.2681602197219,4156.112097718101,135.6193190830028,26.43560323103522,-19.709462417377495,91.24195549568908,High_Achievers,Empresariales,Laptop,Fibra,2024-I,1791.4035688507215,886.8035720806001,49.54632388124476,38.172644180554734,8.202612345298947,-1.8023948980842217,10.88747660393149,55.71657510815867,9.98734231633082,-31549.444107107098,259.14589464380316,820.0955559200453,6864.139700115766,3073.6993045825006,487.40918145702994,1322.0086277790897,7407.943783011218,5798.126969400759,1438.7222432925064,1417.0900605606614,6419.732050070697,3013.491060713962,538.9243865176107,478.0708766229129,1765.3195177457865,5702.204466558162,605.5477273099322,562.8100105354227,7750.846698109739,7430.41321781216
934.6785978843453,676.086501152659,21.333586613872217,42.92829984507438,10.233284502806757,-0.034515972324008715,189.6749653994993,279.6452823516563,114.54226472869817,168.10783027990226,-141.5900397673854,296.74006725753026,56.69395680659238,343.67216933187876,72.65442107205267,High_Achievers,Empresariales,Laptop,Fibra,2023-II,1880.6087018174599,756.9835831847784,155.01675191419068,37.31058749184962,4.355495863259236,19.96655386090395,8.839913435346979,52.97272903448536,20.80316706155769,-13964.702768196557,897.2808384769356,919.9618848160333,3892.7815594077324,6681.4390638967025,883.2792432778451,2337.1606171591875,9675.361073918171,7328.391256787052,825.5243799119561,1769.8126511704768,12178.206555970666,2359.905691317965,772.9477811734483,797.3283250798695,7288.291843597905,8040.30244401512,559.9387505222954,738.9681457693925,6587.862323615164,8210.041770771717
1944.6857642641235,636.7458345510636,18.33622116455999,37.935963240370484,14.60298144304343,41.2071955467528,245.43680035456583,186.66111970444345,109.33682551723146,8.056618607787513,6147.196486983361,183.48321086954715,-6.654083821367234,292.47054007548826,27.9142238378344,High_Achievers,Empresariales,Tablet,Cable,2024-II,1400.3727124726463,1076.584814174077,40.75058738275607,13.70326873225298,3.9958332629531723,9.290114324576102,32.70272533576538,66.68806257481101,9.320545442280574,13441.26413678571,434.2584994414862,891.6659806579514,8795.669392686843,6027.723151658982,992.7563797599477,2459.4294902043357,10999.66131721626,8201.208316775559,1464.57680100008,1309.830153411336,9204.16102715428,4102.531511930016,814.1190964149795,906.3937460407623,5464.013398883443,10845.38322730722,837.0891181055151,683.7598833910183,10068.228802300151,7944.24156005461
1477.4494814275752,989.595483531,16.644231828437036,50.37068983429681,9.434588059956337,31.448619583822893,244.75360954584036,244.56926536414943,128.47094434319683,-71.0230185451731,-105.63122017128967,284.97591529981105,76.81289521640318,121.47398946738323,59.84477928694873,High_Achievers,Ingeniería,Desktop,Cable,2025-I,1205.9246999080613,1070.4199505281458,-5.888255465208836,30.08673897384978,10.575863657913608,12.440823298024249,25.904120588323153,40.10539016825938,15.453379645955108,3318.866045282607,751.4258741209709,617.697353567589,6082.0824027095205,3401.030861167088,869.8368421753728,2878.280962801281,8332.503661402096,3182.5687115015467,1609.2692638803787,1361.2691038031112,5881.803289534202,1868.212066194628,795.7739240816142,806.2098431973025,6802.100962671489,7813.472701502441,1145.8667485892026,474.19862090084507,8596.43409750421,7447.011888233611
1282.4434169817866,938.0071095080253,25.727379403463313,26.39361760177127,14.244137315516586,35.953156496390804,367.34254062153724,151.0465615189852,93.34782028894779,-340.8740777468435,832.0279181143601,416.04246802317573,28.704699282450218,147.8969361818014,57.59998942102081,High_Achievers,Ingeniería,Desktop,Cable,2024-I,1257.5345452145461,1067.5670842037812,-51.85230455890106,23.25834196737506,6.232491483512516,8.179518746888807,-11.11825892328146,39.258667835686225,18.403494064621384,19116.655185205876,721.8234824217565,842.6046182050967,5530.857624835231,5794.598871707896,796.4020754226016,2639.9865783616633,8004.638082425137,6198.485354939209,1750.5411221525655,869.1864309461313,8147.094346749541,3496.626092699396,697.2493914380204,650.9886290324871,4167.046585791783,6104.351492147537,935.0704462334592,513.1113661670606,4877.081751773287,8343.413992900269
2569.3421335910416,781.5609894004034,19.79733031294697,36.457011106218225,12.060489118486988,22.046881128872855,232.14200839625633,150.08439221378785,134.04585992032617,-17.11983240058919,1984.3616713663107,300.7803276658305,94.5582187856635,253.10408553321838,44.074690976063835,High_Achievers,Salud,Smartphone,Fibra,2024-I,1323.1022277082086,921.8453312110435,98.9650764325228,13.692463816349873,4.688578269102182,10.963407662325722,28.416607232642917,29.429256955889425,29.15687893627308,-2621.646989591948,529.4441856208261,873.5212517998675,5104.761942182745,5379.113217988773,952.9391494646128,2655.266409415174,6724.7565127725875,9036.738311772573,1405.292216902682,1537.9309910040438,7931.073116298551,3753.954014861986,888.2480309626093,440.06903938286723,4938.695391247516,3994.2580053180736,587.4131888670673,632.8182185467927,7240.542719126039,6590.2601274690705
1700.8859644699,618.8123794605679,23.64774970482297,36.121653704957616,15.392685647931145,-12.18295433187425,335.7174264575007,70.64341276466399,104.75588922419104,164.95122993238712,875.101234395363,190.92497847764864,84.54407130635954,1021.3335739338788,81.04169743349095,High_Achievers,Humanidades,Laptop,DSL,2024-II,1369.9533222136415,790.8746905593055,81.27430493758199,18.31128587684877,4.019106744130431,-1.2387316029579676,27.15913188854279,57.890843104326414,18.52922234155942,24587.35975637338,579.9660970617792,849.7627706169907,8458.432580422152,4946.622978312491,890.7312686628893,1650.0865851248318,7376.477156311587,4296.8793193323545,2330.213465446966,1173.8494544802916,10370.052534910592,4451.068913403792,771.4715368537537,349.48776143770294,6118.835676219685,6553.984549028868,586.8652605796359,529.2473839555165,7097.034069153054,7934.3001600733
946.4684697774535,613.0685547442671,20.560849019759985,34.69543264357347,18.45496504735369,4.299871430762057,289.50718371669336,18.797528614829204,92.92780796736876,688.0890432092724,6303.452066905868,265.582681041023,158.69276158167773,191.79227956817087,48.85179496365049,High_Achievers,Ingeniería,Laptop,Móvil,2024-II,1485.315697727568,1016.6428434007004,164.74805324452888,7.248130619858506,3.873464448891188,6.673350461432612,18.06321103275865,57.63244537356073,9.267437060110769,-6225.634553733651,508.19854113527833,369.63060967146544,6290.0786368254885,5237.553896439296,916.5624076977477,1585.5445548117998,8677.402619778606,7631.942076184837,432.0017910277237,1749.5930321854232,4554.896140606488,2713.235966372703,980.8951935337807,671.9066121732719,3532.0292353585546,6959.730355841123,1000.366973184203,546.3356421645481,9084.186518397924,5662.259105343958
987.9767302085668,808.6142104690196,26.523657283005452,43.15904833282351,6.764045642524845,8.529604515666401,198.9801230707006,223.87070059734492,80.48507796293215,243.73411697763595,1099.83400894571,279.46336975407627,3.6583176810499545,177.77548591661574,43.502915282217174,High_Achievers,Humanidades,Smartphone,Fibra,2024-I,1694.424798202237,1498.6596954500435,66.80249736003567,47.7076116261031,1.152484747128844,-3.525247681257639,3.194509613239072,61.737858568181736,22.585666411351504,-17823.01937378611,563.2036897410592,1077.8397610211484,7538.626165054524,8415.479563307881,807.1906489291962,1381.5985050305505,4925.630655150475,4849.912406772542,1856.6061830538652,1270.2634269518048,9249.939920297096,3923.7533047397224,963.01385634909,546.1835580986126,3341.613520113409,6846.605480054795,729.7125035819813,656.360902520252,8884.758535682262,8502.562984536971
1964.9446589882334,627.1136269644728,11.296402757167119,39.486575002817645,1.9887140230265512,-10.25134668747842,318.48954807316716,153.52612810888715,72.57389616812094,-393.1876738046233,934.7361020282832,287.5113186292357,76.47204810803304,134.3448300169913,30.339657707234643,High_Achievers,Empresariales,Laptop,Cable,2024-II,993.2478240317382,1206.3047586447194,27.69365864544682,8.377880880776228,6.324298579064601,41.91782482758122,16.728714378298655,61.71425638412324,18.934256915959374,9592.374516547086,292.9327140069248,830.3863197380605,7283.017762405124,6052.788998604897,639.5097618016362,1663.841476107195,8748.478044264271,5693.874495857245,1703.8521393029528,1804.2505283132132,9564.925154052213,4285.698320360884,930.0602076473672,542.2511417884732,3244.3279298110974,8705.266556702627,788.1765744901339,594.211577734085,9248.856058363996,6708.173997105632
539.941421043218,720.2670124677477,19.90885593550811,42.3221600903907,8.153128534702804,1.7476711458436256,284.05533581120267,173.56050975999923,104.43821049000582,423.9519478821243,135.4003683639162,335.27053096479295,48.87809044720713,-301.3284044237076,40.649933453727996,High_Achievers,Empresariales,Laptop,Móvil,2024-II,1736.8375489078435,1393.139140933714,82.33730544958719,11.878059330225575,5.152097008290356,40.35370507765854,15.361472709338177,41.27203009070445,32.643734945564134,21237.924327260145,652.1884781568508,1056.5116386675504,7093.1490725117355,7930.296271976692,1023.8115211182003,831.1244489416544,5327.688051186853,7511.59147739546,1655.4521519850503,1404.8599763414077,8087.591388537768,3120.96865798684,805.943891654557,538.5117643033129,4817.035596768575,11943.174374888476,470.8983004187108,567.9159977585782,7619.625640431792,5534.191276217913
1503.8583927051075,655.4859496308914,10.387029551657974,43.02439996440794,6.75778047638158,5.999780848676501,334.4577270002674,51.36817124287148,107.89206374035693,199.52090295934218,2214.8139477222776,155.33739583191954,-31.552820006342824,149.05296083109937,80.83620979558209,High_Achievers,Ingeniería,Laptop,Cable,2025-I,1180.08060912036,905.6663619019826,36.05274350190274,-17.765196198809335,1.17598814697614,-0.0375560516952973,30.54292012538422,55.003625293207456,26.32646704691532,14431.384579910497,904.1415045955991,1143.23253714448,5430.71136802572,3450.64339410444,795.9177474525393,1675.2840221003878,6289.46649499137,7687.373279911134,1023.9553450839663,1294.1428985401863,6071.76641687627,2389.28511216604,1015.9530487966773,636.3478666553331,7607.320283608906,9642.910888353857,638.2458359635186,558.4052087261708,9041.42122922191,5904.643084073846
1021.8569462606048,821.4684728536286,17.95020364511789,37.60354310710443,7.84589853234905,17.59631064858468,274.1422914803705,118.09733139790217,109.98153659225123,528.4830095781397,2071.318096156087,345.46253132419537,107.12548416926249,144.48663404438344,37.0722040660701,High_Achievers,Ingeniería,Desktop,Cable,2023-II,1495.0750364839614,894.8204483380305,111.836542979359,64.18746607424967,0.8754612925372708,31.617013759620647,2.3065786822000014,68.72936923501184,13.430830606372654,17261.236137733697,807.9842182286505,956.7211176457672,8762.2616155287,3566.2894812244167,833.0500724123306,1673.3388907653978,6832.304236269936,5153.820917333613,1427.2000304968308,1773.4458296358066,6232.768716815267,3075.9993751187712,605.161659890644,599.081104927883,5968.167878598698,11627.710416857462,637.8785126474561,546.4928535063623,8360.664907855553,7832.559078479144
1510.7819451975754,263.6819683949233,24.87150639896773,42.37652192618486,9.223484112466926,27.108907572041296,187.57311850312672,114.19799863872021,113.2910764230864,701.995400297103,1373.463568896279,191.1989746231639,44.02043636343102,-102.61933819522497,84.54797904063341,High_Achievers,Humanidades,Laptop,Fibra,2025-I,818.6514818056461,1478.9833838530517,142.89269640751675,55.736442387855824,8.6129177430617,-4.796679818028086,12.462485590828098,49.324854068157,26.768617111111872,51282.42603704167,563.0023881134142,707.3119518498875,5283.151611603462,8307.928285665366,1076.5228497394585,1306.3851854807067,7141.218063485084,5258.874614377012,1842.5742434672636,1335.0356559705099,8536.978083754724,3024.4337976295087,763.5305429628409,952.5377557427227,3428.38625653686,7949.634075374446,966.0402643983809,636.84299412089,6262.5249093216025,9438.169915317198
2147.55190056935,830.2566105067868,27.690098510411225,35.733756540100444,12.512234724203775,-30.06219598197204,163.06900441926572,221.73461497025852,90.01148371700475,499.0653757052362,2717.1643188397584,278.2316439390326,37.110443995996825,404.20519785528427,77.87254401970725,High_Achievers,Ingeniería,Laptop,Cable,2024-I,1416.758343987523,1460.7901155648162,85.45128833180004,27.8791742421556,-3.3454272558631057,19.990173521674986,27.453880622616673,35.16065086379025,21.308419855483415,16185.235499893946,752.3422027036152,709.3987748563375,7541.675047357817,4955.047587694999,692.1840884840724,1908.1398094278525,4289.510721419452,4096.924935199128,1815.9447225394622,1038.6748366155912,7368.50875974589,3018.683231677979,728.9979505742489,407.34752886531726,5571.2516791725975,7521.86196109572,368.0865974525086,471.7176636408784,9200.001831517204,4421.762711302621
1926.021721142933,804.9025216078322,22.937006264748618,35.44560300190042,4.6134553230288144,33.231837948797235,238.7097454928146,12.52314755037547,77.87984326727437,231.80067171342398,1485.6309908526523,314.91884789014534,99.75299183131168,251.2242321793463,66.93541012442832,High_Achievers,Salud,Laptop,Cable,2024-II,1536.5746612085536,2175.681076689322,172.64254355271012,38.738305571992605,-4.46451218887461,-0.1506868619087136,12.383089901045869,57.59988157319323,13.073732202854682,-14956.566510651473,917.3428101147765,813.1135760718745,7637.512713650768,7139.611676126857,918.9457824016414,1563.9215106925003,6760.725336373567,3891.591407849984,1384.2688852527622,1653.8863750129694,7861.585018475389,3955.679731130821,880.6574404593138,500.1736150382513,6836.402239835876,8084.8031538990435,810.4205002202069,739.253388579594,12470.993647466463,8820.843083145071
1838.733479628898,825.63606234641,27.813880151879424,33.76336586883634,8.090659439798905,19.07862738632332,267.1896319921905,-12.594609789537628,130.34832786199772,26.65309340528566,1746.3945367480233,313.5864151929963,63.584372375386415,77.57672706036125,87.92775589398082,High_Achievers,Ingeniería,Desktop,Cable,2024-II,1195.7116034607757,697.6797015655926,126.48421535383798,-22.484267956057916,6.254486051089317,-6.110781267984986,18.062396581789717,61.21551537347036,16.815985501211532,16383.996493903576,679.0233904511595,916.0130046707325,7967.270898722477,5396.686466892889,984.5487120988765,1554.091303657801,6660.884455135726,3113.3420118049107,830.4434381095042,997.3175680679021,8905.33135971796,2246.5697498370564,741.8053264088455,744.8252462265086,6822.919317032838,6251.48042086122,452.2592479062027,419.01155690348696,7365.228464001773,4117.888796960303
619.818192938076,630.5226064861458,17.253094840618857,39.45601308830438,3.160611397111381,18.07930067509278,296.4561154835716,209.13307996336644,99.34388318155922,458.9240224556678,1104.2598445233962,265.9232305583401,20.51431638062291,116.00762758999775,66.85451135829834,High_Achievers,Ingeniería,Laptop,Móvil,2024-I,977.895201085804,823.5759921459896,72.758880631207,31.718561121574268,1.9088084080635506,9.07561640455143,3.0103781442252133,43.42624246914751,24.272946079628223,-4938.900988833708,491.9890676885011,1072.1120702570797,5424.9474608943365,7522.5908978493835,715.5380295629024,2076.0296329139424,10664.91943697901,7572.699987011263,1606.032444586881,1868.315010709388,8356.370168853871,4401.900989964073,1057.3850946650016,635.5035908834889,6504.6817986668875,8345.333822915882,794.9529982556588,454.7213701562615,8444.703976103505,6949.345912808494
1383.8870689852172,600.8298103259561,31.870785514596545,31.56034788081842,7.049570742721274,5.572568501773368,287.8463706403699,257.9843221940787,73.95055963745757,36.32152544055967,391.90313423275234,256.7513883677588,34.278233526640086,528.3014277774805,53.166099090876884,High_Achievers,Ingeniería,Laptop,Fibra,2024-II,1073.8337520300302,1081.488353251567,-58.67138152786277,9.905029946083385,1.7399430309749904,39.40764799086768,18.534130074834792,58.5741946299663,23.828932246080864,1885.9661074191117,517.6190543751911,1025.8818804490156,9910.906700502139,3996.762585148777,511.86211256868245,1497.9109579018182,6944.7047717447185,7779.297952028123,1143.5558255865615,1844.7205610277144,5079.499809772817,2851.1783432091565,898.6684274027302,462.1597838289561,4262.460765671513,8386.343946019662,1022.6420350269068,540.6820701997694,9520.771263616527,5376.3255475578335
749.0306517865538,903.0490030995459,15.968407638005123,33.36957234942037,12.219658170238016,20.917676671506726,206.087039764524,121.49869528257781,118.36338691972031,20.6883943319694,4154.153563595232,265.5269471672276,97.87052053206047,-164.58147670197835,73.1965573671975,High_Achievers,Empresariales,Desktop,Fibra,2024-I,1518.6159463117385,581.5013642476141,-15.96277137989658,7.385063032821325,8.282044601602339,18.218780057157367,-6.133424519138433,52.15186096604562,21.031075101408824,44912.65384181361,798.5032198795709,581.9439022404098,8060.747981147612,4133.006068447348,900.1404632667108,2422.6816035430465,7311.2481004587635,5911.846984249838,1374.018621670378,1176.813598388356,7889.635261918325,3556.454922892861,783.5638085988638,729.0543664849672,4492.104203155094,10396.934227583759,792.475255722484,439.1181056470671,9461.995354285786,8388.402303200739
1918.664114940747,565.3901060125073,23.588441866835353,41.180821943472246,7.556087380973373,-14.903390246220475,204.7242162850182,158.68295913038634,79.63943952980097,400.0651433850937,5551.885571515971,317.08068801104196,114.12531946457028,-140.07324481470306,71.94228069442704,High_Achievers,Salud,Smartphone,Fibra,2023-II,906.4147578232521,816.3595254667316,96.07735345299497,26.282121635059944,-4.51616601198287,20.062183240318916,-8.587238125546055,61.613961539859226,24.22154785780044,15947.1245481572,470.18861511457953,998.9638163886068,7865.710867012245,6745.358261939381,746.9671154657203,1209.435097006466,10368.557791538624,6664.350951238466,1316.9081572916127,1281.3328749374514,7233.079835611809,5085.420785669233,554.1765119392985,962.6558499469544,5313.398949554926,9702.333822194852,803.5847022738734,427.7163099830017,4565.763456746388,6506.695233692552
1331.4144925416967,911.8311154337803,17.31900006202057,34.10529865344128,9.315803659540943,24.29529850767227,179.18130778075178,157.14972128578245,137.9817851901404,395.83888593421244,4199.755304942164,299.9771721884907,45.17103611308314,-85.96751444537622,83.68281059025139,High_Achievers,Empresariales,Tablet,Cable,2024-I,1068.1579854571082,1673.6401611769036,48.86123081993731,63.54050567375168,-5.7681381330641,5.611070415612665,-9.487143225354345,52.39252065679995,18.846333775342647,6586.0335369960885,768.0121710560995,616.2090654962268,9658.47242000253,9274.970346772723,700.3310403546442,944.415027018841,2790.8162698016195,6624.485148826288,1470.7567161954723,1476.904611548076,7783.019969339719,3624.5310228037442,746.8213326463829,941.0116053491261,5691.173468009257,6686.5905707503,720.3182083371369,594.2852484766305,6918.763275102028,4973.191481551228
1445.4130794116068,1128.4644135322985,23.98999625892389,39.340276602571166,11.873857686352931,-7.119433685526663,387.35585470513536,144.84561120661743,85.88061116636825,-56.21909230747124,-286.67406085835546,337.1149653726233,44.62481009888343,14.457288816025425,53.39811798305206,High_Achievers,Ingeniería,Smartphone,Fibra,2024-I,1382.7833763232752,1058.5229058600287,83.06723297237984,10.524451291155453,2.4559575164069565,11.068245793961974,-4.729240499581454,46.07250680424325,6.587153060936302,-7052.735842902204,890.3217713209351,731.8039257615576,7918.104615606656,5710.558063837494,754.3330464488562,1761.7580690863265,5316.979057136487,7011.242045858773,1217.8784017470182,1394.6244130170076,7181.269020494406,2425.0280869560497,785.2908080290515,497.71333750403653,3997.5121151160283,7844.183079274751,838.8228599965554,568.1893679461793,10025.667305823034,8171.653229469488
1268.3279504556367,773.0169328537955,24.64498484441364,37.312374522035746,7.148048289391027,25.960720346825994,324.56527360458233,186.09978035017593,112.81777531230539,370.20421595501546,6528.994609714665,320.8453824524462,47.79865989470407,231.28844372485526,104.81084821495801,High_Achievers,Educación,Laptop,Cable,2024-I,1393.4665529590059,1006.0758094886171,75.61741723174842,2.4007912632495776,3.2763551881512543,38.61345366567346,27.36222328342585,42.84702192852115,24.833432881083517,9933.637227034584,605.4442754719053,946.7703810158077,9640.214083826013,6585.423603611038,1277.4988566755787,1559.1857026135272,9747.93301374161,5112.677537337343,1737.5742718542394,1634.210545018321,10168.897847554392,3676.8843111168385,407.51729736098076,735.5018461245068,6563.457058455317,3305.567163279722,693.519211571014,675.9170297952168,13010.364456150204,4654.256137373728
1596.5497016006693,806.277226088543,13.985206039396594,34.6955535687369,10.388931176988839,33.73679088099685,171.50042217366476,170.8773484863998,85.05430519142953,-78.39967198022157,5387.163706409323,298.21775212259183,139.72972643466557,18.80293821057995,64.86086965745095,High_Achievers,Educación,Laptop,Fibra,2025-I,1139.0338515979834,1624.2942778179288,186.64874527290416,29.171933664308433,8.817104877093211,-13.697457355082049,12.580793133435682,43.1333755606431,15.463309542922524,-95.31880055591773,545.6758707262318,859.4193381451909,7356.668699784391,3807.352773204518,453.45339777761467,1178.5940492444074,2417.270587052454,3768.6284960173825,1610.3448066439234,1282.7861547735745,7214.851444246942,5328.548383516386,629.2367803215587,721.0272471572247,4825.777858606358,9383.597752053343,891.5366538396954,490.9070188804375,7049.699293322037,6416.203152648961
1271.854737127139,515.8688721049509,25.870022457983545,41.19879447309436,8.214513145936069,10.061152451708294,246.37889629196957,211.32606487526655,95.20918657098824,13.402337421046752,2001.015190359317,184.9500362013039,115.55410699264158,404.2737892377934,54.00103755724257,High_Achievers,Ingeniería,Laptop,Fibra,2024-I,1039.3056672957437,872.3420158960876,12.725170520098061,20.892205167074344,10.459093731717864,0.9023867790283528,8.538097765123927,62.75395074115388,9.903283044137277,60151.422397278584,745.8713035985535,1038.4933876740056,5787.30650613324,6827.158678392825,854.2281908893348,1648.339286867722,7948.0554859215645,5392.626643717466,1277.845658255405,1538.1065644072153,7587.004645459181,3358.7553616086257,817.215835318222,734.1425981471949,4352.768316287622,10509.888097053466,1130.3194699103533,533.6200493256339,5679.236302648373,7016.219588327628
2542.6811714040355,577.0065475064681,14.657119484301269,41.90409683458845,16.506312874677633,65.19055918798176,196.5195752348506,210.42649107727465,126.92500442967915,224.058917446645,1748.0305967636466,186.5857965708124,-50.18229153770722,329.5070730299155,64.58581955094814,High_Achievers,Salud,Smartphone,Fibra,2024-I,1374.0842951913758,1620.5764280544267,46.8735628179563,27.314665026290424,1.3928158306142342,24.90966146546555,33.948164947294416,50.283728871792974,17.253863624251444,19664.68833595429,514.649591251138,1335.0840930832742,9340.471083101627,3804.656302591416,1192.082752090414,1057.906929254018,8353.709683333724,7131.792784112023,1695.9827383620598,1886.5480038332626,9498.628401902428,3403.506857671025,524.9181822921672,424.37564428503697,4908.801756527693,8664.057929286511,1149.2694194748615,664.9940803949345,7055.965320921896,8159.398011010224
1362.217893268862,854.6296182175464,24.247957728239264,38.05920687671939,5.158214270409328,19.3609973019157,300.21389522879537,118.2504532372189,121.04786490000298,792.7599603475948,5490.942153127624,287.6768220173799,-4.373143283549076,-226.57811230140794,66.95166604919525,High_Achievers,Ingeniería,Laptop,DSL,2023-II,2178.5514265842744,949.659625739245,86.24630086565881,30.05917096426409,9.955749271368722,18.225539536732985,-0.8885278602230482,52.185895125311916,10.62383181539942,20371.819392418987,648.9042653744323,919.7001211666457,11666.25966715449,6951.747917505367,479.3670089825326,1541.4180868900517,7609.740787412795,5826.219883658686,1168.4027299896056,1342.0491424513286,8017.195028880345,1996.5050749847621,614.4608740338313,808.9239006759425,4647.693548904021,9926.143027861133,503.32814029434735,724.6796762269248,9696.125523849116,7515.138473394047
1453.6653479498714,718.7595614533839,15.91444868999914,45.53782007258194,1.9345334850360167,9.48228520608324,209.5568415234925,98.9841306477708,59.60976191375197,515.2954057457771,1427.5705211580148,249.69654782342081,-12.22154220778031,-198.06031192173526,53.14934890554402,High_Achievers,Educación,Smartphone,Cable,2024-I,1439.761093045473,734.4407988785404,50.13467232234411,49.524053639493864,3.7979375110927047,34.54492157422905,10.588571571811592,51.30394915007877,28.789805479606734,-37657.16790754449,585.8224296155117,1234.0408817878056,5975.55245190353,7011.037352357279,1276.2422753006504,1322.19309714536,9992.101213567797,7124.559656966492,1589.4276635310227,1298.5952350224861,11232.886891854085,2729.5554994459653,542.2801368200448,480.42083243560865,5326.469129788147,7554.916108736135,872.5553637177285,734.3916409818613,7041.408813200831,9132.73158355655
1603.4646520697343,819.8870732600889,17.53259315704347,29.392743384414274,5.116331382267053,22.77409909587275,276.752173697597,185.2343773722148,131.93961382079772,204.5004978160282,2592.518964138973,379.8688410545627,90.61312603725167,305.7031825015703,47.27508761741486,High_Achievers,Educación,Smartphone,Móvil,2024-I,1131.1947257418628,678.7808700988818,52.259260516323735,-30.400883428885066,8.1888839007586,16.726079390902242,-14.986644510507634,44.43168965507241,10.598644682008784,23700.04953351631,853.2369920856866,935.139355693149,6642.546397887869,6055.584365158229,485.43296495381253,757.4107786485072,4280.629966507107,6061.207907358993,1351.7481993812048,1251.980886482327,6015.153449775256,5204.089749673732,495.77345964272695,847.6184566776772,4902.033454446722,4435.749399501496,1014.6776465899651,551.0123876502396,8791.501548447604,5909.825496229139
890.1730042090521,770.0320245302603,9.877083972242996,42.2292946329373,11.355745215679573,30.037020349051616,259.99657075678795,141.21620116569926,92.13792401381531,-323.42083094767383,1113.2234021758186,220.59986132684753,189.586898880046,600.0065857063644,72.48556808485215,High_Achievers,Humanidades,Laptop,Cable,2024-I,1425.3897587633915,1282.8080676658042,81.27817082367834,20.767464422121698,0.4445941867102201,8.495278586191262,16.01410148285028,58.33510021343409,20.872262361114092,-22847.484062849,320.8842816843184,921.1553047318457,3794.534714306362,5877.306759133839,1006.1630484183795,1539.3866493365474,5904.3543485295395,6341.594464471223,2008.7182251640936,721.9926404521542,10004.220345985545,4340.747672408334,1137.1687118050136,528.5077483398259,4888.782697970148,7188.8507632192295,673.032743634275,384.27310321070047,7847.368658627294,9531.353782593464
658.9535861511309,767.6573444327622,18.735402116397157,33.15800492739324,5.940942517730289,21.292949719186446,235.123980745381,49.95522258478695,62.40290410369403,77.8858659245804,233.12208656276516,210.6299138654847,133.08180792745395,603.0684540947402,76.5023078630221,High_Achievers,Ingeniería,Laptop,Fibra,2024-I,1472.6984552237318,2003.296366398919,105.5942191287385,10.52192757065415,4.212057408204923,48.96527137427804,20.328490911058562,60.711341394947866,17.660900248892105,18939.22626998899,540.4889673197283,1186.3163871619688,6847.941377457591,5090.497119638162,782.6971602770794,2262.3430524764995,6831.385529723455,5140.291784280148,731.9480978898135,1010.471714521288,9859.310367815253,3541.386803323898,882.141952659483,865.4810667125357,3362.0445650847996,7043.221384006221,562.9757042603915,698.0010450586694,6904.77189881494,6945.1264940322135
1558.0444492583279,704.978123038634,26.55474543910601,37.793737426574296,19.55048755290192,6.182034809674626,328.44073022613486,171.65222988453738,84.58550285711263,219.53625454641917,864.3462845312972,315.0635790955224,-33.66192988718955,304.98579259466334,61.06995486846037,High_Achievers,Salud,Laptop,Fibra,2023-II,1606.1910743237986,1224.8011571417023,70.30983206299331,0.9670974171503008,-1.1743433382360058,1.598594261655606,40.32630034366103,42.615454214070255,24.420420185318626,-10691.695637235649,455.66226644885194,1015.5980557335125,7626.475897732707,6231.611906228141,488.49696981978445,1152.1602511786791,7071.26559740629,8174.116632745601,2222.467690359401,1900.9572314230377,7130.56034868625,3228.6551175822037,961.9699467802596,617.4779573725373,6686.449862044887,13563.25436040572,858.6484738825267,423.3827433775238,8988.209265502377,2446.029703164375
1832.7807567570233,724.2793947937964,17.564984773153764,40.901453025060256,10.64985281393341,27.52566348709853,161.02276906059151,166.42470100270484,129.8775497345345,241.73039693374696,5385.046041528069,236.94601536685227,51.37991928607666,276.19509199553613,57.76866501229697,High_Achievers,Ingeniería,Laptop,Móvil,2024-II,1334.6742988668404,1408.7295430103566,147.11584515352018,37.51782000461804,-0.2595092862455074,26.245117792384633,33.92095981422108,63.80400604817901,11.707334785478357,17963.086482702365,822.5893335075425,809.1710235076769,4514.942178550843,4804.314093849518,515.5535634592475,1486.5370884604254,7644.081277370112,5647.671462888048,1056.7010789619892,1605.900146060901,8879.554299199708,4724.323222611134,537.2813926385894,294.5266946184084,7488.1226246019,9433.08583311869,915.8595920217326,694.1942142438179,7394.546551184777,7525.652796955599
2170.632564967006,717.0870652910465,21.492489004891873,34.46524857180793,5.806733506314066,4.745348805156397,155.32570992776425,224.48873414955477,111.66027413712101,91.40671303186794,1727.6939729497028,250.86583533062935,74.94464635118479,435.9202654114222,52.36172146810881,High_Achievers,Salud,Laptop,Cable,2024-II,1681.6017246228623,1196.0323269934834,136.36614303439097,43.133769701852444,-1.788285211674169,18.249466262316062,19.013094280162022,70.95098747673683,5.9093375566733535,-20163.035345597957,723.2549613428345,902.6668894012815,7370.138197037407,7908.870770303673,875.3825646869892,1824.3137440292617,5634.264273211015,7293.209890966575,1469.9074786569545,1370.1759156203095,8829.181655854236,3507.2670562970516,595.8591605291149,471.92371325031684,5479.043011467207,5862.911973013464,723.0973636419277,618.7675859635822,5985.849278071594,6272.876218231879
120.82765079566184,619.1172665219941,14.628089073323423,37.26983272568718,1.0579724731111524,21.462957628816884,231.63241139253665,186.29963345198803,131.19533717116693,-389.4233220341277,968.607895836074,255.10512846235488,101.80595571941895,577.5837052418599,108.63551665850194,High_Achievers,Empresariales,Smartphone,Fibra,2024-I,1171.0358566066175,846.5805708827083,150.97022342071676,77.17146712321693,2.3685758794869174,-14.285694836669698,25.796530517075333,66.98249981393603,10.951593035446143,26355.55831127303,619.9215891155966,1082.1799309889661,7076.321296353393,5171.052165889629,1120.1486322968126,1939.8463502116113,5996.701815987075,6318.089524879721,2233.5032360486907,1568.865954144169,8606.040872399728,5049.697570583243,848.3302701096387,985.4605414254677,6098.570588940749,7517.219514026552,995.3207923751809,639.1750335525112,7483.752847664219,8672.538220487912
1687.1095304290975,823.817250676209,21.543434517729622,35.373922618494674,9.709632704789373,27.088812550407248,323.063674614662,172.64503936384884,104.16741231494102,-63.2442435190778,-703.8538420576983,247.62624493385994,-0.002455551597449812,348.43250126138577,114.11390994718157,High_Achievers,Ingeniería,Laptop,Cable,2023-II,1596.7975223684773,1333.412441903314,-19.275429565125762,5.001688635471638,6.255884449446411,15.530147592975538,30.215095958763072,36.195533397458675,26.17503285982052,3249.1146947373372,831.6695552363137,1028.2213785948893,7914.771515598838,5249.751984337296,1048.4655181675944,1635.4388445996244,11452.7149413517,5224.918864226696,1622.0838024537857,1789.3208265883588,7651.816868313666,3092.3267485743168,796.9177449712224,666.4707461261318,5905.180465822023,9148.549702913397,502.08865831497263,519.169711108878,7034.761957007258,6526.676550946973
958.6043842558119,962.4942215151327,23.76833869174387,37.201284543644405,5.904126005376481,27.590467823767085,220.9334087599392,215.98421718565635,119.0207152612696,50.49225075083725,772.4714376202494,309.8854255203636,42.70463898028047,515.9498182508092,86.81172220838317,High_Achievers,Empresariales,Laptop,Fibra,2025-I,1026.4770970613465,489.63914393378525,45.47448129059844,44.467824762694235,10.74030727991343,-16.445526788058853,18.654752406674163,61.78842318864472,15.628943500331115,16229.920198281692,750.6784367587056,1106.801103166321,4479.567676966814,6090.157411595527,684.4139478562402,900.8605291633049,6637.013016384673,3580.0695506213697,1632.0605972524168,1778.4512276656026,10246.339207953455,3314.0358097267963,689.1357483550186,569.5996752277333,3962.106096878717,6562.013958290641,802.6012395431494,531.4485558135481,5540.800906339951,6248.6543578282535
1709.570347640125,949.6985763189895,23.811215239218132,46.91876560803253,9.406664133199476,10.669082293915391,205.73801623162382,4.4843222339949875,101.506745005565,-41.9707096950639,7557.470250893906,308.69518196640195,-24.635831774636017,524.7392062113748,56.30995826743445,High_Achievers,Empresariales,Laptop,Fibra,2023-II,1365.8005854222677,1486.43502502915,-20.638762891628694,49.17719411017724,0.6816067263636152,-5.169501415357866,15.74513446756064,74.75184235603939,16.039819771624828,-11479.744251474036,519.2167307410734,687.2719834688371,4937.3069149323865,7030.450313640515,679.7987567821808,823.3193042433463,8974.725594925034,6650.412511133013,1670.9037422454503,1631.8006067341396,4710.737486022512,3993.6479932236016,825.1391505358382,524.7078461225085,4441.904355757955,7216.481973125846,882.7070888520482,498.7979260844461,6543.447510794994,4054.857566367349
581.5980061897617,508.2558827222747,14.29769941907471,27.239702826801484,7.205819105028276,31.984638272420433,348.26663885521737,197.3082607654597,133.00553245493035,220.4731258337396,7013.5077931730675,396.8498158380167,15.62862176253639,380.2870660748019,67.00469524733964,High_Achievers,Educación,Smartphone,Fibra,2025-I,1401.7457797504994,1332.204954753274,37.043469739656956,58.45150976973783,6.107789682505347,30.671177485148732,14.60059637291145,33.23453939050523,26.573224016172645,14379.339530458012,513.9809931599785,586.049953684088,6790.904204442904,7306.893044447339,569.4638919295304,1849.8776340445115,9758.059339767777,2779.0710671317447,1426.5742999579707,1566.4271158106997,4918.300774598094,2521.949497306002,651.8467954854974,436.27113149306786,6200.230110635421,8964.355452127322,810.4958798932871,636.2208187423337,9454.635134616403,6868.235427094072
1516.9299200702235,686.1963290995959,3.6632107128001863,33.672651273734054,4.526969242924125,2.6628072741010325,277.09494460445404,202.4143533275568,74.97219683449184,-104.85596108203265,991.4700454211279,261.0762897017318,4.922507336827778,790.3958970957441,71.05723829081522,High_Achievers,Ingeniería,Desktop,DSL,2024-I,1285.0348709860473,759.9776108713932,112.8792400989484,9.126439074959329,12.19593988225921,25.47684257004559,-1.105301571600796,52.56803173103773,16.433341974113198,9471.74102922558,178.18144249948455,502.0737904442065,5425.636580626371,6750.5386273841705,606.0638870325644,2023.198632322527,5092.522394562671,3726.3401401315127,2126.331704501311,1066.1061144006555,6057.362730922782,3527.4052724607077,930.2893752518362,553.5406709509685,4048.6409865274154,6939.021716614931,644.8617179979008,387.33396558990466,10538.354241848905,6990.884474829296
1863.6046839590906,745.6477934512658,21.289129667751272,40.13523300719106,8.171552458190996,-2.6696221229825845,393.45821425700444,77.6402678626671,103.31720092029697,77.56116437242295,1597.6097378390118,185.37074161931,88.1914765719718,319.1907273880623,83.39806951741951,High_Achievers,Humanidades,Smartphone,Fibra,2024-I,1502.2686519580375,1657.7639948352344,168.0617315997105,35.685017419247686,7.59751279450837,2.2066619719333245,-0.6389092004595653,51.729680575198,12.2934293649068,124.47306949851372,352.2902318614012,914.5463534588331,11434.705697089166,5501.578504944205,714.4909916232824,1647.313986735351,7560.344546618506,6623.510453700003,2199.9396349537237,1446.9272206191597,8669.942109235335,3507.4916491348195,588.8652603799196,761.1655784969138,8045.4751936804205,10506.672259216353,661.9736516551843,940.72682444107,7492.061084920993,8199.090526881737
846.176256048974,753.3627211902109,15.117706563802912,32.488145759639956,7.676417970969276,26.941391762213296,208.55761501810906,243.7768892528555,105.38990450832972,-99.24928423402656,861.1613439964573,266.9482236567994,145.3307467554657,-260.86881159667286,47.42026275121155,High_Achievers,Humanidades,Smartphone,Fibra,2024-II,1375.1157704778777,1799.4976771489526,52.334911669152774,64.08209101389514,-3.4743998306897685,35.73415551476013,19.855383303300275,66.38221227786056,9.716015493235538,41834.189008103356,614.4146621500012,1021.9253819094238,5406.473699913206,8257.830057538633,654.8896967317102,1537.3875210670562,6474.856344098659,703.5312965127459,1428.1181551653333,1676.1729991187171,8913.636433640038,2986.62056732756,621.5393299255454,847.7831562414412,6433.871601876772,8416.777628646982,628.8481652720337,647.0450878883784,12523.649180306948,7299.825969686977
1231.2747456299785,689.964063198908,19.443729741307852,35.78605717687139,4.888997159926292,21.223368858773792,279.10360068836115,-10.25444816357134,112.9863167093293,-453.306829418086,4273.535926291125,275.284900295337,-2.0052684660968936,103.35407501305859,44.67053544118089,High_Achievers,Humanidades,Laptop,Fibra,2025-I,942.588500129855,1337.614818859369,103.9490715953713,10.511050547302727,6.418921776077806,40.93706828514484,0.5631019543054547,47.79444532249104,24.010443938778046,-26518.227084668324,471.2403118781632,766.3047476091028,7631.136858397173,5751.824691323854,722.5971022128477,1138.8118102251394,6121.471008836052,3196.8048086314466,1494.0403808958133,2007.0475173830382,8701.829441535594,3211.935625346143,1018.3176431571083,723.9650927589342,2875.7404674946592,6269.120712764236,1005.7682128696615,489.9803617343365,13854.169916614355,9001.000633483487
803.1958013842097,531.9578029775789,28.407657566973768,40.607906304834245,6.214696012771238,-4.837118903118801,381.3584637641104,-0.7976940817284799,118.32453207950456,-121.8267451258705,1642.617728397144,321.8180754642649,90.42649785743635,398.81182523692144,38.85257535105765,High_Achievers,Educación,Laptop,Fibra,2024-I,1162.1457123630782,1068.9390901136965,111.82211581842657,1.9549039753270048,9.65453720086228,12.44096164268292,26.567298703167182,66.33697284041841,22.888819129846482,-8576.754018432166,878.7513308553971,1035.1048052401793,11020.948012810779,5986.413970819427,989.8780393630913,1417.690410057838,5829.364865741029,5129.553616256324,1589.115902472829,1637.5816923749433,8998.680596075475,4123.790507142417,992.6087676528346,490.0305241108923,7377.811376446265,9612.54466962128,952.9523659271988,908.6344495966679,9479.957357920921,7475.278360397496
1122.1395852372311,703.807850088027,15.767063019628235,37.39654279163017,15.60518316894181,-4.4469108495745076,252.09696199756885,115.46781908371169,79.05972741363985,113.59495192043653,2491.636145514612,286.17691788233697,132.73661463422442,657.289649083786,42.64144927645637,High_Achievers,Educación,Laptop,Cable,2024-I,1116.5676373526933,1946.0090880112646,76.01536799221014,18.88409751686786,4.456870246174711,-27.788719377273214,23.276108885550375,50.17527679198709,26.155259960501756,38101.7950788397,781.8011005193036,975.3017717309139,10880.26841900528,9109.360794052045,956.9525088559681,2416.118319367845,7093.574560743885,6815.693769360458,1180.8959479725766,1334.2132598389333,7822.170234581967,3299.3055486174417,929.6851450354961,454.9530412314932,6976.707192100956,10145.991251220607,838.2053196780352,591.9235971630969,7081.808291632915,9460.183418142644
947.9961852735441,802.3689900742718,10.147903429899586,39.465992666359185,4.627685969535273,34.14081229821543,236.21993640724185,357.0498662286901,121.53377797077945,462.50934871434725,252.87376386588744,135.15510652361147,33.65866512325725,796.3329532595898,68.10943891083431,High_Achievers,Empresariales,Laptop,Fibra,2024-I,1222.64764170725,1346.1423177842044,25.12444726849,49.11810960487875,11.140828091446158,10.950710253252371,7.235811348565448,64.13205379933542,7.4291518895569215,-23288.568183814074,673.1394070282157,534.4611296564709,4255.480119971544,6889.606780925551,806.1145588811632,1179.301703187978,4511.3129549046,6198.135099442767,1675.8685252860625,1741.415922311096,6923.337015373484,3482.1825601058617,824.1860222902559,665.1735812865953,4572.064145496086,10953.394378102093,777.9156849470792,507.7124491768406,5935.445389542408,7869.918843650024
367.07581749010274,872.3203283724853,17.024169524015978,43.572034979865435,13.046809955675807,15.315333775722877,289.71680915141076,214.48429492972988,123.60212194538893,261.9155194815819,-1262.0937398736505,259.46681780376076,109.75722157100014,291.12796477607094,75.18481331898664,High_Achievers,Ingeniería,Tablet,Fibra,2025-I,1437.864645205978,967.8543226403187,193.8546425284252,35.29759416295593,10.222101434599672,4.485876955981889,25.44248543894082,32.82581363035265,27.020406334030906,-8871.511107879358,638.3632830801278,666.1807919739417,8753.869535005739,6651.5007506974425,739.0983906102955,1895.4636943727016,8600.109991630361,3738.542965051174,1194.8944584564713,1282.95295941176,7828.462465157973,2802.5457446969936,520.2353618983985,680.7367727548169,5312.498640606292,8199.974223958396,514.0764168289637,751.1240491648571,12351.585426294938,10289.090216116174
1115.2893478296778,710.7469313311535,12.293682163040563,37.26801224053577,8.458955590391106,-4.24778243344314,256.19637369544597,250.19980409947956,106.52644525278158,154.99124024486144,1215.3803920587493,330.327772946356,-13.507891991182003,-180.47029732374477,93.00346347550558,High_Achievers,Empresariales,Laptop,Móvil,2024-II,1688.1309238260142,1572.3665933717934,20.220036299842526,-8.68738103996451,5.875606580271954,-2.379727222338384,25.744390748800395,47.707698747714105,14.031664913687392,-10734.51420658346,603.940235704504,692.2586794295121,4992.940190935341,4963.569382382021,1100.7600830474157,2149.571383999255,8847.877975224887,3682.949873293975,1197.4595740624727,1517.3682336314791,6575.625447311821,3453.3582875155494,744.1121782292179,623.2491863821006,5481.455550431056,7645.735147993456,1025.3442050661642,595.5976148287051,8380.473994747279,6027.915527167013
1337.8551222288456,549.0426095302405,23.49564377978351,39.472673818112106,6.107908995520543,41.7787161449724,285.5329755231657,120.28829990706717,71.32326061266852,129.05203547524502,308.6217518551356,297.23908422892487,17.375831544796277,255.78495693976947,41.72222361917437,High_Achievers,Empresariales,Laptop,Fibra,2024-I,1583.48459646096,2052.935196650561,128.81858573476427,54.937406018640246,3.2364238498313367,7.840179026094589,-0.34465360307757464,67.48511215360114,16.60036356792921,22883.990256629284,535.5853735288406,1017.362786683473,4566.345534301299,5980.7079370560095,1022.0979555116664,1555.4138113171705,8916.053782107683,6160.647012931444,2181.179281098217,1547.812920187449,7040.18580399309,4365.976656436808,1028.2592510917052,726.8065321161891,3833.1349938491494,7422.209772738972,498.7649279400929,535.8101370377902,9817.907862939133,7116.638191077584
1325.9880619867617,730.8706077428184,20.171837456025496,29.227995030956905,15.51265963096603,44.50256765966758,381.2109877958747,94.79141824574006,99.83305827165779,212.97170070456195,3083.994937298333,220.4772116299371,78.53702658398095,242.41255971307072,88.4861317264261,High_Achievers,Humanidades,Desktop,Fibra,2023-II,1221.6648122618594,1446.6750225647886,108.40055569855576,14.792259918909,0.16601776069173613,18.307852329693723,29.800923967069323,53.46457208383553,13.040716580791592,8473.660706292903,596.8915669199072,788.1507860821714,1591.1235586273815,8872.380537883348,927.9726908292876,1881.4355870083793,8929.436237355632,8740.962333971507,1378.4957489119943,1438.284228559507,6853.774279928464,5592.993981654711,1030.185323082353,526.5583920828828,6079.864172558404,5642.833220588861,750.034538695382,578.7611131017902,8963.836781863067,5362.816006859265
1582.5063598774664,796.3654523614753,29.84755955027661,38.734133172754134,12.967922617308837,31.56397471214803,231.54961945495123,237.7245185503474,97.86223827386534,135.70258548862017,2609.845787260819,279.9139137799823,32.054761977107574,563.1665174866185,50.01492522471983,High_Achievers,Empresariales,Desktop,Fibra,2024-I,1267.7773480230019,1520.0240242483835,74.45451916049316,19.609402308548137,6.179983703860783,32.53295893814681,-7.503073735207973,56.713318388647835,23.128951999438105,-15895.585807934409,683.3739950186003,596.9546162973742,9044.757692966885,4218.116324268189,699.9806372464072,2214.8758626305025,6389.742088593137,8889.43377991801,2474.3425008590207,868.9304198444473,7085.709655209244,4539.420594865624,990.566874772611,952.5333489638483,6591.133928719865,7140.641429152539,1024.953013436601,309.59828985696953,8832.05925634421,7143.359358159317
1541.3395602391731,613.8164315134883,18.652742159096405,29.72317982946753,15.996044676235721,-14.649630144963835,268.2350574929971,102.55865531324376,132.50928533650097,-370.2123750915648,4187.122681061868,291.1364721518756,34.07636657907274,-139.24102269156998,40.13379529078507,High_Achievers,Ingeniería,Desktop,Cable,2024-I,1618.6765686621247,830.3726572768828,75.46100419576523,35.89428986107126,2.739238704048845,-0.4863527841226246,29.602550704800493,57.19312202944699,14.001493793458069,47592.314337382006,702.4748900883367,370.86614154636754,7837.353961250068,6172.6968136056485,730.746968011579,2470.9192608588473,7251.457990056938,4244.161715719452,1424.552849418464,1001.6217587946196,6856.856468237894,2593.2677343978635,460.85831257397336,555.3272951606566,4446.4027937711235,9717.223790604214,616.5456290119027,510.208195730989,8800.749220758502,5536.803885536053
1065.8166971203632,756.0910239541934,22.688927627115564,37.22000238223737,2.6073693837554277,7.637991627852934,276.38405081292836,253.38505428011047,85.83949471652375,-183.19077539234323,-1272.2984464387714,223.45413545960693,117.06009390063957,252.92014928079084,18.374066936556616,High_Achievers,Empresariales,Laptop,DSL,2024-I,1405.741785249065,1749.5990243570811,82.42042792392485,38.359787198486465,2.249119409904641,-13.758933224540963,-1.8046959933610633,47.113216774669205,16.165614301093377,-17497.408605471453,365.94970129967425,955.6359835256677,5529.490168980014,6523.666773848461,1060.60936345764,1200.5256594904765,9706.66612187467,8117.33027694251,1086.5087839796806,1630.4736858066617,6855.493593316398,1975.9896788107073,729.3284194575093,490.4072073077517,5463.66110189793,10130.423862013731,737.9612518044395,344.10060736957803,8596.661019753292,5215.307076336161
1342.6096778485144,385.8202050581442,11.554794180392493,43.1691458186795,15.071969633043697,-0.15346608715612398,172.23959452474372,-56.80496187669567,93.83232372692069,-555.7173607829741,43.0180454447418,320.7437566276859,78.1607022912369,929.2158407893743,85.12014680052883,High_Achievers,Humanidades,Smartphone,Fibra,2024-II,1380.9157180572465,1096.4501069909215,85.54552188955178,57.490079258174035,-1.766752475363426,16.129694896315634,30.196147558254168,52.38720866608828,29.26562825913509,-10102.047582410709,684.1896085062385,589.0830606375143,7216.966062663711,5710.3702666975805,571.4688441411604,1151.665588405257,11350.391758466314,4514.432066028217,1268.5477410576862,966.342234085562,9286.636046509037,2036.6172031661738,839.0670630179789,918.4528148236961,5335.298898170506,6286.173550551346,986.955131342187,795.7538946469192,6504.633012084543,7474.196090574801
1634.356046710126,604.2745806615853,29.994741503042228,40.6417033665764,7.1512841802278615,10.82009329481482,168.81158956206104,30.985942956145763,120.33003956178536,476.51571520199434,761.5569994759567,242.67983755005443,108.13467825856864,478.0774078343447,42.45998935592086,High_Achievers,Ingeniería,Laptop,Móvil,2023-II,878.1432693180561,1159.159462694456,65.80250183245495,-7.4634334254720045,13.666097963506058,9.315535457769649,22.747262150911638,61.94243751281721,25.63771903382888,2518.0867601115724,636.5117993566394,1150.5620228569735,7928.965355145318,7141.611391623346,945.778912905511,2317.8806649956286,9896.127862096977,6854.002989752767,1509.6157041956794,1830.063928532203,8255.795942463057,2666.8742180454183,874.0283561772887,442.5141582582778,5698.151338200092,7135.7402207917185,688.7694373620828,268.8505427404663,4891.848892437326,6065.788809602608
1474.8505946742864,777.8878288292971,32.23624983688275,35.430996525927505,9.142268379843365,50.56819738539447,291.63683965127973,235.1920685269369,59.09374483329669,-633.6441423326246,-789.5335549947932,171.07830513987903,118.72238814109534,239.1528028400896,70.86339440941278,High_Achievers,Salud,Laptop,DSL,2024-I,1470.3251161557341,1057.7778558329744,-42.419046092602095,-14.594510917925724,16.601178855305143,0.8057735778847341,-14.805605683222769,58.038976592463854,14.137774201967222,17310.89581214417,521.7270168922294,899.1803677046718,5344.196775551236,5147.824129316128,869.6929905402067,1146.9142547322763,7741.467270264432,7111.848309953884,1151.7793183513404,1105.9062590302335,6161.669442218521,3307.0981458041024,585.8780543123371,472.80197795868287,4849.135185387871,11366.512587488094,1039.646190851238,533.2311777094936,6883.816922343279,6452.155602870879
1079.903716455637,670.4045645152967,28.666267527887364,43.265998626981165,4.450003447061676,8.712245141797132,195.03989905396412,273.6159869995143,11.83802425999204,705.4236472039597,6928.233873261299,180.9789607094895,33.84267775712094,260.7894572561193,94.29130876970686,High_Achievers,Empresariales,Smartphone,Cable,2024-II,1014.4231592870638,1244.323321191327,95.47408480893797,16.19082215314819,-1.5778308461353214,-7.049566875612564,21.23049118098615,66.04371946299067,15.818052824110968,28037.415890719203,478.1203599107405,820.5205708790112,7399.409737366145,3018.5266117602832,1390.8483688409583,1731.0305266391056,7522.3868796000215,8429.505551497143,1734.1093967123197,2238.3471830882877,5803.398822195542,2895.181465498158,572.2313802175067,542.289132382562,6021.631364685033,1180.5618044508947,1151.391001185978,420.5049783889725,8104.259874248079,4654.975339989027
2114.1745940973487,698.2270218818753,22.687555212476305,44.658945497902,16.338197165970776,2.518009699139064,546.7371177197331,95.78580257755978,103.80730805362987,279.6988113197418,3070.7133953998064,177.9723084976842,194.45939437418787,190.7090942616971,70.3587920413574,High_Achievers,Ingeniería,Smartphone,Fibra,2024-I,1354.8636772088992,1350.6395930152987,140.9735453331122,19.90133151362069,4.207498239866906,27.878860723414107,53.903117874241545,43.91879847168034,26.743174191374205,-13357.308109100024,712.0104753533176,1005.5927839772644,9439.361726385749,9870.391680257984,577.4041252786878,2225.34442671167,7068.525662991069,4175.616932655146,1674.666047403661,2098.2785612659077,9441.479874506987,4313.66870723587,872.437855879013,403.0634248867433,4540.597751562247,10556.441044996729,692.4645791738496,304.2841804430807,9791.060685530203,7707.017020358024
1767.0442389012687,936.9266717102637,22.232929957854296,32.079825055994824,11.19520415823534,34.974684921311905,249.2078904339484,248.24805473811375,93.2537093444249,142.4819061105096,2954.2018537607637,274.2176972051349,-41.02757835571303,193.5985309803115,56.183393501540806,High_Achievers,Ingeniería,Laptop,Fibra,2023-II,1248.0119999273695,1832.7839607269489,68.15905783449769,15.520970587839294,6.719341546403459,7.185180759531158,29.451830145092558,46.13260216511915,19.990903650130928,-11.31743862482108,681.5058209922249,723.816340574719,7259.901098495894,6852.874814379789,862.399791488657,904.4644295558825,7883.061191678029,5807.677872360834,1468.6525311517898,1133.8889487319534,9074.570413512472,3115.847455145027,1087.1270843699008,997.3215426738182,5923.997569078147,9254.541623787918,1105.0179316034576,484.40066848680254,12001.642835578,10159.95527022515
1598.2834548109595,713.695296283805,12.554064558487777,44.31250630679855,10.96570944072991,42.09399089686924,284.5086326121745,226.55281124904988,81.81262935979824,417.05081048873114,2506.578494936964,202.8549662729883,135.77989785893303,710.1247879742158,67.28836811843821,High_Achievers,Salud,Laptop,Cable,2023-II,1743.4569804962396,1137.4438024592919,32.49757484226846,32.14805700586811,7.987175065072867,-11.575532688456052,-2.917485747117973,57.0351126889589,19.939686147140844,8405.442290218398,836.9553228869269,915.7161724795188,9250.533202194048,7807.896493809365,960.882396994122,2291.1738292272007,7995.693392157849,6139.39827731649,1183.406558342547,2016.963453655407,6438.51528380112,4869.730015281942,841.6529716697751,674.7890992286015,7031.389646896076,6796.120790893316,993.9136520282879,808.1783206953615,10551.484082444484,8156.413782710611
2141.022321182066,617.1171725830042,25.97354026103494,34.225164330299606,14.636278365795363,49.97620042045078,346.23601807894653,184.6924928116925,100.933042617387,-144.70859380889598,-639.4659140544233,356.1824294718442,83.61735327392294,1094.8280650253157,63.21899935312483,High_Achievers,Humanidades,Laptop,DSL,2023-II,1798.3936487630442,1369.460949542241,2.7307601491107505,-4.681771740620242,9.564512273604835,-0.37907665493933074,33.427395939795986,72.8570928337932,18.26094278366313,-38845.24343405441,541.5921579240089,664.0058602733988,4986.753247466133,9679.07379946018,1038.7236033611487,1520.700774785511,8001.146918182757,6054.338090282439,1495.94702438787,1182.6673284639971,6817.2438190919875,2848.6643316482127,626.8219470330386,889.2697548475993,5920.781810560889,8564.241345583127,891.8176333190702,793.2260000781403,9984.044269792328,7188.187041371894
1213.8250789897736,768.367082447693,16.142481125038053,35.49657199315266,11.240233269095468,-1.1455392963100373,233.83104144945293,152.7599417239434,86.06702000857716,-176.05714445682878,2126.8731527972377,152.25982088078297,55.71593840517423,408.0296390648358,38.24410857794978,High_Achievers,Ingeniería,Laptop,Cable,2024-II,1003.1867008786023,1173.8379169226157,118.06918220126354,0.42864252997604346,-1.5004453539708458,13.473617520726522,28.242708432050513,32.70032263443108,22.308988295635707,-4952.5618795976225,554.1519704876746,841.4994211298714,8242.15025936552,6489.750682312917,839.3225895281226,2013.9862240926063,8709.582420983465,8362.398004642448,1544.2939923223707,1478.0231333722932,10628.717553684912,4161.9136356211875,1122.102213473433,600.7651608259832,5286.298797061659,9635.11078604549,951.5314641608746,814.6782017527601,8707.134671692742,9904.328961031195
990.280168367727,1100.1632545334246,19.159445106339422,40.39394683403532,13.21004709133756,-24.21976633707727,274.6860865334246,-34.68637736859367,95.18502952874715,327.96942571972556,-471.9628529966785,107.7992035260161,113.37755501488581,154.78131903006835,58.31430393157299,High_Achievers,Salud,Smartphone,Fibra,2024-II,1451.405031671483,1972.712509438857,6.015285228610445,37.02887566446291,4.69406225523532,15.929990000476536,38.955056866690185,42.24860246787994,31.356396181054656,-1460.196327722284,729.8519428062282,654.1528825238621,5556.03932031492,3957.338159914099,563.3677259579091,1598.204626761205,4090.838286763286,4721.556604084571,1049.4544038333092,1647.8978995423463,5351.274184527791,2554.03537084839,855.4778485031219,553.5799181143608,5718.516904799444,6630.409309116964,957.9019739136339,525.5380420360074,3911.932557000725,8833.74445786243
1843.6587295443776,730.9772766665978,23.31319376375898,37.3125315599336,10.981890382712685,28.34023120162655,248.59504426291377,363.6658484790222,91.17628982241311,-55.31720272932445,306.72464593568975,240.15335169285868,-16.61197651563134,221.74024703535548,74.64172472985476,High_Achievers,Educación,Laptop,Fibra,2023-II,1431.176542543568,1270.343021415233,63.15179270769649,42.72299765105789,6.507888021113494,4.153670661240968,24.36694132477416,74.03289481575437,15.21139297912394,21146.874081105365,907.6640298637349,460.54743151957484,6878.396752234112,5168.268535688351,636.8216101435212,2055.0679582361004,6398.1554340267685,8096.966110293848,1422.3173447871932,1499.5929405556694,6945.419524571677,3180.3822927838874,878.5835276365169,377.80881418936485,3106.8541018805204,7594.656582320623,671.2861426195209,800.1921859549605,9091.52499452194,7462.4959487731785
2070.3563120399494,785.9833105443947,16.54396869530706,37.27239740395006,5.052862484608477,17.091328780426835,358.92989102469295,40.96355481789711,69.97983524175763,49.46849668666301,3539.9620648907403,361.31527341290615,76.50774881055506,-237.0001114926089,70.01424574550695,High_Achievers,Humanidades,Smartphone,Cable,2024-I,1263.85861073478,1792.267570164299,87.57178337039221,1.1536041809918087,4.444052960018137,24.05416519168346,14.885961654053897,33.7770933719645,23.539262658253385,44592.380030976274,679.4581030699997,990.7744264293084,7726.310339697219,5720.631081832334,1106.3822565714302,1894.187121885174,7291.027086631208,5530.794464765285,1288.5679652436252,1415.7160856411624,7185.5312071666895,4892.768237723023,614.5405977957173,828.2052735704956,6305.869688777655,11576.361093194371,419.3637732889647,470.1555619075218,4975.514134673651,8414.297930548404
1077.1854203179364,916.3029756548553,16.8900000491466,39.92170177878914,10.711089003042606,17.28403285084401,229.125978995286,234.9015243275269,143.76851717935878,-77.68376216555367,-1112.8582005402216,212.5799221667519,29.327255940023967,519.1916097223791,97.07750294377837,High_Achievers,Humanidades,Tablet,Cable,2024-I,1736.8091931498375,1711.781529683758,67.69465362143954,54.75903778315161,2.7208255849859597,8.851764840785146,22.489602713578932,35.06473207644797,24.373234337480856,10552.367270003511,816.1859972302017,888.5004116539085,6849.486620619831,5734.320265899492,661.4128400815398,1216.0363138393677,10638.629698844992,5284.45147545815,1340.6137718754944,1307.3943562896693,10033.450711761063,5775.696484545287,715.0572742954117,642.7139762674067,3541.927977777497,6079.204016413312,1010.0689409177497,953.3518482559166,7649.918772502393,8675.007039441787
604.7279967092021,731.7921436213529,32.71075947452991,45.21628710698099,6.664009817795407,3.7568039538950586,326.79804001811453,315.0305494553385,144.09883075127442,45.13726942904981,358.9410692850404,143.500782827559,-14.925552303398305,439.4894037553205,93.96230264194448,High_Achievers,Salud,Desktop,Fibra,2024-II,1265.951645183931,448.6443568614464,15.812833094847285,38.95557862471819,6.689054074266833,-23.214745709193785,0.7527168297286444,61.694549194843034,27.978028337760236,21020.861071484498,712.6261695969898,843.2203299310299,8837.671593231002,5550.650563277374,922.2945028028555,2077.472170906216,4639.739368069827,7733.293943196663,1658.6502971103719,1675.50816326497,7964.80603766561,4342.641673179768,1101.8527951303383,823.3791918121377,5557.1029570170695,7340.748643048433,540.0754358688657,287.3800159093636,5487.250031269489,4880.696054717149
1193.8800216691154,618.0394814813327,21.025270675442176,37.209226704298544,5.215233821365393,49.072374821128406,244.63817669258532,125.14721641086732,121.73584214077863,170.05350087765768,1990.0196856934235,229.12515661503744,-77.19902911065418,516.1606538006293,58.016838276794644,High_Achievers,Humanidades,Laptop,Fibra,2024-I,1734.2723131997498,1646.236678945545,118.37618593956198,10.792056976601666,3.740975915011363,25.446662639004558,-0.7333693643110042,60.39422507107675,28.208471851222466,-10599.113417160457,821.1532974464259,1136.1369938500816,6299.652954154588,7949.818184285721,804.5820805255888,2224.407149177927,5352.2313298998815,4606.956433365574,1909.5893434035938,1440.5095948554776,8363.057961380504,3593.0149110958782,535.8880002685432,531.7839170447543,6484.974833156215,4676.441870676715,328.391723529149,213.84779605199367,5331.317819912027,6914.646509970432
1930.2386693844142,661.8940032028119,14.740551431971475,42.581673262735144,4.5899466938625695,29.386443830599127,349.9271611008441,169.0411350811341,111.12947627422581,546.0248458208945,6348.899973302547,210.43917422515244,99.03495426740518,499.4369494333192,83.9913150535675,High_Achievers,Ingeniería,Laptop,Fibra,2024-I,1591.5065399650446,1127.8590929190789,139.8879489736051,37.876435390925636,9.598464023600002,16.920142734244976,4.249878716148518,57.25874074483207,28.966370500236977,2044.643086958743,882.3908832650213,619.7721743824327,4815.724552430687,6333.461298706668,849.7886025723535,2152.5032813635935,7067.711897207996,7885.13064536843,1649.8398091357344,1155.6399396058855,6666.092450510449,5366.628420180504,873.4410387858187,769.4909745449971,4618.4849465848,7570.001318929149,863.0511839660123,659.1425702147957,3798.0855088290464,8809.002172776927
1067.5890104763473,639.0370454971626,19.124407079603202,36.74151584688319,13.611431589809929,7.105694265359231,229.9241487170747,152.05637365422697,152.3415510662825,173.25814060676228,2816.059485292684,182.76024115555282,-42.55968136198456,201.194295491025,101.2824588413093,High_Achievers,Educación,Laptop,Cable,2024-I,1811.0949614680997,1386.5938840466865,125.14673558019305,59.988271076172786,3.4019465776123354,6.040564833826016,-0.46924762536912823,41.18825797736064,11.3236369863579,16312.827197232356,250.0529904382326,307.05413601216316,6139.048174212594,6319.563133019212,596.951107931588,1716.4790711254514,5846.550840392639,6822.0484231357395,1598.5792179770772,1541.9785101311047,8391.667473174226,3690.5047351952317,782.0476934736623,850.5436405823214,5681.417020321915,8148.092578941122,682.6458298468235,640.8972381474431,7774.421418885506,4904.15107511486
1526.6852601060216,814.5676307811302,25.819232631104356,50.01851052752195,8.601779292545464,-2.946856670992851,307.0428872613411,72.9829190973764,95.10857348112597,-60.24929717354141,1287.783588104097,375.70818307977595,106.33742496959233,607.0755191176571,85.88506088964651,High_Achievers,Empresariales,Laptop,Cable,2023-II,1817.7554309271595,1201.3215532158881,145.54187512958657,1.6170889443035996,6.523764853829091,11.67479796356109,22.398920623282926,54.91521531358736,4.648017377621718,12632.142503555202,619.5652316427905,762.790526096089,4870.68720908436,6122.607068150363,762.4154926286819,1889.506517876794,5663.500668477855,6101.224351778383,1664.671536727385,1846.6615347832735,9365.059799557499,3989.378412599347,388.8951170649099,840.7808961791208,4076.4888386674334,6877.162302249488,1021.5041494399717,744.4904498396969,8835.75924461492,7917.109602554092
109.28751253696271,792.440430806546,25.026609949811935,41.98626107815686,17.033871197423373,34.362123956289786,117.62402960896833,200.6353329118053,93.84195422228349,303.269771969547,2317.220841821304,228.78973732249585,51.5505902338615,386.6262626749185,26.90408034014331,High_Achievers,Ingeniería,Laptop,DSL,2024-II,1143.8377379044634,1106.999300119515,91.84706361768644,0.3916658884745061,3.3917367160525838,20.39158112060239,19.981597590996287,27.932419044961158,23.52686279416984,6191.395925823949,387.109794469197,910.1373824068785,5796.116911641556,6659.979838266501,571.3955408717819,972.8184880186827,8640.31354388183,3892.8228582656293,836.6062093457329,1769.137227986418,4667.483634228878,3657.8966759526165,511.185390653288,945.3783361718653,3939.8814461136812,7924.036503243424,870.6220963937438,546.669515269341,9149.24437535221,7505.591107198607
934.9806199063346,888.4334188369767,20.588773884490696,40.57793419604563,13.998522983976446,31.73705961187598,238.85589462504134,126.38354407839354,118.51489659054108,-225.7149295284849,1282.4009852885101,310.3274619477939,84.66400395174844,372.9584467158169,57.28843658456889,High_Achievers,Empresariales,Smartphone,Cable,2025-I,1100.0133687950654,1118.322131922307,80.771545200303,13.518469187087298,4.60074397924507,11.468995093065706,35.09067714381759,51.925987328294624,11.766290178799832,28491.717925458408,538.8987844194443,745.0414009447416,5936.411394626552,5643.768098490909,888.3487384313219,2005.525050039225,11033.368291074938,5063.254997189481,1464.4335353441352,1557.2197538539335,2431.4496546678056,4187.338213916468,937.893054764534,723.6156120353174,5376.201531838489,6955.720047307764,630.1294001905653,552.4589281480412,7856.924463642841,5268.952298836833
937.8763511299089,848.5391452087026,18.71783258300176,39.46377300183898,7.289157488011174,-8.700474974666356,216.91187889018585,326.16777466083516,92.15487111369295,3.0670493737903257,2366.7392486567687,216.1385552259585,86.67426960555659,27.482357498917395,41.7744830134129,High_Achievers,Ingeniería,Laptop,Fibra,2025-I,1607.2320673548556,1353.4968224918837,-24.172714320124626,32.83282624327951,0.9310168033195796,38.18531329899463,12.347309334926841,51.746244185239604,26.278237560887597,27617.242792099943,669.871786088286,585.1648760263517,6787.384490483774,5150.430560796809,1247.858484447224,1132.7683679012193,7012.926208236506,5253.388336418815,831.3707062855693,1544.3743780695988,5527.022647359504,4423.642564498998,607.2831840767526,410.6829030232622,5367.639698394697,8299.056542458802,329.58231100120577,640.7282349749559,4859.478361020811,3265.362652138337
1245.6045814835309,613.1231999183051,16.872580793771824,36.284804882525165,15.782097253108136,37.52022099570942,320.51789782813137,220.07087099460938,94.48061088958663,806.7866591491946,2371.9426501463518,334.91605043003966,100.14616628802654,442.1914262680219,85.79860670934663,High_Achievers,Humanidades,Tablet,Cable,2023-II,1672.9195168883346,1066.8329862909252,93.92158969365327,14.714147066075729,0.22023838775395463,27.76811310637677,22.458133941830592,27.418736986357175,20.253360849433697,4732.467865274484,885.7575350807472,1057.3500473731574,9270.83303174182,7391.176011743424,896.1770981009103,1670.6242619737454,4808.782667045947,6278.042339779325,1582.7349463496353,1115.0890811105144,9081.894031053627,5059.419120482725,907.83124175449,715.7339314237496,6415.486916112465,9952.463337585566,373.5929339014346,507.16238762450774,6651.470063050806,5095.514879892428
1022.487874051935,516.3372483587748,20.070259851743895,38.15552339128068,15.48896256386078,64.83811374650067,212.83110147578154,51.053893259288714,66.47681786416393,-220.81350190488286,-278.88105948241946,252.00169288399766,33.5163508204114,544.8459230831927,40.46932822025637,High_Achievers,Salud,Laptop,Móvil,2024-II,1860.6372536019662,1095.4209338193236,140.1478923126497,24.63946087458308,1.6320531003158663,-6.637772425783032,11.466229551117905,66.160968199698,22.613177367064054,-17971.636822052264,405.2169271373551,619.0353820812961,6663.756339054878,5840.695708218818,537.6072861179301,2472.289032457041,9629.235623370743,4896.482715161137,1534.4314295311017,1923.6410032927483,6060.690165761432,4088.964049278438,791.0362458102019,562.3052419044081,6248.810846111525,8736.612640336814,831.2577503337487,587.1912497763162,7395.279372298249,8022.817975077989
814.3659282025302,796.4730255351737,22.629218586736716,36.63182950705281,22.614607882710636,13.336653262857942,289.1577682261059,218.39290526169594,114.69187109380138,242.72908984827598,5240.183551432012,328.39377853237824,104.67374528476843,441.8826261762451,64.09390832510763,High_Achievers,Empresariales,Smartphone,Móvil,2024-II,1687.3064659748725,1287.651334749661,161.43243779248354,27.398029578278603,5.053734784445263,10.780577773125167,26.683302467887163,43.64370002367305,25.61235171940909,3273.0069574273357,448.8652721982187,860.5354617526912,8183.945191805911,6841.073905361338,990.9604468566142,1000.4584092078048,6558.412879550462,7166.704088640679,1752.223161345415,1201.4248381199031,6312.903035883704,3433.9389322015277,649.1030059068455,608.4246362035356,3893.5934470861966,8516.1655939319,762.2670403563596,624.3979735823792,7151.5810124106965,6841.7426070867505
999.3047300228806,597.4199371812216,14.943648039067696,38.109575894310254,10.067700020360114,4.209897953508726,234.77806797314312,9.362069194902261,83.59992487851935,2.0906528304790584,812.0921566629377,255.80108896124767,93.32770082393675,701.7923621883581,73.52218691162129,High_Achievers,Ingeniería,Smartphone,Móvil,2025-I,1537.2479756955045,1158.9596889503566,107.47668431291953,39.73419676020322,5.331641332699907,20.83373776219583,21.524961331175614,50.181544882019324,28.273097621125004,-15272.246965635562,935.3145350983675,714.4722328255367,10006.180895469695,6137.593221854629,687.7512820162897,1251.0834694040632,5193.931644221711,3423.986955832356,2028.8492278426816,1441.4784732287671,7778.784456954914,4649.76787270211,908.6492208654946,481.60271032801666,4608.543243891712,10611.197887426064,517.7907997073747,674.4787188799542,7851.158577787078,6290.353203422203
490.55428792395344,803.8756381138962,12.262968230257137,34.992243116654336,14.566945848935553,42.968936448083966,373.2764897803794,73.97096194893868,132.37386944128212,36.62305598102898,-223.73890188050893,170.90568477934218,48.145689670966455,-182.79761565384513,48.370696826560874,High_Achievers,Ingeniería,Laptop,Fibra,2024-I,1111.2875417113564,1147.0663181919833,101.43951569868527,4.903221676377921,7.876998871680617,13.911126951175493,13.490703492898238,48.79056189648283,30.435189104622346,17150.093122810256,351.58724427307686,799.5869661897933,7840.912845046116,4990.953460892227,384.3610741333803,1930.6134744355184,4772.673430971178,6371.288747768983,1856.912744576641,1519.0533037862397,11204.752991795285,1652.1268518003858,733.2599602865389,537.8683247995549,6114.80075845,10886.553594233817,780.5242087721564,651.7424705848393,6766.035784838048,6177.668575337407
1846.238030121907,627.4506658596005,22.866906850908762,36.00576531988134,26.80360437589526,38.223906483946045,359.2047907043489,74.51733340638927,138.05644244632202,101.61111223207735,846.2654516941337,266.03225791005076,-32.1317635653545,456.23790805628227,46.749769207559886,High_Achievers,Humanidades,Smartphone,DSL,2024-II,1551.4111889115984,1195.7931742363378,16.834309127800918,-7.96701369084208,2.797136983493716,7.701403088572462,42.980085596981446,51.514652319037694,35.62078143236522,16132.119416889363,426.03184107445685,794.942907660712,8686.825385571989,5698.373191080416,843.6486745637734,1619.9367661595657,6633.303063523308,8159.65570042603,1675.097559464133,1666.0700044575883,11367.730262165567,3871.368406316739,797.1926227777329,490.8487811687098,6060.259748479751,8924.121468362973,909.9515776732873,858.6375482990336,7883.8918424665435,5744.465561449753
1654.8703600845827,598.1985680127693,27.3518239511663,37.22106555196718,6.057780128428968,25.742819300022347,325.4691925459756,304.4370509121411,55.50475319124805,-512.4684195370014,4755.259794678865,338.8310602351845,186.69631115517421,302.2093437124538,27.645151188085222,High_Achievers,Educación,Desktop,DSL,2023-II,1314.8216176889264,936.0478527663083,134.67192322437515,2.679693106506509,6.731502253816771,27.85159909803746,9.807250146758985,25.943956168063877,24.862756055105542,13109.338085931411,696.8817257402973,1143.8248277141133,6313.15914861086,7260.967105579668,460.82883223381185,783.2519106657145,5022.498112105324,6155.348783459504,1544.9956706861856,1664.9323532450244,8533.47366617806,4007.163389995663,625.4389891733368,964.346958208648,5782.596055932975,9100.156787441312,895.185876832759,539.1644624898222,8615.349768741371,9094.05454725273
98.98738649148459,663.3223472108097,17.42781003056929,33.702826975251845,9.304271684947366,-14.858724548101666,336.21588347910773,138.87809227452212,60.92681547727457,-224.58085980838865,3097.9502091042737,93.71290894465753,29.74140354253323,230.44561900136466,61.20523696385443,High_Achievers,Humanidades,Smartphone,Cable,2024-II,1507.168480474384,845.5067904822671,126.11805422526427,4.4616386478779155,7.881075671945829,10.982891537869364,9.768100073178275,52.07986447340771,17.404848880613752,20878.75496443937,469.6041034946262,293.55725167667117,3753.1186163208286,5487.920992919321,857.7290235713787,2404.957862213205,8611.298865282739,3960.0465340860865,1893.7146629272352,1220.294658500276,6838.112385052159,3973.4038160771984,729.4040868837775,565.0244687717982,2915.9655958699623,9137.436671643867,882.2849429259933,525.5036706372691,7167.456750791074,7532.331008951998
2016.775240822715,835.6384369271575,15.90653886433595,37.98422787919334,3.059258135831107,1.8481155915717888,219.77128955760784,30.982706201244383,84.89342057063892,311.0311607243784,79.79845037541168,212.4827926868509,79.93008748847397,593.2722100038643,50.436415868854596,High_Achievers,Salud,Desktop,Fibra,2024-I,1582.4935255086489,1052.901370202846,110.52266084901555,54.01759211837972,-1.079662042491924,21.09560837693131,16.350735980977436,36.633106067666645,16.948429216128186,37614.61406561771,607.6474967200681,938.0562729819698,6710.855248450076,7931.715214376998,1382.499716502317,2016.773006066737,7363.243556008911,5487.463114237381,1707.2255721026295,1493.0087785314195,6387.287459257699,3504.9205079654203,688.2738242635469,683.2853715413146,4267.376052262996,6175.5928226930755,1121.177777902543,549.0397433182598,7368.305647778626,8932.055672222228
928.1039357879549,821.2606789762783,17.06408144691104,35.77742455283782,-1.8650923745031527,-3.891472191790802,162.31701974564766,62.83919415531173,86.94007071807982,7.382956914878065,1564.9333656049694,225.15452642742133,84.95605238717941,493.402429297214,99.2356473608287,High_Achievers,Ingeniería,Laptop,Móvil,2024-II,1445.5445402178464,1600.953256305075,84.04375230215922,25.319060675728753,0.7794531045186579,8.908418397313621,13.392420180060013,49.123467562716904,24.934859258070123,30776.971117123634,845.5252809982056,680.5082123820588,7396.845942850407,6121.022563026576,960.0484111141025,1293.8608775623202,5016.065662150513,8706.384184009434,1776.4323893806704,1115.6452604065987,13929.814010422419,2320.6774524595558,626.3553855274591,680.1226689627794,5474.548522501041,5707.192056419379,989.5127911484605,448.1413178115379,4704.045201485334,6976.171789819933
1363.998212066038,931.4540860476548,19.226962122792926,39.75745595289005,10.956334995116226,20.369086170098427,203.28739357065692,181.32409968345814,116.46228464775568,-270.45643923155933,896.6653240947811,209.72533536838074,91.51047682064214,755.5482850600927,62.53267276099658,High_Achievers,Empresariales,Laptop,Fibra,2025-I,1327.8792933977104,1978.8249622959693,73.81221600511164,10.579648428412817,13.275320853349621,-1.4638372221951386,3.3781397897554086,63.62426885785998,14.321249690100693,1395.762611854645,620.9128839516492,451.1269330218446,3921.9875857088296,5237.756376719465,256.7863138978615,1061.4664469105783,2735.453806142616,5285.394783306704,1529.1556491787214,1027.7632625575122,3164.3008756781765,2233.929756375859,480.9883368593023,474.3267990861644,5755.38431001444,5937.634438062734,938.11771555651,611.2127111589555,7633.743966757656,7038.530622347847
682.9910426957181,503.2491649181701,13.023628391140397,40.93765704905685,9.21244563554522,49.48862909833356,308.4184999259512,145.16551420528253,130.93541540286472,-475.6478058934281,3268.17995383166,241.92489104182582,53.709951914859516,618.4113579310028,77.87183143172071,High_Achievers,Empresariales,Laptop,Fibra,2024-I,1745.714492247219,960.2607970818133,67.56988429729006,19.82698880245748,7.925700824097841,2.6496793654109076,14.213740032525934,61.250915725971694,24.842588647451663,26424.942395955568,810.1678745884907,716.0343133489205,5665.0972031004685,5106.838068345832,882.1770282723012,2138.380743427623,10073.18331143636,8121.963042716419,2026.7803065559772,1836.2661891993694,13013.754046330083,5312.484116128519,713.1667743954404,831.6246023127783,5075.654872605237,7602.8689729113885,741.4423880907249,660.6587657711018,8999.412351124929,6598.936206194077
1411.2276186043741,589.3330483707578,9.807176527269208,44.41344617754512,11.287283539178013,34.381099410831126,310.0877128400331,100.6257111953633,60.62799204689537,-102.39079211511284,2754.5405031888577,220.24439129838333,32.14726635394683,182.41156736312325,34.84451578505845,High_Achievers,Ingeniería,Laptop,Fibra,2024-I,1367.189523684355,444.7704309631247,8.088750408110968,-3.544071155039269,7.842994149602207,17.179941340948407,-4.178611077146311,62.82411800793075,21.424760171522784,2321.1535375294825,584.3364090210562,1010.2842820122573,8601.672431146026,5339.799378751808,1093.65129270992,1800.93581373303,9543.941977130355,7730.588301028509,1767.2539310145798,1635.1545044216916,10560.458031130811,4178.473013135826,922.1620383569342,535.7234070484348,5085.109905567038,7508.062536045213,828.1898964974853,220.32076312862262,5794.912239660564,6811.185192950104
1907.8516771497739,764.4923588676062,26.173054166898755,45.339580540853305,7.986726641724666,5.337890063559739,332.0545463403536,148.10095041521282,116.95355647713376,54.42460991212586,852.1512989166596,305.5361655890983,17.984086031576688,311.81677929707695,59.463342943077706,High_Achievers,Educación,Smartphone,Cable,2023-II,1400.3189999225722,891.1480380323036,22.808953746883667,26.4265194730051,4.77211793708228,39.8180312386668,17.10523438134695,32.70396639825423,22.676718582448864,6621.495766242042,771.6750831897666,732.7599213315128,7383.199760190801,7315.762089822744,928.8414108226809,1695.681872401647,7412.397894202877,8821.464462435513,1615.6767435292113,1385.546535305649,9951.409611029401,4702.530034086935,875.068508519141,974.7171561158389,3978.689272263829,8408.996928193112,634.3240782388114,772.4582232684264,7303.0103920215815,7570.630929093293
1140.7881698721067,949.8655901291999,7.699788853004934,33.086492208218736,6.54325307570018,-11.605553790640371,204.1758551063822,95.13957829251983,86.39163518877203,113.55153783162751,5438.034805600108,241.12672063534623,31.00931630079292,310.1034502137065,103.27359543586952,High_Achievers,Salud,Tablet,Fibra,2024-I,1292.3986161878875,766.4892411288532,77.2781171643363,-3.8568244395018496,0.15475661941289537,56.343091681371504,27.696442425199148,51.42384545459292,18.19096992135534,19067.634725532334,675.3189780052328,1108.2143255110245,7013.925145987424,10238.343888914413,930.6222546699613,2606.2618374797335,7279.320768919529,5189.011672248636,1033.625839538582,883.0582903008128,9279.949933807526,2728.3529747392613,918.6738544154651,682.6435914885747,5339.848510937523,4895.298706196244,697.9622042193587,631.3918344410539,10673.984799887066,3955.78216907192
1611.9085564587176,861.8237979960963,11.228697860117427,37.036490503909896,7.5939012275925375,2.738279525118827,304.873406352498,259.59298692092545,76.16716239470398,440.8715008254865,2728.5828481851077,241.45050256793928,57.86163087539167,801.8092005310529,72.89309190629132,High_Achievers,Ingeniería,Laptop,Fibra,2024-I,1335.988981401613,1396.7937656641811,57.43947151228259,61.057806519181746,2.586397598589733,0.08553805629785316,0.021650298818618907,57.690507829999454,28.714575393637244,24856.61681707854,752.0079872212511,771.0354943203291,8631.340151012251,8856.027802821056,1094.301097709624,1725.286087755885,7225.266665520316,8213.72538930429,1419.3783327134354,1376.5089635741615,7962.10776461891,3971.851953348946,619.5203609475743,704.3124612512684,7443.62966063593,8432.729100296725,863.4407353453499,651.1872039413361,10291.65234441346,7633.367790172246
1304.4651831025021,544.9044999244793,21.64013251318148,38.5166318310907,9.911386967247818,16.594578529201545,364.62254314908216,267.55929153765146,97.89928522558722,-45.43253882382132,2008.1427325902735,371.7570788484253,113.27333251339225,-212.81115437561442,59.31098167598629,High_Achievers,Salud,Smartphone,Cable,2023-II,1654.5041712980358,1528.1907478024723,13.039795938231826,17.008474062387023,6.1631590641028495,33.36220614641856,19.731756779153145,34.55545167760329,31.19449393496899,-29646.05423046889,717.9421250435753,731.3209970588996,6523.062357823208,6698.099980879627,749.1255967696015,2050.378847028396,8527.181190424868,6449.94648447704,2192.5111088674958,1475.975455265461,8837.42390484056,3713.014300256708,1001.892461704483,603.6242657333669,5388.63936060972,8820.491770756884,1290.0239776343617,711.0591347229702,10722.492338199463,10659.356518371113
2007.8283102392302,756.1350247214073,15.345293219032403,41.3426856232884,8.848149067359065,48.94995980792021,306.16519548611166,165.09411235683382,91.43165102172105,51.05358839452121,253.4147210359497,274.567161717382,16.71891538900372,209.22915070952536,56.675568536846335,High_Achievers,Empresariales,Tablet,DSL,2025-I,1311.1911336333026,1115.083785625428,-6.324822542339099,70.46604498119731,-0.9467061894898294,-10.147227009335069,16.659949207546074,34.4797129404955,21.284894295353226,-6442.537345363115,542.2206983780111,900.9348824820773,9514.75812915907,3528.088539084214,747.4116644547905,1449.894559572244,3988.826093273994,6973.549720190101,1762.0506415919217,1920.5085556912838,11130.340556002646,3180.17651553691,958.7610503655762,548.4387687395233,3609.1421457665365,5479.755958490662,494.7729654024819,670.0000502014091,6931.509190790193,5619.13097314993
973.1745569618399,723.1625259026314,20.062063682562403,40.74013990798585,8.218603863831229,-1.2363922875424613,252.37570102347297,115.38847128866607,110.85683962161684,164.80862228776948,4381.250090740312,362.7932080351974,93.1667504559384,461.4578624266928,63.8603962636466,High_Achievers,Educación,Laptop,Cable,2023-II,1450.6236702187964,999.1402841504502,47.028844664937985,40.11185614782058,8.619305150476164,-5.345564461779866,-11.210833901872556,55.84457096716225,14.828955909765252,3377.201263119455,850.7091744205464,902.4256085418177,7519.260477326062,8359.077411946295,1183.7609681458664,1537.7945265837002,6179.752757896492,4436.70215830611,1300.1405704715357,1921.4056544937073,9085.179372596373,3364.1101223816822,1105.5507803535295,569.4187793822227,5437.729028423046,5695.0886287865305,746.3630149141724,577.140325011807,8392.035618521248,5595.553483430414
1310.2941208916557,551.4923694368631,27.177533746165505,45.60083813138998,13.921960847585833,9.313699362252544,257.4279458115071,196.529264113704,136.4506076146215,-402.9234882063937,2939.353325618605,383.4092543373408,20.463173276548712,768.131647304223,70.52549679298164,High_Achievers,Empresariales,Laptop,Fibra,2024-II,1830.2558880310112,1765.220483101583,40.930528734168604,5.481954027267594,1.3333276375166199,25.8170941262959,34.20280194035264,62.11800059720745,22.808556531171426,71595.50265349488,669.5644081123194,820.7613855767994,9496.933500308969,4752.160946955364,402.8598010222501,1491.2319926793568,4054.0419360096084,4424.576594872983,1378.380543374064,1155.3597781063415,9973.60453950209,3939.8139161667705,551.0693759915694,660.416157901068,5654.2466382763905,5985.841471985397,827.8051338790536,766.4725683996396,8666.029758898241,11094.98535143444
1217.144980868085,730.4057973432609,19.979322495766645,36.11668561542851,8.109297186332492,-5.755358997432371,219.43174825021055,320.1816866723098,89.40621608781217,332.8435299239224,1787.0449449196826,155.31565120248672,20.253560743348608,-13.153611909896894,60.286013800090686,High_Achievers,Empresariales,Laptop,Cable,2025-I,1275.9228279907354,1582.620805175197,40.370429390852365,37.25618230811895,7.779231035006289,28.427614926058872,-0.9255447767630587,70.3317377705898,23.073098859285373,-17838.65668976258,685.0920564258965,866.7081771115173,4978.032065671978,3558.5948319385234,849.3313970542046,1663.4710420904028,6630.702829409946,6321.8105097076195,1402.4970722106127,1764.026578382713,10123.699778016597,3631.825033684655,754.1918676549043,892.700173031144,4296.42211330543,6859.952089035774,836.4235613656323,885.5425818122575,7177.681830458964,7337.933601057222
1157.2090664232376,715.1275134024335,12.233307833446428,39.02796234614348,7.598206386592011,0.3509418026481086,302.07304062084216,121.38082628621066,106.96120739699207,-25.93428523139687,4860.346922426374,250.84770982874105,52.11486178503559,515.7676532887791,73.96320368603818,High_Achievers,Ingeniería,Smartphone,Fibra,2025-I,1684.7886895332836,1402.5114618167045,15.320279621472302,35.63695492448251,13.641711299575762,-5.896097183216888,17.486264431375286,60.76372710080617,20.002171669004305,-5314.258147380735,816.280676639283,981.6517750510085,7057.408065954176,4919.945541765497,468.9750408161223,1473.7561971009723,9677.101577547404,5647.50395159492,1839.3196876105753,1103.3525489514464,5232.433010404695,2804.139382923682,513.8813240264369,347.0400471624496,6819.388307669695,6985.188063557401,593.6147622379115,546.5108774133271,5488.158518049605,7461.37548115993
1599.1825461920678,706.6725890477785,23.927547944615615,30.61018832205504,6.911266393989366,45.655046281640224,140.39091613787295,128.64327963375354,128.1999864391867,158.97726571114347,847.9409585985359,218.40232917830141,6.321482767699688,585.1998248354325,50.16339490105465,High_Achievers,Humanidades,Smartphone,Fibra,2024-II,1317.9465567313423,2100.72266561552,35.347177278361116,19.17007932623867,13.694162697394741,0.3519488889172999,10.044384770067744,24.585485714556324,18.473308577241653,8329.354697180379,572.6110695697131,894.8105749719301,7924.486299064809,7978.944522277825,732.6350876693314,2351.7623901738575,9006.907975124768,4846.951236607862,2415.683853526931,1337.74599467992,9650.649600237884,3656.4820307817113,812.8826081072807,756.8688458390598,2914.855383429567,7075.443002337594,710.0355277294085,683.9512667521763,5061.713873184313,8874.185443890194
1907.9509320002599,863.7298576822085,17.423759741335616,39.32403691501865,16.111660700148104,33.54599659673222,325.1718363522185,-6.769492440566154,143.56529599492495,8.787773161603923,3324.430570879188,202.8216490461108,44.73663356252436,-103.11197252668865,58.26259349222616,High_Achievers,Humanidades,Laptop,Fibra,2023-II,1564.7920396648808,676.7362669355446,111.08212991197412,41.550697786487866,3.746474056739287,4.497745049896007,-3.5750681981578065,55.38202575822611,25.066432759790686,12320.826338201825,460.3042557072788,472.77925040864704,6407.3500348997695,4687.629542842188,904.1319298057134,1702.9332559502468,8874.287015251706,5418.087142089923,1341.053802612082,1706.6748134889604,7483.182669852755,2889.4392086600665,634.9108014683156,738.0860921526623,4149.267530377458,6615.981939026099,1203.0019035946286,609.2026692147551,12434.30110897317,7467.146158291424
2266.695032521074,526.5646482204377,21.412128364929018,28.925986579913328,3.3058762390847196,38.025447926965725,246.61293309687034,116.81960916364126,151.72959808441186,384.4351253449862,1513.9402121529872,310.80132012648204,-29.10265508792706,425.0582864665274,64.23349120499702,High_Achievers,Empresariales,Laptop,DSL,2024-II,1421.9473147488688,1711.3638092115175,45.90439577794393,24.28936198471956,4.675830859446467,-8.571283075865622,13.514407543333075,49.44792957489407,20.63578960422544,19805.83244208471,436.5169937112786,1155.6339633654939,7022.26419672686,6096.373542716438,409.18241676402687,1216.9903760582263,5797.390194223762,7318.313803113647,1081.4394855544786,402.33571879464546,4651.044285453573,1088.2382593674495,460.20621557558417,665.4407723418269,5632.802905391471,4044.115886920454,374.01898274175727,632.6574898053317,8563.042963431264,5512.9720751074465
2269.7623414514574,503.4224592691338,19.707765351230687,39.27684663449449,5.425910962782739,-16.211645832321448,165.12029287230843,178.15619217192454,122.6929558809804,103.26572706621371,1240.109534452433,202.12407002225507,78.14119575155938,629.0056713681338,29.084341162531807,High_Achievers,Ingeniería,Smartphone,Fibra,2024-I,1293.1769767661374,1338.0260272443138,34.31200955178022,14.645904576106622,-5.603016003482367,50.38613632633468,6.07774336560108,75.54660429223982,7.677312852605188,54549.783024505785,718.0990238163808,748.1449749535034,6822.695112143873,6042.681145517577,799.4129367739885,2143.9743924712375,3021.379603786625,7189.2723320706555,1834.7709963300601,821.0944873289095,9461.558238969163,3743.742927523571,675.698044984803,835.4380089929701,5726.780881107094,9317.500212892377,613.6371257644829,544.9909898979399,6948.125127322983,5586.608442291828
2039.2192989184032,614.24432572138,31.900650723077415,45.12406899334181,2.23163701780447,11.741475839234704,222.49590055415618,146.64936111557537,116.95870508756795,305.5694648853845,3009.0991233072536,187.04766526412982,93.89659030040795,311.51397975358356,81.3772441883315,High_Achievers,Empresariales,Smartphone,Fibra,2025-I,1391.5752862894267,1508.9674122716146,-28.638063923648417,34.11602115654249,2.0029474661596,10.128562129095044,48.555922560214086,49.199971143831405,22.851873656360244,-11965.41351585037,454.9535165997854,512.6971890165255,11391.737993237033,7983.865557029381,1134.757566056331,1647.5189121542253,7608.403810633053,6399.079791183602,1500.789045509026,1656.2761818632725,9411.277183710117,4264.178035852364,808.8452388112947,890.4374366312061,7595.437138042628,8073.827581856328,653.1462912046534,554.75381211796,8037.095684808782,6938.183416460563
858.2711956272287,545.1922805755448,20.9694430813256,40.79547671476633,15.85632927559536,43.7153603176032,202.29683745368993,179.6035942420811,93.43385027561555,156.4403921095119,-658.503211386105,369.8276740974494,23.632878829934768,128.94558236842065,44.50189638405584,High_Achievers,Empresariales,Smartphone,Fibra,2024-II,1567.266029249584,885.3767841555133,228.48979167404067,-4.734261270914578,1.1351079388579794,5.695634133218414,38.906431595202456,36.739692651660235,16.980144384538043,29677.130377860998,915.7621366921098,1084.7197490069902,9509.669748382605,5986.1074257612045,963.9562991275899,1590.683483291614,5604.599768627422,6665.738160164959,773.0886912608154,730.1709677800061,6622.806008848684,3645.1498135826932,835.3830785788033,682.2945656211621,4615.279983033639,10446.118720754073,398.4254251833028,731.0876770044399,8513.976478014125,7886.8124968239235
372.07454916601307,593.7909255505733,12.898267212050602,32.980595978392365,3.0088201670477037,-2.804688608861934,441.9632817503387,160.55076671223992,55.77247883078676,-21.543598938762713,3888.0870080170894,333.5540771019949,128.57042786409465,262.2091605461417,72.21029404466833,High_Achievers,Humanidades,Desktop,Cable,2024-II,1458.0433300360667,1249.6750258293482,105.80737732603555,36.702168435242555,5.977316212911415,11.636302426218144,11.56321615034522,40.458876515566914,25.759513113556043,-8659.81723937019,822.08165099564,877.0878122917783,7888.110519239983,7218.491258350434,909.7491228113208,1783.2052986309652,8315.289365565057,5269.0969578043105,1209.2804434099512,1821.427078416185,4381.61399518274,3692.152390155968,916.0718397412714,832.4716999502067,5479.968739172407,7600.416648127093,1200.9831073884052,1016.8403595050008,10776.686964901002,10805.787931099117
1768.044115476358,807.2415133046251,20.828120501780052,33.222067692561836,11.45395892397625,-5.341563544614846,243.4386030188718,268.8549664151116,107.68102816392269,-207.87378595474232,-741.1109920162078,239.3823648144917,74.09232148650646,665.5462194596483,42.68535633204457,High_Achievers,Humanidades,Laptop,Móvil,2023-II,1772.5110156665,883.0950434664942,10.135505535806832,2.7426969531815546,9.212782909158118,2.840221527576724,19.200665086464785,64.92444799831522,16.926001695621206,35296.76694643291,530.9290376863119,923.566847636253,4272.949855659948,5613.522869261587,735.0365063786339,1628.4552229343096,9509.315214428847,6999.242821988434,1570.4279403728638,743.1176956987723,6605.924432952475,2896.9115305218,526.9797296204822,594.3900591754851,3332.1192313886204,7752.773701889452,925.7376618849232,548.1510649926938,5659.5476294619475,5789.496849038069
994.6983124568859,842.8168009325215,23.850374168599437,40.812026756308285,6.68850308420584,16.069677016852964,413.7359794146254,52.19567813697495,68.69144278643091,-330.2098249532103,-248.69844494779295,247.60012544996474,82.08713852997624,663.8667239638569,59.747531341960155,High_Achievers,Educación,Laptop,Móvil,2024-II,941.4549510885199,1064.4091113013749,83.78191295641614,31.933402437097136,13.045733124841849,2.6411720203768496,23.978251032446835,29.31787008792125,15.904329333858417,-12382.550037251789,495.07760790263046,1328.8144562192856,11882.62966080548,5942.148529393211,911.9151789167651,1797.3858756334143,10106.573624703738,5223.598547885076,1710.0756630204505,1333.8734901212638,7903.0676095957615,2945.2198959338943,687.467362286054,454.5381193267476,2859.698219916277,7771.352961715061,637.3033374784585,626.314074658329,10579.482721518874,8884.095462255851
64.25332902800983,843.9220383764638,27.66653908169388,33.69270464728148,8.492664144058168,27.85191520971804,276.0229762974891,104.76315196498658,127.67754887746548,-702.449806014764,2168.246854456709,201.0027775847493,14.399666312323724,691.486072930719,44.12082405118839,High_Achievers,Ingeniería,Laptop,Fibra,2024-II,1011.3760199999803,827.7115615959513,-35.16920002382588,38.11121252331325,7.921074914250431,1.818150396739897,14.450171446929318,68.34157789049367,9.173737399751438,29586.62875726172,497.07114164426866,924.1658338704082,7311.774504030969,2526.3075836809967,895.9066843428353,1747.594399825201,5024.541941229336,5197.958007168108,1614.6020304922436,1637.2885281192782,5558.000907947665,2938.4103588093003,887.0891304434339,1078.6736129911285,5438.748943772119,7668.3832430199345,845.1278019938544,647.219106390812,7756.983169769848,7076.916355550755
1535.0474213237599,645.9552685243508,18.408678408542002,27.393781322342562,4.624823001283682,14.516754208734177,227.7169971210298,296.0622828494826,82.2778485826948,223.48609576175278,622.3733288893952,360.44963837506236,112.75927992088683,413.4633160228799,103.38443421674052,High_Achievers,Humanidades,Smartphone,Fibra,2025-I,1138.0368310871838,1039.2562413216376,5.672418768156135,10.184340952260907,5.444486152223151,-3.1106938790562353,6.682952715012429,59.301881400208934,21.922335550986723,21894.74118971961,677.6194479359169,939.9729463287077,7964.663174759492,5984.296291055114,1114.3784553717346,1829.9342676301492,7684.863635655951,5091.258152733496,1613.8663818954924,1973.6113447371652,8365.742500922857,4080.0325093496863,707.4792142378736,770.8641476730141,6096.805248306582,7439.080171196393,1063.3431453383134,736.2720492721544,8429.064394114816,4233.252506190801
1891.289248766649,686.8092526215784,22.22032981935004,45.451860545560805,9.30443818528188,24.228452239588833,254.22230726746633,130.7827799344743,88.92440438812909,-140.12241971177338,185.05276430549657,296.5440346300688,75.34097742629584,304.05501568063926,35.61891918025485,High_Achievers,Empresariales,Laptop,Fibra,2023-II,1723.8851855761259,672.4964391314072,170.94951461885512,68.62765129399824,8.854300629951855,21.931601267539257,13.787977847888214,55.349685838272606,10.300709531870833,6775.125020827642,913.4354047765273,848.2269586165768,8186.088625925793,6628.284174913954,727.6525467653756,2290.0854573009924,5890.412635913587,3987.564686030867,1518.9188907653988,1281.2712955862032,7008.401572874718,3596.405318426693,786.389477342135,627.8293621105015,9536.162821333455,7823.786313871693,665.6274264553748,656.4678803123147,6315.384408813499,8566.241661997503
1192.5016963947523,846.6219729489534,18.977183826534183,39.98651390591459,14.137597834690144,29.147878660595673,311.59634145363646,135.42294189588188,74.77253119240547,532.4761261047362,6197.6743069007125,331.1572549705701,19.09415795081722,514.151297401989,102.83954259834317,High_Achievers,Educación,Smartphone,DSL,2025-I,1325.0198010667848,679.5395275971739,103.202484714305,25.363548936434935,1.337294928840743,26.803331763743707,22.43070054998818,48.797712286577465,32.22717861659409,24469.235234765827,255.82689736497082,160.23899892002885,4326.915502405569,5828.961517818147,798.8294787138847,2211.600127461877,9653.017728799863,4228.090020023217,1436.1744009637973,1903.8450859032382,8842.102092281011,3862.225316048904,887.6751209681948,661.8411039884738,6127.546608065501,9187.162764161252,767.1683940610794,950.6686864019555,13661.722607825679,9165.692966852755
1670.501826882797,705.206862488162,13.195939140764503,25.332301419793776,9.873048921733531,16.34837565650065,295.84796285084394,311.1136175817584,183.95331731583389,110.62344806748257,-57.00312139927087,170.4478607473095,105.68664854523645,547.703286552827,42.34750253440119,High_Achievers,Salud,Laptop,Fibra,2023-II,1416.3722562495163,1334.0954653790757,59.163231128723055,-4.434087899499436,11.02970206538603,35.62337500871856,1.2132880466308027,37.22030440263438,6.651084311096248,30545.872305070392,855.8702352113149,1098.930124857896,6980.263000827712,5310.75123896527,890.388167118014,1368.2719436929767,9783.484489408056,6919.178296180749,1173.9929645659568,1011.5642720583121,7628.784532731807,2094.1401860291808,914.9198932550692,658.5421707326419,6616.4339116462215,8609.870528337442,530.3771053626047,800.5809026762964,10941.72833394844,5477.151860525378
541.1318658327637,951.2869835474621,20.716359496967833,40.246881618622695,15.027485062022548,-11.121648350296514,279.86716533983844,81.01606549126483,54.660653155216295,411.57435757700097,505.47653997829184,303.21304083108936,-4.056235475639987,906.7284156109571,57.353940317697884,High_Achievers,Salud,Smartphone,Fibra,2024-II,1490.147622847299,1234.68560810688,64.21558672791336,8.38046321101501,10.682475585570163,0.7102970879986543,13.652947779814324,33.901026927216755,11.25461004494286,-7777.9965533385675,817.9218709052104,1041.9166216603785,8933.91198096204,5206.644885574509,712.9221250488845,1624.6179742698553,8282.943720087285,6951.737937843237,654.7553753764852,1944.4159296014743,6627.894504233159,3023.54473886924,669.6559390582665,628.9788978596882,5205.79767258139,6775.337366988494,547.0411380536568,764.6794024436009,6326.790876024959,7118.610999112034
1130.3200167140633,719.7438551573862,19.21687088373763,48.89084217922547,13.163889322913452,3.436835298789136,338.9313222585707,137.96135378156978,62.55977876700156,297.4295557456039,2460.575337850238,249.45460497724542,46.44067072961486,836.0316221662763,77.93470090590736,High_Achievers,Empresariales,Laptop,Cable,2024-II,1223.0525713877569,1666.7751126190383,67.00580437367671,28.439350191275622,5.377935368655641,21.314035267012798,20.990269091009548,58.5769571390748,35.84586250558424,-7183.837682312811,669.4157260883577,919.8606225964294,8337.693100215953,6489.758722016477,1014.8888891095922,1526.4819948997215,7621.115876595584,5981.93751442985,1158.5905121976296,2374.26372958617,7092.916774245024,4066.7060219438663,771.928621190184,878.7530897781713,6276.120483701755,7477.245633424918,960.3824109417153,584.5012108681277,7371.150316016336,9047.432245517964
1706.0256935224297,617.4025806483804,20.498979324964527,38.238279346959736,19.805319644160875,1.577181523089422,233.83924248202862,66.51987532461588,89.4751416483446,99.06331642016248,2208.7622986225383,227.77508385254495,95.54577368278348,551.3359650690871,82.8193712934858,High_Achievers,Ingeniería,Laptop,Fibra,2023-II,1533.0773571258794,1077.289556223453,22.186336025934857,10.17522559224402,2.894946835079649,13.294318521746833,36.68730585731273,53.61455881427082,23.129682908075964,31097.547161983734,570.563113140847,936.6686417820014,9571.544071484723,5196.669353266027,279.5139836708836,652.8596423681226,7944.640209725979,5863.865736793888,1204.385060383186,1311.91057286713,8243.478302238565,3832.6388180457125,753.6454234481808,627.0026304589594,5974.369079081313,8418.119431699535,850.9519183037762,556.6457519571413,7085.139757677958,4153.752079061161
1061.573417866242,633.5348528267443,21.722541426282273,34.94383436314299,3.0605908863282068,20.64106659016958,270.7629323107952,280.46722314115766,62.19719096099276,-49.023943779435655,765.4125854668134,316.06460835015145,16.134650874501304,-80.44787812160303,77.91026337157778,High_Achievers,Salud,Desktop,Fibra,2023-II,1823.0119732321778,1308.7647699217544,95.71862549480119,-0.4644859783400648,9.096799307218522,21.69711828689016,22.161158897046015,39.97471794389777,17.59301997448701,-2933.6971003252256,756.7274671756409,1053.6957995257776,5954.18586880962,4452.659724908807,670.5035657854268,1715.305449563692,7212.969575244221,6287.01703326446,1132.213804721584,1265.8688735469862,7634.182847994908,3010.191849890029,924.7931032495163,638.8789997659563,4410.5413105062125,6336.306931554895,664.8550374993958,778.0361272907656,9723.064763985176,9427.464992633399
853.4612354456937,803.2566596349711,28.19321284809304,35.01722737263235,4.67458978085698,-8.422768173974513,197.30738850463337,158.62182816033732,136.8468851882899,211.38258936713487,3380.7944532845722,367.71317053872457,-8.841026924043625,1004.7228964426456,101.09535700692462,High_Achievers,Educación,Laptop,Fibra,2024-II,1979.9049239134142,1012.3263146226365,76.18508825411172,41.92214994597462,0.3140914750132484,44.10120447432689,8.865466774153582,54.89828846371416,14.371570665266939,23484.168838045,783.640604377349,776.5068089954195,6065.962193832762,5504.104393779704,1049.0118941984724,994.1821380725313,5983.150486585065,4562.91301813557,1731.1242734324812,863.8117030050291,7716.454977259551,4871.909355766496,673.4924142880875,821.4491315997655,5906.830520396743,8855.871391754868,638.7409906761328,914.5209948031828,6600.746709417905,6169.543390523367
394.97825708412006,569.1247386765494,10.694360870499251,39.18582245677304,5.301961831819336,23.563820583472584,144.6571971086173,156.701685809044,72.8478167009656,-38.35885104556396,-1135.033243858224,255.4054723784804,91.66374140828137,334.6829310601162,106.77500204411746,High_Achievers,Ingeniería,Smartphone,Fibra,2024-I,1184.6946793728982,1282.8937014841422,11.391175196480695,37.92152272323418,1.9503677630390066,0.8751888509991783,-4.300952013262529,37.358186396998704,28.54412250149494,-19800.91088431801,616.579882680613,399.15467082456104,7842.273540115205,7061.463111979975,1027.348596002611,1546.4951613690064,8488.618758518454,4710.113334027002,1301.4192174392645,947.8237229540316,9547.754499613085,4038.5824850892077,772.6698538422256,730.6477035075333,3407.587195768666,7177.176349396794,843.266257512615,449.69641411868565,11393.12710746518,5603.9380311854
1382.7710231354145,623.0058569999874,25.577771203825492,37.77687958309788,12.362305554585589,34.344968995691715,356.1356313624107,154.2046036205013,2.458761687295251,-326.8610940610504,-628.0195664802168,309.39676329970274,58.70949090415939,525.1481295458286,66.2242008335314,High_Achievers,Ingeniería,Desktop,Cable,2023-II,1145.1435533385659,926.889003828167,107.17328463117303,-2.2679434635171134,3.185703886731633,15.000793086751699,21.858313062041695,55.81099793215322,22.336781809026412,24737.264309356593,252.26142919768154,720.1812777191127,5635.4531395101785,7577.4347599910825,1018.6114500716855,1739.8201353585662,5730.450228023769,7416.936238666951,1775.4187240233152,2026.5730008773317,8011.884792418074,4206.2200126537955,924.5698508190931,507.6329155659238,5231.7353467541425,6290.995664778917,747.3328568873691,740.8710707196899,8313.421800567072,7926.811295779452
1670.8798971716008,596.3014575740776,28.648264524663198,43.29146686535478,11.193702773228926,-19.550644694182267,291.7937010812667,249.4784988971003,125.75364277455243,-99.10655009516839,5390.021435312528,213.2962592033747,29.61486896377833,59.711136367681746,53.07199413006671,High_Achievers,Ingeniería,Laptop,Móvil,2024-II,1152.0159835703669,911.3273913111169,71.22071322460988,11.650578678690444,2.3541128510474083,10.723887091484597,5.022596043396229,68.08811599037344,29.968853084686728,45771.25941262113,514.924965290595,909.6606416673898,6168.998611540749,9083.260322901233,558.049709918418,1243.4286260593683,6018.272803537822,5693.76686943278,1134.0961876597396,1513.5974995988138,10278.161174187826,3977.7085789555504,735.0270671851384,783.126001078548,5242.676538401016,11616.716163084186,1254.9915701714276,508.69311623689777,9029.206849182834,8478.96838663997
1800.6105178264947,659.1157825525133,21.633483094692558,33.30763090157158,18.662806633901827,31.54404994573594,144.78186824109633,145.82833290799817,93.94796565927705,114.6300087635032,719.9655729500084,390.0338176708008,-32.8781448343618,212.32766507026486,33.777704244120635,High_Achievers,Salud,Smartphone,Fibra,2024-II,1599.457420321211,1197.4290878133086,-22.027236523733514,-1.1447654714333169,2.1168013767622154,-5.497311768657825,7.278613058996928,46.78414470237557,18.854313287637936,8402.100197477674,578.6384553734932,889.8785462369603,4473.802302208233,6003.132646931103,993.888504211281,1801.11959730387,4131.880843753572,3872.139565780807,1157.467593450601,1348.2484998040325,7818.937998407837,3215.469864871419,562.9165307439197,701.1487219092969,5138.535651376229,10553.672513999029,267.0711173147686,552.9179957403838,8566.5763539593,5457.337582218946
1451.4205543711928,947.1478084071005,8.50943274200614,41.62070141065706,5.42388288440222,27.456035162436535,418.5935338763753,179.03072926741618,68.21248366910842,174.48637612669555,4653.158552234697,258.7422718961616,132.96818076648336,408.72484250034324,63.04382279366971,High_Achievers,Humanidades,Smartphone,Fibra,2024-II,1252.8495957229557,1370.767594366925,135.6118192581395,40.53858789219223,9.904071720011785,41.32120612308718,10.600307394309757,57.65499731184495,9.67620072663545,41453.397986797776,356.02441184279286,731.6919449448063,7909.2857843533675,5566.539458810793,839.7503576405984,1181.6331450622215,3972.3616097560785,4406.145004214008,1332.403662494387,2135.4394139825804,10011.886029449814,4486.395368562995,742.2800337432076,768.9583270434828,3516.1866988018396,10119.17732472853,666.9378860837246,592.3903474179192,8305.088290622323,8126.077966218762
1347.237049399164,968.7206641123313,13.44782786934647,32.59504538649041,5.333867969639884,16.046959672019188,305.7600406873055,32.33793191581161,52.76957614922376,-278.4532105003842,1194.1601039938669,383.7530363051062,37.60571772915818,904.8913462387308,70.07696202550221,High_Achievers,Ingeniería,Laptop,Móvil,2023-II,1232.8649259029346,1850.3261268033862,111.42720632763857,28.98353251179263,5.349221225497809,9.354051342634694,16.974437841092715,65.54241276549126,21.057146506922937,29536.95174257742,430.25822864352114,788.7043875497725,9688.913614668954,4253.016963603095,1069.8971108125572,1382.8670733056147,9102.479009870061,7305.924896046585,2032.5945299444468,1282.2723197605385,11603.35527522448,3698.122773904953,843.5698625543067,896.9705526563387,5138.772437217205,10800.028280656847,823.088341002376,660.4685884758002,9236.974460756823,7126.000401182474
1896.1655231661061,718.7587749810833,28.016487859205753,40.83373037297309,13.31801502836705,-33.387681415826094,251.47518231414787,184.51721126291667,119.71754661239903,-160.5963327380142,2384.3920309458445,396.0395743486853,33.855790408733256,-78.06770362933128,23.46671944612803,High_Achievers,Ingeniería,Smartphone,Móvil,2023-II,1903.2332445499778,1436.5771658038427,39.895840367444116,-27.92249957405545,14.003766323741146,23.144529155138606,15.357608770591657,51.96375708837791,26.657261101020527,-9147.643034540462,244.2671191932909,960.7671326206089,7663.034174873759,4881.390187793172,702.4857386764068,1768.3640920759194,7782.580462780048,6445.6033898656015,878.574678214523,1418.2551067291085,12307.735909197418,3119.835017674891,694.8004665814958,471.25159288491074,5982.9840059263015,6280.630872384256,536.0351072147421,580.5056011930012,5414.921653324344,5800.865928880277
544.0227624706245,778.5561110481162,14.14613126225483,33.49660912097158,3.862486073623107,-6.251606267914106,250.91668345864994,120.12594104544512,67.58782719730524,408.4964942780445,1478.086789782434,142.36359777934516,30.14974460009009,778.2025098640939,72.0720214099118,High_Achievers,Humanidades,Laptop,Fibra,2024-II,1284.1750423669203,1914.151502353755,98.62938807182177,-17.01581174109827,-1.1428343274248736,2.1562264804006546,32.652479842019744,57.52688709094968,21.983727607066275,-3869.438757428372,836.9681219386032,580.9495575811337,6206.272709196284,3607.9039522052512,705.9167854467898,1307.5533224734684,5368.197823281114,2983.649424266155,1184.9480012590632,1450.3221168070572,7460.390881697484,2550.186596518422,602.7611101967165,1042.6122292570244,6563.58535367465,7922.094266613042,573.4795985972203,921.3428664344393,6890.590787604165,3792.6892754990035
653.8180865619709,483.656229861068,14.66467346316189,38.21245577538551,14.73544499953517,30.079377584850967,251.37800634133302,220.8333095432999,106.42589914821006,-217.34174127938792,3978.248508598117,318.1526066676627,66.25130572831438,35.253858168616944,54.672630516734856,High_Achievers,Humanidades,Laptop,Cable,2024-II,1773.8108858542832,1304.4983877193886,-0.46236980163772046,7.497269045260548,1.1150524031522249,21.28209283150992,22.906683496508006,60.72038625704777,18.50475514540882,16807.952749390624,1010.3625065351414,847.1115116660046,10333.544650830434,8996.339038267843,940.9532651784793,1475.1437646271143,8201.457699260704,8427.328727869328,1236.5006842215905,1048.9456160867353,6205.865959061819,2818.90263282007,917.186098019679,440.89480119401594,6923.7109097981665,4155.081057429608,758.2291710285645,412.6147411526388,8395.345092849104,4019.493193530372
1062.0135092261228,681.5855813949847,23.61302118683877,30.79285135381393,6.996998748074136,17.12482773602655,149.54681207392645,140.86429135897146,89.70931998806815,-156.51895244948395,1852.395876661841,265.87785810012446,6.788875952310782,159.92348229019217,104.08528989191365,High_Achievers,Ingeniería,Desktop,Fibra,2024-II,1459.880707132622,1569.265629833173,21.94694743261838,19.058029049984487,6.323654821037528,57.98911294320979,8.508617278069092,59.56913566962199,19.890512010524848,-9088.967018393536,625.631931079184,936.3652441536665,5952.900916825751,4475.2167603511725,917.5631490934138,2055.2646689641306,8099.575481497503,2640.2813757273348,1122.7217806163392,1845.0234615314457,5146.96565926509,3676.3505839855466,792.2274504895862,864.5388988045538,7028.333397717385,5106.441107008743,665.4933849633063,809.1579370441045,8281.183992200204,5545.012697130664
1901.2815196263196,733.1232761091374,22.606058840295514,37.860317068257615,10.647338344947794,35.40755125746247,333.97283049769936,260.71825158262,90.22420197333918,414.46743889870197,242.49447077912873,153.26346735535492,131.38450921464135,610.2714557042951,50.17547377785864,High_Achievers,Educación,Laptop,Cable,2024-II,1264.8476462265432,1165.774046191964,82.79104770998173,10.386213987380806,12.416968324732641,10.875239622726891,-7.9513876512615,53.8960156954181,21.476044169855008,-17116.74769841563,739.4171469150712,952.9818911580468,8499.539283356478,7525.460044348736,885.9734285666902,2162.40826667707,9433.895111648046,5028.604013772377,1221.3756228430602,1268.4122524643115,5864.396240638902,2969.73941738971,682.2540351085407,701.7910894680344,4585.927587083275,7195.914138855971,555.4831582324963,712.9882655014304,6334.195522442496,7863.737148797112
1247.1905173515104,920.7654453716327,23.9487067182197,37.647460540999745,15.876767304389748,-29.99755852727201,240.55545752770144,123.78623476107676,147.77723969598946,178.9685132420697,3300.9899896382253,205.46622149117655,105.73403399864978,307.68584697676204,37.77364071754947,High_Achievers,Empresariales,Laptop,Móvil,2024-I,1382.9741535424191,1577.047350814391,102.5899665290688,24.045859392949907,7.966551955982248,15.420954517158926,21.21399812744924,46.95092591505067,23.02463700477546,32040.933678983223,602.8959989677664,875.6117169820287,8512.845779911926,8558.40769703839,769.3903896510058,2584.6709279279694,7443.65118228536,5806.547051811083,1287.7482373898267,1589.409718264413,6506.556582529862,4355.01840243074,822.8293203996499,1026.4731466248404,4703.798893013886,6390.945588502003,213.51444558020933,709.4325652679764,6603.762158395106,8920.963292433387
1630.453379914169,757.6671721866184,29.083877395754396,30.952031357714667,16.69135411779366,22.971423476155806,293.14572262849987,271.61119027652734,90.44001637569902,-200.8297855882674,3162.446860899498,102.0438447234931,93.86727494693022,-67.10285437506934,68.59608941516613,High_Achievers,Educación,Laptop,Cable,2023-II,1168.1830096076724,1252.1757608661796,-11.57603514364017,11.41463790698032,6.539137594621189,3.3661510243221002,34.080652296678196,36.333416963495395,25.665014339537382,18779.098073636713,483.6658898735835,477.7695303045171,5001.867986815812,5663.886210307535,731.8251553576407,2375.619744035582,8901.59696195616,6275.538473006531,978.9642640798623,1551.1881509995578,7240.1145559645265,2146.5774342431228,652.3058341790182,697.7353025596881,4694.783298915067,5434.990191098644,715.8190246298723,665.4086717712889,6594.30263126512,6508.619218679028
28.424709203709767,499.901801515411,2.357734516794208,45.10857486746337,12.739733263791837,24.108739643868155,223.64775428069615,359.71227168470006,57.44569928471656,521.7440143047847,1141.0945420900666,228.33783132423946,229.56809667564582,311.51698296484847,25.903069382029237,Struggling_SleepDeprived,Empresariales,Laptop,Cable,2025-I,1317.611396621646,1224.077427382126,138.31482323467884,17.26190871598279,2.4928050058554865,23.921186505495832,-11.960474935370572,51.93874378453981,21.699111110618155,21022.944920782866,322.47703013679154,464.41027372456256,5478.191593107265,3380.4053098329045,526.2316677768916,933.8472156835047,7575.490430446731,5134.788987595553,1197.1357759081643,1150.9220285621445,3221.587917586847,2809.4603236107164,492.05978203562427,198.2812996144296,4146.991459862498,7231.614587301706,437.6442029545439,406.91052978381515,5304.877505706354,4797.056323198123
891.3151936571962,584.7851602771422,14.87437803768929,34.97953832945118,4.489415813738876,28.93619689288323,159.55544793591486,444.31233737101047,109.52318519028626,279.03620412816633,2025.1851257441642,222.66532178175524,166.73810951646723,162.88012329004033,38.83377828622578,Struggling_SleepDeprived,Humanidades,Smartphone,Fibra,2024-I,1452.019161316204,1225.0829084783263,117.72517710678571,1.3799112514485472,3.6431066303876842,12.010780605976683,12.47420114247333,35.86851719572012,22.2324029247187,4927.312261746784,308.7748017049454,818.2217936073948,2986.4760213438767,2822.3278400332347,412.0806672269025,1852.9523196540126,2815.475034635129,3686.5684416755216,627.3462172816112,1601.0629557256625,4414.463181933806,1852.9784741948679,408.73563417274147,311.0106646081547,3097.353114822454,4013.874061608147,543.5370302617383,659.5074775341081,3893.6209564951946,5264.875310791036
183.77067577352034,602.3521819634283,14.807494627333922,26.84225716697097,4.440628643588762,69.46051842682851,85.20619116713551,331.3251885929445,68.48001980156464,213.03296787648193,6331.543311795725,283.74218450838697,78.3788153603542,82.72862363655166,35.1249842502928,Struggling_SleepDeprived,Ingeniería,Desktop,Cable,2024-II,1257.900153458836,1645.6710017290798,158.67792777979568,-4.142541905224135,1.7157597241306233,20.913998635207594,7.119735747127347,59.58338144998531,16.52018257933945,28615.603128793882,307.69272292912825,331.19969681169033,5732.015556697792,3877.673981852079,434.41245131755454,1041.4622761286503,3170.3502402743816,616.0495887110478,351.24007373588734,856.0537382416558,2085.5064803060586,2208.8417511642765,473.4964998139318,505.82245478251446,5543.895802212478,4744.005657910296,868.5349493510755,658.6266436872806,6909.983222409699,2479.7209371498907
-60.805402424654574,372.79508723740696,15.568609337343734,29.881813421016002,5.551683272845043,40.210126876465594,92.27110382145818,167.44891575211236,125.54834302011574,159.49192438611243,987.6964807201007,109.19268215338857,168.16900358024247,-70.51915292095305,25.170345363281697,Struggling_SleepDeprived,Ingeniería,Smartphone,Cable,2025-I,1370.846532617208,1373.5345290578982,51.66049619256599,-0.023644222097317424,3.5213026821532782,-2.255784158162458,11.893152419272113,32.43943844348454,15.280057887019511,5254.9221892461355,367.49239400304856,213.37291600738308,4949.253648429455,5251.055383197397,694.0207571921742,336.433721613697,2640.426813690026,3264.099630324925,1392.7550993653463,1048.2316003960018,7122.122643581139,1998.3888057690967,442.4211566978223,474.79428785837285,2610.9097041908153,5860.441262723376,313.841271805736,623.3858555202969,1916.2505846199447,5041.124850016417
1089.9892115697887,364.35205773439554,9.370282644304567,30.833398661615963,5.160660737197742,47.78358978341941,244.30079807736902,296.8919811925908,59.105256092393,275.94321460479455,5558.361071943086,199.23529305938962,166.57626216297848,-135.90231409431365,6.7517333388809355,Struggling_SleepDeprived,Salud,Smartphone,Cable,2025-I,1334.333499444033,1271.9873893931817,97.77161655403141,-1.6163911934995472,4.786070905180536,-9.469402939534557,19.211220147325964,49.938325404608406,13.088903584201422,10424.733641749855,628.4166523703162,1127.2456209949992,5262.207529344702,3710.1489595294315,377.3019327665337,580.6167604824718,4327.248994888447,1877.0051212055828,843.7168046968011,955.5968375040696,5062.945656948385,2583.6443367596876,359.002020776181,484.10986826088015,3460.3492078245304,5446.983786191623,444.1442349440462,554.3161942882775,5612.4640014059405,3999.973168498667
387.58862957703457,682.3497083087059,21.29322088943265,26.163105318167876,7.699357810724512,29.98438589042327,140.4278065125311,226.52772502788326,66.576834044534,742.2692624301088,3705.1290261507284,171.89333796322836,253.9048480178754,69.53336584892234,11.237852636521303,Struggling_SleepDeprived,Salud,Laptop,Fibra,2024-II,941.2003739536478,334.0567453210324,41.53187552274139,-19.466711748846706,6.868955308827122,4.294249050735566,22.7656933174234,26.62936444748549,18.315570131055527,-315.18390051783535,240.70966298649236,602.1349271801109,4562.636767044851,4634.408212747285,805.8439674791748,1274.342124073616,2127.7182991187246,2241.461699760326,737.5240710067236,56.47365408501582,6216.58332528858,3134.1131283036784,347.72951811879113,265.7199356868342,2386.335127800169,5392.010811961327,354.16903389244766,102.47400842811231,5911.98901125268,6461.622623792743
1058.84500536207,587.3364619630139,-5.0900283653699905,28.832083950676036,13.140731783717662,74.28617725852123,30.234954680392008,152.75042981713025,86.15523520432994,599.7465448620942,5075.271403649163,178.24669925712752,40.552672541790116,307.4471265355119,30.2591854407178,Struggling_SleepDeprived,Humanidades,Laptop,Cable,2024-I,1172.8164428186715,903.5357915454837,152.23158324201978,12.791086629568724,8.562107454512718,-4.5863837903488935,13.257145382104227,12.415632155352124,19.50603877377526,55154.485219663875,432.8545711144342,903.3389113738518,2301.9838445376836,2272.8214750895063,728.4302863542903,1532.2808343439674,-1103.363327544705,3212.209794712875,256.76398446165365,461.2943927049705,4793.742707859055,2008.8312384764693,810.3056160405113,401.26628133699774,3160.366266820991,3426.206929690153,84.79719560758213,655.6519197101752,4666.3834049555735,4127.598584315304
587.8868422320184,604.7307348081016,1.6404476098834193,20.05800718907079,12.668731415284615,38.69661787407304,183.64977258149605,246.913046161692,60.81820173120575,845.6402474220687,6440.021991839758,198.4166016899885,-24.740750092790996,203.64602864778698,5.017044995886586,Struggling_SleepDeprived,Empresariales,Laptop,Cable,2025-I,1733.9496003870358,1216.816504696387,88.42492918198818,12.832923650494108,1.0225924400882023,-7.732460068803799,9.236762430772247,32.11928284459765,22.770030536937476,13197.71030656709,382.78785343289496,420.1300216855069,4927.363440547953,4684.113501010843,543.8925715035638,569.5198743080714,8215.110819445652,4975.696280411227,1890.811197331242,267.97024163853996,6012.95281644659,2322.093395437195,186.8285675315951,338.72658772318715,2398.3758251709046,3376.3802841821503,254.40403895935546,511.39424186141264,3109.1470170633834,5563.074429101711
474.324821474741,568.7565024448035,11.169453219366904,35.59058598508807,5.9593703392204365,60.74272269423348,93.89450784287357,185.37619559506481,51.24649238967211,-121.0350668140149,2775.4727749272165,308.9548216965144,171.04870184352296,198.47473232281914,25.538316948243263,Struggling_SleepDeprived,Ingeniería,Smartphone,Fibra,2024-II,1413.9466257702798,619.0585554165102,5.790542569523211,-7.368367034222709,-0.8841866609109372,13.735406118399746,-9.868865230882761,43.823669997537166,18.709061056152542,6253.7081835850995,371.45822084378085,242.19439456778593,4670.772046776723,3991.066026727298,548.7532360979053,488.799993690534,5200.679363248438,3720.9321890422552,931.3239971908614,908.721980654646,2607.9223759880815,2154.3335101214493,263.527008274756,462.381763524808,-316.73811343915077,6198.136397260481,769.9403176620167,262.0732975985651,6235.990406355137,3083.3818216131176
734.7903354433288,720.444191710486,11.63307605134508,26.50165851162817,4.16762091374752,44.02169869059195,95.16268382342305,250.96453696736543,44.193622765158324,568.4481238099193,3041.150851922222,285.6122727304727,122.10248495320408,193.36204660385187,33.70577990542589,Struggling_SleepDeprived,Salud,Laptop,Fibra,2024-I,1430.3877177173258,1249.021590751529,27.725248388717592,7.983838754266701,-1.7564183400432065,-1.3957243643333843,8.013373410340426,38.7143176130933,15.46562236076946,-5329.774493906658,346.8110563889195,585.6267383398786,2989.1487888834004,1193.5944846566479,507.57658600370956,797.0614002848147,3757.1481415283724,5851.128068265854,870.9605939044369,379.94487542404346,7784.46045991539,2468.767166548678,472.05841334160107,631.3364014412006,3982.1153763850307,4765.3117014878835,344.2101994356295,450.3680661936904,4913.228069537372,3415.0560494125016
388.1399901973996,359.8698106912906,16.80260764742256,40.58348645425193,10.162203896389208,45.97775125009778,85.22662123036015,315.87380961388067,108.31538577679585,291.8778285349086,3376.651366448971,166.2173580302829,140.33193544244628,103.96102683044916,40.86554380730428,Struggling_SleepDeprived,Salud,Laptop,Fibra,2024-II,2369.129855663197,1253.1696809929883,126.08535761218954,-10.553155276323839,6.5161684914094655,27.410274111353246,8.374771767310929,70.47723064935909,13.215152340416886,27437.318796233078,309.41768300837214,481.4789706374592,4920.456680868202,4778.310195848591,601.4045102480063,2155.328975339138,8647.0880225389,3250.706479080188,598.0229385105465,443.33679027918777,4350.86820909503,2008.388011162054,423.2461113403275,211.65526255477346,3108.728406246508,3002.2962618413485,379.05808238901955,253.9862882598041,3370.442348540637,3307.2413309995723
416.47707313732667,268.9385676827508,10.582198784336285,22.942287581332884,8.059176142028162,39.15990830971219,195.8291246290639,238.2267897060579,51.033240295357686,385.9102832546803,4563.374532491098,149.48507293581386,180.12403776397232,164.84283553389307,-5.979806392885443,Struggling_SleepDeprived,Humanidades,Smartphone,Cable,2024-I,2128.0687314225265,645.7761183584639,57.724631911106144,18.35890442834845,0.30334747423572006,-8.066539652356317,7.765811402105806,29.97831454096915,13.086111382984118,-11088.46564817004,-77.64988010298134,311.179519159001,1072.9917246373784,3695.1887171299413,732.4372029980732,1450.0564830341648,4627.907186584151,5525.185447249041,430.25288439894445,239.97924826797146,2928.732816578745,1826.5319750492638,432.0201393038993,82.1171158761698,2057.5172555005447,5089.258588812947,695.4171109198438,344.24142461585853,3146.7080072306726,5678.485668890514
429.9015033892388,548.7366279369597,14.316477806934621,48.47948868322722,6.916962500134044,36.35587102457683,106.05293789554415,307.5804764955831,86.80736632457138,203.79267637007382,3485.7737789249595,216.78727997009403,16.18901791104247,-52.589063442925806,17.558487669716385,Struggling_SleepDeprived,Empresariales,Desktop,Cable,2025-I,1778.9132704408091,1705.3677402573546,97.05038596855019,24.35641806101081,11.11431350576108,-16.27224490569066,13.223815537823691,39.744199347364045,35.82916560254483,24729.76956022581,429.1019332409341,685.4454144721275,3287.868791788578,4670.454901688048,459.22178066584485,787.675148307153,8328.044630090128,4861.182412639133,233.0648914612318,913.843765187277,4988.01716044351,1807.4392325082636,494.15191288207876,712.0901399268879,3033.827791746157,4542.445124230067,169.94483468496782,411.40687100128775,4781.048732314548,2468.8717476406705
103.71618546115795,623.9431974960239,3.0943266110877286,38.80294032425056,4.964760622317293,46.59640172698741,129.85850786245177,244.8104403017911,90.28479913132279,592.8913476932454,1918.8907392647457,179.36770584745693,71.51419807766231,306.5079811538176,47.94735599216771,Struggling_SleepDeprived,Empresariales,Laptop,DSL,2024-I,1033.0377073011466,987.4868792911534,66.79900945238197,-6.1397813298078985,4.834661650253962,24.477604837019925,26.76696724175471,24.23191481189122,32.68025781503805,3654.9986563751027,392.56376563675536,496.9393521847493,3718.3507490898287,4371.952508331499,873.8274419430038,2185.849178276969,3885.6378279991945,5029.124817565751,1095.7548429564158,1207.6690552842063,5771.7757464259485,2867.3142920061114,680.8247863972101,138.2793299929602,3466.4705664227536,4255.246963426245,610.3064657864111,360.3777251965322,6226.335539326603,7244.893237009106
793.4369382992479,626.520301771015,18.220000565393814,34.88817288529499,4.794890221982465,24.038233512168482,228.15518391712828,223.75218547521476,65.55273195586969,11.980614729818342,7444.381105695437,267.9047801542132,112.55248282084078,192.69952777028064,-4.302418114595028,Struggling_SleepDeprived,Empresariales,Laptop,Fibra,2024-II,1939.7410747270885,1860.11973625681,142.3060453970299,23.616768281117313,2.2295881908257917,-1.6693418727359948,6.703510472174159,32.57775154944192,14.872385219070011,-1640.3153980770112,588.248036685907,756.946796810294,4894.38578695599,5523.159386256639,672.2933611152457,709.2231567239351,4612.4363880163,4354.796938932364,628.4245613437408,1141.522420816622,4703.732080476399,2622.8780955792276,512.5427110108257,582.7955735844793,4437.664888690044,5751.481916532797,304.64559927574936,354.72726864553374,3771.12724477584,4086.3435064431687
377.60743772648385,691.4462696869527,14.820108992971063,38.7535598321214,7.437030287626264,58.71347617365897,161.50804347919515,383.24905796926714,54.934604394210325,752.5312134241951,4216.0867043765875,236.99689654498118,81.159125115301,318.6008045293047,59.39172351858133,Struggling_SleepDeprived,Educación,Smartphone,Móvil,2024-II,1846.0550473887233,1532.8926222208888,118.40267863486547,-19.56313329967965,3.073420190563077,-10.073709896106907,32.042983035015645,40.075877161919536,22.499443811941724,4832.8126088525605,519.0221180703307,65.32226417950818,4994.898429849137,300.9968801455193,311.199192213237,1298.1708100381425,4707.594945498071,3003.5877571320334,705.4093103735682,692.413262644369,2878.5662928451557,20.131029988052205,328.25606566189384,453.25282750406683,3189.3121371797906,8652.073649757041,503.63042389711376,473.2269118522935,6059.8195954685025,2496.1344936984883
1510.9655978221288,501.4410603523227,10.096573885941622,31.186075279815082,10.130189967975584,48.42882320941656,316.76825649281807,272.2569034022522,80.03487370813023,-32.53009515383934,6196.480033265911,85.41263054832508,201.44666674256356,-43.62372043380293,-8.811202862626427,Struggling_SleepDeprived,Empresariales,Smartphone,Cable,2024-II,1079.7410579560344,1889.3008522120008,-66.45903113605851,19.951733636770403,-6.335360751013563,6.41214528708824,12.419482516459821,37.94764007553594,10.688794516310743,32845.06995972583,432.67415314596764,578.7811741055916,2636.341512929889,4212.277416274443,593.2295842494173,779.3553718124966,3755.8070530709056,2629.7095994983483,1012.7771702244896,400.89640729642724,3353.120676884406,2575.7159392990097,717.3971312544927,563.8395063717064,1970.7654771192347,5058.658224450153,367.0506267320163,513.2637308851065,7042.700017523568,2771.647345599148
-415.2453666248168,446.023577516146,15.988193938485894,35.40798663617049,9.551661004059191,31.86166858418897,93.4608010755469,315.27013743481535,28.3003576875986,153.77637535685625,8687.642362650535,165.89047996116454,86.54704993576546,232.1152611857829,54.249493382174684,Struggling_SleepDeprived,Ingeniería,Laptop,Fibra,2024-II,1219.1154805541655,1233.3991295274704,132.07441181632908,40.91722837562722,3.947653105439004,-6.125945193828636,2.614719281016505,50.69638877460614,9.114293590397086,40622.45651658171,410.38739823959224,427.9665422862003,5229.728051287517,7294.0773240176595,382.3380707300663,1728.0875703058537,4806.532271052349,4045.055733303154,712.2039689186672,1313.8303578187597,3607.6481694396734,-864.1776671305729,396.40207771345877,745.2132465405068,4920.225374221981,4490.520970194134,879.0618811377483,459.11939938113335,6689.535723762575,2445.7651233528104
1037.5342360365507,614.8998247052702,21.84171685205091,33.17228077362343,4.86233422165779,68.57095781557437,215.7387654624028,158.2181914118886,104.51281591787287,328.0028215782906,1072.5784744175144,41.04355778785711,60.492506075925185,-171.58081085687607,52.182455763826155,Struggling_SleepDeprived,Humanidades,Laptop,Fibra,2025-I,1387.3723289379682,1631.915560811953,21.585693717210177,-5.6534785389477555,0.1316934347851655,10.174435277530401,5.74983408503007,33.95973774127461,20.93100356621752,19470.05541547754,672.5941527245461,507.21447289301454,4328.692720598691,1688.121180271563,914.5974406708414,785.7401138456926,4800.428458530194,3498.1463537094305,865.355269477131,743.2670970001743,4815.669089708827,1924.986941388558,641.5811010574446,539.1864497647031,5825.61314990276,4839.761939223984,521.8926258699971,572.0039382715204,3622.0569762844098,6611.164843296823
-174.12051334830193,732.9839825128759,14.64819445147484,28.228603453244475,-0.7672993007677373,54.835008318527755,42.371482481425616,173.44680301536155,83.50241965642145,-90.26220125706294,1973.4289241135475,125.88477411299458,86.31212022034886,450.3387469232892,8.058504312903686,Struggling_SleepDeprived,Educación,Smartphone,Fibra,2024-I,1160.9710146837378,795.9367546093475,122.01731480942858,3.1586720621984288,-2.7325461601971885,9.947743923897008,18.097344567074675,53.923887324409975,13.870138815752485,-9272.722737322187,440.1799898530059,458.9365458302236,2652.7521819639624,4725.259931676536,117.84107440346577,955.4998134982866,1290.5975600549104,4059.6797191577025,1095.7089359540932,715.1882535566942,3594.6703412672105,2152.9462518195596,293.57043438476444,72.34416470224949,3823.689591507512,3616.3872018544407,228.20297519524405,214.63891437736595,4166.218562343305,4849.480373770335
-128.17163038236285,591.8833687427584,13.892089926863203,32.98671247683666,2.974317161445233,33.14560202557204,119.10628813278188,247.4622846063408,49.3864090859779,684.255875059561,257.37924310754147,116.96970055412216,1.4833418907809346,76.53966284080298,42.39233624242133,Struggling_SleepDeprived,Educación,Smartphone,Móvil,2023-II,1717.5422545126949,1254.1701803978178,39.98025420934066,32.42090886682947,-1.8460782187295126,23.28017090915125,5.309371342296546,33.96053906566199,25.053892340352768,8724.982024308687,626.3530894444565,316.2817623683376,4806.759310291921,1215.1627609194397,730.964131810909,610.0854467983677,7163.896135359395,1408.0973880159672,1349.2315447059082,1053.7210640778708,1187.3629972229323,2497.1621824269832,348.887055992451,466.97225752754207,4294.240039959337,5760.826273816509,347.9700316660278,455.0694180125888,6837.444237959346,311.82913635281693
384.01802306842643,491.85616223392975,-4.724253762557814,31.99690256605383,7.577904867458866,40.943878929946976,125.55881283235504,44.997138593941216,90.50625537229567,600.8553383880917,1638.2655045812967,273.4031330069035,168.36971187833967,150.41311405939376,27.141290866217833,Struggling_SleepDeprived,Humanidades,Smartphone,Fibra,2024-II,1167.8241812900844,1196.4042920796244,105.76062827396466,0.3151580207524214,3.953574286727336,35.5024643250932,-5.34216395451186,44.73919959431491,14.591008087474275,30157.988684704058,509.09243849988405,489.46211699856343,4109.8590050247285,3549.474996796311,677.4879680621382,1062.7601259198264,6272.1063081227885,2972.585728323026,826.899591200052,1250.7790471617755,3835.7267989510265,1712.6602071706216,511.5029432818573,186.05088588938068,3734.3687586041615,4572.109372878565,425.47454742089155,376.25550998192557,6499.943365332204,4964.964811672178
883.8320424351083,453.4650721171063,10.969188044186824,26.8123752595911,13.974140911132732,73.63513674176602,173.79179785321077,365.5437441208597,80.59619859423418,366.10864378637007,3750.588776301662,263.46861751340157,136.92052858491627,132.25218358612977,8.27327000562461,Struggling_SleepDeprived,Educación,Laptop,Fibra,2024-I,1803.7136439828312,1809.8744792564721,8.883327441416228,-18.9312995593934,-1.3942778662469304,41.52410596341862,9.647911839711051,44.67128759640658,25.910505559833197,53286.76264891881,243.90195909773675,553.46358300247,4765.685519255314,3381.9795286082244,232.09180352041295,1460.1563002777225,4735.716973055114,526.7435230993965,780.7001902453729,1828.73260546182,780.943755126385,2545.154407528671,515.0330696493764,552.1207516658992,5018.862805225274,5496.6171323725985,599.0685615540427,561.422883383615,5744.858378142959,3488.1262643110754
1727.815037873209,581.131385749179,14.558169081552444,26.243900492356648,-1.9527787291235477,43.56519603280224,13.260379419455205,460.2921193821694,80.77792938121245,17.20401996702728,4190.082101702469,151.31775898636238,96.35173647628235,477.38068076617895,38.141356737574185,Struggling_SleepDeprived,Educación,Smartphone,Fibra,2023-II,1435.5578882390123,1161.8845618474204,63.39464047646314,-9.091336381615648,7.348107207269263,-2.4101670270110436,-0.055772482316172045,31.335993406300215,20.799432611296883,2704.8050802577345,320.6653019673523,968.3063176794831,6968.280056167104,4699.898810985898,384.85609352543673,634.428009704209,5685.0475136116875,4532.656346070463,965.2221122384121,388.5518732396366,5561.052365831596,1233.5276196172217,536.0716939774134,360.55767114035365,4106.2127510492155,3034.0225500891847,93.34497688689254,301.1700875924822,3777.1469059084066,4844.656968519338
686.7446855797725,436.86297732443785,-3.0005067485414294,39.16967769475765,14.555882748772925,45.7745225859746,249.7735303254948,153.07932684232412,98.5768214006369,-118.52277208918571,1910.2699452896388,180.54417482258197,122.47665564896873,406.75521996838324,49.27701128964978,Struggling_SleepDeprived,Humanidades,Laptop,DSL,2023-II,1182.6812426460194,1349.757363634411,15.156474007426795,23.370496987387327,4.035845256865945,35.578269885212706,37.1567079754164,75.43922329409367,17.00814307274768,14239.75604071746,563.9041634699919,529.7332812150537,6085.903371523997,4903.439716993368,765.6968642438242,1352.8528968190537,3773.6313074167892,5863.4515419134,797.998982482174,1429.5511352001654,3759.422476754985,1981.8445957728845,555.7245234507179,402.00798295316486,3058.694789084345,4587.021208960024,130.45319357861047,637.7511006410352,5831.482478229162,7460.224398024467
-239.27479381073556,688.1459034046985,11.318437849689543,34.12529130005926,4.571594305057175,43.31617935402336,150.58347567939404,372.0793050189317,139.44512704568308,1090.2895819020919,2636.3903043375612,253.0948388012638,105.54544746843978,533.6039499088422,24.244101913464455,Struggling_SleepDeprived,Ingeniería,Laptop,Fibra,2023-II,1529.128022841079,1191.186443478183,59.843431523476276,-10.807959640689948,23.66921298345573,4.391047708978807,26.0567286982887,40.657803866881935,22.291417470684497,-32029.796297312856,330.2964849928487,579.2019835030297,3689.413140330002,3160.741275941943,647.8926181271586,704.6272424357705,4562.7345726323765,4530.650017784352,787.1837311489904,960.1429607556015,4275.697085986378,1044.7112843294867,711.1391323554442,454.13740383751565,4728.109199033148,8563.992316369004,534.65160457699,210.92729007442583,3668.223277739689,2779.354916995241
1315.791884601104,343.5036111006843,12.888649645066424,30.959186339522898,6.20426701973093,43.95767331394155,257.3265415843761,263.41763971193177,83.18701653963727,1159.833326962291,1878.9829334177048,260.9563679484929,65.36455572128556,193.55623724099672,22.253979444295812,Struggling_SleepDeprived,Empresariales,Tablet,Fibra,2024-II,1305.754970126684,797.667906066632,122.68691052929412,23.374853117099317,-4.46596925023531,17.566321431068335,9.467488432472297,51.495164841440015,18.22524003424898,38189.95610365475,411.7422797439144,890.1347957831922,5473.330242417537,4811.32220690778,447.71556560750844,1298.796725552362,4594.86614933485,4215.759319000924,316.08352581499537,1234.3061460128372,4914.49898680119,2419.6424681967615,478.3352574027637,490.54278296569515,2196.68269208332,5252.443156536752,521.6902896046163,500.3794434592546,7010.84604114091,4575.337412136944
892.9697302903155,545.8833300338613,12.923361970672193,30.06642761730212,5.176495288455975,63.56160511982789,149.77644402165805,130.99204456103948,72.43701123668107,451.21052189868135,8231.12815853118,128.45491594962044,59.31794722561575,361.8629020701415,20.26274296704712,Struggling_SleepDeprived,Empresariales,Laptop,Fibra,2024-II,1654.0556546311354,1087.9704099668281,79.79065264313843,16.263165776621108,5.440922331344663,25.071170790453877,14.226389812920889,29.642871679648493,16.09802410470215,32638.164858748023,705.5481392138911,246.6510857202749,2614.645761398392,2560.969776479983,696.3980404606458,641.6700179573154,6390.116540260665,2537.650351843136,163.8501769732652,829.47658251888,1935.5657114356009,2979.81124083597,402.90417523389345,321.8536674018252,4370.829819943928,5172.065036059019,507.0455494410537,173.58715881541278,5307.067400118107,5784.414471723039
-8.371524468481425,382.25511792776547,3.94987015139632,34.20211720919058,2.0301753850394064,45.69738911776821,108.59210002913997,416.8648776221891,78.1476651237422,650.4147021184674,2957.7490021218496,81.63613125449484,83.62847548179914,56.60430723203201,50.050932557754166,Struggling_SleepDeprived,Salud,Smartphone,Fibra,2024-I,1578.9818265121658,1470.8910454891352,-8.243837262459806,21.063078998355405,1.80881828430431,-4.423916579869184,19.362337748080183,35.381522821440825,18.435509973507703,12158.013979168622,343.32828297701565,636.6114166873963,8395.711908947222,3435.3730941052218,319.90431725581254,424.0306919677047,4993.032952220249,2731.3556967460254,1046.4200536223086,1102.4172047589968,2786.243211797924,1934.347266792768,432.6551708752052,334.6163924651729,5081.722304649627,2661.163242483282,480.0883600576243,137.93307960456184,4891.898082152848,4172.749861746021
907.1741142283336,569.7563027358019,19.69809549462028,34.71002134637383,10.157705957737225,46.8937062745398,143.33802227010852,280.4083536579623,36.70952612595686,568.326862598379,3345.44194417734,62.713574043175086,120.46621098353431,366.9599168139555,13.336064182160545,Struggling_SleepDeprived,Educación,Laptop,Fibra,2024-II,1030.0634462564585,1692.1889793137227,90.51662883424527,20.80445520927414,-1.5922090644177525,-11.59368228287362,15.768382658092621,40.230165222655906,20.360288645192053,21455.832125276913,261.88016526143224,522.6675077562572,1164.483823001619,3092.3844602443487,713.9124896377205,758.5463737497223,3768.4392972333835,5751.82542376355,722.066533981651,974.1411452025253,6788.299054219132,2384.731444369436,408.60166699141166,505.8002490532703,2835.5346939241713,6418.660181141814,549.4365240480269,489.8672914545082,8285.741760026222,2216.286954013211
798.0237462051352,603.4558027402779,0.5079548629835635,30.26847047915021,6.697293377068676,45.129254812416654,215.5072754422479,231.6284022695953,68.0719597462664,-97.6941869365375,5098.237591862506,34.0857926978249,50.588267742866165,279.3869379559014,29.327043682951455,Struggling_SleepDeprived,Educación,Smartphone,Cable,2024-I,1377.9741329421338,1191.7372760588685,52.15347853084245,29.260634068473507,-7.005016648984311,-12.159312873668432,14.167862690158287,46.33058726207257,2.0928735721881164,73695.71980055461,539.24242511036,607.7436812316735,4437.357210297487,3648.8124034518446,453.7412067763638,609.653765442523,3788.570689020385,4425.530728220763,1477.2164289424798,509.93646832007283,4804.977965914075,1775.2410633033955,550.9127151820153,513.2983898692881,1884.4434511335282,3555.2398293907136,245.9783921195649,73.80134659576743,3040.503580411144,4609.771729404698
1305.6817610034882,554.3228138079503,12.805367358994854,30.124315703686563,6.957356257155295,33.34959852933608,193.97141433279157,287.49065403790615,74.88091019415914,363.1300472775195,4543.403366668104,383.1319006349073,73.70288455125387,48.479488559939355,39.97484445597056,Struggling_SleepDeprived,Educación,Laptop,DSL,2024-II,1536.817561635893,1421.3684985417294,120.14240991874404,23.374774683184796,-2.1022679145822893,3.5785404714875924,18.25399960617872,49.09689088955696,24.66484812943501,-27441.91751432872,339.54141087259336,551.262820450726,6590.025343280022,4130.484857579065,681.6092803509142,1073.8556208001335,7943.677969564763,4726.301084443449,1899.5132172119056,734.0412097575661,4683.483521680525,3473.0364736334054,200.2067794652557,-142.33025372118027,3082.9642596822723,5825.728069934628,156.61206888610468,481.6342603308826,5771.444389923221,4568.574920910451
834.0275576774409,688.7153133154943,8.449620872625683,39.33094340819744,4.170449584991507,26.713320996645756,216.1026728202478,361.20733331907553,64.47442001873961,47.38726026018337,456.93319770435846,29.33631848106303,149.55709124558936,436.40694760156913,6.155832108268687,Struggling_SleepDeprived,Humanidades,Desktop,DSL,2024-I,1414.4263378886246,962.0678688106418,25.250658716714973,8.501858965589637,12.96798968794526,14.067243721032103,-2.867351777722134,40.734962486627545,9.394604263347743,-25840.163961244885,656.4454142590159,314.51651096251953,6649.703365122456,5199.424241251869,547.5166854633608,1440.6923310462034,2733.591378800521,5507.007297719489,1118.1190778049172,988.5611995854031,10661.006640111505,1933.4562450409978,932.3448864207711,272.07087760821435,3204.662520325419,6555.9562034263245,535.4836654314026,538.1876607154617,7802.909338086778,4230.489877808908
526.300771506632,535.0274187251135,17.21019379367471,30.140201918766927,6.090858567451611,37.575773155715375,252.57952498360413,452.2175030104918,74.03877845268865,255.91768260596612,4373.126103187919,134.79419080450367,73.20719338686627,76.86225846815509,32.53566260690568,Struggling_SleepDeprived,Ingeniería,Laptop,DSL,2024-II,553.7679660433879,833.5397194978632,150.15895235693438,25.82991275095955,-1.1713046672830383,-8.919891909873229,19.653356672247128,49.746202446874015,24.50223583675571,10616.114416342622,426.5926322002257,614.543195747839,4336.178267258254,5940.698361527586,890.6053616303302,1652.430452627627,6356.636546235078,4724.914166734834,669.8722421231658,876.0654484789588,3775.0142939118455,2272.64509138576,734.8735423637451,748.3215405577444,3638.947941303452,6247.84262431443,395.02391536930156,417.98531433841424,6590.7052076153905,2341.667042950812
1148.4124069518448,557.6618468616466,9.619155757166665,31.76690657857139,5.28285302761379,62.32899235005652,188.12940337210273,284.70500307321777,101.92497327874706,840.3436461216295,4337.0061456275935,188.19765075260258,178.0342792140222,427.7815334367371,66.62630791648004,Struggling_SleepDeprived,Educación,Desktop,Fibra,2024-I,1516.469457955253,1599.5801909727788,28.62873231713845,28.210574938170275,3.6932106239749958,7.510684557216793,2.580088061600833,38.220580319594674,21.090630023423042,37274.73131530053,373.7353978175943,155.48153911951408,4170.73818452534,4340.9990639241205,439.9339641772168,1442.0153768100008,3185.0915286342897,5717.694753012405,696.544231658099,1467.1415087949892,5335.136994411957,3180.2226757364456,606.3824204981249,716.2368343357521,4232.658177279245,5196.864324940232,396.2349921937857,153.64966910921572,4817.569894445155,5558.746730143528
362.58279090637745,501.7085294938808,11.134492791299067,34.88582560971588,4.147679254129178,51.074315149621604,230.39277067905311,245.64738059121527,75.71864032342093,191.93113663727237,999.2448517413836,85.8983155964608,140.4593941740264,-165.73054954463922,27.16756490953582,Struggling_SleepDeprived,Empresariales,Tablet,DSL,2024-I,1437.300452790339,1170.0691945398216,154.5333612212848,16.33425254668455,4.458371749860589,32.860499954978536,7.0269791593939,30.648805699885422,12.867090040797892,41538.86458145319,352.9172820950077,627.699326323802,7292.761734147338,2635.9943916602033,707.6982396946105,2057.292842632515,5274.760903296636,3059.573308472815,1145.254370914055,684.2022834734275,5171.127370505288,716.9829599202428,580.4781044494337,471.1105212415221,2843.120711612597,922.3938058750168,528.8047781360622,96.94828562908276,4346.384279784081,2282.41925539152
577.2264680258143,590.1095242271277,31.93871348010095,25.937933302606737,11.983255690275545,14.9222580493119,198.02113262068497,348.90611227985727,57.08826604018735,90.9839698894146,6377.150042245971,245.39017310533512,129.85582933371091,200.78061438431587,37.97651825487546,Struggling_SleepDeprived,Salud,Laptop,Fibra,2024-II,1240.2417899294837,633.1196252271363,74.7445954279669,33.52405196301394,0.17637725589965725,8.468991825088953,27.097650740726333,32.88364858918636,23.292092011634228,-454.3822613369066,335.1648851777087,1030.7053254788802,2516.949859269578,6308.6061371274245,216.78676790264063,927.6928329013067,3005.487275575513,3601.2710028682195,908.8296016481876,761.571961955616,5394.241295894604,1750.2302379157259,653.1573387627835,477.68218707391037,5146.957915354284,5895.7630279661535,512.1011666268489,436.0167070412823,4967.66905359227,4583.926647312662
26.31150295701252,597.2016949517393,12.958411250169892,32.641159875200906,6.803265852960107,90.15783550567089,179.07514772873878,126.28583249703173,95.38521345518552,-208.64261081235824,760.7351670225169,207.28484606713974,94.53581330150321,100.02901675216447,49.88080007182239,Struggling_SleepDeprived,Ingeniería,Laptop,Fibra,2023-II,1601.8136907317707,1443.8545986094223,36.72180077798605,39.80888390283024,4.290431063406658,-1.7492261155085649,-3.218480568041726,49.58005176376983,6.096853682193018,20427.07722473934,564.5899983439713,207.0134662141587,8920.560229923685,4310.095625989358,305.9132111524328,1485.688665097894,5354.200930014094,4690.016733451743,253.91335415359606,844.7797533089406,5878.185210234933,2910.2373788251634,806.2664323364672,417.98231510543525,2019.824393845927,5456.478325658173,205.8278431486096,511.89856006470677,7037.688497696996,4382.593281014959
1023.3542903533137,660.3694341915027,10.267053416775997,31.198254933709546,7.617072669055478,36.513610943257696,135.6012379969465,330.67294674125094,59.42674798823502,400.7709480418158,6663.870855017686,285.37926090197635,39.87133547215336,206.78430402435913,25.383040718845592,Struggling_SleepDeprived,Humanidades,Laptop,Móvil,2025-I,2010.9946496414377,2036.2907879668633,175.2791209259412,21.159186165130055,2.3813672420152523,16.91908115698191,6.9040242864987285,41.43822778926053,20.640649361416184,9843.705320258641,359.01951820201896,123.16025629448825,7087.800763574554,2459.622200895325,820.1788378107947,975.3826822123133,4191.067845375525,4694.80535358486,1015.2176568573368,726.5095385868796,10160.466773739645,3021.110133590927,680.010469156661,367.73414623233964,2539.1734112596605,8893.747611400822,610.9097085948459,536.2232076213597,5793.150737645646,6317.633182200004
858.6913598549074,778.4906964106476,12.433332342634804,22.90235600127839,4.131261532123467,44.50562729975158,208.11134516345885,126.05617476460641,47.11718034981361,-36.075302536639725,1483.3583536930237,183.9893148989694,118.61776723523091,310.45118050820054,41.61526352671672,Struggling_SleepDeprived,Empresariales,Smartphone,DSL,2024-II,1712.7801979110254,1448.0437674789193,42.70909365433278,8.91131423021426,2.562665582915456,9.951620734307873,5.814163269187695,42.5110240361044,21.247100542576028,24998.688371285316,573.6735930172638,685.8773304810563,4858.660059827234,3710.969870744423,953.1626650533112,723.5725903535414,4270.204809269138,4670.1221213432445,862.3615819032239,1051.1532487999318,6122.815250088623,1874.8285199876002,768.7924951822376,819.3641861519936,4142.528533178543,5880.401006870067,702.9923040441605,342.4998559051934,9663.657850781492,2785.116247065513
702.6221184945471,527.8845217431418,16.567151922181736,24.09483720389885,8.49961682020496,46.7056214708165,193.2597372154234,485.1255673430541,89.08131802110826,-199.2023275977714,-816.2697436218282,79.2785129269336,89.93227570322186,133.80997860447772,-0.40809705741556,Struggling_SleepDeprived,Educación,Laptop,Cable,2024-I,999.4802866909195,1623.1834666500406,89.07796102788186,12.587300960318025,4.777347569640038,34.35745495885129,-3.3229498965698037,56.75428819318878,9.236497979038443,-3520.2820432037806,396.4497362784554,860.8203605889414,4987.278753667591,3806.8934817740114,188.61146808818592,332.7363720884531,6678.531338181072,2893.2223842588514,739.6593964517754,1102.4301923149287,2563.779512040837,2661.9340272855934,389.74739148855895,460.73807320484235,2485.0759164526316,6209.19917510823,662.3515928157065,252.99552008070503,4825.581926038662,4144.952483437503
1386.0456109296829,237.8068794973583,13.925804092123482,34.0874451123035,3.194619603507482,75.00180932841496,196.20489178721274,274.603328493953,56.13256817656138,71.85024441625859,5506.246709093298,197.64281300932964,42.91486622378828,-110.75749335871774,46.03822986169645,Struggling_SleepDeprived,Empresariales,Laptop,Móvil,2024-II,1355.6656535818258,1831.423042794879,63.64015871164376,25.90222201671826,2.877207181987948,42.854141160550945,2.9617519068398277,45.74805327580445,19.171348168714008,39263.11259083389,316.776962576597,37.851091358069766,4861.458239787632,2686.7854950046067,279.5721779982921,1377.3450494568356,1273.4382713542764,3319.2191029382197,500.1491379891014,769.1329563556479,6297.258236274343,781.6692878651043,232.57256279971065,625.5782475305026,3138.2074969177097,5952.317587125941,302.40011116332215,537.2344073252045,3157.736358400317,1817.4492670873042
497.5150985768364,259.69793130171854,14.434848315289685,32.73079324676734,16.443019852433796,24.44113355593728,51.42332230442349,268.30549010183705,55.47166232425901,226.0131498552984,1948.1832029391733,234.13884350687107,23.652088833900763,156.9104237912997,51.50564634837883,Struggling_SleepDeprived,Ingeniería,Laptop,Móvil,2023-II,1414.5283970753694,1508.49432945271,37.48327886257803,0.15090309712621508,2.974098172933364,-9.226143178541621,8.801900023515278,45.85814796703041,3.3350749535781024,33117.984929835744,288.12691547792826,370.3847614178704,3924.827710335512,5073.378738880928,31.972428386253796,1095.4218397149803,4207.852838370081,4515.0799222548485,1656.2050094933768,1104.7269897489775,3200.9355972601943,1002.2940016774095,378.64198004000974,564.43076449593,3888.5880376872133,4502.22896223438,423.85895646455157,409.72711151863524,5156.1118442460975,7162.308738594658
84.5475302989579,704.9389109967095,21.12471421198192,36.062780551851304,9.964716977276108,27.05287098359433,190.07690354215003,401.66264301183065,78.76046150136955,332.3320040395661,4511.618175335817,163.1256927789467,180.27796186272462,104.72144591374439,68.41347168814659,Struggling_SleepDeprived,Salud,Smartphone,Cable,2024-I,1260.7424896903067,419.26818898996805,82.28904955344133,-12.430731911223365,3.1415456617995616,-4.177629646199083,27.47649694089633,54.55248785030991,9.867905545887268,-2088.334248835825,331.36485967666516,405.39204156150686,4660.9486395128,4617.434821370831,113.79358384545725,1244.3769448256476,186.18745374398623,2859.2559240327464,923.829894704702,1065.5638779684348,5576.604624978326,3023.451335881142,603.9819160253355,415.8167622435726,2721.7361812653135,5972.148967980404,696.8545606457197,84.80310458395536,3837.336870283836,4131.7068255763015
979.1220674510305,457.3221420774546,15.08907551314924,30.01768974653952,3.386894507321593,32.55080625945017,154.26658503648474,120.16332165048534,102.37959365619562,266.34477306262363,1452.1726855366562,248.9033576736632,160.66071684885307,-196.21842410859395,31.29001291297434,Struggling_SleepDeprived,Salud,Laptop,Cable,2025-I,1825.8178351836673,1334.1285488208493,51.55208094815078,-2.5073499509966313,13.262318544470611,18.905645545201466,5.67200676453994,32.486806034452194,19.782242353396,2336.0728819516917,290.88564718418127,417.6283116992143,4176.63455205663,7105.645803478518,622.3841636694976,1272.1393269903213,1621.0462967673488,4757.921959379511,584.6642658864544,1869.1962935779104,3097.779352060097,2128.119783196051,304.65654781603246,634.0884175408821,-952.7416111965099,3403.742751656483,595.1626038302645,453.87926911913377,6049.9048048684945,4736.703911992521
906.3543776229258,457.4592542588619,9.405310156727083,19.696369993122598,9.335327405774539,49.5502099299602,181.99956390699379,163.69801440613114,92.96556196342053,158.29024685924355,4333.486392563963,161.12028495022486,72.07851158989072,180.50945416562624,40.72277957615421,Struggling_SleepDeprived,Humanidades,Laptop,DSL,2024-I,1292.0327114212146,968.0801653762076,115.83376801243745,12.321825132853476,2.2194869532506023,-7.2513108572158345,6.164166396771112,55.97193731384253,27.6297685181189,-1790.0080479556855,425.0211002098773,437.32572177457945,4211.659263679286,2302.287811411583,604.7659022998859,445.25547666699816,3797.6809014784585,2880.9413398868355,1243.6918951455457,891.0898701012984,4339.473101682902,2602.310591691092,634.4112395481234,264.7240939888384,3792.1854419405304,5020.877510198652,172.11649325074794,508.3472940466055,3032.6666849523463,2805.132656025607
951.2827309091451,465.17567536855034,4.030245033393731,22.403977601169245,2.2223407155462445,48.39511617689826,269.5774173248133,258.1206349381263,92.43362922629119,297.92255498444143,3090.7401534859364,171.5221548656843,32.17270498846375,414.96560804347956,12.350122386624735,Struggling_SleepDeprived,Ingeniería,Smartphone,Fibra,2024-II,1023.2626389481206,644.6311679897822,182.42138131699576,39.00929651033352,-3.9324668381269907,-10.776348682624402,-10.794563005195494,51.79091899969748,14.682511455808902,20347.158897074052,362.81591582437585,799.2565981906246,6628.633286468952,3749.124717799878,617.5974595307428,733.0599473745559,3238.8338162350956,6541.5575187211325,917.5742215356787,708.2192204181847,2805.6432097051757,1728.173924237972,608.4660597487502,299.6307250791798,5282.0385784869995,2915.9107586595,905.3924457522414,237.47201195467662,2748.094362022863,2683.20245090113
1014.8833875674344,563.41548013987,12.498276140823922,22.526430331677837,3.065620037967544,62.211590140632794,204.98974209568667,217.70163448296893,50.351628585352756,325.2423868792302,909.3635524487947,378.99423207904664,116.91087650919366,162.957489008764,41.69438342608304,Struggling_SleepDeprived,Humanidades,Tablet,Fibra,2024-I,1404.6304658009249,1422.7257353660152,129.65162417783284,7.649810321327607,3.3710887465494563,-8.502822425578266,17.080980672298523,55.573208888312955,11.876366064739594,22754.839498456346,529.8944679609419,717.9015322917114,5673.673124322508,3678.8995302880826,608.271430520589,2000.8522034159603,6832.036478740067,2523.5238693761094,1079.9507086274064,1054.3112944305924,5726.700872135456,3348.2949382186493,283.651559940511,216.9112497777149,3096.4947796725846,6772.874126259327,534.6167850572255,562.4808451484623,11982.355378647557,5184.448900718021
-119.6734726585097,722.5132269708583,14.962531729877224,33.191193789134424,3.565627640473588,85.0795832524075,71.77540989822211,425.3064238980063,35.296485611046805,-51.278017417648414,7357.698595137208,182.28985198204654,92.76832284151487,-110.29459206333549,40.642020829687155,Struggling_SleepDeprived,Humanidades,Laptop,DSL,2024-II,1213.0268578855996,1040.662366493793,79.11433366368938,39.53280370927577,9.088576186106785,-14.65058880155622,-0.12111062576645004,36.60337307273411,19.803640711988013,20896.509116709298,373.7053773362669,868.1963104390734,5059.045058886971,5199.754594104826,33.879219913795964,1197.5715826382732,1832.256190473448,3318.040116661846,688.0054761044441,1013.6197145835108,3543.7107659018966,1383.8852202539965,383.59846817490836,568.6333322557902,3818.0122140931207,1200.7762644831982,642.7807462223044,387.3251693836458,5669.145748014498,5431.091830564041
636.2843057037461,354.7670348672201,10.053140670011624,49.60562326293553,15.203087416588868,30.395627048380884,204.31839335206317,178.93702929917742,96.12968628271616,315.04879667819074,2927.2187111928497,258.43056027226913,148.5575261103288,338.2480662266484,56.84218682281251,Struggling_SleepDeprived,Humanidades,Smartphone,Fibra,2024-I,1090.499921895935,1517.2892216118223,22.19581788972083,0.9999906899654896,1.7512023793554548,18.42669474484201,9.604155224207759,42.61847495018661,15.911213480619661,-3067.1267398893488,387.0077115468187,463.58033672124236,2407.3761936926835,5144.832741566865,269.29901369175366,1812.0344785991726,2293.1410963283006,2670.279493142454,730.6018016015986,1159.9769449544008,6680.437338217455,3259.970904603413,702.1368766348033,252.18613241847783,5340.253057406412,8287.27729249647,653.534560307415,298.61710233363937,8728.59555198269,3795.367235846171
276.5184626250997,437.3462375309384,3.8698901467038116,27.291040796382706,7.581148760893888,47.81317964594678,276.69831707864785,244.94181213449315,82.89116894507188,532.8226733744348,6369.294395772742,254.67800811411504,80.59151054209708,924.7972475114977,100.11471584207074,Struggling_SleepDeprived,Empresariales,Desktop,Fibra,2024-I,1113.5589686090075,956.4166169432335,105.50752414676121,33.50488757133593,-4.064387595119791,4.867274414542575,17.69405779331848,58.57431655990175,23.331104560555858,26213.225606285727,94.65996458552479,620.3414978742934,5970.6465774712215,6813.848380330849,678.212718541074,1325.1829697182225,5973.714353198772,2584.0505307021654,1147.338360813769,843.2496215931116,6968.9383102585825,4228.848809881027,561.6898700468106,384.1979965605759,5029.722061515231,6192.182115571944,485.9242465410441,250.68405946027355,7351.70127740612,3466.5164737024274
427.80824459392613,226.6507987710377,6.79318873392779,36.12808029830476,4.929131042752674,12.590110941475984,276.23916714129757,145.26042996866363,79.63375121683704,67.66387316741398,3017.4597519600397,334.04699628540925,134.29166158823784,363.4442153030945,-35.680348469547326,Struggling_SleepDeprived,Humanidades,Laptop,Fibra,2025-I,1575.1057494136514,1686.6034975647015,129.52364149519275,-13.499776760575529,7.482702757986932,-12.197530228143417,15.46614566083626,35.59978524928595,13.679441212399325,-12774.60561693105,532.9623728534946,326.48426873248866,6734.816040597765,2868.247279312486,350.42241503367256,-52.01136333982504,5317.810311729814,3662.657197118924,567.4923253795102,631.6001852297538,3542.612542991589,2972.0919279204677,322.69557342293274,182.44715543128092,2322.9460325681057,8647.116896872683,171.645325853548,264.4601801055541,3900.43941165999,2204.330329736051
5.429969497901652,522.0138118767471,-5.274801660301577,33.30121794934127,5.256028089324047,11.896368125719853,230.1431082079724,136.2055273832706,30.158585505581485,-58.45149599109874,1658.700569956882,107.71309596129757,113.44050176540144,253.72483093250537,16.348423502596084,Struggling_SleepDeprived,Salud,Laptop,Fibra,2023-II,1648.0164476445684,1138.5140570647704,98.70979913574608,-15.093609472037663,4.315041241567243,3.562115860800656,26.899892115673282,26.257504202378065,11.436953259207657,-5540.750760899176,211.92418121555798,53.65896788382031,1247.8848930902914,4287.599050222581,279.93054452844626,1215.884631944902,3402.5863491159557,4570.479958471786,551.7460659094176,1247.3174122858763,1966.8608967550417,1670.5411224887014,464.38821872368453,435.4331544952229,2921.3387489026736,2262.7539520836444,525.8397203296821,394.56317257863674,3443.2874806539726,3331.8436561946774
274.80738409233123,259.3286902066941,13.195950380067984,25.1448709765774,6.200706764831856,49.28545374979463,127.41889013002256,-15.22157416111483,71.24988524587994,123.76843550580048,4810.558972107689,108.64922429191719,62.33875352874617,-260.04472458344065,47.69952335496421,Struggling_SleepDeprived,Ingeniería,Smartphone,Móvil,2024-II,975.2275389581816,517.134371085257,54.44592753053885,-10.659535406117499,0.28321263710323913,20.689768949532645,1.9444163064511581,42.88120383955248,12.897515540783187,37216.262299187685,316.63768199510974,805.0456865938938,1899.5809858898506,1606.5409088495937,547.4522391946826,936.492503159338,5246.4247984974445,1335.7064711835794,1001.3790163656573,1331.5729297837652,6075.2632216915945,2378.7056937119937,462.1990743993092,314.2757216598051,1206.129335776955,5757.632263121571,653.3521281271452,469.99443032026767,5356.434599858492,2373.6051154203833
649.151270739491,531.7050345150107,1.4481316228731984,18.869337344275547,6.357859155321176,63.646731156897246,393.08632969756536,396.7544782856534,80.31642289751767,524.1904661368635,8712.74136679085,288.2920171916458,43.4661685414757,317.5439011285023,33.77034806655646,Struggling_SleepDeprived,Ingeniería,Laptop,Cable,2024-II,1496.6457881769556,956.4194829902729,68.54422035380969,40.48527916105937,0.6494750563542757,31.764948362424636,6.878604110983675,27.84718042795187,25.55676329812752,22115.407304564702,439.3576377801174,445.11789565849654,4412.683647798532,5174.49091245236,621.6306010014048,877.1543397434289,6449.06335061899,1809.7629914634865,1140.0872631637117,775.0076199905775,7649.341490827172,210.67209306244354,281.37350508469456,228.75104244718995,1375.669142459984,7208.6607164051475,453.11947955035544,262.70480753216066,5448.063450415112,6495.761051787296
1482.892107088374,712.3771060801977,13.7648345906141,21.83536615496684,3.121009787354697,33.65098078767611,332.30246555509245,184.26339754174435,82.71579615031271,-281.81335039022883,3816.095411365587,247.44845556241563,162.65283053594322,31.94825023974809,47.09412282624142,Struggling_SleepDeprived,Humanidades,Laptop,Cable,2024-II,1549.3133658708155,959.1189080426602,9.92880551445306,45.75465285140767,2.447248958724378,8.90743167587265,11.398673442516742,22.63339151837162,19.433704927639265,38338.6820285219,610.494362204412,358.9000806231072,3552.6131096531835,3306.3560689946567,772.9344114368769,1304.6787668803345,5653.074735765364,2359.3027385875193,937.6536050052124,1228.1366890808126,4002.2165943123523,677.9011421776402,167.48832881578568,508.3961616037242,1952.977575732479,6311.750058531015,215.14504653131092,534.2562222514495,8217.238203103549,2832.5790145994456
677.5425796306004,768.5102318787218,18.85818326723382,24.430717727859665,10.659858903802476,41.110683057397075,64.2949294849336,245.2993482612068,29.89799733665756,141.49228916943537,4904.783907349884,102.7632226376029,104.59721946148551,317.6157737575313,-15.18903912816453,Struggling_SleepDeprived,Ingeniería,Laptop,Móvil,2024-II,1315.6602820427333,1211.8766854515734,191.47463314025524,7.075570934643574,4.194215374524276,15.568488469329202,10.45389319298766,38.943665872636934,19.918027222427003,35622.658235474286,367.1446636753804,475.73631332833537,2424.6035302005926,5213.003148711639,312.747438223088,1095.481182978354,4559.978904727582,6132.261719424509,990.2864752323972,1031.0614918949973,3302.282454029786,2708.9963704055262,241.6574586546699,372.6057887594748,2529.7468765659128,4916.5188148901725,485.37831341087315,307.0279079461543,5449.80139741368,4462.219620777784
872.5951840199444,651.1740868294878,19.888690087797528,30.43899857050867,11.506991087798013,56.60331421640224,268.8360274263916,215.8933278258231,65.45557672524255,-47.95877089251178,5812.396908965151,7.703421804159433,97.3825144851976,131.2489784407659,52.57972373815483,Struggling_SleepDeprived,Empresariales,Tablet,Móvil,2024-I,1681.382755997022,218.32600161689766,49.195737055209946,10.029461953792033,1.1874065512056262,-0.3437992217606798,-7.161754590680028,37.16772103014001,13.925056507747295,40668.47738220486,423.4068536604901,582.0137137745342,3382.362286446425,2688.7884938226334,504.8281149188249,2156.6939950434607,4327.6567227384985,4718.34606257637,1480.0098355208609,905.3744698552907,5840.09575894055,2886.311534518909,547.8225749267606,586.3269182557272,3429.546858075735,5838.931125805107,307.3782920509703,310.24090820138144,6145.337478097751,4810.272410266508
965.0052151723753,602.9269254609246,10.046757600907556,33.11097936696354,7.551798615715914,33.50382620712774,254.48653483221776,354.24465354785536,87.79818460241238,454.11731052093137,4028.755728943035,177.54213713283602,46.48237307517508,204.9429729003455,21.548602062531096,Struggling_SleepDeprived,Ingeniería,Desktop,Cable,2023-II,1918.564717374397,1272.39732803003,53.832326606024424,3.427112497407265,-2.7083626876677407,7.993267059086763,11.482137925543341,33.59602360167736,23.878636474259498,-324.75893426185394,346.8660011981948,202.29597040635645,-796.8556565456265,1088.6283345708005,707.5940086953246,1799.172818642296,5476.911661116791,2345.2295707113094,1169.804964339503,1093.1418522375016,5515.860128300514,3073.944333043433,129.7104097489866,601.3854660171646,2559.5749634110334,2662.7148282451412,413.13317213960624,551.4983401046825,5257.47055729032,4625.291383395601
377.06255943873805,485.808928088102,4.580540357592488,28.07056552351754,12.042450312843947,29.238058392591483,146.14216086907274,244.15369288544747,79.34187326640244,216.59021459728234,2886.8768585912494,116.22565332609001,172.38671084965247,-40.06838368628834,32.30053620753786,Struggling_SleepDeprived,Salud,Desktop,Móvil,2025-I,1386.374067179566,1568.8706401734426,34.71985195547019,6.99950317565967,0.9342100652410033,28.570122632587342,3.1114696037362313,31.032062657577914,16.74624894785768,-18482.100456720076,46.57243651613055,400.69699649564313,5282.330088757159,4409.734708823526,544.8357476869389,1456.3246534258158,2675.379489826201,1253.8142259636866,610.3589873827489,1080.7070224137822,4027.6408252984793,2113.516194436185,490.7098106815973,602.5244052811186,3136.9595954875185,4526.31536841566,611.9160599870918,379.7014900853835,5251.86640202639,3608.9629815050976
-561.6355944032033,508.4885901686156,15.37505113544117,25.882872161660202,5.165794674096599,45.005806629662985,213.51114860399377,241.31257318657978,94.69354810104932,488.92144421808075,6381.881305914895,209.35251513771775,78.48856068901581,236.81168965539143,9.096166902836433,Struggling_SleepDeprived,Ingeniería,Laptop,Fibra,2024-II,1622.418742389953,1343.67197503983,-21.392266285338152,13.372242414798267,15.944895786891582,-0.8422779047614668,-8.639547601433819,24.345666907663436,25.32017365262661,4278.894979224773,365.358384699207,609.4166317943082,8439.292288764951,3050.2546801084095,152.89100667430154,705.7399579990189,2270.92988862977,1446.1513944315625,1314.0007593148825,466.2677892603348,3054.3526561982085,2285.2278786262505,482.94497961937554,551.3333434967226,5420.9125815713705,4810.522395473515,463.42216894803227,69.54133019424432,3546.9074422341405,3714.5383509455996
213.57401302907545,408.1994080148233,12.159174006496542,29.062334814124483,8.831101017749887,90.27026174081155,277.362788281081,407.3311928711786,87.99681115009973,-18.58028639722653,2585.2828247515563,245.96361654712155,142.8078285913562,72.52211263297032,21.433940728298893,Struggling_SleepDeprived,Educación,Desktop,Fibra,2023-II,1115.2856355058489,1516.3825357584178,-3.7708515807081824,-7.676643660839271,-3.6728384575263373,-7.556474660467503,27.066008635583366,35.18803095982928,22.574822441254895,32631.210972078392,135.72014388815063,319.1416352482114,4695.754036724064,4865.054586416432,589.429276827636,109.90373021859943,6457.594127866836,1827.4815089897945,1385.9216977237409,2102.7356561222978,5371.183906331745,2290.448717800784,780.6726475484484,888.9628356139058,3361.814623482775,4817.259552991056,556.7862784105819,279.58935754211893,4877.109718229074,7014.509463404656
1029.9514663484745,369.13708492820143,6.357863709415775,28.001250877401567,5.14415749450116,70.02396497974317,251.95701946149023,267.86770412732034,70.57402401001765,643.3702268101879,7010.6814850620285,180.414898761489,66.33227043930893,544.385977663954,29.234583453166586,Struggling_SleepDeprived,Empresariales,Tablet,Fibra,2024-I,1368.3822767254744,1154.2685035314948,-3.219944795823679,3.7795520576475496,1.932389248098129,28.94332392284256,18.951182986973137,45.83368035211123,18.2714680981528,3695.135321909962,317.366623207478,349.93659377341555,6492.786604611652,5858.084317745968,505.9270909856152,659.4815045882877,6990.291428857351,3777.613274035056,935.6520328131994,677.6945167288105,4035.0304523711347,2233.829161084516,395.38948152348945,446.36744914022506,3832.481725343509,4912.272457418327,454.7485820870165,315.5150304804713,5404.222553320075,5792.354512020636
549.6527727353949,722.5630474619046,15.760900243411719,29.57784270182514,5.519467108176638,32.9489124443023,277.66726692766525,135.50998714568362,117.80077715571944,92.52852418060507,1358.972474545904,164.69163094347246,-2.9747173799292455,-23.22111809603713,42.93739849051556,Struggling_SleepDeprived,Humanidades,Laptop,Cable,2024-II,1232.0167655922314,1477.8158897234705,52.59911582847107,30.376431502828847,2.3908971435058097,-12.123887749684545,2.9985062476944617,42.053840754768736,10.96708008031497,30216.44591844578,224.04832474767178,901.9402961852325,7601.470275849839,3506.858355747797,271.9431380933005,1022.6067963512188,2838.6593366514567,3861.08116381483,1077.184203244629,2005.0234740316473,4361.723434929041,2353.4767596445445,643.5449033170012,411.15123459075227,2861.570578784411,1912.0131543125203,220.49298934035176,456.2522497836888,2810.982153230484,6233.800920447348
-102.01006685800769,566.9445188591886,14.731148654679492,34.105622750985134,12.94047629278202,50.712257850502255,261.6291275295248,164.8302789860225,68.95134775861966,42.014135315456116,2295.9175767559263,229.14111280365444,6.919418947797396,627.5144907960135,23.95724829023759,Struggling_SleepDeprived,Empresariales,Smartphone,Cable,2025-I,2147.2797537951774,1223.2433223414891,169.52903449757216,16.917279991080978,5.112736476949565,38.2969347411548,-0.679218805667412,22.166374295687184,10.193787341745452,29847.276010894348,295.86083869887995,686.5934235375663,5686.875985419861,5905.218176224062,834.1001765110008,701.8953076827892,7449.711093655071,3913.5705833782704,1639.9646283351133,1716.8478348973968,5935.593718637834,2877.7792723868024,532.7865660015987,532.5562792833821,4924.659203320792,3945.197942785863,136.12437548776006,246.6688634521656,7983.622621348055,5925.27773833713
1467.737858646105,600.5945376145825,16.845584497715528,43.22659560443554,0.2228376304761035,51.84073086244821,98.89404986408636,291.14931585725043,40.35185067005651,78.49267439145532,2846.214855651225,220.1476849146785,88.27757883190449,122.81509606027825,55.8197356264366,Struggling_SleepDeprived,Humanidades,Laptop,Cable,2025-I,1669.2096466787689,907.3381167284775,87.3193847774636,34.22224319174846,-4.2066407292439,-19.720830171149366,12.246052073661243,34.302068849070814,16.553353255891892,16083.074226833787,185.92666186076457,659.2856925049443,3431.9976601628123,4021.2732645328633,537.7444914269032,1692.1978524418394,4274.994038097835,5394.147688021813,683.0176219470582,835.2816230183118,8983.123168674418,1818.867153095417,615.6341651145754,458.89811982627464,2494.823772313423,5043.450151904804,580.471765866994,189.10784230378127,3938.9756135366397,6013.42679310319
90.18343948467248,486.15107702110004,13.348229915614052,40.829352150798144,-0.20401497725365925,50.205734109922055,235.66031188492255,223.61409774552564,98.2873276366636,102.31548094366241,2437.80200978862,146.47902020941004,62.08811259269708,478.4762505852184,41.3862374128352,Struggling_SleepDeprived,Empresariales,Tablet,Cable,2025-I,2112.696397427296,1426.5772386899446,31.232773340910818,-8.806738118312882,4.929375758008062,27.241697431371783,5.769132267331103,57.668597541617714,12.5775269341805,20511.01979107909,230.00764641599977,962.706324649357,3720.9658665465686,3811.787534426724,517.6416606490117,1478.8643678823873,5287.922486254277,1267.0012085483913,808.1731883005795,1162.7427592217514,9195.629437424881,2505.8594629970503,410.70093809368643,570.5604865013305,4137.33266823914,5755.1624968584965,801.8809612359906,234.08214529786702,7228.8462716299655,2764.904965492455
550.0001870454457,495.73502588617185,10.54172533841099,30.912700512472238,5.253570265311684,55.00427805095238,153.81333244691672,363.4481583168647,92.79250283012833,371.0195851305489,6071.487407129957,165.77495271775325,67.59777703117501,-20.724061848412134,58.07108186261031,Struggling_SleepDeprived,Empresariales,Laptop,Fibra,2023-II,1721.5271004544757,754.9723830971916,74.06198176913695,5.496432272936342,3.0216299753603493,16.752185884139557,-5.280507782239029,39.481605923283524,19.80603563873536,12831.017710092216,281.35943211703545,530.4917206928553,2666.942040033075,5885.334856355655,223.7419485299087,973.2291611497046,3227.3224954585967,3901.8282244151487,1009.4045838901117,579.3870690494016,4517.042866819365,1447.804255850878,441.30328746224467,274.273544881632,3370.734098840679,3999.6409835297222,677.7241771687047,353.9108403694207,4090.882135558624,4757.455476604956
249.35930158098708,866.3195384989997,10.125506043972315,25.660037306125357,8.663569215780063,51.142507345555124,128.29097100032436,223.79918111667152,70.21042791651888,86.65276317132549,1825.2384261126072,126.4120372069255,161.54838761846617,547.9449662654899,-7.746694806672657,Struggling_SleepDeprived,Empresariales,Desktop,Fibra,2025-I,1093.8248371767088,1334.1176973069907,133.00098176942282,2.79731433055297,-1.616592712832453,17.071980392178617,-2.2117746979189454,33.778581328986924,7.862237189676098,9911.020587681514,668.9129779205801,377.5688214875661,4752.731450439296,4239.168416808258,267.9976062731962,1084.948696048357,7824.214037938265,4553.844563787427,542.6167052620851,874.649082665095,5003.068881202988,2680.5686057814964,439.05116700212466,541.5696473563128,1729.2865352331316,4949.290209110723,582.3785870671768,685.2879415719337,2868.117933493637,979.513585543169
324.4973773800732,513.2927738180366,12.850823384148274,44.75375540402872,4.054320791603253,21.811072495372354,221.8081073857882,145.17366121770922,102.2463983324598,89.30131900681616,2639.2857421749204,223.11457496552504,111.05220716527415,543.1734159641319,28.694035445390746,Struggling_SleepDeprived,Empresariales,Smartphone,Cable,2025-I,1492.7722013949995,1270.2311396562009,30.135937513475298,31.19517524087169,0.9806659154857005,-6.839178761985528,12.244021226911606,57.502078903330165,31.070332262299758,-1866.9351554811728,426.9231518626341,721.8639485015947,7005.142593444929,3055.687148458015,504.4665196341011,1090.5257216583693,5405.513600100691,4013.830773900104,1471.6091568567977,819.0007302467609,6602.069617554221,2874.285808683286,756.3950915214942,628.2916180780092,4475.579248017584,2375.042180701098,280.07379483991053,393.8897614968921,8366.065995259065,6754.57902260813
671.2821723417071,638.748168058917,11.90528845523507,37.59970937611565,14.743509067648292,62.18184390933593,191.26785846654735,136.3153371220681,89.5134192295648,493.11554691371765,3102.1684244658827,58.18731785646834,186.47169441837167,433.95698403546044,45.325302521263936,Struggling_SleepDeprived,Educación,Smartphone,Fibra,2024-I,1713.843316442932,1093.473594272526,22.143520201972752,46.25420303855114,-0.7640764552077814,13.892955015504837,20.718300968623357,23.66164290652001,12.114972383155084,12184.090456256814,299.0237241373694,758.6007256734724,1907.1746924356735,2765.575313927986,583.7404993066391,1863.3479348217265,4631.588125665991,3441.9945922103448,550.3040118608483,626.2855183094155,4079.419991390073,2647.5787570381467,534.089483265739,510.2633851215092,1303.5847402609425,4180.13643025831,376.3698967988097,286.51565492236904,4298.69603685573,2455.79219069512
1155.7318362488418,522.9370949454606,8.157390786646378,28.915504149946308,11.235444367966894,42.47788920620694,188.35231567477499,136.23877703891884,78.01407052119404,73.81473932903255,5007.674138808583,128.8222699668204,66.29506380732255,177.03708944573938,12.499414677078207,Struggling_SleepDeprived,Empresariales,Laptop,Cable,2024-I,1362.2269743380446,1025.5921324579383,221.15740794216998,30.549664396801084,1.0533923186158827,-9.172695135257893,10.93593360170159,32.89129875696443,9.209499616429682,27423.10362254655,473.98675301039475,554.8697036225631,4842.5887866373505,2314.514313897761,531.8416833478967,1382.791616979515,4648.269710849587,3830.0688012235423,1274.0829464605304,1469.1725847639436,6096.959352251052,1849.541157388964,437.13618299746065,371.66630343290325,1511.4022514190433,4051.005065098928,248.94511453987337,320.95813456431887,5311.693736975125,5563.463149258747
526.5437693412778,603.2092867229131,1.9802575375778826,27.751142147184403,11.625413220490493,43.18553828144673,258.3962499022537,229.16879888098143,45.33382244622678,555.1361463169955,4013.219332503363,95.25509088282462,123.97252287974646,-66.3223427969465,22.232742405204498,Struggling_SleepDeprived,Educación,Laptop,Cable,2024-I,1540.2256452532374,1573.197682550217,67.46161578111948,18.520815656099398,6.409721451243367,5.8239150082047315,-16.428631484906433,39.76266517134983,10.984976441814538,22686.728099859414,488.3720326369329,208.385722161999,4048.992721123601,6866.108214208489,366.07126775878845,709.2751165031539,5877.312106693635,2216.718428700131,2060.6579029244804,819.6946090381011,3285.897463771218,1828.988439852769,281.6254606944205,395.61751334793485,3420.5069168715177,2506.4094524043903,537.147739046062,634.6184032782758,3921.29548006963,1983.185718563227
430.9451378157093,507.2383368306242,15.069833235437784,31.888098404887582,13.058460232208777,25.030368436261575,205.37979784179973,274.10549571894086,106.77067235725436,330.17781092815375,2601.3982968013515,202.5200270552492,179.89246432491473,13.459003492384511,80.98697314778954,Struggling_SleepDeprived,Educación,Laptop,Cable,2024-II,1524.6085296778813,1462.9189650558005,38.34572756255172,14.15003217880014,6.444365926995015,-3.827568603407814,12.643283839294151,31.769067373709618,17.88126646802981,-1236.9670819863677,508.423555238502,614.6648563025573,5711.836433953311,3785.540102187464,37.73069105487167,1207.298579874779,4766.481038159127,5296.888551241165,979.6487948768096,773.4621389359318,3662.4905729692064,933.5291883303541,1019.730428037745,547.6889091024507,2090.0469745605524,3649.403781794471,575.6080940915513,366.72495556377726,5776.682215034667,4272.785289911935
16.8087313910234,458.1046249236065,17.950555109225235,28.780586305130086,5.764997964122111,53.15578304724522,194.0120284777537,269.34484326284564,11.196484807847504,378.9103753415175,1381.4161796510339,271.7967373309979,-8.107347099352651,-101.8707562075243,35.572214172771695,Struggling_SleepDeprived,Ingeniería,Smartphone,Fibra,2024-I,784.8769019269957,1492.7174923382906,3.821128488562735,-20.562230443104188,-1.7562791423634363,6.378990208514125,26.926793085166832,48.78103753270446,12.635451132744837,16350.861342767264,363.8545082401396,510.0919179913918,7181.002352362937,4965.780147563574,553.6452532185003,1420.6222546072163,3965.1852079521145,2676.2956840260304,750.429179918286,864.0054608719776,5666.618986806544,1500.9510516550731,468.8058285851349,223.3633226661106,1934.1860241537759,3433.0138632901817,755.7198981615221,470.3333749494751,6253.132243380955,5120.39874646574
1165.4995912548122,560.0050007266437,-4.798716794422964,27.015106065823993,8.603072963955379,61.85760792247172,54.3246154874989,232.71829384442708,66.20295632271075,260.0028996668183,8248.992908431987,113.30885492678394,23.0985190201946,-498.18828168983737,39.10159754733494,Struggling_SleepDeprived,Empresariales,Desktop,Cable,2023-II,1727.6916307821812,1190.6985742241052,12.067417287941453,18.325357988962928,6.409732463161932,-5.365843074384112,29.300383175671424,41.604939307554865,13.307589848237546,41528.97345684655,23.359517962101734,142.07996857005168,586.8311857492426,5930.1467773655195,758.5240791961719,1106.737631629622,3442.821240511309,3694.141570398299,1142.28196259238,1501.1992956820873,7545.978848884069,3365.586432931337,640.9473089475892,530.8066966299151,3638.0656567996148,4041.8703775468803,409.96096636244096,246.33214056084833,3560.614520725606,3036.3753061296475
1452.3551849683531,279.45517301255194,4.149357638654074,25.667072179122613,8.457040329544311,44.86723288940843,211.93699460712077,293.7309728192303,40.62863491027929,367.4592050000939,3781.384108030716,67.61931929043932,140.2860707044866,186.98306924636742,24.451586264394425,Struggling_SleepDeprived,Ingeniería,Laptop,DSL,2023-II,1508.9868014902613,763.2836382072549,98.50317031453964,9.464900872279745,1.600011878748236,-23.857308360926005,10.586203657937972,45.959493641511756,24.918118608026717,20278.66877981313,376.04761819426005,470.82803738241364,5533.657935213552,4483.57630757163,427.89850792158217,1732.2323386802677,3004.5165619567324,3478.124258497258,955.9909343064901,1096.9415803923332,5138.782116497413,1152.3238964374468,337.87584804373523,397.71504071876916,3718.0818060801016,4085.870773267329,592.6715432051005,241.84648042477176,4833.16980754578,3327.618045028713
-19.463379496825326,632.3176709197783,15.647293438048338,42.23955774674646,4.748544686560377,51.77579168075527,212.11490025139818,309.6420630160392,43.1082053857687,263.9589072755242,2741.421845389451,226.77522864606865,89.99659744292985,381.56264035688696,38.31892949224017,Struggling_SleepDeprived,Empresariales,Laptop,Móvil,2024-I,1023.3768193018436,824.5935537669515,99.91286565926069,-19.44932373531843,3.5470396816231906,26.987209868443955,20.37872094193353,34.436493064306134,24.85366480425456,59330.260448343615,430.4792552574259,751.6118962946872,3814.641480514157,3279.512807496561,552.1404343895715,1532.7575737219238,7667.793150748625,5150.462359574185,1027.711677348644,1058.7255805256375,4923.308864515338,2865.388073633232,493.64806402855646,521.7769282754474,4697.621229120433,7040.021979566749,519.2534442387218,665.5307074576314,5231.678278035759,4885.7839684593255
-96.215830298573,662.9333139145726,14.661793595126218,32.57043881125552,2.7338143112684694,50.33585810671199,127.19701807279472,353.5275460985697,58.70428365891289,441.8754134679313,1528.051505053673,233.19996275669013,39.45714615722233,-29.420588555887804,65.3105844638896,Struggling_SleepDeprived,Empresariales,Smartphone,DSL,2024-I,1663.6208864164632,1986.4629912822295,94.5366269386178,0.28443725608175097,3.8534226099742845,-31.50506705402114,2.663105665762359,65.1240166123884,16.541076872050166,39527.18347336262,605.2869032751023,532.124561784794,7564.4482356478875,4224.155427500513,454.8930232442425,1368.4526829489503,5352.28123158574,4932.148935851493,1308.8257033043585,1229.027810585059,5577.9509242910735,3217.0138091152694,767.7715938095954,244.4656188732512,5249.366460411709,6694.498371423604,589.4599845829255,316.1520617341692,3061.5970399833886,4157.464745243295
452.99760464593317,507.33919484124476,11.769511150584211,34.01564597681556,13.211011072816829,72.30649578680217,144.47710920741088,335.74547823601495,32.53649142181298,512.1716316670988,1802.3815397178503,199.120815017878,12.473920133362611,158.82700181525556,22.541406271177326,Struggling_SleepDeprived,Humanidades,Laptop,Cable,2024-II,1700.271472122994,1468.3302867790774,92.01029602988407,61.55243718475288,1.4734132550166454,-19.043204778642366,19.956747588798237,52.764568458252356,13.25419689967499,53391.406924675095,658.718911619658,116.88168460840728,3675.2993847834314,1255.9911658240253,187.40110618331738,1462.1705756335327,5572.772687688594,1981.5898358273062,738.8708415465375,1121.3851274015535,5673.565631731988,1756.5919172358215,229.52906518178543,201.3867232285898,2099.219329265782,4445.131810417703,573.2652939090935,334.4387613183815,2857.891921741969,5216.998885903201
975.628814766744,682.6812252663411,8.28056119586075,32.27007060614059,9.119942215712758,31.895067425871577,196.24307791806774,220.08278117149595,67.21440210718659,-94.0352471871747,3886.326001366622,417.0693013138,60.03616420303381,72.54752147024313,7.4673698779487125,Struggling_SleepDeprived,Ingeniería,Laptop,Fibra,2023-II,1787.7181955424933,1513.9351295643214,131.28629486711557,9.189862138147936,-4.60255465969227,-11.201136727834703,15.365394937947936,38.54678341260852,10.540491283409334,7189.357830794128,289.13041858491516,649.5250995460141,1234.1424670822616,4041.958988715429,711.0300867386543,814.9668569827711,4785.383011033977,2934.9506166568735,446.19375813463154,813.1133062640324,1522.973971789058,1923.5196429931366,70.56606253888441,105.01361819581729,2103.965944034041,1995.9917552865359,734.1162382944174,369.5568032352671,6609.961270961623,2337.6560016286585
215.08277569436956,588.6341545550146,17.065951926356963,34.685209148985734,5.440695511658232,82.6312199504218,197.58328042046787,351.6889028447515,72.31629799025413,839.8334799007025,6656.848968697726,257.5381470582373,110.56146560202231,513.3734959610588,39.65331934453694,Struggling_SleepDeprived,Ingeniería,Laptop,Cable,2025-I,1610.9257414362116,1715.0179499046667,117.91531017952184,22.731865656152987,4.66749027376677,5.686129489093464,5.496689660666224,44.55571819169773,8.281734934176798,27002.497155594014,225.07830757994216,658.7749368642893,3963.43245113731,4361.05989094752,510.2032937524989,1183.1095503644563,2592.9955685188334,4079.06264293113,772.4474015520904,824.7794977558817,4618.732419087401,1586.8069223364791,426.6980473994797,472.5643461241449,2674.5310000881545,2974.0645224972964,577.714619767727,420.3605566187989,6999.060882004131,5122.953670762249
558.0293758014791,538.9454294961093,12.89042044320569,25.407495236759605,9.29711452517764,48.569187435456406,379.08002842618725,218.49342806770431,138.23420773103956,364.33987410921543,5429.957806507299,260.20610948845894,56.221779518605544,-30.26439838033059,64.0181819933791,Struggling_SleepDeprived,Ingeniería,Laptop,Móvil,2025-I,1353.8329881623858,1111.7521802304605,127.36255006970873,8.069018140485596,4.631482217420477,14.593238743625529,38.11936777654779,17.823160500044903,22.107322058021833,28648.33036347318,106.21760996681792,559.6418959407071,2731.6427503754,4461.844224221207,175.79823225265636,558.4146255023244,2695.9319516535907,5483.201160413577,185.955260572135,933.6796190627385,5804.615559044272,1733.6065779124954,658.95435167011,180.76977041900565,5784.045302844108,3979.3435608761406,398.8238406983469,526.8673790671021,5373.175304645961,624.9880563842912
92.60304585964468,715.085197572642,18.14377376529287,33.39367016604789,11.009058641455011,39.46932158239562,5.083203417851166,267.6928305625237,124.17627567190131,-51.872718562064904,3629.049114055527,143.1329691180063,146.74768001921103,-489.77923435307076,25.93436561877739,Struggling_SleepDeprived,Salud,Desktop,Fibra,2025-I,1195.2164975353128,1143.463557031871,-10.123994559791043,-20.631679667633023,10.130255372449565,22.219266379551065,16.180856789357712,42.20653519703853,14.624119237086,14492.47020457712,430.33305631918887,273.8363818055466,6822.310437347036,4755.053912059524,323.8367440695361,1412.8469858443427,4352.305227095715,647.6624731007178,1376.6304640259339,1499.663257041555,6803.175490575992,1710.8054130792884,804.0619900585789,279.44631561786736,2431.456280909466,7223.546860023645,919.0120101261273,460.7485620579712,4169.146622761578,5888.261720893783
664.6351228154776,729.3275607025419,6.44908210057244,29.211055567525328,10.723361982653568,47.818128207335874,66.3608752946903,322.34346129216254,68.8208003772842,747.5168665452738,4984.362285792243,174.69087443814783,58.73329767523018,-141.46733880866844,22.38981104069146,Struggling_SleepDeprived,Educación,Smartphone,Fibra,2024-II,1288.587202035221,1390.4970881127167,78.20000712602709,17.588548416500416,2.2246941587201015,13.893033458755657,-8.506747738396115,41.21502963207354,5.904697215970861,-10201.533147531343,186.47015413975697,589.3399271574116,3963.5204620930426,4194.921405708407,948.6434469685896,954.5266652585326,4348.070948894103,445.0110278912812,496.01919214653736,559.7090911669661,7694.228405360262,2010.586539978858,200.79884333446796,406.1225214833686,1497.0688196524675,6008.875814455271,283.7207101134229,364.75993231191455,4841.635986781173,8187.134425264514
305.53536936574966,684.4026047112685,14.569608890792543,29.368754979493822,8.392288791309042,50.640710477807055,152.38567821205424,282.57624497796485,96.59685119665389,-142.25307837537923,6706.447819556468,225.30366088029555,75.10871817563944,15.512250885968285,28.794911024636836,Struggling_SleepDeprived,Educación,Smartphone,Fibra,2023-II,1200.7225681632012,1743.4395783215887,-55.892746752207806,31.67631400613528,-2.7112032946805398,38.93186593452694,9.210096916089201,28.119843151062355,14.54313478996875,35328.19926061857,120.58062794697818,444.0443685934858,2642.617462915032,3868.7669156137435,335.46413936608826,1081.4415485164382,4792.064732185888,5320.830258806025,638.7360882671544,597.5773733924684,2151.7608945827533,2187.2216650215496,647.1177166350798,176.56627574648908,2336.7064603994636,2313.710115909097,234.45108219101493,281.7071308654213,4410.395559469538,2211.5777370019705
-442.33811258423805,403.62579893924675,8.54152433446003,39.37388280358955,11.829518349957716,80.14991083200334,133.25207506546812,358.765900252271,36.86156723010491,485.50008438547604,6834.899347493496,214.37263554733923,146.75812986031303,296.7162949099512,-8.27257226803486,Struggling_SleepDeprived,Educación,Laptop,Cable,2024-I,1539.8720681653706,924.5166362409642,94.6517823571238,14.744270727524825,4.053774615371523,15.456922625715716,22.76465203552341,51.14250774547034,28.355938799834973,359.862341881093,274.05890454669225,386.9979205889193,3372.8820847141965,4205.135378597728,597.530540406966,242.7650215058485,2952.3119266945823,3072.617135372206,995.7619003192812,844.432703006226,5894.019376758153,1516.9682783510912,114.02711725308887,313.16514258435683,2317.673494526254,2926.449323071214,356.23680758616575,168.48270885219796,3426.1852125547225,5900.968967972666
-74.03194265682237,435.68442208416434,9.587089135029311,39.275649967506666,4.313921036492145,53.68254295061309,153.19190334388162,426.6842584693457,71.59296007607767,-125.23586377299094,1803.2018173772149,137.99472026598357,119.5222482258367,-194.1422273929711,27.19396308059317,Struggling_SleepDeprived,Humanidades,Smartphone,Fibra,2023-II,1840.6867922287192,888.7373011737508,12.97256521124315,10.575107767905308,5.181154860341126,6.012803227609473,7.961100292739018,46.73356793039361,20.723097848228043,28047.087903444422,438.13570998603626,217.37262927624874,8323.918773683214,3222.54695830233,630.9610636933389,852.5700701781888,3446.053934253294,2146.920745722286,225.34825342652823,550.3247231967355,4570.302517203089,3342.9148930162783,400.0135776009022,242.8308151134564,5194.6506253772895,3463.4163356972485,482.00659895990566,611.3077320191638,8069.935059660515,6716.799694144346
1445.5602401537562,618.8256168027841,6.612508464502176,26.87323074997729,8.975657021575982,60.976259518599804,368.77192509617953,275.77395372200544,57.808896472931096,-291.8302134284757,3013.6453294425164,75.81931569819396,133.45839692205746,163.22784434239816,54.73756113181999,Struggling_SleepDeprived,Salud,Laptop,Fibra,2025-I,1385.4039938420083,1607.6175180691473,125.64618749184623,3.012297218801365,1.3166438095686241,17.543112488045224,-10.086628885366379,30.703250419417873,15.820987408741734,15595.155417916842,559.1150491753278,71.97915189189916,3868.558382087884,3404.7047586253293,778.9515236115728,875.1600051033631,3044.842529894686,4340.262743119189,950.5873365940122,915.161710873627,3281.225244165908,511.77204695405976,441.3085149045488,280.3571114726688,2686.5027575563595,4966.236189012956,626.6988369742111,468.71716546582877,4775.210911595719,1539.3209798023622
629.8153024219567,378.36944973921106,15.78296424260602,33.45516853252781,6.272020241350081,44.810450444946234,295.3957539610527,198.65470790973504,71.86544003335884,325.2407485106415,2955.5744232964244,114.94138054200066,27.037008245338072,580.2765413530104,20.871645852899146,Struggling_SleepDeprived,Ingeniería,Laptop,Móvil,2024-I,1373.6261378694762,1040.834947369194,22.39637892889055,-1.4841989492881584,6.030040593873988,24.682380762656926,-6.312268875341923,29.78691456213273,24.991868617289864,-5148.21492873209,350.4120101888751,772.0650065210697,4498.2507582655135,3372.1174856278367,374.6379316598166,1396.1485806922458,2912.1894631177593,5855.282815665078,1024.1247946224019,504.49726384610886,7091.817822233487,870.7964584016574,899.0901508604026,338.81757688277344,3955.016961567484,4976.713869391734,485.12518867913343,314.7896021897433,4530.108887437556,3293.3241842218467
872.944330315921,421.67887629388343,11.34454509371911,42.66430653426872,11.835950709189134,37.340821154959464,206.9926318863055,323.027232777421,59.760102906884626,656.882889024798,3771.122017080489,111.5317856997363,54.825886153734416,296.4531623326121,41.21151618678225,Struggling_SleepDeprived,Ingeniería,Smartphone,Cable,2024-II,1381.157408852861,1468.7772344599944,64.7968669599046,12.508814387999406,7.218980859239242,-12.884311889824406,31.044963053544045,59.87951365421881,23.152807921235983,10618.046418606813,275.9415460730901,532.0742648410569,1071.0225961636797,3742.8598285978287,415.8938013964638,1237.8866361831497,1883.8136581639606,6577.18512990454,1298.2986176690097,989.0537316891944,5274.642378405717,3515.947860232719,587.9403551458118,729.209386509384,3622.785676126464,5540.152339300623,515.5987699380639,484.3961009214014,5013.2382442375465,3169.1703948405825
-304.3571134213631,496.3088637425741,7.406248299538236,24.846213267602778,4.169903430460586,67.34873165793995,141.12099882086534,200.85495460413256,61.79170029352202,375.8139198564971,2592.1667533380228,198.95574869256671,149.27493975964023,131.31355288297001,26.498369167803883,Struggling_SleepDeprived,Educación,Laptop,Fibra,2024-II,1617.8201154805156,1459.907808895213,213.0997728711456,21.783709011687485,6.0015221251032465,-9.549968271463833,-7.070437719299958,43.361305159588184,5.985984136801326,21365.43121285647,339.89748210923835,381.80052129016514,6802.869689581548,1672.3565701793357,374.6933843364162,1299.6209388108052,3741.476044766873,3529.243496282793,893.4562861863574,12.376462088962626,778.285663580994,1767.923616504884,106.7310704033734,616.4906354236956,2018.8636994382482,5240.976698982626,648.5059895283542,356.8317357935489,4360.156859244111,2509.697325784401
244.1418320757525,568.7941103820277,6.605704378758367,28.884332666731055,9.727681357354115,73.49097285765923,151.81014756550232,237.76393157165188,79.38333507257384,41.707109077496284,1684.640462928721,243.27107614254743,189.04023586245773,187.843651207998,34.68003098950563,Struggling_SleepDeprived,Educación,Laptop,Fibra,2025-I,1159.4075019506,863.7709602385473,158.11466206512853,7.250769986737008,2.589515395005413,24.105300330486156,18.438126606603767,52.501210086120665,20.602088480095397,-1306.063907404572,537.9255556195701,859.3750333152225,3155.61025104701,1990.0407268269503,1009.5853317302718,1697.4073647435794,7054.933632461345,4275.0970808505335,589.4964258070936,880.939429311584,3950.7272140926334,2020.847572951866,484.5115578399968,532.1004680053502,5428.108576289598,7588.6273696080625,572.0941960401559,537.513282018283,3684.3404417766696,7256.369276828614
1230.1481467031736,355.8135401694319,3.797414537301794,33.07158142032806,9.028074312457134,84.83744290638768,217.92292539368822,300.1508278097954,23.542037999973125,-117.49861734073261,4210.378145014122,207.8893887227329,100.73087219779701,225.58878109319124,54.08693058254453,Struggling_SleepDeprived,Empresariales,Smartphone,Fibra,2024-II,1313.7316120987894,1461.0480177029642,73.46515635161015,3.39034259050913,-6.343345303550517,4.3980659459556914,12.436820962071188,48.645628499675105,23.828952984034984,-12592.176846890048,288.7385523504548,409.45157054007456,2649.9182535673326,1711.3181386720876,54.166840537296764,1129.7261843489136,4208.653534079458,3198.8780414103767,1238.1676259698095,872.6319958490715,7201.961291949658,1431.2137772811964,407.00293412748886,367.74284045513923,3932.603660693496,5599.579431958403,514.5668720722261,434.26295715428546,2878.7695554250436,5957.864041672509
1139.8435016187866,414.20287452497416,5.120729218117693,29.48801701699756,7.987197058637518,62.51283183774899,230.7204129574891,252.21494423924133,94.7808201206447,488.31690468887996,1994.9387522077782,156.51701188133936,140.80765196874358,566.2080731039712,36.16168388743704,Struggling_SleepDeprived,Salud,Laptop,Fibra,2024-II,1807.8582657463674,937.0548937270523,81.86149312293225,21.773119422300645,-0.5036201844339925,13.444950856483729,26.93468602610023,38.12401679004832,27.118603543120877,28998.208533195255,227.70345195964953,657.9541126042534,3402.1590114415485,3768.66580837653,376.05537976431475,906.3337453447695,6699.859594126523,4548.407693865745,910.7424265936298,988.2632198112559,7624.541220678193,1711.3134780249059,658.7494910086139,167.33210219334822,5489.519954525991,6669.528755672111,631.7417726102699,326.3932684205504,6164.97888760973,1226.201674852245
476.2910443999708,391.3385215766191,7.9761394807015344,25.676131231290537,15.855940833271843,54.565993924573434,172.54363583670832,140.8271400282539,52.526535257196905,340.0764916217539,3890.201021917437,-24.330580938275034,164.33806520102684,-21.884142323115757,9.255652255560257,Struggling_SleepDeprived,Salud,Tablet,Fibra,2024-I,1628.316559059403,994.8086549767173,120.01790291221774,-9.176789989010164,-1.3052295985274673,-1.9900818206679585,21.218614467162677,46.028152913399836,13.83072248667191,49550.17632209044,338.96366422253584,654.3060877238161,2776.4941183706615,2304.805776481535,642.9454540422854,428.7135789544027,3822.1914374798207,5663.856964319075,699.9796891192657,962.2087841232062,1325.2457517011671,1874.5231829562135,402.7257002390147,347.2943487491341,4617.834761347276,4098.092210420064,613.1911535276736,603.0617965430596,2975.4115789155057,3631.59240954223
450.5022784091213,515.6150054029149,7.227461920305256,26.435274866302723,4.597733472576022,65.96088040659228,212.30344587889402,282.87346968094346,14.858655098396156,15.5053929468246,4677.623763995074,334.8351962099569,78.66821619114504,7.80217213607537,9.051436118356207,Struggling_SleepDeprived,Humanidades,Smartphone,Cable,2024-II,1622.2747894717954,1723.3082666726673,114.57938314177568,21.853830512516808,-1.1552791381165637,9.715881809497002,-2.77424275487745,42.506386035689054,19.14608345074987,1215.2024950077412,106.21808654767347,305.3375969628897,2248.9802740729174,3615.8144917847458,481.62616465469097,1528.947017371807,3290.934705734483,5364.685119770825,878.0054870800329,1050.035611634653,5033.471933921468,1734.7360317541265,104.53858534289498,458.665984319647,1149.6877391220687,7511.276140656784,202.2436488728141,421.37770467679513,2293.227387184661,2849.4216115992012
1111.248809149388,572.4326783398783,13.355105865151181,34.72495129386835,4.212326746461313,62.475148524754715,164.40503274547876,218.32640359372297,52.14590104599741,308.4126207610056,5851.2431615517,228.95238680595315,64.47121951683746,216.6849157833271,7.23633996005713,Struggling_SleepDeprived,Ingeniería,Laptop,DSL,2023-II,1264.8318112136333,1056.8203233859062,-29.576050063594607,2.5239676373050397,9.405075235152388,31.923607948465747,-11.642392071096381,45.02118817471016,6.297050370453504,13896.686940696596,553.7074558069206,372.52763582809615,3787.605837892199,2184.9124830502356,577.3182928490088,1141.7079808109665,3950.1664024790543,4163.377196553089,694.5839888430894,574.3696961773951,8434.738506818243,1761.6621181770502,298.08603941095856,527.3712983294535,3353.948204884379,2431.838547324486,385.9583908633849,236.9284024089255,2077.0195999534103,3109.998058349068
875.526344781114,522.7027128779021,-4.690247462362153,31.652458541562126,8.623566620652557,53.711925922269586,111.01060194265958,226.8398290644817,121.26502842304322,572.7270230375716,3250.0907435519493,201.99585593475805,27.004297004307773,239.7579002281177,32.49685587835734,Struggling_SleepDeprived,Educación,Laptop,Cable,2025-I,1640.1811571467847,2081.9226803467836,49.99509070266953,4.187032381235086,8.855984955303022,16.030333576974314,-8.802300625199829,25.904749361841418,6.087576587836711,21689.536994740985,275.66698857600363,91.16170137200578,3865.432180007969,4009.7273973217675,267.10435927754935,1858.5891252693593,3829.942381931219,1289.4295774010568,1088.0353070483168,1267.649866968618,5119.85870947312,1941.176870419624,682.5991951913268,503.8753375087575,2235.2244987673375,1109.707423152514,591.7608176186029,582.4505309281172,7123.922380900181,3453.1243605974505
-577.1761921150317,423.66242836422066,13.705326793109364,23.865427051988696,4.404602261798052,19.199919470460202,193.66625601142644,132.86632805762392,92.55425902737821,706.4383905334967,1330.5422783953363,226.97681907607756,134.6753390136841,58.520077715079076,16.342409256091287,Struggling_SleepDeprived,Salud,Laptop,Fibra,2024-I,1696.2316496343524,2017.0468690106677,125.21420386915581,6.7164541958983355,-5.379836885025345,41.57688970584249,-6.646575075321904,58.991194802960884,10.75039208784505,31378.01329986465,511.5440186193108,638.6814082465037,5565.411839909415,2758.9639432577824,689.3389325286604,1556.0935920216302,4845.263759889914,482.82337174807117,500.7132206275906,994.6605844978396,2792.0994624023297,3102.519742710748,373.60364274334313,313.51716620499155,3894.859452994762,4529.782271168335,868.0595450047738,349.13165014459724,6189.901665533052,6183.789385530222
799.0544603613394,491.60579375747335,19.016487771361383,28.13301854193341,2.8204900910952766,38.20039456324393,155.03555351698355,193.95445633807597,77.4400072812187,400.18191259949515,4338.284494206016,146.34208649329466,85.8081954024514,-284.51573994229443,36.77029276322873,Struggling_SleepDeprived,Ingeniería,Laptop,Cable,2023-II,1479.7462228582822,1016.3971809593659,62.801402283836545,-3.0228116912134944,5.840364385376206,-6.090068984053462,0.8324461427695233,44.01187498262238,22.422145045641393,-7636.5043058212505,431.23163338496204,568.1323991910248,7778.131542257999,2790.6003165306147,981.5219432294539,1115.204622070486,10344.586362720253,6682.035356299384,665.6307008963581,501.68756239050293,5503.202537704262,1431.7245500905915,765.3598610479598,116.23826160493502,3009.684514930675,7419.263861640943,670.6295148178892,567.139517095536,5984.03368760342,6364.972937433091
889.5024242372779,701.9084666753593,4.5145390182963805,29.95542342641821,16.196499441153108,65.77173555300323,161.98361989767534,258.88599009847496,75.72331683370791,149.11544419253187,4928.099423618263,243.93838499139358,-10.395786778790594,82.72406114445378,30.790163781204306,Struggling_SleepDeprived,Educación,Laptop,DSL,2025-I,1500.9003308756073,624.3051801522822,49.178036468982924,54.66338214879663,6.502353560463995,-12.807856928758046,27.19656133871859,28.6590626669231,19.912340762569748,35068.726248646875,371.5112830418683,638.3744805854717,2616.1049645282974,3826.713430733809,198.51742720759307,157.30256687237636,5709.335911847364,5871.5263462418425,555.5220620735386,1083.91923504495,2870.2144015179624,2910.6487604325494,327.7389516121059,367.6619574846509,57.822634625968476,6276.605327197449,197.5441219734238,393.41601195189037,2778.2533477673924,3221.1691250067474
873.0250456266178,358.89287838019675,2.817603041232884,29.680980854793553,3.158020629791235,62.17821529502616,199.51568877203164,415.1468612970321,70.2171693601477,76.53583864339606,1797.2395062472815,191.0443289192857,111.08747339252409,388.5317037744444,6.771073526080443,Struggling_SleepDeprived,Salud,Smartphone,Fibra,2024-I,1371.8007498626694,1136.3812703119,67.41340621399753,0.9930838766146781,7.441197026590347,2.8599223191926084,8.42794803574561,51.96090888851902,18.024082770826393,14350.70207199286,-46.278353986044294,284.9212778344532,3828.6168092016846,2941.7000502395344,737.6317527456152,906.2229149579541,4886.529644849927,4660.739400533129,712.9524793307673,661.2861605698788,4837.256751098996,988.7986913919666,728.1394403162298,587.7658882723272,-246.06047994076062,6869.255993967843,590.3407785369145,554.266139615035,6726.498289322833,371.2595025700007
449.0013800034441,374.3372062212667,8.403325239590835,25.51788475975613,7.490174858709083,-1.8748054337390911,118.73939093037686,343.62176905417374,96.68767759170285,131.2245030820809,117.31086933664483,264.89536661470174,59.820777264797115,185.93208293220295,13.883100415236015,Struggling_SleepDeprived,Educación,Laptop,Fibra,2025-I,1801.8470794407372,1586.6968147324674,139.6950799964748,19.36412553151671,7.0547294027878555,11.539241018281498,22.202254955153247,40.725417332392105,13.408238066237404,12662.038925258428,186.07646440606865,249.1743620424592,2406.697515490295,3066.579313246333,653.5178519384689,555.4678465379232,2891.2675580261184,964.5238379380808,804.3867317555843,905.7407818673296,2988.2307028216687,2480.386984715137,418.9153222195247,432.7010189347953,2572.1860061646134,3373.7875764934115,448.3138769227089,217.5389354712566,5940.975824751109,5217.821341113648
367.58625518623023,438.1046749255619,11.601961810869215,39.6485064550135,4.5969950186666555,38.383286918992766,56.51210273800068,265.418482670433,61.52034730787207,671.3699350474265,3385.448780985543,80.98013683095007,128.70355084486124,93.40915786181498,37.09693597542851,Struggling_SleepDeprived,Empresariales,Laptop,Cable,2025-I,1891.5925941425849,384.53930511162116,43.53868632375975,33.370432819546004,2.032005167113521,12.296645604515817,-16.507344549809922,54.47687982162614,22.753434836712476,10185.448706057434,477.6424232023868,564.7124158830966,5628.144134154126,4774.498648840289,379.5659150229138,633.438047673365,3415.7237599256327,6386.92229983092,1057.739824996782,877.2002828919987,7073.019032377678,4196.6945361046955,575.8083756149746,484.6211416323745,2043.9736273643498,7365.600513410796,1085.834137967351,556.1767954711072,5044.327869956588,6516.949665891444
306.4523192755021,490.062428957175,21.543958443918346,32.674765423020965,6.859059920022306,21.271681767054766,286.8435101113376,106.33684985637487,93.63464716420046,387.38785656471157,5807.408900740926,236.05585618055562,153.6251064677642,56.07622848729166,46.3777981705363,Struggling_SleepDeprived,Empresariales,Desktop,Cable,2024-II,1290.9675625332952,1364.0868548406347,130.38596039723691,35.504746177053065,-3.0619281078316223,4.857243606016735,14.102787140112268,44.86788213421863,16.65383022240473,10127.999585776677,278.16508345690005,418.3733383803727,8411.21108387636,2113.619897871483,696.6417945036217,439.5924020515836,878.0796011481593,5144.977736721686,684.3646060832243,903.0443096629705,5936.660219687718,2003.534722429487,413.00114917532017,428.61271012566954,2777.749558929974,3888.223295840949,210.5437749533129,584.9873756854246,5934.506710001886,2828.1353391661314
-138.1952165095105,837.2902734045693,-2.2641867247998633,26.257341644016876,1.8136258575784554,14.471853439100762,184.65529397474074,163.03187834053094,54.686292315159356,299.0945309982362,4122.667018492664,154.64094471269414,6.66613229631367,250.34616976935246,9.945188328651007,Struggling_SleepDeprived,Educación,Desktop,Fibra,2023-II,1151.6706356008713,1588.4003497539702,4.6271928681845225,-26.132782848725398,5.030743409459594,-20.188007668174325,23.700839172737062,47.48607315444048,9.449294311582399,54071.715494727985,511.4825917689949,702.0683136202273,5966.110595468446,3200.4556093239403,242.18082709171904,1522.5630008855696,3443.958268531982,4243.004241020801,910.95323151392,317.14960772838856,3685.230630710004,1762.6515325466905,561.8288383868173,394.36168580711666,3663.99449655415,1904.0446896148,507.3027514330151,380.9339477880301,2639.641439910715,3757.5809581162866
1122.1445211575224,396.69934002596983,16.99431220375694,29.28840229479129,5.320151226491934,30.373963559897224,156.18496205525403,322.24857809271055,61.22555812269103,750.4253837281765,285.8133365883923,201.38209685373153,114.81461281122604,60.585758417920154,43.405111074402654,Struggling_SleepDeprived,Empresariales,Smartphone,Cable,2024-I,1984.9775233703515,1407.0174996614223,-23.918480956532292,24.0956448907161,2.1437814712441634,9.816220027544126,27.464579285316994,28.086150376449737,13.895532070046123,6226.972129279355,443.5415943271899,252.54929362751005,5361.794908155853,4293.026687179823,360.45429164346194,766.6191861412362,4956.722515252417,3138.0018535844756,702.5147883926609,1576.4194716557809,3818.608408633726,2118.124410966333,596.5279585392516,532.9226902179138,3448.834276118398,8583.310188259695,315.43364320859496,428.8732020556736,6309.625439034846,3853.239780379967
149.3577733481116,592.6034807597374,10.577756166352772,35.25068501207468,12.487318974438566,32.692702527325494,187.4687342175061,251.4494245460605,100.90115737132814,-270.2970788643153,4650.3212039756545,137.39823027011363,154.41718765324651,22.525830017085013,14.7606394256436,Struggling_SleepDeprived,Salud,Laptop,Cable,2025-I,1279.3142577154401,1475.7045243098044,66.05410307820941,24.670974408686355,-0.9777794323862707,0.4023107324883197,7.7310935227060815,23.3244374216538,33.00145872596085,16274.965754575218,322.6317255231547,607.1613730162599,2402.907043701553,4468.950293315888,411.0915989182725,1533.9448527156546,5777.855570210482,5509.790295061276,507.75604778961065,1032.576755220387,8659.848248036244,2928.8449732749013,601.17113633521,261.0641617428457,4823.874090112927,5719.778845533129,273.7524349935925,328.68854562133623,3774.1577586348258,4434.644635829465
1266.8829649053243,410.24829597292455,13.533225744080486,28.321692728042436,7.254043197424346,36.116005148570345,84.70978360630619,131.1384027234795,35.916383784742735,789.6494169426371,2343.636486305232,147.54700197756412,36.80984014808735,478.0171237934792,40.13612890520046,Struggling_SleepDeprived,Educación,Smartphone,Móvil,2025-I,1540.3371630506538,1340.3757254087855,146.94430821098976,5.208862284634572,2.3427098103766566,-33.06850401419282,6.505967611047106,46.15438545515035,12.316934392911053,18753.586976499962,447.10500607276646,526.4822046551235,4038.5287341932094,5531.110063107971,428.283589006325,1841.6908542086892,3389.608342019577,4616.383230580361,783.3386539235272,1166.662936209203,5447.94242299837,2249.9055507572593,502.54420528933485,579.5553216825211,3489.8029128192657,6905.58729322914,460.99204291860383,335.26143230008006,5857.209552682302,5620.241557691733
748.7449300028701,547.0901659764064,9.500096163749035,22.75481627527293,2.906811963187165,39.122446151183425,172.13152255026566,268.3825374807379,67.67411241369993,-2.7290576179552204,6888.176778356672,88.64213298956705,144.93413773271848,253.2748052538294,70.24527966811654,Struggling_SleepDeprived,Empresariales,Desktop,Fibra,2024-I,1468.6411450830535,1321.7061973492382,108.21831658535007,15.15192294028654,0.795947571883616,3.7305695890860333,13.464931773431532,57.77759745603191,22.262879093425784,52525.73932468557,394.7159705805078,673.1978081009034,943.3967809530295,4050.0864169100164,264.80125742662943,525.8413136037778,8187.167012074269,4374.942839437539,925.915905539509,1589.0275546262387,5248.081594375106,2190.550680383692,495.17996410107594,210.6337991508351,4960.121943581435,5692.01146343825,462.89119461974695,380.1183283451526,5130.608048138682,5232.832780298434
165.48446852848286,481.97039292302884,13.441693389455407,39.20126372372427,6.035555733579725,56.471228198082706,151.75017756040398,340.9146085743189,41.9587124050067,-172.2597418155729,5425.841712212654,332.3952862703285,142.06430810172523,135.21038549324945,36.081340889915495,Struggling_SleepDeprived,Ingeniería,Laptop,DSL,2024-I,1782.055281150725,1046.966549382651,-62.298674686292706,56.545242807975484,3.7668043963851474,27.513945895635622,5.458934185046583,39.737041248802306,25.019137127287795,-12092.312515098958,378.3493424708451,450.3574824303529,3550.4762037700984,4217.597235323001,528.05680491415,1385.627491154556,2570.5618291230626,4082.6314049244734,860.0207863132517,830.8916429636375,5984.839594977958,2351.0357541741882,773.8335042402877,-37.02242867898224,-63.650518258647026,3804.5453839153797,291.3373995171462,645.626331437317,5660.781226239975,4978.2639314354
660.7991789590636,699.5611040881807,7.778909298289248,26.97130930206228,2.9870823156201913,67.16181067058392,180.8732633833602,181.0258176163396,65.89162327624992,-84.98433535807249,4586.04344796424,69.25774699834,73.11053850868014,481.5078837230513,48.01488264610551,Struggling_SleepDeprived,Humanidades,Laptop,Fibra,2023-II,1705.8651125534016,1151.3256085638454,165.9249832079144,22.817080822977097,5.954658345005537,7.724811570384178,11.14941526928189,51.121373426878854,17.821964591347523,18737.237223708376,437.2016975576301,613.6732595734769,5065.004461330631,6531.549350676761,596.8790497100191,1793.7404254986482,3247.0898043914704,3718.21315471689,1318.200685476303,677.2284162257322,4472.951565557181,2536.3752481335305,579.3275444581176,177.41921388518466,3853.084784365282,5311.990706750227,339.14537444622465,452.36620018192565,6869.552081236394,3568.7308946481753
678.8226777454831,517.984977169675,5.848902998315811,35.62629214847969,7.48363540926687,29.87546785684129,195.7278302398074,223.3015682095022,98.28202836048186,-362.4444564728074,2517.2990922964123,138.29243351835248,197.61681964183197,168.1016362577577,13.723572417269928,Struggling_SleepDeprived,Empresariales,Laptop,Cable,2025-I,1481.4246521795035,1946.6837936248592,-8.803023766189298,4.036184518117842,0.47731363542361427,5.928802765939716,3.2594738964508565,38.742781580228105,31.330137005529842,49106.600722309646,580.5034125174528,441.4614578880403,1499.7279855296251,2395.6164861972698,307.5765398449224,579.3056894391684,3130.646931331963,4424.995730683521,1204.2296651156203,386.89932934381426,7075.817620740572,422.5293947923601,339.91476629199855,304.72464688489345,2295.312138258266,3158.5269076405702,758.1973312063795,410.2751828498155,3677.577760957044,4375.673228542098
1264.1315171574024,503.80626953032856,11.78187608628874,31.942902780839805,11.261731747337477,51.490947433171655,119.70673559384599,227.59761850537166,95.84362582106618,374.27953086885867,2711.856747986692,180.8342763661036,91.64810729207429,183.7571911813671,28.27898745833925,Struggling_SleepDeprived,Humanidades,Desktop,Cable,2024-I,1707.3367544938103,1873.2100552072066,-25.443440186568893,0.7955691459035368,2.1515685229223434,15.858849118941059,18.883118772354656,43.13969389407488,25.694965801967754,20213.315511377215,27.673830646584292,571.0851778290363,2690.692621097096,2986.558901233865,605.3082964160828,680.2587660785478,4358.239677279961,4565.982074531679,806.2191061233865,1218.3630595200489,6544.257035599236,994.6322644672148,506.63876705968966,509.99635464741306,3983.7128434767646,6223.425887379092,343.78486019441993,400.4835397059412,7072.69911398829,3039.589146902944
1293.1932044692874,579.5745153167927,11.439462329645941,36.54870740940877,10.450721483941148,42.00222949200075,184.2697884999895,228.64332376968792,136.2706955995296,501.2634494598158,2800.564743048233,134.09967810978057,166.6796729963836,11.656847614593602,58.274847152347164,Struggling_SleepDeprived,Humanidades,Laptop,Fibra,2023-II,1345.5537000457064,1230.177062779006,98.71117705134861,0.8283726469684236,-0.16983427463799006,-8.525760957809148,-4.897077338981482,43.82499677599289,19.037903420763286,22060.042458040916,295.056372277527,107.70479571440063,2715.231832668956,3562.293118606651,183.2433914500951,1141.0933307859589,7557.600977613534,4113.1316118005925,498.15246757809547,824.9277000276537,4617.838605538077,2205.7645303481754,697.2986605420112,631.5825547714387,5096.201277418188,4352.617955729638,595.8638703906041,390.5400321925999,5248.603751202228,5526.942356177119
288.2802460147079,567.4470037887932,7.38178925332527,39.392403299824664,6.957601182681657,44.284110530241946,225.75643961260997,306.4546302700091,83.43373683314285,662.905139226752,3767.9695045331227,106.47450729163775,151.34139759347903,-431.3969712864357,59.27629230040328,Struggling_SleepDeprived,Salud,Smartphone,DSL,2024-II,999.9672617935987,1423.6129427742965,57.56789491097736,8.841598848449735,10.670442001099929,-8.418150797484323,28.032181273273764,59.04576744880246,11.730724583936608,8390.025244684803,416.81055409010764,756.9401359599482,3898.75416494407,3915.708859635732,474.1659275992794,721.5684735526524,5320.43791637152,4011.721013696221,1326.226194936323,620.5663274373553,4605.027974189506,2662.1255212153037,550.5369327528664,448.13716454097266,286.818526775583,6757.092684302315,496.47187583800644,586.3588500269934,4084.3895500506524,6611.0400674844295
966.4048121924158,429.7139459475811,9.315465757006836,31.135962434416104,4.650581144508936,65.39489886193657,176.25200314665014,305.4017028181022,102.82510282004084,-112.52454052696095,3686.877483774134,227.9153195268043,108.37411959073555,379.80785909663814,35.61006292609198,Struggling_SleepDeprived,Empresariales,Desktop,Fibra,2024-I,1744.3364670390226,1421.2818792614867,59.61899326311134,26.55973621055871,1.76413204168819,10.90603445147374,10.522048197770172,18.604421511735506,16.81774149275805,29727.12340099318,151.18584492651104,339.68074982495614,-8.449284557703322,3899.3996294543576,27.370717641377382,1618.1998355815203,4963.991480140259,4314.431188746552,553.4834464461268,789.794036760608,3303.500622353681,2050.908119756611,302.5558265051511,235.39046318574597,4501.8172771392265,6282.746596002427,-56.7870609028011,273.46806826448477,5138.123941190755,5605.99767298567
492.696947349016,570.2673011854636,11.550520551931616,30.439156145457662,11.249066124197237,38.98107684595692,131.42962504074666,283.79320049082554,58.218638901019986,423.29237689113916,5059.280264998721,320.85964668138513,180.79114787618695,163.05407039766936,36.24631701689849,Struggling_SleepDeprived,Salud,Smartphone,Cable,2025-I,1396.3475338554522,910.2263579953118,106.90652301944088,-14.091071778443403,-6.75620335524342,-22.564380218525685,-9.593362325351654,27.128327346270282,30.45605022180471,4905.47696807606,99.72962791896526,402.9322011763121,5565.851242985292,3381.5631396963304,200.1810890518205,738.9464604223168,4273.543089674571,4629.972529904335,963.1818014380049,994.725265520361,5719.747077383042,1554.367153986696,556.7504732467103,218.7749008647957,3799.4145053048205,2556.5279655808863,675.8520754835085,529.2478633066448,7810.611150906861,7380.762380958971
-299.05005676321923,468.19841674767747,10.908223910767168,31.812136159857133,8.022038178340797,59.83203779690891,176.5610614653766,267.61120032081055,100.58470122465287,402.8242668015773,5024.060876306418,124.33570398636994,66.1153453958697,93.20286622337474,34.79975653730288,Struggling_SleepDeprived,Salud,Laptop,Fibra,2023-II,1521.1844091807363,959.2118802894438,100.21125244760006,-4.926676894207663,-0.05163092815631476,9.62691362434626,12.268309901054135,48.636067238921655,16.56128600189812,-26367.322649299622,714.964623921592,283.40562838090614,3219.2230453248158,2496.6322084232534,12.065552843397427,889.1446657116405,4380.1398793720255,3163.145630730366,596.0129222134276,1177.5528154074475,6040.7401086177,3159.7882532905633,492.66211157587577,529.8049945267378,3979.0815604576856,2846.135869761015,436.8238309668066,646.2691381079185,8153.439405370903,2691.1730266485206
1123.9284896469253,576.6866343457979,7.039941072298979,30.03096258655567,8.573728949632306,20.667563684544437,218.94563034756308,225.2319652746214,53.85355776101033,267.38210536640963,6740.793017379359,273.0462155183795,122.59258533442886,484.4730455450913,2.712667128019028,Struggling_SleepDeprived,Humanidades,Laptop,Cable,2023-II,998.781760786478,989.6356013005936,76.8115320703347,29.368994401322738,-3.272294451746827,20.066768997096787,-10.33250396945422,28.10863099214311,16.190513911943814,-8647.732568375646,597.8044898086824,443.59324158476255,-260.511652868443,4721.22506832195,591.3548893580289,633.6961498524395,5707.009591740263,1292.6057628425651,1027.6208345904124,972.6183851168698,6536.569245817645,1371.6238327817928,386.11682795535796,517.9595846367715,719.0143716577695,2103.309867693154,460.04985024956613,397.4077005070917,3295.0709770141675,5787.101760781996
355.20368099092605,746.64409453755,18.08912193351084,21.546897712887304,9.409922824734068,90.96580669791808,189.16288142665593,148.90699508787634,64.22403899588674,433.39093143885964,6595.38904974795,135.78174605190793,82.13575430520432,292.87510703386494,15.502579425276865,Struggling_SleepDeprived,Educación,Laptop,Fibra,2024-I,1367.9109633260978,1824.551469904829,179.1891377833443,40.05436583075078,-4.29320421589435,13.847769801846235,-6.265912927602517,25.851070428110802,15.762130209716926,26296.789295559345,405.19409988931517,521.9991715621194,5573.9031913893605,6051.160744648601,123.82289373370082,294.7451112633602,4931.405266424387,3678.565131617173,1097.4221248242231,1175.9473760668288,5987.971965607634,1820.7448410500735,661.3020380009991,442.4475733857226,3485.2351911989836,3805.4642868005612,410.61133440533143,376.52828625101085,461.7978268754191,3464.767202820342
1063.1122105700788,526.1036092451853,4.05957748362955,19.225668240759227,8.278757414754107,40.01738209633912,43.27055129328092,319.0352674312226,90.71560959530751,-16.180828252725718,831.7973586759331,341.1563930661266,133.89477880097166,288.91433766348325,72.18686277590156,Struggling_SleepDeprived,Ingeniería,Laptop,DSL,2024-I,1054.722415109331,1450.4278137154556,142.10428889795952,3.987202311679285,5.860161625798243,-2.290244442128108,8.545110358153904,35.884393025476456,10.080594899420701,13217.195973583104,446.2335721798632,473.39027735594595,282.354578280067,311.85907630751444,256.219564205665,1510.479126151492,2037.7564984003402,3475.0944376213224,830.0952018512064,1429.9563481698779,5101.733797202656,3449.01676205095,445.0001111283142,523.4687060307738,4467.6898294539105,4894.585112043652,815.0528088497808,380.7732753815364,2504.5858044686565,3983.010919529783
-17.781351431272242,511.98763051830264,14.414056451268056,32.705066533787196,11.323663519951385,69.92279537119413,113.45211516962488,156.32752861870352,64.20018726563629,-427.7776150857718,-757.905352543771,190.3392161980649,94.55021872485285,263.57621749232686,57.58175059974943,Struggling_SleepDeprived,Empresariales,Smartphone,DSL,2023-II,2060.133304777198,1105.9026378340964,104.5136020628904,10.11511849739829,6.02515905663744,-22.596577567008882,12.366929352305366,53.087059628569435,9.604844653582129,-470.8115049130247,169.0031934741589,205.38485086046603,2759.886245685223,4455.519565711495,68.45798794852516,1259.6109224175245,5792.0205670436135,2979.8474629803377,674.9113161403837,1725.4176067221847,5621.548187233635,2894.6199982292483,606.7509562479266,234.11363496209356,2371.241759444998,1470.753602160587,279.16435547554266,579.3840892582515,4524.3607807188555,4004.7594321051497
457.9656535430155,504.5629439176835,15.102598015626915,38.08566509530503,0.6588695853783131,63.15820926983991,175.5043432590578,190.19396165477957,86.75892286045169,643.8524453310825,3656.2497355979635,222.33314308105003,43.84509102865816,171.52055571194347,86.6663747582948,Struggling_SleepDeprived,Humanidades,Laptop,DSL,2024-I,1716.7808750444512,1798.4692347661498,56.892222051321085,22.37102594653973,4.57229502200752,0.9595221762496222,8.31125703251157,67.8903091680881,12.758657964329462,38401.600171476544,536.0729631940187,241.19943358946028,5234.047669805668,7622.594921561675,552.9993717948232,1192.381213047041,8994.671798865369,2850.070218214014,1290.5734968391832,937.6638999742306,3999.780122495903,1995.0021510869526,44.483654934907804,626.6389041471099,1897.220085268086,2637.6766427312823,262.7029137164062,321.4043498671441,1915.2190615890627,4659.221556618671
1270.5639936132368,452.2249810195313,8.058270627937942,28.013102231877397,10.637864621729232,75.54319171291365,148.6936110040661,333.4377863243115,78.38945257092792,702.232698726429,3148.8777832248734,135.50876793665302,134.7135849573359,205.2837469879462,47.44231091387475,Struggling_SleepDeprived,Empresariales,Laptop,Fibra,2024-I,1661.4258284903208,1511.6440330850871,75.33581260566109,-10.388745968049951,0.912737379584038,-4.330808831792803,-5.671945208052271,48.178163988627205,21.018341969268814,-5529.39304615523,569.1042323057077,801.1979477798567,2067.030237044646,5966.307346599597,675.5656086841548,992.0320797586799,4334.564841610273,2129.0106170412078,1292.319794224928,1466.4024491171049,1970.6398177628735,3974.213283498823,445.60820793921334,540.9189442347704,3864.9806531954314,5592.916652956748,630.2600727481563,407.4708455731162,6331.404889220841,6259.007128235859
158.28437703843866,693.6395626556257,20.1495024302787,23.677038487058873,13.179011810064765,69.9597633467942,132.20441961213612,269.01046923938424,60.01987242469397,109.82184624368722,2853.3397814104133,183.85957048476791,-15.980976719255295,131.28036474916905,10.734260401669484,Struggling_SleepDeprived,Educación,Laptop,Cable,2025-I,1585.6759232610893,1548.1327086104297,121.42714282756013,10.20801964240824,2.8208078478934584,0.12866162255196656,1.4465361863585788,32.774104610839515,19.28264612473785,-1252.830412503561,424.29500306485073,88.27864467532095,4881.370086628397,5324.532173417541,389.6245359247208,275.88383915245527,4994.605457480994,3319.451899146556,685.595592523335,1321.3645533519277,4485.903713786587,2052.2239469017463,662.2203344687416,543.2293737515542,3621.092961603408,2513.044412734541,481.97554236173255,441.16268423023183,3048.0669697505696,4058.491202818441
1201.5455853449,348.9720967704568,0.8708728632408871,24.25338919128772,-0.21761856107396582,33.06334396557467,247.44216157199338,104.07380609471804,39.99769372791983,160.61476770819462,6439.580843180589,287.66257896541316,155.3996428586626,-24.27033867149713,32.01357609577434,Struggling_SleepDeprived,Educación,Laptop,Fibra,2023-II,1726.8020844756288,1648.3118613907598,36.00613514371484,13.829478592958928,7.37695666648583,20.147443523392006,10.666628494745977,26.918353103078957,21.792317271972845,38147.637782928316,274.73979152226593,246.27594252907227,4655.7903538563805,3600.8569983233256,488.83442522419523,1061.0114574318213,4255.940293363601,3309.5854303877904,1438.5099323040417,792.4645931210598,7569.526700616615,2934.951808673901,128.881729542345,482.53805376973855,5091.649738444977,11997.232899252249,568.0037555514225,341.3174571154048,3200.8158348355137,4788.2621242973655
1541.628498097516,630.3737966007023,10.655089843896562,32.43436064858179,13.874059995728672,-12.536185937370291,88.02109229437237,184.83025589429678,75.05662662125042,286.77219513926644,5898.947391348807,228.07591799489043,129.8090064275314,68.30206675735258,52.42916846891839,Struggling_SleepDeprived,Salud,Smartphone,DSL,2025-I,1754.353442480343,1038.982065185784,27.87006042707428,18.48640564144877,2.5914506503692545,-3.0677003074335545,2.2586782628689286,44.02063735070635,14.798498994321628,35308.27637741185,278.67228414240907,226.35367174555336,3573.685697062281,5733.0661451049355,749.4946475075567,1071.5520098650118,6810.511399264108,2397.8249152588005,1383.7496760592744,678.3655032034151,3417.4427014689036,1861.4018223773746,692.6290344635307,247.37523394307576,5800.590843001924,5658.089379841293,187.34058387380895,356.14695375059097,10080.286003395435,7095.757791218206
440.43902937579946,278.73771048913613,14.08933844055369,26.819196031769543,5.040997527429153,31.376886934127686,110.79034373828486,289.33865438692794,76.46665068435661,274.0022854698861,3344.694147380968,188.8894135097444,133.36364534560735,240.40008758208893,45.98331001407589,Struggling_SleepDeprived,Salud,Desktop,Cable,2024-II,1977.662386260596,1433.8824596930542,93.0916937261929,17.43684846189152,8.537078663894599,-3.686127585397668,10.305919581088984,32.994619834436484,17.936216469767206,33485.59931804848,448.234288183354,344.7270485300547,5073.118608891314,3764.540803685903,503.50213315066003,1036.2642535076718,3700.8962069232466,4002.598279341016,1044.23521918425,1155.9928045765473,6131.983923142295,1897.9724715666757,387.871593168912,281.456996428376,3421.0470955001324,1127.9001978986953,153.95791050994205,498.9917760009459,6006.945224215249,5484.149801410051
-592.0607480221717,525.4003669857067,17.975120754570806,40.18809368924945,12.16758820853197,76.7035559091612,200.1127850176145,326.26190469139794,112.85785406794875,387.1418658218669,2294.048847095065,145.10108802751904,168.69428900511477,74.82584578390069,70.09117023938839,Struggling_SleepDeprived,Educación,Tablet,Cable,2023-II,1461.414230595642,271.97067208745045,37.68135644290748,31.58254460237208,7.31747838770225,1.132434865559901,30.803666713786612,37.1922891131617,18.978239529767357,9883.58804066598,491.93177744155435,566.7978350152496,4210.411801953943,2198.5777413588457,566.4485994783253,952.2901117325089,4558.416298567318,2410.0609822267197,686.4283538974981,947.1697654653657,6368.284085635486,3487.1711260890315,563.4735012325424,375.5894407799561,5453.9240303311,5867.679867819008,607.8447749045242,305.392258802181,9585.078865150148,4803.075677062861
396.8021285811122,359.8284741669015,6.215479976447294,24.64860928331292,3.391683194703371,46.16483753833195,300.36981336101456,273.02257168557,53.6360726736229,228.70565879754912,1527.981697990239,173.81650135284832,-13.470379650918176,272.0555799462639,51.102793119947066,Struggling_SleepDeprived,Empresariales,Laptop,Cable,2023-II,1462.9900946577231,878.468464438158,78.43065124293773,-6.700598788714968,-1.4947743047748254,0.888673176424847,-5.3972470642002754,32.31090890589083,9.21033304898625,29768.317127448252,486.43253853114504,762.5677502312501,264.67826422307644,2665.1563912157962,183.3539889299065,879.1429241990797,3944.6466605876963,3478.884734373955,1005.6028192898458,727.7143424800274,7746.800269241117,1675.973030840651,267.6290564643523,426.53517594983134,3368.3981389296096,3966.817857121275,809.9627083336981,295.9562804060361,7469.610140456061,3374.2289419543467
1090.3970922128224,392.51523870597066,20.80777548200345,22.417295479738577,9.443139674816699,35.6347451282572,179.90044638652478,176.24321896773222,84.5308297285155,264.95384734342235,3488.083388921105,280.28089405890603,138.29439878828182,-223.51658609896126,-3.091988816381715,Struggling_SleepDeprived,Empresariales,Smartphone,Fibra,2024-I,1678.9288900389367,1799.2485964735558,-6.664642350232725,23.37537892643667,-5.1387872784727895,17.5789077111816,21.355396894354296,32.718185499135664,1.815195552119917,30970.637671612807,400.5754224742616,855.8325818679161,8018.1981097623775,4660.509332114191,49.19755402988005,1214.7532516215708,2541.0263099574627,4493.069611140842,918.516223387787,1056.0231778821471,8174.8158290512965,2697.040444059241,842.0235296362985,547.4537511810399,2528.212337827944,5472.252827331443,633.5263413306222,329.8396800976452,3528.314898444814,5958.681999215915
595.1524100601547,563.1029403809688,15.405253114583857,28.048625959691364,-0.16859668969116193,24.313025252333638,103.42190204958794,289.4263727886784,103.54768929874291,298.99421378077,4030.7591794950804,207.61889458393196,133.95136916472185,298.5641994035099,42.45292584724819,Struggling_SleepDeprived,Empresariales,Tablet,Cable,2024-I,1397.0488261600804,1294.608136743474,47.01278325232489,33.70709492498041,3.2457010339430994,-22.025447399135576,-3.4619726551334393,34.26158676520921,26.706239958219633,47495.583798918145,653.3968685586601,529.5569998055163,6247.147680994653,3894.4628359674616,614.207602321593,769.5657168507684,417.03854697694806,4945.513774756457,766.1909383183422,1523.7327028147406,5697.124625007171,838.0361717349642,314.08086347659435,517.0974049610137,2597.363201401307,1400.6820189952427,438.31010583558145,406.3681581193722,3952.028371484843,511.69254919500054
1485.0357299048967,508.16523505644216,12.602326979522138,25.387804957472007,12.210940303298075,22.76271822434311,253.94932299138253,369.7305862993188,104.51249351490375,-237.92907876993746,3452.5753828839834,132.80709753385855,83.4741297791399,122.67642639032752,81.1215792780524,Struggling_SleepDeprived,Educación,Laptop,Fibra,2024-I,1284.4160378061622,916.9151097417921,87.03645937158416,11.427901495389941,2.2398519932106877,5.605326093111503,12.573275822201037,33.72801100591554,16.347685380151873,7052.100840345891,530.9233927742857,471.5575108601787,3142.1381440765945,3929.972849332381,477.57936428410716,505.4751781716871,4497.209558427962,3698.4702189670156,1265.576539714897,724.7027481396761,6194.7707810496295,497.7530418552749,620.6775080031574,622.785225582225,1394.9216234881505,4068.258463055401,185.36338021406578,479.3396573965748,1442.3781304908375,5652.547703001964
600.6453636282224,449.5607537180325,13.633125016369537,37.57674267158118,8.94581991110558,54.50789001589854,223.96438217416375,239.7490882137014,79.34709070851072,99.26368055881812,5609.706579449753,273.73863351735895,165.56770835972893,108.12675796043996,59.03148646216202,Struggling_SleepDeprived,Ingeniería,Laptop,Móvil,2024-I,1549.2003439951852,568.7609377474205,92.67913152011207,5.804663894792419,2.313149420286579,-6.1322585399152585,-7.8430301913891665,39.412162332509574,8.754721201729804,13796.862663341864,488.0727469020562,436.20990976559887,4560.2778225892525,2270.9132267861264,522.8713625281331,991.7095088042124,5157.342836766546,3584.023963706953,454.5257487454264,772.3766037496647,8665.74243193981,1702.0895884159597,550.752886103348,173.90435678774497,3820.8421428809215,4215.16939677481,427.1274528192868,454.9619731092131,5791.45057729507,5940.727743464183
-161.56449189173765,406.7473570364847,21.55719929983713,28.98060454117692,13.6681220680535,36.47038619207959,212.6520735696673,265.75449308431064,97.5090137727731,159.30526088695981,5332.003462424922,220.66135916688816,109.95942722573187,319.4331457417031,17.08215955757331,Struggling_SleepDeprived,Ingeniería,Smartphone,DSL,2024-II,1409.740023643063,986.5879914809732,16.154940266422358,18.011260000879062,3.9799660590263737,3.630411888823046,33.26848379452955,44.21859901069452,12.722017207139187,15534.880345898217,388.6321800408373,442.1052985706672,330.461194344809,2731.7431236900256,170.10044385731481,1197.2711853278163,7267.226254935957,2983.7925836266713,1328.7546960698987,533.8794967396911,5130.835142465512,4000.302151939311,594.6598442795223,87.58698618083127,1963.24060816548,7041.448560318135,846.9575907808926,706.143820897436,5838.646512449061,6442.106326599714
127.91937814823177,972.0780069133061,16.052528944837032,38.58923292905335,3.878698493852282,74.23836147844932,179.67894497193538,317.7323348582828,86.3695587050381,336.21785313750365,6166.978312603389,351.35115546662786,186.6804246441859,157.1400402814538,38.54931313957553,Struggling_SleepDeprived,Salud,Desktop,Cable,2024-II,987.2187835846507,1937.0455553299294,13.147672603993506,11.005750963428062,3.8538939677730006,-13.782686089088633,10.553276153523212,41.81740204488043,7.504294390361977,7604.9518650182235,422.09220420573104,165.9618684241026,7482.370508560118,2307.705597715234,542.9859992912212,1036.8155192205668,3463.113726825297,6819.387052520051,1096.625701491268,556.4708887520817,3449.549711191973,2547.833007015406,234.9666881016176,383.0808736406136,2014.3616895024527,9346.15850657307,620.9052483783413,314.9168643951268,2172.814542448501,3053.0092697944665
-362.18399975046793,462.4335660066748,11.881302851283012,32.97375833389011,6.778642275025049,43.82606628726895,96.5737815356345,397.31494619779204,58.56147838483145,296.5809184421456,5654.378516718791,283.9378068718857,67.24598174933882,39.07475314495699,39.32155895644649,Struggling_SleepDeprived,Empresariales,Tablet,Móvil,2023-II,1269.8660738073643,2294.625732825985,-37.830963120792056,10.180501885408173,-0.2810739933785795,32.02612851235806,8.709850534087764,56.83877189333092,19.33305362196967,16019.317763995472,712.6387066552328,632.2100195273446,4967.332258559135,2790.1220113570125,-4.792385086324316,696.7895662946939,5919.10703546753,3934.541298608659,1116.1527563880163,1129.3251369500442,4358.9465802523855,1551.5680333818075,536.2355830332003,450.8461975639833,3838.3064725181857,3921.982757764049,472.66686571888476,297.4443299695497,9317.42252246601,4619.367448187534
1679.5412658134496,553.6084960804767,2.7224683369534732,38.12728139450053,6.3579770689884025,41.66777018500434,204.17487399744525,453.4524732601817,74.84088221920253,461.6545943214611,3865.932652335322,214.97322659203687,-41.70011393167687,69.74746435219153,35.38042558527978,Struggling_SleepDeprived,Salud,Laptop,Fibra,2024-I,1679.1912671858793,1755.971902939969,56.55773834899021,1.2166103201715348,0.452823707658635,1.5392525053089798,3.8134921533208637,57.99211137428405,16.260158647875002,-8440.021375553115,363.1245583743245,353.8462580705132,4930.185669418379,4423.137025989858,198.14622125572265,523.6233552472086,4226.7992882909,3217.8163616419897,1145.656803465053,686.3151678431548,7016.316889379121,2530.628185572444,572.4421972602689,683.5347726176897,5881.412104992791,6152.755945238414,828.9547165350103,525.8031321642745,7435.512075517405,1423.5219914551972
779.607748604001,634.5433905040001,5.980619265263273,31.251173867727214,7.941249050175316,65.69577691744755,125.46839862028776,298.64697287355546,99.06166881420995,318.3414763560794,188.4815673365972,147.59835578860947,169.60215696944815,256.0137358019756,58.248882118609174,Struggling_SleepDeprived,Empresariales,Laptop,Móvil,2024-II,1597.411063779397,901.7130620793481,111.7478849803678,44.05970027762308,-0.3003158980969522,-0.8584419636602241,11.03294745111145,50.86679224578948,12.469114974406256,-13609.889215052564,243.72307048461593,592.634096760939,4357.377981378818,3331.7339064410653,479.048948625539,1165.5848377726627,5857.617695483559,4570.631640132229,1284.9570463985256,922.1054524509302,6247.591234422343,2416.3898812372427,493.7091830473075,361.2550006303947,2970.313094421667,4354.372967646667,426.81291469361634,389.49202704366087,6766.495517613996,8674.436409330647
1055.8646503394955,475.0642811814034,18.389767648100893,25.546778714112985,5.22779583641464,42.561842107456165,155.5364085291676,258.1384682785469,95.03530257832733,-18.325235879794832,3739.6125543538737,237.42126435780517,32.12899950298218,3.4144578390160802,24.00709109350056,Struggling_SleepDeprived,Ingeniería,Tablet,Fibra,2023-II,1293.8220987270508,1151.2282037747593,23.054232078518776,21.991732297608525,-0.7645624115237251,11.354281519995938,10.321395838804943,42.73681989278233,18.38994239330996,18622.43275104368,76.88340534777964,369.75065646068504,2714.565547364148,2759.519286001563,446.37326918506426,712.6890252813143,5740.458140419944,3151.145359972363,699.5525362375121,1337.4118305932354,8013.228567537408,3380.457401865965,435.9280745910786,316.8150152471584,3858.875105621438,4492.460688368147,727.4702653545646,411.602907973389,4755.820611779644,5261.222530376272
2244.9879118724966,668.2238790065343,8.350887784554859,24.805691690058254,2.1335090603908995,84.49484990225582,249.8123762459191,197.59885679540497,53.515933812838945,584.5334973559904,4412.424017019121,215.83168082137263,82.50820420440463,-25.165563928597898,14.94549355714759,Struggling_SleepDeprived,Empresariales,Desktop,Cable,2025-I,1274.2787049379285,1104.68214628867,91.13468702577704,11.973210325815618,6.272001478231233,-0.7425329364668318,6.398001539559196,47.36993862174377,18.999695492382354,31691.830749168475,118.53856132547355,258.74987141980455,9930.835359445253,5291.346509140012,570.3655032044768,1394.6089700986718,3603.8615346905262,2582.9950957877963,1548.0823476772937,615.664679634869,6203.420831952554,1990.5501491402028,363.01406756738885,32.997203417535786,4556.4383329956945,6855.622236232882,148.68266946998466,176.88230474829842,7233.5671341955385,4357.114474007439
648.9502176504775,618.8651312945365,11.63948544206805,29.39979254995872,5.994463541322113,15.855491706833796,249.2450828285871,177.55036603125015,95.15376189013786,357.8194084441293,3594.3575204813997,211.89919868278923,110.11024766669078,228.68378007079235,31.73006374683645,Struggling_SleepDeprived,Salud,Laptop,Cable,2024-II,1627.529051131691,618.3431503934145,154.5382817283534,-5.150049401500485,-1.014903021302905,16.94841332398763,27.258625509361348,26.292950738717224,23.721602806279442,33388.014852728986,430.75066308452136,282.6320571142876,1223.1154546331077,4935.696488388643,508.5646882742053,1502.0131377901478,1912.0530656887945,5736.123381212439,900.2145420038161,734.6996648431118,7667.124979631491,2811.318084997015,283.0873915571855,649.7960235711063,2892.30986634296,6546.131564394147,319.1517932600987,298.1856862621406,4407.420379362158,4735.9723564952355
470.5322010754188,623.8609318295252,17.37327560198529,28.424795641731976,7.108791664345538,55.711783789067965,222.91995047920608,337.4148775817085,83.04097515503612,329.21356352056256,-124.24557901607523,190.2787791723033,158.36028594533587,405.7280129730225,-4.804335986299279,Struggling_SleepDeprived,Empresariales,Desktop,Fibra,2025-I,1620.9492953448303,1246.430661001608,8.805782399486368,16.551262849799507,-7.028369423490857,-9.034383613502591,-4.698553175373246,76.65464411765464,15.720969251782147,21525.193467672543,477.8111722703637,560.8494561125369,2105.8394366489865,4524.843641373228,697.4211526222107,1225.693590136429,3555.422187415374,5158.779643512289,887.8260293416663,1025.7272200743948,4716.601873789918,3246.557535703758,463.43539145112373,179.1468656498371,4409.599766684748,3334.7492206801626,358.59120919967575,395.95693231454436,4796.206124926418,1174.5254020947605
561.5056884254459,669.5448033126103,11.698838643005471,42.71033322320631,2.4670101035926697,8.776773385809307,119.78470614520624,314.08931858208007,17.14349519140643,-25.023593176560098,4928.043973656945,242.23265552625185,5.864809249073517,99.41955858564916,51.3253221448588,Struggling_SleepDeprived,Salud,Laptop,Fibra,2023-II,1499.8554190659813,1252.2572279634687,55.24053999960857,16.000266525920058,2.8856426895337948,4.705186487320278,32.409965492262685,38.57017683046242,22.563472267177158,44873.24954657329,789.4646551869332,331.92536167690463,4262.329999020909,5078.524774138754,530.0114174402747,1538.9032394256737,6616.84673648605,3449.405929042158,671.184075008183,596.121322439896,4748.048007075499,2273.283200444459,697.4751348821725,520.4910033532616,3248.6202208435625,5745.370796438588,387.85211720811947,262.78324368223286,4619.000998366297,3598.0054134152633
230.57936947272947,687.0895261088453,14.8535309500963,21.20444403311909,7.182010105612028,52.409917356447586,98.36248400485815,302.07163015110507,51.00497551433688,769.4104691278316,3021.5553508610806,207.19553175784603,88.30780398923454,-289.7912057407562,33.200308046816644,Struggling_SleepDeprived,Salud,Smartphone,Fibra,2025-I,1771.202082117501,761.1773793399477,123.29871141599489,22.34240720878362,0.28796523662989615,19.134900751226894,18.84465932640736,43.60280689222927,18.03445419373567,28264.95953571069,364.54400224559726,591.4328266414775,3349.242482216914,2200.824197467439,437.14633893359735,855.4558154427663,7701.114672905733,2411.1495045520624,874.0857730638704,996.6362702036652,4723.737633825152,707.9898247480573,383.6021533051086,308.2523193034854,2791.804195208554,5142.216525037213,537.4188215887359,551.442370709129,7676.05184119679,4982.864541368774
159.49254963866977,582.0220078361644,18.126072026762287,32.498584939260724,9.235637337951562,62.52922395911206,163.30237526094734,123.62075829633419,103.3832732339244,135.81796943488132,3680.5814415199093,160.04123980396497,50.39065890573561,21.82914894495896,4.144996914421956,Struggling_SleepDeprived,Humanidades,Smartphone,Móvil,2024-II,1157.926770245811,1480.4483797976043,40.899366376970264,29.331038027995753,-4.5336319633056865,19.390934528834155,8.378182829964247,46.606297459947555,9.586439883130854,28379.769668037836,284.60592442227403,422.79474688202714,2725.8956774246817,6260.020049840721,469.1277217915391,1135.033990695425,1447.438342660259,7294.221662763837,1583.3841159713015,1488.4065514021513,6644.398112308612,2791.113306043659,552.1538830860377,607.0176841786532,1921.1716818548534,5835.478094061595,749.8678896824243,416.13034497810025,5940.809708227357,4871.530933035134
977.8753583672569,529.0100871172904,15.998389320509942,33.16350256584134,-0.6458329632571305,52.02665403239128,243.35706040894038,232.91221092802323,65.78095056129978,305.94337362641943,5737.965447382225,128.78982712039613,62.08364443454851,113.14844577259763,11.815158411692444,Struggling_SleepDeprived,Ingeniería,Smartphone,Fibra,2024-II,1718.907559656739,1093.8269720674905,-23.390516469879735,3.376277020656815,6.242917468285057,16.65552356049675,22.335010083948667,47.58206591425798,18.362700311240538,1802.8451507305908,433.65805998805797,1037.0219080553788,4464.809967670551,4856.126505064346,397.56488815935626,1378.2001781346462,8837.171982489384,4036.5559945587365,778.9195998573321,573.1502761800509,4899.116345630494,3078.288108483319,848.3234137573429,928.7818668235589,2584.895742878378,4718.55438873583,550.744515996191,280.2427705759374,7065.82717090801,1864.6045133757484
208.70426862108633,417.58964839887574,12.462841875000452,31.764224126728678,7.67558465833185,51.6515028092159,102.3611837264051,273.6026899336631,56.805185290910714,127.58602544906427,3737.793279393371,174.8948868395654,108.89399906034899,121.32077105543425,16.34880835713407,Struggling_SleepDeprived,Empresariales,Laptop,Cable,2024-I,1706.4380747749,1412.4716605556532,-2.1844039512154687,-3.0766954428893234,3.183839398223851,0.5703628414833966,18.749143642814808,43.31347941390149,18.756151437773703,39342.07707247681,471.9730743700285,233.69693822294593,3121.628456293509,2351.4136501246876,428.19658689308176,1577.6388391110647,3504.782194134027,5348.604010910563,1063.635530543318,1023.2149119080364,6245.361575968196,2164.210593254643,563.4833988160997,471.56450549966894,2069.1048389344496,3992.1363891496035,323.7982295828564,290.13749308542,6759.990014039849,4646.178405377557
29.29124265331268,573.3925386213325,13.234788732068607,24.542076460404036,-1.0394005563528825,41.92785744766342,143.78835036879778,226.04763759974045,39.66275049022221,576.1863034203603,1654.5592864587766,252.87206504111006,52.322882939106705,-97.89235982367077,63.35604308699555,Struggling_SleepDeprived,Humanidades,Laptop,DSL,2023-II,1492.9634322742756,1138.9111241231535,48.758368016502104,32.09500593305029,4.236265345290123,7.182489528692294,9.362788324263283,21.187844493381604,7.841656021977994,33035.20219306875,364.7594214154253,426.8018109639711,4221.680304794307,3037.8042765450546,430.68539098819497,1025.2088710408898,3368.604812265475,4689.24899648871,959.1856330771959,820.6259147437685,4772.86690151339,1789.190239318381,458.7608341264237,450.50502858872596,4336.435675417264,8521.786711916273,13.026796785940064,461.94991421106226,4330.673396914316,5079.279676806546
703.549335079701,348.1280892298178,6.272437358399385,37.68869121323938,10.71203611715548,19.108859079763405,20.925503377988463,170.6105176676808,130.24640609617634,247.50662301617228,814.0521641179421,269.80962655299925,205.9195159343464,-62.68766389744981,-8.39594634325666,Struggling_SleepDeprived,Empresariales,Smartphone,Fibra,2025-I,977.8580093642278,1631.4933655664674,46.67897623737585,45.09195355152649,-2.9561248973466316,31.047468400978538,21.259879089250017,43.26134397026533,15.427517792552244,22625.129956320976,386.0250277331317,167.4702278471447,4741.108875239325,2893.837744218196,458.6973633834124,714.2615833576027,3388.911249052669,3083.281211991247,820.00168069726,408.95556876386394,6664.088460838442,2422.078868141887,6.109840709768946,180.6475419713883,3597.5639555272805,8241.317094546997,94.93853643433016,191.30253451552724,4132.567209225746,637.967508140563
654.5771348561254,667.2699369197361,12.913786504374336,33.06585279151771,5.284515213909121,16.001176091945325,215.1286371391179,212.1872707949521,90.89600600217014,387.1093807584033,3495.0974278488607,149.21469118526898,84.49993379743043,-189.5012847460761,55.53027012273672,Struggling_SleepDeprived,Humanidades,Desktop,Cable,2024-II,1505.4386290756825,1018.2267093632682,6.347002595455905,7.4828352730547785,0.713049753708936,12.271518700277024,19.359437520863516,31.917335519816053,13.8741354132745,36947.15658075726,534.3910494119762,413.6148725195734,5293.8746352919625,4565.605527287193,827.7307950717573,1496.8694495411871,6240.003136476076,8604.825384234151,535.2480276890312,1031.0050455395437,5361.084640602506,2969.770215914103,633.4417691371605,644.1101892485049,3262.5136885455927,3927.2353330689257,242.50098818000873,375.3841758094325,7469.026416608018,4874.487241758144
449.1066137377416,566.5101183047217,10.956547053826382,31.519329766043505,4.1821515833161955,61.75903486394266,254.58815915721527,109.39599065433805,12.280794126271154,132.9483175707298,3858.6220526737725,347.13080423239654,123.09823232443915,481.52496887685834,29.44635514213124,Struggling_SleepDeprived,Ingeniería,Laptop,Cable,2023-II,716.3479803667691,1586.6086190406945,53.903516034553085,57.62643163645416,4.675721031169768,-5.047721244198536,-0.9896103171932777,19.76480063158658,19.76818898974914,34360.79481742906,455.3657990342857,355.968315650361,5580.9755948813145,4313.44354998917,403.30415701117886,1128.8916678545643,3971.1072425077814,4033.32919508873,1591.26058071583,634.5311140570473,2969.9745949523603,1906.6660507181693,324.7805280651112,652.1155386854042,5038.71936517659,1713.0260001274532,665.561928193428,261.62943529070117,7076.808869758841,5768.184018191363
845.3089551081591,632.9782859262507,4.760915953154029,29.164830262009946,10.259231267223514,81.1369114864817,29.535943696452705,17.074366017076812,35.34469717144907,785.9337024153065,2665.6776381314753,210.82509205645408,84.21559734223757,327.23768599861484,31.867795559576855,Struggling_SleepDeprived,Empresariales,Smartphone,Fibra,2023-II,1738.2295636986478,1341.5162685805933,15.737772989902652,23.20334233971274,-0.07324055060938006,3.395435389094073,7.805548736839365,33.28629685492968,34.74234335491999,14636.276191253068,365.6617864492043,282.6387805773803,5216.125903849825,179.31699610770056,657.8039782926965,752.41305728263,2241.0979199376743,456.73351853838676,373.87777944315235,670.9724950488633,2986.503281537485,1515.2030212593781,456.4487258292626,181.60521800751292,2770.5625662185957,5274.138951538082,802.7014982029473,469.7114317292551,5582.325542758188,2752.0398865286024
577.9607551734233,523.0730447755781,2.3481208218851535,36.55370963820821,3.9606252041730645,53.027586071744935,180.9313080584994,207.03935853896954,114.51456551562424,204.76997696632452,686.2589339361471,140.5064577640058,169.25837461701695,371.232280745593,40.74233965602694,Struggling_SleepDeprived,Salud,Laptop,DSL,2023-II,1830.562277860019,1042.6338371136994,8.31891097884668,24.471542105568055,6.0221576820644325,23.18860334108619,22.41552536416802,49.35859067323621,12.212587356155687,8702.792974471306,430.8405622335449,536.4238715578646,5930.809461766899,5572.196964820888,265.9940665542855,882.6787515496956,5850.730936089899,5148.692421220041,1310.512131458657,684.854147944495,3931.8024782957245,1976.381974195199,604.895314498502,607.2172505083315,4555.047500747285,4323.9322586839935,557.0328354806554,622.7144589837868,6981.489774528951,9117.367041402977
229.6519264588601,581.4138075322572,13.492260990254703,32.101635453087376,8.589198578336937,52.16330590809638,250.7541586948851,297.56307711669973,95.54396767251936,470.06920515182173,2187.48450242928,51.146761575719154,147.5525013001442,94.63360098498426,33.588965402492214,Struggling_SleepDeprived,Ingeniería,Laptop,Fibra,2024-II,1030.8625081488424,816.0609939781825,67.76434795775575,33.907436766471875,1.024418027229927,3.265413484009901,6.059398233223823,34.544895382278995,18.523313017095916,23739.79470686027,224.81437007263062,620.9860529400441,1017.2006851720503,4634.158639730428,516.7814719150197,1312.5631387518483,3779.781996657615,4171.682195202179,817.8122024889502,932.7697186631875,5193.703629454124,1522.8987455235929,467.66982062418396,93.53481708182176,3648.601458828104,8627.426374152268,590.9898914726002,633.4044067539813,5343.12701689528,4103.171323613091
454.9304795389141,501.7050075592915,6.492882025408035,25.46766335009215,4.009186916351627,73.4557057891927,145.83627080133166,145.20601783667075,86.31946287695557,458.3881274493758,5905.531060888616,67.68151789555014,31.48632568924667,34.25269271246765,62.44980028279072,Struggling_SleepDeprived,Salud,Laptop,Fibra,2024-II,1443.622763424503,984.0044463164336,120.32116305692375,-10.651566649641945,0.8287327292926446,8.690358930360881,14.037510043403735,51.1179805994321,22.627949355442347,11816.752949182446,335.92987215444714,602.8088413108384,5161.291387509209,6768.535598322416,353.2395038035636,1120.1832915320563,2053.0645583815713,4477.566094735428,546.9712663593878,964.9898058471381,4329.282720799546,1312.981777802051,739.3179438953753,294.1922539037437,3576.3819579725937,5769.634224155439,630.7405911270861,397.03315999980356,5682.111851593786,4219.543079840265
1641.2526011875013,674.9487898764321,11.192867846725724,25.404951239129314,8.86157403918731,49.28576278644318,317.25408473153567,367.84127577051584,51.30367439382356,533.8460009860913,5911.448636825442,139.35148099154898,111.70230152277456,-238.099684163873,18.896553483908015,Struggling_SleepDeprived,Salud,Laptop,Cable,2024-I,1786.8052484144177,1594.256671473467,37.35564181623655,20.01273576809043,4.733122475642532,-16.00323420482724,24.56551980717708,29.026254081433134,12.083488634822796,-6435.740445856245,605.1955616237743,434.1885031194766,5610.499795792152,7189.09929759131,342.4708671755166,553.8658748007118,5244.662247971926,5895.477279990751,660.6038002045512,1631.0981299984144,3704.348074421924,2739.7352381911937,568.2478609254658,165.49714479991013,2734.4555640871013,7136.79971041087,363.0664170883697,588.0918105833807,7007.371865281361,2640.8969013546516
1047.9210288140225,456.8509902950717,3.754862714497026,41.352563185220546,5.617431571469783,69.73339085738647,104.35607918481809,175.10934196229988,98.72003460642722,234.95399490320128,-54.61508273098616,156.82206795954252,58.550977731835495,168.31175912324832,37.08235652971342,Struggling_SleepDeprived,Empresariales,Laptop,Fibra,2024-I,1306.7632724402222,1229.8705997022685,41.40390739243404,23.253016027059555,3.5950893243987263,19.097067653260133,11.134606930443198,44.70511593105308,15.022386853878775,50113.10971447949,309.9720487389581,578.6796466257726,1897.4769134505786,3081.0416484542498,729.7095889811825,595.2551561351415,3135.837200929046,3486.152078475723,781.3935750751007,1227.7371162973177,4917.998746327464,1380.425196041837,714.0432009181228,659.7479374845884,4775.0426778753,5789.172225177929,445.0195762689813,352.6614540749078,3830.8023963167634,4039.119431729576
148.52421444765105,598.1206829260025,9.141283014078246,27.618861799837266,7.165716874260993,47.334604395502154,324.75921721478085,388.60312993665445,72.0817183171826,-9.93100521670749,6483.728950712373,291.8282587587838,134.16520525225647,209.4685694275443,58.46528547295889,Struggling_SleepDeprived,Humanidades,Smartphone,Móvil,2024-I,1015.9654660619458,552.5368652051443,36.188369670600935,-24.095241677551407,-0.7902184108855063,19.152369784409565,4.5680173843292655,47.526013494315514,12.298601971473264,43404.2143901262,356.0305118204954,696.5497084404542,6329.111874040114,4341.581537069186,267.22851772844444,1279.6355708349097,2106.2692434492105,3755.923990330105,1438.2249506998692,1117.4245135649007,5179.79817549294,1444.4068274599344,643.3546056807463,35.73846615897986,3393.868405482009,6154.764708768478,415.85895114596894,28.572047040990128,4592.117255569814,2062.4027332005044
926.0060776517422,665.4520174324749,8.872582197862098,37.205355600261164,2.725885368603688,48.88197483539171,111.60366950622343,360.0980166327454,75.70248223349937,257.95712684599687,5226.02550542901,202.15890639544057,106.6480626147025,10.341516200533476,25.236297309234708,Struggling_SleepDeprived,Ingeniería,Laptop,Móvil,2024-I,1334.3311507172496,774.9844107386044,-20.362942363610046,40.175484660646816,-0.40672592345183745,-11.591740920740456,10.374464232028602,38.96389724890508,22.275512182825814,21932.334331874987,244.05903196382428,511.4074366904791,6814.6013694700705,1054.3161304933806,340.2035245048271,596.5079756644267,4647.949708299825,3193.0487936746604,513.2494832971552,755.7173592852762,6826.796019631101,2798.3138418952462,705.2409089626016,406.516761858967,4437.954206569135,3599.7932398620587,570.156147539759,238.01148789068984,4602.307181371729,2957.3463941330283
2048.393799645658,693.4572491940337,12.47292039849806,34.84323827071567,3.91962539033448,11.511782131466791,117.37132262185426,217.0905979007727,65.904364191215,-242.70763214081637,3158.215204608946,279.2472810889525,79.81434155310943,-420.0447524991426,-8.48576535198383,Struggling_SleepDeprived,Salud,Laptop,Cable,2023-II,1071.483130232559,1725.460376620568,63.62620759539294,58.58303926339137,1.6865477675254463,8.803446498489084,6.646249792741939,40.15301156964567,16.698029255861297,5905.086560279433,712.9967741775258,746.5513854832751,4980.961883564836,2790.067944151021,921.0941294708672,385.5725339818259,2894.07794164848,4551.505486518888,1129.5025825151401,636.4604630212268,4630.203418067107,3659.011013518767,355.826916593918,369.30586692081687,4411.133116227702,7215.9955126620225,430.03661280290294,489.03847278136334,2884.651692933717,3048.379830728127
1775.667247864652,550.132962099858,9.022506266782464,21.4700142115991,8.410869154723574,59.05042564756692,101.59321619810862,439.70130488766597,87.53012024591197,-72.23236967344474,4494.783119331753,153.41204125191638,116.9566225787242,-136.58991214131458,39.477913552561645,Struggling_SleepDeprived,Salud,Smartphone,Fibra,2024-I,1439.1086382897859,1904.416063826604,121.8656537522973,7.77886742307474,9.420830088900043,-4.005246861507832,-3.4602964289820006,34.408293151584225,18.17234899559466,37936.122153043485,339.0613749427863,674.5756361858282,4872.8576637954,2742.12153432827,266.83678997599,603.6016311447265,2420.3077583144245,-803.803387216135,1180.0521150247457,684.5890077599445,7227.331851319001,1056.0558506648338,468.48076580808487,497.66991031130226,1883.9511255958962,4469.9047904431945,645.8513405381497,-46.57719520339151,5692.982165956757,7785.236487156277
120.2074068728578,564.1268449532234,18.80282553020477,27.477786943227414,8.725273634402585,53.95108965563522,192.0330370243044,233.0135158334321,85.33696699814182,933.8949431767855,2493.103464423062,316.79092983676674,216.17997025083525,-217.31765726953273,73.88701775436083,Struggling_SleepDeprived,Salud,Desktop,Fibra,2023-II,1162.6466698382917,1119.8304778647987,121.84331176315865,14.385926681243943,1.0943833615811038,19.921195665639466,10.050397211302204,45.584307372101094,21.644447078159867,22568.071509058173,478.55480148815013,309.6292767314431,6247.044190949075,3372.880762436541,614.0003653943298,1406.9357975161674,5613.747953711949,4678.24149740437,670.7327073639788,1294.789526102973,3250.3124605037015,1501.907414024739,690.5162416875324,507.4783969943981,3336.5936835836283,1811.5699399408359,532.2161941441137,329.0747309783008,7280.151523776485,3687.055313858956
1772.1818539653475,248.26917805329452,13.80205985559009,37.52727749930219,7.896009650074478,66.4892747396195,118.29939434809809,150.8426884851394,59.390670016142806,334.53204320408537,6091.093290500539,83.07304712527892,8.637418581680876,199.05355616098615,6.337443722104247,Struggling_SleepDeprived,Educación,Desktop,Fibra,2025-I,1318.6480428298103,1045.351488938648,90.11082597834047,30.318049386906736,8.469338653275958,13.961558865374293,9.169215230018484,45.95621766386238,17.267619067356833,46387.19781920622,577.6376476849617,356.7384801634553,5962.00868182476,4036.568657980205,672.4957994461014,1234.8216151549252,6234.207667495613,2500.1738821064737,693.8391046312215,1069.6489024182051,3616.0287618442817,1892.7026161156202,382.1373159362285,504.65976478080546,3694.5476042549817,7404.324605790623,806.4214407241832,646.7818950351498,6429.688415123178,5074.507195037208
846.028793986778,615.8198570732143,10.998808816076153,31.57701287516655,3.811422682727831,51.70564199655634,138.8302455049134,170.17865632340073,49.80429936249141,254.8779607468118,3309.8186176725562,98.62611346347046,112.55740135010137,764.7587939700268,32.53753616143322,Struggling_SleepDeprived,Salud,Laptop,Cable,2024-II,1048.212667029733,529.3845562475944,81.52134373028792,19.626441251113366,4.858002231333541,-8.29504503975118,-2.5165516894482973,41.41812752697769,10.275257260577703,14825.038352728798,283.20080240202236,449.6322910013521,2387.215883354478,3001.7093549427354,41.05646827796312,672.3793282221199,5550.8720363153225,3959.714106650717,729.0471772137258,1096.2940258549352,3418.002909829416,1732.3564225946989,267.93603989790284,184.45773980899293,2276.4247630361356,2958.0035197279485,380.1350747606376,247.02749616045108,6595.062792002325,5328.2847478118965
1302.2030637672815,587.1392394145464,27.194734126847205,28.660152066618878,11.275284064592933,57.86866219593486,195.52533172109955,267.16952926226384,49.001824555606575,52.24231715968375,6705.5800693997535,149.00626058168547,72.66581304754098,-263.02547789623907,-0.005891775442954383,Struggling_SleepDeprived,Ingeniería,Smartphone,DSL,2025-I,1959.6334012628524,1500.378483572286,84.4529980510698,-6.123076953081982,0.4322652490229133,9.8714231653947,-9.81462656801809,35.12212657701873,20.342563310497393,32238.939133691703,465.2958402924487,626.5975410096715,5550.135997506908,4527.892021138235,234.38250918985182,1095.0668996933296,3407.0973902300134,5650.4591650669645,935.2223964360248,449.33682537542654,8994.624318695558,630.8502797842966,631.4842834417302,424.0835011290864,3702.8634660494354,4640.404101024492,802.9037748389476,417.70507804267623,3531.2503045029216,5525.602818890019
581.9728993352232,722.9527734443478,9.194867014170402,33.69685967293648,8.070715765004838,38.636597980719735,267.9693332035986,167.0702220263247,100.61443487483902,-231.57380654199454,6593.842563723329,251.83498499608075,90.1049330963981,-6.785398873549639,30.077247893878674,Struggling_SleepDeprived,Empresariales,Laptop,Fibra,2024-I,1132.831563844422,1089.2540226556318,236.89474803639993,27.569552874505398,-0.04224056688564452,-6.690611206118074,15.69137109497186,26.26367329313971,20.428641096162554,15419.678868918041,369.1102070766536,70.91029948876297,5929.743288448365,3408.0436257746073,347.4268671788105,1135.0652235591301,5968.935478586627,4576.334933541523,1608.8785857732623,824.3040448837925,6533.311515694393,2842.8549678073387,428.0147538233056,279.9888806275832,629.3663890567445,4689.770193103875,221.22743325931947,234.23244002354681,4543.943172366464,2993.6955220199984
447.4650212920843,500.7911355186874,9.568799581381477,27.35672466335819,10.784983812256865,70.6035390785713,122.15370369235907,167.84037997284628,85.57880340413193,553.0695671597958,518.2982381655679,233.15902299139617,91.51934475948993,55.803302003451364,66.35377407930821,Struggling_SleepDeprived,Humanidades,Laptop,Fibra,2025-I,1537.8174639551166,620.9310652613995,43.04385072438194,13.469423700179155,-1.2855037883961309,5.777467903616971,18.592864943033785,33.32209328685948,21.158674686594352,-11124.80274213243,234.0045908026097,642.8799725112837,6543.081866219953,5262.400333876732,1183.2121957749227,1020.8136997656594,3701.1656327741093,4600.406032805155,809.8158754546891,1132.6630040144482,3123.5804755543245,1323.6646449065543,654.6863837761996,636.0575524712276,4299.590684723302,4032.6177394845404,527.58351964351,192.00956577593513,3820.391672599936,3747.760937783756
454.80804862387964,794.6550001056785,-4.553687041692809,21.0060234553948,7.8037109957202055,36.69454915846539,280.2761274919922,322.7745732869275,74.17932001195729,383.7987639969451,544.3524562162934,208.94086457780534,129.8036058944103,148.91456845447146,53.60574722380967,Struggling_SleepDeprived,Empresariales,Laptop,Fibra,2024-II,1291.827271356314,1507.5900972448935,1.0912210797067203,38.08249465114295,-8.508312852888482,5.248127524614466,19.55193420504552,28.392460617866575,14.283644501351674,17153.85964158234,315.1679237858687,652.9591659424591,2971.8829521627194,4066.2018102189068,661.6759015027103,1471.8560120768243,6596.892047201143,3594.9802045694732,311.0086739573929,409.98999536584756,6160.255285239298,1218.872690463854,588.5801957311417,522.6431613262836,3422.8305528501983,6549.590783207144,208.78363741281757,172.57160372512212,9134.63226279051,3977.2407583498643
1130.5012854572337,289.3261021600366,11.488500935664705,29.855727413054492,4.385533555057007,31.88595888937286,327.67534068298323,385.185568535515,63.1982475329048,-4.901719417296647,3483.7030498262875,139.93477905686697,74.47548623459456,260.2896843466228,54.1739204925086,Struggling_SleepDeprived,Empresariales,Laptop,Fibra,2024-I,1117.43279243806,1690.6791995615326,124.4722642946507,44.576636539263944,1.0667261964651749,7.180454926882597,-13.94613432965584,41.24054177159828,12.895774002140032,49305.02237082855,628.1952152009587,762.7488645195058,3030.1889109597896,5211.456569213036,616.1419123873942,1120.3301912757915,1987.8709270467725,4384.822078627867,1377.679221697542,1380.3998410510258,6302.984108599346,3336.296020923648,569.814606196003,742.6534405448631,2775.3140853483774,1515.2436310802523,378.09562968696713,453.68840173498586,3590.3211575343084,5520.4954984527485
496.10514121325394,709.6835808041276,11.129312803150484,22.95740421293327,9.68148883975795,45.26719512497012,208.8568350980314,179.85483835688638,80.0589884913339,239.9887994861981,2547.7315167567403,183.9926594313198,142.1897958247145,168.92970376131558,28.897023543727855,Struggling_SleepDeprived,Ingeniería,Laptop,Cable,2024-I,1611.8589707678866,1236.4943635024179,68.6046729551524,17.909414881203066,8.017576569757724,-10.020449144491927,19.494893483973254,40.39129722760043,7.721749196089769,13846.468031651202,298.4918206913148,74.79818507895868,5619.877504800783,2592.086471691269,491.3983477301386,1509.9981651837738,3087.6344734033646,4864.027871356727,1709.9834614443535,862.9184953385508,6818.704964224889,2695.2164513505945,217.807141908892,484.16945455041497,2718.3680978928123,5930.026573074285,180.5338743453692,445.3731721154641,2923.0515066355647,6005.797078440101
39.16349868923521,367.13592465845454,17.060401665799954,28.458795502642854,9.666877646225396,11.355566723695844,107.90060848188745,301.11696958789133,42.67439309660274,171.92256952788333,204.3169943770381,229.48468291984278,162.58489368026434,8.396977950518561,64.89989400959124,Struggling_SleepDeprived,Ingeniería,Tablet,Cable,2024-II,1091.9472526893958,1955.572568309957,61.466506381874986,11.151767727762373,-3.6383289924213784,10.502399021267955,9.33609351049752,29.191133752703806,21.567776928294872,17428.959154208176,648.9129733967313,662.1089857802274,6204.755475741118,4655.950740365474,662.6516031545611,1239.375806266997,8468.476279737333,6274.560340343056,1024.2429174753158,522.016711883523,4994.922126535973,3610.009173290964,250.7616807869442,351.8245756901694,2053.668661895368,4026.895049928013,526.8246124646402,356.95707188467856,3781.9219190920326,3705.362466146311
647.8942013110529,513.1474763679441,17.95568305457345,38.662587755487415,11.232164907366258,22.783130940298825,129.8879805681326,346.62564333181354,47.675030448821104,333.1164581268124,1477.8085532201876,156.53235308000754,118.4484760426614,30.680445099267317,21.327717044519844,Struggling_SleepDeprived,Ingeniería,Laptop,Cable,2025-I,1438.0942816013198,1797.5091065840277,54.285083737762484,6.867929850627386,0.07341083718052296,-23.181436905399522,35.22751584828572,38.836123428097444,18.593815962080395,66791.89791112085,203.5653816452079,517.3115844136057,5019.911804574665,4924.867438674045,482.14000602922096,1485.1260155786754,-19.779977515063365,5506.844164953338,754.6017182082157,199.13457192759643,4531.351369927315,2186.971242466414,552.7961139241534,381.3768848428044,1736.754798438495,2879.7175247833457,491.1620853164645,139.43102726214013,4074.1925389627277,3428.4629846807948
949.9161386589844,613.1821305926574,12.943961502811376,19.27054972825534,10.158733436977114,1.6950590432313746,232.00523272608575,263.25724831018374,50.065531264852204,756.6531281730333,4011.592052947214,289.64295548527485,157.19087393081102,99.47214945825777,23.165087403528666,Struggling_SleepDeprived,Salud,Tablet,Fibra,2024-I,1258.3515212086509,1250.721000711457,43.731471383997224,15.572970343722588,1.2144847951065496,-0.696314340213428,8.671693332264876,42.604018797641146,10.21049193987525,20310.392114109738,473.6236817547289,62.85086084313542,5104.367525688335,3654.311808655808,405.1408975755665,1697.0121080585177,8851.714228638872,2953.960098013672,1219.0855429407745,1042.1192705724434,6919.561604818171,3290.2657130360067,393.4315412231356,511.7469935653574,2247.5030248732783,6900.630588869582,373.5028613836419,88.38603671042046,7654.000532940376,994.3926839239352
18.815339775072232,692.4601957408763,10.176999495377265,24.799242966036374,14.073729689948301,74.50634417521535,259.939334335522,193.92170347118446,66.81915140730489,-203.48911319840732,2475.4542799793253,210.60017171056535,93.31247260211146,-23.92612628437095,71.95720957043467,Struggling_SleepDeprived,Humanidades,Laptop,Móvil,2023-II,953.5060733240105,1137.1541175565008,70.6374949317879,40.56203807825328,2.7804493030769595,2.755511382498434,18.626762452928826,44.697357684678344,16.389176301336654,35508.981742398995,450.4081004081344,341.65944250085164,2969.6497628096267,3539.189104797858,608.6717573346378,1031.600410689731,4699.291956593275,6136.392751657838,1031.845000710482,1121.3391993562884,6319.363138360609,1191.7330387482764,163.22534881329426,587.724799473072,4072.447485022971,3172.911906568865,369.8993598166159,444.7766579226857,1525.6338149872558,3636.911993210983
1271.8013669925112,721.0473402197027,20.020767754289594,31.572529834352842,0.4626368417803688,56.0403700494452,225.97692858937455,299.6993413967099,61.498427308916185,417.3525751284342,1131.1527805051892,65.34071486848144,102.26450262188695,52.956749133462154,41.03806849712889,Struggling_SleepDeprived,Empresariales,Laptop,Fibra,2024-II,1870.4533920737756,1029.5549027972008,123.22429222265366,45.95008761321372,-3.140866101393799,10.629797754889193,19.242604353084666,59.217203850040285,14.840367786841563,-10961.087961446734,438.6224822387571,416.94938237269224,9051.23802529542,4102.714885221216,362.82299640148744,1446.9488685941003,3738.230503724887,6074.91817973248,1381.909710800355,1052.4511461814086,7022.371856558254,2015.6254568528739,546.0466633831658,257.8135716822535,3733.8023023994638,6095.380300126321,630.3562783299691,625.6158803705688,6854.292118183134,5270.7551328266445
-428.08882500813525,476.2153527924909,14.994433317695119,29.70749348293215,13.157562500392887,26.907437466567554,165.1667600997747,61.09909802027789,101.15911560710055,98.39344794604398,6948.089999418089,206.10107882591373,90.9053526484486,-160.95429015487917,34.083356239153346,Struggling_SleepDeprived,Ingeniería,Laptop,DSL,2025-I,1821.026217549852,641.1301122360369,109.68383723371348,14.4689474361889,2.6015619738464744,-12.702527547547973,-1.0455671088873801,40.13279489389596,21.44866966147267,5693.391697680296,346.09363548191834,398.8695791050138,3359.5290491187156,1630.635139799237,496.17773887523174,1227.9759176527969,3439.561388400494,5010.767525279729,1020.8968047794149,781.9837194158669,1092.6794300788056,1105.2982566966987,833.8813716262197,413.45662318773077,2982.317152887613,8571.747075543062,352.21304332532776,467.02351669485296,5376.4141587627855,4777.657141502577
882.0589385850708,704.3018259270103,16.246100236932644,27.958667204680943,8.481069119871412,27.682027233790002,94.14110453449143,264.54814031221656,113.03116738225958,-142.3108441626037,4804.019128918233,200.51645923905411,120.42973243435976,19.059294775755077,43.137378858763874,Struggling_SleepDeprived,Ingeniería,Smartphone,Fibra,2024-II,1446.8816497926514,1048.7365579000823,211.23806591434692,-12.113456135644336,4.514595757063567,8.569409782361928,0.4189385740839855,38.73427228060957,26.12131455070003,6579.800758044221,476.86140470589424,527.4204803451292,6654.32093385431,4003.3222074986543,215.76484180555178,630.9582726408727,4714.213852155001,3925.0241128272405,1391.8405201112591,1176.478798639976,3220.5220638836527,3217.56448429175,803.15421356847,541.3687911335631,3145.4032048209715,4050.9356260802924,483.7039734348023,450.1073830786123,6016.22371080173,1896.521327815326
1088.7656375793038,461.273221808035,8.50240953404764,44.21192591585917,0.04511693140271156,100.43997756029484,290.41869762977757,411.25656679006846,99.29979344703915,32.94587178220968,8092.313375231339,229.74721440139862,145.15292765938852,204.7315890249622,24.323853334535684,Struggling_SleepDeprived,Salud,Smartphone,Móvil,2024-I,1473.7257377222434,1667.62749827703,38.75539097820858,-10.325171883702268,6.5753982265451025,5.17466038818802,-2.8490172807446448,43.20290481789134,11.819238046645276,13913.203787937771,861.6455235425308,545.7206820422571,4706.674487833107,3394.026718815145,441.35647991568413,292.96882074160953,5391.901624722498,3965.464527032202,936.8672579851402,678.6942940672527,6978.285182120523,2293.4111000998973,664.1393445203856,510.28842083041565,2282.87699250947,3920.3356550408353,565.5638012038668,483.387540566081,4409.86067871677,6463.997631244661
71.0523015658805,541.1996536325727,4.356626863906688,30.238093092322025,5.897164865768762,22.000131853281257,132.2332219333468,239.14469516100036,42.48509188748111,562.3876083372486,6136.28410032944,191.95731234424585,102.69682105439611,201.46788419341465,17.908079643829318,Struggling_SleepDeprived,Empresariales,Smartphone,Cable,2024-I,907.9260293114455,1417.0330720423124,88.35070471230875,24.014190294341475,0.871669877566129,5.0913443854940095,12.324217469327872,42.35852721702799,13.131733145819641,59795.48274729884,471.95036729798034,782.3368569774084,2536.7733917951164,7269.1449733802565,592.2185278838637,2021.116797984978,4161.206291928637,158.6737391724364,921.7765719715949,465.8194796402719,2156.8961950982966,2654.2411606406613,485.04499609718147,624.2347857391902,3613.716207853006,3763.652889612492,696.8021586467496,302.9734024481808,3888.5606611679204,3444.916729192717
1094.2618218333723,237.10872858972283,7.506555057844729,30.925872222947977,3.1307068235746556,58.268636831448354,141.00055015263587,365.71743542578577,87.7282820917114,-345.1641165436041,607.481954657088,101.25065955658725,111.94028437353624,577.3996414897771,27.929581627160637,Struggling_SleepDeprived,Salud,Desktop,Fibra,2024-I,1680.0663854026013,1011.1040033033697,139.748680952921,-1.4287248794116145,7.029037089142831,16.62942650106004,-10.183020731794139,49.43373578801663,18.146234378818306,17354.903648146494,464.6258816087761,470.21256896622486,6261.369516342029,7186.687946424135,463.97516928233813,637.4426952281017,3215.383770607449,1899.1732128290416,578.2001367433153,969.8600452775961,4371.293731840383,1490.5524992547296,252.4778072598011,-60.2629650468549,3172.9225522101683,4851.759163443893,610.729908982271,266.2163421914632,4067.3811408866904,3595.608730753422
757.5678884268029,601.6595928020618,14.213425515030966,31.064197068196613,4.49234490697232,75.30746930722782,308.8797238609028,349.4619857060906,96.48276058015105,198.42998579176012,3835.351350997367,129.45016788986982,131.10874235429944,503.64254190197687,53.81981212869563,Struggling_SleepDeprived,Salud,Tablet,DSL,2025-I,1367.7901719380939,1244.831582265438,82.3149835030551,11.186645664697963,2.7878444652459,5.879109877921534,19.453605715390676,60.03443122988777,6.445480829535057,44302.44689341238,512.0984246177588,423.89621970273396,6496.8939879841,6303.098831775413,463.90382927772635,198.36092085420023,6469.234232398923,3362.9037563646048,776.977038957468,1063.8759913297456,5627.620192177465,1494.7910724779706,845.0567168839484,581.2065045366985,5903.576056809366,4942.482584226364,629.8809899212062,606.7585942575118,5331.76267203716,5496.281436940854
294.84470785194213,476.5252756856798,10.16385105065455,35.22663528911579,3.3285185650491727,42.42959600968352,151.548468772217,235.7650909579361,1.4703223623987043,245.12908087784405,6809.621058577552,211.1067183269422,137.09460598671123,-23.16867546182084,59.40303409137942,Struggling_SleepDeprived,Empresariales,Desktop,Cable,2024-II,808.3183456856491,1097.6446643534177,154.3313516982445,23.566041415114817,1.1681204713313988,11.18865171244339,9.949458686700307,56.77128989821743,26.024898082904635,9590.106821572444,333.2200908143583,728.8482251499267,5034.472082449105,7179.616411104732,211.1367876853933,657.115071470912,5327.73078845146,5743.6615072833565,979.4926333131821,530.7800749711536,6545.081820896521,657.8613666376345,84.22014679804636,695.3537628153694,4905.417534231993,5085.40349291935,211.60601721234758,229.77321298308357,5350.150522308848,3030.063929717684
617.0177204391647,731.8097343893292,13.889974565011919,35.01242601813302,13.598475191895034,22.275669436805664,99.60745956196699,255.12858564162536,92.85537758307645,88.01081062602182,4562.2908757391515,240.85665836935354,56.19188568982232,-166.93671063389306,12.211485818787871,Struggling_SleepDeprived,Ingeniería,Desktop,Fibra,2024-II,1838.3366338378437,1370.5523853338107,87.03430432336725,7.852081856111724,0.3712993825134041,8.493498766911639,27.538606064379618,51.91818529806521,3.084027729448696,6871.022811479619,689.6552373488394,496.25632730721344,5837.618166462623,2070.3799275069996,733.8798475388519,1518.9693872920302,2121.778759298291,7138.518941185752,357.5505305011116,230.63604369151915,4591.09122735591,2509.3069462085327,567.3299685803612,163.27964269294014,4737.429328036467,778.1436507053368,692.6020422939117,549.9861448738221,5308.720517933098,5568.7958470817775
731.2599593518489,408.0252997437392,-0.3296941708786232,34.672158742285866,2.9718742623413976,16.473195319126027,117.03929824084483,250.90278263512073,98.17481017652918,384.1757629652051,3087.075261402694,271.1366190530257,184.305349575947,49.383294679685974,72.30654360834748,Struggling_SleepDeprived,Ingeniería,Laptop,Fibra,2024-I,1462.5301378204076,1414.6427537954664,59.34123116802003,18.855164226826357,6.076278875746231,-11.558560218030312,18.373137586399555,29.98978805670075,15.580139031659034,18890.792954894845,228.9335869689076,346.94583644895044,3074.875720341347,2658.1092973077134,363.0329581541289,1228.8134329257816,6859.554519400747,1617.972578565635,1453.4530831996594,1304.7402403631663,4805.551295071765,2204.8090707761435,740.2716362115932,368.6969686326928,2845.9197133346547,2875.9078047387475,395.2949787012826,464.73188948604496,4904.632068084145,6270.43988976145
193.59189325228897,411.0893303166041,18.30375980540069,28.4159612046491,9.141550676054562,44.22869778663828,182.3233026271183,238.13297921945352,123.25744171399373,392.317984702629,1103.1344023327295,237.18450085703006,11.525478797774696,-134.2992945289128,48.61356353687006,Struggling_SleepDeprived,Ingeniería,Laptop,Cable,2025-I,908.7072612731695,1677.8741081713526,30.747354230906552,5.817209069342008,0.48253371071267004,-3.888786928383583,2.919810171893392,52.314609380152135,17.273468988446282,35531.41643643165,465.2623671845511,479.95584797043216,3607.5398370396447,3643.2287235053786,531.4138042807148,1537.0763393749778,7469.594884095519,4893.6165327458475,1343.8195247830658,584.8411778938769,962.0949529342579,3188.476220173823,920.7346930010171,510.8650469376996,666.4281860753194,8213.86376584449,463.42310277989554,186.36288082250235,3296.289111117534,3744.321034937909
-763.8002953710461,650.4749755680392,14.677063491702595,27.109372864027,9.940855203686354,40.89889689453436,170.43666496753113,163.41972156603117,133.2206604836727,621.8975313780504,3181.119790848432,133.07708697950216,77.18028422557113,320.09768345209585,40.22940091683562,Struggling_SleepDeprived,Ingeniería,Laptop,Cable,2024-II,1313.9169356579796,733.6906397545171,90.12721882824717,-6.785815067852948,-1.276711690943633,0.4953652693611694,3.9280692981809384,39.6638921162249,9.452793017801103,-18673.43052330148,176.6416777514774,291.0269607112059,3780.5742146290127,1657.9777418410467,623.1766742452633,938.0030395596222,2905.9414609871124,4399.151490077766,598.977412175028,481.01122713906153,4253.652288852969,2065.1188543654744,313.79638888149583,451.9279074211685,2480.9293821052943,6296.688880064497,468.1182150328028,363.482970587875,3762.9871921032964,5944.22690023151
588.9127616602805,801.513112198219,24.293819953416765,29.411860503025864,7.869231922754787,38.504841482751246,202.65978279917027,206.44299552806882,27.517420211071553,820.2295251452449,6159.948451583262,128.66807380792233,96.11345075732945,101.58778198346859,59.19983620896126,Struggling_SleepDeprived,Ingeniería,Laptop,Cable,2025-I,1254.917864400767,1220.3625980613192,17.218754879443445,14.702905296883552,-2.378224038856808,23.020667209070503,8.749053742030668,36.23914475888088,22.850494074469463,4881.444204732708,502.5261659181348,673.270623921024,3635.5789727686224,3104.9515762378405,25.576748623499157,800.8208591960115,5140.771293197637,6458.676674699902,1384.7203956911899,813.124519513397,5704.937603144393,3634.5080845624643,941.5111036023659,437.7900292304312,5396.2739599927945,3518.159381055636,751.3108407748969,379.56411886041457,8861.754711776395,5652.10186227295
190.6724398545689,270.09235637027865,13.867995834529541,22.214055766978824,2.719900885376788,8.658221848748369,196.00542626027232,213.1333862201156,107.67173954761202,604.8759356366442,1041.403958672844,139.5271642129631,83.39536456889515,78.6355311335947,40.7739801562492,Struggling_SleepDeprived,Salud,Laptop,Cable,2024-II,1233.513749739884,1229.7112694936634,42.79275695786985,19.999334475479777,6.6721777123687325,23.042882768973683,16.32664557483815,38.314636364233735,16.673299494792374,35263.20271192242,545.9986280607294,595.353957515369,5028.343076816655,4871.021586782158,446.0602217683413,1852.1864926634032,8158.244604060874,4217.5115947712575,948.2806051692413,904.4147989385891,4072.61822624325,2046.4994450061329,713.5992215176906,353.12083435386,3189.950051291498,2518.031117162299,145.23609547186908,471.6100405721964,5000.0561655934125,1684.6577666619878
340.93343587326814,637.3675907733584,11.656834408602347,37.00514659818335,6.594118530727703,32.05195793817454,243.86179433908765,238.79222803015193,52.18960719484534,508.75789822240915,2158.1606970681546,73.574924356563,91.23107586154802,54.33146847944744,65.23489226120616,Struggling_SleepDeprived,Educación,Laptop,Cable,2024-II,1277.9642828122992,817.6733516201311,84.0711844270543,23.078703756506627,-0.3368474623675626,-2.481083046193295,16.294926723622698,49.700360645287056,18.989541919376038,21150.6990184644,357.5912647786193,416.98439753884054,5175.709985978022,1537.068423538216,399.8336195032141,1276.628595878517,3281.880170347141,2623.7485115051104,1039.5755352140902,1227.6268062726042,3959.6188971916863,1348.5352746171782,768.8027784860409,510.8473009657748,4363.404550988897,5467.918043096064,754.9859880055369,627.4297054846738,8857.779258332499,6495.4620573162165
707.2961595045554,677.9020338265509,15.623832752304725,32.364540146054466,9.555877458205273,57.071579549086884,205.7133134127846,308.44143443893364,75.22654557122785,-208.08253322321855,5089.683110991435,267.4354789257481,128.10302710764725,503.79452310301224,51.24786735230282,Struggling_SleepDeprived,Empresariales,Laptop,DSL,2024-II,1031.2544271530585,1240.541921004528,192.74939547678653,25.930648570087193,6.848138388030735,-10.470368199354748,9.586711410094546,49.15765846513269,15.967155850764769,-3843.6189893650007,306.00913592736606,273.0194859396964,5937.23695464371,1703.1991891972186,630.376274053101,618.4527307393957,1636.3032475625837,2978.1912824318024,1008.340638017424,1096.3728579541648,3546.802316302538,3226.7071416841245,536.8025927739309,80.61991926445023,3717.606169774449,4900.931024333481,421.1586721377445,578.9924153741863,6334.412813321512,4648.01674232524
827.7513824461803,551.1946528856769,5.993742213339606,26.913390652035538,4.740816529270285,61.41766989463779,257.60330978613206,228.9105781137823,88.95592464059366,50.26014608020728,4882.527322323906,182.84358696963994,162.4150046394252,547.8311098415106,42.14685684717908,Struggling_SleepDeprived,Empresariales,Laptop,Cable,2024-I,1910.0782665816928,1439.0475597054924,69.85146130127379,11.295481177378072,-0.7197865018912895,1.6330054963384413,-11.56823460844485,37.981368504260544,16.22182522208762,12755.44361401289,415.87072713828877,522.3487497379597,6812.92066444224,4338.522278551853,784.5779567949389,541.9139041877063,6175.898200138745,4828.975983897237,507.998937506162,765.1550686597683,2534.7406332551,1477.7199782848766,533.858712392673,574.0336109922797,1827.6288750677784,5310.40818488071,410.84371807980637,391.22229387028835,3840.860901609266,3756.694884424853
1001.6854240483522,579.2444484601606,5.971756085333176,37.84256932794842,13.027864230505724,53.41205143042112,262.64300056662177,353.8218743573145,50.50884322073671,422.28525485212845,5171.115276782738,254.80047807969783,146.8268665171491,205.1437610015064,57.96301899143707,Struggling_SleepDeprived,Educación,Smartphone,Fibra,2025-I,1628.730988173769,1437.2313693980736,179.99567650085345,21.163967879738987,-1.1517399238916806,13.409680719735718,-19.871975974925608,17.93855163954288,22.55944492776623,6868.01392505092,385.38944091331797,487.2678615373294,7276.724385154026,7853.012875719808,248.96603817611418,1018.4328613810284,2615.579500684984,3620.3418085894427,235.39000945407054,695.677816715279,4599.846958224192,1519.8237075678517,669.973036890443,356.31831418721436,2533.9083394927284,5940.311601262191,555.6115862835746,525.8663878842482,5900.552513088926,4755.6285239774725
842.4983632873564,383.28227572250256,2.5689997045381476,33.420733085224484,4.93285705624355,23.391875408190757,284.65614639219916,251.44046091630742,64.62462794479312,315.2393464260489,4367.961259438718,114.57611151024797,109.40544633795722,-147.5128112328702,28.733512004185307,Struggling_SleepDeprived,Salud,Laptop,Móvil,2023-II,1539.1085925690336,1505.7329950150713,145.26951025263492,13.103216433193655,-1.865919200883939,20.16549745897588,-10.65913805375913,21.759431147082108,28.52026683477098,18486.649574715982,715.319757776562,644.0821123541239,3397.1630964339247,1685.333296983577,723.0137735535103,1354.5210163420866,5294.4899840683975,3930.8162126060756,1234.0370701083662,1090.3580197131546,7814.258885589447,2502.1834889183106,698.6413050997377,570.1528819462541,2287.8272824299547,4723.473321796724,655.7307269376743,573.974049975554,6229.611089074954,4729.855685840541
540.1815009377246,900.8718395654504,13.67559489004924,30.788000127876018,11.285937429491678,35.42085778426832,232.74680610804518,19.68858271755201,96.0032514918389,-96.51771201978681,4575.68165359169,70.58024997826702,118.82898379685614,110.92224889472848,24.217323362571914,Struggling_SleepDeprived,Humanidades,Laptop,Fibra,2024-II,1442.5140579723657,1147.5424631978253,31.81623954371463,9.163657176078276,-5.58928237801053,2.2375192682429486,11.451432699551196,49.01460166423019,22.582827889927625,2375.8963973582613,423.9789927643053,239.80343863794945,3478.845215268724,2646.2681176404576,213.13483340543777,212.0451950547997,4618.565660378367,2907.759359519827,1084.3872448599432,878.4524667528839,1847.3336520728135,2706.957410052369,452.04502793391885,359.5735455183425,382.75778774558285,2004.8852990950159,406.5457788968291,300.25947265609534,5093.0011954632,3868.638261332204
566.289929159959,431.0373923546581,12.16770444958047,26.159424608128145,11.054198602887762,15.633365362812754,240.9761374873609,290.30210551077556,83.4590317842597,213.63078163135896,5239.128886294097,192.8178158568357,116.68910136465672,196.4730602154973,47.92816468196488,Struggling_SleepDeprived,Salud,Smartphone,Fibra,2025-I,1521.831702505694,1553.5878174394895,105.61415997074172,27.815721768592617,2.1818488389009114,15.873583306715345,10.175506015990074,44.141298276279755,15.224462355805704,35083.88853580579,473.4468125871626,738.6913271605133,5808.061991823747,4704.455868257436,331.2551849517448,1522.154375535552,5315.474067952548,3534.7244490614917,1697.6557639341866,1522.8433375911434,7851.976450176373,3081.5681318158604,346.7688842523727,384.65467557822404,2510.199520204452,3012.0111888958727,557.4449384775882,389.15325142787,3393.120557027343,6516.062393983306
1202.2371852502401,435.39283065569776,20.69879466373295,21.44288619720007,1.6290416924400457,54.55843181722299,131.81875497484864,86.98336384393727,91.28827838045012,543.0528304433205,-1940.4682963650635,119.99981695366998,189.19056016811487,-16.154912106414724,73.83884234630982,Struggling_SleepDeprived,Salud,Laptop,Cable,2024-I,1831.4352725238643,1234.0901120159504,47.65651563844598,15.057490570037311,2.6359384414139453,5.434424590778911,-1.3311781119174988,28.094398520121604,17.63143035926966,2229.69458653274,352.48381171139437,524.5706152903738,4091.886582713136,4584.782821426868,228.78615819275387,2024.7986721343586,2390.105803453953,5198.083970180376,1063.7723352269413,942.6160400836942,7183.245526155617,2090.6686676016798,295.3715584144376,92.43070653304733,1727.8758403257143,4914.758816074168,489.2908412573831,275.70777345662543,6316.126955762699,4318.627190072293
1274.31519943863,377.35017961046566,10.089441262142625,30.143174792179444,12.443537274611327,51.95910758479255,343.81209137460326,279.32559040595726,90.97755766783922,300.2937253158823,5772.911162969171,203.8195050702538,94.66058140855827,318.251674289828,17.89448898305102,Struggling_SleepDeprived,Salud,Laptop,Fibra,2024-II,1160.665646113951,1628.996322413895,97.30239601107225,15.89082214163843,5.349092845269987,22.02135990880715,19.33963260267357,43.43994834112813,7.1304649260674875,21084.45843899714,556.6135932443863,431.2364998373076,6747.683264318283,1877.162397890433,396.8592022250231,1025.8667436750095,7299.496061944419,4482.549844398909,842.5365389595214,503.36064003675705,6958.72642792803,1897.4262376671202,260.3536333794551,357.7224321379488,5569.824231129027,6516.504312647758,504.4292857185172,224.8876775591527,5959.641046294036,5137.596852689294
1553.6541535729123,339.2199863097728,10.522166538728632,25.917718593337277,6.620170008446131,43.54763794656637,130.11783585140938,434.1232817734706,100.90761073772704,339.8888168035213,3232.9655484297327,143.44062284714903,144.86965597563614,65.8345539040806,41.38520255963926,Struggling_SleepDeprived,Ingeniería,Laptop,Fibra,2024-II,1467.7140992492775,1338.7210141903263,-24.989435860634046,-1.1057762071469126,-1.2385561911206215,21.810288435694662,-4.739570918445153,44.55133600273519,6.32312157807584,54055.41475536907,162.22883568068818,602.7014699549458,4248.304964056015,3794.491692982612,91.34882335830218,1781.444182983478,4304.553757901313,1817.2893653975575,1051.586507446689,818.0366754679063,3641.9478723549796,1706.1664512049847,460.58073733269146,886.1952672208722,3584.754327222527,6679.392788174887,703.5394037395895,353.5779692833694,1515.550074449413,3810.768376867657
1261.9629705617697,498.40223330796283,10.469601351542728,33.38055562924608,5.869465451247539,51.86055322840026,201.29763568504984,325.96257815274356,85.65137733798119,472.0072430663642,4357.184708792836,242.77359052779295,207.87778506053627,45.327844473475935,7.282585665613084,Struggling_SleepDeprived,Humanidades,Laptop,Fibra,2024-II,1872.4457244736889,1175.6597892808607,48.80727538846032,51.18693720146639,2.5001814648229503,26.450344638726236,3.4557520430434727,37.00938734875461,24.725649140203313,-10229.227214942315,267.70692986283234,531.2246257869807,2584.3280246043505,2719.8757949201354,310.3349229611075,1550.8593472339169,5715.763211258528,7760.8515055398675,904.2569068208081,446.7759950726715,7332.7159651386155,2907.7331169855665,812.4845707488826,792.5944034042072,2313.2096479117,4204.960096694243,977.1680200382759,373.5359757037228,6620.274404309984,3545.535021257553
1256.2344224470653,545.7989299545987,-1.285361287038933,34.47898597872285,12.735790600671265,60.442437019209294,97.38803856329012,187.36185120375808,58.37248655602514,215.5798671197123,639.526650357368,225.8287829071725,111.11435748938342,226.04583374094966,34.454992932432276,Struggling_SleepDeprived,Ingeniería,Laptop,Cable,2025-I,1479.2104358747451,559.5631088955331,70.45194151373,-8.465279273930825,-0.957373668813565,10.325823881272058,4.899818650407881,36.12317827778646,15.800506383625136,150.12510417080193,240.93513779974703,468.4583009032016,4454.893981722863,3621.9061224156544,303.34660848138793,689.2457631303918,3086.5638850609557,4877.739394245176,1111.1362642597069,1214.010437823615,2675.970103554811,2117.9434279068473,396.734267461772,620.8996940638626,2457.3299333133145,6218.060709417298,595.1982668316233,432.58607601018196,3576.9806480598445,2838.544085890358
788.2498082757832,833.5824153315561,8.088193589322708,25.702496099694542,7.768050341556859,64.90523605854528,104.88572500671908,257.6787293435729,49.4660999623214,610.5854981035834,6809.8968922469385,122.90867736616208,172.151212876042,-202.9869047004527,15.3560268761929,Struggling_SleepDeprived,Salud,Laptop,Móvil,2024-II,941.2283784058974,810.0207726362862,26.60917236645543,28.15379486636892,-0.9464851799961028,-11.201914706302384,19.012474308210898,43.87866623813348,23.606449270285694,20738.43797234239,421.7346477015967,756.9788728740521,5214.005032142498,3819.7508946444373,402.6421675187511,914.5930533889925,5473.041245213954,1984.634923698774,804.6487500601228,762.2982753228376,3065.1679496740744,1089.7924467090247,619.1785697861715,199.50046937864295,4801.369888152169,2416.9471342880925,196.96942628988467,474.6620201920007,2068.1700159530446,5612.883032299585
547.2011898681756,639.8441725937704,19.19704158938493,35.12521654393522,4.371464919013853,10.653464830190373,221.038042425824,246.96854020568938,83.69300242525495,126.61175283626389,3616.955673733647,168.7203090477475,124.5850536842002,223.4655346218579,44.75072691356463,Struggling_SleepDeprived,Salud,Laptop,Cable,2024-II,1183.0573357461078,1118.40471564143,36.318142166268274,1.2706963770269208,-2.920350339449166,-12.634996868800641,25.98004120901591,40.31396860698266,12.578128291980825,-8863.529648469845,599.0365010312646,549.7640922501556,7730.990174537078,752.5890889523666,522.6161341815416,1316.287756227912,4558.515544379874,2965.765853396122,1489.780329470718,1769.6978624614178,4836.949022072254,2868.3609434064747,185.05599111356418,544.7105532638914,4733.684104593219,6321.187539157791,484.6493517181859,659.3207977545248,3388.6134207782884,2315.2016730400546
26.360174532899237,607.0417474589555,13.016291715128983,28.220794447527762,4.437780783716567,41.54800661962132,66.02237992693824,256.2394128657214,48.747748120308444,308.4572982279523,2894.857986728211,127.9875643936424,47.47053427590105,322.20131422481137,42.87879169108302,Struggling_SleepDeprived,Ingeniería,Smartphone,Cable,2024-I,1868.713146709085,1165.2625963988412,23.689080791728774,36.9716606926837,0.2930256078813107,19.53695091644525,-0.01348167802064637,34.92702706851599,20.201359385539043,30012.826507199024,752.6834128387432,420.25607389923135,6126.804377820098,5253.51012815921,533.8129035938643,1872.4112981987032,2233.807916300539,5149.093381580398,952.3433991155188,1796.463875867073,7068.089392954584,2739.8745732830457,311.699017883945,563.784183303135,2389.3873967406535,4242.966037162283,396.59636133461544,521.503002632161,3915.7212288765013,605.1190696536914
-358.06597529193834,444.2508395811353,17.07900351833965,28.021153105144528,0.07550051884668552,43.86312945695523,156.96949164941879,126.0325051459488,70.0263242231774,356.3250058584465,-559.7710459131799,261.0840006628799,164.77327442152162,354.7647310818588,31.893544764514193,Struggling_SleepDeprived,Ingeniería,Desktop,Fibra,2024-I,1841.624490175679,530.7096265397344,90.01549681883596,3.078638789230423,-1.309016463646615,-12.207266253231452,17.698068423237537,46.329263805188106,17.447609558974644,50536.37031787664,405.0802133222914,782.8832957359782,4716.194962465828,2937.8350973419956,564.6503992717326,1462.1325837144748,2150.3413622225808,4796.46193051238,1264.0975034245025,1075.0063373398389,5628.594265237874,3172.258778665097,496.99335567856724,717.3034656381521,4974.141105886176,5268.1796908706965,750.3574457678137,512.6340768712823,7974.641413978936,3972.263513048051
-72.03836130106151,572.0184000889196,11.030252861042852,27.169254252610216,12.400650999016122,42.818442145676464,153.7229103618875,362.90967898859617,107.64387889314057,-119.61007881281785,1031.7118641029147,250.96374460607746,137.00925969909358,126.41999693158718,7.656616899388242,Struggling_SleepDeprived,Ingeniería,Desktop,Fibra,2024-I,1366.0350409583946,1210.4869882350836,140.81467318689977,-9.779560220116224,-2.829268222908164,2.813878333449012,30.024687910314764,46.716154796896646,10.218847896073008,33431.110427000596,209.79954459886355,639.0396387906796,8450.01932219639,1527.51315899911,924.701988493131,1054.3903863955375,-1256.3090162917551,4238.179445727649,1151.6091624763958,1406.75648016108,4650.116726634264,1889.79215854309,547.8359600530931,504.2926846034631,1896.278601528015,6783.558028351103,526.2400672467912,318.9718088793661,6746.014359542145,6768.067581684252
820.1115374038204,369.7520932415724,7.709624433538815,27.328581970270292,16.144666000068074,40.98333042904169,204.1794296613081,292.1237963828876,123.91940946575357,-246.7282225846779,3231.0976787322793,197.14909424163466,68.80064245145388,-185.1873676915742,51.71016355170879,Struggling_SleepDeprived,Salud,Laptop,Fibra,2024-II,977.6269668295703,910.1163343477115,103.77839058661306,15.156911514929472,2.4156544265612436,17.728852703607643,16.317398589479307,28.15064990277178,18.492705148594386,9989.686067994937,392.30703859343475,245.62881509415297,7008.301120670187,285.84247941691865,521.2337645652749,1058.6307665872519,4955.421933895041,3708.5558308275504,985.9490450118471,955.2741934739832,5775.910314530878,3055.0029325210085,610.8125810345941,596.8060578680547,3940.9068535516844,3986.5255835019134,387.4632936314757,499.5378770427084,4639.264513340194,5391.266052379709
313.9608117238363,609.8822330933278,3.412707150421184,28.240192607587012,10.09079340904655,42.47018982146175,272.6784145446366,255.82435347501197,94.58844794859567,232.31979503960616,2856.104987527807,46.8546033960434,102.98261533855066,-29.70661444646644,51.09883508619809,Struggling_SleepDeprived,Humanidades,Laptop,Fibra,2023-II,1250.3579375210895,952.2245120731826,213.6686704957561,14.087350194320132,7.859444595258651,-7.144598773828118,35.57469356874379,49.24114143908505,20.011014907332815,6689.6512133665165,354.95805901456487,11.171437838077395,4570.0411567876945,2265.1068131928887,1010.0290601733609,1032.715364305968,6395.5186369982,3270.0471442428766,868.4669946567884,1456.7444925040077,4509.202558451778,1259.8920239807956,531.7900540607882,263.82043835001275,4782.755264442093,4363.997807009335,650.798686566507,451.84148349643056,5876.963628386606,1567.9106765471724
1551.6586732805622,743.337776925522,10.515950175378455,37.61236352224056,5.816550275788177,86.00525525847158,154.25693933386373,351.10338317956393,107.37401040079207,-346.09753305683074,708.0229065311992,225.25934158342844,104.08399291876027,-167.40621742835964,9.627577447095586,Struggling_SleepDeprived,Salud,Smartphone,Fibra,2024-II,1235.815093534761,360.40481069396986,25.62015886304586,12.204387978304272,-0.12822382884857958,23.264814565064533,9.843556228396753,41.88752937352298,17.342217556482282,14944.46393528139,438.10279457371837,452.0285027416851,4177.084725562871,5145.406683497929,697.796234743177,979.5689981645219,6484.385507471421,4598.859650426479,702.721660386193,321.50238415835923,4184.351252916853,1944.2929798635746,595.856847895882,602.9248353739702,3372.169858928292,4327.56053746449,366.22829278208724,299.93037059805897,4116.64500807146,6983.186431361979
342.005452770636,516.951977102001,2.7296940175233058,38.35466754435226,7.566259780154232,84.87325707807939,184.84097658223956,235.78679560294862,44.209979444531285,618.1724794198124,2944.681447833642,264.519905564365,100.92590429731908,330.02420632042225,33.50769843551198,Struggling_SleepDeprived,Ingeniería,Laptop,Fibra,2024-I,1565.5855942771477,1405.8171244515484,106.65865279066054,0.49944829641289834,7.790235361088125,27.96210558220362,-12.242172516469015,47.101316134015356,18.476211876514554,8375.835957461635,430.0846885788939,382.7822648735665,4487.488422454122,3258.4319695894724,-94.91077804272197,1252.2578525080276,3315.959988824643,4107.519734142925,1525.046919781003,1087.0179687157197,6488.10432816719,1785.435533260779,304.1624104125728,216.0118942528043,1543.4580028244445,4459.7670620098825,142.19838020804048,370.976475818608,1887.363527381236,6090.982082237999
252.46180334764279,703.0713388760925,6.757944944179232,36.34883929693791,7.971363742348155,55.39548585239826,188.98502143666008,290.51475851023787,83.66554812715106,681.4797385567115,1807.2696387401852,217.77980883815397,144.08304745775132,522.484026328229,26.881031773496222,Struggling_SleepDeprived,Empresariales,Smartphone,Fibra,2024-II,1659.598867360997,527.7932969642939,112.39830387061713,-9.238781825082702,6.859302944366908,-5.0843514893580934,20.85105467512272,39.75041730523326,16.923800058761923,-15403.50762149051,172.2538337724215,429.09802051833503,4333.03071511879,4887.185301546667,525.317507548533,996.0259591939811,5219.883687395672,4135.234417311985,1454.429173073061,613.9681534993108,3472.70601863309,2045.137593146491,675.7620181117484,451.4968127256487,3366.736739272222,3742.6994572393455,58.45512882786659,673.6064281827405,5310.506878120974,4540.129736700092
232.50309332250757,693.8488785355667,11.95205812056421,20.172209324457622,9.720426690012545,39.61061837663617,200.00264398600572,154.52952905802323,62.351363314725496,297.3877157432051,2354.866175858344,191.3776820252186,62.45150276466391,-174.75933275457749,59.86966228196129,Struggling_SleepDeprived,Humanidades,Laptop,Cable,2023-II,1235.1371580555813,2020.1129415381138,59.88141006486868,-0.47074881132670754,0.9222410618128665,16.81385928928302,18.62507412573894,38.25313395435231,17.190718897417554,7648.612947583133,214.01504306669716,342.83670181759373,4468.9712339371945,4424.946252055775,221.54192467482525,484.7361808005296,2914.1547215351734,2575.539865747697,1219.0190793349059,1247.061611434087,3571.9462452429375,2855.8478282822434,517.7710188617749,356.6559027320966,2255.7698531769865,4648.698331738292,787.4149237008414,601.7592464302718,2370.43261086253,1497.6864892066524
674.0291262499502,650.6750059333872,18.275805245752082,32.30511309406307,6.09603651971541,53.34078464145047,147.79013824611937,197.37232392667693,78.06656793247977,369.4219235119741,-677.1946721169347,319.7804288684219,106.02282996052436,-46.124139063112665,47.53388425150303,Struggling_SleepDeprived,Ingeniería,Smartphone,Móvil,2024-II,1530.6964172007904,1424.5712297849698,-18.615059828966764,6.3150061313998265,-0.12703153912394738,11.661476000956688,0.6430414089424117,33.87046847096804,21.6429151858756,18195.06497426168,185.28934117292874,502.6826842793272,2321.3406194207328,3144.590162739444,633.6637572068405,1530.5679282582823,6171.668820528606,2915.389864335539,728.1196683110793,908.1215592804995,2864.8867422311614,2892.524747911638,266.981139641863,543.5805155368165,1460.6075369656762,5985.910608349268,306.67331385839213,107.67913359427891,3221.8880709578866,4303.351719698224
1331.866794888001,685.6129389243192,13.487870235174633,32.49563586296741,2.449708248027938,47.512968062552915,110.70261246460872,319.4067366171635,35.204139899665506,-57.29374211185967,4950.9736536168075,237.01018414467697,86.76168612519386,-12.672501745670232,23.654091894193897,Struggling_SleepDeprived,Ingeniería,Laptop,Móvil,2024-II,1298.526197330797,750.1647061875783,130.600503529221,11.705325256912722,5.583656358925854,15.587380279719863,14.266501986926045,42.80822549052429,17.927075217763676,59239.04683058683,377.62011039905246,451.1749252512258,4952.01918189515,4088.006010169385,696.6833000857916,763.9882057527592,4085.696358777064,6086.387192908356,1207.2572690945867,467.4970731512607,7085.052109503387,3501.379351400663,77.33619596264657,530.514453161781,3715.5403795274988,6351.297819778195,377.73138008747964,203.5130139056559,2841.6453423103558,2269.8128942366084
354.70458307441095,554.9981688724619,-11.776551031559059,36.81309819026908,8.397698322526319,52.44719622756557,87.48253505281812,204.17257011123178,73.22552901942389,966.52875868029,841.6655735550671,137.38966292875324,28.50430468511511,442.533713554374,48.54551348723673,Struggling_SleepDeprived,Humanidades,Laptop,Cable,2025-I,1725.2701065129745,1313.7546583797362,-1.5400927970517806,-22.792572870163827,2.127115155382574,-7.935612271478687,21.745955389200756,49.74959541055772,8.153877093399846,24765.496428340717,585.1125066415426,104.96910980625915,1699.6296959016486,2942.7060864969894,756.8574509063723,872.3729950417325,3178.47997690967,3398.2017099026125,1025.1702640534731,1113.739835562762,5577.188053572216,2665.676505340367,360.9582507834,183.3019735851774,1722.853759577812,4038.9121416203775,420.7986467118911,278.33515090451687,3451.348090488211,5564.907209605194
1419.101479089009,434.40841621772586,10.736863926187715,32.13082715944944,6.176481977382563,23.60886227911074,169.25753024005218,246.80372112594185,77.88250424104365,485.21610734124977,4007.745215974554,203.9915084531211,102.12458647525371,87.19425694935661,13.831247785665656,Struggling_SleepDeprived,Ingeniería,Tablet,Fibra,2024-II,1619.2866251206178,1990.9534342066152,114.75048339864833,12.2404609875322,-2.022835169986994,-9.514100254602786,19.54648660277806,50.211010433415154,22.28269017017519,18619.854971324454,295.7788352772413,580.6418782812942,169.87600821563865,5940.324862368609,315.6899636658392,779.4839595125156,6732.570807370577,823.336945268507,797.8527515288885,890.3479043560062,6844.669571715876,2250.1767662534953,376.2868597908062,613.1961774184205,2736.254131537807,3956.599655045553,488.1716929860881,370.9218460966038,2934.376894807516,3067.165369161561
322.96172339072416,806.2197014656397,4.875192217911714,29.5274643291046,11.142184264283678,50.407721974995574,331.83487161909557,285.3931292589493,64.79942475480269,272.28004073431157,3911.0191257448087,243.44420499787392,46.40270431710988,382.4990487461637,29.132660204188774,Struggling_SleepDeprived,Empresariales,Smartphone,Cable,2024-II,1605.2126620331578,1461.5506824450595,32.009275256958176,33.73549895971511,2.6010100135114484,22.0971516948973,10.540121853471298,46.760016303433005,15.68497128607391,21373.545545011286,584.9686510093151,443.7794915147861,2676.513105185508,1454.1234310291607,504.59851088426785,690.1476105354626,3010.736865414258,3145.99035171511,888.7821305833879,493.13525361305665,7327.310767601206,2965.761759705174,187.0754149588794,431.0811879442234,1147.721195878784,6239.14160249486,592.1682789708894,459.3498725582225,9329.54793901847,4887.618530281171
-394.64543967488464,371.9679461669869,21.918064310315025,35.69477046500544,10.485226431855278,48.78231433394226,20.54843959364527,126.427717981149,58.17215679340032,285.14791799043377,1913.7026439426295,241.49089901230195,125.18849404088702,62.825442757240346,18.067760180241258,Struggling_SleepDeprived,Ingeniería,Laptop,Fibra,2025-I,2010.8441090143067,567.3757783623848,60.7309813316282,11.541917196137192,-0.47598573832730295,6.351372761100665,25.694706792946363,42.64258373737461,20.42750337011673,34945.865006194275,569.8920642814628,175.29730864065988,5632.9499846105355,2763.376668776624,495.69411017557843,750.7135137455482,4606.169166597424,4504.114694106049,982.1203288035791,1027.2746074445765,4549.786028384133,1751.3463867633957,475.09726021590586,673.3200319392865,1790.6725113806372,4966.619454348779,436.3878829534639,268.30843253469976,6817.84082983282,4649.063780001489
1093.9690688913533,787.4161653880387,14.631807656592198,34.26971699340806,9.194912533231495,23.043426867596626,222.15478050702558,16.23009359654634,54.77933194944563,-130.2954725123644,9650.071894842971,160.06726194285685,50.77771796101114,382.0381540228466,11.573799549380364,Struggling_SleepDeprived,Humanidades,Smartphone,Cable,2024-II,1593.3707831054387,914.8478697072272,65.60380179611533,13.514930921293955,-0.42333621155157264,-2.873560867084839,8.81461443077897,44.922320694261764,9.864468199551812,40245.916266392975,365.2692702791727,581.6001018587642,5531.515317748339,5098.360426644915,871.9002947887352,1527.831537456121,6112.278044236792,2736.8077855118645,1081.5565105372134,929.9076855223818,9322.762825657388,3218.6773122335762,553.0816984237596,599.2283390573667,6244.347635522579,7912.565339783923,469.71253129870826,685.8937828968396,7091.3983852957235,4009.0942814694004
111.37572893279287,730.2870005243365,9.992965629667442,27.53862149711906,5.709122836851325,37.432807489366304,331.0202083502568,234.61905768226882,62.76368341573388,160.50148148395084,3970.1533038396337,381.0573203684787,99.01422734550633,226.45420302898066,11.950378175378166,Struggling_SleepDeprived,Humanidades,Laptop,DSL,2024-I,1096.5500007898772,1386.0875527360222,166.34320089807747,12.348132142758981,0.153976818765173,10.466196630793307,5.255902457250649,42.1674078904116,10.591438005461578,24186.226336428335,504.2519591826833,612.0362666318891,3429.1767836257495,6083.829939595265,727.1752248402792,992.8429545756487,4706.525294631514,3988.637211020115,1130.21544647765,1111.9083567185005,4374.182663688532,3390.049156431086,799.3457367078331,475.5464736547244,3945.8318494933455,6713.417624320959,732.3326707835196,445.34235186955635,5791.004955015987,3092.3555717824324
863.1331809900007,444.0561591619932,11.549262284554361,29.80427205256153,7.8215905327187425,52.36239276025283,245.05832883598094,94.94270986548993,73.1976095363412,309.65740751872323,2304.633845236729,217.65746478263912,19.495492911278006,235.21063726129856,31.26246619224014,Struggling_SleepDeprived,Educación,Laptop,Cable,2025-I,1943.5832985643233,1120.5156734268708,6.120905467682761,0.20842028214149888,2.411806301620068,1.0574123952144188,14.642357004876093,43.70083706985282,31.420254831137477,-2433.1689724922944,412.18559967462977,387.11949005342365,4661.382199037735,4881.6067380880095,407.13898846397717,777.3564679385688,8090.649429116038,4230.4655398721425,927.0800827081209,1331.7189098941105,5248.881751443056,2637.2820190181465,409.81164298413444,344.2032953979846,716.1134680200644,2804.1754057890344,274.01132985238814,361.10556017855436,7271.048443687004,2524.707525936862
157.9402209522027,663.031979460836,14.398771650135771,31.818183523493342,10.462697293054152,60.903570438674706,144.60319058275982,288.9405795552882,73.99445825554761,-226.73264939828337,8207.295780693341,161.35365248322688,128.62036330499316,168.81082844535086,39.1275590546852,Struggling_SleepDeprived,Salud,Desktop,Móvil,2024-II,1396.9131668769671,871.89388878244,58.285644306530415,-4.307996629875527,6.608075923069336,10.2845342290373,19.316178331010796,26.697767796902582,19.1157765909098,49655.305264236114,288.0737080362492,527.3865462893048,4666.761131951696,1703.8910616571607,508.41161317020976,1139.9500893424586,4096.885150493636,3351.87189780025,1150.6663458033356,756.908550195421,5121.061844595058,2182.311010174684,930.0373440173885,581.3592016697235,4607.276938910741,5250.134544522339,587.2890256184658,402.1122911697502,6204.736722562605,5921.537832615742
273.8956954652585,595.4692698032413,10.533624113975737,34.64161196812235,4.812319965849637,84.6807525291897,206.20553846509938,301.4776531285164,53.16951875469491,59.00062270071925,3734.273495209005,197.62133901858434,90.21506564617331,70.54128073096507,19.27850484123304,Struggling_SleepDeprived,Salud,Tablet,Cable,2024-I,1253.4342142261312,1722.468690456723,65.35642154762526,24.603018812587575,0.8741164991678111,19.300282118814394,19.28079731819149,55.39588222745824,14.618876066715353,-404.728749003807,571.8356943065655,964.9873224354233,4434.092945268881,4620.888812747939,226.38833396291227,517.250088770686,2950.0528684586016,3168.500115332858,654.7024377731047,1031.0816743715036,4156.064673366611,1577.9625829384686,570.935451961786,425.7951892057962,1573.3859284362877,5311.983140493535,524.80411319127,595.357948400366,2391.5273499366035,6155.660320434317
57.09121412203467,526.0317633006703,17.812210809481407,26.436993981729454,2.79635104218234,19.774806147766558,186.08059585844055,272.14032899977127,106.68760784967581,26.448333905179368,6081.5879039546135,187.09547777786912,67.39558799582097,-91.49466036016796,23.9360867780644,Struggling_SleepDeprived,Ingeniería,Smartphone,Cable,2024-II,1378.4419166933808,1219.8408203231377,122.63450366534772,-3.1414160576286108,2.461806793066505,21.24402650965663,9.051230587594068,51.904568652664956,12.550893676266702,13631.605723241344,552.5204094496331,596.8123972001117,3361.596679966146,4107.054986563231,342.9142766169691,1127.7105841883413,3786.821203572483,2235.7275539388966,664.1718179195966,1084.094209258806,3064.9152926670677,2218.5046864084043,717.1601947801599,373.62283476510873,3429.918076008428,8249.466418296717,378.2207720132003,462.5263112600079,8049.919429509333,593.2323336504564
879.4248516535504,474.55693410438386,5.122440398274508,30.037848654478353,8.299072454182317,53.84456507045665,343.006567131757,203.759584786455,117.88370497945166,280.58609265910826,1838.141223932279,172.67997204695973,84.21516465202453,362.88602146247257,38.557374171707785,Struggling_SleepDeprived,Humanidades,Laptop,Fibra,2025-I,1450.338410741177,1938.974067809375,90.91608117829935,56.36720742009062,5.912560559827657,10.283943319513394,7.329380447853581,44.51490116749477,5.463235203517689,38645.49123988981,284.25506357787344,429.06108039919997,7508.675766805611,4942.436332703316,319.24107795225416,644.5157146838524,1999.244662780321,4678.97659938868,581.5796336036493,544.6083179668742,5063.142298800378,1692.7404460358114,560.9845149792654,405.4740130095868,2098.827678940507,5967.601996325023,519.7421488711109,190.65853057356563,5404.755859261049,4580.34141490975
1347.341450617233,406.7513177177453,14.639835542192735,26.47643308952113,7.598057125733143,43.52269516013235,231.13554146509892,204.13975680301834,91.20223615036724,643.5820324250956,3508.446231005193,224.19280715574257,76.30343431685266,-136.44451613958216,44.44722173433335,Struggling_SleepDeprived,Humanidades,Laptop,Móvil,2025-I,1401.077064388739,1631.8588748210727,74.32215936128118,-19.150057061938007,0.203739036105953,6.995705347759179,7.325357523302093,55.94279189806915,18.09015836793173,33762.91389902933,167.08819001538205,452.1885634764551,5180.869708526061,3238.106497860906,150.42276519819876,1072.2927708329387,4292.941100544662,3165.3983000428075,804.070454606979,885.9031442022896,2257.544918766561,2442.076489464319,780.6269814876168,467.0218273846093,494.2218161276428,6811.0942293738235,533.1306983366626,267.36284498577567,5233.012885795237,2820.304139826071
1520.345617867068,549.3596573677685,-0.902684718894049,36.16805308659446,7.634030173261872,58.01886693360639,211.46967316213394,199.19001360891906,22.920729988697076,318.66978999748574,3207.6637347279266,305.1451466155252,34.68446329468393,-108.5940551143907,8.265437721455612,Struggling_SleepDeprived,Salud,Desktop,Fibra,2025-I,1464.7780342760957,888.6480236368529,113.9671046539699,-13.614874123832905,7.369859473716587,-15.383948408145613,34.44328231191061,55.928330895458835,23.21676889512471,40263.09576269097,546.1539819006309,749.4163150227032,3103.2355090837273,4648.397230111572,451.7838281709482,1061.4692952685082,3457.2891288314227,3887.969708486015,1157.7637775778392,1032.7235972594708,4272.432968980799,2743.312360982697,359.34983229651755,873.8653164785744,1449.9703492765093,2365.8970278046536,38.784202431469566,48.3604091915505,962.3962407351028,4692.943712640769
20.38633360582537,736.1371440066964,26.584752478815084,43.75580470641385,8.554726637390733,69.19533778067554,4.529192550488034,310.86751576667075,82.25565150414141,409.3205094557929,5034.28041524351,217.9584291500151,4.317031232235436,373.6126638193806,70.87541919308939,Struggling_SleepDeprived,Empresariales,Laptop,Móvil,2024-I,1621.4563574214453,1327.426922073834,136.19309450830545,11.58266193346346,10.016047123917028,16.440735361602503,22.78635952202019,41.51622188862604,20.32928741262616,21355.1666821162,547.4926650580076,357.17113944284733,4228.853047819861,3223.8049753184823,782.8040452149585,1062.4011025388857,5073.51781127891,3351.933926172957,1031.463144536163,286.1788228011226,2925.9473217616082,1163.991976960307,434.30651456657245,659.7180488478973,2545.1264612389787,-540.0847740523932,375.82192881295464,574.8341273338986,7302.1603104728565,5370.303608292688
-342.28235538500746,469.83904224866137,10.644652848776817,33.1244869627121,1.167488099053248,15.417480828081736,75.32714912292543,287.1612947960516,113.39450533689707,-219.7873447328337,1159.9842895304919,313.2781109561373,79.1937905035472,117.07718017621251,39.08914053778272,Struggling_SleepDeprived,Ingeniería,Laptop,Fibra,2024-I,1474.288945581133,1402.719934437339,163.92755675077652,-17.219966291060892,9.090033680032315,22.64692092390147,-6.595349507377302,61.30137553522475,14.832736208828527,43273.2978967855,553.2935168616262,532.1728502231155,5874.847798448262,3182.0244704775914,587.1320980181806,1285.2300030166493,6668.77250959682,3220.0943423526655,940.9104433333783,435.4790138804908,3558.417310456648,1265.5709614482814,458.7882010202444,463.1192420048657,3024.9598397884665,5703.943724838846,536.9511298450655,353.2948666892095,6876.644751609414,4341.94636139438
844.0576759417431,544.9785272142573,10.931014317049186,30.385385927846208,11.409988128455502,45.609051844489954,130.6578261163196,295.16700239812343,52.716870384896296,30.107055187460247,-3253.762988464654,159.16182107574244,49.26606399516432,-296.60009693354425,32.55076672141051,Struggling_SleepDeprived,Salud,Laptop,Fibra,2023-II,1317.3648065339385,1411.7921428800287,9.14026618429299,18.326472267160778,-3.0617987846247328,32.43156417548973,25.86624438910463,53.78263440399997,4.85538401315978,-4478.525516230158,209.817846875035,455.9751376654031,4276.280394520695,3859.236070617724,436.0303239161584,1483.3249606496759,388.5505086547573,3861.5875467360547,726.6768229159179,1593.459685366213,3674.4749077673664,825.4763536448644,520.2381045706892,323.8076429857058,1067.6222467242324,2801.6496837603736,539.2853301722432,590.8156644463486,4679.676587217411,5846.948125210194
655.0629595487327,547.0166636896262,34.17984672031578,34.588305222089105,17.799403933472753,28.656241335880253,324.2338930917957,200.06475792352347,21.305994840950696,-8.9803545206683,3218.380201273146,106.7960965213378,148.313306751018,218.20145041479836,57.07199733866052,Struggling_SleepDeprived,Empresariales,Laptop,DSL,2024-I,1846.5606555637346,1464.7706773765958,29.931563178767625,37.47219852072426,5.7712542508329685,9.128018848173001,12.858872463681418,51.12204664755377,10.155174679947562,22408.913928267586,453.59866771807634,572.4329272075742,3901.8686520102374,3760.681240620986,523.3496331816042,828.5618504779748,5962.6135544399585,2858.382694777393,1422.7138533605298,843.2539544634064,7917.822940068767,1692.0826009201337,364.72659141709084,234.82477891691056,2603.765699181019,3621.9553487905964,449.71580685513163,526.7624391025835,4963.593481582855,7329.601714492273
-94.31172061880795,301.8147254266414,17.043144253120612,28.009677153687043,-0.22894345064224275,46.84416274218279,357.20619947807893,212.17929070080862,94.87677313681675,305.5392865941553,3818.7511438816728,265.352561509389,16.895063915292432,-143.1154605180929,59.38229126493938,Struggling_SleepDeprived,Salud,Laptop,Fibra,2025-I,938.9627104607011,1630.052030678598,118.27156382246139,42.8283927006385,-1.3393084341355168,-0.32473840882301186,23.669416719673137,45.333734186222486,22.029570241086358,14199.629259476991,694.9677332383678,-4.652655253135322,3800.7125173583927,4231.149173827014,292.2224871430386,991.015756596577,5567.619691771093,4503.19509126319,1114.7301237186894,943.0406947325669,5301.753511647942,945.2372926548599,511.0594000022188,618.57515990748,4291.4976473950155,5720.86326880617,559.577753698052,167.12698961903286,4744.468997791437,5878.1061881368805
169.85910756721557,724.3659923338797,7.772271815179998,26.009181511914086,8.585536119620196,40.25996083751087,220.4434585499482,178.54140218032214,77.29083816576852,-12.353889465612454,2004.5954001558287,244.00281008766908,126.2577121011399,79.21697817579067,22.241663790951435,Struggling_SleepDeprived,Salud,Laptop,DSL,2024-I,1941.5738204904794,618.2081492719624,76.8865516316879,53.22439391175557,7.694322229104479,10.668013108193946,13.60900559567451,30.5223913478218,25.686504425097226,16479.7361986922,332.92430981977213,365.4040069456523,2511.3864828494816,3634.121713012341,488.74857766370377,1294.8551401809007,7138.691822092945,4531.582773380662,764.7559870941058,1197.3864422190727,5566.974827106484,2120.1353435401847,464.58678969000255,247.08163647653322,2875.758669939559,2892.7133395022856,453.06603595399685,-29.264673556266985,3244.932980556343,5707.6789254293135
148.59605325955067,704.9629671078071,9.778389474490275,28.88196080319893,13.96317387912297,77.12534685731035,173.5403761785752,246.85450910317576,82.54907877760455,744.3875537441904,818.5935096578223,214.08772484474986,206.63658624972226,355.1744872195303,68.52780003091155,Struggling_SleepDeprived,Ingeniería,Tablet,Fibra,2024-II,1205.075571701313,695.6449741557205,108.5621001110133,-8.45239312456094,-0.1212616953469543,12.476012341444426,31.467283391166518,41.32323117506725,7.526162229576809,15083.92060622339,387.56941453500986,413.26085683622927,7642.361910433863,1980.0172175331595,282.068795349501,730.241798424834,3861.0739437059947,3370.9549179692904,1468.3990095555296,735.9291381987575,7421.520302050705,2846.922578337714,407.1789978719074,241.12254142648456,3645.514114904483,6122.00433892779,601.9419455533283,584.161135892715,6430.81980784776,8369.53379877956
877.2372120192725,459.71397982516436,23.375839832451273,23.450682664983187,5.0696388683567255,70.6917072061879,169.54810923239762,254.67496627641836,173.3579804337832,188.2599807767996,2920.258959148242,311.2829339402941,110.89432443940315,-53.219602374675446,-7.905416194937043,Struggling_SleepDeprived,Educación,Desktop,Móvil,2024-II,1351.6487866275008,1742.327469607566,37.864605658757796,60.61607534958854,3.605737365971004,19.338070605463354,6.2213243790185375,49.67011836548579,11.617605407632436,33708.922934506096,214.7415438632828,169.1411000804418,4150.245739148557,4695.103810215694,537.5661204591946,885.4753094153393,4885.201792078266,7271.988411485634,1298.0354426899698,812.2212078064342,3900.945514726257,1795.1178487668283,459.05970230688945,457.6852141615042,2273.1249290345095,3885.42075903011,690.9851714398247,185.9457932940968,1838.5622362191784,3281.7809562071834
937.7468112757028,631.2780018143796,7.330015435919773,28.59605706968037,3.005352577944972,60.41603857725407,232.43887340822613,157.68277745270427,50.83888525064182,-10.375614034518122,-2762.5859508088024,206.741393592841,125.40838473349243,33.765297518684235,33.669187604941,Struggling_SleepDeprived,Humanidades,Laptop,Cable,2024-II,1504.876647452059,1368.7784996366831,8.547773689866453,33.4880991190706,-0.32691964044906063,-10.26292123962403,-8.581957801430393,51.16824643233237,3.978293916850447,50342.4928999788,369.01635638554257,490.685648336143,4944.065321720023,4038.3766302491413,345.8023098372952,1601.397700373226,2798.8113701249995,4841.100063255835,863.1586162622568,1429.2816660281364,7944.789600620377,2035.8409854642791,687.6713844797094,389.9340351037193,4808.653895469747,4667.974613850956,371.2849376190658,682.3026956052187,7273.068244062014,6450.5399069669265
51.38577077573143,378.60299365103356,10.165091127289514,25.609784912196215,12.094657278770278,63.14542322688547,56.5008962890784,155.1135235047038,71.80075829316576,477.77410227576684,4087.922845245691,380.35053870739256,54.96279525795392,-149.94781813402318,66.06538088511192,Struggling_SleepDeprived,Humanidades,Laptop,Cable,2023-II,1709.4923883812037,1782.546788630196,146.51381751058167,12.098490615240637,-2.3759545143684297,-0.6233368558979742,19.935411036285544,42.863962726489774,11.200621345568543,24951.320981084275,552.4870700418595,160.96028832936838,5475.525870099894,7037.109797416776,734.3256680861298,2000.3910122670998,8582.666178479574,1235.8490306292215,344.2542765722389,436.6404523646649,5264.47973725794,1170.473858142525,545.8677676075265,77.25602316737712,4484.629063956217,1478.2204176751948,113.55081122476457,339.50246461674436,2476.0190386082504,3645.4888357697855
1414.6756497448928,538.092581849931,22.971020163971268,23.99042227953964,5.772911399257779,27.62314713423035,249.8997461146056,301.0256144904674,78.08809606903012,405.8861466492743,5890.216964417043,135.67082283909474,134.47229085058137,569.6930812468928,12.965684148766996,Struggling_SleepDeprived,Empresariales,Laptop,Fibra,2024-I,994.6930147418043,1514.6767444064512,-0.8978647116102003,-10.921408532024373,10.873021436751237,17.574156754529547,-7.863605174646875,35.420703421738224,10.664085850618385,43327.037216716024,237.50158591507892,1019.5231694209624,5834.349455969657,4404.413360542845,725.0705042067145,781.9985240697097,2032.75328085583,4498.740775799154,527.1167546267327,299.856293273849,7611.517266301653,2317.516601828907,641.193719923943,184.06494091592606,2215.89665035192,5976.512448531966,401.14633336636797,585.5806186392323,4378.967467072673,3403.7527426799525
669.7280714155355,714.8518465752795,24.96425049273069,42.435507646781005,7.612801647671311,45.616302414717936,262.8683343247792,179.2783082459212,112.45116248922781,-158.76800192580518,5333.684301701464,188.22387133758772,98.90371711609757,187.68181912543002,24.87463053400936,Passive_But_Steady,Empresariales,Laptop,Fibra,2024-I,2080.3165350530994,1849.442879568795,55.4334116091059,36.88682557557196,-3.1449338671094167,-2.585432543829842,4.801161410658021,51.43168625795403,20.96423761198886,26711.07696631345,822.3766649198876,532.0405296915644,6708.676889104661,6917.277293641215,687.4185744409342,830.9209939029665,5353.152419791281,4250.5837733062435,1260.6815592821279,942.3429432526036,8908.537888071198,4432.778754579002,573.805777429116,655.5650909120378,2549.941581896301,7673.977632904999,839.2141149993788,731.5146218100633,9829.623467586416,6189.827785439714
780.0799941425431,982.3240575992874,10.258184413861889,27.0487618220704,11.384313386218283,45.60921547913103,291.25482055923976,106.5920386437257,90.93101509537887,-298.657260426449,3447.583961935936,281.7296146322487,65.03978162868847,394.6138617347136,63.157157860533815,Passive_But_Steady,Ingeniería,Desktop,DSL,2024-I,1611.6446033597667,1518.7845305635426,69.08190901652816,29.696557450090268,2.0657168344402526,21.739516425808617,8.902974077061032,41.723478038215084,26.78731461230072,43718.35624352412,366.81730579694073,667.848577166588,5305.817042228755,5177.125728956099,646.3472051633102,1945.8361074421387,871.2186829886587,4300.87991645209,1012.6076901874073,1097.7136397050747,3873.308982767292,3342.2093868095926,840.7845818382266,516.1533837949434,3816.956406968523,4568.52151345555,887.9436770069522,577.8968626286714,5250.869832168457,5120.046892764489
1079.3667375220466,875.8932507975744,22.66943122660138,34.61892576777536,8.747667447566974,54.04273981832702,163.48285468617289,131.36561072028854,71.81010022389614,183.2017653752162,1334.9758693843714,208.74893536063152,30.42072802129863,411.68167614912886,49.212892610227975,Passive_But_Steady,Humanidades,Smartphone,Fibra,2025-I,975.6213649966278,966.1779780081671,2.7872784250146196,6.7123706166501975,0.9288354128662326,16.910682017600937,8.855993631892,29.000814633745662,26.642633795494348,23460.61384662339,818.9627084479863,678.511320011451,7157.551704644129,4477.136370925051,541.9823681872242,1133.663680048968,4694.752899352521,3589.6909587947016,1419.1946121806673,282.81055318823473,5964.911603317902,4849.00210826695,859.6283867160566,649.3989707713853,2732.3336603902967,7056.255038406517,544.6830521613829,798.9593338780362,6419.018630761404,4233.330330813691
639.9975785616678,949.5652089725899,5.017352009040078,40.76836751414238,4.058687536272176,43.29331208906801,169.35978807909993,234.83410415389346,58.65132303304196,282.1098628667864,1500.0392670207743,177.1992076396626,204.5676946631059,718.544724475287,83.7354350899731,Passive_But_Steady,Empresariales,Desktop,Fibra,2024-II,1304.852327197646,1190.7993307976817,111.39613707419272,29.78728973738847,1.579726025371583,2.3989226412545044,25.22961744845526,47.57461806397751,30.371686506021334,30616.914493440927,584.2221872819032,618.1844631214756,5850.7470198656265,5186.195808872665,551.3667200779379,1294.6998638943066,5060.047280625901,3407.138146622503,431.8695704150391,1134.8776436321546,5532.3888894924885,1336.9836053548518,686.1170119862148,433.4546931497704,3248.9199288559416,7367.970034822014,883.5699178467262,535.4333282931797,2883.7818924394237,4809.084669545848
809.3104289650126,534.219980051593,22.224664026571965,39.468421836001795,8.525337027003268,-11.914657670786703,177.38304868609876,289.6789490250255,105.20936725550473,208.57712046784872,4912.081142964855,335.91638796504765,186.81103189858283,-225.99605563402227,86.50887687396238,Passive_But_Steady,Empresariales,Desktop,Cable,2024-I,1725.1798136342093,1588.9907303319558,0.4330610144727558,23.2368851295673,-0.09281382082766676,15.654350853528369,23.27154914970476,41.2982263360851,17.59408455195617,35215.45864110795,563.2781836797495,200.9675102646313,7790.518364354889,7209.274103721542,434.1767433962972,1699.6268486135275,3587.252783552938,3956.947275558833,1052.4804692995583,1062.1614620187056,7189.38270729412,2818.4614323192523,613.0264314617739,500.5616467161007,3328.2325339124955,7859.575220798071,727.2734023132344,444.29383037257764,8816.052558346357,5206.1592075772205
1323.4291337015816,654.2873132949322,22.20074261820362,32.539370877724195,3.450229643636868,25.572100575946408,157.68297543974157,-113.77361148585393,103.86272930473086,-110.01578896979518,2844.532861950218,266.05966421140465,26.576998429436394,414.47394437977175,39.159687352014984,Passive_But_Steady,Empresariales,Laptop,Cable,2025-I,1300.7209944402694,1395.4694537011053,-7.420390967814143,11.617065820093094,3.952054420003878,4.232996596451051,8.227285102710036,48.97215565482563,15.916036099474123,23730.66155516656,230.6446953959325,722.907938181407,2242.6983614407004,6110.546122277452,531.2750267944419,589.5466442449201,6152.598186659375,5859.436060897297,1160.5653804785252,946.138317439739,9374.793513964514,2080.0070074219766,767.80118959295,626.9669597677834,2325.915885087763,6435.52592316694,553.9047033145132,323.68722868103333,3669.499372436746,3312.975826049552
299.43182497593955,346.9523480024422,17.966162976679627,35.29097885313629,8.313258675402768,38.30775400102669,224.87001361743384,309.6005468034597,62.48367989277623,167.41548319449586,3571.420151319435,193.22175885729834,-53.80211611964004,236.0210622167201,60.180969929097685,Passive_But_Steady,Educación,Laptop,Fibra,2024-I,1227.2309024122865,1444.8523658710365,97.30468194709188,21.409294078938338,2.480351455340334,-11.178350606350381,-9.688265002470905,43.93763822809134,24.65461059236077,39489.878766537484,402.25726959047904,524.7776573484051,6391.642564443725,7831.731307041398,577.7647005625819,2428.6078063316777,6742.186820046186,4203.086471154801,1029.912594796023,1877.2066247585387,5606.861670845787,2666.2522482774893,497.29763052083337,463.7875405935621,4265.398651458493,7793.275622559966,777.8876194157308,591.2832698814279,8957.492552360342,7013.725428697395
857.0270267491173,563.4732875697637,12.65965252645422,48.153334059151994,12.575767054190013,29.536523976700963,264.6796789312276,211.44180836527084,64.46261229435663,-98.80551295303326,1318.3670994062782,216.84331717268466,78.28057593550751,779.9330411933234,23.79687248225425,Passive_But_Steady,Ingeniería,Smartphone,Fibra,2024-II,698.4268933175738,1767.981481862124,118.9346162537189,-1.3133928811719358,4.318846154576779,16.473667025796647,32.21235832453537,53.909150927010295,11.798404610616467,17507.3676445865,618.396818685461,899.7276602318839,4785.5891007191285,5775.732020586686,816.8727860693675,1109.5660474105402,7554.240359627814,5459.843769092539,1366.0618957624113,1204.128039417806,4973.8625345301725,1553.7641315431122,867.3660750395497,868.8626882842277,4435.343561782919,6453.5546857942245,674.1055474557197,704.3792011116475,5545.711523169408,6799.129875181248
1028.3897186149284,491.53317530866263,28.765392963999282,34.731722034975505,10.03166248480349,19.180579475720087,221.477290790145,250.09864054824425,80.91750974600674,-70.6147427413807,3791.6507333487616,265.65927939157524,33.28337218500196,114.73601664287807,41.65222148215328,Passive_But_Steady,Ingeniería,Smartphone,Fibra,2024-I,1484.1701442723995,1310.963714456202,165.04849319890772,21.83032064983415,4.897421326765254,22.952883681646654,12.778157527137704,40.91734674908211,21.501989101444444,15788.65308333972,775.1499650484132,440.4646709640615,3642.8537004960485,7201.2113890452365,780.5220320489935,866.4078918604088,3293.856896149813,6149.7385345509465,1732.6354903271883,1664.3269417540487,10447.802738877766,693.3901891713047,1002.3507986683667,308.8968406372367,3670.922128197609,9491.16380771417,604.9410471134319,391.0251028783548,6737.2562843628,4618.248939992079
240.3433829783748,705.9376946297534,9.538296780368075,35.233862519698995,10.227531768358379,39.94857066267049,283.7657741219988,81.54952743089552,79.91925659160154,-339.30272040648015,3275.356610153541,234.87209382310533,138.26714458140168,432.1795051706889,24.04854150722843,Passive_But_Steady,Empresariales,Laptop,DSL,2024-II,1465.2483162153965,1498.1550369230924,118.05376325120544,20.95188046104323,6.14723588500058,-1.9239362139692187,-17.052044847118864,44.85511933936464,14.432237286293722,15528.618916179003,422.5473231954676,305.529486065998,2271.928044564783,3580.9214017654763,726.6223602148557,1140.5107282054446,3444.5431617924314,4443.954269405324,662.2547790588992,1489.4966658388353,4407.770765324776,2121.50360637658,159.20210144467876,543.1888439395318,4739.994700351752,6367.3835463722025,344.2876382726902,434.6605619505908,5781.509434759374,3744.350328059206
1642.563268256984,529.1753004141474,13.077477514323991,31.42216320804149,6.272081411169207,12.765939124911428,279.5720105127397,15.244353683628503,-7.1400406072607865,29.274686040422296,1660.0444946055695,210.24692357566136,91.85796795999826,42.327141746508374,29.269221143629625,Passive_But_Steady,Humanidades,Laptop,Fibra,2024-I,1307.1878529033602,1281.6823186765623,23.94269613201852,27.53748253805322,-0.9820796921533335,2.7612650959336733,20.890596403073097,54.429115727358436,16.939275453009984,36968.91268992695,535.9091569815038,929.6819179481053,4712.42775183203,6681.000090491062,983.3184476957792,1627.0952265093024,6662.662149348788,6889.8286207534675,1424.3097123659136,1292.9945740979106,7019.942279940057,4769.187165803976,499.18388298406967,460.8190668975284,6095.4073225546845,5539.6006611250705,648.6766487474857,481.3934671540259,8011.36259086386,4914.681225333064
1230.3294488822542,560.7143697195144,15.214003760573023,35.03856670019948,7.249083736957712,48.28954403242406,159.28796555359415,219.29533631400307,158.3781755709228,324.1362192118447,2103.053321615016,275.6198218320588,47.761604001863816,72.20844722820539,106.97667193808263,Passive_But_Steady,Empresariales,Smartphone,Móvil,2023-II,1403.9126887563118,611.0280555732653,44.01601682076465,23.602316995338718,-7.122999451566114,-16.387782051446155,21.13214744886302,39.4534846687796,25.26335108832108,32444.819126887614,515.2668522277976,533.9083166724165,4739.454237271162,5562.6366803974315,591.5842140005271,1518.9592640161618,4533.904790872486,5127.813051594015,1997.7466100123952,1883.2024838079872,7728.267099637569,3096.6455090562386,789.6111235604419,905.5584863162678,5306.005106260727,7988.949280069901,323.8312560764991,662.8477821913841,7412.830299763942,5709.835054538142
719.8927032968653,622.5857401997156,11.76432522452696,31.27072159523265,3.2703370474922155,52.95275249964748,160.41549301377185,-2.0246626637316183,127.18186673816885,221.4646452310244,5209.475934667708,206.36414779262654,41.617895979044704,161.81780162245596,47.60881272697045,Passive_But_Steady,Salud,Laptop,Fibra,2024-I,968.9164004348783,607.1936533735784,124.09386256519967,5.804091171448194,-0.7234473387873044,21.307195899354006,25.024454957997946,59.65852384938421,13.979423023104506,31627.875323194694,575.7805268750599,604.5101376140992,4936.609258812379,3050.660104615078,717.5829252759205,1138.5794296790086,6385.919929217725,4924.007083576046,646.8178366871837,900.8340173434071,4627.403137665259,1782.2497931223902,941.896818941143,631.1299141856681,3646.9349280230654,7765.5307932671885,530.7833702576777,248.78428697719534,8626.344229674087,6355.103890315536
1028.439312537277,485.878221435362,17.04469542917601,43.27040961499138,8.067298301060148,30.41917897198202,332.6700962895379,279.9719968880728,76.90153376138674,127.39420633795763,4324.295115476189,239.0343211897174,95.94983468291026,143.07830659116468,28.10745485866521,Passive_But_Steady,Salud,Tablet,Fibra,2024-I,1459.4944030584227,1616.697994960823,15.675929419425799,13.660694357045415,-0.7448429909805089,4.903835687958525,21.82362765243466,40.36448394626741,5.207436892544747,39900.1337754124,604.8881146042636,792.8612801211655,6361.82337784828,4757.3496219161825,856.3407894933167,993.5278150792919,5691.30202160639,3380.053442028083,795.6670867524861,995.3386716025688,8396.402163371933,2014.039376422896,1136.1127560812058,925.1018426065523,4309.83576626202,6222.662912325943,692.2128287878581,495.972592045228,3976.960494154481,6605.307087782337
1770.1182842880012,724.3726237961215,8.542911856963393,37.53892740245916,4.623996264376839,13.629587400147873,128.67261458214688,211.51111155800328,37.99235411222772,664.8350116159861,1765.3258778315646,265.7189854488469,56.67307782142788,421.2197170309335,7.73238383154883,Passive_But_Steady,Educación,Smartphone,Cable,2024-II,1532.76562607103,1064.4396460848216,67.86547253920034,8.400704057811353,2.6285856024050536,-8.383655661329797,11.860115285350671,40.25718904595506,22.39715641347192,4864.532434776669,809.7206897230935,1138.0376136828595,3979.2687589383836,5390.691306095678,675.0374770815421,691.8526546782894,5298.166916387095,4334.89940393586,1492.2463428129172,1412.3652363116723,7138.945341937419,2682.040249317444,579.6682824166367,233.98714914409004,5241.229059250727,4125.944588147103,672.7539487122159,421.95938180760425,3813.3070297447307,6709.801955672928
1794.4719619478224,843.0764506316929,19.14542606830063,39.9882109596982,10.860744426285365,32.49795468890234,49.687357379691406,162.24441743732672,114.80920301638251,690.9158653609966,2430.8575198710155,181.958160494113,59.01255746324823,307.8284684798298,43.567195112598654,Passive_But_Steady,Educación,Laptop,Fibra,2023-II,1360.101361449214,1083.7161106444455,210.79844891880938,26.340955128788156,-2.3568779004125897,1.3284094947847631,20.354527785654295,53.521248849502015,11.542763608435454,-4424.956672966844,368.52416752726685,439.26447038267725,6769.999008492396,2411.8881557027585,671.0301678466308,1283.2640494028517,4598.367328626049,6157.536886402719,932.2702831629458,1491.5310277582435,5157.86101716128,1544.7851993603276,755.969935059292,619.0902611653844,3915.1697306232695,3868.0500650162107,464.75407529799713,694.3785568738773,4478.643073217609,2456.205154974424
823.7482732785452,687.4621565306038,13.194005337514144,35.85766343067542,5.288450209718899,73.69060895470244,258.3248946233337,246.10714026286382,79.95885958250975,-57.55860061264529,2511.224472307119,167.20222608678768,71.9273804706308,478.03844294008155,27.288196509911543,Passive_But_Steady,Empresariales,Smartphone,Cable,2024-II,1343.6674281471815,1042.6099072935085,58.779101838833114,18.944426632366074,12.935787198555822,-0.9410012171088837,1.2088655416191232,64.27748484983735,5.469219480048336,49861.01997977938,857.1885485852779,732.0571106236725,6988.749047397383,7743.485891205553,431.03236178475424,1500.921657712761,5321.774203020671,3931.0271976219906,1049.7362386402842,1518.756253707303,3687.7888986469825,4008.217323363973,421.4121471165829,639.9036891347719,1963.4521502265588,6221.210495337164,1031.665374586728,553.8969378493447,7420.375238235819,6856.879749126201
830.8598646479128,628.59543074899,12.241057851235835,34.00843330570715,4.206435304173065,29.27092984076401,210.76954778142618,70.44146199558472,60.731428472131405,299.2513442112043,3321.224745786245,223.11103536248623,30.26679174154137,292.6385645974802,53.62944190949133,Passive_But_Steady,Salud,Smartphone,DSL,2024-II,1422.732143476497,803.5382779720567,116.1722400016838,2.219786429586083,4.554799770685182,1.2578181758181586,18.10713762063535,61.96461575285997,10.603455419461856,6126.513895608958,673.8532298787416,888.2379613556843,6603.676661760985,7621.372431042262,589.3045469582195,243.86642485481093,5350.12668169208,3423.495851893957,1407.620991059276,1914.2500255718778,8966.735639176542,3187.831448020127,742.3259871705407,404.19647217842464,5457.279623722674,5695.471251115765,514.3418031082956,306.7168693222327,5879.4926111157565,3203.6041753190416
1103.510620952571,507.365806462244,10.553807432761516,34.93215609581309,6.087346808943179,63.177356313569035,163.70867336715202,265.37959621949125,72.03318328860425,788.7479565013571,926.6903996351143,227.63978698800915,46.140886183488156,153.2131337474387,24.91130502355282,Passive_But_Steady,Humanidades,Smartphone,Fibra,2024-II,1112.5060649972897,720.6783859180968,-45.786679373430154,12.503800548567238,8.678906650498996,25.675018443862598,26.764331395930313,55.22440960587242,23.088779039240457,40657.86721018747,489.7689986323342,390.12772135450996,5130.207814248476,4580.9332183249735,666.7652825150718,1273.6331026378818,5406.808029380336,5689.66223299137,1544.0070870670813,1361.679911620562,6431.0163884372705,3125.8526992470124,737.8947385813441,591.7191531532388,3535.765431274662,6931.991949639327,688.523756002362,582.437908712908,4893.97187644047,6633.166613950959
2270.0076641424785,765.4402588672648,12.21867230499753,38.39167953559858,2.2751017638967292,31.04410513192875,214.48782007801242,260.0751769168045,49.059978409325495,-266.70544093213465,363.2974925861208,118.59030809103196,141.6240905165012,236.38421758487172,65.62831879476789,Passive_But_Steady,Empresariales,Laptop,DSL,2024-II,1845.9791130806777,2301.488169338344,-112.12297850754453,12.113871683737514,-2.758694350480573,8.407598630127119,3.772113523081332,49.43500961191796,19.50084075953826,12766.355126701177,405.6763368257607,991.595893906761,5041.5310716152735,5875.52297676747,652.0903212577838,1516.8566205060808,4291.243002667631,5505.19157763051,898.65569263998,1309.14907113668,6714.162799173408,2535.6556259750087,636.3170547235709,558.8344828434422,3410.912321727542,6632.479968973358,756.2330296761133,662.4205377981061,8908.895947757243,5772.992470913047
843.0477893802957,598.0696884594463,20.373224363892046,40.16113358561878,15.071661465654035,10.688615156589439,207.81927440033638,170.38213664739098,79.81207493344814,-343.4866938999959,-1628.8795954521233,198.7570753801369,17.946254644677904,429.21856880795895,72.66503654874352,Passive_But_Steady,Educación,Laptop,Fibra,2023-II,1572.578866703251,863.9518062153876,-0.6696185439424269,-14.021942445465495,9.545408880135275,-3.054696852899254,-5.0315842398907655,54.40755679747943,9.937085730678863,27595.087249920343,327.5510376602859,485.3133732823848,-80.04532959181142,4295.052243981667,514.8605893213692,1288.3379607757693,6841.711448297312,7403.032306213099,1134.9486552224416,1385.6743042838127,3939.1300215132396,2914.8527091784786,916.431583396618,622.7186188167632,3743.2918643275243,5591.228251917825,738.0971853057564,460.21526061416495,6665.11923025252,8076.690167552523
1218.8894869280493,712.6097451984681,24.096916464936143,21.791441003696463,12.128784561755895,51.49669205865493,188.98319609947254,270.91241693680394,95.83189743112577,-163.23479985943854,2644.1429908197088,163.1287759208843,36.17225799883848,328.0312356703067,40.89947011913149,Passive_But_Steady,Ingeniería,Desktop,Fibra,2024-II,1582.280066078346,1056.734773124867,204.02202499730805,3.3789261346582578,2.810421157502578,18.57286982739504,31.378883199086236,33.16869460155921,24.163390481034256,28818.915579339282,326.62508910249835,504.1525791352877,7249.765099151178,4296.654683057151,732.8789603474522,749.0685385757714,6783.780493667806,4584.869944503372,796.951063984502,1118.883829865086,6389.498613375115,3267.7212995418804,501.88661041344164,360.128282656044,4707.34626387627,4030.2561697286756,379.7326127427742,506.4294636512029,8404.421792039477,4684.417240224151
-246.3573525242515,611.8222862457877,17.254745173921446,36.64913514317716,7.783251849253074,-1.55139347075945,145.3998976969196,63.43403517567387,97.49002917368249,-6.058780519017432,3743.367378633239,154.2292475174216,107.71273511987708,339.9282791182534,61.9798759716464,Passive_But_Steady,Salud,Laptop,Fibra,2025-I,1146.0368015352976,1745.8973160822036,65.2776247578491,19.215560934596244,15.740169223340075,-1.5339524257746815,15.059606110108344,57.463871237607115,14.947286499270287,2639.5274565468826,534.920754328802,713.2374663712169,6727.864100565604,5811.514696710484,859.3886626380702,1485.6591178501449,4680.196416554584,6101.245088189285,663.6975539667288,829.3003903500805,9121.549895289048,2109.894202025396,616.0844196516354,996.6632214467533,4519.750961168264,7065.64879463033,573.6531848203472,470.6457535356344,5546.289001882561,5836.321548770421
960.5761163434889,558.796985184616,16.658225189782247,36.5671650262568,10.8572743254622,20.353191179292825,174.89463002600135,-5.3491751922803985,91.57719480163391,547.2240814946496,4762.961885638087,217.6417911598309,35.583855603672816,-41.84288418554529,36.081546395690566,Passive_But_Steady,Humanidades,Laptop,Móvil,2024-II,1142.1951749059779,1686.9742840574986,139.80345721898502,4.172251998131703,10.019463706491521,11.733731615778954,10.41725639539046,60.693949496965466,14.578638556805062,36822.597098032114,508.5334131340804,1068.7600032324826,7081.935414108007,6328.228674071841,586.3315593272428,1225.8764980880953,6277.100806977584,6045.811425820174,1104.1727644697846,1187.2011784485317,4971.836231778023,3168.7674147784273,339.5150447269634,358.0837249228982,4046.5896595497347,6428.949221843926,654.0763573879394,680.0211431358787,6849.220036699271,5200.298105353637
1710.491449032866,829.776328904871,10.968659831957819,31.72733571085538,2.222048091581093,64.28301800519779,267.56492686395774,182.62746106832003,78.73154124596246,-80.33866562581085,4675.10773160536,206.70982029157256,47.93010988379746,436.275833125816,68.43267169349502,Passive_But_Steady,Ingeniería,Laptop,Fibra,2024-II,1581.353825614933,1148.548374059138,137.13308433124502,17.30922725041558,-1.0198657231597295,-0.12517072473888824,18.84365633642844,53.88737496602078,6.472917277491668,13571.648229238232,940.8505414591148,752.2672134440256,3235.807356261156,6415.414804664701,1033.1956269736124,1683.678920438775,2851.130698749094,7290.355599162182,1512.0514483638383,889.8135783448562,8861.02363853302,3033.65801815652,1000.0061296701097,518.7458548356205,4111.973221851312,8144.998213996212,763.4677600410321,415.7588029461319,6041.159895536479,7017.584258872063
896.117586451461,499.1285698156353,0.16928743131018464,29.49010460632744,7.745782136404084,65.46068381424834,250.1117406091794,272.1174916032395,82.00731952470434,-195.17506789093113,608.7288221874869,123.50357331193128,-3.3083852186395575,-173.2472025010939,72.0854221945537,Passive_But_Steady,Empresariales,Desktop,DSL,2024-II,1729.1355591603158,1103.3828967534153,2.6803026454601735,7.653169469389898,-3.9896613917292796,19.989001602923587,-12.171265769250159,36.17068716028152,21.553504404610305,24849.80457662334,542.1243716749534,929.2183340904792,5656.050434330119,5109.42489599361,749.7040335332272,1919.5827015834727,4496.682044470956,5416.292584580888,1114.8228639667263,1512.9139766241435,7091.111033326892,4811.820501410554,643.4942421722815,458.6839479557341,3493.29106118954,5127.701111958707,709.0830160243449,802.3184430515964,6417.246320098807,5980.300609225582
1573.3485818274594,631.765258616138,28.286865441153644,42.31381474415653,3.096554445746711,54.77716726452954,141.6644616437893,291.7541227990519,84.27754279237432,1143.216798793457,6001.01772456653,200.26289060292376,116.98589862705205,204.7889914427244,49.61482049285412,Passive_But_Steady,Empresariales,Laptop,Cable,2024-I,1308.578964480988,1040.7121834082895,7.99272223221169,38.79061023913396,1.2087898796277052,16.187449915311948,18.33793397769992,37.74040075893758,27.17367478963075,13023.28983521289,599.6492127205071,843.8977369789493,5757.351006562456,5733.409361301461,820.9573496336549,588.5417158865322,3794.3188712555493,6881.858018539892,1458.0421241693075,1221.208736003332,6836.485982714822,3031.8846739342043,349.5109038486789,496.42789787360505,5052.389426120157,4735.947055206324,1045.3391451016305,793.3588230077089,6995.908320694337,6929.155248502956
566.9177875356393,823.1026557034525,12.870564699660706,38.238203257747635,10.602572247803113,44.54750527515658,200.61602491101456,234.33520245028004,101.22177661245894,96.24430522139289,-852.5437368259309,249.57985476740797,77.6306718474656,619.502759205945,54.791004939421015,Passive_But_Steady,Educación,Laptop,Fibra,2024-II,1422.6923620054938,1009.9147228795149,110.96245961244976,27.18905961560005,2.2216206024848235,15.800095610941636,39.63652280700317,54.4823326071313,11.797306202699811,2582.028053409551,602.0636210410747,461.4996618440113,5050.9016481955405,4339.599673827728,522.7592262683662,984.6082890133162,6745.543800444183,2848.7245849888095,366.43230144222355,1061.43562597803,5213.346113818786,2517.850584609527,785.857825268183,522.6898862668862,4470.159174300787,4180.731889390261,832.2289441638638,298.2797406456049,4700.674847743675,8216.047103089746
1548.8142340409536,773.6562818331731,17.47036890961972,31.225724467987572,4.003244043887194,39.99201727153364,99.46035879965163,42.43016157800973,50.22584982187015,313.8713725356405,3865.2671889149105,304.1323862131059,2.237770606438346,463.42260604889657,51.75744478689546,Passive_But_Steady,Salud,Laptop,Fibra,2025-I,1593.6340071480452,1789.2158617809773,74.57963086125403,31.84578746964776,-5.854848264457886,21.24768193976877,31.955688891375033,48.66237852897355,23.5327965609035,20579.804128797223,658.0760994637956,718.5916704305043,7133.87211822357,5841.629602566741,546.830135972342,1067.2166920282834,6808.440565402614,4155.491423088834,1265.2005493050315,1159.2555282023486,7914.668756472294,2675.5733810967567,745.4134273923072,706.1503219245012,6385.993246735929,3086.5842528966587,724.5564446529041,586.5952434641553,5581.347792465624,4081.696858408357
561.0947326966975,405.3389906050096,7.057013180421843,35.387074829676166,6.985325206056934,14.802747918778188,262.6670610543913,-33.375989438510885,78.2200256376469,253.916656843956,3696.9607748736944,117.63767526980973,-25.065438712666456,98.5898308805971,53.945916869682854,Passive_But_Steady,Ingeniería,Tablet,DSL,2023-II,1705.9040689177723,1765.42744980061,21.832403905315836,4.378165444088571,-0.07771334254192985,11.643332158980844,14.876722147344125,52.57781822044517,22.044972143424822,15052.900902689602,520.106897628166,392.7717195811008,2217.4810264597886,6962.496581466237,216.02369994820623,1676.4629232908583,5132.029693325299,3705.4204590064483,688.9759321948354,1150.4580913387235,6978.157724555224,2579.111389739155,985.1280217191083,415.0252154287563,5320.659991482661,8129.217208880764,586.1374755853187,768.8339535220751,4777.523197459113,7616.266543486159
849.2438338949298,391.68593552137304,14.180041619703552,44.137949125917466,8.356251366547157,46.24876711005265,248.23741696359951,479.5002955525184,89.91351285721802,431.59883333834773,5316.825530944839,240.0802287330675,54.29861970193453,294.1277050432191,70.22484942258329,Passive_But_Steady,Humanidades,Desktop,Cable,2025-I,898.5231645737233,1957.1389334732146,128.62579045075967,-1.5942007365007385,6.065961258603975,16.29310304810365,23.007948007985732,36.326143085574934,21.985751768358845,11098.642661410133,245.90356534800435,382.86522705314934,6721.614033694418,5448.163210177915,718.5279518735749,1728.7962268094086,7034.0822782171945,6304.628961593286,1668.33272511712,968.1392902871914,6838.184760242399,3058.8459493555874,379.980412414651,433.7730490202488,4401.955864961231,6853.362186845454,750.2486886657996,355.5011526163628,8385.300343048897,1375.6944941580346
655.0711631268691,492.8171159323623,17.159127856948924,29.817858991764282,6.498887617102458,43.783517142233755,185.07853145686832,250.77362248902165,78.20703611696999,115.3342860056998,3907.0775395645232,139.01301857530902,124.58989782250418,497.57964879702183,42.90821043097468,Passive_But_Steady,Empresariales,Laptop,Cable,2024-I,2072.6519487681417,1576.1156537248394,42.542122483799396,2.152063787878221,7.238056031333992,1.3126152264477966,-15.922927236856873,63.452662524979665,16.93860429374017,41377.12237208895,754.6171943734566,900.855702633949,7273.045786000219,7665.4387187757475,611.6563357907529,1337.9424830798812,3870.826579753159,2890.9840302762395,1067.843844692152,1057.7337723196426,7327.308195715246,2476.931163371313,619.7381298532015,591.4449863742616,2730.994317917127,6312.793329526904,508.0436133007033,709.6394178201484,6372.3207160443235,3846.4228844309105
178.06024728471493,725.5674996716135,15.55136535377793,42.82883522398887,0.9300675993766259,58.316232778288736,216.46699160945454,223.51773515893487,87.88492482289338,-106.12363484444381,1718.8776778498395,133.31529642261663,88.78976711742453,-98.00391957767036,51.20105845381527,Passive_But_Steady,Ingeniería,Smartphone,DSL,2024-I,1120.464837947093,1584.4796105140945,86.29051311999976,10.708317332524592,4.4244307770322795,18.396682251649825,28.96489975188632,50.04915333979618,21.281177209167353,1033.158496581891,554.251234226869,358.466662300672,6577.043759771142,4410.106292296049,666.7349796788457,1345.695772584726,7230.618443207348,3449.7599403598415,916.8588329548783,1115.7101781838685,7671.399006993721,2359.846222763401,429.6247030532629,663.4191225757147,4720.621176015646,8619.869919810735,578.8377791485965,833.0652037035097,5352.993779792054,6300.9807519810765
729.4059673152656,714.449765382518,19.136542099550592,39.41277371544076,6.584022989623605,62.39277877950829,356.9033257474551,94.85867787038114,123.88524478996132,164.22429239523433,-970.6666466685845,143.65328346510125,-32.60013308198754,351.17897036434283,28.728362119109725,Passive_But_Steady,Ingeniería,Laptop,Fibra,2025-I,829.1799295226544,1686.403945880162,-27.542970338366537,42.9211804054065,0.9683516025883943,-12.118991874754407,-12.27677437637556,50.43245518335525,9.741738126052276,-1690.1779321609029,495.15962277752686,717.6874306286439,5993.510986629872,3814.4649885530043,429.0229439920382,1509.9327323411912,7020.64193575019,4694.201680566356,1383.296151534473,323.22937771916634,8351.05045895561,3654.539779973432,610.5398796987296,463.2376965064607,5250.7584203981305,7691.091272224073,817.1424386635188,530.7920677365795,5540.398656081708,6508.684568789834
497.80183901240997,710.6130152050382,22.40201803628817,36.372255072039515,11.788835688554457,31.761862749791128,166.2961261032119,177.61062343481404,107.2444614561205,356.4254916431167,-150.78342565217145,234.42361538346952,66.91755504353148,7.350084367798644,40.40074474680448,Passive_But_Steady,Humanidades,Desktop,Móvil,2024-II,1726.8677257399809,1213.3206158315156,41.67558199383445,4.331820453536492,3.866520719224345,12.990212297431128,3.0231376803289436,57.914969467256526,16.699199935928267,33305.699107218956,463.26360997751715,660.3298100374979,4955.793089258458,4124.493030901279,791.8534621118722,1935.085350237087,3662.3905506839,3672.5160301301307,971.1851093778058,1264.3287989802523,8560.33104357901,1422.5434674940955,567.183615523285,291.794840919404,4786.823644840451,6472.881641779583,209.31542119081462,573.2663739689342,5338.455618809446,5739.047487048398
669.79483434098,760.417992507754,17.475936415814218,35.96306162193265,7.9954073707634485,-8.311758435701343,237.16954208201147,246.63980805151698,60.09480568659178,278.94891110375517,3099.555265293716,192.42162194920218,80.78581643218983,496.0721906577445,81.44433399143469,Passive_But_Steady,Ingeniería,Smartphone,DSL,2025-I,1625.858599120436,1261.7857681516389,-21.808303133137073,24.488406253161692,0.5911568638240412,-19.90181714855678,7.877313378442538,46.6589423085787,13.107346122455168,-3786.9032224629045,467.48543605835516,345.86394419366786,8054.60755851178,7243.2950844839415,553.9305858735381,1701.207944411207,8140.961114153382,6220.0888384082755,1116.9773978124538,1408.7553599296775,7212.347419799932,2461.336647495592,316.41695323264156,331.94573643458773,3298.5316756128555,8173.5508926480825,555.6952453971096,497.78052618469553,6866.832722028256,6052.422351584231
717.8248673012863,492.0242286092539,18.60304805740572,37.49141878963869,4.470198545701037,36.17319544083777,222.06192539034572,148.775574397604,96.70977857824067,134.1339941933363,3134.077534182502,203.12562527104373,-36.74708825128545,324.3573526618464,73.6571898853351,Passive_But_Steady,Empresariales,Smartphone,Cable,2025-I,1292.7317901631623,522.162791766926,94.00065913049622,-42.74482774368901,3.5233391429588456,11.97188757521214,24.934168002806235,33.65018567751286,27.226592995681557,25189.957649235796,479.75483129298027,481.3698399535052,9296.542310805567,5912.261314200336,709.9734395253685,1647.2796493126707,5677.1811052017165,5805.268297093011,1283.7200624977083,1551.8389254593994,7535.810312748068,2356.8413542938324,665.0109973183763,499.368675063439,2914.5399150634057,6126.6052762832915,640.0327105915421,499.50828389986566,11579.809575999594,8592.94129765745
455.91763263217416,780.0933192225099,16.28274913905661,46.05365633602505,10.004220897456554,46.64811314956319,469.8668835029953,225.23634506388157,106.5713814984525,394.42332805095845,1369.342325323706,189.5812822240109,62.67789168338737,448.0998999673817,86.30179531026073,Passive_But_Steady,Salud,Laptop,DSL,2024-I,1532.062526160356,2049.522021239765,52.18187182697727,27.887539980493333,4.880089835763571,8.521592496394508,19.03127523519637,37.888098114631,19.65208452703882,-12962.28108303589,368.1092733786877,624.4924954638742,5837.101497931887,4400.612746118974,765.5429545870055,1703.1033961323042,5502.636827563403,4164.004080597964,745.7192719513674,1047.6334715137425,9025.64461059288,2199.7006712004904,343.99482912697687,931.0454001593073,4914.205811763105,8988.72531468053,588.2833398203892,757.6612187197152,9775.515705566695,5880.152205746729
-221.97041319756033,535.6617754608747,29.479265025706333,36.25863648582798,10.824810478256744,-4.00691010316169,247.21911467495318,179.88993221094785,91.35040037170972,-168.6236609259173,5472.314680830488,116.23506228767025,79.10936382158465,372.9899064352524,73.63105490852766,Passive_But_Steady,Humanidades,Smartphone,Cable,2024-II,1172.1777218119526,1867.5817729105295,-1.2676500202906595,-1.6656570967077506,-4.920234608667151,-0.906959635189355,35.79669574148426,60.16848038363193,16.145015582366817,36535.206990220664,367.3405741701432,767.8685813799636,7189.311651387131,6258.461020010631,945.6927242003196,2166.858156412186,6342.47156171132,3070.6416918452583,949.190466981088,1288.7666815917423,5402.6558235965185,2453.6143485382604,250.72724777455386,689.9084603700353,2981.963461127822,2193.040655689375,996.2218266970534,599.0212632040299,7234.130161585328,8190.763476860155
727.2483083227253,814.1000613094245,8.347994920431187,27.261612181630937,9.13216851453609,16.55526151057655,232.90560461616656,266.4372066391494,55.554758935734014,396.83018193081915,5879.690341434747,242.32320245529962,64.0112400172308,139.98207146156193,46.363254827429614,Passive_But_Steady,Educación,Smartphone,Cable,2024-I,1589.2925519273745,1962.0370386033342,152.6066813082716,33.59446354726262,0.9970789854297482,3.816909857305623,6.461197061045594,32.12174746193925,12.536379499376558,24227.950537261077,373.72952443994535,429.06702415697237,5365.822548542613,3592.656241616168,1198.7137990124236,1567.1650733448992,4761.012157477859,3695.333024808063,1686.4059257772403,995.0223362293306,5535.151813142803,715.9124307433399,403.05113201266914,574.3968652821194,3190.280463349063,6387.835028511843,798.2132046992095,319.2455914713213,8898.01162225005,5475.52520827509
826.893559684668,658.9955289001826,15.928399703042103,29.26165374678091,1.0232732774043072,-0.9019499143276519,240.79470806584314,86.84323580202457,96.86822170831888,254.77449891819208,3945.116798230565,294.10263793447814,86.92902595920079,228.47204010971217,29.73063762210278,Passive_But_Steady,Empresariales,Desktop,Cable,2024-I,1237.141120162865,1878.4187104611956,40.47219725320544,22.337935240660833,8.598338495909989,35.38236101891104,24.068872108509456,36.67160678334171,11.221184165706052,-3347.529946482595,503.5171646701302,867.4875249443571,3067.368154719786,4391.802361932154,654.6729228348615,628.9933138459089,4624.456859866284,4075.634708002853,1007.1671595449429,1426.101866119758,2527.7922528533763,1101.1890774078006,528.2094249343166,550.389176698608,5017.074192907178,5004.724165618807,673.395070854975,618.3712395579407,8989.675470421469,2603.0072695102094
1595.614382669802,662.8962173069331,33.12727184034898,40.42507991751921,11.64536766569434,17.303908517143867,284.1833064367123,169.65695488207618,103.76748760940275,345.1394607861737,2523.9739191742497,131.55703853774853,8.786517607924075,90.10734615810247,77.49365681427396,Passive_But_Steady,Ingeniería,Laptop,Fibra,2024-I,1334.405758583493,1133.8692708035205,78.96767156634783,6.765076262261187,7.017636304364448,29.840549498869063,27.699205101756743,40.7504720225935,16.2674308664772,-9274.111705646854,504.9669083876755,707.633319367541,10370.539488262784,5871.553426564043,455.8607614916389,1590.1332793923782,3945.804827873626,5145.809253421552,1114.414810915558,2172.249748441241,6793.011637531095,4255.345701658583,384.8511181732943,729.4658044895865,4502.394159090546,9331.586028103618,351.4262481621145,368.940107414616,8797.354330661097,5925.217560700054
1315.5430861501718,430.1183647503521,8.863118047055092,32.15387314942263,21.42360135109003,38.050585559242535,235.14254797389847,277.83116574650614,68.7303489207463,60.007348019039426,869.5636443581584,311.4446108556529,44.597534628231664,26.930027055665704,9.168556836372076,Passive_But_Steady,Humanidades,Laptop,Cable,2024-II,1180.0227294086371,890.4365521239924,83.78150405184326,24.628125546630194,8.250170774640083,-4.097603244936627,6.933684521529228,37.74399742503165,11.425788536252776,53479.661638040605,298.2342262225379,729.4170026351643,7315.001793152259,4204.549991646577,415.31010600370263,1682.4786506582223,5011.269117757976,5287.69322740868,822.2226939245875,1060.0659455935481,6937.05637660574,1659.2181658623012,411.978385865447,486.47730181877756,4247.073361113219,3829.628501101464,1006.7522779463482,358.07283640960225,2539.751536405111,5824.599415254301
153.9457530357421,484.8433553469916,19.06751609860725,37.88747249038672,7.192717951659539,21.05443210503745,276.42285179123877,150.2313119305797,79.00627738310709,321.81932569737563,3156.873908503704,280.6120113145373,54.318385464599416,225.8030766914137,93.47037912054981,Passive_But_Steady,Salud,Desktop,Fibra,2024-I,1032.9536836033149,1499.38048747881,3.3740611039241735,28.462400738440763,10.38138197968894,4.5015700406938155,15.43481782135966,58.84980862445449,19.337621840388422,-4706.709001843399,530.7751613838943,828.9292111870147,4698.773497171609,5717.359009197226,770.0283973517081,1168.3195886527476,1569.3654234079395,8401.050418914763,1322.931124481132,1316.389293459471,6701.579595909165,2203.404628695539,555.9561904308739,841.0559677853129,2229.0097624563086,3132.4739610779193,585.1045753862982,476.6339168362812,8127.742981769319,5099.327544786254
1763.370279005492,818.3833470472414,16.894295477411923,33.842634010575246,5.609216407479909,11.962022482465528,180.05264893847257,-3.7163732579434168,106.12721907636012,219.87470226662515,1860.9361727811279,236.5973248506485,223.15709510700077,161.09890897241968,50.52281563373288,Passive_But_Steady,Humanidades,Laptop,Fibra,2024-II,1684.7406333751403,994.2840538141922,-21.28145099773768,52.75978868235068,-0.9051855044802042,6.524134476505676,-4.862529496322695,46.491794216904495,31.090513778845793,27117.65630570401,176.6426133788549,810.0373257281052,8283.844934966339,6749.147420549523,491.15410211461744,910.4472867755342,5610.3519673528435,8127.914061233532,1130.8175473138867,1791.3458592457146,7664.354462101522,2743.699405903485,874.4476300904062,404.1363316914176,5804.440433584816,7001.825376064856,681.4178241632084,355.3168044893481,4495.558552806764,6080.1469366967
741.2190881101506,818.7829218826615,5.215035918931891,42.900380905280755,0.2746338312678187,53.77725977084298,167.3674879716878,117.91621654744125,79.24831812821829,40.135928918921564,7906.263006621549,199.566251700016,73.33006582424136,118.52760889864756,41.59250410377784,Passive_But_Steady,Empresariales,Smartphone,Fibra,2024-II,1754.9762908722635,693.456373221044,159.03912987844203,-16.0019538136783,4.146009517792876,7.951559088922377,15.596176337168227,41.14390576288471,24.4224838125888,10223.014645372588,369.36032166067116,936.6298114321593,5800.115372933353,5046.928884170301,744.8118249533304,285.0369844596494,6331.675205276777,3481.1530991826257,1330.829138241573,1022.7995245307799,8203.944942128102,3313.302011853564,536.8787369526593,584.8873965973472,3147.0173904556245,3841.5005480348736,275.9506126012513,498.252395252284,6512.338064541564,3905.8340919171424
769.5723323654514,545.6150316103129,23.85888441122688,32.71411914416116,11.614627219086787,25.889063113713476,67.29112457253865,232.16222389544373,108.41500258596608,-359.91275594375645,5616.481985086464,131.85729915111085,70.85791651474118,-61.06103693052977,36.825545212045505,Passive_But_Steady,Empresariales,Laptop,Fibra,2023-II,1332.8809798608586,1514.3747118724136,111.08085933532553,14.876505623779185,8.896314391724214,-0.8940238517385364,17.907235959657218,29.8188658478699,15.854930810105861,28036.93265277114,297.2218370868808,821.4707619809949,4538.194108270873,6157.216842031343,647.9624999362358,1119.3735338847614,5806.757830129545,3450.6554708040476,1430.61548274754,910.4865355341224,5318.669725221161,3393.0010001947066,889.4223534378384,832.355726893504,4383.5829477186535,5497.55973571489,499.19094661854933,488.37395415925664,6484.074977002256,4071.9240427098684
830.0139804878901,817.3619285339547,-4.445015086414562,33.685228854512175,3.904952192840362,-14.595232790911009,371.21907878628565,-0.5539948845656397,82.16204842698792,-452.56998370631607,3341.1667820958296,254.75757000878355,4.368477078224963,355.41566308380516,33.62866317003616,Passive_But_Steady,Ingeniería,Tablet,Fibra,2024-II,1494.7199338887758,504.0907118097708,29.4244726891606,-5.721234989952798,1.0305370752247596,3.853172640357819,-0.036470044704490334,46.46867588675025,20.576579120978632,45585.82149907437,536.2421508374835,1026.9684679008212,6864.256985753897,6793.878065212194,715.0687175052421,1817.11356459874,7033.360988157042,3321.5384159239984,787.6097974806707,1333.9375337247907,5324.211477154088,2758.89722333228,341.1580107237355,355.0101290135491,2505.2861053035494,8772.039347165824,681.1201971361602,662.8725676667705,6999.536283295466,5814.507824420413
770.9196271696371,513.8021822654223,3.553035601881515,29.78488741310848,13.406948542146718,79.97908859461822,226.94489930796948,209.4534005595553,91.05634278566563,49.148862133000044,3633.0689284328237,164.2706846897356,45.307112932789515,302.15236850922827,45.904412879484106,Passive_But_Steady,Educación,Laptop,DSL,2024-I,1569.7682964869525,892.0191587740817,102.07918930976983,2.064273807505085,2.0869780489492418,38.405428202388784,29.467822623008132,40.831314966329884,18.629793024986846,14143.017854271056,618.114817612197,846.0340172135934,5020.844248331143,5238.610037579954,791.831092736522,1419.0646292465872,7770.947532148261,5621.101124008859,1482.6034909958976,559.5775234421551,8253.973752390699,2274.4402973242413,523.454403571991,642.600502343087,2905.017061133157,7450.014316089578,760.4173397270398,512.0515917687968,7948.1415633532015,3080.028182399584
945.0879806204762,694.3413490013978,21.941975514109938,28.56776480016087,9.056205789856016,38.021373196247424,305.2830918033061,231.30530627101166,76.38668266233809,12.009835240098056,3787.960131680162,146.31627877957717,149.5813740727533,395.9948876909081,56.395692027049186,Passive_But_Steady,Salud,Laptop,Fibra,2024-I,1263.8809949376523,895.3596929146715,14.472797845130323,38.51415001474541,1.150013007127093,18.182431692865364,12.39651809679195,40.902510512704275,15.652418260802406,34187.60536926214,544.4626176969788,388.6925469216287,3480.6825723046722,6103.070030784397,706.4350719117241,2209.2146607078985,5108.076977088783,3105.256079622501,1150.4042235466663,1581.8927259764205,8871.210517136447,3599.7100756570835,610.3700212383903,322.90950356474707,3993.2833728911655,9132.34234313682,613.1311342646493,659.5853398182068,7352.430406235655,6573.6987132971035
1553.7437218578877,596.7837891074146,20.39153511725247,38.032539532517895,11.999343012881308,30.37405916231902,269.6026892233812,341.68066715659086,76.5291025850423,-19.10545158119055,1692.1738316500455,197.60033594399852,84.23875472211516,70.50490275670207,27.49134179651214,Passive_But_Steady,Salud,Laptop,Cable,2024-II,935.7321404660069,1004.8466889218969,74.95748004354026,-9.827896775488899,7.900734775583152,-15.464659015473448,9.144565305003892,55.7764166134972,18.579017377018598,67597.51014967472,504.5689856560558,527.2185876879247,1441.4662468246688,5002.543585664505,836.2538051799943,2166.5786814991498,7079.00266578813,6477.734973330439,1516.8692763276188,1599.729352020943,7887.322843881785,3131.991307967227,633.2008345839619,597.1756230947111,4648.729670339183,5342.097933481037,705.8892725851723,600.3468686573835,5628.831235499858,4992.0027802738405
165.9021741567759,573.8520175421816,8.889741306945318,30.509682205031936,1.810653583763222,25.82271184280184,259.83437215838484,83.37171695109014,95.82170571941745,-80.75655475958237,3113.826390055584,280.60266512302366,81.60637259532368,329.2645246137667,63.99403977229114,Passive_But_Steady,Ingeniería,Laptop,Fibra,2024-I,1414.0653988107872,1418.9319612802801,15.519076626829046,3.457946434176222,8.665872140323959,26.5624874190608,-9.298890034879536,44.0339584909383,10.34273982635633,26699.243057256455,510.6746546765542,543.959471955589,5513.965369005474,4120.113452478294,738.9022148844904,723.5846292798209,4019.3162136343453,5801.893136782466,1673.5805842476734,1884.2058297268832,5644.7900951968895,3474.6155116186583,781.3226345199964,685.3644922054104,3843.6967629839396,8498.52439104184,805.4870022737555,505.95973679443745,12311.93624828026,7860.193934986137
1748.1422568637538,858.3749762761596,19.090257010230847,25.221986441318137,8.71765229173534,6.5459724349287,180.36614397747692,127.65521148934634,37.47015259073558,134.71634861343114,2675.1394776669495,257.0899184617888,110.01253125173511,55.01852818756629,89.92902852190059,Passive_But_Steady,Ingeniería,Laptop,Fibra,2025-I,1617.288351884998,1041.701045631694,28.441412604917748,-11.430845556561163,-1.1035315951843456,9.800812765466986,8.94062193038665,47.95207703469549,21.127928890812193,33897.54821655433,745.287943607099,786.7337590740549,6629.861445131733,3897.502253609321,609.5304152338824,1674.4624906734425,7048.380696226755,2593.937506306684,972.6353433574355,1178.104130767852,3514.2436581583997,2050.000968225444,457.4993393304022,853.9626493494716,3923.136484188458,4486.384146367567,695.2643722023811,483.60415614345897,8128.150200195407,4436.29469519282
1587.0979246592779,1005.3247685628714,12.570456324959448,29.96026420158907,10.666667678044945,22.521765131398627,120.45015764332142,131.00324412937613,67.50371858523341,101.00333127578946,2651.695189964865,259.3999638388795,110.71232540921781,435.3131694743434,79.91661834808428,Passive_But_Steady,Ingeniería,Smartphone,Fibra,2024-II,1969.8869011296383,1713.1320863878348,106.96244775229127,20.244238226942638,2.252931133083676,10.686202411460636,14.797829270271752,66.73049675204607,18.9577120532011,19162.74780429464,1008.7143480738649,404.7209158272881,5209.5643132196765,7590.837421207117,519.0614826245142,2025.7026147806146,7810.096517021244,3390.388034415174,1231.7937719164104,1206.4889679975731,6116.706976550822,2473.024391483971,648.1434991970614,593.4134945154,4492.176957361931,4438.299831967224,839.9111329247024,547.3577437363108,7136.172697341724,5927.411901551611
461.6142640568638,631.6409617402771,15.118986974807141,33.81574420716848,10.390479545160083,35.66338411495193,177.64925126417626,151.1208571644438,58.0363732354793,452.09076897172787,4113.745552797905,140.90569522719562,28.94932015801426,489.00175378724,76.90707606514466,Passive_But_Steady,Salud,Desktop,Fibra,2024-II,1519.2751919893449,794.8199610546965,37.577072997855524,15.538409236544659,5.185770603620822,9.516954480581457,6.467933301357085,41.439608029582146,20.702253001631185,60275.91947454654,329.67056059363927,655.1589446809331,6115.878471327253,7510.574724691202,770.0351799909307,925.9376899891142,6639.395183445108,3812.825979308904,860.441236375251,930.1847427303114,6766.320203236959,2335.535269410464,547.0202839186469,596.8743684718556,1555.8337655438436,1569.5385623106868,426.36156653779324,826.1680494900954,8724.485857022675,6030.484998526644
789.5776849068603,890.526872302569,16.053068963652063,39.94013205995519,8.953791974103973,-1.153145949923374,118.4670131603911,162.85255129887918,148.4405888448543,-68.88958337759837,3723.1723398686177,188.8047217745008,100.25689001755293,523.1591363147022,30.37920019219676,Passive_But_Steady,Humanidades,Desktop,Cable,2024-II,1471.502089811142,966.1904292419683,163.6460266755596,27.60901521651736,0.0451937865725498,-4.699602576173728,-5.681078214191563,34.86633133201841,13.705992138889247,-727.9658461115359,1013.0788113926411,241.60065435754444,3717.6212599359988,6028.410500582807,339.79182349391783,877.8333998944338,5680.1178958512855,3874.8677902491604,914.8481102506498,1924.3455228061162,5934.444924578267,3626.1802467171296,730.9645745244782,499.58118179351266,3547.9493532741735,6679.0240252412295,679.1510578785329,584.9016958935249,7917.976289330978,4125.956911520416
145.06474168142336,595.2704825933811,23.303353711328143,25.657885893795207,1.4447273475410842,4.467342854585777,213.34859538848247,25.49065655413358,52.42433269083907,358.3229909957122,4790.430141712343,363.96955690075197,55.31634631166705,208.08940510155475,9.1304727448371,Passive_But_Steady,Salud,Tablet,Cable,2023-II,1539.7186684756464,814.482415983417,99.22343018167595,3.074273561982805,3.713918338861157,4.524286887282127,8.878203272019917,49.431101268496725,12.57676568049583,11998.499527416256,430.0896225254888,646.3776459685499,4244.394795174867,6963.388723587865,629.8188647414762,1350.5771989867012,6655.655598379496,5379.526131163348,1708.1592897392402,791.0544222149123,7816.43357474156,2303.1511399580763,497.8211697959139,564.8534682367883,3245.0186479071317,5963.820666340399,701.0912388625961,606.8117459749484,6798.0396091106895,5455.876122741335
1028.3179039714228,722.1737844636845,19.124781621845358,31.098021940119764,0.9263724953802877,31.36462286530342,294.76040117322066,102.59825333104536,43.42454077481669,-130.9096751907795,1087.246232298401,252.47012885266648,80.8451755014442,289.51332520760207,76.49878898745058,Passive_But_Steady,Educación,Laptop,Fibra,2023-II,1379.479192961533,1743.9248607790676,73.5032244590892,-9.312304902427403,-3.1689821641093125,22.992444953101433,-19.81316668396299,34.48828082980728,22.147721749533357,45512.0062979622,697.7856053417072,669.0578974338255,6161.770615000262,5066.466455038497,608.0022761756082,736.206923029356,6532.0361935101,5994.481476932844,1305.4311190094068,632.3592804931466,4501.558861430788,2838.28148288663,647.062073733251,507.23134228442007,3636.4251966077495,7517.610431163648,555.0570481602377,483.6423084428063,6510.464283813087,2547.7549227152813
328.83269574873685,620.863195494497,15.33004309981651,39.17647520843761,10.922445837178447,29.02137373007396,250.01747720699882,204.6851039154393,120.53742171886779,-650.8671681686619,2642.9921323708954,159.21467214777377,30.293440871723178,-324.43296267528183,16.455126706533676,Passive_But_Steady,Ingeniería,Laptop,Fibra,2023-II,1609.330023798372,1500.437223456629,70.34085918921079,32.77563617422103,3.7370266385976056,21.35243659365139,22.076151330425336,52.77247643409878,14.37595095894806,25654.11315282351,420.43708455664887,818.5498847676158,4915.144838930594,5762.994373404728,300.85714637790284,1311.4954423891656,5047.07345231575,6673.803167374783,1112.4294419232176,1172.25716554084,2021.0873392818949,1556.0832974616314,797.0181659519652,724.9104963678004,5007.077916185722,8527.766310552875,570.7762645214214,391.26041675541177,5563.270228552764,6410.870406788645
797.21808785786,529.2734870819927,16.069950164818245,27.310289475903886,6.6136826350525695,50.43081790460211,154.12580967247342,163.0600968526307,91.48967135617556,281.05717246365685,-3224.846806570583,262.6957495504581,71.32990232557992,18.161185748148853,75.23210751210222,Passive_But_Steady,Empresariales,Laptop,DSL,2024-I,1115.4171328954476,1555.7768601088853,118.02325571111987,25.898351658516727,-1.1888354076724514,25.762074325074344,8.238430868063208,38.77287433167344,21.88329718433789,444.93177349516554,164.44195034336565,598.7082151490612,4601.731886163811,5433.415436927055,789.234058327943,839.0193257204127,4501.949775890797,5261.128050199174,1268.39341044773,1244.2364500983083,4053.418842471394,3251.192054266939,465.75242675255555,660.4055137940073,2802.5481774861614,6612.754263349281,429.3087299411325,368.28100860442476,5104.223323319526,5564.004939477662
1509.623697072873,719.9358034853213,13.374849506036432,35.398377524269215,7.883525207741774,7.469676241080478,207.26058802116265,321.5997412128129,100.19774273994705,-13.292537068624313,2495.2455950176864,153.46840309374,18.998242351529697,495.75068908903444,46.94165722781264,Passive_But_Steady,Empresariales,Tablet,Fibra,2024-I,1141.7169732852522,1259.760504282297,73.79587557394763,13.523455092885452,4.900495694096984,13.861833054777133,8.329194817004975,44.36636762297389,28.97463542566066,9405.29013564258,330.8736678116287,825.0711298514589,3678.91400683236,3027.688615130845,878.7236093116678,1849.1321494163035,5356.696030331136,8349.805884418814,1413.23005477168,1288.8923591048613,5038.135707176678,3621.601283894947,445.4523311591686,635.5548560869638,4747.632460295721,8282.562653332123,654.4455460206595,526.7106086685653,8808.385953122684,5279.579172405491
1084.015336826995,745.0726471429723,18.56927612602294,34.34593792578614,6.961695638217918,65.54965956691646,179.83857862934286,79.74640546938693,89.40038861246946,567.0689761371966,1121.3940095651365,307.58492454108136,39.31862715276258,228.98234742982095,55.288317711716026,Passive_But_Steady,Humanidades,Laptop,Fibra,2025-I,1539.3296502056708,1612.5729252990525,101.477827749222,20.92155370331236,-4.666388758128613,50.06602169192993,1.110432049986391,59.13561056121839,10.78136676627391,33064.50385331083,631.849111232615,971.3551934283918,9127.381330580609,7701.096946096344,457.5752568630694,1532.7380005044538,5031.241330888066,5121.106174600206,1402.7274741279766,899.8190730146185,4805.672014862395,1677.4962046505275,247.61894536497596,527.1990059357322,6090.70714126107,6750.828726178729,620.6092885488251,416.0892071951239,8731.890565527887,6001.794070043195
759.8827464753264,585.3258870251098,23.68215440178109,26.032203275495313,8.945000707278481,24.7416056920203,304.3043657149397,203.14587346404306,65.49368340227943,-97.78240238905288,-1348.7314183056633,279.7071211103305,86.57451805340231,58.65352000659192,14.320146544098677,Passive_But_Steady,Educación,Laptop,Cable,2024-I,1573.4169850062106,1579.2813787038826,126.46832847589583,27.437199485321543,8.290616227826524,25.6313589603189,16.83684125088856,46.65938599160816,13.959808938264665,38326.91168230079,554.6002390160509,618.5346036367497,2548.29888770608,5761.859012034919,434.24677748817066,849.0002933232678,5018.036627353993,5147.248604068282,1121.1614353568946,572.7912959299676,5049.617725240648,2101.705004561022,482.5538040695255,487.0425807361492,3654.6707768457063,12465.429435492995,691.2266447898999,426.9593189879829,3089.418363905808,6624.8475387407
403.8428632299588,414.6047744968634,12.969818850570864,31.362864547725685,5.598562469907714,37.814502472474956,129.26263926456673,99.45267724151725,74.7391625032479,56.73556100452328,2391.581400803753,237.8589912656717,-8.10418125841747,313.18482575412474,13.798200075173142,Passive_But_Steady,Salud,Desktop,Fibra,2024-II,2005.1704869528292,1071.6490140291294,118.7045996496432,16.944998603382327,-2.432788985495883,14.102150743133302,-10.864755306909755,36.587509000624394,26.18029952765083,8330.583477083972,462.74927014850385,320.10203566538075,5168.016032341409,3653.967789032358,818.6655936817524,1465.1927326615942,7753.2028095228925,3748.6873193577103,1550.7910868837782,1150.884366936937,8213.420660140875,3633.507242839048,334.9762211955765,751.2046176313106,3069.106758796439,6351.062320787973,553.7376429326828,246.998143956613,9670.077877023781,6491.036928674575
293.51419594921686,781.8656007279347,17.60915683438991,38.187815706387674,14.252958235334189,28.006492157313964,189.3645992952674,198.01090270476027,61.64761797389416,-301.89431867749926,4247.010708744507,262.26707551903485,196.41334404733217,324.5318146199909,78.34722668386385,Passive_But_Steady,Educación,Smartphone,Móvil,2024-I,787.1852738842692,851.6719447466859,154.7484279472685,-5.7607299590182794,-1.2715713000696294,12.232939462366879,9.692516407386504,67.9501554350004,20.307427164907637,17804.204820969106,593.3224253291346,1014.6077992877501,5822.382341426653,6360.74432477083,784.6387355716822,1846.3271235613615,5706.956203838488,7944.564240761723,1040.2627947647247,902.0458163004623,7401.370391071394,2243.6149005456555,703.3371446881816,476.5546712196119,6189.264048888814,6370.429212223969,915.5308444495515,396.8186369473685,6179.115781147271,2262.8328848288115
1222.2555781067217,460.57759341452635,14.13612362934957,37.17845836890516,-0.035342403613526585,69.5792642233447,227.6336361582406,129.77414548795775,97.32444456159779,350.37226421565884,2723.152231962276,299.1474558734385,23.38455325798643,462.9163666158818,43.7345892295141,Passive_But_Steady,Ingeniería,Desktop,Cable,2024-I,1242.8032538029533,1431.3858855562416,93.94153226471312,41.96951271399521,7.074742991160497,-11.627487385661304,11.649511623522931,35.15196714695657,14.526842582100645,65052.25008200685,632.6058379285947,693.3384137696115,4940.767476128544,5634.7398053714005,503.5008700072917,1275.5292784001863,5747.147375561143,2345.242043895389,685.747293901715,1235.023026586017,7471.642554516653,3135.605960846059,548.6072166187258,557.4140947864422,4461.834483285415,6868.756408609263,435.10604002772925,482.9535793146007,5711.223575562456,6007.621723672867
1108.5846770866326,591.8857005438865,14.19163509509493,38.191613260094435,11.390830924596077,16.115076215707024,180.93170040409694,162.8721983419071,104.37271799148469,280.43556703311674,834.2084208827555,155.00026039972093,113.75896048465194,-5.749333392577398,72.20752093530209,Passive_But_Steady,Empresariales,Smartphone,Fibra,2024-I,1748.0577668667372,989.6186410523028,29.616599950862522,0.6275847903990908,8.34091272270896,13.982382053679919,27.17323116154602,50.05343086774278,16.499023219434978,19235.2656613562,664.0032706380705,460.84071832098687,5724.815775250288,4834.93603722308,844.2099255215528,877.0856532532152,3618.9810846323244,3942.034066644351,1578.8379639755349,1273.1975976738206,4909.266404639431,2145.278101186157,424.1064554580887,389.9386921133017,6287.012978345553,3478.097099382564,903.6954751601745,762.0549725888064,3232.698160858741,6311.74706275381
687.6808443913242,775.4278132128263,3.175266801820861,35.72920786584109,8.135636264496224,55.75931451077608,354.23133881483034,-3.0576754375485677,38.55162505449779,238.88883549959468,475.50647676278095,271.0206577876379,135.02390448874837,554.3577201538145,30.993777777500508,Passive_But_Steady,Ingeniería,Tablet,Fibra,2024-II,1894.25212399791,1967.797841260367,28.103154717356187,45.16664264237829,-2.8833628764829067,16.226696351157358,18.249732372418407,44.730912621348175,26.568209243244237,45055.78752344485,829.4409913380381,891.3522829967408,7929.023892941148,6797.103453345436,761.4916236510462,1757.7260659190315,7220.781445483353,5479.1442901595565,1033.8616843675495,1470.8725896330257,5872.043506362242,2832.2862691977843,387.8879847360196,903.9704511815669,3021.936195749764,5643.413232751728,501.93512448424497,341.8282534686075,6673.401078500499,4677.5665548973175
125.29696697882582,580.6900093667981,7.1013727842680385,38.03568784831324,9.24926816715818,73.93106844646843,114.05051144669137,256.1862449202546,80.82185591072825,454.8243323801478,5430.450363812177,183.57985382987027,131.80484091412328,-84.45210356147334,42.612090738348144,Passive_But_Steady,Salud,Laptop,Cable,2024-I,1794.8287985602592,1540.783117657382,91.77621168533047,15.02805256292866,-1.3749514247946322,-9.196046826617758,17.17042896101318,51.317340734007004,9.73873594230989,20839.793372786553,634.6644403848699,423.8530898011973,3099.3119134979856,4379.740030246678,568.4128899288833,19.917019999885724,3971.2509460778765,5433.064494997939,1983.2600957724062,1146.1565890843308,5878.426717030348,4197.667404745447,451.38571428677733,561.268730614915,2219.1523184928856,7823.291648917701,548.26226943401,574.2847305175883,3362.6581691744996,5236.070660694979
1472.0184590435836,688.1721551022885,17.99865504325194,33.92445534804609,8.926404477848642,14.237436680208061,52.49412092492983,166.62816605577592,108.170821608524,-187.0602000038682,2159.0988980100965,159.49865478204958,65.68266202772496,615.6786744652786,44.89052007256287,Passive_But_Steady,Ingeniería,Tablet,Fibra,2024-I,1033.5580248566102,1017.2612832614673,26.815615004698557,18.73738109018305,0.30962192116784903,7.686338545682979,-0.5659057918767556,35.50863524773065,15.330428184891268,10035.65535609204,861.1357676848504,441.5173432976047,3488.6412443114605,2305.2337730003646,451.91522759223847,1054.9143058041032,6183.783137525231,2587.4332278669795,897.063907097335,1408.0538779457486,7382.837155695072,2539.4042690311003,971.0238824156872,422.65303035801105,4933.044033059043,6253.906784585164,735.454953278473,736.5736248125488,3482.32814116912,4421.49912360664
1615.526820562671,667.9285334122205,22.691516907924864,29.803802205896428,12.433785763030023,31.836958645568807,334.4861667996596,142.17713041150392,70.23023129256673,82.39994626291339,2907.5419070340777,179.76642661220905,133.93070945066273,314.6557281409528,41.27432357950582,Passive_But_Steady,Empresariales,Smartphone,Móvil,2024-II,1518.9132354317494,1422.6236712970826,43.92808401208369,30.317425943891738,4.756344332064809,23.293583371299306,22.235037434426197,41.97775159129652,9.046031955140974,11051.211901173565,462.9580066181477,513.5269013566192,5622.015542953905,4760.593036841235,830.8183050512534,1548.7737052588693,4812.995402148439,5555.722444399327,1686.6772390665535,1380.4560878418595,5096.818974612695,3224.921567421483,886.556730820196,424.34977056357354,5980.447170582378,4175.922977573835,849.3182149657805,509.8375913000824,4440.681604039334,3189.275810295234
339.78394024117574,419.62614692268244,9.108535952272483,22.546582834855563,11.287809822844146,48.5215979439185,361.597807174291,262.1277203230952,118.59965648088425,-24.425289825093955,2856.278751254648,195.5651815155436,144.94903730470924,97.24626861466712,64.95697932303277,Passive_But_Steady,Empresariales,Laptop,Cable,2024-II,1383.71840308953,1080.257306337324,155.30134765617825,5.176491328860508,1.521558445622293,0.9310257579742176,-1.6180676828726526,53.29584074579654,18.51618371627495,40667.90975934275,579.7838597466026,742.3286710517659,7424.376921488451,4210.973456776873,826.2582134965163,1043.3325268161525,4021.538313295677,6003.693586242849,1264.3314760376638,1321.740895624954,7300.246367529206,2603.0800101104114,503.26375529153904,429.07085519889495,6072.436901971307,5482.525655661149,785.5836186855063,343.4385355182247,5827.605469931641,6627.613955599642
1676.1314506472615,678.4869385570105,16.535611348240693,27.16077553391696,3.3385196805742017,37.596925269698076,222.0621202396383,291.55146828653625,136.4965693929032,603.9607918576847,5431.581001452445,216.71582935789087,54.26191057486919,115.55563895326958,77.86756498678403,Passive_But_Steady,Educación,Laptop,Fibra,2023-II,870.389429639974,1455.0668822530529,37.97241268987956,-15.075722482596971,0.7751759997049485,22.638373351539023,-16.003032872897215,9.807141774299303,19.89733065686457,14771.91621375611,189.27713010302563,442.7679034228772,5445.284106528054,5324.010841325153,1090.8360008067941,1213.2945484939266,6100.889985314253,3610.724215164212,1316.8007421592251,1421.0393886599138,4782.580290142621,3644.5523752966947,736.601191272589,659.9454521635457,5675.631214096435,6536.762931887292,563.0019325453067,419.07438176245944,7786.239834696029,7578.464257701522
967.638959433522,690.4728464371709,15.15262240198875,31.334253881301837,9.081948465159424,20.398365504557695,261.579248980435,294.4808461587049,97.92665114363507,-1.6367175144490034,3827.317745333523,270.53384767026705,113.58399926756344,381.7904179890603,10.863767173198575,Passive_But_Steady,Empresariales,Laptop,Cable,2024-II,947.1512868055106,1587.361955688854,130.34016360205973,19.56578109951616,-2.0556595019987824,-0.8478149804982196,8.851077675563639,53.625995378902715,11.523097410229566,30755.835969682503,609.2854029038585,1120.8278737674373,3057.760684106279,2964.424907541984,757.1282219296237,1285.414786986464,2853.7615966558665,6189.089126698281,1515.2532899028208,996.8821806885152,4282.775775329574,2407.881467499914,455.3300560825487,699.4635522298935,4117.439330259348,6280.875777710938,796.4401346742445,101.64053010130738,8911.555700793353,6632.508609032711
1165.0159595490186,866.532612785334,10.827293569663706,32.98016624459369,4.790242275112908,1.5496557308993175,130.60862261723787,156.16405962786465,112.4640782160771,413.6527011360731,485.82073149991857,162.00479789505232,114.09110031618965,330.5343933638142,72.41541180550827,Passive_But_Steady,Ingeniería,Laptop,Fibra,2024-II,1542.2176495971844,1756.5403020327385,151.10268731653858,4.680606587274081,2.1859808890074994,1.0370951571436393,-1.9417393046866547,40.00850836233453,15.680254571287934,42436.72203834304,433.836888973884,613.7927348564482,8448.224199280276,4179.820543063854,602.638898665901,1513.905327540163,6226.740490900752,6484.519208885877,1138.1762706179616,1085.2959728892938,6589.096254314851,3170.7380412955376,760.1836543103245,515.6719009082611,3680.232168767089,4337.971040586169,910.995946316082,545.0053187926214,6119.596796755175,6550.719060568878
432.9778640414826,607.6842973152884,19.06869294493506,30.015689898059918,6.704461262682571,-18.466340906290792,202.83791622414782,304.34482366685165,73.98646944516126,290.97613012786553,5372.140675404145,224.122390311907,116.39347779793128,230.35816427965693,31.483241090542922,Passive_But_Steady,Educación,Smartphone,Fibra,2024-II,1564.5889074685874,177.181010380595,140.6900408664462,35.471183704263524,-0.6425689989673224,12.551279834550105,0.9824025895440411,45.418845575371805,17.02896156603072,19498.249527929132,726.0859473468295,1040.90112511814,6444.161104083159,5543.256292989102,719.040033538076,1598.3205102659574,7302.24083601504,6962.163048237794,512.2129115886597,1565.3759806468615,6207.966541459903,1361.0309567111067,589.0927146757748,349.8848282505348,2777.586289732407,4080.615147428765,753.1850192346202,486.21357398102907,5793.761642898559,6342.701163525066
1577.1772523508298,678.0354502635946,16.922713333515937,41.80235384116663,6.750826830177821,57.35283080535752,196.29474987003178,190.41603441236302,48.59067453865845,-258.3375117682741,4662.344252393797,72.45743628426091,21.890527310575212,504.54429990126505,15.75058109176804,Passive_But_Steady,Educación,Laptop,Cable,2024-I,1519.1255052782462,1242.6318413215315,151.52993801815185,-11.320676442698527,3.6588858035425016,19.620619094289893,26.489092826215888,32.170311965796614,22.808859200372122,8650.47391375315,531.8175030900746,191.44187274393897,5460.015880922297,4951.0591101253285,471.40485840615537,1082.4481426256064,2173.5658410933706,5005.061901757454,630.0424774986291,245.5237238415856,4498.126169732442,3894.520925369363,410.1937173070427,705.1109422179985,7090.652918636786,4775.144674029776,343.8216318696974,561.229197566113,7190.30650299313,6058.801871285871
1048.467073814536,415.81409464734224,14.506166616540813,30.641006125890332,2.265238227290843,33.778185003347474,161.32222751261855,130.66133024898966,93.39305207288702,-79.0145161826537,2455.7057133897893,298.1961055456985,120.92285509810671,422.51168003180646,56.630971955561634,Passive_But_Steady,Humanidades,Laptop,Cable,2024-I,1295.5646794974157,1220.0071340506875,78.51175165455102,7.481257134490765,5.963320131589152,-1.1536091948481113,1.1076764425954297,34.32851269113606,25.47573849077401,18402.052730086423,545.2725732849627,754.2939923663589,5456.844874121404,5435.816437438793,545.6306933584922,1576.2550386242424,7198.633708652645,4358.647583300565,1203.23003593232,1331.9448576566174,8502.685451312896,2040.4376514234439,652.6181721502793,478.3837423945304,3861.3315541148586,7670.944174837387,642.7019884101363,468.68440056784243,6049.88443741855,3712.5105060720553
798.7866177465995,979.5398679616501,11.204034676994631,33.97646520805672,16.279840312487657,-7.493529819967289,236.71396811405253,133.6198742916848,71.85995980625847,148.19565765727083,2903.723827457855,345.28227109228993,73.31227643224373,248.99317762001377,54.381782902551834,Passive_But_Steady,Empresariales,Smartphone,Cable,2024-I,1324.6966660317462,388.96222353706685,114.72871683779542,-0.49862301329234704,-4.333555943527892,14.528510695782545,33.92444570994568,62.26036621775099,16.194957017823153,51879.23365129765,486.3830462368294,705.8883964087141,3964.722692186452,5717.026721294506,360.91603005160067,979.7691676839156,4798.819281754602,4212.4164322511,2009.7223629474108,1505.5792951347692,6771.654980646773,2750.3821612908137,625.9640626304163,477.3235062738728,2945.2352154010523,5757.367018981857,666.7448995786484,595.8651974092552,4006.4270393887923,3413.1235622981453
2210.9472472438383,857.4066382691556,17.738717431106448,35.81674429676019,5.159134452360137,22.88975144365476,186.92172035569345,31.486849508529062,79.59253253153318,405.24989193370084,5984.55505152138,287.336690055211,35.49938930944813,95.61967284246005,43.88278725215116,Passive_But_Steady,Educación,Laptop,Fibra,2025-I,1398.2320316194016,307.5994021510048,61.30388645312042,34.696175641142304,6.052986872300513,3.6099716010273273,5.0558410486887935,51.09847204055014,13.560658598826986,27441.113897834548,332.2909274831087,419.4270655959982,8511.596604447575,4563.4816003891265,903.9307592874475,1648.056545020056,7765.649702742704,5751.301336097007,1066.7666093440398,1281.0183518730116,1886.188560077343,3054.140650922568,432.158290239782,451.21584938600745,2835.5587877337534,5845.881654145717,913.8538922959264,549.8925376194425,1129.8227890967564,4263.101436823184
1365.6129665499861,667.0206870796899,18.857290516492974,36.261148855410184,17.023268481382292,56.34431300793947,180.31142256990876,123.64718842343846,93.13389295947752,172.02095805574342,3868.390208701375,227.72403351784223,3.906238340723519,740.6779934865207,15.576784241795337,Passive_But_Steady,Educación,Laptop,Cable,2024-I,1374.5443248978445,1423.2470579667079,63.371177161085456,12.325995241003135,-2.902131631038462,-4.438854648014986,3.4699257021253995,44.44170948311973,19.852365972854866,12541.999592603475,345.04219430620753,617.6976555548445,6077.0935764528695,2710.072335746221,730.340206092204,1102.4369492625146,6377.431134462404,5507.887454858876,863.6992959439199,1386.7111809464852,9369.30229171912,1139.6837232999462,616.8640480409755,722.1752462845078,3861.147496708806,5145.124736589213,374.0252475785868,596.9881141185064,6245.799180162343,4450.628419396895
1137.4929309133581,701.7511951608656,17.2300399192388,31.291133781590002,7.489512117913694,39.662640187628455,280.70993672094414,292.7148286782184,92.3517338291909,438.16976347696067,671.1690805860676,170.92907648722198,85.55902439452625,428.2384207734205,62.37197241619111,Passive_But_Steady,Ingeniería,Smartphone,Fibra,2025-I,1303.0536088698427,1257.9907367495928,143.55787721983285,16.68382570970983,-1.6921819082808116,15.685435141947151,34.140678406584335,45.4817235645312,16.621964736412046,35259.181383266354,520.4811028706167,473.7198461698496,4475.83196470658,5628.947091639257,594.4563333899525,1228.028472691194,7898.714018195713,5042.32377003508,1783.0459718671405,1185.0829368060456,2954.0560375569403,3444.738103091687,483.6067276444769,408.2258074413415,3964.730221994626,7066.2276136817445,1012.429147878523,567.1528881028363,9540.14855965996,7282.329118029103
1660.3129104294967,296.78999242725934,28.493293738987926,30.647707141125245,8.828984992524811,61.0348278823964,212.22866748184794,125.49640221035921,142.2888055678448,150.10979646065965,5239.017907240539,283.3248093310315,20.421658736714704,211.67560019034988,47.508064226469855,Passive_But_Steady,Ingeniería,Laptop,Cable,2024-I,1179.8898120694514,958.019812340674,4.988318276060735,35.24360740916448,17.08496183314492,-3.86244658181971,-6.607116597020014,44.206984524612814,22.086676162895607,35607.331828014074,339.1138515663189,1210.6670841945643,7375.135290103688,6401.43442815004,588.5270762166979,2227.1958051431848,5853.184981575363,5369.925829769997,710.9869346695285,626.9321146633329,9773.837490816393,2545.4517044316026,669.7669149770934,999.1802203233347,5270.017639797291,8112.869380342615,781.1710974995243,90.62407551857467,7490.336486097204,6104.114809374343
941.180567970946,825.1347998618544,15.45782638923646,35.07961451316268,5.466258338801161,40.6536065610138,245.00124360354576,162.32716156290968,46.67987344370384,49.535420525448146,3083.349889901056,338.7987977458043,44.48723244037164,60.86897970629734,61.064447732361316,Passive_But_Steady,Ingeniería,Tablet,Cable,2024-I,1356.6781806832232,1764.9663753957002,68.80163577994828,42.6150158866552,-2.4662149266161397,26.248321623734427,6.423270380816637,42.74646894139531,24.098637969126578,40131.27232310599,718.1588477569587,989.6571045795865,5193.091892464316,3755.4808784065826,1006.6343667490812,914.6847188466957,4576.222212096857,2764.635149350669,1437.9414514057125,1008.1625586595967,9624.162319172476,2171.85788669063,529.6811523018912,488.7124931769747,4713.542292646025,8371.254604680165,578.4038490326449,676.2122688892032,4326.227937335241,5897.36556476129
526.5182514312858,675.3916257739676,13.50608679708949,30.696294893858852,10.827838095066273,26.685466456336652,163.53320084913304,274.92676880344027,118.49550721485167,411.2460523932664,-1160.0942840300881,237.30103232055293,147.78879462538794,-26.488305178399884,49.323557899833474,Passive_But_Steady,Salud,Laptop,Cable,2024-I,1097.359610008474,1299.4493463697224,115.99225007826914,4.792338236250298,-1.867547697589909,26.699317189427088,9.181976377979554,43.68421065010351,7.330807016678719,38640.788496423644,284.01276869050747,774.1869769400348,4152.651161489637,5597.463614636097,621.299244898949,1363.839238717279,4094.1825366196317,5418.652953619084,1527.3249951983453,990.2672344290152,8087.0400524804,1929.673162498205,967.4846465933246,599.9017679128754,3611.6284920407816,8110.681509941531,656.9991234279555,460.16414551182845,3023.9501437360254,3966.019152707764
1422.8448760519714,935.3486892510915,8.487720981777839,33.093881613749154,7.562082263812586,15.836238609496954,449.9099064941362,202.97505984805596,59.7143740952974,439.3009824482195,2798.1984888838665,188.8279111814094,82.89892646815942,686.1366695048459,31.3658156141826,Passive_But_Steady,Empresariales,Laptop,Móvil,2023-II,1129.6249127779179,1090.7283271604997,75.06818399817605,20.68738543314757,0.4514336174886382,-15.74790831659354,9.560731111496292,43.54640624158185,13.310904706629962,31284.0768588275,456.6323044343093,827.8939287130322,7184.976607664041,5140.80604477409,395.0623494262622,1064.4521469349495,4537.39623966336,4554.206510702321,1288.5942556744515,1675.7140794652635,6218.146209356515,2250.270620110531,475.21388832148546,348.5111660485848,4273.149582830641,8675.41602928754,1220.559463131091,763.4504589008775,9521.908045216547,5656.283043614277
402.8934935626846,702.5685739529309,18.738473134325886,34.46785463709694,9.735671611737656,64.29963349320579,109.57821722515897,341.37585446890034,146.5477392898925,-122.22963019712532,4240.926449595856,196.86378024478307,97.33404967292121,-35.64315255238026,13.636171007926357,Passive_But_Steady,Humanidades,Laptop,DSL,2025-I,1542.2101879961667,1329.036329798548,89.94977881341116,1.8607320375084129,-3.550936134202744,-13.642418095636568,6.972180677026337,47.22280299798876,26.162130769484868,53359.53035109431,500.0247917230944,589.0808152935255,4206.486529336689,3702.60738295646,680.4772577674718,1762.3980805499975,8788.889672065792,8123.283308881932,1239.6231403473341,1003.0139613089095,5258.378251080129,4095.077265628075,638.6382571524992,705.9449845278771,4552.64766787133,4544.768027361706,623.8525045786326,485.31030299424566,8642.400278116393,7127.800082743876
164.52982470198805,645.2055561236277,16.844769221619124,39.01268878724869,12.1793634795738,47.03420584882025,244.84581869350103,225.49646030163277,44.222790689865406,384.98009055683303,4721.2168866814245,203.09282077942035,77.81074903439236,304.60560813979345,42.60372334733468,Passive_But_Steady,Salud,Laptop,Móvil,2024-II,1108.749652306077,1296.68634988381,39.45784156768383,-1.0797123983568966,4.647998387961466,6.3845003106392095,53.19595134674516,63.38854625359842,6.767597187428603,18576.35169323968,715.5894260925161,372.7423567230392,8460.067676986486,5251.785049048919,726.5841045288972,473.35020292889044,4731.573131066572,4646.366858620033,1027.1517390106644,2123.5090684211914,6036.126933848675,4688.31950260228,779.3877335687738,689.7011003049095,5474.483383552496,2760.48236508329,928.1540671512557,543.4765351788717,6883.1483537124295,5857.250501504986
377.5755457276581,466.2391363502808,17.21722216088926,28.202398985221897,10.21830003800094,28.594799640833372,365.03346878656873,50.58003748603869,112.24576694468144,491.9192606576614,5765.077200873744,86.44313041331515,132.43634385330608,214.34837762812623,94.62447537773741,Passive_But_Steady,Educación,Smartphone,Móvil,2024-II,1044.8567705359324,1358.9767128258934,178.89307584141105,24.735946056632052,1.4292925146819804,16.507067212538406,-1.0155570136328946,54.68803958332445,20.98730136981155,12048.028974875526,548.2588064188102,498.3701980965783,5241.744147838886,4136.4091785681785,552.3786409926638,1870.5536884862668,7002.839709044041,2527.9990645278067,1672.3731108389902,1084.0133719025177,7203.448110347099,3065.1427109855845,902.9567641822919,469.85498020009663,4611.701762762744,7046.789642766355,541.9930212682847,615.6789862654805,10325.237191683816,5019.390442146298
1439.2126672421768,784.0633948060101,12.78819281247519,32.999244950242186,8.042931238874617,17.645486472745215,152.01685493285544,161.34205175156904,81.27896188623207,-229.29168722476757,3328.5173772689545,356.33616946191853,90.42941785883015,302.6567441749496,48.803507697026795,Passive_But_Steady,Empresariales,Smartphone,DSL,2024-II,1291.9973620841408,1169.765660006188,154.8518981223872,2.882160634934263,-0.10318536738967632,4.097882976475653,7.778080371466438,49.509681044826905,16.229842817882833,-12772.307818874717,403.49759369178116,470.3365732312268,2760.306988042511,4443.385787031763,650.8640359192074,1666.8087426126135,4817.451260089401,4484.6651643442665,1506.0401891550569,1283.2519317115596,8830.475972759494,3804.5076833613184,746.7486327755887,509.08997827164274,4442.780059995709,6677.152323645011,658.56818055006,607.5056821226053,6324.595148197996,5684.139733857541
707.6917518262878,831.5687269637591,13.636664698775146,35.14618603851904,7.128633054274257,22.442580822829292,134.4579383871088,156.77406173300872,77.35003392011753,356.2236460397778,1658.8366545055972,287.488399371227,113.9942400436314,333.4895835806152,22.630796689378666,Passive_But_Steady,Ingeniería,Smartphone,Móvil,2024-II,1075.8082288443713,1572.1414144645064,113.26731945986913,-17.76668238268419,-1.1410279238460044,38.39539646173837,7.718969538709507,36.196963800141354,24.499313308930606,2672.391524894414,682.1199721138474,456.752880595517,6848.368281257443,3144.8854870767354,685.3931312917699,1428.9170903051613,7768.659067949375,1061.8233844277443,962.2563330741376,818.4696611762241,4868.2005870959665,764.8209847121693,672.8342232843738,303.4585249410226,3821.9493098163093,8254.210813663723,839.7759023235196,532.9259882722122,7721.897958229155,4680.572882751431
1288.8295515839816,898.3633237137173,6.105300877307327,35.91107748454802,3.9694058786825392,8.087199835674422,181.84414515019182,197.4903398282583,66.92719485817926,149.77343413432618,4446.43491787478,249.38296994746534,82.64398945513182,165.28382318840005,33.93532279618181,Passive_But_Steady,Ingeniería,Laptop,DSL,2025-I,1678.3472568235372,1146.059665566923,22.828149551808185,48.9838822636365,2.300935392695748,14.358080921863746,-3.234394647589033,40.30213982539703,18.262600123119793,31108.692907312132,286.8624332717852,598.8572943409268,2878.3277621956204,3416.148346850802,656.9922814563422,802.2159911339368,6563.472849678902,7331.900897759899,1416.6252281153966,1548.3902862673351,5263.156926076143,1978.0526459536122,807.8946065484328,778.4140238103757,4026.949223410837,7850.907594454545,714.1553378388696,530.1139512504756,7048.632661287428,5833.227738434133
879.7829036873695,717.3651189653716,6.92383470970919,48.11694739188296,8.418035474004094,26.206021088558128,252.46384571015753,287.7819104189804,69.52258792579995,484.5595857351826,4926.626733011216,395.88657279921426,6.1995548705184405,140.98568341908998,53.205036895972164,Passive_But_Steady,Empresariales,Smartphone,Cable,2024-I,1523.5500409439655,394.80081771346977,-9.899177104099593,-22.217878930029833,2.310934919988716,-7.8315692541928925,21.746793402555724,56.03108686750075,20.859431000721223,12350.190467241362,169.05329964733124,693.4348337471527,4415.429305815542,3834.564754369736,520.4658027393263,1100.0593354436783,6401.1315549169285,5268.412561579034,1337.7869278427074,1894.8451544477043,7420.704037687342,2739.896944702697,489.7163948225607,587.2719491600549,2660.506943136224,4772.31254673403,627.6787349866538,709.4175392776536,6274.070979936834,4064.8679267188377
1413.0930835352533,594.6344337568822,13.450793598994919,29.021177054836546,9.406087822703684,42.286016445162375,227.36332790659122,78.4657621306402,66.74848772695137,795.5952911982525,3150.4169810222907,302.6303299589236,113.20370452925945,361.66137366734336,21.183919186787342,Passive_But_Steady,Empresariales,Tablet,Fibra,2024-II,1169.689202825611,1253.0479161920584,225.49360480425383,24.006410921024475,0.005792987685069972,-15.923100643485201,15.899190096469255,52.3259608608837,13.447496750035953,10772.783311021354,507.30321701162575,809.0182612953307,2371.8321661615146,4060.3266818402644,434.1125253723578,591.92156877348,2696.1744696984406,3837.3136496559837,1525.1765360644013,592.4492079943325,3462.375516013582,2411.392747372582,611.0441500337582,524.9769132331434,2408.7554019104236,8739.238068026556,751.9462088381363,691.0571812375433,5215.675151874908,5071.972547879699
372.133907361197,505.75542658944926,19.237874056071618,31.72592687913963,12.874228236726118,27.576531999173643,190.36355004677822,141.50580699492144,90.8843649380155,541.5137618542316,2189.7236445877998,120.8564500865699,73.9288779930038,217.45137047298033,51.78649571355928,Passive_But_Steady,Humanidades,Laptop,Fibra,2024-II,1586.8638168519576,1408.33196257803,128.0057535192376,-5.8088894588005004,-0.9102148120928324,28.270258305773833,21.68366659717023,36.05826200214641,19.50731918002798,9676.863606944895,578.6757415447951,322.3397138164877,4807.9528653257385,5182.878484022138,1043.3969544391155,1486.3835003596662,6215.011401989694,3576.331897668813,1017.3258404995531,432.6355203818532,7353.596181699064,1925.610332915173,582.186809640264,460.9143298940634,5297.641837484351,7522.733046499273,253.55189354216367,567.1342885832346,10831.694318387505,7163.964764517785
1404.247783700164,630.7792429224902,17.60477738391622,32.67992978071257,10.727740167686527,7.127556375678468,216.8305466139061,233.1982889388845,105.77098125427833,-190.61645410500037,1745.6938982638703,198.04238400017476,131.34818895067673,303.10228448581165,61.61465071122961,Passive_But_Steady,Salud,Tablet,DSL,2025-I,1226.5897142870722,770.876662834069,-10.154594154893083,35.03254187754665,-0.9864767730637785,8.53518236555644,4.736710498308311,52.08857533475298,25.497372336775314,5920.6182515927285,620.218433351489,486.923097926217,7256.108923798136,3236.8611988399166,861.816709950805,977.9636159043635,8306.208079344138,6662.750937229166,1095.7786579636097,1080.28926130475,4999.709285662364,2289.322167361003,410.9928096287903,609.1281428611679,7606.22239995951,6499.373455612664,849.6071023658209,571.1943577220857,4735.94375356106,4278.77574126977
1652.982318192857,820.4172052189058,19.225926550653952,45.21146883655617,8.836572148554,40.95285840667172,70.78892815463784,178.12722425663952,79.35998296718279,-461.3298907723182,5962.434675566074,280.97659595280635,34.92166368298045,475.7427819688333,53.6783417934316,Passive_But_Steady,Humanidades,Laptop,Cable,2024-II,1076.4073420640516,1733.8259628500196,40.1091827504289,14.842310374183427,-0.692026396577206,11.465199483846865,12.537982640155029,61.47783358656589,19.481560321843084,19656.126865430397,434.7815285118073,633.5496626562638,9303.67013849266,4899.872122555755,913.5669436752391,2007.001458395794,7862.909706030929,5091.941999808268,927.664257452964,1135.1608910660948,4990.441285017228,3306.4113756287215,637.2023856926514,578.1938968931036,5498.065224314124,7144.892843258868,916.980497663261,800.0432261687439,5205.23823801804,8816.895667088946
1944.7948951030965,709.5690260148228,15.935218971681774,39.42204732631004,7.793962036942251,24.21470873181847,214.86539940122023,316.0019571855512,111.00720659778025,-31.073409749325037,5712.165216399192,271.7569691298219,114.97771672698218,559.5330223426722,75.16939205764484,Passive_But_Steady,Salud,Laptop,DSL,2025-I,1064.3790921219302,1650.6575367224652,104.86952498346442,12.46604640455856,2.9204255077785883,1.3197872620483135,-3.7395814581802718,42.33495515020425,11.823318769086912,26078.07916661127,824.9396218972822,627.5270948341982,7415.001723312161,5675.970837136242,601.1162162714397,1605.7521416582006,5390.222901052217,4186.656288094113,1559.764832873662,809.00018506066,8139.454691218234,3236.353736434782,884.2934663964754,351.66682038543786,4136.218797740219,6520.220784935329,228.18792668802786,721.7256744916557,6075.894699430631,4930.671003371814
-26.449652156184356,948.4402952177564,5.496589127988944,48.35493531415315,9.483853408487228,42.632906086476495,150.09629266644822,66.22472399934037,123.58305630049847,681.3542340616915,2850.102278188473,281.19520511699767,72.80674598760469,85.81258596226618,74.25646584120315,Passive_But_Steady,Empresariales,Smartphone,Fibra,2024-II,921.2522512089854,1444.0263006903529,50.07879165017608,30.95890037518302,-3.0520314780011524,1.6225623053915372,3.641244038098404,47.943262448405676,20.215873732152367,-15694.25905465362,248.97513345600268,805.8852806363973,8351.13915962772,8325.54962327746,370.85494945583645,888.0948156479283,5058.763406546189,4886.7118248027155,1555.2460267239207,1902.9975692502076,7245.69623206932,4322.3775771098335,656.245264736342,999.2194286813353,6272.912405884319,7235.639170532286,746.5623496714409,709.3996050687956,5966.1367040662235,6202.758153761937
895.1318945031699,831.0051835374044,13.233848082792782,28.13767973265719,5.947009550753448,10.513081779985319,227.0746343602502,311.2610577032784,80.83480292905267,401.3901579140923,1661.4965877764457,223.79853942189936,62.508512526840114,386.9825448913414,48.44968884855614,Passive_But_Steady,Empresariales,Desktop,Fibra,2024-I,1319.439580759068,1216.0942012252924,-14.314919576473464,15.535506890823903,1.1243882879910547,4.896919260991985,-0.14814685206374278,52.695623601340436,13.102942035235603,17145.766332417585,447.2620324033152,874.9649740541613,4365.788617450438,6206.17091840212,742.261752776344,2083.0607610454895,3674.7595711229555,3823.0645521726374,728.3369922684312,1501.4727263964044,8001.1843464581325,2525.233796804204,610.6227147893989,717.5512309269541,3124.79393803985,5234.998047777339,641.9693468042216,601.9722713478108,8424.899831227212,2279.661444975905
582.4653456417238,439.57538424292323,23.543023023879286,33.77203584298865,4.359399583952792,18.68573143859189,338.65195488486745,230.8326197192578,92.19053471377204,-70.40302595484698,4926.698035463425,65.6527540170554,41.264087111811804,185.42515718621408,64.07854241312351,Passive_But_Steady,Ingeniería,Laptop,Cable,2024-I,2137.439234223471,1119.1689423288917,9.012367047276804,58.68136691512666,7.850121699156302,-4.624203718441872,13.070315371763307,56.164929969073626,14.185917849605797,53886.125663205734,404.74207189773904,500.952564783689,5638.355853803094,2974.779590161084,965.1866521280454,1864.9187805328518,7062.512301225384,4302.914213949664,1067.2334849835806,1037.3570597143914,7458.463196444647,2430.1197188756614,606.4495551294306,559.976928745266,5344.5142891199475,3448.555466974687,565.1897478803678,429.1431124177867,8047.650213938787,4454.662797031469
684.7668461495431,518.5345746201242,11.196127910492036,38.54053492051197,11.368421457082327,32.05987246028873,307.18808646799016,224.9917627450843,136.11102641876968,210.96220826991313,2071.455158717138,147.3401971230708,107.96285022613327,140.88664408582838,54.201379933788616,Passive_But_Steady,Ingeniería,Laptop,Móvil,2024-II,1023.7502827221913,965.4991406084971,85.0727481278712,30.077876546059343,6.199272320103639,8.63854345977213,17.48213779285141,44.043001140407284,24.52353776622648,25875.40010687272,450.93111550422054,704.4167377270448,4930.715536811734,1644.637369455727,798.2782855902593,1825.5242523655645,4793.74551771571,5054.205022561329,1184.8089819766526,1026.3693077949506,2865.236581037945,2304.318060901993,532.6810520126143,516.3336600349194,4871.162684351395,1522.1110416040701,188.36758543373486,306.8980680432967,10051.996080904815,4483.804165155389
1262.7970069598832,599.7944416524437,9.19629823280313,28.914713854121032,4.9815932175799365,12.228756557083184,83.55889301190538,331.5989525609257,60.03946138177109,323.8490245702768,-1410.9173295618452,162.0651419557875,96.06947863073337,299.67223011868487,46.56871829186165,Passive_But_Steady,Ingeniería,Smartphone,Fibra,2024-II,1387.3846827893065,951.0079587394372,16.312889258482997,42.81767739914909,8.415412116235629,10.62681160132533,3.646224182618166,53.676549064274106,16.353479260641866,16750.17958071611,538.6064692280003,411.94681071858463,3342.7039604367424,6363.795928662314,521.2477624985574,723.3291758191848,7535.719213573307,4179.45343944394,1730.0009697624391,369.83253924288647,8536.773195610578,3326.4910080427708,206.71260367593294,362.88405057186014,3131.057429029491,8893.523519348519,670.9652109873902,639.6889787315909,8467.332922372614,4030.760328332809
753.157610835433,837.069513139071,13.324951335056785,38.58175401784195,8.703818390547443,5.0348891328463825,108.17991115323505,94.24425196948307,68.16420987372422,37.69391255370162,6537.021036694918,222.21524856721865,18.591405336725618,423.6445628350098,79.50106379806462,Passive_But_Steady,Salud,Desktop,DSL,2023-II,1568.944954772313,1687.8324441619006,175.56623790740616,-20.296155402575145,4.593420427415886,2.7489310692424347,3.936945074751865,56.51793842480377,13.617314202795985,34009.18302521331,312.9783211465026,628.9958619817338,9349.183060857078,6494.951210012506,847.5193298544409,1563.1668626135445,8242.537950673526,4147.181143321992,1536.759394694862,1766.6920030344602,8634.795262332973,4141.481895701864,530.6281322861381,367.5321030012857,3260.2085823386155,4196.432339614306,905.8215822498349,514.4178852460701,7261.395537428713,2154.700752407323
786.6578454214861,605.9193757447999,31.386401666886215,33.79953999257056,9.989699878874006,57.69420796314631,153.1601034889778,78.08889593403362,72.26990087524891,179.64925616992332,3348.3544146423424,250.0956354754102,57.53120278407565,224.22458360436258,70.64792614814222,Passive_But_Steady,Educación,Laptop,DSL,2024-I,1356.0857674418103,1031.7206054986104,144.11355957791636,3.4570461500609397,2.4070733063642464,13.337401114136412,25.70115647661697,56.63969079484483,20.529374754666367,159.41221733066413,511.3158034548644,876.781393694992,6797.625552414497,5231.2531311432995,522.8058886440517,1569.7876852711267,9004.122853802972,6536.482891762582,769.6937286901334,1449.7225754173335,6274.206021872714,3674.910854962891,466.8552093866733,970.8939790061972,3971.8088548280093,7110.7175308141295,588.7892625071833,596.4750841867781,9717.368662351944,2858.7483302945043
532.6308328137363,693.7927636232833,13.191760139873098,38.59300837792517,3.108569073547903,26.149290123868575,162.10292991653333,61.07119402031299,117.51037695984735,-288.9803778396011,92.33848780373955,107.75088928227794,-10.660544118305495,458.85799674781595,38.62629695216246,Passive_But_Steady,Ingeniería,Laptop,Fibra,2024-I,1842.009478436967,1567.2693010289245,128.66652491226472,48.27515821784269,-0.9118831079452634,-13.586731302831717,8.76966661356313,23.65428881903055,20.089189614122837,19804.225726848545,820.109133952996,721.8182022404543,5799.988208716707,5638.908533798705,493.4551056663105,1330.8674091807795,1762.643407125162,4183.632655587415,1580.4028182593893,857.2146208823843,7036.259622350823,3121.35733385232,616.532758899856,850.7753641300212,3753.7798086781195,10516.176657181806,880.1061741304704,684.6265789228842,7524.608724997608,6446.911023955079
1063.8725343545705,623.6395634169173,22.941229741403784,33.33914053784513,4.442025055402871,68.52347214877804,80.30878411742577,152.59647994012576,54.124193121941204,-455.6896669590262,3793.0117352151246,318.79172428635144,24.097886560104968,194.4273768046485,68.30347088989684,Passive_But_Steady,Empresariales,Laptop,Fibra,2025-I,1539.2940887507252,1508.64961878663,72.71307096062644,2.675363398280407,-11.577928809856978,20.330543306218644,15.553172408830381,50.90006237493246,15.782894409312973,75472.93491798769,401.0628949560188,693.6557351819229,3998.4625667984783,2884.662287542125,403.93350013345264,1384.371977835666,3702.6824097081503,3636.7835764193283,1378.0665371783516,1009.8393977738368,9227.770191226527,1784.5781663524683,1206.7922506892905,370.0866696832248,4553.5952330411865,3108.3739495654236,729.0618118196023,501.3688812059558,6515.9866470988445,6042.064005563377
996.8200452740851,757.0561829115276,11.022774896700856,26.013952582164265,0.3224085452975931,52.52228047874969,153.94360739151955,210.73281081638225,15.264004188572969,62.59814118856559,3963.004776354982,353.01135995258255,94.19878112464588,-104.8254260319748,59.55674689873284,Passive_But_Steady,Salud,Smartphone,Fibra,2023-II,940.7895976761321,788.8259929015242,120.67587669445007,26.376136675594648,7.340993531527524,17.166707042429003,6.043395914183715,42.293305455957984,20.089212970550626,16774.973818090966,309.46883662013795,772.7095236600462,8881.925709201108,3684.962691080801,689.087831017242,1669.711923356784,5957.630628674623,3235.7094746964985,1400.9269185969076,1301.4238053471001,7058.067917231022,3039.288653943704,698.5026314301156,514.999985117904,5802.555020787467,8957.27712928889,789.8458572127013,655.4513537574958,3266.593966354512,4713.9881076152415
413.99809611571425,785.848407869453,18.84541582209634,27.10391203055146,12.192900527093215,50.11484337125492,136.30196739410218,201.65722570191036,42.42831515275905,368.1059928302251,1493.7366757431746,326.1274267673129,137.84161678921194,476.5424061010052,46.6990027786531,Passive_But_Steady,Educación,Laptop,Fibra,2024-II,1239.6789528768868,1554.1176485547237,45.717745788658235,35.17150032006943,-0.6567716314348042,-20.75080484863795,23.648991741947086,38.423753508347545,19.04388251195786,46562.83435934715,154.36063626426613,593.585565669367,4020.5017185516945,5990.47081227921,757.116660859775,1498.8014015850229,5902.964870916341,6395.981316238134,649.5704156029194,1187.1597750305375,6006.031212203421,2246.3679796528845,571.2367850911672,526.0755313068527,4095.8383234921257,3450.298986207431,522.7307979864124,439.23344469702204,4477.069268538532,4676.417910611577
658.9542660256368,863.6935145330583,14.749290098408117,34.19041133603616,5.593163299281917,46.13921462339242,383.08207695461044,304.54084353186033,47.12898738537062,-172.39262704702236,3179.15052928168,320.17964340737063,205.72085004287004,204.27796461712262,28.87038905440789,Passive_But_Steady,Educación,Laptop,Fibra,2024-I,1351.633429566623,1236.6126046020556,-54.81578226514962,-11.152866267368244,4.001266816843712,11.661109853099491,18.75939267475061,54.461075859326876,11.113511660528966,-2337.4234619698655,530.4649146418031,508.551869397993,4855.412681293326,5568.788674021538,690.8548791183395,1473.4429774292407,6312.648446648522,6087.854056751161,1063.4815622829221,1361.641341942551,3665.312448777567,3169.072046093745,561.126918473717,594.698432687067,4625.389302875963,4749.759884375215,692.8655506665078,764.146969031726,6595.930313887748,8997.69529350738
462.89446953551624,911.4903555535959,21.965833705888855,45.96605766918779,13.270000461233494,32.81450458732266,188.94292585371204,86.09770584413627,70.2484631532864,-42.6083203948418,7932.220129065646,226.12159745665613,36.697867738324476,62.14137305289455,27.230059623838496,Passive_But_Steady,Educación,Laptop,Fibra,2024-I,1313.5418269332877,951.9833553666743,27.616715187847326,-9.908881198785593,5.740969734230685,29.472740205411363,19.925359941083105,62.03883419147679,18.65692180613547,33002.98463352289,478.6218271110498,941.8764590338762,7996.352602442934,8652.012989891467,995.8896960615637,808.225852807826,6039.122912210203,4476.024168466656,863.3517832220815,1484.2667590615351,4989.138126115877,2703.2953040313587,753.3440426380064,672.3291067930583,5161.535974969809,5850.308599158964,391.1758776605398,255.18478728799585,6367.098891933849,3902.3610285085647
1046.6820729222784,846.1498137058411,22.287874242676807,40.52877172609898,4.2129104128155515,1.6378228223163305,426.27266304554144,141.61584762784238,118.15413796678934,528.1609944682347,4630.101616472232,277.5724814408092,21.224318142395198,295.43217253473887,79.00675492336651,Passive_But_Steady,Empresariales,Smartphone,Fibra,2025-I,1075.3601066042554,852.1385194649229,92.78435326950493,-21.499107850742725,7.845515127443694,24.3024247944057,10.947135254032606,49.05822860750733,30.659620161415624,49633.838128002164,532.4773993866131,481.62878396564645,3233.063145434139,7061.3213860930855,940.2038898502833,2087.150913287878,7266.28557651975,6961.328724570843,1268.5118057057966,1292.77235628762,5354.804521329881,1795.37416360527,786.2535333679389,775.4278085267013,4854.976531844748,6236.516833547563,784.973046212973,537.3005936079865,4607.234915404154,3409.10311729529
788.0948854395089,599.1514280421798,14.815388456811444,36.6286399681401,11.694521030406328,17.449979968166886,169.72211585829655,99.84617145625818,43.78252854113083,-108.96389772962465,-3703.4410786212466,278.24705777873885,20.82672220449863,484.2442754887842,16.374406386251344,Passive_But_Steady,Salud,Desktop,DSL,2024-I,1336.969402464547,1459.8679640997666,113.03280745129796,-3.945247724109519,6.40204660007862,16.61288330398881,3.6674329715359333,49.36500088973809,12.356568965953734,-4252.215891338314,527.7746236899349,517.0355845532333,2328.7504307094005,5026.293281910994,301.7964889406351,1772.577561391307,5007.431355410147,4896.065332240592,1763.3259109199514,1479.7288149486078,7125.274795810152,2962.5184628210573,689.2613496371134,611.0693064923147,5042.354145972589,4578.408691438935,368.4501374136865,707.9610450599507,7608.654269636161,8519.46562402975
824.0390711444926,661.5284919696666,18.013632798419717,38.4080614723185,14.738818653354045,34.17994521525453,340.97153658662234,172.35806598891708,73.48139734333704,431.27324567946346,6805.961631619106,86.38837009636023,34.29271818793559,473.5073870377523,29.111478897482815,Passive_But_Steady,Educación,Tablet,Cable,2023-II,1540.633664937062,1656.7256169093616,132.4886719033926,2.3475464300395252,8.403704053475472,-10.088281539518992,27.540100062104827,53.26579271148333,23.713527329564172,16398.46101444603,502.4665378500821,414.56729521478235,5585.864643628757,5141.32931116673,784.8192169029514,1242.382985646091,4721.5542988893785,4555.857471853708,1244.4256944980596,1919.6779005694948,8058.200120702396,4457.5207648438945,591.8176885533036,206.47514790913334,4700.866662346979,7104.482286834083,729.58254136644,256.66991237261266,7971.8735950992,1918.018680703597
701.730037426468,515.6318724390914,18.815558593552822,34.03107595137266,10.915590922109116,76.86035763433455,163.26562667769034,236.58554933719986,104.4314173691042,511.06575222665083,3863.3700623342866,237.53707673798596,100.91109047954936,610.0664779722949,32.04669762412823,Passive_But_Steady,Ingeniería,Laptop,Cable,2023-II,2099.1488669600476,1986.0597190653273,135.24937440289227,-3.2294999483569216,6.419643129721091,14.33856585801328,0.428798308792361,57.76454328428929,21.501665623221413,88397.10818022364,162.73327038808912,670.3809860329679,5658.117932545899,3574.6910770903005,638.726865011592,1086.8749302216636,5372.1124057658135,5009.276229314313,1746.3757509154689,1528.1661608612449,6367.392372921586,3464.317618604273,862.6995784457142,590.837005709898,4798.54260073813,6139.345430353481,760.8746620943886,538.1695604394934,6139.893883499493,4665.402594773792
1044.268553803505,691.5832663030242,16.676055348479927,32.98550574747702,8.73266289745793,27.541621561395942,275.7680055278411,260.1726794816159,116.81448315086477,103.36759415336043,1962.2342398752724,222.79628776933563,68.94919369297699,586.5535715192618,25.472055994655356,Passive_But_Steady,Salud,Laptop,Fibra,2024-I,1025.1248994312975,1662.274553770799,-13.99213262212043,35.12510473458842,-1.535046093650338,8.99135775341984,-5.2105873227023976,56.67995854744188,29.279330725664277,25377.59589010835,361.59762111343366,609.8854609186095,6182.771297987635,4973.120391101223,618.6760363248063,1180.2863745049742,5644.669287027947,4757.545219487323,978.238111029318,906.5927687163389,8598.38290064975,2804.964235229982,715.7403952852669,369.96059656269586,5053.352155700811,4835.377550731329,1121.953239853146,632.2376425070383,6980.677622262326,4810.139426794665
81.06213329525303,712.0356105917218,5.944680866248055,35.678355001119165,10.394991590555488,57.96901874780507,149.47881058612333,252.223806477924,91.2347329364662,-1.7844130349695035,3438.2598389253617,230.11597775809065,37.51705799923245,64.79188053263323,28.717828530823642,Passive_But_Steady,Ingeniería,Smartphone,DSL,2024-II,1204.3263984496575,1041.5012127860077,-45.72751337630857,35.51229864814902,-3.6604548456400896,-6.975015650629491,23.049418652317,38.926984784056664,19.438928391266998,23216.527489341628,479.2647236733205,552.8602557745486,3523.5486928933888,5158.202176370018,242.4106871763201,652.0604640147777,5746.907400901261,3774.62079271599,1542.7326480113416,1362.8879955945529,5301.170961838832,2806.1326024719583,606.5800376441046,496.7418250602755,3606.754836134061,7257.103297116844,316.32164184360545,407.58299801149127,7801.9220634874855,6979.145683612656
568.9051228109212,718.3656572388021,18.37197700397449,39.907771717891606,5.552064386219471,19.747473992250868,306.1799932639664,71.19775665398768,66.76637641703906,-269.34969721345664,2698.498024455878,175.86827745461426,42.309875766014436,367.0813824271992,65.68019651068394,Passive_But_Steady,Empresariales,Smartphone,DSL,2024-I,1999.2759672741822,1607.6459770124882,37.71354443482621,19.07008884693295,7.653075601379865,3.199716137772443,1.9304826536475872,42.15928361661053,21.525908140886788,35795.36319963748,583.0790385420826,943.6894030056267,7134.784292100287,5340.909897880805,749.601900061689,1389.0471068109352,6096.3154861063485,1804.0224865855207,1351.7699971976388,1038.0116556728358,4995.818047003223,2965.1288628370507,501.83627706099105,720.9325945025691,2270.0383563796627,6908.038880229159,449.18151031243167,678.2236329711669,5006.523037272581,4851.859922370906
1087.6747158807875,710.2121619079486,14.751926672075879,51.147915494514706,15.91490333875712,15.746704938148058,235.525962934898,51.44939262471388,121.71683292744734,437.1938003776103,5158.929735283358,196.35216207272578,45.791878140024124,165.8345885012501,54.605148654372314,Passive_But_Steady,Empresariales,Smartphone,Cable,2024-II,1668.960293661829,1813.9396465006973,83.35648387310378,23.36524441313687,7.27474458530508,-18.225745307747616,30.582453576752304,49.46417219125584,22.006799911292063,46073.646666525994,735.358942633735,786.6542131003421,5796.86658099969,5803.796611654827,872.4840522156198,1499.6878822002288,7313.108796171797,4418.21475487028,1187.3755853082282,1746.3067677989939,5837.558872004105,2522.6263808953036,553.9704693163023,364.68340420879065,5556.700561576752,7597.657384699854,1281.7759332862843,462.82608354466726,9685.172763072063,1852.841495059717
489.3897830437776,829.469209228704,9.293173396107298,39.69594287176409,16.755947368060678,37.47826427761059,203.0308630208153,225.6499707888562,105.40964910094047,-64.05182352191979,-255.08445627581386,242.19867913804927,44.662294847254046,324.9624708858985,39.205814152944896,Passive_But_Steady,Empresariales,Smartphone,Móvil,2023-II,1656.5956022960481,1661.019375581117,141.84536087909714,8.493224428974132,6.2431483630623505,-18.110220166539506,5.78323347282401,45.29232676066834,17.052675389222355,29828.39063389988,575.7613361738345,995.8444782583219,4586.967550458641,4588.293135719376,704.6224719357538,1464.7618580219666,8683.210280916932,3963.438705777665,1356.6955017134705,1341.0507110466995,5153.528615094409,2736.30105099459,107.61597771142618,696.4114548614932,4298.762111866777,8436.62420440701,726.2012191470944,403.3608400382868,8008.6036212194485,4184.486967486791
150.78879041953223,627.2064862105739,14.848616370652687,34.43257339258561,2.7908099272956113,17.548216422067284,219.96128000111673,170.58615947532448,59.91357107556331,-35.84498805087776,3193.2414803831566,178.32711189486898,86.80879955361321,228.275523895036,75.60140238481901,Passive_But_Steady,Salud,Smartphone,DSL,2025-I,1218.764204799805,839.540931076019,133.13342174488193,17.79821335119757,4.919045545247362,24.0777315887372,4.346931212952345,38.16811615716071,26.494295061104626,60547.496115571266,524.2482188360667,889.9366305677382,5612.901544917319,2137.7355749945377,318.6233292030058,1900.4644870301925,4103.494213340172,3818.0591567604797,1291.1752940980875,1428.3190142669107,6504.4239103104455,3485.583070763343,597.8693555716392,398.2229826483214,5428.683698784254,3343.0109988402005,576.1520762496674,599.0170608735056,4603.102827316499,4883.919330932697
1074.7434158619621,793.5295818306435,20.656211250375094,36.521672870405986,6.284347409876346,21.856431484760897,306.46661713327353,239.2140548077649,82.6566299556477,-308.9710734876031,-1604.2881933393555,184.48573026467955,50.01124538331673,146.95424815461104,28.323841030686435,Passive_But_Steady,Ingeniería,Tablet,Cable,2024-II,1681.6030674923704,599.5297010395241,215.00820879138482,32.9718604751574,1.4025562912957419,1.4110878640681062,-3.9872439253008864,36.29838151247829,23.03612017014073,40522.95546590831,521.1724882175382,783.7385635554488,4286.542750933302,7371.943674379727,632.2205465505187,1474.5485745472308,5453.209045734125,3188.1904803178113,1581.4742483111436,1683.6087146774767,4796.188194242125,2438.2846338517047,401.5340150540361,447.62169721329155,3098.922704163928,5404.651033945823,640.8808063586204,477.39733702355863,7386.918094996041,5411.307788514876
694.9128388830469,470.24885610825595,18.991630712593857,35.50594790974137,3.064423853395818,33.60092015270373,225.7608267173768,36.16616417155777,96.14651852826941,518.9618469045163,4122.68641314986,284.4621037750537,64.78264254168992,403.7168391827739,72.42047862331822,Passive_But_Steady,Humanidades,Smartphone,Cable,2025-I,1078.6085892931274,1677.24382741731,27.90096557973363,45.752966440398765,-0.8740063536800475,36.51207915873635,32.80465564070262,37.79001992154238,23.816342690305063,33779.77357849322,356.7082120680576,598.2175758352714,4222.797114346882,4113.4405573574,839.5552222221804,650.5704278423375,6913.541550897637,3675.7514370973427,734.844877028544,983.7614861280268,5876.760688033962,2843.7043525261906,197.20984630782544,632.5246498622755,5053.2262495328905,4191.252214094847,743.6854753067604,308.53426969606875,4440.099237112,5736.909503422401
711.2139963845548,669.2048256921393,18.9638804776515,44.38247331197442,12.494287464015343,-3.44929897105931,279.130450356925,349.8972932886993,102.28493480916634,279.3246588631212,6914.846848568273,220.32713674569587,121.94167656646488,421.0447927161001,30.642334005808145,Passive_But_Steady,Empresariales,Desktop,Fibra,2025-I,977.7315521466489,1036.6320883399803,47.56101825541579,34.63912441931468,3.6866792902730534,15.271755040781716,18.73413590091566,49.39714716085071,25.006032139196325,22349.823185555695,519.7884577949195,611.5307785987587,6271.113776121854,4615.95829136883,876.1767647242573,2272.6173041065513,7323.773040957196,5077.97973722399,357.81088615520696,1698.3706618321144,5032.395714650849,1872.5966429562284,350.9524781384805,598.7936776050226,4475.317464063078,2991.2938642474546,964.8422784574585,722.2436966930699,8379.697807644858,4407.002276286819
258.1858755436207,604.5743093412813,14.969412197596963,38.48066601851063,3.8621305756580133,23.990736169486496,217.79820464205608,430.90682646840213,59.138883776268,136.11143519997455,1161.9727098115368,180.50991257930576,85.8787166089855,237.39559850269902,37.17866181211126,Passive_But_Steady,Salud,Laptop,Fibra,2024-I,1289.8528832003879,1016.6921277648562,16.675146007547404,42.82698676472073,0.9243503962782256,40.14433045817445,-0.037146158762320525,56.9671442465089,18.877778026576678,38592.581974557535,395.2742142170777,389.83958682899475,4576.690399262014,7875.390818318767,621.5399519351446,2250.4736192810687,5999.890538011503,6249.248997099131,1013.9380897194849,1593.2697942385546,7650.851046021027,4487.541503764925,856.883108344883,522.4470415683312,6262.878177349879,8100.755150628159,644.8843554513847,570.9107308137529,6807.215461020668,2323.0951925985
217.08583546511022,845.2109846785013,18.58265804083998,24.586956373405243,4.705987882033007,31.160361214064594,415.68590660198146,156.1499516638929,94.73390933425976,280.7631011826619,-1188.0895029325575,367.0141803510162,59.383265362245375,386.46762572440116,49.35761077289659,Passive_But_Steady,Empresariales,Laptop,Fibra,2024-I,1417.0846833173282,1386.9553763867493,69.12075374854301,24.25046200411578,0.14662883346623534,-12.76402008464036,14.90077349837292,40.74565823822819,30.30903821622525,35830.1914005865,556.4364280139854,1066.4300744030468,4103.778717439596,6497.769928189955,794.0405718024855,1409.1391207991508,8506.379379227377,3652.1491033672473,1559.8819408559762,814.1970905789108,5333.590668865497,3005.5196652297273,671.3407130944587,721.298166702386,4183.315371210282,10127.04187432307,628.3882731095471,581.2776294699119,9535.66932295812,6476.737222779499
246.3870577140449,449.553078014597,13.375709209953339,36.75695951721681,13.78450369751511,-1.1944806051509005,196.8103861342105,195.85258775306636,70.3563344298276,7.544421990136414,5181.115950113412,171.7929670692085,66.33247929095879,187.9304583663202,20.478570290422184,Passive_But_Steady,Ingeniería,Smartphone,Fibra,2024-II,1870.10269355273,1426.7374180930003,27.255375277311547,15.404028275533593,9.383164280990318,16.21357357412604,19.864949947789746,47.597968626976474,27.201639119810203,6478.359877203817,653.6564355583404,750.349837963243,5469.381102822989,4709.938541975195,328.9028597724986,1378.7792665003828,2712.4663936170055,5414.2981319627,1446.8041275508745,904.0769503689806,9461.718785668825,2164.055426772437,531.9243064590048,739.7878339557915,4560.86660911683,7495.686575908858,765.3032512361445,607.5955272186105,7710.2627090174265,2319.6386318256864
149.03437986431697,524.943904149414,15.864686533033908,41.91372753339543,7.475453492716546,40.61103774026514,405.51584230795686,189.87689378019746,82.32006647558562,384.3712311830692,-231.30750285423528,284.61870511790585,-2.6738310681498376,128.45562506682964,35.868919788960774,Passive_But_Steady,Ingeniería,Laptop,Fibra,2023-II,982.5116480760528,1170.3435335244212,28.827139985137762,8.462403275035339,4.293772175132569,-8.115205458385336,1.8290678541851924,48.35531279788298,12.449717897644106,9334.638260178774,825.2486292085988,554.9322345125959,4742.06539316625,553.1888473656486,506.73821488021247,596.8230203765266,6072.847522546627,6216.676707419241,1189.500617023541,1421.9068534969263,3721.9820190080345,2467.3653456598217,480.05155962190855,865.6230575341131,3592.8561025671233,6508.543125113285,558.3390514498877,693.1180135752395,5984.287649874521,75.24811414427222
825.0084663003489,543.6566751074773,26.1844117202658,43.815441419732764,10.502321629544053,46.736687897460364,127.80230004764053,239.95258167526444,81.42153769750377,82.59595252933283,-327.7035480826148,143.81761779361395,74.98606746163932,696.5080418955255,31.210399593637646,Passive_But_Steady,Salud,Smartphone,Móvil,2024-I,1216.8752599176264,1976.720238586377,94.44083980554316,-17.23864371131383,3.104416073577172,3.0415287935526187,16.53176621915155,55.306861516214404,25.79580876769347,43433.29909681067,479.3269778535442,308.7019816101723,5803.009303469049,3706.5317511379985,706.0735421842131,1257.9565502810417,6415.049934251519,7497.616875493855,863.2548000094932,1234.0084825346944,3306.501242735018,3213.340979756556,618.8455618326641,394.947513108066,2922.30024714684,6168.019637656353,523.0924832613446,259.8375953554426,9850.222848061178,5614.586045437309
611.1195320809394,627.7381561333243,7.53737410440947,32.1368943136641,11.992548782429932,20.067318460632762,255.72211648025794,72.44057368243902,66.77184173611653,54.58957758499902,548.2286485042903,245.22628210232116,110.84061562375116,255.9381355032989,73.35804414208022,Passive_But_Steady,Ingeniería,Laptop,Fibra,2023-II,1341.3130829207564,1408.770616458759,34.89752636060396,1.140998103661186,9.364632980244586,36.13339381538954,12.298727601965979,50.58645317817018,23.01866641594846,24590.683841343503,436.92976638950046,517.094804972496,5123.027561863455,1997.3549746877466,908.797823302157,1414.752018375897,8078.359683943208,5339.95264107565,1357.1986351490896,1307.5537760984394,3303.393485068479,3279.679492914908,769.9348524389727,808.5942835202017,4497.253311249022,6171.77102425831,923.8160811630943,787.4966102435528,9266.475017997287,5581.118175354461
181.0498680792548,844.4130330272935,20.284950726258185,32.65053997244771,3.206628072371382,87.81369336302521,226.20438172277133,244.12678699491522,149.8405677377489,-35.65000695540263,1906.7898644293664,261.2747530249974,105.25154219750571,333.86841412841073,56.39302032927918,Passive_But_Steady,Ingeniería,Laptop,Móvil,2024-I,1334.2952653965199,1376.6417623600198,-32.97756716504277,27.146457543261064,3.855746553728715,-6.022471132966378,21.85979278210832,67.11691781325821,22.86501368498775,45175.14284399038,629.3544351635722,957.9461786203494,4539.5910947865705,3835.803924153329,521.709471737078,1413.813330435432,7613.82751275132,5081.767874866688,1136.981944619747,973.3912523418034,4743.864632006774,2269.098016547112,681.3538837809809,537.785517287803,3451.091144521153,7715.855135490602,923.8307187451467,524.5335933803868,5358.725771901156,6488.755462146879
1380.5279778901854,372.3327316999242,16.54901169740539,41.83928961793775,-0.18196090595544057,3.5080930206816454,220.0692806809409,206.56547718468997,104.44012322202525,322.79272268259456,3135.834179591622,302.00460101657313,117.36784795650186,-62.492270694779734,17.745880212155058,Passive_But_Steady,Humanidades,Laptop,Cable,2024-II,1092.310098367578,1672.0286202448556,-6.907507407329739,24.14619949370819,2.1567038390312514,3.5148396182998987,10.359159887114565,41.43797075383597,15.240571034483755,36219.48878313928,533.7144303108696,627.4419644772539,5238.162748786872,2885.9133941499467,729.3350846220094,1253.6059612461559,6053.623755809651,5481.288178598454,864.0989758167023,1027.8574472948424,6526.939865131655,1869.5333967659928,490.89976090941263,909.8678710388181,3366.5900007627592,6241.746619927655,728.3788456009794,500.4168144241391,3712.7544191868396,7382.955617739532
1427.7986129440596,611.4458043313579,14.18382865179143,30.65722207091787,9.766357987897418,9.111552428052718,110.57082136472592,136.0118199786638,116.79650151353138,462.71700720887594,3279.7131895519433,201.77330259296852,-36.06766673651417,74.10944616780212,18.618146614912426,Passive_But_Steady,Empresariales,Laptop,Fibra,2024-I,1458.2272761189108,1364.6209588093654,94.787391347255,37.35068546912721,2.5968580947762305,25.095997593362938,22.462547505267505,25.905395976120186,18.337085879132704,46181.91704698687,502.63344491691777,422.57894626948655,4706.003018635254,4125.110121299798,497.5321634229048,1263.9757045658887,3782.4491876738093,6408.695302166461,956.0142743136525,1143.377466217568,5661.343409462399,3740.4121066560783,680.9245327996937,663.1775668057774,4719.509424922764,2746.590549148682,564.3908648539981,399.7710076247576,5842.83975776826,3711.010939368238
1764.036184946487,753.7266876958162,21.218897156299455,34.87311920220087,11.264402446564075,49.558759323975266,221.08912395174696,254.8400332131203,113.90858015656673,-32.274071591176465,3355.092515130915,208.6480964973902,45.795867237274386,172.38205277872473,41.61710753831268,Passive_But_Steady,Empresariales,Laptop,Cable,2023-II,1505.1226544247136,748.1535269067356,47.623802074403116,1.3332505607819387,2.54936788923328,0.7133499665687335,-1.172957972247744,38.011196219087786,13.509947144443972,13817.599650283162,735.1219217911314,691.2046912814851,2676.4232433150814,3257.8363814377253,727.9742598248522,1687.0649212712433,8463.281984857196,7613.946719183279,1643.5974610742214,1388.7532384521012,8502.155987332293,1663.4783081892049,731.9317675405545,622.352246536058,6847.217150687457,5760.037939905686,580.7196743368668,597.1473592044416,4338.280847814368,4360.348048240789
177.47817921624926,794.4301161564111,5.86931577074523,42.865357010443226,9.158263288750252,36.30321204588878,263.4572776938942,114.44017647231266,76.21159343494385,307.3178644910348,185.69186769068097,227.4960185453276,5.479905383387575,721.0659360344617,38.84755557574915,Passive_But_Steady,Empresariales,Laptop,Fibra,2024-II,1353.8452785712468,872.0494623552443,20.17096648375784,5.094943856108046,8.495624457609091,16.68908911892416,15.607358478277323,62.69557537601025,20.577018811111166,28361.274993649262,447.04854795449205,598.131290424339,8113.395993816353,3760.9764467989453,291.99626985447566,1767.6762755913594,4938.686564551368,4371.889138985483,1303.9837415814657,1353.0590503932697,7059.09484914072,2135.888663771001,707.3961444021894,900.2864643864532,4575.158615050484,8723.607629525675,632.4645120535521,567.1437616989175,7334.438738435178,5056.443243815435
937.8638036078714,611.0844109877239,11.53942020013666,36.76715268643812,17.051725344953123,10.4556951951452,212.02117561656848,230.62732691566043,86.09944319978126,146.64539239853121,-109.73577536087669,297.4331807943464,-0.9255771343577237,374.78222750591743,11.891832226343276,Passive_But_Steady,Humanidades,Smartphone,Móvil,2023-II,823.6565944730914,1823.5407756952604,-74.66048938398924,36.98429455241776,-4.771505320886851,-1.7310701504742378,31.467543834020887,42.24952800477914,21.66671153872307,15211.619391673681,854.1971105483881,656.5854923757307,4680.272912048711,4711.43122748782,538.1082697234582,1143.5113595166542,7856.363281702559,8314.435878167176,986.9864214741501,1873.3573062996152,7063.3302707977755,2354.5994461017362,454.3325043931525,527.9551539157958,2737.168258256527,5047.180668787052,340.5639112141937,522.5487082135687,7632.451831577106,8651.983068541587
-334.906899337112,651.0769933267518,15.672730802667658,39.88657294217146,5.221608436847919,56.28267951883244,409.7301507979395,199.79206405424594,121.341621980978,-344.2535962956553,6106.112687898195,119.84140871850278,109.39419152766553,-70.61105592193294,19.250686758325948,Passive_But_Steady,Ingeniería,Laptop,DSL,2025-I,2080.677886162557,1124.5923210087444,17.127339338501642,16.829401308924076,-0.0015566710902468195,24.582752878320893,25.68050363590077,34.63430121321012,26.087352437616204,36287.796251405125,521.8300427091253,656.9716675900374,7593.653066137541,6323.861746770372,586.486589100108,778.4403969199725,4541.213320319413,812.8778675525396,1318.4098207328175,1052.7800743153348,5149.711415029017,2619.289859947572,627.2941566209727,419.92117935767993,4409.8565782814485,8169.757849079348,911.5853370016237,766.4693902208771,6058.256002827204,5317.201344771254
1380.2992186357014,631.2794960656811,19.62153104103604,40.03841958617582,3.106278505184241,6.3902529284403435,159.66815639522162,256.07889968057367,125.41364155021071,834.0444578638059,2963.906399793821,189.0204202990065,39.27489099624961,593.671236756579,55.23287767478263,Passive_But_Steady,Educación,Laptop,Fibra,2024-I,1388.701600066749,2004.1093369309085,35.14282761780752,7.925135443319299,9.664881043898765,18.22982105238877,-6.702986359446699,55.60602667565734,21.5331569803167,15022.98480616336,562.3717376187266,851.2229329458659,7569.551560940836,831.2270968068387,824.3740351301319,1095.2237929878197,7442.953756338339,3722.782367576373,2193.1711815553963,1996.091399371277,3278.1807017060673,2447.5551453952758,912.6359157236823,820.697058421353,5261.572175350569,6843.8108256801015,462.5503094480988,677.3239804796186,5320.87088684806,8219.252528557034
1659.4919221359555,689.4291802854805,10.749311270297708,32.09068437219611,7.686724743547075,45.985088776577584,299.5040750574711,236.62379219314442,93.07704800652748,242.51260359521336,3229.024174168675,197.6952783413279,128.14526170130742,542.7817640735401,48.83550380476106,Passive_But_Steady,Empresariales,Laptop,Móvil,2024-II,1443.095576949832,993.8381165159701,-11.729778738728115,26.045082902148817,-2.6825966056197172,9.833051098030872,18.692930165062773,44.780116758473156,13.237667029203552,46398.79230387893,642.2885921412417,804.5579324260098,6538.415867727794,4855.812755647139,952.6133309400193,777.0242737682438,5941.021210832341,6436.853140705398,1497.0183807488097,806.7527786418183,6514.9951218487095,3544.7373877559103,536.7121615565279,677.9284746474525,5081.238956597664,7645.00929854324,821.6070215793657,689.4327278135588,9210.743311862452,5359.315011050939
576.2035276570846,625.3914390078538,19.195264389482105,33.54770465113829,6.739558908419916,55.0934212089589,258.33384369778696,186.10887043478152,105.71638610708011,72.39826466233171,845.171074840954,346.4316966343184,154.22603481444534,239.44905866341944,66.11008449564845,Passive_But_Steady,Ingeniería,Tablet,Cable,2024-I,798.445378499021,1012.1123956612969,69.48699947405606,14.570052907743438,-3.9837619524734276,18.489949675767257,13.765260643280374,55.191870122042154,10.082250751870998,48822.77683498623,538.0621941622096,542.2148864764417,6416.754178616281,7068.039008471743,698.8685142969443,1627.0714528822355,4937.1013206998705,3848.7368526989167,877.0446977123563,721.5232468801742,5516.686746293472,2087.871063917935,708.509205362216,304.0427997026326,4023.310429388769,6366.118078665698,591.4379760838875,565.4663540081773,7479.015740050322,5494.649560628136
136.1932029659273,57.244713484809836,27.240684660091233,27.74444454651659,8.450429562669918,35.94829411113248,184.57980021965687,214.303143016848,28.35654889049964,-419.06026910748653,1712.8817298273364,141.98113151724817,158.02512052763655,-152.7279299109172,70.77812688313362,Passive_But_Steady,Salud,Desktop,Fibra,2023-II,1091.6706800819131,1833.6975608323278,33.4412798227044,16.54991628992859,5.280797740931887,22.182571472329933,24.949368374893268,56.921033832427284,0.15167468560426478,46256.45065925353,475.7376686038318,550.6043061872989,4523.734130854792,2459.5422590873936,720.8666409972274,1229.8768972488715,4660.227551306536,5573.449301886503,1072.8734350424902,1067.2670850618128,3831.7946660941925,3249.8937958530532,906.9168395697138,360.1866113293943,4754.35737950326,7163.176786912376,750.5251965070432,534.271970002091,8359.682710460014,5106.686437547186
856.799035295335,562.7264780306514,3.9192834057146673,34.25788970164782,4.661870683053124,35.319332861958046,226.41515731458927,275.7965548951113,50.6115805290942,-72.10566424512898,3243.5246410325917,110.80135003395299,20.39874989248215,445.5603140678605,83.67199105637624,Passive_But_Steady,Empresariales,Desktop,Cable,2024-I,1550.769743603427,756.201992554584,56.7111631223968,25.973424160372893,9.764928766448088,-0.18142470843674907,0.8707065108667011,42.129764126686304,9.380001016668196,-5342.786045470279,460.664936895711,553.0776583051983,3215.271000920481,4776.49315284131,779.5495031653201,1786.54661152692,4639.034951026548,4405.363561108086,1482.8554114239794,893.9170303723686,8433.114883550083,3627.4961511307256,511.5326916136507,648.8615785824288,4134.503473640709,5582.830108535228,576.8621645239127,137.0117669150511,1323.437405543149,4228.523636348566
791.4276125605863,580.5501610035957,14.593351105796156,40.5075977960572,4.194858144116784,29.569753415769075,350.51942109266986,258.0752538366048,103.6299773080826,108.99275840583624,5304.645057416061,286.76973888896805,36.12645292496937,-184.67242286641206,53.12650575581205,Passive_But_Steady,Empresariales,Laptop,Cable,2024-I,1507.0238701676446,1610.0396886971362,169.91054205034837,6.984835218969792,9.372165173959004,28.139231639740963,1.1403096071694607,57.47423426980123,21.7008156816889,32266.564649922806,567.5816149921019,381.4126700751209,7985.789205185931,5725.053609828154,431.95580827170295,1351.9112797713203,7517.257933258961,5459.998061336638,1220.216130136772,2021.7253253262718,8246.504777815475,4198.990936235577,658.7584808345712,614.3345532073535,2546.4376105952238,9590.06019216032,420.37326775905956,825.1884461557248,5226.12137405434,9324.121086345087
843.699265181579,791.2919552015553,13.033873292497205,32.79744046069754,12.006064861263042,16.195222259999486,258.7212835228077,250.51796661497775,42.51972203527212,71.14495688713137,4075.0352370460805,222.33549501021903,50.343718829469964,95.33697826645172,69.4870588057908,Passive_But_Steady,Ingeniería,Laptop,Fibra,2025-I,1378.7465841697428,630.7329527381119,108.59821459754883,15.126585017736794,5.220609900992224,17.205620419847538,6.84657519218733,34.65314761600741,25.23787831561388,30954.77447576252,520.4945745142558,895.9285827678802,6211.777139206913,1630.4591145800846,1040.8583043625695,1854.163420258315,6470.871818731242,4873.28329777346,1464.8728281114109,1129.7440232699137,5522.713664933151,3340.276354650857,825.492256152404,395.20644689460426,5932.877521764923,7613.035557723001,683.9218714979436,533.0203616569273,6534.558225504502,8673.570034708953
704.9794187699451,515.7546697631799,20.334995377330156,43.48258829712819,9.9501048691844,45.92640670677916,199.45466976269736,53.06369153695189,74.01774396145404,307.72670955505885,4947.955963825713,347.4172855779804,25.75798588487291,286.87215058471674,84.16618719774891,Passive_But_Steady,Empresariales,Tablet,DSL,2024-II,1622.935894791917,1786.047271774967,-21.767934460879793,7.180443195178249,10.021568975469766,0.8536233229426502,-21.578377558600998,30.99101925699477,23.518211123250182,31773.895943857373,254.98564906101237,585.1964605341362,5430.141800941864,3312.5011970271357,915.8165117149001,2199.0213955308336,5812.957302539704,5660.689848997883,1311.8079600987207,1304.457348592094,4839.38551733752,2482.3617840645197,258.5904957347954,625.0527539956174,4748.181562311542,7759.697745420037,723.5898916044657,265.83678728381204,3599.320607191512,2331.911043259969
830.8582291754572,506.0966698008056,10.476683055901564,36.59870004791039,9.160957468902806,44.65060963728406,297.9776447981497,225.3037829567704,105.12173841213723,85.24612554826328,5717.2374143450015,267.6176829833095,16.62798073024284,333.53825640747175,35.8207788575291,Passive_But_Steady,Empresariales,Smartphone,Fibra,2023-II,1068.7152020645674,1431.2546104106523,43.78428664793016,3.6080469494428193,0.939302264136278,28.1861375478,35.057268328231416,48.07577265743083,24.783316547107525,18432.348998838257,609.6485613159327,285.1070815523107,4336.571523997684,3882.4265270644228,686.7467529498858,1495.9672395516172,6275.1531680830885,5497.198033924321,1172.3910131613327,1728.427606598138,6785.8760398613695,2809.448177435222,807.9791018693181,417.2190269946885,3936.2400552023996,7848.478075455218,367.3968705510181,276.4851892626775,5120.981850884143,4245.705668503427
840.2375131452036,635.8067176336517,11.593774451403785,38.321275113445076,5.617197661593365,22.29971264168084,234.9199986589893,210.81950608967824,57.48367000133647,-272.52783168648756,4065.0836860230092,132.4271999604777,118.20865473721129,275.82613036591823,34.040178070601996,Passive_But_Steady,Salud,Laptop,Cable,2024-I,1748.403707323655,1116.2887110157033,97.55897180342528,24.32294464567407,-0.014907333665064026,17.870766802607065,34.138061949673414,57.41027811394383,23.03726727094206,21487.943146198086,567.2462802889685,752.6949386296577,10587.355310698087,5863.4511758267845,869.2301624330888,1656.0833853063564,5350.763258640561,6734.290041060584,1618.6755153215258,1114.093678074053,5969.807140018453,4497.375093573537,293.148493449096,563.1258565610754,4195.536646228489,4021.436707296219,517.5381505340197,545.1974834603634,6076.567578177483,6276.610646050074
1897.7813556193876,597.2082613788982,4.4501059896735224,33.82388267856759,2.8503931153007724,41.00030586027573,202.4971896196388,274.96106642203125,47.620048280209105,169.19056071925382,2482.382476870966,252.78760108758036,112.32348423684246,-76.38115924694131,-22.6368856160504,Passive_But_Steady,Humanidades,Laptop,Fibra,2024-I,1570.496613652988,936.6072261340133,113.75764279855476,21.15486487684898,5.957283371148658,25.08031664916684,-1.0993555043975438,55.226948360532916,14.34007426397417,46556.37399287436,387.9449064918828,648.2237524144925,6838.732535972334,3046.7703856047124,800.9167767601085,426.0995829424461,4725.3366765692235,5637.7720351452635,1889.0838820414194,1380.3990591543134,3092.3582009058055,5007.332024885731,482.2920427397537,414.870439791209,6947.306183846298,9740.202240629022,977.4544367711021,421.84812676396245,5853.738885943889,3343.312037428132
992.8980350966388,758.4876637544107,11.777172764700717,40.34911094704554,6.863888865386719,76.0504168179894,103.26960207478345,31.144676341932723,97.54556824666476,258.44021960373175,-2829.6154457235325,310.51282211292784,48.70802711910185,31.137786408388706,55.90122714670894,Passive_But_Steady,Humanidades,Laptop,Móvil,2023-II,1245.3150331566746,1450.9532516921809,139.42152899040218,74.84087557694438,2.102707533038723,-1.3533661455219672,19.382284865431245,40.404411634271156,22.796245487506603,48320.041201988686,797.4872459020955,692.1535018747948,8134.400442502438,3031.021858837849,602.8486748715179,1668.6781164779811,7861.035278631465,821.1154616973981,1028.9255486243912,601.788753476357,7436.881194434954,2198.823218817776,515.4639139611984,672.8519458443402,3803.2357149896598,6636.902744741865,875.7218115848834,346.01040096085876,7613.316920025491,5293.851084427201
1182.501551287666,656.9412951151663,19.416072564648456,41.78322536535476,8.9479943764198,20.39466154394532,435.4185166350095,181.71702989797734,106.96700838927228,512.8640723914133,45.03686304916391,151.66747935637096,76.59596671671706,237.1988339793631,62.55445495867,Passive_But_Steady,Empresariales,Laptop,DSL,2024-I,1090.1073151550868,1324.956149785665,1.0309523825068503,-2.1667586473097264,-2.0541262830473963,-5.230704256642836,21.400164943400192,49.79415650322197,25.01152235555536,42881.68369845453,414.35575006423716,614.285241859166,2266.243543946748,5531.351433464657,938.787975320636,1795.0948881007148,5347.586173349304,5522.589912368784,1380.2424772762427,1049.211936952391,6601.819464506964,1975.0523014443418,824.5889818251394,471.6184790053817,4594.649236370017,5460.128793514282,544.9815541469644,654.534918186732,10839.562285925109,4493.366727616929
611.1425426382109,940.4480950735881,-2.1297442224245806,30.571425268621116,5.7206296253432045,42.01143202480966,308.18815666539865,246.1547578530975,42.99253504334142,201.21048637236092,2397.686879176346,164.74336434483476,65.59286371135518,-130.05741740217672,90.773845668057,Passive_But_Steady,Humanidades,Tablet,Fibra,2025-I,1604.4442031051044,812.9007498012932,70.82746583131913,13.158458875072474,10.652913386161053,-0.7856739127349233,-6.855531127489036,38.35699239714456,6.190030244191576,37609.2233202039,412.58887584349645,445.80014752631195,7306.850002308633,3726.451630610053,130.9495418821108,1075.6474859100924,4428.170237149034,3656.4514631221555,1066.0606300458037,1324.1405244901061,8285.733107313776,3644.454679074344,581.4148388954933,435.5987281070733,1967.3434962642043,7104.8457899720415,421.4146379406741,459.0621547246776,9029.279473993274,4375.806429231874
1474.28982585815,501.21009713661044,8.921161015944183,41.710289580165636,3.0342601358129357,42.30675558177458,299.77647617548917,133.14903115182364,134.78474990123888,-24.323867528161713,1544.1794548330995,192.26504943350852,20.640021921991575,174.56008547938708,48.55915402562972,Passive_But_Steady,Ingeniería,Laptop,Fibra,2024-I,1467.1827266466003,1295.4437945248337,66.95870601166646,9.351328615705565,13.734805135946896,16.567010053420407,8.388495882945742,59.10819198057092,8.40945442050494,8024.592275989682,294.16926807985266,546.2645939433576,6946.125221552863,4576.338252996487,734.1325560379003,1396.596135630384,4898.147138734183,7669.537785302883,1375.5906653275822,714.9053673680196,6518.097792737063,2638.87113592614,483.63108754692405,735.9092110766205,4394.434204763845,4027.86091312851,763.3077641284748,293.18112412368475,7321.339698480631,4987.815502789469
1509.5294912128925,499.5963835958218,10.533589718527093,34.30798596602732,10.88691680935813,35.81124640955903,282.2155762806785,-47.45901601655876,95.75794113187719,125.66584492985284,2806.113407802314,163.9349792235037,2.8828557074189263,231.00402506415827,27.63159663306431,Passive_But_Steady,Ingeniería,Laptop,Fibra,2024-II,1515.6207761051874,917.7139922710435,101.33415215535533,32.5452047476921,0.49748643386111324,-1.615900796618377,6.264403608883963,31.157261186913747,24.995686181571116,51274.00777537747,419.58846538565564,473.4388605993341,6288.106085710321,4988.787859423147,1188.9072491465863,1402.5959433864277,4747.928082393851,2083.3830455724283,2049.201644335265,1489.7061070723244,5932.154117490582,2021.6566287481376,866.1316438418694,906.4548541996182,4306.106696018371,11010.687366074304,847.3923147842465,656.5076817955844,5704.576854814444,4353.3451310497685
-62.576469406823435,765.9196722600847,13.72363205161456,39.70171298281939,7.67082420269297,66.53009878680737,250.3741209485585,207.1913839307828,33.542515340352274,-259.8323195774984,916.9423967919819,265.84228602034125,66.00885930256234,395.36233781299734,91.13443352627121,Passive_But_Steady,Salud,Laptop,DSL,2024-II,1047.796430443578,1173.4098240514784,123.00356111416517,41.12566676746669,9.161524813362856,1.2281903277973727,-2.2899916284705206,48.05648901254097,20.13663856750036,4030.812865895219,704.1498275121228,425.65704261927306,4002.044960849035,3526.499323513669,307.26020904201965,1161.6074111615828,5040.345562448497,6027.724463480605,1268.1582837360575,990.1006597256187,7143.4379473891395,2784.9135908747817,520.5444604322511,644.3064714974264,3104.406549604564,4393.771848578543,484.00220595154445,456.5478751011652,3875.4229673768905,8386.621130942183
783.2114833300802,634.3456613980677,11.859449119496087,31.522302039748514,14.228176860028354,37.61248477139728,270.11024977727885,124.54673260259503,81.21093738947977,173.55996774247393,510.01336104829556,302.71440988657014,103.61053621245664,88.81812816251377,19.64579149817558,Passive_But_Steady,Empresariales,Smartphone,Fibra,2024-II,1493.054376922815,1346.1127640481948,49.162951798503684,-15.798022602948983,0.3765490054774513,-10.821084216196919,21.914501372489386,45.17005701297285,15.5205463586336,41582.6622122925,500.2794046309209,262.68950260593226,7209.490005553093,2906.310225311807,426.5489392606347,1367.470631145383,8344.931238419376,3811.0893122873904,1508.1938149036978,1748.4118093426605,5578.823636458494,2360.4519938298827,401.47908482571165,496.82483395585473,5260.3671472357055,6525.138028200777,596.7825115221726,497.0940503470492,7277.953826871305,5971.683675885714
972.1288560393497,931.3604100861105,-1.8038210865785267,29.84004060899112,7.57960252920466,18.369793526723534,48.94544761598681,235.94872785998976,72.01344779999157,108.10154725058827,973.5622419454464,83.80190363193385,120.61742503658274,592.0485716853057,32.35643064401224,Passive_But_Steady,Empresariales,Smartphone,DSL,2024-I,1555.4062538297467,1481.148190886771,80.48410139074356,19.736028359912613,3.428987084624448,6.233596001616336,-0.2895955127638494,41.86727854138065,25.921476780208536,26775.022600512395,401.2307183525656,872.506232795797,2323.05208948088,5891.160637430412,837.3448659113521,1963.4885527607412,3918.0245718586657,4797.957437509405,731.3615202499175,1031.6959788764946,5573.480091023882,3082.4625347147085,548.9912225073292,456.51813210688107,4908.885828466543,7381.812914683391,608.4071001091385,793.6712820334349,8197.875079125619,6861.6475354581835
1741.020033239212,790.3008680876425,15.912089433360046,22.798282948520537,8.814461944896431,40.72241050805437,258.87922634522954,308.3198640213331,87.41593719561584,391.50298878060903,4814.179988416461,221.85978439098304,101.00483883302962,0.9630126420289429,44.70050979843833,Passive_But_Steady,Empresariales,Smartphone,Móvil,2024-II,1471.0091184087262,572.6178567253867,75.71172947484233,17.248903216143493,-4.185841594889949,-8.697839216333293,4.2074940945861,52.818967750418146,22.65142980416808,20178.26220783234,596.5569492340056,714.7639896267245,5172.208456550442,6048.030138912541,949.1744710869103,801.5935859220144,4291.784916069722,2283.7973123701972,754.4303747891311,64.57261526092691,3654.5487616649566,1396.4975237613785,588.5711252908991,588.7480560553611,3676.0236140430466,2490.4175536039497,261.02978562176673,370.8457999829826,8633.705975273204,5403.175934332348
1342.6741745625004,588.3324732085821,13.543793925919298,27.303424252886924,5.231678840572233,-5.886585544377169,289.26595538809465,173.67198338757652,129.4668061648572,759.7584558342024,634.9444162525965,161.1985714927775,67.7954177752391,388.9372742785515,79.09233118801505,Passive_But_Steady,Ingeniería,Laptop,Cable,2025-I,1651.0873815804002,1323.098285420274,42.09165376840373,17.890288625740865,9.355030456191729,-6.753998591610993,12.830281613449031,82.4607172925788,14.238861407799652,38361.70382897633,339.5267892476602,1041.065866614933,7333.488687344731,3057.0737065307767,714.2001756214162,1574.731428939665,6848.654864106047,3357.0151132808714,896.3002124206105,1983.967344467803,4912.033622165227,4270.481542860783,961.2940413735029,512.7172939976945,5159.391230551515,7367.227759023146,956.8603729795583,570.3844094620438,6700.365679650599,4561.073428504842
2197.5833987818664,731.3756088358873,3.287009060657672,37.007652371073426,9.290519202888852,20.638929525111603,282.468633951593,155.6200115438937,90.03204762630835,395.52156301431756,5377.765912635658,287.22013434127217,60.418171562056976,-11.532351507433702,39.98742126604244,Passive_But_Steady,Ingeniería,Desktop,Fibra,2023-II,991.370508936574,1656.9949602681972,87.65300245926602,12.295714389919912,3.988298333678563,-14.014238932992187,9.083560525044032,62.04209538739819,10.603459209879944,53952.22717952311,412.3907495235911,492.67635182602567,5074.5897353063065,6010.238024003943,961.0399636321638,2374.1180583192568,1437.7451725164592,2016.498895207033,552.4486866330072,1822.0614710999994,4027.2237683240164,3748.434297847071,469.9737860152212,760.1365513892873,3893.6201601577227,5192.224295726561,535.7871308216205,484.20806778081294,8059.537332752961,8131.875912774225
450.749068042152,1040.1342776316937,16.079614728016487,41.45735423408255,5.7163893262789,-4.0624346560109075,232.23135640032208,139.75051554473112,72.24139408405554,229.491494457231,1032.873371129784,175.38438842466653,68.40025278504945,138.70295999571496,28.546217108577718,Passive_But_Steady,Educación,Laptop,Fibra,2024-I,1433.78196676021,1414.3834481316128,107.88404037792779,-0.9508218648616671,4.493364780268804,7.120899081662625,23.54184627726752,51.31093325107704,30.969898873297243,5481.1511547394075,732.542159666247,406.79609574385245,5572.656349572277,6758.7490918432395,467.31768086648833,1610.2139403067924,6273.221408336761,7226.163872105273,896.4326916127093,1698.871231900796,5302.2810012050995,3150.301960721993,1071.6983547437349,601.8955755396437,4082.1681881751047,5706.702543007107,568.9662906883926,659.6162113588293,5350.280316525041,6761.993136818307
936.0228999583034,758.0917739277722,14.750073249319541,32.52166076369919,7.005756983529917,15.953623619945958,106.18878104658235,151.4101891311545,63.49123214057721,259.2394959657937,2753.6500916893947,198.6332559210859,116.92625293131348,431.67905155806176,58.428998339977035,Passive_But_Steady,Humanidades,Laptop,Fibra,2025-I,1303.629980419887,955.9077184101059,183.5025264978731,29.260414345574176,4.914283889902388,9.253946396790916,23.402257312240692,37.66765557083296,21.210411610166137,745.9175467053319,475.5356763579913,437.96281607411737,4393.478221446271,3160.1546414948325,242.0464872551138,1297.9296232032195,3880.3586171764982,4772.726426885727,777.6394273381634,1149.8146278968816,6539.379964228196,1937.7356026040916,608.4485154198011,565.4504380480927,2849.1601040526643,7782.042350756146,482.1282734395186,353.0691433632886,5046.922176873804,5547.737890322147
1283.9283065156446,699.2579980350794,9.188656093387529,27.499712619074323,8.859325649296203,48.7722184653974,263.9927310118819,131.158953051325,81.05025688520536,179.64757756217747,1224.7045778993217,245.46640366121105,33.820440301630114,146.27285272034936,78.4611560210879,Passive_But_Steady,Empresariales,Laptop,Cable,2024-II,1613.5988025258714,1866.2023032930529,33.250588139106746,4.703174720879469,3.1193143495453994,-7.941295601471422,38.90363589599285,49.257480577519964,10.42042256569566,15481.297992808504,613.0276717868962,669.8365732956343,7070.193771420421,4446.189111769929,681.121428975216,1304.805915968803,7288.7449688961515,6400.9933209916535,814.9666926281097,1543.415634598467,5681.509379040464,2967.1725543972634,762.1556328789584,396.29828043179134,3282.4701919910494,5407.588067544111,608.4723829174927,860.9850943435836,8590.18518204365,6242.737247485853
153.6067781604338,651.1105926016776,24.155657781884692,30.79037286312723,5.438431912276918,73.80701004519287,332.13540243375945,130.1516995582521,83.98271666445072,-74.81424415120185,2010.0431936282266,167.63520305631252,87.89277312718616,524.1628413270895,53.63837527663469,Passive_But_Steady,Empresariales,Desktop,Cable,2024-I,1700.3594363134457,1604.1627049501865,122.38204480764863,16.57608202505923,0.5230647489084674,17.056863377615763,-6.2247149629016345,52.39825460148873,25.977679613222048,20694.352633289545,581.8324092111623,714.652067788272,6663.29439461387,5303.1963618242235,475.9901443034758,1920.3117632556266,8292.106372444436,6281.594245966878,1590.7309473748298,729.3393144230786,5449.4595307262025,1682.8249712327354,978.4493079452477,576.709969448176,5513.01719611411,3779.731254276357,636.5599668863276,470.76372123731585,5045.8579799008,4389.734494161122
1446.1142512027404,889.4918953207589,11.144078591702915,40.147247268581815,10.549515710029342,41.397584419723486,105.74005633099628,307.0610253481118,64.2382857865917,355.99636706376907,6090.787096410234,333.02997290294905,73.8770020713031,542.9901140910113,50.042576563731615,Passive_But_Steady,Empresariales,Laptop,Cable,2024-II,1020.4262059933783,770.5108007346853,-22.67469226441095,7.21843996141194,3.7184197342128735,-3.5179943428618774,3.9367721771291126,40.29268114133543,22.22252496023293,26498.82827884133,629.9630135378766,666.1497443446431,4866.445117195875,6273.061467997635,618.5504446132331,1672.0385762464446,2756.6228319004836,5785.39653685687,761.507611312918,756.1760730984766,4103.0039940604565,4267.699361131314,744.6958994426627,530.7286554470704,5718.653776563307,8259.388532640554,795.221346569865,365.7719707593351,8195.401518729015,3710.4695874726276
-344.6962624884627,428.0797225029104,7.983582744971162,30.23380110098656,6.325901976382848,74.66904255727324,371.9951101759974,170.6224903232442,103.91983321236266,160.1765071666137,5438.760923916871,265.98418595582393,91.16408429661828,277.83563103399354,59.5241988550144,Passive_But_Steady,Ingeniería,Smartphone,Fibra,2024-I,1345.412184684957,494.27433632662326,13.199591177383693,15.563081144196836,0.38932345237252264,15.826566882752964,19.34174983349719,58.820854328960344,32.659449811676446,9762.652028066492,292.61941555924307,748.6719121250194,5585.06016675365,5692.496896191087,685.8219443221657,1189.899035131336,6691.352956532104,4955.610141067429,1218.5570138448356,465.3466229431325,5682.66133560629,2566.4763015089206,489.4177612294236,513.2021857755876,1765.5716524517538,6309.450593483103,789.2760960611384,756.5517199517753,5472.86134412206,2706.8428951383785
337.4366641508403,588.7872641411254,21.94631147252148,34.31933128579242,6.305718361019532,-24.669524088606305,356.81507821036854,178.9672205356322,96.05591016613461,35.76173864843187,4615.063691153105,278.43310420402133,70.6928944266778,394.2968956534968,48.372713352762304,Passive_But_Steady,Salud,Laptop,Móvil,2024-I,1294.224761424723,996.1674779451055,83.88273658949123,5.456782006655981,10.006030247110512,25.269140580171538,-16.97095269031596,30.42337837348984,16.612866123973667,68724.38518576296,456.7541812288444,647.1743207586122,4283.139519891076,4057.8220948149437,736.921685468488,1432.0037691875696,9290.707605409763,6518.795930822357,1154.0477834319574,1236.3425748372476,6216.325776231054,2731.832280715543,746.1767503148897,353.268683473529,4027.194741136027,6839.698012466325,567.9471716360514,437.2427620392348,6040.349096931611,4765.319916808748
1406.9453585679994,274.2850129807177,4.206399988000193,36.29893017393124,8.294512913631788,5.154556365715063,245.31691760583237,190.66040007642965,102.6588189169518,340.28515686721465,1917.554010943802,163.9840642238991,133.14790964550292,168.92614334126165,66.4294439583209,Passive_But_Steady,Empresariales,Laptop,Fibra,2024-I,1085.2536186734771,1406.5731369613463,45.97290355107785,-4.72018984172894,0.0762808794584744,28.548523485038743,8.963151900276255,44.038809138532514,15.269013847926235,2921.8565181015074,813.9245401139583,393.84505840640287,7217.255472134814,5796.847568820431,759.1087329670793,1473.4470187320992,9386.534293083914,3391.3049752402703,1269.4220453244805,1521.0703270124882,6443.893549163696,2614.7836580395488,381.7643440414839,435.87467265176383,4955.699911834812,2567.245824512869,678.7322089905659,573.0416498428583,5941.851399565832,7391.072241307591
1134.1921585639977,583.1935057788871,9.920311122886561,42.50320994595095,9.174785220313082,26.21334894796866,262.17576565860384,131.30352400435575,99.16495655420717,-11.522279735979566,8464.164133275428,209.5635266923524,77.26620847619482,208.8917615657406,76.18745818105029,Passive_But_Steady,Empresariales,Laptop,Fibra,2024-I,1658.9062299385134,1484.1916821162117,79.27694239767001,6.472933706561802,8.228042711384173,-13.178902401661048,19.13842000151465,51.45258433398457,12.868221675034889,41437.25164982868,566.2026753023056,247.0684530135661,6663.5127034788375,3892.274371633089,793.418498449951,1333.534506240394,8694.817772405579,7153.195426588445,1718.1661720347295,297.3713414418596,6730.027006827076,3345.8320949628614,590.5244666738201,583.8677343281042,2821.0773673314507,4788.396976015255,777.4071448546285,536.876686672387,6389.705315958442,6527.837991914002
2061.2094642402462,958.479719782914,10.977309698888526,48.805701680399466,8.02769153560632,24.62369991650047,294.2549257330069,214.27592362672613,108.47877769436964,281.31105474467654,6254.626060958829,106.40082308298236,55.836990130187694,106.56161700681632,55.64816294363412,Passive_But_Steady,Ingeniería,Laptop,DSL,2024-II,1606.288520982378,1438.902001763228,122.16287199902719,22.918344376601752,2.348222229644855,-1.0885085404188501,22.089618626922086,55.057223471892556,20.832968823500888,-12779.273187212002,673.3702416545,629.2147684092084,3936.4902780532884,2003.65186165895,334.27573015201216,1326.9692262092453,7381.951526569954,6302.990933686075,2159.2598351268107,1441.134596521774,10586.923516773568,3181.418187820507,277.3742662839362,524.5998325538974,2160.823097361846,7047.091443838285,826.7756588972047,399.66357950083216,5082.573991371773,6880.036983201217
1501.4877967701054,907.6143377390456,11.415970608433419,35.16644515025907,-0.6148681505496585,53.221021299353765,240.30444764064117,147.74661605484727,46.61867523789016,-202.62352399459772,5883.096165627134,256.67272485127114,106.99379282877283,174.8968253994176,69.49687754750735,Passive_But_Steady,Humanidades,Laptop,Fibra,2024-II,1623.0267393832978,849.3190106141374,-5.894945728395911,42.31964679417855,-0.605729104500611,5.71713157819599,-0.5362903896788005,62.35827194628444,16.735105638056865,49062.9029793575,578.8810963786933,698.1929609280453,6705.355401679119,6535.831126359138,364.4602963409791,1389.723574839365,6458.3995941187595,5272.650629908555,919.1642036581025,850.4646941802614,6690.492849620405,3225.173745511946,473.8697326490769,445.5144789908762,4777.661553718515,9598.09883090858,371.14844074862714,502.4928422447724,7362.478592586681,5397.338887842424
2120.8188022844142,745.5508747700056,26.134746371156275,34.41484351100939,7.161392791027752,-2.190996779049396,296.6032654386944,87.69733482361113,69.79316779924181,-194.6232807744209,3347.4093328913973,286.67216470960216,66.1716601114019,368.53060988729396,57.62988099856032,Passive_But_Steady,Educación,Laptop,Cable,2025-I,1452.8381283516812,1537.9706485413528,53.601595844589966,7.872762128631688,-2.0500610050758663,-0.44009733070703483,19.904556272165088,45.68941813442913,22.439393161657406,36176.32027174038,595.0982104240481,844.1849209995709,4431.943025569143,7524.431376326355,739.0128716509798,1307.827859080272,6770.118676066946,6915.023671266156,1156.9900818071756,1256.2633709080933,8448.250870406464,3522.256218515539,532.0698998772011,523.0029029008688,5155.148709942238,-992.6001603085106,570.6561811711281,910.4317103958003,3873.3608335043045,3653.992121277448
490.52990677522837,719.9458008045453,4.476544933101422,43.079974896938566,4.615468439761463,12.101490403447016,160.42899476337402,203.95252046342313,88.89964565971697,-91.02228145215193,6957.376766537936,91.43876502616682,101.50443557122155,514.7729844088237,90.61331347124597,Passive_But_Steady,Ingeniería,Laptop,DSL,2023-II,1278.1560683225762,1117.7774822740469,1.2627952337585455,36.10606160046218,-2.6472125444176484,-1.1047308990039006,29.443842123480565,54.29507925104798,21.07175623590344,207.1593681111117,755.7682880898019,431.28099279687274,7509.066877482646,5517.252448330682,743.1817159430163,1393.6542141893403,3810.307455906953,3838.515953252663,1120.044722780956,1563.2475446815126,7864.167330943526,4806.163150008072,1026.2962787160816,482.3527654125584,3893.57960092758,5666.223564838821,656.5413841743394,1016.8049008789044,5948.365962049495,4646.014566059384
961.6828655631807,344.49704329957086,12.850867717677957,34.63579177051051,11.3784752865181,12.303823537835864,204.4659377210503,117.43625246279255,102.94549124729491,-191.52802581037446,476.9769323327437,158.766342854325,88.36614673047015,664.9318083792291,62.41649568453745,Passive_But_Steady,Empresariales,Laptop,Cable,2024-II,1656.8069182244435,1782.8830614643248,26.993554148674676,16.871336816632002,-0.7750367676731447,-5.346230376119252,-1.5148766173352666,66.99279980669287,12.242186995877045,12643.455467409007,531.6423028640093,728.0819478660272,6211.184143717925,7916.067451815825,929.3753550562355,753.8372771318484,5847.010399090507,3496.990299174536,1687.3822614462147,816.4310210467428,9178.64693542805,3072.252096633699,518.7082636028784,641.9925890976427,3561.1056423012733,3812.169249883058,742.0874343755127,476.50063464803156,6055.583660990506,6769.825480499677
1210.0112887326093,533.0231648559947,6.266209825720868,28.062369559865736,1.7767993613946924,-10.364856717433895,316.0111479853321,154.1690918095483,76.03764732609523,208.28872076034583,3225.0849306279815,178.10265681908876,117.74360786362011,106.77030962350268,20.64117664896114,Passive_But_Steady,Humanidades,Laptop,Fibra,2024-I,1411.1495321618002,2374.6935008968467,78.7298555292421,37.80077312181438,0.9276839797224854,-0.6397863800815626,6.618550888494241,55.82655753219989,24.883391153338962,30919.89417447209,716.5054703483726,521.4297495237757,6092.38739007779,5644.158314358989,1003.7785982454566,1687.0410502517475,8195.001338897899,2871.179339802952,1734.832840184446,1743.6210882052753,9131.076573454582,3495.945796079544,784.6407635894259,523.434124806915,5865.449780793309,7430.024287166122,599.1417115096035,527.7774412770726,4887.193635899877,3879.1341312978698
1519.7362063210185,894.3351880865266,29.096100038218243,31.367738554612345,11.18018063530322,15.475899885890513,350.151855248484,162.64499494763126,55.47797440554147,413.280310847677,2311.5710203389435,284.30197176183435,-0.8473030817762037,168.49104226330812,49.809216105564026,Passive_But_Steady,Ingeniería,Laptop,Fibra,2024-I,873.3527924927448,1037.2306010564776,30.360382968015692,-8.397529720779136,-6.144647298394805,21.64854883217783,28.719010538286888,55.474568959000685,17.574424798834293,8086.886449800135,775.9436082386335,442.1734885563185,7326.332799983519,6774.8117040380275,575.3637855283698,1486.8822498886896,7729.13128169121,3481.4159228592475,752.0310864968944,1127.9266224123153,6250.436945204007,2749.384372983538,345.0538090515546,629.9191884904642,2286.3221962131593,3219.2077770402793,931.8935099943358,451.2024605163263,6918.134980935179,8949.796531996228
1639.7378905700043,670.6172841780251,13.289909289046333,36.87350036048222,7.004901404674607,30.27694990201434,253.26766578985158,123.02380326320078,66.54088006496195,-17.99400548286863,4826.662650687864,255.300634460813,48.27834495936418,366.9781252012044,30.8471668012184,Passive_But_Steady,Empresariales,Laptop,Fibra,2025-I,1798.5124155045,1254.366289496799,147.8349593636427,54.9500380135468,-0.4159569026262384,18.605373198548552,-1.778884516029552,59.91189863258888,8.220397203619498,26168.320754247176,198.11049189203828,832.8459820138805,4837.230741443451,6278.867941768883,661.1558302587937,1277.8542524477868,4604.949689593223,6177.653611144814,1305.1830332724367,1933.0672158498878,7678.474754483407,1535.085448318181,693.7083144784011,382.90344439508067,4060.783189199936,5289.839799398806,783.8503174205139,575.0616577719162,8034.1538779172215,6919.423584665911
284.5042574319649,711.645332515168,19.13366248909498,27.646712413125794,9.284179822031012,8.747436104729244,174.292681008543,223.40274407340905,73.62076227300594,268.1686732268676,3353.3546257613975,223.4996606381525,85.16371648565402,163.6103815882716,3.5984426907189544,Passive_But_Steady,Salud,Laptop,Fibra,2024-I,1108.3955832764188,1418.9199212867743,16.575032398913464,-34.46402604319719,2.4183035549170624,41.6153674508933,12.265549644035682,38.80244357938746,21.04626807697919,-1599.868529008465,446.15415434376223,663.6540129741184,3957.879541406739,5814.291713659601,755.2381568424149,1403.5534245415158,5387.002958588885,3446.1631599370717,850.1058110109257,1318.447950253808,3664.5328326148474,4751.10409166078,792.2640879133785,391.0796433272597,4227.580665387915,7518.3274609933005,492.8100609515958,693.1549902323947,6315.147535394521,8763.82788544969
1179.7679450389774,573.9278028798072,18.064942433809293,45.51242874617827,3.982308081400689,41.30780421773886,92.85380124994413,95.15093314615848,52.01398177272271,-755.8937257731033,2622.217331821144,264.71160564768235,66.91680227809167,96.2930269855496,41.06072293860505,Passive_But_Steady,Salud,Laptop,Móvil,2023-II,1343.876754860027,1632.1385189380912,2.634592339537214,24.206017963071027,-4.909615442922725,36.719855926976535,17.0090345931134,33.76171396143285,20.45343356320404,-5840.805177107395,657.8272532166725,552.4308018795132,7942.067313871195,6660.328351726805,631.8914154469758,2113.6280702766217,7471.163949575576,2410.3829286981963,1020.1476170039239,1331.3962032740915,4970.308002882077,2939.137903798286,344.5031051787528,286.1614955122676,5349.910170447385,3266.70214970649,663.8966345976617,712.0760805204831,8985.253038611536,6326.7634070585045
636.9161049543933,529.5991155459309,29.11678915996498,42.681334847030804,4.820158492879744,31.148870047400884,353.71400594535623,46.73008364915627,99.03967162374212,-270.3517530221921,2702.979231821831,305.0074322374734,145.67249021325597,192.22221444232707,40.52238000470058,Passive_But_Steady,Educación,Smartphone,Cable,2023-II,1526.2960864409781,634.010709504292,33.48715048938683,-5.253767943490951,3.778458689646147,6.909013995357441,8.884565259807745,60.122779063095784,11.727052425368054,59924.613150996345,688.36178668032,853.0744924683794,5836.3805844207745,4786.621116998719,599.3117463462985,1664.8485150059234,5003.74119932973,7356.536192135452,1225.6578852429438,1448.290649098201,5372.097970855601,2340.3387759828997,809.0449500459096,559.6393993430797,3076.949552046771,6082.677452107235,903.6776501611967,763.2462791490452,6507.285126813865,6334.314901505199
1813.3337892893787,623.7084241550291,18.850755073156883,30.40187496318431,10.633998444372038,22.07688762682205,232.03288058537208,37.75434659549812,105.29360691930779,73.21869130936042,3276.88922975854,132.960633152733,100.83477652808118,245.13895279045656,82.97095399288219,Passive_But_Steady,Salud,Laptop,Fibra,2024-I,1648.319640432928,298.259322481063,205.96257743481334,30.97933341030269,-2.7884424160465224,6.333086789407595,16.199985003726095,50.32090211980453,22.261264439571143,3062.4834907962395,883.4313376792586,706.8135309987047,6637.363574563124,4925.079382935777,562.9555951534426,737.5022759828895,4909.944423735185,5325.83293209424,1226.5659894927178,1005.0341557128734,7192.641028570143,4151.595489031943,808.3178952772228,294.1610121160151,2084.724751192516,7131.783068750464,415.3449706028362,277.6906809989657,8148.290107056757,6541.416398489615
1394.7070102357486,559.3578169873358,0.896278193529346,31.088190348197024,9.19007852027423,22.412890613199806,87.88748088819753,62.83805562831313,96.16059644308868,191.2538590136081,2489.8980401976532,168.47889706938233,122.75575038437566,115.33823264296392,37.854385884657745,Passive_But_Steady,Ingeniería,Laptop,Móvil,2024-II,1358.5136502926289,610.9469045595391,8.3948513191066,32.229029881055666,10.096110650454602,28.268765767627887,6.604571973061999,42.973936289563476,28.551076708022137,29625.792353238274,479.2329088129536,705.8164464237974,6780.147172151793,4664.057148434995,629.6642874041067,1460.169490982103,1763.4638137183501,3278.8654660698976,1364.1996569667872,1191.0516191043682,9859.055919632157,2589.421556363398,184.1376740184818,745.504122188544,6547.727039473049,1239.3206568234973,337.2900465250788,580.7021599598111,10750.434680223698,5204.194546513278
35.59157138676528,895.9966191291787,14.079350490869155,38.571162723325905,10.096875344726008,17.374825468653476,120.906627177336,204.42255969862447,67.52047574749606,757.45081604533,28.5690447319148,247.73000506740937,82.5419638115807,520.6267048484499,70.70582877130286,Passive_But_Steady,Ingeniería,Smartphone,Cable,2025-I,1311.104043154415,850.7702756751543,-9.270626723250366,22.147628058623678,-1.0887844402617426,2.9999254714140946,38.29232015149114,55.67862111168826,14.116016875509022,16666.58166068321,569.8622049374436,435.1679427553639,1969.2076809998243,6363.500442894703,417.88188968428165,1773.296993335327,3185.1344947037173,5883.901544028802,1509.58781643499,1104.2422974472834,4088.636526975803,5887.644252103446,586.307885033723,649.1700537304273,3608.595797969897,7314.021617480612,358.11620503264874,560.2973532614817,6671.231368222903,2661.196883698998
273.7228362115452,700.1071720955216,14.714401410227488,33.06642853202002,10.53106210877938,22.613228769622665,197.9336174845409,263.14372852028976,49.660231340118465,312.2012055292,3105.997733103442,216.31070375528262,90.91431241071135,204.85484423411506,62.56044222158815,Passive_But_Steady,Ingeniería,Smartphone,Fibra,2024-II,1038.0003191173005,1720.4939425800112,59.43325556124475,37.04236160752946,-0.630388051002695,0.8354114808388725,22.016663378468735,40.557636290884545,25.1941170307517,-11631.533356557586,198.42643752941984,522.6250337137872,8643.025876960877,7949.243984179177,539.0165222612842,1503.1848221274681,9050.156262219594,3336.3290075598934,1015.3361811304785,1240.112110247139,8654.622595750716,3153.5890720691787,104.66250593036267,607.9313225659162,4021.935685983962,4962.450205580561,567.4542328609574,612.0835965177271,2085.2161184714723,4428.847613669284
760.4954518911379,819.7655310996367,5.293407192824622,32.60038176891345,9.021715205732082,12.226927736035531,257.12290281228707,250.0716774390181,67.49495799916846,459.70444159443167,2025.1364277185824,297.14644519897695,72.40683567162489,291.22109894673747,32.60065597959742,Passive_But_Steady,Salud,Smartphone,Fibra,2025-I,1341.9241876372837,1109.1464995816948,62.29061383685936,17.34043642655179,3.8218936687063074,19.322303140085925,18.066729424745066,40.24094554975985,22.007628730252655,22551.116959057657,699.0299408173104,554.5482621132699,6467.639188835898,7634.419568499201,434.4695757124845,1792.1832936126482,6095.4155697396145,5005.1350723070545,1402.8560791533353,1129.3069651109129,4895.92104442412,2513.420342403694,754.5648594412279,-4.28428656411063,5419.090939254998,4683.23122650109,515.430669381674,253.94075304347444,6813.135492476972,8919.277234166526
1375.9284032812775,375.65602972441843,14.6962265727172,40.35425850917271,14.261542615248615,1.0694219661321398,161.12551915708661,187.14726301733,68.50925038016388,319.8630545186727,4495.924961570319,309.64947988828055,46.149746895623736,179.81057726723952,53.93275966510132,Passive_But_Steady,Empresariales,Tablet,Fibra,2024-II,917.278885951149,1902.3218141178604,156.26851796328282,16.008726137270653,1.1759852426495396,-16.212834956521746,3.8962003381951433,43.96458056268154,21.57962330630022,11008.374488811933,499.7617459126998,687.6575372731071,6615.65260915974,7509.550466607805,1049.1120188800096,673.1826622898438,5852.66454013183,3661.2416498555535,1502.0471069814364,1265.5318249654367,6993.636469011768,4000.5361724272248,587.952223927268,717.4367790245046,4099.369822905677,6798.189366526101,835.7626303920592,528.2015366826023,7520.1514139255705,5817.933553286132
1135.0894448923077,844.1436817067721,16.723821345835297,30.415960381770223,11.63999657902422,40.29527134896677,339.6902493728863,87.42024199468531,121.80292640588843,546.4317835655636,773.339364880871,215.86349308104974,41.411918111031476,-143.12194369069297,51.51901942861912,Passive_But_Steady,Ingeniería,Laptop,Móvil,2025-I,1701.8548250005974,984.6720308306267,140.75252813065612,21.918678762678706,-3.4506560148480885,20.293905020259835,5.095801968751896,54.76311214025225,11.441410433474074,9175.773640055013,526.5023781528998,650.2822175858778,5193.101071235251,6393.863992540338,1178.6696234926499,1579.7929679054919,5560.0119514251855,3402.445766950357,863.5285647140336,1686.9632808325705,8839.10338135458,3891.6546392210985,760.8592646563203,614.311605829867,3595.3141981224107,10890.261923802389,812.9652225626289,482.6499668009232,5440.420399025434,4927.462047073535
681.5051002959005,720.7084718904028,20.207486177256083,39.64507434353485,6.132472828662066,-7.44709228305263,214.63328815301531,95.31483854901388,103.62954632663342,192.39343867869957,5765.080492800567,184.38863595433804,38.36983926426232,472.23447690527036,24.432184468459596,Passive_But_Steady,Empresariales,Laptop,Cable,2023-II,1181.569582033153,1419.0905371511442,13.850733895286467,50.58541259906245,2.3325635244112477,-4.4539284450210035,4.548836891220643,51.85052142863717,23.606769954442708,54965.60303000513,681.9434589830707,706.2305430472969,6326.023376232519,7965.048545173899,874.2502700311977,1462.6544890917735,4369.994790733356,6396.95550785368,1215.5448696373508,557.1891545930563,10960.8685152964,2401.9228644211357,662.348375122211,746.7814397567143,4807.407479017688,6141.742631372288,477.4078679838648,564.3997854123985,2769.073713388012,6064.3835596815525
984.198080102195,890.7780561401348,16.57701954840901,40.04095453274313,5.053937838103448,31.25557121116743,182.81069424454603,263.7194657668787,76.7594231099792,-104.16690800921943,2341.1212172966184,267.7509545365953,62.88690834521665,419.92797498995424,20.091158743063414,Passive_But_Steady,Empresariales,Desktop,Móvil,2025-I,1543.1957488838364,1642.7286821603452,-41.26736749789485,18.99103656370555,3.410552889940767,31.01574550734581,22.900049415924894,54.06339103074648,16.558535809664814,49077.92318707334,798.1170460662578,709.6427079588316,5974.696613549339,7886.916025845889,530.0625110783785,1099.2662713753698,6879.522624845169,6044.187006990831,1077.7949809651316,1001.8872692407375,6623.336837875511,1069.6438903452458,381.64515955118077,657.6387155416618,4159.800630097646,248.82540625085767,415.6065704527341,348.3331742163926,3949.9765854030484,5088.502094402357
2401.7505704554937,635.3436570864766,21.971678821280143,41.286546248713506,8.799189828992644,29.978171239918524,317.69024019718665,25.693672419627546,87.35106507823292,203.99738996078503,5534.5201302934,175.37482345868858,129.25116950165065,435.03464883037316,45.56494525272858,Passive_But_Steady,Ingeniería,Smartphone,Fibra,2024-I,1800.1066544314658,1268.170542985163,51.16717059922779,-6.298754884653468,2.323818294897147,11.329250660581117,13.488186824292178,56.482375555028625,22.304501257972504,26896.601987140082,320.4174099863235,803.3113318587455,3538.526962572002,4433.929281424782,749.6200636264671,1994.929779837025,4956.891683860074,3051.609186316544,1358.8491022065864,1122.2163595079155,7393.873808703837,3202.851035063843,644.7126499178511,332.08935076679813,2734.8100134080896,3979.68397430264,610.8151603311449,636.2948214243673,6816.848471165838,6238.59255825833
1430.0614384833673,502.1889858373199,19.053712298772457,25.65077825738666,4.589254892122302,18.685594569751878,140.2671843606192,254.559163710814,87.93132527802987,45.7814384226693,4257.827031674262,309.4258734317526,79.74290981132974,775.9256252707142,57.97345892100514,Passive_But_Steady,Empresariales,Desktop,DSL,2025-I,1096.4203335456205,1108.2665839347865,137.99597552234948,-14.44413709503208,2.047497133572953,27.229785808507472,4.65462547826995,41.227846426582175,17.53191185937587,39460.32145503138,817.3928580346876,774.0736851605463,3237.2968835493903,4538.498354246108,296.89628522928285,553.1813783652947,5670.023081715664,3398.7796576222618,1508.1848233102976,956.8326037436861,7317.096970424884,3008.0440156563373,597.8325276361616,627.3988163270408,3594.838414565366,6214.451337423734,467.713680205919,685.6037746166878,6736.786038090731,4938.199511730876
1374.6319707462699,792.1950284596107,18.671568546803663,26.21782322222866,6.443661521914586,13.561194142740046,205.54036472165353,196.63277111751174,119.8654268318719,24.859651831370215,2743.547058581171,247.52771461602168,48.03685590162916,463.82534955181546,30.366794818568156,Passive_But_Steady,Empresariales,Smartphone,Fibra,2023-II,1619.1111197336954,903.7971739328088,93.77719478109809,16.677678096782294,3.7514577201908637,-14.35320301115466,-10.415716741195876,41.21489000577036,21.22836888724984,17690.114133439565,436.1202683883347,683.8831685556311,2584.3572702488414,5626.2807701476295,484.6177574791451,1433.0501544359454,7172.460511707177,5449.038726887215,1395.0239151467001,1784.1541831692605,2730.4886183834806,3975.159618757723,885.3401121315209,162.7467018594519,2909.10577907708,5810.659292994569,577.4889117385939,280.1670163819037,8494.192099777702,3850.0411281044985
1030.7605662881797,708.5639049718096,1.8738351327960778,33.14566840126947,7.397072853781488,54.279841681031044,199.27131065302189,160.23907016069307,102.17377908925533,159.41289769944572,5578.0465435742535,211.8248603502523,149.03069082092654,67.33269979905594,61.43558615664341,Passive_But_Steady,Empresariales,Laptop,Móvil,2024-II,1626.2270334065713,617.4530481605693,61.84253608079315,15.198426492867284,6.380169484748185,8.798322392989682,19.663324410383872,56.57877186362592,1.6709822087124433,39335.91539018536,223.6905090405417,869.1686361386757,6536.819895057882,6788.147229146547,405.2690464525953,1735.6350442652588,5255.006510720018,5036.716125612421,1194.4712764165488,361.7577001521239,5712.56189329833,2973.0706803712264,612.5939974203828,279.3940920033811,3532.544597794799,3984.618318339155,390.5701779396948,313.41924244936246,5595.691229237014,5472.560644814941
721.6563443270222,345.66454927714915,23.348624385688154,42.968182039104335,6.404632755413122,63.02736353556483,188.57992531314105,81.35640503354536,44.71424114454952,473.40812845792016,3091.1139834441296,254.10803603914243,50.089543165077224,678.5739309775279,78.17060290344449,Passive_But_Steady,Salud,Laptop,Móvil,2024-II,1992.943185629922,1068.533204332044,179.2639954641097,32.32121321257682,-5.236557514023867,5.245099833178527,12.048385451659058,55.89252694918282,21.67579035231049,38768.48219669734,464.354040760981,774.298472726837,5893.623540800196,4532.125608764935,727.3840619203415,897.2478293507103,6956.967656568728,4840.111615585085,1652.4175840361668,1200.5016329070195,3191.958359640801,746.9040422652563,643.0538663570196,457.4840353559081,4612.783357975847,3092.9596101892034,798.7309987235069,464.25624316310405,3279.896577945212,7535.181662025036
120.00391890786045,680.6891318871159,2.246608294288542,43.31755145220401,9.99497448762955,-0.2894603404332443,191.6768061487756,-13.818325326966715,127.21242632153914,574.0410002325134,3126.6070539677094,214.40037523469144,108.04126768135747,23.56465810128543,79.62143144350011,Passive_But_Steady,Empresariales,Smartphone,Fibra,2025-I,2156.7756999478415,2598.556316871526,63.85344127094708,-3.8435668966174,-2.400811142634868,29.54205519050504,5.813506899677538,43.957105262776025,23.17943458003074,28630.615888687375,718.5106293065473,252.35608849984362,8334.393404711263,2192.2088385224088,589.0867391335892,1436.8345935883517,7517.425030953902,5114.267777030899,1345.977173610864,1589.4938777627394,7940.631014689776,3463.35734202239,1039.1746310192084,571.2734647583491,6586.94963025473,5817.564734194143,1061.9331414400087,478.6120767658372,8036.080358687724,10006.593200791705
1196.229197706044,658.3491213700719,11.50793922522249,40.27401938350045,2.2984328142841166,23.829286818137742,261.0911665223744,191.496257131693,107.40741703982171,596.9736935726199,127.99053893353721,262.94305984349455,62.94398112812635,89.21511937925192,50.500924037295306,Passive_But_Steady,Humanidades,Tablet,DSL,2024-II,1480.0366251361409,1680.6692062341697,94.47524052255501,32.93878332691846,1.3256269787756811,16.00058963146521,23.70192811481106,46.18464650449876,12.489812730190222,46349.64683988174,836.6390721870457,896.1246222360014,6519.190648531547,5362.225677851741,937.0356750223623,553.5832583305405,7831.705008089915,3814.8741539003686,1175.9655182828135,955.9096387627277,5282.640392683888,2476.4406935515917,1099.3681110571247,649.9611973155854,3478.144007823114,8995.47734482407,559.0454321766281,157.94180941349975,6024.894814237579,3661.079403321403
2003.422531131304,849.8155793064992,14.20518524938107,41.20362345004514,3.922193122721764,38.239451683665216,338.49234926829615,110.13105619278767,94.81615600257271,885.5827522251775,3147.5899710490376,214.65908825408437,115.40839464226758,302.88528325604386,48.08854894351873,Passive_But_Steady,Salud,Smartphone,DSL,2024-I,1484.1143558816657,1182.1345101004817,-55.61479696477133,45.25873314569927,-1.6280943484546557,-29.07379282942738,1.413072542583607,59.051465560348056,11.130058957589213,50177.95347391956,688.9045312316039,697.9347759069088,5879.783460814375,3507.644072856582,611.0828230703481,1764.3915992483846,7261.526434446795,6420.766300765337,1366.961856303596,1141.8940027349427,8688.632772657757,3765.7152699271073,632.5582602082243,571.5849239715444,6908.300436454521,10055.902618873028,572.8052551611338,607.5123660440554,5582.508386814608,4711.245193665614
-31.736316054604345,281.4883397681224,15.605475108705502,27.54019884375056,4.38188421163448,38.032786880120874,274.634269264827,253.46618828918565,92.84080208493907,147.10688888658416,-39.74213093188587,132.90478974753034,63.501622925141135,297.2211291148186,32.61652571152973,Passive_But_Steady,Salud,Smartphone,Móvil,2024-II,1081.1223308376398,654.5662599148544,49.106357604283744,27.106576138650315,7.284973751559491,8.170337968649275,-21.239894438723347,30.499114252282308,27.51264185971294,8469.562949841427,451.3187188805566,571.8783107612958,9261.358690243433,7620.519805578633,992.399191705424,1800.879984087057,6062.169223795268,6115.205834274385,1674.6136512532016,1104.7326418640675,7096.600815249227,4399.004942246485,297.5243710605618,532.8785011533794,4533.352651582774,5433.2354134135085,440.98470204281404,649.6049872534296,6358.168469989345,5894.06487544808
1121.4503714832947,879.2144262091626,24.493617961611974,23.889911244463697,3.6330598413559447,-5.568166802659945,191.9602691615594,77.11875276234456,73.24920227924882,299.1027753934996,2550.2529526558983,174.20034874841576,75.57477933579993,-155.85411267588034,39.30541524824578,Passive_But_Steady,Empresariales,Laptop,Fibra,2024-I,1062.4582279248887,578.8531066773896,30.465815559338495,45.863723667039444,-2.42049770817651,-11.831464667552826,13.885702548415672,41.052903539397015,21.79970066987707,14810.160717568422,424.8200555487116,782.3943898424141,9244.313427835268,6030.458239611477,823.5553329691302,1412.8669773814793,7784.840018929166,4807.4197016318285,1159.931621181981,1363.9394165131137,7540.52648028494,998.8443992611965,650.9169771983923,450.9240514393726,4382.5860191863885,9412.144561486595,949.2485629927567,447.64150080679656,7227.149491205892,5707.030123404803
995.3721950718241,569.7208548321414,3.7566615599840922,44.890276359573484,2.778826879229168,28.372882387820468,200.30960351989168,155.6713415044241,64.37905063124478,269.0234250392816,2620.628122904132,173.97395832778253,93.29399686772787,63.269927021070885,49.27614338935489,Passive_But_Steady,Ingeniería,Laptop,Fibra,2023-II,1748.329311204447,1348.1128143750961,76.94074207929421,-0.32705840835914657,0.730095060470054,10.953752121909492,13.32629168266051,63.33492984459524,8.727977320445543,60371.12356357725,546.5053301937595,753.3835934670785,3566.7210462337835,2470.411511986739,793.0677992285847,1992.7528133341702,8141.5967849716635,5281.734987646442,854.4761509620763,1583.340911736609,5586.786578578531,4112.744370551905,655.8364454143365,607.5361618770019,4377.974761938727,6696.87251658051,634.1598615378834,615.6038886538636,8021.840274307229,8941.633168559734
1095.0746152754764,1006.9731809628076,21.92801871063063,32.87366870953451,5.05732164054995,36.184346781999565,415.9836225858756,166.7112008236801,98.48208756072952,52.152248911007945,1737.2836346410736,192.80139159165412,129.06249753642288,16.48004950176471,40.91435691064327,Passive_But_Steady,Empresariales,Smartphone,DSL,2024-I,1587.065880142498,1104.0783649315067,206.15984651994398,17.071988534492633,3.84366835507486,10.780928833508609,24.569904009801355,53.708065543585356,11.786453048208752,11612.991756416606,390.93683402879856,744.450544602877,9495.204632747735,6911.116698343139,360.23802525504476,1283.7009067711817,4318.897596852052,5273.004212121583,1486.958648947498,1314.1297966464106,7680.957848077922,3138.8499713847987,881.2118964721004,481.14570037720046,3973.967683196839,6000.62178504951,861.0187300688494,590.7461953873128,3806.149936579212,5669.282865810431
719.7963603842359,417.80344333672133,20.13099474688557,28.779398835288653,8.602261202776651,46.67890098525894,288.14935212967816,185.55975695330736,113.30629055801089,-275.720699555284,5632.432320551603,322.41053062581864,154.9094892965549,189.63951875953137,50.34900359986983,Passive_But_Steady,Salud,Desktop,DSL,2024-I,1983.2746555641925,1177.9346796943246,54.0888668712554,-5.528459853581743,0.3705769438012414,-22.23930696481726,19.596954088072593,46.3180365034015,5.4409545247645354,27510.261973059052,632.4578904785149,413.87083750196103,5933.363152402092,3083.8005852782417,884.0822117494761,995.6957516451567,6731.156076655132,4307.152246965472,1247.8350978128885,2161.6312956101274,9785.024419222045,3155.13081335218,710.2073390182369,567.9661127234846,5483.611841099047,5945.909921601916,315.47501924313474,477.71189253635475,4996.278881347378,4042.0018901288167
1342.2935237649147,820.9059500149601,18.098091967686035,39.587679992472694,14.011051493868733,4.714679143820749,184.38546421290923,210.56383127232908,103.62616031227338,-85.44818365547047,3024.066673736697,199.32968661790642,67.39963121454194,26.10709140474131,84.22266746413524,Passive_But_Steady,Ingeniería,Laptop,Fibra,2024-I,1713.808959067473,939.1140224066843,58.438875859133425,25.556927682700113,2.118783760102985,21.130421065342944,6.586016537039963,46.32890115355072,15.784858333543152,4542.669475990475,573.9724254015791,673.1774832745805,7078.203463907626,5685.065674476545,814.0358758095573,1613.8925953490757,5640.5469921150125,7027.875454622864,1177.8813646404988,1034.7250257318624,4678.552355206694,3675.307230490601,458.2403523260621,389.24662297913403,2838.4552764118553,6780.2070831718,349.2330515494767,739.2463712899198,5508.046763334788,5753.119583611624
499.7932268018273,775.0690646002442,13.204301718801736,33.20481775895722,13.816780751296342,16.7468855457109,247.2161277748425,260.4246844033966,77.89874986304105,-439.67472827475274,6083.34340729438,365.2955405250943,85.8708536126278,523.6528361112403,63.04814158757728,Passive_But_Steady,Empresariales,Laptop,DSL,2025-I,1742.2956990393652,670.807531844282,134.46704231103985,36.52177668846647,-0.7331307805576341,-1.2839671044160799,10.553809732307602,46.63680260771999,17.202278109807303,29315.697269782588,592.1654480797937,566.3681407973705,4292.801928493208,3718.638565244856,765.1050801055596,1645.767166300543,5348.835939126337,5699.635091006748,1635.4782096240708,1012.0546668854331,7973.062412600797,3824.103769622571,612.0154448611643,869.7954685544195,4389.4632201356635,7631.9741352240735,707.9530956637562,588.0355548118953,5246.892922532779,7858.929250697473
615.8556803679744,479.3052966904986,2.624957556076671,33.354885380993906,10.174636268898748,12.007091007680618,188.09763299841612,125.77427078374873,108.54302004434236,226.13448018210562,2791.8489779513966,193.97865936773925,80.92478694607814,250.94336723327527,45.49838973059761,Passive_But_Steady,Ingeniería,Laptop,Fibra,2025-I,1196.1341935653886,1297.5615194481893,75.98749737114404,52.67362169524072,0.9620312264741301,7.66307528329507,23.605824073715837,40.664332439725044,20.5497292538558,16311.224839290586,708.2891474908924,681.4512746903664,9200.988453265427,3123.866745746068,592.9108717998853,1167.7259751047657,4811.475832105378,2290.640933859977,893.524112505096,872.4519265103693,6019.41983919474,2295.276855774052,503.16395517548267,981.2003720969205,4990.160817189637,6406.60015928371,730.3323686056058,384.06109389507554,3247.835092549619,4554.439992306471
1349.2721721181078,520.382566250413,16.982283851646145,37.50710713163384,6.642849448209603,41.54418499675671,147.44497163520506,297.54433094033635,102.75962169236527,34.50537664715446,4271.609511084888,252.05930177378306,105.74119637936533,404.3969758785826,84.08228650215082,Passive_But_Steady,Salud,Laptop,DSL,2023-II,1206.0355434055498,1143.0078227966378,51.88993214373143,-10.404608129734601,4.8707308494867725,-24.382477723392284,27.997561684588714,59.91732023020859,22.151382610231956,39302.80613250288,448.3275742034305,454.3648496670969,6030.742720085257,5153.539926568601,638.9956331094268,1416.2051311602036,3146.43666051203,4818.654138367562,1317.294399818155,1174.8910735197926,7526.043657615538,2412.719937093709,681.8734767683491,536.4017390238882,3901.4514945135115,8679.068762628904,763.261822943511,606.0717933311885,5189.629031770125,5112.148010704191
733.5189674509311,669.3204154191095,17.858119569419486,33.84457508886711,4.47287597546981,78.6025284149851,366.0281899453786,87.72536111309074,119.72552201692545,350.8214033808747,1486.2323176047814,195.83829223337423,143.63768161712818,388.2191857482304,67.43772130225729,Passive_But_Steady,Ingeniería,Tablet,Fibra,2023-II,1486.4311501431557,1275.092628137528,64.05724231979252,32.27248333229735,2.2400716992509593,4.294069766687168,33.29346758135949,41.8519858500555,20.35400494205559,32956.71203970351,452.03212567871304,1031.2525556016346,5026.826713481796,4526.186643658192,553.4042103454603,1904.1535166011226,3736.7556875185655,6057.346950021927,1825.6378962662825,661.1658873560252,9745.437942779847,2869.577343602052,522.9998656168871,684.124064078429,5547.679920497593,6252.371468631086,484.44711702836446,437.94598531915864,9481.07607213615,2920.156557566966
1031.3755958579497,635.8442700112214,10.33961001508348,25.28687122663085,3.831046623731555,36.82963990620886,195.5694700546449,211.90414060473157,59.40706983069458,492.88268775264,3841.92413223178,299.26731408328675,204.16679648314533,248.48211454832264,65.52182470743021,Passive_But_Steady,Ingeniería,Laptop,Fibra,2024-I,1021.1432741445823,1420.7569630944947,134.73171133846745,18.854837846803704,6.56654509487379,3.950016304807607,5.42202231321666,34.50237581090812,27.59523183971468,7259.576119580368,270.58795201850734,897.6032017926505,2607.1134097347044,6569.429670666083,599.4421022476802,2127.890228912743,4728.570759088082,4025.8370873703566,682.0991379512051,1378.9559141198897,7719.327185861695,1494.4140088854922,928.7216543092203,608.8563802116446,4479.550172073578,8153.16277081289,786.2947598283951,650.7145839254838,4042.712012188765,6778.387007054781
1486.479816783785,450.9212720541533,17.60749931295686,32.491048360899526,5.072058373701058,18.132060567403194,41.09167872749859,212.4126194308426,76.25647129215619,-173.29670678260442,3326.2678643473164,289.52305959646327,89.89927751592722,515.4738994192041,29.043970918044366,Passive_But_Steady,Educación,Laptop,Cable,2024-I,1608.7840409382675,1876.6662098711158,92.87975854231551,-22.482717444483264,12.080979563223194,-6.3582912062706916,5.569887311322273,42.00314646781626,10.729489058980501,-6457.917085608053,599.0331702919249,727.4922146826923,5143.227312930119,6601.544769602329,785.2981399811595,1078.3073145015169,3332.182916207163,5741.243843946431,1688.5795270629562,1497.2069919399678,3711.5526950779163,2838.7354175742457,622.213659506532,576.8884233045268,3646.671958883193,5564.594996923729,811.5132034460079,501.715342607253,5591.448438027871,7578.134669254926
633.5256161137763,790.2901738589687,-0.23301486165437701,37.31531577491056,4.965412345351838,32.72794694991961,341.0480573996138,227.98348749807877,87.30809181791079,334.75996828884075,3784.3257482750328,259.6977796060245,11.785047770470406,-4.25073389699952,19.956814557685778,Passive_But_Steady,Humanidades,Smartphone,Fibra,2023-II,1720.5942488711148,1209.732373144371,115.22444251500288,34.62013573634712,1.7508176698998241,27.172259208763442,17.81182268449742,45.57921868393618,17.23322304048889,16283.432737515795,312.7763495624074,503.2689642280173,6927.920304309413,2887.258146570653,816.9449604755475,1344.5892081710583,2759.668141843794,3856.0622110261897,621.3036918824719,1125.856803567324,4520.51855450483,2224.3082277421922,768.6990299038192,719.0510567110008,3047.2135824130582,7413.584905805964,765.1992454509708,408.1588902460312,2414.86990951826,5243.3248427200115
1417.9421130615497,432.39540626757,17.92693924604589,32.63814816563775,8.543025002117167,45.666294383246054,163.70434750699386,91.79440946321665,54.758460020699026,124.09723389746972,3692.3774539116257,199.89013747791324,95.34063678667732,344.23715084444245,77.62306207187177,Passive_But_Steady,Ingeniería,Laptop,Cable,2024-I,1367.3787820002212,1039.6765999088962,22.116403804360576,4.737066477292311,-9.39088994790581,-1.5280332146182172,15.895523719434138,65.62483538495668,11.639909905827022,14376.9803795378,330.31135006211355,983.0419244645427,5527.757904749753,7258.799690936834,667.4947064006252,1215.8884465985616,3009.2328016136266,4588.660848389342,1646.791790164255,1406.7811964760454,3515.294346117894,2129.323404446105,374.3228255956548,555.2102152921314,4639.669304056778,5449.508238306982,598.6452108038721,679.3753292007979,8789.265776896355,4956.108766691314
1458.1066298329224,820.2851098073294,20.79669706730538,37.31354947614614,4.650408941332049,4.780587325373546,214.85661413093,131.13584602893974,51.56275658953797,148.74922717240906,-333.581014997324,249.17555700951522,86.42521199230107,784.1747802493849,76.74661218423311,Passive_But_Steady,Empresariales,Smartphone,Cable,2024-II,953.2021056720004,1859.6239599047722,96.3658805694873,53.39970265932776,-5.87226720786154,-0.5287556817266412,-2.9893912908190896,57.633416598946205,13.740541554756188,25636.53420700488,483.1551942493841,650.7424732252751,3182.1633580732605,6484.782033506754,745.3564875231721,1349.4458196127177,7970.7675465970615,2956.0302079728317,1540.0773229343336,1654.15738544427,5146.340198033755,3468.7247439588373,379.7825506285033,555.3865237341338,3182.5140052945553,2193.447114342186,578.26880149705,493.3303591734234,4835.343704868334,4244.147536128357
1528.6623617755884,526.7475580523318,22.907298900066035,31.362166182607282,7.183525186763839,65.37989116295624,200.36042565722434,311.2864189842635,131.76548618113108,-112.56643921506193,3069.3644145597314,267.02380404541157,50.07077163616736,125.21362297919632,67.67414171419581,Passive_But_Steady,Ingeniería,Laptop,Fibra,2024-II,1625.146082569251,1512.5010594325695,24.81822561308565,22.909687682547933,10.582622815093336,18.34515809640927,26.84287912290505,33.74731857669892,28.16465722558297,52789.21086790574,579.9586723126632,628.6583776592843,3321.175368948127,3734.0276569506955,505.625471622327,476.87853912847095,3280.0000463899214,6462.740547397536,1452.9285696301006,758.1172578261982,7549.2462510867335,2853.7877753040984,717.6956569338743,777.4674755118856,4868.456011156843,6312.329265021665,818.2834403352036,687.9621241503861,3925.1897545146717,7556.500874084632
1431.2363805543728,690.8379354761806,14.139601229205729,17.285141918425232,11.850251814774545,46.91675571923517,287.83002741771634,91.08835197776372,96.61244050639843,319.1013596137652,2367.2302204237903,235.81311228750135,70.03104095024415,129.40898372846846,43.30782052616036,Passive_But_Steady,Empresariales,Smartphone,Fibra,2024-I,1789.1027086545569,1941.9829444312254,109.82726232391695,21.148141972517905,5.154025173934847,16.680879068096324,22.070954635702194,51.8057126286364,10.424400891538166,20904.590298241972,407.06564604916343,370.66661261118486,9883.719375369474,4042.391298210208,247.45384090554046,1392.923410068179,6944.1321408256445,5029.583257315471,1417.3664054683354,1028.8625172826314,8373.844260054404,2671.81627449174,460.9407362351361,472.8699752926607,4199.010619463716,5464.620405841212,784.5538272960467,295.0786361605577,9804.463548162314,3698.10235964075
835.2931207984412,758.2212590367562,16.480438907114397,30.47938746621924,17.075005042222962,46.85131198875263,118.77778634615761,223.17430020070753,101.71031630315298,117.1572933199873,6915.199401787113,165.61840023361887,-5.872023077031628,410.5551512635192,66.97004973267562,Passive_But_Steady,Salud,Laptop,DSL,2024-I,1278.5647970536047,1296.0017183189398,63.95080026320209,57.09440963742287,5.3194373469429035,20.45228742442279,13.913168975221417,46.961379948838506,9.594624178736979,22863.650128860805,553.7499936336292,543.0166760375834,3748.9762828040834,6036.86098909442,884.5355342282919,1763.4025149910249,5170.348794983219,4585.761518965881,1098.576382818493,1234.3391987886725,4735.222143309777,3989.706445504426,867.7449829377052,843.302914464063,5357.69670767953,4844.375083921606,362.35969600136,593.2984952678172,4105.669107195342,5926.742104233359
1154.0543678666004,717.5482543996176,15.961604345965247,31.098985820433978,0.018342619831770435,5.272304291241472,391.499133945638,206.7657993641754,81.78723970937756,179.67726092589322,3512.6677684134656,196.10908604970328,124.70381310536308,36.50801428099682,46.67099218505635,Passive_But_Steady,Ingeniería,Laptop,Fibra,2024-II,1787.4360710438339,1437.9447493786327,111.39212148982803,54.91032423638619,2.8743680504811673,23.114141322645292,1.745148141008091,48.980973199462476,21.86962842609285,16502.00754576744,339.1966910893387,631.3195025362246,6250.685782804561,4810.558691834601,321.0881961998557,1017.3840724841289,5940.393812652784,2058.240766159181,1118.0161429364969,661.7104093449155,7400.97263610286,2395.0650847245233,537.564779440692,470.3920764556875,5428.414281893091,4384.290190685816,559.6946772932645,243.21117046843625,5376.121462679703,5646.2729555468795
1353.9422943463005,863.2834487379372,23.502148528670162,36.1969211523005,6.562437870477876,-0.6588846937709789,220.6149808898987,150.7194870705099,73.20328848996388,137.0817984752431,3458.0983119131106,210.62974376657365,34.916607019904305,291.67096944572677,46.26665798136073,Passive_But_Steady,Empresariales,Smartphone,Cable,2024-II,1666.5942917072289,879.6098072156085,107.92486341510191,40.596290356537054,10.546049399993674,10.09028920295239,20.982808619480785,44.061936291104765,12.79979160592881,40060.63824762496,467.93289116232046,584.3007541706994,6420.275146678999,6522.005806419346,692.5205251044777,1676.5356978529057,8056.772742427676,4924.7133501544495,1386.5697124417065,1656.5720010623515,9316.376125119821,930.2943972133953,587.5958954390227,352.9407407175038,3105.13933063319,5325.423888196489,442.6062477288847,601.1910842483259,11377.656058580207,6605.0460417855065
819.9930851957243,742.3102592422122,13.234517994652235,36.53654219913773,2.4569753081764576,35.03265043572149,217.43676354993616,270.5283543442903,87.04630223458199,130.7254929357519,3112.1025881203536,185.64591365653226,132.76881625016475,197.00204675193973,61.14870871948846,Passive_But_Steady,Ingeniería,Tablet,Cable,2024-I,1404.2883183681884,1475.6472661020746,36.45613655941752,48.64720222944649,1.84654250835088,-2.276505914019822,-7.132585684213439,36.527305607915444,18.450064001457278,41437.962726985,716.3418469222366,435.8775369486914,6566.2191435619825,3439.204933230948,379.14361747876814,1295.859758460756,4585.572655072207,4410.678238997707,1486.18064116261,1098.6275082481884,10454.63580363353,2309.4327812196557,550.605120428332,398.1211848487162,4393.046523177923,6002.416204060443,470.0137085191061,346.77744533393053,8455.560780987396,7011.576137068414
1584.8935815223906,630.579725382305,23.071371412108718,30.799431299926454,17.825922482322568,35.99153536972055,291.54624463407697,62.086253127972924,103.1994165321248,582.4553111468263,1372.8331085665434,196.68011365942886,84.58489859386694,222.91853154971247,48.222276550317574,Passive_But_Steady,Ingeniería,Laptop,Móvil,2023-II,1193.3161267730695,1487.5062708073274,116.86474643715948,11.190905598085337,6.360760585405564,10.844839070713922,1.5603539428367466,61.53029408719536,27.926799927324396,27282.62811902152,560.1135461324614,892.9482577782585,1806.1113845879154,5355.96300725366,933.8585174616871,1564.7394803689112,7262.616185961614,4137.730638367819,1418.4704388132511,1272.0672922937256,8370.85676952446,384.4235705204733,521.0470105162658,814.3258601704384,4240.990134267305,4298.51662901789,472.5636028985425,801.6877325420211,6727.7917500384,7854.338728521958
-208.0033253010406,640.9436264120241,0.06326365809899315,33.34914224568039,2.1043917813085775,28.36010831188499,178.507106916827,188.10991805876847,109.8037516870823,312.652563844192,5307.7333944532365,219.36115763500433,119.25357051308117,271.17786361655004,62.91289635142159,Passive_But_Steady,Educación,Smartphone,Cable,2024-I,1283.34196840093,1775.1492820217463,4.5756621591675,-0.07485695670404713,-0.8003861660978062,-15.118406311410492,9.807246840998618,47.455116712053375,18.07776801049176,28416.716219880152,442.72526425201505,643.2508224769874,6769.187841681904,5212.80923262207,512.5515550737779,1241.7285442301213,9857.528303299563,4854.490388362866,928.6967291454098,1089.4681397852237,5928.944870255813,3124.424991687471,393.8631218459825,585.4108790252513,3854.129664733794,7583.426295750201,487.5890747558939,603.7141993437174,10087.955166384416,5674.92240080216
1071.520134504927,867.058288492021,14.89978640456825,27.825752006361576,12.365453254318737,8.562198843160445,256.1308682279108,30.361885045264955,92.35728693904872,-217.94633813496506,5606.490660011354,287.1316598186528,58.18688832774852,-38.76478536326823,54.25905923979936,Passive_But_Steady,Empresariales,Laptop,Fibra,2023-II,1211.794746743855,2279.6193883574197,80.77560561975226,41.788225562215935,7.205063938662406,2.779454597377428,28.058531538559546,53.04808681519435,26.190658711690602,26993.321528394434,410.52083037634304,744.6585020857882,9294.130587860629,5425.744827725943,845.8740930836819,524.3443853901889,8838.513984456828,2619.483926545234,1492.8180425729722,1068.3537319760871,4335.938626859131,4300.027880009892,828.4622632143057,567.8983002640489,5028.142356127815,5643.89986928369,526.8153151926182,633.8378722804958,4240.144968942424,6800.0149244854765
418.1174554757845,574.451304543063,7.488061111739977,31.751514418182833,13.314354719620955,47.952141513336116,225.52029451585472,146.77265289764478,107.96160139411141,301.58850051985905,1030.7298524698817,126.84001082029981,74.12925505128544,178.00947804970113,63.63841480405269,Passive_But_Steady,Empresariales,Smartphone,DSL,2024-I,1342.1601256524725,2378.4601354113984,132.925119573664,2.9409247010608937,8.944312932605275,-9.527872072524744,37.57887264519697,62.82525702412914,17.90850882136223,19129.928971354173,806.7649452474309,473.4692621135815,2526.909125625124,4627.745319211122,577.2268009160564,648.4769582270675,7621.461685666798,4803.474880403661,1431.9648623161504,412.1164732151731,9569.492546420279,2388.9860042431606,562.9673622989014,678.5855266800779,3313.323450195018,7967.50237834373,227.55838092572088,602.236704326843,3352.420420621329,5880.557148732007
582.2340956544388,509.79438010468846,18.249259429156083,27.291309425952015,3.731783627700078,21.612279739608866,364.4235967623787,31.61601667189842,117.06042083960305,-192.70589563194252,2009.3798275297304,151.27156095359385,154.80137364223205,301.02767707890894,53.79605442811902,Passive_But_Steady,Empresariales,Laptop,Móvil,2023-II,1182.2809176129572,1148.677661416147,84.68687131359613,7.127899441157988,-1.929990495540486,-9.255454372535748,30.03994629479008,42.49549185907529,18.191381452752005,40077.98465607575,414.1805228981275,668.4808042765436,5332.558974006704,6799.156087814815,638.800780445776,1765.1619490047392,6578.949918875239,5737.516509216912,1344.386611374628,599.3951779388645,5792.535569105596,3461.298037372373,394.7990104678892,435.6057870319265,4760.015983657418,4554.6259469332945,628.6411717534842,578.9195195205701,9473.059624820577,5485.47090012216
-64.96819696526211,364.66564167740535,5.478371440768567,35.98309219773425,3.886099064604442,61.02726911380164,123.45848618491229,202.4926216019135,93.88936125259656,349.43846453130413,3269.2436237273014,250.71360418947904,104.67073731226695,58.65691049309851,66.66700155073714,Passive_But_Steady,Empresariales,Laptop,Fibra,2024-I,2156.069797135653,1132.524396704935,2.056222552662632,-14.496589650561706,-0.26239150630531816,-18.499573097533762,-1.3263898638832607,35.574031914391924,15.838799382195292,9495.213519389119,457.2199497587041,650.358259627479,2747.9749913020114,4423.336032854819,672.1649188145885,1695.8957020518476,2224.477108170978,6653.891477500359,1611.4702019127913,790.8195680586191,6935.482398959412,1418.0816306229005,543.9421430774581,709.1822553008633,5616.495876346836,6928.515141893102,694.802814595209,770.8875765567268,7563.878791119855,5145.5350635728755
574.484245654738,974.4572784290023,21.952357069931217,29.959884811683615,8.528508428178457,28.052773283728595,104.20297693237457,86.17689088123257,82.51070753557411,180.41949631170317,1757.8385285781685,190.25309885756775,53.299537344300134,134.6064030009687,59.87003259343595,Passive_But_Steady,Salud,Laptop,Móvil,2024-I,1793.0790509164563,1440.0616952161192,87.32147184550271,24.436850128334672,3.292969282793207,44.486313621951226,20.63991852781205,45.984602635011335,18.847302885417793,30251.436537839687,548.9956936582645,733.0427123490784,7795.228564028856,5605.175910486522,636.6698580013365,1658.6789509302373,3524.802333397268,3988.4952104668,685.6538567113163,1325.9991525677158,3493.577410434869,3672.0435418786815,349.16816168778814,709.637223195873,5497.7854338130055,8127.206630155344,1016.5331140054816,760.7088812881804,8486.364114783213,5028.262918412285
174.53087667174862,551.692098080812,18.805124366610983,33.07315537686687,10.031061489312247,31.039338542085556,256.8357822892802,167.00904107296878,95.58303920359164,40.61657169744217,2247.9959213410684,214.8895061590663,141.95727721934543,238.861374479627,88.84221810933921,Passive_But_Steady,Salud,Laptop,Cable,2024-II,1851.6096539757257,1228.535600509838,77.90697962691554,23.216079210216456,6.273583691164734,-15.94521784772518,17.23966605129288,44.1378096601374,26.838689155416695,37885.6600543542,597.0066110474565,462.6085128219514,7066.718891994124,4254.760854095629,632.1285961275082,1672.8498526752326,5210.442452821867,4322.996642120315,1095.8268707615339,2258.091373977096,4947.291041769789,3104.021695665944,411.51655461137176,443.0043800253509,2961.5059736479575,6349.1702789607325,291.8508057573233,567.3427148985551,7396.620412711971,4556.207780757939
362.97304620151897,446.42532172331806,9.914266548317416,29.428016742627875,11.356946372988672,27.66481041053042,188.6911739270864,325.18668468725195,113.01713374559206,206.8495206465677,563.7017442799829,191.28348628824887,47.891136525244235,149.61830488291346,58.34467884178494,Passive_But_Steady,Empresariales,Laptop,Fibra,2023-II,1490.1843752151683,910.4318116663073,113.55654187394197,26.91812894066602,1.8746887449691831,-19.39329852221292,0.2637865371179915,46.174142470420435,24.013406221047536,47122.792285500065,547.4697831883904,683.1529144951841,8417.616516841234,5930.896682600817,698.7889178803608,838.9454635895049,4748.686718867332,5688.498498006397,1445.9322171687038,1309.591208853449,8030.6324085607175,831.3378333430624,487.0696341867841,527.4110297074951,4581.373873920011,4739.938374180994,564.0559005162041,520.8843820163228,7491.795297553104,4637.53863690763
-67.85912854437584,495.58184230316476,22.155605048063684,41.13030894592755,7.823083913713781,20.79200844346163,250.6745258408443,137.0114840435265,67.66304491473873,558.6368360372927,4578.403210212652,263.8146419412481,67.87406211624769,133.17353952072838,32.13589469579125,Passive_But_Steady,Empresariales,Laptop,Fibra,2024-II,933.2005290201333,1935.4047214785417,80.8313698278699,26.19144950680277,4.290642638643067,2.9545045839365045,9.697044142889972,30.73821077487223,14.421102241773307,25840.366474501632,571.1852855437393,1017.2783532463573,6154.403293978772,3792.344226468392,1102.1791272869596,1725.286634245689,7742.946906321555,5224.270079541613,1368.4976555833055,1419.6613005826562,8178.73902734069,3122.747612934025,544.7278139230597,613.9616426240414,3674.1827001442466,6501.419073299228,688.1611944881113,542.6989228802315,5839.249400735715,3547.6037690643857
162.09963575581264,680.7675280797561,13.429702866049526,31.183685277905326,8.742192167797732,31.531286807071478,216.78033789999606,38.60056861687936,86.90909938162628,237.89173020902572,983.1737453538151,224.37673144183364,118.44501431453412,374.30332241107465,47.14043819862072,Passive_But_Steady,Empresariales,Laptop,Cable,2023-II,1305.9512803336415,1265.0564183906163,9.582429473080118,6.1188565606782435,-0.07188756284629783,11.770497914325544,30.600964475282744,48.41630551637764,15.325199908672895,42891.99530489033,413.46078477885374,981.9557567846236,5614.508288780779,8305.896606131846,426.9828281111218,2236.8833137161223,4372.327083878888,5118.252710452663,1976.3857096324355,1353.7598877125668,6055.399000009412,1739.824408732149,537.5113224541312,599.583442559009,4502.8163580226965,5657.929085891908,885.0620896610891,514.0548587605056,8181.163704724119,6672.228841843724
513.6754032137792,857.4436314586635,13.76967320002429,36.57698669404815,9.631998507977304,-8.053654576657713,161.36059923091153,118.61084890216964,85.03117415383494,290.2809952471718,5679.158794566601,228.74941043963904,104.80418735475435,129.17721281228614,18.07617235161404,Passive_But_Steady,Empresariales,Laptop,Fibra,2023-II,1266.7585392585602,1012.8955684843731,37.65463838020701,52.226495889809826,-2.217131752976756,-12.739777762419596,7.1578396985235315,48.81031952649867,9.571040348822386,10569.113144939969,545.0294875273828,812.4209036176682,5007.445252988147,3808.3709293278584,545.7023883066197,1315.107716290584,5468.048985979254,3155.8701528216957,1327.365625491147,1140.286620175839,7277.572996667952,2610.663155713188,752.4162786149617,691.4927078077851,4599.4092452472405,6309.340223080762,558.0043714747724,290.2068859788062,2173.7929461460913,3473.739074522332
617.699515518975,599.3299722258737,20.78173707062465,33.057022546742516,6.0477043670670145,84.03060236368717,277.7426641062496,173.25649913910672,74.19509634891237,680.2752500369033,-865.1825839786661,173.0316529893276,39.169747594452375,21.82367931910356,66.10269848023043,Passive_But_Steady,Salud,Laptop,Fibra,2025-I,1174.2085110913074,1391.0852006680602,38.59410313947456,2.7070148874678512,2.8361003358114747,9.102590214732844,12.633143513574648,36.62002418832634,19.781032180922516,35026.50220786037,439.7859318545786,691.3549764591526,5542.010303245542,4714.44867862845,448.0741762853331,1368.7147174422757,5434.438095019718,4767.562870001118,1624.0940626908923,1232.3826125222333,7018.792274485518,3235.4169488594043,371.45412781496793,543.9011789633809,2828.6697268753232,5027.676495934432,773.6529654993901,605.6414101742346,2954.1932038173636,7664.91134561539
1343.2018996618133,677.4195482055045,20.730367398313124,29.939010914744184,11.118736576831196,53.07092553372148,140.60783710526837,141.58325514175982,70.84862647863602,-143.86835323431006,933.1499276413429,238.49109979555854,58.35270783605163,160.60841323618274,51.25417972567693,Passive_But_Steady,Salud,Smartphone,Fibra,2024-II,1871.7152020602032,1750.6769024996197,151.62938107580703,32.64499748332097,5.08130360807926,25.069075535789167,12.471080831588587,60.0569192547786,12.26870702008491,23270.03278091476,899.9578133855995,1053.2691274684612,6165.860979479644,5957.396875561788,935.4584743701333,1407.177086418095,5374.598281749585,5126.636935324128,1495.3803763784622,1678.282087161343,5845.846678583735,4100.5076662029205,515.0305306267509,540.7852530664305,4273.09972273745,6742.492091273203,579.7217188321335,645.869973171989,5695.218281093901,6470.380868001386
965.0816063672419,549.4518284432233,2.2664871890570417,38.494609698778405,7.127459243783926,50.176627234716186,240.16059177378645,176.14573503831892,76.98998852766563,-197.86193410688043,6017.890189161337,213.15295947110724,129.956717253291,424.99090209183316,32.32777665263114,Passive_But_Steady,Salud,Desktop,Fibra,2023-II,1687.942701452677,1572.2087319978739,-24.803463988839113,11.582444498905527,8.027412308876533,-0.08208294229373614,41.3789049430893,46.943563429537555,9.289852063753216,28434.99203634801,557.8406520612593,580.5761079192142,7097.855298834799,7330.681062950547,253.51170686915003,1175.5968462854626,9456.505830776041,6348.700594290128,1325.4501652056324,558.455989783314,6726.156648766255,3455.390596684934,806.4289884861,527.0695717942015,5015.371540217919,7709.221751609877,477.39352739545546,496.6359738241417,6276.590300392761,5812.027909367506
1042.94234288582,719.3642776837913,23.59034717010345,29.151838432575623,7.882751231941647,4.809782700839129,166.9689585599765,362.20962264768207,89.01557698824735,346.44735266255094,4098.9175096524,246.2932976307989,128.61772336130653,117.70350569976767,54.16802287074491,Passive_But_Steady,Empresariales,Tablet,Fibra,2024-II,1810.2480927997285,1011.3266771114666,35.82478174889863,4.762726903889298,7.998188739323619,6.2603913114689025,13.74761632920106,40.7660404650842,17.675135417175973,33428.16143380384,769.7328000727284,783.5189789315659,7023.273844485506,2137.758968277375,634.2778657914821,1092.110936524476,5194.089909440758,7348.003406455884,1470.0112887221972,1442.0608665256761,9792.091771755175,2930.360760856142,355.7335436741291,627.8083538274793,6434.380372804157,10678.507281756829,639.2096254060812,522.2501362632531,6960.537883515339,6253.3137590486
1061.11556868126,402.56663940591545,10.433270453551238,32.89763163692358,5.938005985529944,33.618701435009186,271.50989022880884,175.28148712250496,149.88877037302768,-212.6405099470769,7762.707877566594,220.73461851007224,-16.098227886917787,494.5608245165505,31.243111153863033,Passive_But_Steady,Salud,Smartphone,Cable,2024-II,1122.2846213727428,1489.8931992375915,49.655646219282296,30.815367134559988,1.9595566381931624,-1.965040391444822,11.435721905035154,42.58559527390271,15.239890390084126,54385.199388027904,442.5983339309534,486.79661756733947,4358.156590809838,3109.321317402292,639.0887188541544,1293.9945014772802,4157.505413334516,6007.265215000131,1486.3521924804,1517.4392215812154,7025.610104719353,2526.4489271615844,745.4229097552226,800.4940134303511,2509.2426151811655,6030.3103636087435,777.274543089319,575.132470023004,2198.366684249928,4663.544688782132
1096.2256168959739,674.1254668488153,11.872662990057625,25.53914916617653,10.425987889864864,62.10736776353599,147.49027705484744,150.79590706423255,87.2724757715635,267.6718604641202,5173.23999036879,318.700067142038,67.16199955137557,-42.33858276179122,83.51764869488804,Passive_But_Steady,Humanidades,Desktop,Fibra,2024-I,1371.395525113869,1052.230462389235,88.78930365280425,-3.0128474462700723,-2.4266410235177505,7.49383762355692,47.26259422612998,71.77677567176045,19.721736658954317,27185.287076277906,544.0618897832966,328.21603152251186,6956.884930679028,5330.664830229544,705.2627094176935,1045.6462623017412,7676.369036197375,4100.274590090532,1522.0903299280365,917.4974913924266,4601.4522796238925,2822.0633655245997,705.9896527104078,853.6119522424958,5420.41928346257,6748.660911645099,265.84769011648666,458.167574832302,4266.304744065179,6371.104143106103
968.9738579572997,605.8926587028392,9.175001573330409,40.35697013632414,3.205566736261701,48.23537233347732,340.61068299072315,244.83324454504006,129.9822659062479,248.08133927284604,6889.556788529586,163.74364403466973,33.11377320598854,-16.969914628856884,30.21867620247157,Passive_But_Steady,Empresariales,Smartphone,Móvil,2024-I,1175.9812394286814,1605.9549369100764,44.483160801962185,49.62410525103027,5.241539257145399,5.105171648883683,8.686826766489549,39.700593481820285,9.439368106395062,57346.79837644698,749.5252865299778,745.3445634148015,6405.401199620262,6098.976803333,762.8075324085153,905.8236264876928,8129.671401168051,3753.036892294343,117.05223855169766,1496.8532463309084,7539.585357893316,3598.0128894606423,628.1401174457881,432.36448948294,1217.1965143237035,2535.6871150352613,728.2883168644153,220.08317234921844,4930.199791205472,7108.900297904802
1024.5604484522366,677.7283712545703,12.949069117508158,34.56666310361711,5.110387547759688,-2.3376447521532278,157.8282314963526,81.39913331519371,80.43282923813268,408.70623655615157,-1001.0468052306678,189.4250485164698,146.56492876566438,44.745915839757345,41.687343251252116,Passive_But_Steady,Humanidades,Laptop,Fibra,2025-I,937.7675724018022,1840.888359185186,24.206639761631436,33.446618280320514,6.4997405320481505,8.301700821569405,29.954008929764385,47.60570240216636,25.849400684578526,52832.18390232189,671.527872261416,452.5475274029366,4047.723977025382,5766.312735837074,451.43451264944184,1698.2823816685282,4632.126791351069,3013.928192223244,1351.767995472366,879.3358703648527,4993.349152944987,2057.8747934882117,531.1573933141628,191.89677010725683,3800.2723257960024,5599.802001411065,844.8062533963985,472.2483003944994,5116.547992115131,5364.812214798607
1027.8630390948038,808.4873030103297,12.924960463387281,30.643571553205362,3.758247031403994,12.535246073579714,236.2071249117149,109.72072890459373,141.91238537568458,340.24241608167586,2550.933228736932,143.25951079816247,-0.3315481468104622,243.50358756811605,57.80684469987402,Passive_But_Steady,Empresariales,Laptop,Fibra,2024-I,1420.620568124666,1041.5540260955133,87.30996823663253,32.21970493374188,-4.188658479415416,20.159734234390175,21.490563294899534,52.687464256072374,10.411885200148438,7492.484355632223,293.03050199939656,206.42050917496067,5323.650688729792,5180.001942067639,496.9227776179019,1580.4449536217835,7476.778702214591,2977.1422340086974,1105.270062218204,690.131422916417,6347.8866632828685,1978.2729205547928,405.73456044182694,548.4658315156577,6189.5527946085895,3071.870924540331,561.1878919345417,583.2275172184347,4740.229926379734,7544.71767795859
222.04465849422877,448.4865813965207,19.221430957532963,32.35336891555988,14.028289127403038,30.893430057677172,170.65214681103083,127.315154730647,121.18485187442454,-317.49900883998157,4020.737353963529,325.1075809393976,62.11388749872971,535.1730599673722,46.725923720534254,Passive_But_Steady,Humanidades,Laptop,Fibra,2024-I,1493.8656879263722,885.5807707307272,65.3039300425389,28.69350992239573,4.777051572922605,11.573924245176167,17.52661122865849,50.51805000012695,32.815075926201956,35036.313586551565,494.67950588443733,841.4867596775313,5754.329287204891,4630.085832426536,563.3287081551395,666.1386578759214,2192.5116846529368,2374.6684100385182,1386.6371872121654,819.4513359568832,7667.782411185062,2458.3566811874,430.29854215833313,491.614476711814,4220.75093094604,5858.500851865118,576.7535315280353,570.4681452893443,4442.5884618177215,4230.370050164214
714.9333002670277,492.6447765030489,11.27497665450719,32.83518031238498,7.548767224780054,37.06715342448626,331.8594480706663,357.2067315200782,92.14581255566792,310.1924014898865,2516.995766186723,298.8790655290664,28.087724561665745,13.040525230057938,57.48040711878828,Passive_But_Steady,Empresariales,Laptop,Fibra,2024-I,1468.4286739334307,1756.1418834497397,38.88159652217936,6.689895349432604,3.400775326819955,1.8144205903380994,29.302320027950387,48.63886702417664,9.928348487742358,58117.00893662915,481.59065829043914,854.0212851024226,8154.936845874888,2684.7712433911674,951.9246816476875,1230.6624478550182,5523.97117930389,6479.098798141343,632.91458138922,667.0628315869156,6316.262109426672,1435.7475767554236,552.1835594728276,450.3347496611116,3786.978900721132,5177.487504808594,916.097340030461,429.72898313578594,3529.75758799623,7110.174575414642
647.9695333613416,611.2240996155266,6.236585110762224,32.943712428588825,10.62995818216042,-5.763417299759077,191.68610320646752,-35.018690367951905,70.15264250613849,-208.86882875061283,59.873614022230186,157.5933417110963,135.36625163468523,239.0718921268853,35.15999992883638,Passive_But_Steady,Humanidades,Smartphone,Fibra,2024-II,2057.8479595762983,2461.510821612058,199.2008032667563,38.326541838847255,2.398922103310691,5.048691079022701,1.888945215452372,40.5590879724415,12.817699736741039,62028.17127598248,882.9535870860386,966.3237496481752,8571.219052356604,5883.270127379544,941.290244490737,1148.6472563126679,7658.57887845195,4152.387634170125,1255.5649534623903,1212.8025969415082,4067.78254566619,2278.0228050936594,615.6968571136247,548.3943150040611,4549.745182550177,5536.17425215252,548.9806617752423,429.27449881909257,3994.234796575246,6358.663039865969
1515.4858303161932,714.0916195777036,20.496378448365874,33.36607566411175,3.1791600250076875,52.835926213632774,283.31879987963055,243.09611540528664,91.70907772795412,-215.11721914992467,1722.9936212318053,191.52443220932065,62.86286192595946,380.98643412344165,51.35848719711647,Passive_But_Steady,Ingeniería,Desktop,Cable,2025-I,1562.2183613258994,1218.982951338744,86.92870411863642,-9.95807013772976,3.7807930333675452,-7.478147998248975,19.345891249055413,38.95558538937732,17.361949485987395,52396.3757532095,379.30504976244777,705.8538317431407,7787.061566360464,3798.6441437689314,391.4438499456578,1128.4366885220809,6188.037132826337,4740.370103925667,1378.3345245068729,868.3716181561593,4082.5053310184944,2049.2844230447745,193.1766580682966,454.88586013790285,4228.0670550073155,5397.490189969238,1018.9573634306548,618.2816743551489,6402.802987711753,2942.5090580524775
894.5147624680543,965.9123278437623,25.208079812923643,39.48231047841152,10.55928146723065,3.165889594993846,294.3142789262446,119.3732877561124,117.20986358953061,423.5160897663509,4338.797634505944,342.38123220782927,19.770916209859344,474.73183328722314,11.177251496364306,Passive_But_Steady,Ingeniería,Laptop,DSL,2024-II,1791.5129475957008,1665.0980556627756,17.150994345602214,32.68296657997776,7.262377573404319,12.352152521757795,13.821473012560801,54.581719131236824,9.074601757156426,47059.78520774993,597.0401307799913,606.3307834024074,9073.516306239499,6582.128270059357,607.0994944157928,1567.903848355934,4663.569248691064,4541.575197387955,1697.300079533029,1212.0740388491301,8412.871225354555,3828.2902372767703,554.9937141556645,597.3770732487945,5174.873154049023,4259.148621884384,658.6920683973773,602.4756532730189,4964.463184110789,3992.2187242860573
1925.8104132442863,688.1271890603077,10.037317468866632,27.993317850569483,8.8962662788775,-6.750646351625324,213.152758048307,300.85315012776294,96.30161671314158,332.2653404719399,-1317.7641017949122,332.73974708040714,11.387188069697068,497.71666433782696,76.05247273721677,Passive_But_Steady,Empresariales,Tablet,Fibra,2024-II,1607.7276998913287,1330.3503459823003,37.0431197728189,32.56689354089681,8.658041614158343,-8.821654302571016,28.010600386109324,47.20776216003287,14.148291951593224,44529.30497671434,377.33523405321927,691.2941117621584,6601.618462100413,5617.494254632898,475.66429830513346,1315.485227824882,8366.914255263597,6674.847569266133,1186.5298786844107,1657.900921761503,5825.998487358358,2991.7411595176077,417.12026583530826,407.4685270182432,7329.439375098784,7166.586600727802,692.6040871038459,428.61497944334525,7810.254624577404,4912.25115174466
769.297101493836,468.22553923811284,10.238233288321059,29.124471106536312,0.6596723364001749,45.72612099054219,261.23587229032984,127.22673757767267,123.95731076965838,800.7905102134343,3624.329488484211,225.04455516819198,45.81262872565613,74.34663625228495,48.45011241511538,Passive_But_Steady,Humanidades,Laptop,Fibra,2025-I,915.4916599483779,1191.9524637522204,117.26048582514225,31.832399536526353,1.7523772652460485,16.570757171806576,42.47379613256051,65.3235267099838,20.725587617837835,11748.907451123221,646.8364585768438,817.8042894291584,8029.9690470162495,3660.688889379976,640.7902390171946,1383.810999934246,3160.1886988409833,4320.148357493877,975.4414694725269,1287.324103019894,3328.842024287704,3509.3675847731315,734.7611528614638,627.6533277876994,4814.776810572364,8424.449866308889,884.2537519535124,869.4229020078908,7223.0257019969495,8593.736292008465
965.6304935451964,783.235403561157,9.746302411287857,31.580550681226786,7.84825156897503,7.759667630179834,272.8637292981549,197.12995018824455,82.21824461044673,-293.1374157791882,4742.622061749316,217.19083504250193,115.045988894684,66.75197012734176,60.75097312017584,Passive_But_Steady,Salud,Laptop,Fibra,2024-II,1688.584389135961,1490.0685826038925,126.17696198903124,16.630145418368944,-3.320523035237337,-8.665426118925591,2.7893942522783046,45.997288250562164,13.683258482499465,10800.87310658062,371.99691805054283,674.5977018978585,5904.366224679183,7221.964031620106,738.6703277879727,1958.2210522241003,4978.340062813175,4303.676441425892,472.95773233846285,822.4243076667734,4387.724728626683,2408.330129268695,727.2213228579125,878.0867004601574,6228.649588510477,10535.012008860682,761.7116602443717,367.45700074895603,7599.581786902818,6822.126381196611
862.3670247978255,557.1579300635065,7.095609319232983,33.58199522842659,13.321761310903016,25.499009820878875,303.93177187488334,306.0134297339992,100.21438103391766,125.59201485088013,7942.1998329769485,270.65050514536676,38.4222998800923,76.99734183239732,51.84069833538185,Passive_But_Steady,Ingeniería,Desktop,DSL,2024-II,1232.3878266666297,1463.0559619228443,78.80043685397247,22.673122886198307,-1.4985992739724006,-16.840527791355427,21.263163406420407,28.98644325814599,16.07856417297252,68307.09269344852,543.4562908097614,960.784306324516,7720.5056860752065,6495.629150072491,690.5148430363814,908.2020004960772,4642.394567058572,2216.9141023516268,1111.79134710718,934.1461787609355,4169.681445089696,1733.8813695386054,836.9950097656977,633.2599726396072,4896.239511984896,9179.215712417037,677.2598983104197,430.30538563709274,2603.987458977669,3935.407662613032
750.373600482929,534.6890551527903,24.91997757748635,28.896507723100342,9.707664147258285,23.54884423981889,148.8622103200696,161.70770509407598,116.22540214015892,194.15075114755575,4139.532095490402,196.51388160670584,82.69011049252578,81.01429957191519,45.91504832006501,Passive_But_Steady,Empresariales,Smartphone,DSL,2025-I,1156.1826235250467,471.19052909118346,108.29484638474949,4.5182728852616645,2.05895950904436,11.976271483261794,11.935203319213562,47.609373606704125,20.073175491997414,44156.43029226749,525.6796465844632,801.2024522572299,4490.450127750347,4338.078488280822,360.49778725224394,1275.6048506380635,6152.092720391108,6981.7274893918575,1525.2178328700334,1981.0311345850694,7320.156348438997,2194.807082586557,856.480905286146,478.4719925568014,4404.23025727125,8954.35557894293,631.1864212882834,413.85579526112207,7200.316876476632,4357.038364054057
-35.082737565342995,882.1197688690698,18.18336591656287,34.132578640357465,12.743543545261659,55.078472490054494,148.0860278076247,174.52743093101537,43.781104722164606,-369.1221313788934,4240.091376103276,187.93494422882966,94.04135513586766,111.25101917174102,42.945322738419335,Passive_But_Steady,Empresariales,Smartphone,Fibra,2023-II,1458.434603206279,2046.4874059043489,-22.302496009413225,30.737377526508887,-0.3037520522254967,12.278561460224015,3.2768208099623397,53.74985957316099,26.454838181987803,32703.834064488652,446.7414602967604,934.2213008693915,4827.685992533927,4573.198261163854,618.6880198460165,1319.6107372751285,4931.449691595012,7663.771188949081,900.076412282333,1101.5742261037003,4976.736039581536,2917.2498699707876,595.3809080696678,438.157103122476,4246.51977538882,4522.675125238301,758.3464347076922,710.390753102699,3330.9783282936723,3779.0874293146417
561.9533019299514,760.7684420947621,8.786825985218517,32.63657425591393,11.073758325649532,50.05218034685756,164.29367402990476,146.96518373782888,103.69794131162554,-396.8409349081728,3345.3181649361504,256.76590285740167,127.27174487473724,52.533475414859254,24.74328522129923,Passive_But_Steady,Salud,Desktop,Fibra,2024-II,1562.988921960333,1642.6712305342714,179.3852659466233,52.29116252837342,4.803019738093899,6.6438120655638375,1.503296359559899,31.671777682431845,24.626715676072404,22005.42151591389,259.2168877035203,721.8836748834574,5437.961046974846,2377.2215883122776,808.1197510837416,1867.8928021278361,1615.7051199876623,6463.244939995942,1536.3499713379679,881.3264082337073,3733.8262161048037,2858.326524877779,911.3952703087423,548.0055292666312,3275.9508398601984,5580.819452601781,200.06441469635803,227.5115192074214,2500.314626343068,1991.3786693999668
7.033393671499425,564.0732577876774,15.806004625051452,24.02005687953145,12.910423796824963,27.485549928207888,93.10046402905093,167.41746078983468,61.10676127658841,-179.72984026755742,2225.864857062632,177.86401201054804,13.437216543145418,352.87376956833066,31.238505794854394,Passive_But_Steady,Empresariales,Laptop,Móvil,2024-II,1771.887105324822,1661.768994660687,90.42483515567741,44.971331777245254,5.576705228335194,-3.8058501542051566,2.5430778652926165,39.61461616225822,17.02528126920596,13681.961439361628,624.870354098785,672.907944008431,4925.372304791248,7140.20760124855,696.0309568363402,2397.1868666284495,4844.54978416128,4305.661791958164,1255.148878033859,1359.6832829597424,8820.776468076208,3650.7381912903716,629.9637742887993,229.4780279090599,3862.508257927998,6812.264177586387,931.4292197075413,445.41609792046273,7632.109075249416,3812.2249156604066
18.41050198116534,729.4246412608278,10.52098992759958,39.827607284504836,4.00148155852831,7.940725815758675,293.4084682352261,185.48622550704258,42.46292430279423,490.2933474133657,3443.011879414099,158.80797302661827,18.82917787165713,766.627330829324,28.07476001336381,Passive_But_Steady,Humanidades,Laptop,Fibra,2025-I,1632.5023017535536,649.7732577342111,106.47971627119095,-13.562804755569104,3.3864062405848085,17.202594097108058,18.513702481670755,51.01607691668104,24.930685297937593,73860.27280154635,505.16779039614596,727.2921172279353,9786.643084275624,4803.71921686562,769.1774838466525,1559.3661637743014,6061.475089213799,4186.669396370973,906.5556032957877,1109.9415777752372,7402.696379311532,3148.3685663542383,882.1649631401667,1123.4535789389192,4705.189774479439,9790.419424803114,503.782448330357,228.50401419641773,3937.3804428610506,5250.859772224799
582.0051242136445,673.0730262847653,19.971975619824356,31.26861875535597,4.365006149101784,16.844609667176393,257.08438462873335,154.53799438922755,112.19873355046288,-52.40868293755844,1433.9389606211635,156.51451266072337,113.54044652407757,594.7085721284454,59.24246664829984,Passive_But_Steady,Humanidades,Laptop,Cable,2025-I,1564.4792607027716,477.2587772644214,59.367649348143516,8.017933728060296,1.6021368735262262,49.35099585199997,17.274480843374604,55.33167440576487,12.038302343216639,36896.203519368,404.1551684362589,466.207102379282,4311.84152882107,3814.7719449626006,968.7104776195149,1188.031264081482,4988.6195315677005,2688.476118844719,975.3176446155315,1114.7545563057577,7494.4180394696195,3711.1591345807415,708.5944681779667,564.9168845660272,5388.849351223238,8280.45391099603,931.2500982960592,520.3103689579975,3887.0536014730487,8496.024639545127
1550.6870817266015,735.3925300165643,11.05559830367915,26.047552919989464,8.145727837418411,23.652706805161536,138.03217856365936,54.908387260506004,106.12174002001731,142.35782904702614,1726.7772765375091,214.84905414737034,53.55035051823408,175.96366451758038,36.53476871340197,Passive_But_Steady,Salud,Tablet,Fibra,2024-II,1568.7847855300922,1066.6573247656283,1.841056084348665,57.96002077811852,-0.2384142757968796,-24.152830572217827,14.437988781167938,43.1826138396239,16.373715809090832,46989.19374921662,455.8674112751373,678.0556427539359,4581.184578494207,5291.056305616445,853.1035953177553,1487.4154297116743,5266.260632869107,827.8340910130396,1480.372783950137,1409.1393081247481,4513.291434299053,2564.167537960166,480.605264922479,604.4961680238001,3385.578501586805,4074.1355565805725,767.799181788909,513.7422930148955,6832.4892981877965,3565.8323449381287
412.6581888343931,668.8176402486532,16.434929986540435,24.008665301856166,11.287995640615783,7.412364958765885,177.86974846134615,60.84431571237556,103.74076767526064,-23.307320551022443,4349.758404589055,185.42456654440528,2.2533695869668833,396.7369974515782,96.6160046582981,Passive_But_Steady,Salud,Laptop,Cable,2025-I,1575.4190072232082,1371.7765638883347,45.245056639640545,-6.378947052512581,3.315616695108417,38.15520596789252,2.2872740562479557,24.923660330951897,23.72380877834909,25554.87424043125,510.5021288887317,965.8683519101942,4046.040238008412,6549.359818562793,761.5332764316836,1737.1442503553963,2272.135962187249,4063.4906747480686,1313.265186052815,709.121837412368,7224.666264420021,2167.43636951811,652.8831512888819,781.121362266042,3523.114532928008,5209.010639833622,747.3569447957983,245.70049800301967,8451.972325546934,3950.3817989834524
-362.77146746409346,425.02806917082455,8.917478396362265,51.027938149890566,11.949849759238187,40.16865959572457,233.1670433598442,114.8597617179628,135.2749128798149,80.2044349496041,2919.426072965475,158.8159906084039,16.09703647344857,160.70281849466713,28.506808084816054,Passive_But_Steady,Salud,Laptop,Móvil,2024-I,1526.4869097186518,1774.8771845586418,114.87938275823458,12.830025434779134,1.015234637075288,17.24152514795032,9.129248705487036,43.9899105255184,21.15994009458209,20051.892827797004,395.2951975980723,725.5642926886909,6046.502117652241,6145.024540333132,909.1198477863944,1194.664195967304,3717.2918294092833,5504.463969878878,794.7958761455233,407.49773340167417,5887.55896914172,977.5345638182655,467.85186194530377,307.9264459847701,3460.1112032635165,2155.105054560223,652.1679131401855,517.9541057302188,8706.972592845937,6541.053556918671
848.9910163263655,493.0334368861653,16.45104707385819,33.33793194056639,10.77623367008464,10.150524758480753,315.1628841211845,183.5316327785817,85.65850677097039,-39.89803822471703,2096.458027350855,204.2294270753554,58.89443389500926,226.2582150606232,71.24601980927896,Passive_But_Steady,Salud,Smartphone,Móvil,2023-II,1125.2558732830187,1407.1790765729231,110.83238498008869,19.04025297443717,8.486499165048548,16.34781468473951,10.010403790230928,53.795316025773104,18.85196765811237,37833.29630227141,494.0163971164017,631.971981187453,5653.199089759718,3223.9812750385645,970.6689302572372,1330.0156483983592,2513.432425937432,4706.248564289695,1282.090392792328,1404.0206881499516,3286.665083979474,4698.377828585655,767.8805788093417,261.17724709329525,1969.0146498474655,5168.311596921805,577.8222375229839,478.21844103627825,9425.913533338062,6160.537455563386
-686.2534133632387,538.5067226087225,22.602536482201682,24.159734408579098,13.808605661654518,4.044422031169411,240.25646993637923,144.60971662399615,127.92597617988608,-29.300995847955818,3271.708940346727,209.32047752470677,33.32052485265306,482.90956527254474,76.43712717882828,Passive_But_Steady,Ingeniería,Smartphone,DSL,2023-II,1349.2120904482404,1192.7534120383957,-22.036037302499963,-3.664134851516163,-0.4317658147922889,23.675322073309427,28.476115607744354,47.607178139165185,21.651495500602987,17163.137901492653,546.8214154053516,677.3645520080266,6176.153695178855,5733.4950622190445,1018.8704440393965,1313.594229233138,9732.386895569993,2688.7971607976147,662.9993758514204,1137.8643928516697,6543.719540242875,2649.4990584238917,193.25057594228372,1026.6026759346094,4237.5416435640755,5733.186449579186,575.0622914800665,543.9799796069855,5838.5476000330245,8739.010243333134
634.0893420678436,689.2684567060514,18.966891300145868,24.492143169188154,3.515527529505768,24.86192271090097,358.5974458732707,108.09051880403776,87.98603131651578,-225.63960444594156,2883.1287313703133,307.0340239041576,42.61966568720078,505.7966389537293,40.967519595583816,Passive_But_Steady,Educación,Desktop,Fibra,2024-I,1749.100072938448,1179.4529303314798,-128.742072021693,3.9239390405579,10.70874387400541,5.406190450161392,-14.65957803143776,43.637949246729235,21.513216909631588,46722.439778333435,596.4182536323101,433.4033344413814,777.7623574148602,4517.911569082033,574.3079866220381,547.5123514414454,50.68726366646479,4671.129493808319,1301.7646921969606,1064.473258769852,3190.3970841425917,3109.4914358901337,559.4838269824788,593.5516156598289,3187.269709114578,6439.388413671565,492.8743800429338,506.88452054944526,9534.18074145003,8470.24625670199
-336.4896222169514,515.5289207209197,9.429869517705399,36.571263484845666,2.556736289914536,6.7092240776636025,251.93249949941367,279.6161121123601,88.10617591583282,-56.27092041120136,7806.13747440901,223.97965491637802,107.94783163602489,408.88058393351633,56.591807356696435,Passive_But_Steady,Salud,Laptop,Cable,2024-I,2312.4770523077136,1702.5022843254658,31.744303821705437,-0.8772881217212749,0.4013728697095278,30.437516170175982,18.66274425367475,42.62521810150454,24.38072964256871,45643.84640120058,725.5740899482786,368.5632572337006,5768.951583141257,3864.864227785478,804.510948788552,2198.942168562241,6051.849007376139,4096.379038818693,1302.3357332751389,625.0177725531089,4019.5550723376514,4953.859596912855,619.267917539734,693.5286960629066,7236.88880404309,4092.561921981247,869.0779242768532,694.6693761054522,4316.318239261789,5657.622559872298
1175.305604285637,708.9783408491028,16.101139664333562,30.50026337955384,7.4308165758657925,26.204991026377392,159.4466090528479,242.83537873764038,100.32442188517393,776.3517686120286,5567.232189069602,98.98058154917878,53.84272692767533,379.83718541305416,38.960792303534866,Passive_But_Steady,Humanidades,Laptop,Fibra,2024-I,1021.2413109103722,966.953745650346,-20.700687822189813,51.7303173844246,-2.8719186905229477,10.47162733545619,13.469839345473744,68.97493593154452,17.24692852278364,16099.061307689477,491.742062941902,542.591886973632,3215.2574569262724,2031.1793665988039,824.6044898331506,679.49292226171,7873.042341557043,5637.13937490116,1245.3574657580948,946.5189123937313,5114.8722232263035,1247.6337905263908,420.1082604544576,623.3352658118246,4026.809903928918,6313.585824161675,501.476101622318,459.7412701791726,4907.865462032313,8382.299201478158
-336.72876824837294,623.0080112750929,16.45364025879867,33.88087229672463,8.472511805609756,2.492758302501091,270.2818774968804,223.5144157655229,100.5773210673476,435.05223299577773,4721.393377863208,260.5683282479482,108.41778529054709,400.8711052124796,67.21225617245611,Passive_But_Steady,Humanidades,Laptop,Móvil,2024-I,1621.3520924305215,846.5977408506382,138.55166867062434,18.052899894229075,-0.15641330359707162,0.14470225145978244,6.81289771932919,57.94767909643904,20.846453547768434,42210.82006241349,391.81624290886384,570.9783438193997,2815.5383510447778,4410.703789317736,816.4613816192146,1308.933269812322,6168.4523902585515,1649.9492377326565,770.4024966927919,1230.5577473351088,10335.361717577907,2605.9261993437567,747.8260297892299,569.6051699353183,5967.8920669545605,6795.643325405514,619.5646014902442,801.2045734650085,6241.070369813408,6623.630840196549
-93.80822572295278,691.4097493535652,19.787600994970873,32.13288394577427,13.292599559320841,22.856033630928366,209.52076970750875,269.5601247199743,65.0614313304683,397.3046444156445,1994.5832655691415,179.49462174858937,102.90337835497436,-299.9820836517928,50.09948477033578,Passive_But_Steady,Ingeniería,Desktop,Cable,2025-I,804.0791378490727,1131.4910491611454,146.27406050149514,26.596851420969852,-3.0319831034976374,-16.558873186143643,22.037602001209567,35.94069379981833,6.665358033373803,-3368.0992326691776,456.8866543622599,397.2958487803021,3255.0129207246086,6611.191511446317,727.0144818787276,1163.852573826837,5149.375629145662,3266.6729077796235,877.0183493095702,1768.520564589541,6747.532875419146,2421.961613672298,130.5478024613252,362.4635228267209,4996.028292797309,4351.414011003435,323.01984445940013,344.36018452239614,9013.20820665356,4677.965887154266
1445.1875079442193,434.08044098020025,11.812713119606052,34.87665655888394,13.248107837118514,27.461864990000485,315.5896029937331,154.1383315994695,116.04551261728773,-20.80629314454901,1768.5152381828384,251.62380407129902,-14.722912540889268,-17.60383966797872,24.480381314659233,Passive_But_Steady,Humanidades,Laptop,Fibra,2024-I,1917.6203404136502,1476.4631154104986,121.38246354700783,13.312217394839935,0.8090024499129616,7.011623641304583,30.699050550740118,19.576020095730993,22.560216283186545,58393.44798741203,528.0134991198688,488.07045911150016,6438.448545988263,5681.973429927356,892.087856532336,1406.8285701234706,6957.747821758443,6387.420041825495,1094.6150546049976,1232.4551873356504,10911.787474568018,2111.302067178751,777.7325557586285,678.9665863247247,4736.414035901238,8397.286445131333,673.0813429559298,482.91840695102957,6517.1528421397725,5972.84688270121
2025.5684884800733,648.3160148074949,2.6307565507861916,33.46753442547196,18.903152327618482,42.64366586352308,238.38203299694806,117.32153608450663,59.042365120640405,-28.137416582968385,2847.025764308988,262.7550664714237,35.14876950614292,-0.24775963051212102,68.82685360228557,Passive_But_Steady,Empresariales,Smartphone,Fibra,2025-I,1502.6403432642844,1351.2017735104337,-9.555360292772704,-17.371757694146208,2.025700392000819,-1.4570573674568763,24.32617377477571,62.48500416249552,3.0338391032052137,52061.50896267174,590.6886869921443,220.6481293137461,6701.972247740836,5206.651466425045,425.29415341889313,718.9254151628227,5742.608716243865,5476.1649595706585,1624.9571042540208,919.6093604686598,8004.835839945825,2437.151393648899,393.3479211119718,625.1897118132068,4178.087354944131,8084.378938895185,502.8668111684501,304.73249839113805,5156.225318051881,4675.429966110543
1044.0154766941293,754.5190555290692,11.680879816827971,31.927313683406936,-0.6872666358073865,25.753767323279178,267.1273163429882,116.97778813015722,103.78323724900442,165.73843417821564,4444.803302933119,269.09814991034335,1.2203303015045535,51.99722872631202,74.40953427662586,Passive_But_Steady,Empresariales,Smartphone,Cable,2025-I,1566.386526539539,1398.5227212755708,12.512980840605984,6.835898605055966,5.768076065063895,23.33993830127542,-7.504044444184169,31.943435510226212,21.427575119823764,7666.774698686444,702.53974407183,737.2513905503616,7790.887461904694,6722.801538334983,786.221284885013,1400.3893492171696,7105.56374806144,8229.035990204271,974.1190757922111,1422.3459949438352,8666.958176122629,2975.2004280862798,641.3699099977291,536.9447065311082,4616.595477350096,7870.4288788394215,777.7696262104596,778.07966440743,6970.548821761015,6380.511340169887
1163.3666985205905,774.8577579427323,14.485989188781788,44.92300069399089,8.48896255497055,38.321208550475774,249.19094729396286,60.30094068965252,78.30933757999863,-122.81945209294992,2714.8037285379964,215.81696128769724,-48.13948555217512,53.07296447276863,90.81558483314039,Passive_But_Steady,Salud,Laptop,Móvil,2024-I,1568.492859025881,813.7839755194891,85.29085827485318,22.81293933326129,-2.4263856202221605,-0.6903013700264049,13.849584746533184,51.97938035905199,26.9119280720715,55214.86132821472,464.94957001175175,902.2683268686517,8007.183026835037,5870.337774784676,634.8672911069993,1981.4838080696284,8321.899902834017,8753.7727382799,1453.716278939473,1836.0344989054076,5277.321856992312,5510.123235795245,738.7545560766393,456.07415168646895,1502.9617557237073,6746.074769701116,860.3248210011337,404.1511294455603,7385.548148732264,7870.561435583602
918.8801382855838,771.6185308206702,1.6055307242599746,29.151306529473445,3.194857580912786,22.211743622212637,152.83612660018542,227.86839183104138,42.2775478217876,811.0657352508081,-439.9700423886352,237.32325217944643,64.98544773738466,294.8233222901413,70.92668755264654,Passive_But_Steady,Empresariales,Laptop,Cable,2024-I,1434.209847132634,680.4929807243894,74.15066205201252,33.67885713745365,9.140853713413618,-13.041915605343489,4.247601993994462,32.84472458219272,21.003470292732814,50362.609093142724,538.2371849000093,679.8074199759739,5001.4252034112815,3830.246055862869,940.2959893291002,606.3258002129903,4976.373877256932,3464.3977118399257,1254.5705608605535,1365.0236127851258,1222.420693735492,2320.892214160404,778.8633650426477,431.66980962680987,3803.999677160491,5868.307900345505,667.2956911395714,166.89522200760672,6554.8009816126105,5465.028192797181
648.0081340347097,794.9274608258338,22.522185640898527,41.8457355339216,10.222980045028713,19.93716656480302,242.88248387491623,-13.011283793344205,53.8593374863847,-28.177383042329552,3767.306265682988,302.63104560990433,69.64829510249668,39.18754144053918,87.2762003182572,Passive_But_Steady,Salud,Tablet,Fibra,2024-II,1001.795019075555,1781.7694067154894,98.06616777899335,13.595589695607828,6.949347596549972,24.721327169673053,16.178569231239813,57.430348621176094,4.535543699237339,4781.868905586569,836.2459068039268,649.0078591432059,4146.95744904664,5387.984579632768,1084.9814768548908,1735.1801557023425,3904.045319203505,941.6592918704564,1621.3671376215002,1310.6563059724658,1080.6302348343188,3262.754760763069,445.98426005864974,660.2548461082687,2906.001992418664,10008.490122685149,776.7867292658065,465.9679438093998,5084.9782506646825,9657.331669512874
100.169281059024,793.3207848078521,5.969054258853771,37.387060801084154,-1.6231849269497136,56.86627265406078,184.0321393445323,236.96540148196934,95.4356507778426,428.8250911106129,5695.349483527383,187.31258456219282,61.91670244810553,319.55934347705426,114.01814531901402,Passive_But_Steady,Empresariales,Smartphone,Fibra,2024-II,1342.9339727556285,1808.117517907796,46.60385337485363,30.855695341949776,-6.578075788988726,21.119575099173154,-4.144126881188205,64.6427638954706,20.747745330833233,61698.26220707088,770.6402655781445,175.4461450456131,6582.609162611594,6275.926625538166,462.5299998900181,1763.3111738394598,7387.4759284421825,7483.44002526652,551.8724215813279,1427.2084455722331,8917.35274704447,2848.658303100143,886.642412761755,517.9919688128325,4561.235750084652,5748.161678923583,697.5936752311623,410.83890880371086,7123.392132149682,5795.392601519249
847.5165607493743,355.9944074593858,12.070315882592809,37.628495091359376,9.715800187722122,19.853116417190137,281.82292115187016,171.71742334577084,72.06320266635015,-109.1801034670222,8092.723733497645,205.39105745030835,32.50516567993128,718.428344592149,24.088829379578232,Passive_But_Steady,Ingeniería,Smartphone,Fibra,2024-I,1194.783212725321,1387.0887526033341,126.51564911252521,11.662966367759452,2.3239317942082094,33.72635310488464,1.114193491447267,36.76713905454964,12.48094082652841,29615.88994310527,418.8690515478091,833.3355067260962,5074.282288913686,4998.379312172269,571.179188319401,566.8868209211666,1652.4503207031694,4809.64542017311,1093.6295134005904,1875.7299453868932,5830.438402751729,3654.5172102556203,463.5615294337982,526.523677232839,6749.59418899272,3884.701909985867,549.8670853206141,189.3935078928367,2747.2810012130044,6056.283506968425
1543.9433987655211,612.1391565603739,11.541677707078943,35.683712060663765,15.14786776331562,32.78281662199855,206.0491905723069,252.37889848186478,64.08854978663405,327.68114959365323,2770.6232642527093,165.08096522281835,149.43579213811893,124.99619397586928,12.221972764724725,Passive_But_Steady,Empresariales,Laptop,Móvil,2023-II,1916.607375618288,672.3760739092986,160.29934471628908,-6.290869411514754,-0.383741271975215,8.179676417127421,44.17989809200706,31.607283534908227,11.57933171192605,12434.687367163304,333.4001259807269,757.8087260167987,2507.075928772198,4903.662582462607,723.1387554910532,1751.580964696488,4369.488454610151,4864.191326903698,1100.8830018978276,581.9710166712947,6218.715442700405,1875.9380238602434,816.477155598052,429.7796337266167,4682.411803092212,8331.248550908142,771.0710424243675,296.8358436372458,6629.236890032112,5128.39651900232
550.2396587668978,493.7658950741152,14.990203165569362,40.1493541375302,2.4797028661172744,15.600963590835086,160.75289212385601,242.1048407438076,96.21126305744573,253.32344767667,360.3918709811692,221.32526928710675,-20.235127188025935,471.2778130543254,59.056303000924316,Passive_But_Steady,Ingeniería,Laptop,Móvil,2024-I,1228.9640466056987,1363.7630661747187,112.44668662540192,29.280806080438875,0.3094351858450597,10.231670745294467,13.591960085440787,45.44854434211811,21.857948726618233,30393.226013952146,726.6174267762578,874.2310493202708,4114.3572743949535,1483.8377219170088,725.4008195963293,1137.3329960154476,5224.434817161811,3824.9063492418345,1191.6402737995402,1581.7912961346237,3660.3810894947846,2602.2454344501994,538.712704581504,192.1807997940075,6416.349266320665,1147.8830897801827,777.3415564549523,456.53383296586503,3314.247850976913,6547.300084006346
732.0599614891362,910.179448339948,2.9589803927184093,48.73828023081333,15.852530769837584,11.76928437354063,212.1302077517786,150.9264727344109,93.0327115248239,55.13939264548924,170.89885223672673,51.70376175583269,90.46559252475816,13.413097151111572,36.665044484336775,Passive_But_Steady,Ingeniería,Tablet,Móvil,2023-II,1204.5513480649415,1762.058450883658,72.99092786814997,32.132997953741906,4.426526950218105,-5.4046569608512565,31.59362279714226,30.581787798703537,20.493247474300556,31463.955879172026,525.5291103375438,697.843916391035,4969.179489757367,5034.4694543484065,573.7590919853617,1661.5272824793692,3303.3824684272945,4658.831571363467,592.6212955230034,1003.1004631432381,10590.4762885157,3631.135030179869,552.4291164212281,995.3049241829501,4206.851145264628,6537.361894849455,619.7333160677055,492.6289902516803,3816.9937118962594,3723.3797502935768
987.2012031420372,779.5536224484629,12.416442418828312,33.87894295015228,15.037095066912329,38.54532559536725,285.2856191757364,139.00874513046688,96.46529599679965,452.6393838087636,4158.922510903488,212.76166739764264,28.502849855712405,394.6664871555808,60.50674417362568,Passive_But_Steady,Empresariales,Tablet,Cable,2024-I,2123.00458375768,1306.571985896146,34.110137589640765,24.797336724979978,0.7414291073615362,-4.617975048347716,-8.318838949781377,36.490291788863296,19.063471620538323,31747.80932546813,460.9181073081288,507.0501754689228,2956.814671935934,2859.1821825778075,830.3937662602673,1286.0187551610752,930.1222866620592,5356.177329141885,1659.3468326604625,1222.7372663760252,8936.409668057531,1991.7436018388962,419.53424597974856,282.79852229889786,3976.226260386538,6961.811056831709,433.0097452372404,614.8514232624127,5528.401505739456,4094.8882610912515
232.3021813156712,904.693040331011,2.9130134023815373,38.04578458737077,6.564572630569776,43.40605983258623,207.50513086324284,188.44237414814563,83.98858224523642,-6.019887699328706,1304.7555066073498,180.7017508323953,-21.827904491538874,61.52062967344115,50.12100544233096,Passive_But_Steady,Empresariales,Laptop,Cable,2024-I,1254.8527938153716,568.8433194970047,139.1457168423098,-6.161130152688184,0.9368023975540343,20.60767760579908,10.109661339277295,51.96695810126234,14.223091595912873,48157.30235504825,804.0335386195247,899.7270216088635,9521.359154349968,5312.738599992014,554.730527186933,1106.2120179992482,4497.755266295674,6654.669862102903,1746.6936548678937,1238.0094490700917,4934.896282909698,2527.3851006005293,802.4313699132009,873.8388236755782,3015.8302633509866,7076.561502294338,785.7581516428083,248.52566355183558,4720.056646427648,6061.192706610451
372.170552018615,528.3466599874859,9.459761541349245,48.84355707434548,-0.8725013920306113,46.71052801066933,189.54579603660977,257.68787380002664,74.86041264188003,-382.8117736896713,5359.246994056002,186.79106656910355,78.62155015839102,150.6038845204739,42.1381757265013,Passive_But_Steady,Salud,Laptop,Cable,2024-II,1629.8476688411313,1355.6762764317054,79.81084800641148,18.339613169738385,3.0368958056657265,-7.71126734176966,-5.429387569218268,48.36389809732107,18.752550087622435,11095.847618863012,599.7768556479048,722.2380946638821,7825.80262640392,6180.230082782709,807.2019553306328,1682.6359846136188,834.8420005726766,4462.630393526529,1777.2730948084768,1390.4624663825696,13807.519052676733,3087.8465395894314,482.7329623903151,545.4599219457946,5550.208075693118,7123.7571628647265,460.03988662292966,492.0618415477276,10528.870514914164,8963.308593219997
823.4801667858728,623.1770204495266,14.650665330312483,34.728679523473296,11.483716018170554,54.35102883484961,210.0133524929396,61.25894294189541,26.28266910912918,419.8300843528756,4084.8838236489864,290.8060221789966,70.80331540869932,-144.3276738003856,42.954846131057764,Passive_But_Steady,Ingeniería,Smartphone,Cable,2025-I,1516.8115167637802,1658.0162146275998,71.98067841725644,62.378280962798875,4.428744825052142,12.831316996986164,20.179547103531505,49.97792003519165,17.82318815497291,28517.99302429518,460.81360726292445,669.8838281929764,5436.048067572375,5487.657317279556,693.9039546410601,2182.3687569539534,4246.578548640097,5204.087317445701,1560.4725852700267,1208.2876474246061,8864.689705099712,2068.1702968706227,818.3010070211619,586.472083332762,4797.485380597356,7004.94965282354,485.266600003102,745.3432678103272,5949.124810231516,3431.9081347101865
945.9579359448438,689.2992493636029,18.032728144851664,16.683560021037998,2.262104052206655,45.982607373702635,350.2730623475042,221.16493272251978,91.2942890525847,128.66140439817423,2513.4024703487357,254.82631896448953,56.009372134003925,64.46797294524684,56.74116994709256,Passive_But_Steady,Humanidades,Laptop,Cable,2024-II,1527.6332544194975,667.9651644033919,57.90528451621856,2.744243846598531,-4.195197322945805,26.19057280519386,-0.716359086337933,41.2575405955179,14.000788258490054,22181.601672870656,493.463050825549,607.9680149284846,3921.0282135760426,5690.594241705174,605.6994774020224,1535.9023061124508,1404.9435062922057,6502.93861826857,1615.5075067387859,1970.0225846892818,3013.8675834980627,2267.3017364381767,834.4193022534597,385.9366273160424,2826.1386663607386,5006.453952297598,655.0709444842427,353.52658336885054,5856.86121728172,4183.063951319268
754.2259101808269,603.0449562127125,5.792216773737647,34.26180805345219,6.0036773302311195,25.67459738527829,444.7057722087321,218.0686297825038,97.49886763602481,94.13578736728468,1981.5117055030091,338.20843280958604,81.39792884184511,210.02077152573588,65.49401661698053,Passive_But_Steady,Empresariales,Smartphone,Fibra,2025-I,1638.7698371635433,786.1720749877659,155.9501275318795,-10.327965183141599,10.298920463198836,-17.84287954169566,-1.3102716953147793,45.96586974863979,14.399529400548474,28150.41460019207,695.372045006171,677.3401569881927,5082.227873994943,3435.679792099918,383.5641531783231,1166.4564363550726,3477.240372942084,3945.824411274513,1142.7675591181871,1252.9947888060178,2102.286449476879,3797.7710496935983,912.0040142967858,940.0775262893462,5414.255823093029,5340.1905807520725,493.77614431386394,613.7996619912193,3931.558722797669,9057.139845993259
983.6044119794162,648.4172284365412,11.554268594000506,34.36705620308249,4.858171932135912,47.665703235996645,178.24473462875514,132.71647301452296,84.14700693790125,653.2749072213452,7916.6923657650905,144.25417132904485,166.31149544204663,101.88151751888591,19.31099172056827,Working_Constraints,Ingeniería,Laptop,Cable,2024-II,1201.402287086295,1832.3957218383644,64.04223818647975,61.674064334995506,-0.6072325134270251,6.774673797601546,23.78060064937955,55.700460700763955,26.944682961663318,55563.000723410965,415.1416519875751,770.8372701212262,5566.229603161587,6143.608884620566,659.4420907055318,1095.893930910043,5360.8385205818995,7038.819437447703,1561.2410124650823,1208.2962639607636,3455.639246329316,3225.625654651924,637.4607394552871,1012.0564483550884,2514.503699017977,5131.648399865863,813.3510275565864,346.9664920414364,8874.0747492694,7709.371151046687
93.13028570152431,909.5549759299752,24.07500204356591,32.62674060656576,11.866401647184112,21.016200371991076,275.2466826735908,142.52658048290294,145.93490796262023,288.14525659357867,2467.6307058758075,273.3334813687256,72.83362996438223,-86.6264063788656,55.150148252748934,Working_Constraints,Empresariales,Smartphone,Fibra,2024-II,1505.6644141769352,1347.0172549145655,35.818287837967944,-10.59016298644026,12.732293712030632,13.125291677837943,-1.0889823956671183,40.97689778731251,8.425888653362687,36694.76189064077,242.65872194814375,541.6670973065092,6107.6246193199695,7308.952046464108,710.9989579652588,966.6176242866516,7727.750091813199,5264.658885291043,1528.6996758930193,636.6089730200499,4750.362073888918,2761.4672921039246,533.7711512561099,542.1618365946488,2212.942052812312,7750.891677565893,648.614978002743,508.77773535691284,5579.400250427373,6192.05960012857
892.4166081850865,381.4071379483254,-1.0171678750531932,27.75925920367048,10.614229741376974,6.033504142887189,323.79700607915083,327.5668889923753,121.81654057073445,667.0329047742334,6884.810801253847,293.7788530028271,4.250144026464042,-127.17028714049898,36.50455172358,Working_Constraints,Empresariales,Desktop,Fibra,2024-I,1676.448334788256,364.0266680968874,67.84469259125908,19.43353581825882,0.506278087715641,-4.869462766225925,14.159311238378741,48.58029484218893,3.223573137266058,24572.117794579568,104.79333709704952,998.2916370352712,1692.9852752321058,5542.019257744654,388.8889412462933,859.1198084279908,4908.814278658094,4510.194385782925,663.1754772942506,895.993486740437,4291.008349216312,1562.4825341908436,832.5497885627483,410.92572582340847,2845.3403898813394,4790.546811435037,237.8541906016664,548.7589324877215,5354.548225823664,3653.802313871579
249.07294522897865,253.16628030645148,6.748928490586405,43.43716060301628,8.713380490262873,37.5705464379615,262.3426688604135,81.86160393105796,52.69820261064229,388.254737010791,6638.045870975839,200.52809108986312,144.19702301095668,147.810257468151,26.774117080671907,Working_Constraints,Ingeniería,Laptop,DSL,2024-I,1547.9563844232914,1704.9546781379197,-25.36623630553064,38.52922796902726,-2.3825917486441575,14.464909414289885,34.86696014297897,43.76283157265725,7.853801115644832,56019.12160362468,562.7644730145203,769.3099930466637,6683.545882316542,3699.3237590069994,535.3144103923875,218.93202595800403,5663.1957369831825,2444.9546717009353,1092.7838780893399,779.9024389667075,5958.044018394312,2395.138882142213,775.6829484204673,564.4208492322663,3437.1663625801484,5773.1106152997645,172.24555065261598,-31.26922174857009,7050.856416685476,2506.452713885273
1212.0456930446371,915.3163651321975,-1.4229023894168966,46.53187605692385,11.676207728446792,35.60519833654626,127.59486573551396,175.14239704814406,95.03620916543439,671.5994654847666,9187.477313825533,342.58185132771007,46.48720647473983,85.82905032714947,65.75511264327363,Working_Constraints,Empresariales,Tablet,Móvil,2024-II,1522.9079808637798,1492.2461924423055,66.84750916972695,-2.4489620029628973,-1.274839779923897,-10.409817831954436,-5.1837001397384945,50.01741730619777,22.44576440951077,23403.23683348616,618.56923157644,494.634752985379,4136.684903931201,6394.141336019467,663.2644037310033,1256.925040069683,5393.011106773977,4044.6138350434117,1795.5118959566933,1421.1964017441983,5621.004281053131,2878.686155739605,870.3764903304253,622.2161511790594,3939.187815841391,9094.383258647846,577.8799561707006,478.3623315478115,8322.495146250707,5115.5129691932325
229.17160195699887,532.6533916843906,20.243692232564182,24.874438638954473,15.345461463685073,35.42072588252414,194.26095919932973,178.95152773024552,83.36878011514374,-43.38609293810555,730.4784538229783,151.3992222040698,5.106436611007737,183.44242073936115,28.3182397501485,Working_Constraints,Educación,Smartphone,Cable,2025-I,1460.5038393978114,734.558295900193,67.03729883959195,-31.175511403318197,2.698087483903958,11.916413962063698,9.380976314261424,38.879360241492726,8.304993413914405,44191.05519037071,437.3212497634922,697.142994156058,3138.442784543685,3514.5187559210103,415.27812766940406,1363.8979758069045,6380.596383447117,4414.612974044265,834.2610337247584,1250.0801287725758,8351.149560257782,3005.036879395959,379.67232545596687,589.2062471470701,4740.031221395848,4338.732505521621,402.60506897156074,514.2930863512897,1766.5497614172345,2673.6631017862196
615.771307794945,810.3556299142165,8.94248247766346,28.354116506718277,11.540461720958238,19.820521059541854,325.27191131922143,229.28674466966083,128.37185487423216,591.939589984956,4475.43461196017,26.93793428454714,26.891789133969205,-58.266275767911324,16.937088112231695,Working_Constraints,Educación,Smartphone,Fibra,2024-I,1885.9689047249656,1101.7623035385498,122.77083128284494,29.434185967183836,0.34240850816638047,27.751925075973844,17.190537547686986,37.15533080523375,25.128802113471426,7637.478792764137,714.4529298132223,716.3943794460224,6495.626498796821,5386.897159262654,388.53399142496437,1559.1323727920785,8195.056096785083,4734.840504679111,791.4823596953318,1343.0666855071781,5991.982758925702,3027.4798274784544,527.7840471427867,469.5734685188742,1855.176569899278,3541.272418974862,540.1051343746703,615.6249875429629,8581.022209331484,5736.336640698576
632.027214158295,729.2519930039102,5.439243319952607,40.39785770506683,4.562105878977357,20.327216102902877,196.4232624812235,102.97444303153969,111.26981897785916,694.3818438205456,-990.3555780472443,213.10275083979883,43.6636076631394,-92.62904927016965,-5.265327594219109,Working_Constraints,Ingeniería,Laptop,Móvil,2023-II,1694.8770011135466,1106.7093447098275,86.3078938692052,16.204545199419545,5.659214045834317,-2.186399406545628,7.240929453207678,37.81300665212119,23.786211416590344,51249.757239104125,550.5171038909715,318.8517786752891,6479.8221766167735,4751.436893424909,642.436605283298,1402.1603741982706,3554.4130356377705,6703.2108650469245,741.318289093626,1436.474443650427,3727.942251284213,3361.1747958538617,414.0335997417483,632.9837024281361,3711.347264913414,4858.073385739003,346.7912927634027,83.22110243703656,5393.2067369483175,2791.681334284116
-246.91289640805292,645.303484113843,13.873398465645957,21.552730380075715,6.686327524263023,36.10513003792425,308.7581243304415,294.5413137271133,77.44872405186904,604.0239798939283,4390.3340950356,193.83918282353227,76.22729075901822,-14.00482082837867,20.1670846501249,Working_Constraints,Humanidades,Tablet,Cable,2024-II,1129.0609194591914,1205.905050625256,133.90248687088143,25.18395916534615,0.775620989909801,7.553197140384105,12.89127434546454,34.71046154571196,22.443491477660498,34390.78150029487,408.12698678952404,326.66214537611006,5885.677494403974,3850.841487581938,-15.240657341641452,1225.4738568961047,4961.322099465587,6795.259415821723,984.0429555247397,895.7589119555881,7011.04849843789,904.7553257697531,560.5000423660657,363.96504050840116,2483.425871265631,4043.457938222304,206.35781127201375,447.00894909317066,5275.666506268886,3530.869458980695
667.1276144594195,595.7662880427172,-2.996522962794522,31.119601489304987,10.307940939395227,36.12060330785608,247.3413168039642,322.80718372101626,52.155929419193875,968.9392492725112,2890.4718583326853,297.096001738361,136.5860762347854,-66.9213748426447,46.49516104681791,Working_Constraints,Salud,Desktop,Fibra,2024-I,1156.4635141443985,1288.0953259585467,25.576386958205056,29.391705429926816,-0.2818465109996875,16.392703794157033,3.2341959364544057,62.12881871593146,12.299972435314452,41564.10189576735,388.73428761036683,447.11910649042943,4328.188442119233,3162.470199481474,601.8005100904767,958.1891226266109,6614.836682601836,5389.989113819168,715.9349255756853,290.33072668943,6975.979537032468,1431.7228535468257,562.44420865799,390.3514774663559,4239.943167966509,6554.669717397116,715.688139785739,313.1698576023263,4836.850631815509,6055.247095164827
654.7855448949887,361.5797786689752,26.4387274424183,28.84521938756454,7.07433395273165,40.002589778759294,259.7497630706212,270.58754182849907,93.84150369215128,1011.8000043681275,5662.272714701869,246.28495214394974,30.7467198344646,549.8716912742499,14.225226531478011,Working_Constraints,Humanidades,Laptop,Cable,2023-II,1176.4901297337838,1720.2058374997487,209.83020340069262,63.78296647321423,-1.373886920710293,16.3447909109992,5.398195284786979,49.999393478377236,11.34809165745866,41345.89746375102,368.0155722488986,340.1939007978895,2887.300926702965,4199.000961560096,331.6507676747059,652.2565504279672,5229.993071093326,1328.750695580888,1269.462756571263,1642.7645852439398,5248.195008562774,2808.4383612491724,403.0696555616344,484.77047504849315,1596.1952830958078,4780.62355090798,529.8523586587311,383.7858567613275,7357.7120570949955,5738.5855865939775
2034.418252215772,614.7993422583858,16.190026391046054,44.99953596772892,11.113060593945946,45.77617377067825,189.12338533111364,232.71603732916037,97.75505923132363,368.06373218189503,6640.647170172951,247.39958669118656,54.47467125189166,67.77068343149138,44.85133414107013,Working_Constraints,Ingeniería,Smartphone,Fibra,2024-II,1039.705647579189,1487.7387934358794,127.92345893677259,9.225876505428179,2.282145354504641,12.206881759016191,29.19332597902746,44.72919977874993,23.275237475405326,51086.12074400767,372.51948738517956,701.549416904955,8106.371965771774,6328.202763986768,577.692214162813,1076.323333006358,7489.366942676486,5282.16944658575,1685.3022279366908,652.0552984535017,4792.816641313813,1888.379162909165,592.3576027358137,656.8939626576457,4356.225409565587,4157.625077364204,740.3910902730246,499.9474381103766,6257.717619257329,4269.728071048404
626.9286489096238,565.616212234091,13.136966749162548,27.11353867307382,4.463275561798447,21.192061839004108,460.5845902773374,252.98749974375542,92.44044500101515,1164.1559170381329,3788.002115728154,206.83581827238845,68.94609238349332,-181.90167834524007,33.49077196370426,Working_Constraints,Empresariales,Laptop,Fibra,2024-I,1089.1787604312653,1278.333686575324,100.39873763095277,-1.726688103536551,3.367764259844442,19.631350640962008,17.592004285563515,34.05793837684956,3.9658639204946766,32670.213643178056,649.1687062791583,689.8471150883706,6632.40441394672,2469.2112178082593,408.510138014885,1005.6139714666083,5931.932548100427,2639.802411558845,812.8453721089888,1154.4175383118782,10513.403135620792,1665.6613040823308,238.54950779104414,567.4738247656983,2731.772701411474,6816.8616948196395,438.72450309098025,619.9603586674824,6029.172495997255,8695.280735884102
840.5466045902037,561.7957828687238,11.302923897724819,43.83939550134635,12.558917945562913,22.29231595164642,40.53447477408184,321.3026979078858,65.4553537181772,400.36218142882433,2367.608212096484,300.3473558326755,84.70914134262014,-29.684989075318057,45.19679686991615,Working_Constraints,Empresariales,Laptop,Móvil,2024-II,1375.1563557483755,1013.1273506117253,115.12817508358776,20.67910542967443,-2.573861541466222,-8.46350029494215,7.4933682932697465,49.87139320853341,12.934223999838238,15312.020148178133,466.5854404195466,437.44435560696036,1612.3890249193946,7007.1462029622935,800.1667573764687,999.203053374573,8847.28036424131,6241.166033989036,1010.3080851324311,1157.890056982566,4861.739723696544,420.54218208429825,679.8443376745134,831.1808094933009,2919.4292796076265,5627.711218734774,540.0298352240378,702.1329193625022,4809.5399602154675,6406.023660983236
2153.284786895916,617.5390306220442,20.152567296565966,29.49966837349173,8.27808257395153,40.757007548567564,300.7514484412349,214.59191890960676,115.63990911800173,613.8255148255529,3754.369627268162,315.09286659598456,113.64105450486375,-25.26713586703324,65.47936570100883,Working_Constraints,Ingeniería,Laptop,Fibra,2025-I,1410.955880039493,1940.3943437248035,35.81548251667368,12.983833932380849,0.71906544278263,33.76640092883061,-6.72682910062764,38.158722297365905,-3.059962991293455,48720.476924349336,271.5898743498566,326.30331565152477,6563.391825639304,3915.1492242802074,647.3892627328621,757.0538571596683,4681.469333946271,3636.6458317323486,1373.0875383461916,1220.3537043260233,3214.026152248435,1734.710133614085,338.9978973273906,573.9837483060127,4479.422088017795,5747.8106522234775,872.0530693049553,527.1053964842984,4849.481822267409,5851.536034598526
459.277180557497,623.0568314605052,12.846259295885279,38.05842996131744,8.927254472965206,49.74654179727873,313.63403771771,208.48096797207643,121.88885202380936,-28.121531436362716,4377.277122939141,219.2904611975153,5.268791392747637,-155.3304236141265,29.20676655822084,Working_Constraints,Educación,Laptop,Fibra,2024-I,1754.722304021242,760.4604786093478,43.93283465887953,-1.0251063148912465,2.2145594068518855,3.517989940098982,0.11909195977709608,54.38795544050761,16.928969673062362,-7199.766819958393,599.8343737962584,281.3677425205732,6521.615469085392,3568.237137035809,810.1720343709061,641.8559271942422,6707.061724353848,4055.7458719849924,1088.4469327670192,1291.1099785260326,3795.3167242660916,2889.8605146158848,900.8689839858371,635.7192810463672,5577.422454193642,7794.4915194378345,241.3026154726121,728.9813132603228,6936.078620321663,4875.524909175996
1007.9714691694492,771.0097601526468,11.665765811836653,36.20497189149384,3.9620716160520133,32.4011937129748,210.8706250888446,21.638045958235836,106.12229320290533,486.0095331355905,3254.728940627494,226.90159836808076,36.914941724319085,-237.32634782001298,-0.04804725379241148,Working_Constraints,Empresariales,Smartphone,Fibra,2024-I,1631.3024828270748,709.7953839222885,43.55786341860831,17.77397876187985,-2.3578514720166748,11.990623092818195,18.80678037979366,43.579167762015196,20.695922565469104,52270.74821610229,445.9111418317693,524.6837431917063,3730.256715973205,5181.818717863875,495.36691828855476,827.484613785648,5459.62312744938,3589.73429137193,823.5248752386706,1117.7189257946534,8037.967569625837,3443.5038794086463,704.2458391538424,515.4416522645303,4478.139387408645,8342.648874100101,699.0791659530624,542.3413877161804,4482.914650104449,6059.145958269758
246.63460185246117,598.3436252551439,16.481337154910456,35.09479448216669,3.108873280184189,63.30222088590621,256.27381941263894,195.78307795064666,71.11481730210379,605.4931840670093,1990.8893552381005,163.70813959609234,117.6335446368069,-45.72414941594678,-6.4574578035777535,Working_Constraints,Ingeniería,Desktop,Fibra,2024-I,1476.4261584058422,1594.6335122938556,157.34178394479017,6.272012926539015,3.830030833810339,32.3968723783895,12.898303408331932,60.728383039343946,24.451886586480384,46760.14382098555,513.1059409887793,526.0276770244334,6768.043551604154,3563.0456704127537,718.7397658790059,1460.1587899378899,1366.629323017903,4128.475467024274,893.2834358338691,1333.905816376741,7921.68030857644,3091.0674759334706,438.611548327955,460.77985002774506,1494.3431532165355,3249.0736780788448,824.0271600179514,470.5326521106922,9146.485455184215,5634.567195976647
327.0355746598867,544.2868487657711,13.150091079889696,31.313054137343716,7.7069940534725525,18.464440814618275,203.32961996560297,145.49595942914578,42.61606161988079,731.2861883006548,2854.969538725869,190.07694956696247,1.8967687668663444,53.24024078257713,49.86412586219964,Working_Constraints,Empresariales,Laptop,Fibra,2024-I,1326.5876779333903,1021.6841298436991,57.72774879755021,30.33319217569526,4.851858431368686,14.242229527524644,25.51194964676298,26.076432697881174,19.781655195382307,39677.86054808894,594.33970537966,320.247109729242,6424.303784617013,2670.260843939855,501.8053967280754,1560.7557240964488,6109.254966492522,1961.1479540054493,1017.5072151557273,1106.5780668863413,7652.6054755854375,4735.743898543691,623.7555462741708,619.7805582104078,4026.5011469578785,3513.254017275533,621.8755545009985,688.7596308685918,7505.59566184979,1978.943559751116
528.1718875138381,589.1501142598714,7.71298194197275,31.706840441354835,5.2119421106445545,42.18622245406498,37.065183406768526,261.58608099867337,56.74959943176121,675.0127661611893,7267.659106382944,167.2730009968351,124.97701457283966,-148.0444833316551,72.4409319196114,Working_Constraints,Empresariales,Smartphone,Fibra,2024-II,1311.1122079973352,805.7858854687512,31.16767420151605,18.59429993298633,6.0997707721362735,14.24050225058722,-3.318760672472905,54.016026906277,16.799862788231454,49711.81710252902,491.0116671957693,676.3341946465382,3844.5909093675127,2584.841969533434,421.06033410747125,733.1456703611307,2822.8337173046075,5085.354720009143,489.7225886545358,1180.1074658474035,5162.002251088257,2366.646378973197,491.476266281819,617.4187090916457,4627.441939747622,7629.731002934806,211.04153197208473,522.9112104670022,6081.748595791689,2853.2574949927425
753.8399863420889,800.2122933229259,18.475458198318442,30.306699204756626,6.551787713576814,47.81613154706105,203.32295029676004,102.23938788240055,101.27751535446713,1637.1004559173693,1844.046075833714,198.80006965188994,95.6270010458931,-85.25879884530949,0.4712199011156244,Working_Constraints,Ingeniería,Laptop,Fibra,2024-I,1354.8033919967336,1051.9481096651607,82.25867882612684,3.424860190208392,-3.8540716244622373,30.198298459855167,2.5117695183983084,24.70021634570293,22.464750618704613,44596.82650522682,179.31567979864096,427.6138915633617,3778.894058626933,5129.999911756164,644.5329444402171,1213.6209544701728,4860.4540756815,4342.800315836162,949.6432670008022,1576.9081572541859,7726.368273806385,2946.747645287585,688.6147743200459,685.8854308519062,4249.317547014688,9009.310758089156,474.0604116353049,576.2637141933285,4761.613850449738,5268.377525464314
1045.2563176075537,501.46105593385505,5.657448398093478,33.541490820039044,11.620620050152972,45.12914738594299,292.6347298053337,256.46265574447807,97.66976009989419,1217.7030330813673,1696.2562257001732,171.4210854220334,52.27697276410926,640.8075866907751,74.74273573237167,Working_Constraints,Humanidades,Desktop,Fibra,2023-II,1899.3540695130316,1132.5440435211594,136.42342848885966,3.8855876505765945,2.9607871193009623,0.4772298542644198,1.2513066708444147,53.98336801431432,20.275375195861308,28858.46492596276,365.02214492937935,392.1168620502284,5064.601740401433,4764.237681450773,690.5542605903074,716.9688904361985,3468.9046900150365,5755.085913637253,1869.412055163787,1230.1661567329227,5833.727998550563,744.0025757846984,629.5272680454157,161.7279110726646,5389.910019017275,6590.7992259599105,758.5688538512859,449.92890844428064,2632.7704138634954,6133.490117304748
700.0631408670669,613.2929731472542,4.443978926708012,34.187861943227865,4.702491589149489,11.87312163454991,139.5212317677743,151.9949854173125,90.97379050739966,807.488398525762,4417.819530158365,298.5398551925461,18.92830835752934,440.204789344435,22.35840925022227,Working_Constraints,Humanidades,Laptop,Fibra,2023-II,1988.028182239093,1744.4150804699934,162.03135949477866,-17.865375214249312,-1.6088590564475111,15.789799982336776,20.533206888673806,44.16733384452114,17.251784245477722,43774.5461584921,317.4482266340899,494.4774007247235,6853.402997090112,4253.998455445097,561.0103585021803,1189.8092149017057,4959.366116855079,4657.954294330172,1256.3482614953955,407.24894103561167,4189.717610438346,2294.050648700846,611.524369530199,452.46749038033414,4184.369482093507,7420.181514524042,420.9270817821768,409.223048993129,4278.56680599682,5086.621293112627
942.5951942864813,537.7450232670459,15.03272419956137,27.150264412692906,11.498501077812959,59.248946527075404,287.4085975247134,156.8180829615395,59.47635694329507,802.7403451058723,7576.114709349919,250.86765128282096,110.70558743815016,439.02929698253297,50.34286373993016,Working_Constraints,Salud,Laptop,Fibra,2024-I,1390.1727934896576,1066.846923618266,68.48877033114894,12.125474900376194,-0.5150756067209477,14.437336856280854,13.826704332398005,51.61622387053192,18.51631666807019,41905.5852856327,723.619613030299,825.230072910045,5187.922225571328,7811.431167712686,495.97434103217097,1042.4219487190853,7704.805068639331,4172.3145845208355,1305.5194535132418,729.9817139987465,6817.248349594748,1968.0844215635486,839.8133006824584,430.0890798447862,3832.4754204595356,3696.4440502621173,846.6508307982938,597.6224915446962,3919.108436504518,4813.347586137406
1732.3482021282093,539.3829999535454,27.553187664334832,17.979798547798545,8.184947313958633,65.71075682877003,192.3644031672839,436.7118822681807,120.31183505130471,593.6834066147902,1749.9952346485736,176.27974290996667,66.85784596558535,204.43214941082775,68.41946148558714,Working_Constraints,Empresariales,Laptop,Cable,2024-I,1456.1286003204189,1610.7100276391002,47.705391760541616,-8.620624031413403,3.2838984393021464,29.455693181881095,28.8179121210154,29.455574024987133,17.15918703442056,53546.21602587212,296.8284093896649,345.8805240753528,686.5354959418432,5224.285080532468,337.5110799060996,668.8915460742003,5970.065486222593,5475.200676308493,1167.336896004709,1017.390488121579,5254.633745891976,2538.463974515111,463.4176941334139,582.0014748670962,5203.316613279231,5768.562663762365,650.3234322253377,724.9742237001573,4749.608777084688,6510.1522987825
225.3991306564501,708.8794533881796,12.410518197178492,40.31402310551186,12.74007759321578,36.817770168035466,297.35682520119866,244.14770448876985,126.1630796484672,743.6548096021062,2626.4314474693715,271.72150648370734,111.04717742424404,283.1332539272655,68.97014034530136,Working_Constraints,Salud,Tablet,Cable,2024-II,1355.7691089186776,1127.9268065356448,152.91090446289218,10.49936447276696,3.0112793394558777,-8.301449629238473,7.102470653974156,30.58493610746582,29.930630493331382,36832.53652160774,623.8275187636815,674.9412637132867,8775.97983394593,7699.57267013749,388.8572367492977,1103.8431828850119,6216.766138542206,4251.047411371814,658.9042897451194,1007.8516331030751,6200.662600033542,3055.2158105112912,451.6677771109449,416.79676372769404,4585.604225737205,7730.18123928873,719.4981187580556,419.319019477889,4396.7734946827395,6146.677861265924
737.0299505192014,673.8450374133125,11.776031221980707,42.68606773316592,8.137797751553844,86.25748273071989,316.53303029688163,289.6739606204091,71.5859500852733,1017.2618542323755,2378.2957342020427,325.9998190408957,23.37656873768409,-289.34804058949715,31.596516455661213,Working_Constraints,Educación,Laptop,Fibra,2024-I,1454.709085729072,1759.900076342909,96.08674343155066,10.805251239615478,8.133585601061172,2.270345206004433,12.36767444848466,62.262478171191844,17.93031169257967,37730.80291179792,753.1252565402601,501.61831021743166,3536.5499311012763,4353.830626235254,782.666561137916,1113.0584967483155,3670.2576318132037,1957.3430161937608,526.4852771626518,601.7298402558818,2372.951052741883,3284.7261408040836,314.1805918906374,436.72149258482017,578.1419536008889,4353.052022392174,100.9000601694508,205.90098726140187,1987.2795512155653,1682.9021181699184
1676.1228243790645,294.0941462862221,15.537096408397481,36.32363793287739,7.055650796299766,33.924446394715,211.55190927729942,38.59018245461863,101.81825191096692,615.8726436669313,6562.08383949781,192.2913554481144,59.929941296195146,-179.6163297943296,49.94267639464092,Working_Constraints,Humanidades,Laptop,Cable,2023-II,1546.8897041363743,1639.2840946137705,69.69247318122615,17.8645938443404,-4.876107241329913,22.88512746337941,6.486409518963502,48.72575343555388,9.815044171301043,43833.89399920772,470.3764302202347,316.82591781810515,4610.9127693790415,5771.3918661693215,232.32434467356876,875.0085698853296,4905.974006304257,3432.0228781532946,1119.8425620819048,1316.6663205946259,3069.1438720071474,2172.0461502550397,232.11023794519045,604.4233187680072,4140.406680187952,4138.374148461612,460.84215264023544,115.49801149572278,4976.736703472404,2278.8820939133066
-40.022299236030904,736.9077130233178,20.047300992462976,39.90503345253312,2.9409980480130864,40.133873783818,138.41800603274186,149.67505927301085,83.09336645537606,764.6406730992536,6213.490942664988,133.46373106354045,151.64656200430025,34.09079108696224,60.04538725339988,Working_Constraints,Salud,Laptop,Móvil,2024-I,1756.7373646318993,1225.716195182467,82.72485619699896,12.036505446405124,6.831148725043564,-18.903538252564893,-3.150031618566148,44.92270026585016,16.735731274274144,66044.94996719944,393.7522334446836,715.1248455152544,5887.149994104206,3560.064906348544,435.797709655987,2131.271361991544,5953.210408762328,3860.651350713304,1014.3169114909738,1188.3779194955118,4167.553591473616,3837.048129196188,470.97581053630483,365.9948657491429,4231.876233649504,5567.027739509026,840.0157721924559,384.5301175661074,5576.931268775958,6356.967989340583
-179.48230603783918,434.6160934592983,18.09639037666486,25.83292142365261,8.496865527870291,20.64060325960616,159.75065662648518,322.79858311336847,105.89497626414001,665.9337459498329,8628.659811039124,196.87002197131412,35.993397966909804,214.58648665088904,20.450505384652303,Working_Constraints,Educación,Laptop,Móvil,2025-I,1677.872085492677,1088.5579369939485,178.25698149751292,4.172823896414027,5.815504337954032,-2.7654654024197747,19.869749128017794,26.178804097086335,10.676106861211277,32171.069350841637,616.5421381668546,705.556046342415,7618.184970409849,4020.413239316658,733.6340214951528,1279.1428133705772,6662.319896416226,1645.648890814753,842.2491164136629,942.4273068776016,9761.781065960718,3575.8807761668513,339.3390038821989,584.9530376258657,5292.344864614855,6515.2120416676735,51.692588112961175,466.82590558522594,2191.7043919137104,6411.592577589387
653.3083098969173,705.1233638536252,20.022155107482504,41.64172161472095,12.046315994288177,-0.4885854811715191,141.35904217770403,154.95492454818037,125.22925203507072,1150.0529198666832,6856.143372068222,276.5796553177852,-107.762051158843,-136.03558225920813,54.98295459461878,Working_Constraints,Empresariales,Smartphone,Fibra,2023-II,1481.4139378185962,468.7361060579286,78.08643579985075,17.12603928785647,2.278320286291104,16.838933121748966,32.076876282711,43.1075759870521,26.037851835195085,39473.12555322991,748.358519625724,522.7561215026068,5590.442107713284,826.4097035675909,598.3792685696468,1811.2533056550803,5133.828136063788,3135.6723991077542,709.3872672806218,967.0962350254742,6637.810350719344,1434.1748039856398,909.4969126421443,481.1321488757228,1904.7754333227804,4985.0013605912645,672.5380777528111,186.0398121656058,6852.423876335688,5675.339808871462
1002.8586758443818,810.7244502957726,11.257078781477167,34.27574215382158,12.013262984043005,50.86672614566781,162.12235783913513,324.20713852906204,56.29454058005836,382.5047207598436,3217.6279679012623,366.0213671169264,17.54477794289456,-217.36731195848807,63.34511123317537,Working_Constraints,Salud,Laptop,DSL,2024-II,1408.1952735041048,1628.5376374944858,112.8758950683659,22.62608037474499,6.037164804823686,23.849835126046386,-24.001068974486003,37.362688642485445,11.568648682289796,32587.622338203488,588.7300219885531,1147.5333688469977,5965.4880003593225,5475.23906751918,545.1426524678451,489.62096541919607,2842.9217286562252,1689.2394578041567,1045.3405192989073,935.5998464834349,6697.50348647409,2423.5680300519284,410.87952360662905,66.56334332736787,2175.407801424624,5917.193002863148,849.4778357345356,428.49117162824854,6152.4449772206735,5355.880070821463
688.4158004410067,696.506800396856,12.032144776430314,32.774256013558364,7.660321357032699,51.023559492953794,406.7982820816474,106.409111899453,76.49084069132076,698.296943663587,6599.58405883949,179.1494068821959,55.13143947072223,124.1914734887184,32.63089720881496,Working_Constraints,Humanidades,Smartphone,Fibra,2024-II,1575.5528504679933,1890.2476959366122,74.9225862552393,31.962741106661397,4.962514435284872,15.958566131051485,-5.79251171556983,40.79572810620789,16.091702541060638,18647.72573557822,527.872098919625,491.09775993850894,5213.68528478243,7634.53844928287,317.3568714680076,511.5047824821906,4580.469052194104,576.8346763373361,1840.2802276479729,928.6455975471031,4489.067874423467,2636.162904297949,717.6273029035452,524.6071933708636,4119.406988003748,3179.3937039622033,528.9435639395114,536.480751327442,5822.994186529815,3956.4340061765106
379.5581616715687,621.3577565125541,8.653631960645395,24.789715986842328,8.665129754593423,-8.373404928746261,234.85151873536694,239.20717473784325,120.66479618937802,984.0389768868035,2014.0444408724018,268.33280875630265,71.9062393704504,5.844244847094032,50.17911148262826,Working_Constraints,Empresariales,Laptop,Fibra,2024-II,1387.8249233774184,841.4163802713188,27.966334813187377,23.903884190150833,6.074912825982338,-6.895926973895975,-3.9682486439678444,32.34253840983525,23.528603103820167,67806.93849686929,359.0878096658219,996.8504110621211,4845.482156286926,3165.7128157473176,796.7478973669447,690.614887375627,4500.6399439046745,4348.339617151115,1900.062572431163,1287.2403057719876,9951.515697900708,4086.4010388080133,478.01657080503287,428.80005937761484,4330.986357775107,3617.860805082206,456.366901132899,379.38621354764405,5058.765363907605,4925.705912188055
715.5227917216748,713.2792593035414,1.0200850944679427,23.848690266640954,0.17061710397192087,50.35131833898981,172.0208467034924,129.8802619084044,61.57999796001917,82.45345131565932,3427.528122627937,194.5187781830911,56.4554386726583,189.03845721152499,30.53629761549636,Working_Constraints,Empresariales,Desktop,Fibra,2023-II,1273.1065132865247,1154.0064485945604,-6.345577530181032,29.017213156251874,-3.457685457689072,7.581420130683277,13.990833681102462,59.89113020873627,20.273419497962337,28716.756821056835,381.85340870135025,638.6003402335066,4469.598779740712,6482.448351186765,549.9980163477745,1761.3477006210828,6839.635279130781,2700.0082788455256,1385.5695386293378,978.7733508895957,8056.47170148544,4627.433379209829,526.8285803909272,411.38270832408625,1476.5945904898222,4995.848046042927,912.3901509447164,490.26373823980214,4487.804741818583,3484.6298034511115
153.7247310949558,436.89917660740326,8.299649874536088,43.24045923514545,6.343676420697496,36.75509649641875,213.65183559937236,318.53990374389633,65.93717899303057,438.14709833064046,5613.129031002096,147.8193808639372,169.36266504423745,369.56810102487464,37.70206422261529,Working_Constraints,Empresariales,Laptop,Fibra,2025-I,1227.2190316123692,1216.063835742558,85.85702206779827,45.31350068247285,-2.1460230497225483,-4.873787299681176,16.32252366281459,44.48919830729155,13.071728494040375,75444.66016353187,337.9189531292395,604.7546613431462,5951.447926857437,3273.2201698695103,739.6309145630709,1496.8488041987507,6078.9436896589805,6377.471259685339,938.4083545845019,1712.0320493189993,4422.656334869984,2820.4219357850825,286.8572758748726,569.2192453157905,3199.6843743882782,9467.659960824294,787.1150750753984,367.84883662915115,6510.150083387512,4548.953244108132
1646.5257489524965,723.2827183926734,11.200167999897491,39.69729730589035,8.612566829545344,70.48083225728625,3.189886147890306,22.085377341583097,50.13901210331206,535.1249886171735,7235.1825832360355,176.10006598679428,33.71430039074297,-18.727048789876633,56.12586475555831,Working_Constraints,Ingeniería,Smartphone,Cable,2024-II,1541.0353646363342,980.0485382735986,90.57646783934013,21.428410608396987,-0.6985634415667169,-11.720615316424851,10.633452155068964,55.489677067986406,16.500198481812166,38257.04243785233,483.22268433820756,444.77868739390317,3943.1372850838916,5785.965430496456,626.0217178938976,1727.0172599585521,624.756714760164,5002.76129102265,905.6272198645205,558.6638537165766,2878.565410287278,2925.2449135105994,637.7780107048102,614.7515251152099,4665.6717707204325,7351.600588534991,646.4668720179106,418.46975359298233,6523.730819836031,7307.4190008963205
786.5471170358067,776.8694187184677,15.32302561606416,31.532289053343735,4.368025495516266,46.313007923758924,120.89500222503194,189.054344733395,41.43100833004278,283.65097732147785,2466.5728209232175,265.3797994072943,64.60330409390373,256.356675261757,45.24580207454103,Working_Constraints,Salud,Laptop,Cable,2024-II,1280.746174935732,1223.847111667948,203.42149742153077,25.78196987405189,6.727545651673303,4.055508871869764,-3.0810280882728986,56.51411446630514,14.547796809715127,81781.79285339094,561.3500950462334,505.4227689855678,3520.6083737848976,2720.155076282602,659.8611647016517,1432.219182744582,7468.938380080595,5899.957833395878,1078.2984896516346,1130.6607585881245,7294.502238247599,3354.0293196870393,454.0336748884639,193.37948012380838,4237.535850496733,7515.543132333439,822.4977119450621,442.3228230354791,9445.429398793785,5209.909048251604
754.4488331708849,546.905951312353,17.152088301707387,35.89678227896271,9.312967190170603,24.649225436876268,326.0579186275776,309.5445171934811,128.90576804092814,832.5732124222983,2959.4384472293887,301.4160693153095,89.80802178434735,105.19643826690955,49.19604571250082,Working_Constraints,Humanidades,Desktop,Cable,2024-I,1561.555229371809,1470.4002432782952,92.3999342719176,1.685374065286803,8.069075463747762,18.592512701303416,25.651252964851587,49.08437148624589,10.480373811574626,60026.91296855411,800.1473188738908,795.8229063200288,3233.824143885801,6244.0278277117095,715.2651739593098,1883.6663234630532,5565.679352684566,3206.0606998212825,1531.2424598278815,1166.7182550201294,7385.493157193407,3868.511375982349,447.08828405862636,290.57314151001935,3589.8407048611994,5408.1646826059805,580.6008436366783,298.0765280051738,6218.066015894072,5120.3301831713625
359.1199808094104,608.870030934796,18.349833767845595,28.775946296655054,7.99330747506387,67.85527702278446,256.2862543572479,205.37258677532054,71.00995979197252,931.6291069077837,3974.531738495852,196.87991923103505,112.59609967935347,-87.61316726339629,44.12635402733699,Working_Constraints,Empresariales,Smartphone,Fibra,2024-II,978.0249315958022,784.5488762070029,115.52937610711206,10.42286339800522,4.075038317677035,41.61576333867552,17.152863009290087,58.72311572650361,17.841988268411484,83679.52936736206,878.8064744078256,648.695016215622,7157.440577876812,3287.16324900402,340.7462718101969,295.41801283474877,6820.047411241689,2964.569876007794,1594.711564900565,613.3495157585567,5640.030248725972,1970.707678728802,532.3978386260331,529.1581610084652,2608.4077676945853,4552.089692726302,780.5918554913206,600.5289299743554,7811.483823108611,4868.113927598125
1822.5246585521024,488.7150920108416,3.8531473988999085,32.64628143658571,11.618928791505258,29.63284264261949,1.2385660527472737,373.2328342576966,118.98247843363717,646.5173943053636,4368.811959554054,172.0868457825661,82.69863158324605,138.4909234727034,48.90573979137844,Working_Constraints,Educación,Smartphone,Fibra,2024-II,1352.4331873992903,1135.6703335413802,64.29625446321069,28.96789454759739,-3.651140720359993,4.777953722182665,8.27696549405577,33.6486547156473,10.197842385228501,25437.91057026339,193.36054625238754,502.35619727331175,6712.443796104951,3778.755391629861,237.67142224249335,531.9596767180922,2493.3785095221265,3643.7040904707032,1378.6020442581612,498.3897795343721,7008.92194460296,1192.2688747122936,683.0394282810003,483.53762028652903,3792.5887123216926,2983.252614023334,302.8550249425639,256.30579754783,4771.857971713472,1962.476717275128
915.7770454952438,580.8156078466357,4.479043023377688,34.47419501087837,1.8381094523042218,35.7876049106385,257.4095548183697,127.53354795451696,96.25520702038631,503.53575920359117,2445.877018559008,117.06736231127756,87.19282323992327,-273.0938929199124,80.6416387861012,Working_Constraints,Ingeniería,Laptop,Fibra,2024-I,843.2719987461644,877.4608351217164,59.47220176282589,17.396458799874292,5.683382994470742,24.961380262752943,9.80829646595402,29.743795672565717,19.77715736946285,46692.71551959033,196.5891845678487,494.8486050148454,6263.508533428875,5785.713145811614,462.8222593383015,1107.4656107569692,4710.710247946338,4291.474341247793,1207.8785664971717,829.8659425417598,4604.101216968208,2338.997618402454,166.72222721389738,400.2305907005933,3418.6348209652833,7210.320959258161,623.8228909402876,518.0028094519207,2776.455487778546,5439.8444669824585
1288.5426095187695,697.5939266279468,10.86979253105614,39.74214041684215,11.859875016874593,61.03248397886815,115.28963253502752,270.00714553086397,48.291109126236634,904.3904098142758,7956.321928511082,118.81475020513466,56.27008675925369,45.41238974727213,87.92895526762109,Working_Constraints,Empresariales,Smartphone,Fibra,2024-I,1716.9881303870313,1088.7906620528825,128.51492385289242,-4.459789786856533,4.911952454148933,19.058765178483473,-3.650470735487124,38.1841592290088,16.7442686620878,32065.58286698413,563.7858012217475,834.3195324299122,4863.454628462755,4351.311261656128,510.3432031708878,791.415916584793,7439.1347775037575,3316.0672666451687,163.06776542114824,648.8357977426167,5135.177104839425,2713.9647383208394,702.1336401925329,407.77095533984954,2758.590912140086,3913.498703630714,647.0541421424267,580.9307937782503,6820.98781682027,7952.289784547174
269.0559248780231,616.3995259961446,8.4233939499924,36.305121836423616,9.548352775017639,46.59373396058872,-7.638004129265369,220.8151659604889,57.22454577440353,1122.923132674609,4631.02460644603,131.9389111177884,119.80174134319358,-1.6431510094268234,61.076793092237395,Working_Constraints,Humanidades,Tablet,Móvil,2024-II,1305.3387014957825,1248.2345182800723,-1.117604906283077,3.447752380894497,-0.10663159940686806,6.561681070735246,10.22564616096248,46.23298065181562,20.533776429706442,31123.523187226652,445.6007724920747,106.66448633846659,6653.5473409727065,2868.66486333432,298.7783901045831,315.8953732901223,6769.646217238257,5177.653086798456,1147.0311018758996,377.52706390615697,3919.1157969191163,2359.787121646325,482.69512814262424,325.8648290874937,3400.104134046745,4526.849623148548,892.0849403378877,355.08437894643953,6766.905363816538,6316.950175618387
1323.7241228783553,690.696130640015,4.789488893540011,32.85807038259054,4.5566465889272685,-7.7406350338561225,168.8761690896772,187.1049549831603,133.93749113968238,1346.6730565342782,4292.502107741444,172.46065320768312,100.90200103643926,406.6871411439603,47.469840650391596,Working_Constraints,Salud,Laptop,DSL,2023-II,1436.1569207596804,1696.5236126341515,118.43490628534816,3.9323583823845603,5.026572855635001,-10.363657138600992,-5.5723661888991085,39.9561259365687,13.428669654916582,49862.378746422124,619.834710675089,545.3182192104407,6184.351963259759,5092.548343778682,551.0139312900469,760.1234268484718,5955.296842980371,2341.4800019287177,1400.7041760052084,1326.601228521605,4886.896032219065,2722.5635091268414,514.685356143433,316.5537094447676,4778.697506686357,4824.78337641835,939.6081097218713,665.6223216119856,7423.946682580869,5334.4303274922395
651.6822144137258,697.250014145578,18.179133761006348,37.619023438168476,9.763057060877635,32.577845863044345,224.78582458739453,288.1086761129469,41.9770602061506,755.3410826071598,2543.3218963535537,235.92594497545366,72.91255458422607,83.05803581628584,8.02859915856877,Working_Constraints,Ingeniería,Laptop,Móvil,2024-II,1633.6038375152891,1242.3060264284713,192.41179664708903,-16.008457789668707,0.3514695932548406,1.4797772936992608,7.363410719336391,47.74307594846374,12.539307755124657,38130.181471360396,625.2636743581824,414.67937820238717,6236.930426399261,4402.786376245977,534.1247374673411,1710.8689278300435,5273.297154408747,4115.055682005493,796.9751652373556,1522.9467833512506,7921.48276029426,3183.9221086695725,780.6812788287568,330.4590903974979,3572.4901206036066,4931.933339160487,534.0127206144618,462.8224780919141,3874.06611234149,3462.0149540940233
1100.4175733134605,356.2647386085061,17.17978471878193,50.847772764113024,2.2601537457188803,20.795995956074194,258.69505010150306,189.35132448150057,110.1923809733803,1024.648433203791,6794.501027005406,317.5325967542234,86.31484310613298,304.0480385284447,40.438690524549116,Working_Constraints,Empresariales,Laptop,Cable,2023-II,1310.871279839949,871.5092420940099,148.39962375539102,27.638612900965676,5.67080031987721,27.66184308706301,15.080939000272958,54.87091856445093,16.505604480974647,56939.16293997894,638.069210941108,820.4535721584073,7644.618912438886,3125.1684748271673,623.6226226982117,2374.7628460196665,6037.1280689743735,6033.491368378358,1655.5607639259947,1492.5251904024979,4291.512135565601,4384.740636250067,773.2412430406297,200.3171515265878,6231.501639239221,5572.87645646253,418.04886766093273,859.4730276810837,6364.0219189004565,6522.2636249040115
398.7111216593562,592.9965153062969,3.7686927728787785,34.50852123319898,11.095391998826326,52.09947815650703,261.62414406622,160.40435725436848,79.01224609436751,1015.1226333966963,6107.542264194119,207.90142698326306,-8.471247922825732,-4.975385217433459,30.326403472260377,Working_Constraints,Salud,Laptop,Fibra,2023-II,1498.923147896161,642.5608214697945,67.09656440184429,-4.732801943114358,3.3595392737537337,29.995131697987425,-20.91680695261195,49.582271371662806,17.298654845208382,19991.62460499019,237.38969613316846,529.4757338716984,2744.5618748788957,4383.382035118642,473.8582144148618,399.6426576339927,1872.2983456430788,3066.855382391828,706.7379406017471,1143.76965980246,5418.177486089228,3301.481957173709,753.0670123238485,112.8433013443281,4915.806428449012,4824.629633544477,478.7251540412386,422.4018447555144,4583.35931871225,4227.536128739189
1585.833376361376,691.2759144233,13.142997204256643,27.246098109654508,11.3582936333799,81.48788337330328,222.88428259198918,83.3224056287435,81.51806250969692,787.1402105925551,6816.186382945989,257.0683712402499,108.699034622764,-66.43192985730863,42.78785796548502,Working_Constraints,Ingeniería,Tablet,Fibra,2024-II,1985.7239730202095,412.87453745098185,124.54990760576646,25.77286698203718,-0.03306845368728606,14.057593740188334,-7.091487253788863,35.127198342021764,20.892475173395432,-384.2921635346793,406.5076841620876,703.8124400186653,4586.849895594816,5407.476525662908,571.3516794688461,781.9931904958586,9575.80083361865,3363.753732195681,1088.0746150721782,1190.983695667451,5416.136941286451,3373.89587980292,462.86355631930365,426.85091301985045,3750.542615724811,7719.544693776916,478.1944740035973,607.8681938894129,3741.7887898242243,7082.075968904408
292.68347948768866,785.3355669157093,17.427905759058223,41.453486856634825,11.55874322981192,12.426066875188937,82.7761441291272,83.39592789542739,79.05687500133786,981.7202728179894,127.39323836344056,331.86310482791566,110.15346682666696,34.360543549038105,69.58424147311442,Working_Constraints,Humanidades,Desktop,Cable,2023-II,1813.9459932335085,1511.2807223729728,83.35604928685052,25.331405768759236,2.399369310886173,20.323847691710384,-9.980501712288113,24.774975391421606,27.97438857490076,40252.16258612436,568.5226381853907,633.4809449248569,4386.703069485617,5967.224370149625,720.2381591152233,1333.1372989795339,5366.303124511653,2699.105342166683,1073.6386774883383,1230.3421654386564,5186.9196610266135,3761.5982406069725,513.0219871691071,302.10431330296285,3957.4082574849376,5554.834273882961,572.6664800813157,481.079380649634,4309.299040534333,7238.182023751404
846.778334990322,636.377204888268,10.897294988773831,35.367055636076515,11.354886196559836,23.792153491255014,136.67332414776547,341.8491664130057,71.9672446477424,991.2734382793157,4449.85989266738,335.0511596952673,145.77817002676352,310.0443243149448,32.763227598146074,Working_Constraints,Humanidades,Laptop,Fibra,2025-I,1346.5442256916604,790.1082023591389,59.60175952269647,9.48242037932581,0.06448149605818843,4.415339776902669,7.018880854596953,63.28162997720142,18.553564340713912,32560.617599503486,410.3351211775698,797.7581528631447,5167.061393482095,4607.089044184265,867.9954367665213,997.8067404516607,6875.48768548124,2794.6593899578843,1276.3276683152585,1410.6747548762114,6957.455831243199,2093.4444958312797,702.6768341485888,701.9230793178276,5104.561896788722,4993.877572247674,185.547496896435,223.95666538857907,9293.553677597385,4973.990310209575
-282.74478387706256,330.2777472897271,17.941861178114053,29.89419179376755,7.555959798022552,64.94002402290876,273.79208464338944,281.35905956320823,127.42700626469893,1022.4807049515302,3027.7072555828663,255.64629147924506,16.49786764573065,297.0639483489319,20.623326031853136,Working_Constraints,Empresariales,Smartphone,DSL,2025-I,1112.3317379287948,1119.5033132134695,87.6715541512737,40.000875878884784,5.673721971891877,31.07928422049536,21.929436901441267,29.43851242673347,13.293410744680813,83226.1651394594,290.1922142670667,678.4350979282308,1923.6764165807513,5003.449963132478,793.213584103281,843.1321474935346,4283.607246523123,6329.3627698159,578.0192854881666,483.1948153220489,5398.130682070972,2969.311780364773,517.5910690617372,458.32434268502175,3315.8156153013265,10328.146488024939,626.9081214701162,362.69197902881524,7347.525670484276,4833.0200053478375
1048.2136125166437,629.0024944189206,24.634906616821603,42.435007958746645,10.376203607255974,62.49364357585972,75.38645390119771,114.15541788869885,92.73819573007829,1203.1985423254448,3702.377317628337,160.51745972080644,57.26140441181805,-6.051012118408437,32.901022784308985,Working_Constraints,Educación,Laptop,Fibra,2024-II,1590.0189287277585,1834.7464876081685,22.01965605759613,28.491725680094014,0.10946969886425206,14.455437472020485,4.913216709512966,72.23521805028865,16.944012743233355,-8543.738285131833,604.3524728494137,937.3078611172602,2277.229853125082,10172.644233173563,266.2005027167022,1225.245431304205,8488.9480125121,3275.7552496994604,1365.4472455448947,698.2371201599192,5980.0822203641255,3176.4870004727436,529.0655234951416,460.8570328569202,4211.6009488802,7248.907772039002,660.0373044977329,547.2544781621176,5194.905757573535,4618.080751790014
1009.4353800952815,728.4841973073429,23.94370389317067,19.888444629142697,8.098834052466175,65.8812578312327,136.10165934580638,266.35314899244827,53.255897441852895,787.3912725175433,414.95372139691017,149.60103178139045,117.49703667982959,254.45836467688136,33.97085321408403,Working_Constraints,Educación,Smartphone,Fibra,2024-II,1507.583600956314,1795.2339651380005,149.10864329340927,31.380855086208122,-8.63450613749895,1.7768782238657335,9.791778192332465,54.8424109347428,15.654147125801892,3450.026044161721,565.6533437412993,465.0209431272915,2589.4382844704132,4697.855901202727,983.36843089394,900.2194834890469,6664.498937510201,3416.0356319689167,1018.0090338591602,962.9799132332961,7829.1813715278695,3745.3881527463495,725.3364852397859,550.5689106225708,3602.096573133949,4171.704702793852,403.39123934188535,142.65531545746026,9865.679698698228,4738.219825764005
487.9040896914479,495.6246548679562,12.892810659581656,25.8542307486001,7.755064533061333,36.5305985234069,230.98668271297836,94.48776944607403,93.67507363477087,15.733030331540704,5195.532756727498,161.6981568440056,-33.19854313136396,-292.35949344454946,39.91165372385749,Working_Constraints,Empresariales,Smartphone,DSL,2025-I,1488.4245474867657,1091.4682248050872,144.18752949822598,2.59975234119538,-7.323140264899957,-5.110720797202426,15.647079309445076,36.27141152743953,15.32338013300373,43966.36260505013,506.52119948220957,576.5169192917323,3409.2856669195066,4501.9000487100175,815.7263022114831,1152.0322805921428,6815.10964608949,2441.6099778926155,1043.2913647528844,1356.499193642821,3981.0545119452595,2000.6363770325102,252.77406454905156,488.53981972794656,3211.112547102596,4836.35507946792,407.23332733222196,281.2952174023619,4851.330032065411,5469.495305534796
916.2574740465438,602.7167933344601,15.72592939576531,30.848986551331024,9.831452905224857,9.152924185158376,14.762818259278333,138.9537460778481,116.7035719733569,522.4884163324047,439.13641267421553,295.9398533440372,69.48925827012437,219.44731915185616,35.646601269417765,Working_Constraints,Ingeniería,Smartphone,DSL,2024-I,1720.0737636987114,706.6997750974626,121.13496120723681,14.50580680097737,12.738326359268573,-7.81896388989528,1.3181801883406319,58.055063512954874,15.534818477330479,-9242.468389132584,434.3351346101093,622.8676464448813,6953.795439795248,6366.28183634411,521.0569366281801,1538.3757814453625,2963.433392028393,4756.852655236402,775.9044247845411,721.6969935032229,5084.442388545279,2399.0665753382063,197.20549976329437,417.9746696940031,5750.631605812864,5190.010652202742,670.5135216786045,187.67376082616093,6564.164279867534,6232.774389821913
1253.0146803713935,598.5571431446913,14.179642475635935,34.77271696847691,14.466079691331084,28.218968896622258,345.167663587069,148.95784319752363,145.77711261059255,238.8733928969508,7346.101440589187,307.6857268393698,98.77261680562832,211.13465513259268,51.68654303912969,Working_Constraints,Ingeniería,Smartphone,Fibra,2024-II,1311.8171159442015,1151.6056110854925,24.63341085110107,24.364444388667284,3.9783182721006343,-16.115787633642846,9.934707610621992,54.999717509509495,19.217894548542247,34212.92126568084,522.3806551631421,670.1430201351944,5642.444580386101,3075.3070327326386,607.6456455746373,1752.837538739838,11065.494707685215,4922.3362859323925,1380.3632218124026,1206.2990755000567,5279.244754018259,2246.94406882199,692.694884202456,420.4686245682937,2521.569816855952,4555.713179787743,720.2001435800518,294.9943118138425,10539.64654711862,5970.763058543848
1174.8865477256854,936.5474965787137,7.09023932238414,32.52512843426872,12.056189494423446,27.313772425874152,343.2960678361577,203.93846294285527,98.57564049763874,146.17757928992881,1254.9466247960545,286.8057013605723,88.65034066391163,196.3658190637972,38.21891341419368,Working_Constraints,Ingeniería,Laptop,Cable,2023-II,1179.9968430370723,1402.589962818533,94.66685253307845,37.75496676937974,-1.9584740279079438,6.246863443251409,2.1050261178040053,49.65451620139917,15.574507280538064,39492.99347597317,197.81736109805325,405.83451464664836,5939.632444222679,4082.6780749288046,670.8107097945616,1235.5049493686477,5572.272396347643,6195.344138246886,253.5296052214004,1786.3486353124597,4971.377770521327,2524.6409977007547,386.6969987112456,462.8382258246915,4403.809752840211,4548.451120131742,622.8122278455013,385.5535155176514,6776.861079727571,7914.124032771992
677.4661287287172,777.888090903107,17.33209393774775,36.210891965646084,6.852591134091995,70.59313797503918,229.65224773995442,154.8334510905038,88.11840145085796,617.487907987915,6640.571088624215,332.5681647691494,72.04277671146922,-35.45570033104633,33.66330190619695,Working_Constraints,Ingeniería,Laptop,Fibra,2024-I,1759.0347897392928,727.8867955158644,59.61885184504995,22.035111626345852,6.4946743021953015,4.317658962511044,14.475023263431183,42.04064155493393,14.24930043068953,31192.31944321603,507.8186951495027,416.17753128907066,1995.2677016927082,4824.018684682976,673.9553730584397,696.3934858176924,4006.5374405770526,1936.9469763655952,744.468563312126,1539.3009066423722,922.3805122612284,2743.546736604876,623.93124633841,464.6700878960114,3501.8340215086596,6846.8060893533475,718.9137766454293,231.6638772116748,4639.710000080583,4451.110750056698
937.4966443191106,510.0684681483622,17.25833286842773,37.79893038147897,6.74228579514396,38.92658178905751,102.77093021627476,197.8984169497828,52.513936705203726,511.2041652469934,2479.402937730809,240.24541214562151,-6.2279758504058975,-97.24177417862225,32.23434541243989,Working_Constraints,Salud,Laptop,Cable,2024-II,1355.0158757370828,1735.0311283944993,49.48429744475166,10.486489568237554,2.6765883272386324,20.83735872183867,9.049238256275284,36.441433447263485,29.148727335444587,20858.23334636174,530.8497238104143,524.6489295927536,5261.710578141664,5036.202871137762,364.4581194379229,976.6299372871702,4334.653823293409,3371.7871449001696,1475.1564411640716,945.863305375617,5180.855012733251,1269.9139137261795,419.7050098375339,567.1766970862776,2053.394415454017,3590.3874978523672,476.17039742999896,389.1864457167692,4909.36998303452,4250.13624084747
618.2361128605504,622.7104856455501,7.704605771401036,38.82494365990402,9.657684141754459,39.922685563743386,219.78034963501113,275.1367399215104,101.00246000194637,414.40746123350937,2187.2046736981792,212.96033174731852,83.96364234799694,464.2215455565841,54.25272523783747,Working_Constraints,Salud,Laptop,Fibra,2024-II,1516.5782689598902,1560.2628305181556,110.50195858021152,-12.233362705681182,3.5704918942252655,10.208048593222575,14.914188601082191,56.500052654059004,9.644118637396048,13776.563527177099,427.54667261373925,840.0766567818116,4156.051395047029,4613.771175679132,620.2395435864994,1180.6165970119082,4245.043943692202,5523.232163825068,645.4472754911856,959.66600746557,6928.572228790244,1209.0616934719128,752.3819694986164,490.2900716354765,3446.2479427825933,3529.522371525879,214.6617450936967,172.77599417003208,7279.148025054805,4336.436586046606
583.2549437627566,641.2816438967808,20.427609597390074,30.465467113887943,14.252504335949979,51.40224083360973,153.9465337186546,318.4785300868875,113.58905193743891,1022.2034723947858,3726.5213921734703,94.30366295215116,12.20894110634773,258.08182183364954,57.58693297808209,Working_Constraints,Ingeniería,Desktop,Fibra,2023-II,1840.4650288850823,1366.5666753296753,58.36057723002481,33.32785452423091,-1.0334034129209448,9.45198309871,28.453698000115125,43.10480971518995,22.94002999517999,54181.63568896761,617.2088340881479,337.14668305048417,2259.158003556704,4746.757378878471,654.0928225854655,1344.2792320740502,5206.568042395087,5996.39522303335,1006.4760717116816,712.4459018045809,2402.5250545305594,3073.082465545154,669.2367653932774,842.7608878861577,2842.0680561777067,6865.666333068817,696.1103862892221,571.9652345665207,5907.150029116815,6929.862373425809
942.6430539904568,667.6742955077317,14.721323428477799,27.400451838589586,10.248363710727755,20.617321196363836,171.72765932714444,187.48994683085044,118.52487257444072,335.9558904042709,1479.7419748179686,145.31629992110354,19.772865778054623,340.8728712702084,41.24391602255802,Working_Constraints,Ingeniería,Laptop,Cable,2024-I,1420.4943886246017,1374.3828098236409,31.287192844455856,6.580993392214639,-3.284663953556973,8.27891986528289,-5.983123715931618,41.849538814369744,10.642154620382325,19546.795745093586,699.1341941046488,572.3403681947091,2910.8380698605356,2636.4268439769653,848.4780639067084,1521.6031957442747,5135.151896365353,6471.601437569796,1099.5317647344973,1073.4124452439353,5005.738291421238,2871.5458097053906,493.8124845738182,263.2125020794709,1296.0239002353655,1604.8207280231527,501.3674398369593,599.2933052931844,2452.466607186839,4198.817999323672
294.06762236147733,448.87102801714104,-1.135229598744246,28.77005043388813,7.8345332246912855,86.95026666745605,190.13513972672695,141.95528743918575,34.31976142981317,637.2887323570333,2346.512397936256,195.1497276740419,54.62869348111172,-144.98449088122024,49.13590517099783,Working_Constraints,Empresariales,Smartphone,Fibra,2024-II,1504.7535774621977,1185.3007761994286,117.03192736234283,30.469373807037158,5.8780559909496395,22.726002760457668,4.634165991086293,41.673197132509486,24.86530409078083,54944.87228979661,236.28873364646958,853.8406842367385,4876.159261276878,5558.350004356253,545.6634609558798,1502.8655682600192,4534.293322304283,4876.929547414175,746.1859860600507,1497.1579313065245,3113.2456869478483,1743.6764158155975,288.59922396630657,668.0499758281574,2987.040314141908,3354.353548089507,408.86436538344896,421.06636313229984,4262.7575922523565,2293.81854098412
946.8129158364387,749.4119624606449,14.662277970593587,26.446230689673953,6.092065440643315,21.988185708414647,273.3229680262409,133.67116311193635,106.32803086143274,1278.063096593972,5259.795696804248,240.94824061043948,172.5396252889655,40.05383102747139,60.09617323921047,Working_Constraints,Ingeniería,Smartphone,Cable,2024-I,1573.3285899922428,1155.7882619865395,26.22292892656796,26.249119840822544,5.676790547125212,-5.656111410439886,12.2151886966029,43.07583031532961,20.27323340400907,40146.89925935579,470.76126081530407,524.6956503351732,3027.4596221376373,4337.47761548103,640.7643842761995,1124.1878895608008,4106.483228669265,4163.295477766357,1464.6759622074092,1408.743694914703,6657.24160995083,2259.7145212136734,518.4986097671772,679.7532886476279,3953.8485238701414,5199.815641198025,525.9543402463713,550.3059069163182,6965.800774947631,4934.551681133784
397.66152017999667,777.6511611344357,1.975581245434908,31.367601784571338,8.361950682461066,33.312490379650434,287.89415921873467,268.34253489539134,104.3180166646756,604.5438729721528,5175.903419340038,154.27886560772959,53.12751021391808,-34.52358047058328,43.92542010958247,Working_Constraints,Educación,Laptop,Móvil,2024-II,1655.3482318871845,1873.0750790746797,27.9062786377622,36.45492427749342,5.815743898006165,19.097877327532927,8.070734420350007,42.32679525018165,19.56881424912577,30957.50595478087,548.0483962302782,213.51823968430625,5195.157447587107,2242.613413927518,738.8273136303008,1390.4135048716062,7510.020511909495,3971.3539498873515,1006.8316048101956,1499.8434357636065,4873.024453296448,3428.7905162228935,502.2552820144611,311.6539684808524,3110.6243328864716,4680.271327274136,566.6573969834445,525.2130031902733,5634.865773001756,5542.700405702287
813.8648328470648,360.49987977259843,15.107074950359657,26.316699593956223,6.010646477667735,64.00044858180796,132.10262335731204,81.33157032612866,111.93719167613315,235.91635989109312,6899.106447562196,215.0204357786276,124.77048385252672,-5.972944682503396,66.99877119016084,Working_Constraints,Ingeniería,Laptop,Fibra,2024-II,1508.7800780461998,1511.476563614736,183.01520467211122,51.25628593576046,1.9635637465069604,19.966550590544948,16.87280712556656,45.4536926858458,16.56859018674368,83429.97319998544,467.421932882486,450.33680168231194,6668.424209618781,5642.829387980385,108.30094514998092,794.5726755283272,4669.5266384077195,4556.0441043315495,842.9379696208397,878.5110560949902,6278.857260983674,2651.7054178119315,622.7206938986812,629.4141285125096,4930.046155634611,4608.931895727481,253.15181172849745,543.3739633815198,5532.956428261528,3825.9419918016556
1036.1196666301453,836.1531640406515,11.933887824061395,37.3800296956674,6.480077990877538,24.580633719167313,341.0781147016686,267.13199468173354,91.90123772280474,1048.5498754170512,3339.138211571147,320.5778743762452,-26.526646747764474,267.7813301539387,42.112967794412185,Working_Constraints,Educación,Laptop,Cable,2024-I,1839.9342820582524,1680.6697108376336,29.52411846368891,7.799110399094283,-1.3308514855810771,50.72541583322557,9.96999264252946,54.4650546342217,10.445111000670895,41128.54872562965,453.3652213565574,590.0555072543575,6014.002160023603,4985.918242711901,460.1827076286147,1190.035539201666,2843.33834228055,1812.1781290219365,723.4420183442519,1110.5621126029666,3894.8305761408365,2857.5069787980196,539.3181231336482,491.08938654486616,3475.7492184857847,2638.2065103222144,795.8458127226138,532.5970437798243,8133.873971683156,7394.761814638102
15.32726903855189,547.3607172123575,21.48895038998439,35.30344441879889,7.610850339499205,37.68435590585868,206.82875138220368,275.73754093881035,82.80082338433077,363.60269038585375,487.6241383840256,254.48301299426578,82.00570179410207,242.68538514075595,33.29148987550671,Working_Constraints,Humanidades,Smartphone,Cable,2023-II,1060.1349375234063,1187.0201931947963,43.24436904598129,7.354177130132961,4.535443415464933,7.210694285983243,0.6445128612025322,47.84962224018444,14.217279740481654,21739.25857937604,553.4580069411988,872.6792348393107,6612.209668011659,4683.000458600839,634.6662794729955,1059.1501712013926,2778.340509860648,4946.984463203338,1413.4804010729426,1752.2389377270147,5122.0225031731625,3576.7266485931914,873.2194918179827,401.63398132635024,4153.971756109019,6929.793554275219,490.373443750757,781.8440332212565,3846.746480628095,5607.838642839759
1268.069116658572,473.7956559732414,5.314634417024633,31.518690399348426,11.987233694667221,61.07954958039906,207.22843007222272,251.53138398816165,96.46382816541305,767.5450390304402,-801.470479914296,190.296111942577,83.32692959327537,47.62891008124304,48.599781267421534,Working_Constraints,Empresariales,Tablet,Fibra,2024-II,1666.4976561139358,2258.1699522544527,219.3658681019442,41.82346764894761,3.268363800590212,-4.6374521202321795,3.9890547837360573,26.943618595840114,14.2943066059495,-3201.489465913248,296.64636042891857,495.16262151021056,5143.691627145353,4420.121781235459,768.919648863937,1508.5898951024571,5191.077225681905,4710.5901024100385,965.2053186870764,1115.5158403511398,5896.512357189394,3924.666008224916,522.0964033790489,529.8701110797223,5062.019274404598,4463.004144680811,887.1532410407556,310.8291025135463,6305.0617540252815,3730.493869302361
329.0923352363642,349.11280413915165,15.868391901519496,40.5018027255975,12.06798838316831,16.604669905471393,203.64839642762874,304.2114273222139,152.98093014962433,126.00631210745314,3076.421810623674,110.96109184573423,9.903164847492775,-52.15341356312136,48.432128891090706,Working_Constraints,Educación,Laptop,Cable,2024-I,1399.4169364251943,1023.7639793656236,33.96707548989596,57.708443003391736,8.338641548311147,16.02346701807024,23.855889441054074,38.1220348062135,18.426226565189925,35843.498789967394,598.4137908146146,776.4634653903462,7271.559765988525,4001.1132351503948,710.1165047120805,2281.8320325347895,5899.6392914769485,6205.811257901742,1110.3985713968027,1249.3300027586108,9903.936642309614,3325.6851481661497,572.3918991440938,535.4496092713416,4828.370262147881,5539.052531819956,747.4493987306395,395.0738438625063,4365.014898984742,4623.439215331911
802.9384798388705,747.4940381402128,9.932194527118643,20.77421337596331,8.173741719110442,34.488216053180565,202.17485083781077,33.0266371865216,103.64508473229014,777.8258671301519,3826.4693876662154,347.6279837795541,7.555170793835856,267.1049346344099,41.716375131611194,Working_Constraints,Humanidades,Laptop,Cable,2023-II,1750.376635597213,901.3624098405821,166.63383747006202,15.794425836299869,3.4353120071584202,17.94303879481445,-17.006341192294883,55.830762765552855,17.29967802832478,67193.65329557564,354.8934135036279,301.6576617053589,5115.845823813007,4187.704642566725,600.0211955343948,418.82118649367294,4416.568436084707,2801.6691915220035,1575.3773364376764,512.7689565580638,3818.759634911057,4871.08641970831,601.9283803678876,578.7536518649114,4521.989851378669,5243.5956388181085,742.6899801929244,481.4635554961523,3873.5488182144327,4259.682105802418
464.19034240780934,650.9301131401924,11.002560018019611,30.630747376420825,4.385858723818142,33.72244629316918,311.14317102048346,235.7310549896073,121.94354876779308,300.3011206196852,4909.112577685068,97.25011683953659,13.874406685445436,-288.447944141267,37.739220757671134,Working_Constraints,Ingeniería,Laptop,Cable,2024-I,893.6013507295113,1719.867087323179,71.02669526788861,12.73406520227409,7.159396423316158,1.8891278957256894,15.80973111119765,54.96715135704022,7.558318774638645,49287.9007272598,204.69933572353975,677.852567115614,4145.324126709049,5057.466113510721,478.4609309672161,700.7731680560437,5671.937548868381,4185.921501588385,1053.8924451589162,254.59674644880772,1525.0782557288417,1566.992797717575,547.2553659881441,550.3439651437642,4485.430635344602,7418.475622284397,371.3164085278753,512.6067836983607,8878.47583790642,6528.203695187955
519.5208870619878,410.8090371599944,16.758167225479855,28.61733124142964,4.412222039539582,47.116241733224086,151.08802119008084,309.39703018296933,106.17387051648403,828.1083277577343,2887.9235045177256,185.07979293789285,53.38883626009516,-248.22157395651794,53.02647970012541,Working_Constraints,Humanidades,Smartphone,Móvil,2024-I,1789.831855355757,879.627700559752,-35.99377456617292,61.037547793055765,-3.565421001865988,12.0931910974696,4.217778957731234,46.12285234655881,16.713471201767796,14150.961056171727,452.1032302309857,818.823377415935,7286.16654696705,4225.205434634987,316.7141693179922,2332.9622076838746,6454.721000073638,2512.0575160482854,529.9670720475715,1133.4294407923117,5198.935094812964,2329.985772162192,502.0396694577429,383.7246415370977,4125.981275073684,4930.512088600648,835.0333649939004,474.79469670823454,5841.937169185117,5959.806260689389
646.0412114334457,497.9394905758054,0.33245048019305834,29.757444201956176,16.189862440718553,53.18544308312362,309.8516011933259,125.16260423300551,95.00685408808211,241.6808994370915,9998.444962211699,354.7419037662605,-9.63332878107628,214.69686495484177,58.93587913459565,Working_Constraints,Educación,Laptop,Cable,2023-II,1134.9983920214238,1345.5212628187855,81.0129109336522,-23.777175720355366,-2.757861638774723,-5.888519717387694,6.263834280868712,46.83223073846586,21.14087932217918,45744.26232871422,460.417276523452,316.5929069456319,5392.318743590002,2501.218871222064,524.579672701276,910.8554991753745,3843.126376358339,3609.9458506643264,1081.4422638357278,1618.6721868360773,6422.6704769550615,1046.083523849731,932.9898198378798,403.0477747246319,2980.7454161787045,5695.568805945964,677.9874104460821,444.3743139926598,5365.1480311247105,4722.786882092711
674.8145259058255,605.5607772575125,14.69239153006738,37.87822272261263,9.242527466661457,12.630933945720024,161.50793349484314,334.29657576708576,103.60775266990437,856.3320488344089,6626.546844911266,146.28193469506067,71.03709836779615,157.3624148278348,55.645051127929165,Working_Constraints,Educación,Laptop,Móvil,2024-I,1474.9599485325773,1152.5532634614274,7.639434506609803,45.511632935345816,-1.0046242663301337,3.1852640617714654,3.9505662895520626,39.08517249465209,25.277157064152355,49109.21986636582,-18.065088567208534,255.38331184465108,8265.379781450472,3904.8362011863596,594.2442141517475,866.86559860523,3832.33623034092,5371.403360271725,832.8251177003107,435.73361362441483,5614.897706425327,1469.3482169156623,801.7428870046674,318.1376598962748,5005.849071670093,607.6014702747389,604.3927647090076,444.4432716560338,5191.6595531932835,9781.001314354868
771.8337083410793,517.4676658837294,4.119156637879204,36.629153001664704,-0.01673903503148555,41.878386145589104,135.07441907799173,234.74107818502554,23.619210873980983,7.516416320954477,7677.838581033338,206.49869777584047,157.33443922007532,30.878013919460003,79.37228968993274,Working_Constraints,Salud,Smartphone,Cable,2024-II,1448.3690428899579,1449.7202410833231,21.82323433626378,12.979610618323827,1.6661429093574762,-15.353223755280478,-16.65090715176271,54.38727570453998,12.70334163837014,38599.78531556897,257.9000012402645,696.9803824752601,8398.017419520596,5435.650092046264,812.6263719828238,1408.1799341113917,5928.705543472393,4050.7488421996104,1124.585811873692,1261.0787405013025,8170.3656454004895,1582.3546874163667,929.6912393204259,846.2619504859986,4731.848646677859,6552.595451321803,692.2478210787448,489.908074849762,2697.1867102080923,4109.309248279465
485.85576814932284,693.4548299532876,18.633173198927874,34.58873732079594,7.22369328568168,42.10801345561994,174.6858438215406,192.5858915078048,131.0371885898796,821.4585346227816,3149.1250606410676,179.66653871175112,64.84276207071377,85.53837394646926,45.090517517403896,Working_Constraints,Empresariales,Smartphone,Fibra,2024-II,1381.2356025962574,814.4667505015049,31.69200984761406,38.3317415337567,3.8501565712339723,-2.5146030352649618,14.696653110351255,57.44287005963223,16.812806188909526,68693.46666086576,743.306579060719,558.4403955531309,5932.098578317288,5259.4162636322635,686.2994392378607,1154.3644871540082,1876.4974283098722,3097.073657998218,834.688543782705,764.6084775663301,4161.912523411953,2782.2491460877127,752.1344195653658,598.8801202402865,5051.655602583568,4454.9840158413135,474.83661431744906,204.8021920899579,2375.049132568383,4083.6258573407054
631.7029296762371,672.4488176320475,17.624013572047946,34.70177723465792,11.811027653011713,52.4808743396575,299.792516839692,235.69464668161226,103.77477119645792,581.701231940109,1625.969934223865,195.91464602241334,29.48686738385868,-42.22301430501862,24.45301051894195,Working_Constraints,Empresariales,Smartphone,Fibra,2024-II,1521.5287182313941,744.8064990391183,126.18475079869215,5.432921470567446,-1.4198952323339018,7.904638165530909,-22.319498628325565,56.847039163187446,18.28826294586937,42186.27077536818,723.1444685162705,788.8502162650346,6953.477772709992,4417.902694631958,741.0372535578265,1720.2762992236753,8213.759520262272,3456.4395879125364,462.0693263354186,1179.345871293403,5827.005609404388,2612.891139728754,232.95771412541018,616.4731624465745,2212.9379775025545,9095.434676616627,971.4212604356853,412.11131541937266,5394.4711874633485,4519.424843208876
574.9027150364141,443.9865166996118,6.6555071471604315,37.841421341811525,0.5241848545517289,22.996061086270913,256.57228135826495,261.91358760898777,81.5152250129537,306.0504650710024,7380.7678028078935,247.729204296792,47.18492624088502,-214.1335296975059,40.16122544575936,Working_Constraints,Empresariales,Laptop,Fibra,2023-II,1425.0031278664221,1331.9632848324075,29.402903304912968,29.05746366583741,-2.356392185114596,-3.590586387134154,-19.915233094198477,45.91281434535147,14.113937540491793,15184.702595196773,357.1325625736512,794.0905144137555,6998.281366038489,5417.120466253635,831.559575519547,723.1739080919922,3467.359050429646,5018.608063192662,1229.7892638810667,858.2643847318986,4978.469338808741,4284.676125585746,694.8618076496131,353.81597198927136,2916.4292530556395,6093.469916957135,257.68866850636977,443.163494157054,4762.800697316913,7005.69325096293
92.19059307117595,482.28124482724184,16.0431852575944,33.97530030867554,12.204505193163218,43.70580462981239,91.2604368937963,375.31503439814657,64.78162929928696,659.023536626853,4281.183517920791,72.77764771618014,112.16658256112586,54.29020915078005,41.90680639218368,Working_Constraints,Empresariales,Desktop,Cable,2024-I,1279.5692976971807,1019.6789426619971,66.125947197592,15.312660824642034,4.762670309294701,19.417005016779758,9.996313231255343,28.485811188354162,11.128657859716705,50044.20569910546,713.2500805534561,556.1482039348355,3078.7503236922707,2166.6931786066357,708.4889856022944,1182.0453190503,6559.012403679835,2994.5469234610755,1231.8575522120686,1324.7345926297066,4143.606798979842,2768.122756172792,224.73560330919946,543.1588377017009,1506.727628924646,8344.743980176312,621.2201935127651,358.8372645192706,6080.756286040848,3777.9788703913828
1088.0312964872708,385.65604841403945,2.2566902718081447,41.75629151045742,2.7393627472316737,48.82198296538975,135.66601621862475,30.516913163557717,69.56082700803233,318.26108959768845,7889.324119189172,310.8244094205085,36.15413247491701,101.41902235469655,55.726729360096044,Working_Constraints,Ingeniería,Desktop,Cable,2024-II,1671.4461370269023,863.0366760609907,94.21514776386813,12.882945505953316,3.3770783320606044,0.7368472606821377,-2.2877449863877803,39.83765607218761,22.293609168961563,45944.53411664627,185.08458337170055,477.7075635933078,6071.680607496567,5686.895414473157,408.3517550109553,1353.4499669105032,4494.6784505494825,3013.402890435759,1123.3774357697853,851.6488908771654,4702.539695125881,2387.980641669892,429.45585489219536,357.57423196519545,3776.232912454398,3994.0845965681883,589.1825198387137,732.806013531982,7111.239738085051,2937.0908225174253
53.68009268361402,764.2894837219459,0.11460807037557785,31.801411785039004,2.8440212302707577,32.57875558968557,211.50701173362447,183.56682047246588,92.49133941924364,708.6556773269461,7326.738120698028,128.69752743847025,84.50206818030716,63.02623033267802,77.26329291011498,Working_Constraints,Salud,Laptop,Fibra,2024-II,1250.948129655692,746.9839241081825,82.53728537673075,34.151525934992286,5.974697794887608,-18.403654479201734,8.827133340023087,40.7679884545138,28.0292320501013,22797.11388272631,226.53753672971382,827.203602102904,5335.330632590196,5316.747946853061,622.4555686684181,1065.034476337404,7708.625786735334,3383.111184323622,510.24100182894836,913.8573128243992,4393.242856841124,1929.7656109612917,394.35407785063603,311.5729470069117,4274.62127825232,4876.786720054884,632.0377703689212,448.1667707402857,6538.044047367971,2552.617866705598
678.7882827858917,504.21155619743513,15.370052944210126,36.97998338270918,13.107238433031211,45.50441207011617,95.27413395035384,242.73247935014066,144.09044008211225,968.1718729865452,3172.07065908565,129.24312699035747,134.3290529189243,127.3059486917568,39.71720994691965,Working_Constraints,Salud,Desktop,Fibra,2024-II,1329.6352334621688,384.17757150841817,166.5720415178094,10.385428322683847,5.513414773571444,39.67870256675033,3.3507751563121193,49.47830191617455,12.352280624867412,10617.417667898855,519.7460906175432,426.48007857721336,4091.2070841975424,3669.8732751521475,1090.3925372652643,659.049820337149,6877.335941457304,5568.615916526073,1007.7947223330278,836.1837517046987,4240.198671339817,2047.3850692409192,522.7898712763326,432.4043620864587,3919.4131209364095,5128.714257153562,925.3199275972638,405.7877005364996,3509.386056785952,3433.70423069581
671.510508869943,610.8736463730361,7.58390518244241,23.26643776976892,7.343490184400888,33.160872966260904,210.47996278073447,192.97061423499284,66.28280199303406,181.9260771320852,2344.1168400350725,143.3385486489035,149.63319556854958,-201.85907312988,43.24922634252798,Working_Constraints,Ingeniería,Laptop,Fibra,2024-II,1363.5244689740823,1460.42686551289,95.66301595332132,48.436947067450404,2.949670154575276,-5.131733502352256,11.695104002150899,52.03700887350667,15.129726121622802,49718.24380861907,584.3342427726719,683.3655364231806,5271.7555372365905,2921.225115979667,471.7905561685635,1219.6807051604103,4284.724223743404,4988.059749869873,1562.9023714510213,1075.3564521058597,4012.926509069973,1663.1592569381928,371.2546272005785,305.72629381541736,2388.4203197401553,4493.276639467843,403.2100291588423,600.3772002813289,5063.56749752514,4308.987918494318
630.7813199864706,385.24255321470787,6.147761830135247,38.759385303442016,10.467391153077278,50.71770036101263,113.98873025681827,177.98026284569335,105.6509635830126,979.5593787086927,7211.686991168299,31.208575427452658,161.3356715255778,191.3693814176847,31.28813472763288,Working_Constraints,Ingeniería,Laptop,Fibra,2024-II,1105.924720146761,1355.2777703140537,18.152548841989102,-7.13284342693964,5.356273163170941,12.111461035768382,-0.46726325089572107,48.49656190961505,12.173844222076562,40638.82726868719,528.7951449071963,468.41457805425534,6140.0329733040935,6741.795077082885,374.7764257234855,900.8803750055896,7967.933250662529,4589.484896541025,1522.8457775806894,1340.4233246402214,3637.123413306995,3025.4854471004883,910.0577072784383,688.7345286260337,1738.764921596723,8061.18884164624,660.4327887578379,496.94849219914624,5986.687725680548,5127.7166067980315
1272.4842631472454,673.5131064284966,6.3890644783573824,24.979921766241997,9.126200536243353,26.22478788547169,350.23973467678167,287.26893782262124,81.26965022781104,1056.4850836157184,5778.38964127347,165.42762468521613,11.309499762496841,127.93065796091638,66.14654882523958,Working_Constraints,Ingeniería,Smartphone,Cable,2023-II,1542.099181965592,1855.1937922981042,83.81386240895739,7.1031284318711645,6.239790803076915,13.950217324225498,5.988386132588482,19.439841281445197,8.806182747936447,24159.931637448124,465.1501288324266,476.194625158863,4074.1878563605164,3311.953002285125,533.9939875461414,727.8763233196211,4380.758998346258,5558.102722688101,1223.9836562701553,1689.8116501959234,4292.753159147289,4688.703557168546,279.11483643463157,278.93487547006043,2536.4100313940644,5946.435697562393,245.3076493033542,149.2574524981311,8519.714286115639,5224.937053220655
1179.8145109306301,797.0387970760167,6.754011352053533,28.16806532753172,8.412555878601466,15.402254530975153,280.02364704439395,79.75104194948611,91.65084766395488,44.76746934148241,3826.7236264932476,254.47448282933362,105.31644771257432,531.7087067832049,38.24776877556682,Working_Constraints,Salud,Laptop,DSL,2024-II,1630.7863088488436,1680.1832466260385,70.07843327146742,11.164543219270687,1.839973862151831,41.50820902121632,2.2132757978721243,37.32160924985982,25.379059485700623,70273.07347452528,677.724954333949,666.0503151120024,6018.980823979664,4478.624769132397,553.4801303710486,1453.6680650186056,6098.323847417363,3520.4280624631274,786.2227931724129,1280.5839316538497,3165.7710550485463,1836.4014281548511,678.4637093461273,578.7879585745316,6055.538007402389,6842.979990445692,550.4304777554934,772.7634878628863,4093.999843971635,8245.302152539196
916.3565020671806,394.3361009132493,13.113994846939848,28.869480589504253,12.517161736553415,63.87693546977255,192.0466555317886,308.80177270879904,55.67672598955216,593.6247682789049,4172.293536089005,195.29994655682543,23.24052637993588,213.08146912662707,27.117112388266015,Working_Constraints,Empresariales,Smartphone,Móvil,2024-II,1172.0654218120762,932.9204913740718,5.555101072688878,11.50048756359511,1.923551964190944,-8.533977638321126,24.729252247629017,40.8806254381726,9.126268283878892,64038.47775236741,593.0758190644808,864.6332583980119,5271.871044649644,4786.163086843062,481.8510336988673,382.2231769912968,4152.820192605367,1187.4206086673175,1024.5226478031832,1062.4022597638038,9100.288610279496,4189.676255452525,887.9590085812347,461.62988450376287,6619.631066532953,7183.119102696116,570.4639309292826,338.46684897946795,2869.9396267762895,5991.915239118607
-145.6950218948753,646.8080756397172,22.37819579959629,36.92863189720573,19.387207563950764,55.09732413160294,332.73954604852594,260.1660323156889,54.22277086703567,638.582292561623,4432.7940432866535,269.0313364957477,106.54013567866467,-138.3408152747756,43.742473074382055,Working_Constraints,Ingeniería,Laptop,Fibra,2025-I,799.3581311033156,1070.9363503466834,-26.033729365843612,-10.396247869214644,0.9823427225387737,5.587255145096048,27.47643291380108,43.40165986233528,11.416687780102952,29906.247330544218,350.68512482745933,543.6368142019514,4919.482922299216,4285.2243536196465,553.0394638047615,668.3786470758068,5648.605105764126,2004.703851204745,1624.127671208131,940.5948039488718,5066.995699728007,3397.379381373376,531.270616722376,531.9213118941307,5556.722519041536,6406.168809200301,419.37295993900534,225.453877168783,6079.97798784124,8499.340270561166
1053.1752596563717,615.7175713875561,13.337990585823025,31.040508815790712,7.413569893934343,65.98536453113465,280.76848823148504,138.95307848409527,66.72954917012251,1047.2871422385313,1807.578713339145,72.02475871894724,60.93288203085163,84.10305259016192,37.353179233023226,Working_Constraints,Humanidades,Laptop,Cable,2024-II,1042.734665022734,1067.367133144413,105.65406567632625,42.75474204036341,2.820774851724778,0.6743494480445333,20.16290724218946,30.844555842431312,13.932837207513758,56768.24340632005,352.07234979580005,840.040873422167,5725.109944547208,5905.382341770704,688.0373170461512,1458.6473856456523,3106.806013588953,4070.3804473418572,1021.9386781744626,1030.9703726619796,3124.6395143088203,2528.9370110499,285.5292974172005,434.4749730513821,2835.6168606568153,3640.377613428234,577.1955005585477,310.8229610926967,4292.633872100798,2049.0968329564703
806.5326774048432,660.3370847890949,19.296418816609727,37.76093817460817,14.51418153832709,66.12360096407505,367.1502873611614,249.1754004799319,64.82526941434492,595.963590521016,1635.2531575299636,254.37109075059152,30.159164926205964,89.7416177130397,46.22497971945428,Working_Constraints,Educación,Desktop,Cable,2024-II,833.2469649728007,972.2073904917995,70.85422028856497,1.9768913920082243,-0.24619600370601447,10.540947676700778,-15.654710865545361,65.14034321813928,6.681345236633799,54664.00701999619,536.4497659636958,224.15530519565527,5765.446093806326,5569.543849167822,785.702253153068,886.0270948797693,5315.510204900531,5331.619573109363,1321.079570001644,1329.028002090594,4862.495060032839,1862.3266963470523,596.4278871029735,360.95555695405545,3152.8148036983002,2659.391577804808,458.67759318783214,306.8606762375684,8829.405618680164,4244.3262839252375
153.3524805880711,647.7970257797822,1.0689924467790242,40.61057613088352,5.323654390903647,47.06316082035478,146.058245449134,170.73017317184258,95.1991229831741,940.3553483771411,3776.7601322746787,284.77417799981976,9.325290192233147,171.57696908920826,73.89328688355045,Working_Constraints,Educación,Tablet,Móvil,2024-I,1706.5715097346156,1098.7208286852024,82.89690068195551,0.6353750204483362,3.148290119419311,21.006804114066668,7.596682392040381,45.03055108828842,21.41032439295421,38729.45277543011,537.7196760069781,523.5308754037945,7297.739062189692,2891.900598937776,579.3246087026947,1515.8743578218264,6171.5127600433,5768.087603004368,1616.0145967784115,1701.5083986079753,7048.196020093024,2601.2184217958156,292.53557621005746,384.04955614917606,989.637475467508,5324.685012856841,597.0007010606622,488.03643566581445,6938.301481273743,6810.845701791979
807.3996945038742,732.4125778294623,14.634186695136078,35.9797184940181,4.178592280597128,7.346790331751503,318.7037836961497,194.93398227177292,70.61207559655149,1292.578005098758,1476.3172750412155,128.55702793937468,63.03523048419852,240.9188689449049,35.33504411027802,Working_Constraints,Ingeniería,Laptop,Cable,2025-I,1453.4418557128604,1413.3863215261158,21.858178268448746,17.617637274877442,-4.167780261788414,5.609492242860382,13.701094804795403,34.4339904862074,12.694734931507064,24408.679446193306,515.6847259245151,575.1005278968852,5445.220263716328,2747.222800834781,454.3760297792788,391.37327826157275,7582.503382272702,4963.320213689403,129.15254135203872,1601.4221465683231,6611.44486542923,2857.186654916081,283.8932339445554,219.6758757233083,4839.389158162317,3248.062448339256,512.540505534389,574.5318066774228,3298.5784814681183,7488.202316789829
1636.44352907537,684.1628206070123,7.704617303021057,35.23744081405016,17.30356385731321,60.895525787066376,293.4575307821403,294.3963119939316,51.204261711117184,598.6441892437374,7354.356700871329,167.35255845957892,31.498419167095122,791.7986399290136,58.849542053003745,Working_Constraints,Empresariales,Smartphone,Fibra,2025-I,1944.8991380024977,1340.9481157421815,17.599744145762884,6.142916280574418,1.5097281024618217,-1.295125166955521,44.864063027231886,34.04714355385834,23.01552297182165,30808.70526112347,318.3871954167404,721.8899055953038,4069.346874580897,3872.2198035796428,839.5081215070174,1576.123485567665,6189.5545074994225,4252.5227413322555,608.4915830691441,706.2140418152483,3606.036980996062,3560.0583980914807,1050.722191078956,355.0626584110088,4030.3725956315225,8144.013996756252,289.81805528352254,270.7521064483951,7504.734499772048,6421.8206825563375
413.947703057065,756.5476492714105,12.975985346721973,33.81130594453309,6.556028819062826,30.189352925704547,288.8604593631614,281.9442111096954,86.45998656271149,610.3329043812467,3704.5333676459254,266.5692266617502,79.10338937955224,-188.93242197236046,49.85884936620927,Working_Constraints,Empresariales,Laptop,Fibra,2024-II,1879.0737671313573,790.5263737461122,199.8537574086069,25.996582910063633,4.498965667037208,6.465419781920751,15.451331659357836,52.22558028669069,22.886800877036755,63039.231189270984,404.14801901487346,717.8714101890412,5057.7445700699645,6884.700843892193,1025.6875298794935,1698.6795978760463,3481.945524729128,4547.9037430814515,605.7668995182576,1122.465328956565,2764.6814295276504,2907.9062836850762,679.4753568364354,299.305272701974,2160.771457808023,9091.804614077151,677.0524492015081,424.65786668025567,3591.6712514935707,7649.173168517207
773.2249196751826,463.504002653875,7.441398770230376,44.33626845455747,2.17268385298801,38.81042254949682,258.36492661572214,164.03925857160985,112.3511260254018,693.3349884124925,1347.7753576177279,194.91988994943495,118.44337873818668,-402.930580066643,47.470620587840564,Working_Constraints,Humanidades,Smartphone,Cable,2024-II,1217.315844096923,1689.3372321972934,56.438096129058856,29.13401480771558,8.479803736755162,26.732246760872265,-3.1335594371703452,48.92918628667721,23.36281763292988,33598.16877872011,629.4318016097114,517.3874664939641,5824.906516687538,3896.543605750846,500.1683185384568,1206.3061861531378,8755.598760026482,4847.725226904995,979.1409848565188,1105.9267843943253,7025.199603948613,1944.2841782586156,566.791973692122,420.08986321878905,3419.5644453243935,4475.179168507606,577.5327630365884,703.5615820402147,6171.622399692957,9328.78684215884
599.7770871038858,594.4210411820089,14.182113492789112,39.970635324891845,6.777715497404261,13.977837494948488,239.87336907926144,133.78479749663205,72.75670638010432,228.45686921728387,8730.480386898764,141.25632167757493,97.70556639209775,-252.82837594633534,23.132455472051838,Working_Constraints,Educación,Laptop,Cable,2023-II,1291.4917043110106,976.7576166709314,72.41437859306801,24.23971103524172,-6.207570336041647,-15.511481258883599,11.346009493662812,29.835423674437685,24.789588081591273,23702.30422369294,408.39299394666523,780.5672627773254,7004.453830863199,3292.39629231894,541.2714492491215,1468.6093654087867,7815.375246221231,5270.885872014389,1359.983766976459,1522.832290467798,2186.638108422644,2921.92147584497,302.7935704743272,547.5678408146902,3846.4601007842725,3930.332784245076,839.4590917369117,610.8526426876554,6120.522497164801,4187.030197654468
1698.7182572365573,674.664787265726,19.48014395331984,30.95684699527985,11.528642004757343,33.36237992802047,222.29296032839048,371.1018481081331,114.17543980288656,115.90036822342734,1666.1924576145075,320.2946072692906,109.10105060366078,149.25115196185087,63.965495601107946,Working_Constraints,Empresariales,Smartphone,DSL,2024-II,1896.453994431718,1397.8965594868955,34.583512206503585,4.588618838111238,-2.393802363947507,7.084833940668912,10.956824350471532,41.724021665179194,16.753214261916884,23141.579635779475,693.6601682538194,613.365193258673,5453.722581475488,2649.006989341109,656.7548575538515,1546.7712366812839,4621.111885574919,3802.4796183744375,1149.4020364359997,1213.7482091052389,4159.7355447089285,3055.957915404437,145.2966198654392,306.44081662461133,1819.1612076440529,4545.772436067789,366.5343547664272,539.9772055792616,6494.961625994328,4989.843822107228
1097.9685981789723,806.1802254028146,14.767665407906062,29.515374075747392,5.634689571569717,34.6499968691993,162.7609797425288,249.21345035910477,102.75534972515538,497.54218700697055,4003.104409462737,205.1265234250838,51.75300731207421,-288.0839659406348,5.450745671732818,Working_Constraints,Educación,Laptop,Fibra,2024-II,1702.631036355483,1796.4256097729083,132.16359398047263,9.033934703118877,-0.8773163138934383,-18.182871737920497,9.986892775671677,27.66962059311933,30.260643173436826,49663.44718507262,373.54054555879634,96.19805278567452,4312.991706096511,2514.5140774941638,401.2343546956791,1187.5515514095382,4928.926414310394,4128.430201522142,1411.1800914773564,1355.9681822389543,7030.802846693381,1510.0193222624157,342.5917142141564,516.52114747754,3006.5106404170474,9434.444014626859,478.054455785814,604.7541380731375,5286.398841127896,2077.747281091436
76.38205035470509,686.5518065288522,16.833208298940335,32.01850234553044,5.340639978958974,26.975587997900966,146.16144387729094,219.72376855663296,68.47022911410784,915.0454787700078,772.9613517846124,272.00527767423705,35.31546720586788,77.42188438782004,22.981726937302234,Working_Constraints,Ingeniería,Smartphone,Móvil,2024-II,1520.754572196943,1539.093534149497,-55.5125502225496,38.48442291826053,10.068634113400861,-7.188153549335286,4.702064125997408,48.28928394865912,21.928782411864674,49910.572188125414,554.3558364176355,518.1138554714368,2684.0389540698957,2788.3597937957684,608.1099192494105,1488.7059718939158,4606.619131291636,3309.2264213082944,805.3176388441452,983.7340575688071,5262.220627191356,2345.0872739489614,648.0213890676241,298.79010089855467,5468.438141217428,6377.417402934147,303.03955789029175,403.0271330789477,6358.1940737970235,5507.927349843237
865.8705306669865,436.77388508544294,13.684369493550099,34.72828298390431,15.031073686218084,-3.1316163659612037,235.34838061725992,358.35012694311297,77.38035561889383,1054.3943526776516,5858.658067415414,63.11139537273526,16.80965753377692,454.99802003786317,78.22469896686017,Working_Constraints,Ingeniería,Tablet,Fibra,2023-II,1562.8842993204662,879.7257397833203,0.6631092132010821,22.672932697688804,4.9989616378807815,16.343143721897682,7.526168731430552,56.44316867324248,-0.5154928986831138,45304.96822571353,413.4227212232108,775.796758421121,1268.0586918675958,3374.8615776416163,198.05827488973875,1195.7406046168846,2095.048519623278,5477.1064323279115,1004.8481040612475,843.2661689460401,3702.257158041082,2117.527989502278,593.0825368853581,600.3909652829894,3200.922214183209,6579.851405359669,157.2423437787893,569.1516645628219,5429.725149310996,7951.465506243476
244.82181644899447,454.0952737521492,7.062785670855814,31.60101088284411,3.6959670662756516,36.25228654343034,143.25065485280882,182.90817196183315,64.84789682998714,911.3598302865952,4750.606682848722,309.3751527321923,139.46984617346766,4.740988986244375,54.14286264089937,Working_Constraints,Empresariales,Laptop,Móvil,2024-II,1212.4647198704688,1058.9177247584398,126.62664405779373,4.447034096036489,10.31444379966647,6.743168855926716,16.398323253011398,20.909710857397496,21.712982644696286,47939.52817073469,294.9844944291117,203.59473406749703,2105.358731221078,5048.588804028199,744.9148600268113,636.5504036551185,1624.821416509939,4558.731378784543,1592.7851554858703,1418.4233975695447,4989.461852842803,3185.9078108992844,228.52726509232838,589.0464847433891,2125.7159836120272,6108.225606976927,450.95701797378825,461.96909735623126,5651.807976549881,5092.983268456474
62.380229090113744,684.1593660234971,14.630207414174215,29.857877464512242,3.6427254901608404,-0.5423622558665571,236.84050376931785,176.57456088942453,41.735490172203264,479.4331057378031,2434.4863809769968,204.7671308362402,69.20175965421241,435.7163301491389,87.71473001458659,Working_Constraints,Ingeniería,Smartphone,DSL,2024-I,948.3033109527898,1659.6929258318403,43.528768633865425,20.730788427619714,7.709154482775811,44.198059532975975,8.003761017262876,47.618621879864115,17.763671447098456,43460.90187648797,541.3154864667297,778.964905496312,6755.497454114828,2618.59092678223,248.2596983911729,610.935072618808,4797.604200140002,3273.793559269462,553.2479839486252,1122.0775373797221,3518.9339079517817,1380.912751486364,645.1861079920097,682.4949433197817,4358.050241115847,6533.615904278038,359.6306845169551,524.1232563229482,5331.358048871875,3726.37017470056
348.6942907342595,410.92874408756154,11.72629154995161,32.41198102549011,8.734143139003265,50.873269626805374,150.90452529332114,388.42156126111763,89.70320349580719,191.03106375750463,5297.17060531748,155.09338353581077,55.767930841930976,100.66348795390917,32.00578954490325,Working_Constraints,Ingeniería,Laptop,Cable,2024-II,1161.7995651739652,1157.4428705427717,-13.836979924505421,5.273605717690589,1.5837595312663963,0.9650800909426969,14.056037985910287,35.76434357061668,19.995428488707077,47104.17524708991,506.7798989397596,361.86217773248046,4267.001099237087,1054.2052894570334,646.107146943827,789.7419580512402,4300.042714696403,3685.459493581632,1042.0699543094738,647.1040512723107,5076.178087233059,1145.7221272977094,281.14704258602035,771.830203255415,3787.734426738193,3911.0308882489235,447.22981061525985,374.76438272923946,6311.243549486404,3250.936307506007
462.5905237808471,685.045132778227,21.159595974233646,34.393722278081356,1.633665367916472,5.634544744476868,230.79196308720412,313.41848445501034,112.703644180637,736.5221990282157,6766.038583533651,176.11605129912815,56.36143491715231,272.37984623507845,60.63943700280507,Working_Constraints,Educación,Laptop,Cable,2024-I,1733.1615406810122,1629.4517720128101,70.55393830264134,48.78138209558401,3.408331281211151,-1.0937723116783165,-3.2218492412551107,34.06411858214225,19.711835777815864,22344.62303406567,811.4716388529333,845.5707060509524,7289.038720180554,3641.6830158058115,638.4743241970132,1499.3375280427927,9330.434423507244,3570.700223004661,843.5550609059508,510.71867414308235,2694.442050907079,1871.2102503002204,165.95929874034823,545.4714256156742,4016.830916270403,5058.254831656737,839.4497800817601,717.6312674101932,6076.039672434222,3598.2717782139107
805.0997275374016,600.3085596480811,13.882733029612325,30.383738733701154,10.257122026927322,-13.261067966669046,253.41971642721293,271.9779309878673,33.14842259385844,823.6378804878921,7468.817409197821,75.28368349884711,105.57016355552298,221.7305200949387,58.93228934400386,Working_Constraints,Ingeniería,Smartphone,Fibra,2024-II,1332.3627216993923,887.1097109634073,137.7785760938073,27.584730768959844,-3.5377440593740674,-6.088292219196532,37.01408844173366,35.270729598560685,15.807247035690711,34042.17529600358,416.2794278690797,915.6052280603417,6691.549558519368,6052.268096978687,394.78003791319395,2039.3298189409006,5541.787719297229,3982.982942411406,988.4749652711874,1345.209832410018,4225.996004918481,1710.0931429670616,706.05061824713,569.6038360977525,2954.136685473322,3360.876286148856,921.1272276731419,332.06917120819503,4533.528514107345,3860.4005238510504
-137.27277412460057,806.3122061653016,9.402845533017826,34.586200754697,8.65587557913074,19.906769398706953,110.73017878337414,251.36949456332474,128.49513574380796,365.90805819484297,6835.5954312465765,345.43048573373454,93.16797740670842,-123.56690416894727,33.436949192009614,Working_Constraints,Empresariales,Laptop,Fibra,2024-I,1518.971027689367,1502.2945008866318,125.0774202088648,-1.5057814731062198,-6.253021939076434,7.625436352129849,19.146099985554084,28.287509998355443,15.664601038223411,56779.99121494622,593.5527697099351,867.021554763852,4446.903776210133,6186.559714015198,494.2809311124718,1159.6250295908703,2750.269288319486,3399.7801814640743,785.8413122768632,546.4012009090721,8213.845901496014,3407.7218045564523,566.7360374972225,366.2801765113363,3473.0282020079176,4288.996937978681,650.9473547123703,423.297024384664,8985.61893027032,4931.13139687555
1062.6116375902632,937.8221811380221,7.444466609726949,34.119105086444925,8.87878832348578,33.540028081640955,190.14561779108726,222.104641333518,70.55084745527314,637.4062010871604,6125.193821296367,156.3130563641352,14.892772781904377,88.6763867281104,34.025515354308865,Working_Constraints,Humanidades,Laptop,Fibra,2023-II,1749.2332778707357,1544.9755668294763,115.11377587031265,-18.174733951413906,0.29555513851389725,15.69464514681505,5.825920433943244,55.90767386524729,19.667264873372513,27238.259348867294,699.0755373168088,596.5362866364766,547.320202837921,5661.384927693436,645.6519780818993,1299.0844895456294,8741.830532273027,5341.315986540665,767.0968591115347,1270.4397198390525,1030.3010183858996,2646.6314663644807,719.2632045791381,855.8302023149008,5670.950274701288,4942.529524802808,542.6977017416376,354.2942363631188,8512.06034219745,4070.9601635269764
1572.5380950342571,701.1910268881481,21.39932931526905,24.57968117157563,6.753247563634139,37.02431737740914,239.33647716787578,262.01159059468233,80.95190203649429,580.4642036344785,2985.427502447776,130.20300446280808,98.926463536037,439.4253323940295,59.91747196718029,Working_Constraints,Salud,Laptop,Fibra,2024-II,1226.6702501556622,1033.977797692287,55.33207417856987,-5.750676350842911,17.285814566428904,11.579325320894247,-1.7391084525203873,30.064160455588905,21.324533239714572,45940.31067805044,647.3197334084,337.9037029362106,5868.131173346648,5119.94353435534,606.7313240011049,943.9177717640717,3954.4646723642736,2123.6457318205344,1502.6683934566577,1201.5919992666263,7675.46771886219,3120.6131732926015,570.0300316248544,415.64663327678386,3593.775424757063,8545.205957319715,244.44324930985857,300.78776501186263,5966.1207618550025,6474.016244387063
1199.743840754808,678.7193960207743,7.058892597870764,23.478739462469232,9.626455158332798,53.85104629267105,256.4735846245981,104.44229881484087,60.24058500657959,302.71734722995836,2030.3998378931242,169.97834910929186,75.36305282280735,61.15391658272727,62.4507426066141,Working_Constraints,Ingeniería,Smartphone,Cable,2023-II,1150.293060933104,1165.8605475287545,10.681190828498266,7.911632644630469,-1.4534668479350428,-13.009876780010023,8.727581119375634,40.73218805704546,18.453166710366535,44822.26812045279,375.1437689248309,271.0404188490164,6466.846740691613,2883.370781367913,458.1094073437804,1560.913269279425,1694.7421584672802,6961.691999674957,832.3913977730774,1462.946345597034,6824.431158684678,3403.8899998914976,706.5852628333255,455.41563529848725,4477.233806645585,3609.016251799386,653.3277908750212,273.1095491719251,3235.3808313931822,7368.785543281863
804.154360876864,772.6288173090029,14.445906307310608,36.25278548945091,2.7989258195961355,16.773631935812293,227.02848661815466,307.39383523721784,69.99225314333773,509.94774384113987,6345.202646269265,172.5771595743563,54.097260368432785,215.75855155499534,38.911637428641555,Working_Constraints,Ingeniería,Laptop,Fibra,2024-II,1223.6046759554927,1019.064051575051,140.16645238749126,23.79921125943565,7.40449358533669,2.289977368655191,-8.445675300577683,40.60143633105446,17.86538820064065,13561.793118205576,365.2318045546661,612.8804590473766,1519.7208089170526,3032.6416019346934,580.5850925344981,1366.0392236462214,1597.1835480468312,4190.606656395914,864.3414891772762,1162.707523536563,3083.221683295657,3637.7218134860445,377.1928383700399,331.3157831285338,2783.760510086291,5745.2360587247695,821.3193565597616,457.7449027850925,4254.578148969833,4402.209877012994
855.8730513100796,707.5078421863059,9.97297017912106,33.400896868721375,7.411087526868156,62.922185753374364,167.82139574049748,171.35942913257037,100.79604537402538,897.4548986812506,5887.111378228812,222.27425309048934,3.80720607649247,285.4328042827492,103.84373693625646,Working_Constraints,Ingeniería,Laptop,DSL,2025-I,1597.224422545965,648.5511222156846,122.60023255871985,-9.041250268787996,3.8241468855183633,20.13157179609475,-5.5395420206401855,46.90472949986316,17.6055663452558,41179.371410111315,734.7139572060239,547.1216199722539,5098.240219599252,3270.925729108749,714.2990068164693,1012.1171792307374,6735.71859076368,4710.775320058628,1745.0899781991238,1497.5857549145232,2073.619726713091,1688.6290066288047,439.81558321568514,417.0646101732924,1358.327042036482,7362.372512690115,577.6812620356727,418.60265042916245,693.8843640826344,4899.307854411459
876.9805512741385,771.9850444863212,8.31635149369096,41.23984544495775,6.6955583460923,57.2152168198192,143.01939917265923,309.69565585183716,92.82766721015932,615.3302188412943,790.1896143414392,226.21639524508367,3.755158876860982,-74.79818828997264,49.33568799054544,Working_Constraints,Ingeniería,Tablet,Fibra,2025-I,1732.2012863913371,1300.6143937594366,-23.912265488219802,0.66447497966276,-0.3415019216206683,14.310252114082328,-2.5492691151704654,56.40403451488603,25.956792999276427,31902.572847452575,700.0872766504849,355.0086184490442,3906.105691877372,7358.6047009519625,628.6880248160759,1463.156710650275,1759.3993606710105,5773.807269488034,834.4411197500391,1048.2363881167664,3878.5687643620704,2144.032847176416,377.0974588477295,336.2270634535365,3088.2412313574514,5569.439659034141,645.9952339042653,547.3984116196118,3104.7673639780287,6817.475127171299
900.058746048747,609.0763720230109,15.085323785615717,45.922649957430686,15.903446880832815,76.61468251124218,210.86850051503862,161.27283315528734,65.81438949649907,494.6958121822755,487.7215132250858,255.7499973077368,30.789752769459195,42.52650855814804,54.15849855658892,Working_Constraints,Ingeniería,Smartphone,Cable,2024-I,1336.1135944775126,1488.209651928564,112.5023179931784,24.94702994499918,0.08080794342973618,16.215523880509107,47.88151759595176,30.80786902901763,25.214796086424194,53291.860086667686,808.9676997513827,383.10234433876724,4907.853549649181,4966.2044913024665,681.5136285566157,1609.5940425556325,8708.573674809675,7142.978388883384,1198.081890519472,599.4039510792129,5527.86197047047,2010.212438990925,443.99030399679725,625.1301747871394,3666.1432077518393,8602.407042226496,370.77864136909443,356.68495733473105,6845.609162037547,3753.0569990806666
1295.2494877527788,555.0251634224993,9.86327152609253,31.75444034918687,10.448545179054703,48.477897416418585,271.4127645327598,188.20485670328299,85.9223046541755,548.9682504192486,6522.8182190699745,229.09467516811642,74.11086781120919,-231.58260507821666,41.641404123359784,Working_Constraints,Salud,Smartphone,Cable,2024-II,1721.2521830540875,807.5709369014658,75.24003053433749,32.14179189558641,-1.3383076759992,-2.5523028662513947,30.564823045632313,38.230669692637036,18.981837695244412,29425.56875055955,474.1846362304038,875.1032524086958,7173.179448509433,6881.030606993905,271.216222494283,931.3759703436225,7029.676846453294,4766.696111979803,958.7718633380832,452.8974590248389,4289.373526664743,916.3151115335002,709.1768997236371,452.6998733196754,5436.0148973985015,4753.442990371137,905.4510838268757,603.261623331848,5029.061680006982,7610.038422717755
1144.1212231171346,707.2284220195423,10.349437203094963,37.55720504588332,5.52922624881639,54.698188527948936,493.67751018578224,93.41951418455807,77.29334707972872,150.37290645638427,4252.640336044824,242.39270852012157,59.954521479909985,52.65904251088391,55.692026262944395,Working_Constraints,Salud,Smartphone,Fibra,2024-I,1527.7670307838023,1823.7187946767945,38.54328758164748,13.38206066937148,0.22050253283306454,10.76644612817175,8.908930146075534,20.283240960788888,21.65911374208948,65289.94553344608,295.225002553119,553.120940874418,8239.960475614836,7410.472304207571,558.1029929340399,1466.7416913759907,4771.3100815629405,3588.6441953398803,1459.9337872423712,1654.9522250222215,6018.361990403639,1686.4322714335797,410.9701939238977,420.5918476415644,3459.996048699701,7292.761780060417,533.4360559114929,117.999400090687,5810.11381936855,6840.695102411522
313.45173997648294,537.3675173344891,5.473446029472607,24.70544090976606,3.539226688522769,49.6460368652975,228.9524936915867,141.61470829061517,84.26216183546391,198.83263720842044,6356.507222941708,235.27536281922633,83.21954356156189,150.5069900857537,61.320568388351035,Working_Constraints,Empresariales,Desktop,Fibra,2025-I,1441.7689002540012,815.929872863646,36.693160949549465,45.321197692137254,3.5393371539942002,-6.663061604088004,9.0076567578236,44.429547961142426,12.37253013058741,40365.92189320135,693.6109935084111,770.8690987560279,6272.8387584096345,4631.864671403572,283.7521232273524,1605.080605899505,3434.0339559656104,2521.3817857225667,865.4406417649575,1373.0667765271814,7877.56233879964,2891.459176453149,658.6803343988439,590.5202344531274,4933.191385578733,3403.0432018365564,661.7711608378007,437.97560418887633,8109.201660274689,3894.3041449225193
732.0775373305852,703.2064814255075,28.52642184573461,44.25281277068409,3.40561161301503,51.89645080499625,264.6883565795823,303.4266850913565,70.91453321935683,486.74208760798615,7236.486402193231,102.34500346390239,109.42230940382991,187.66410062557995,85.9999808684837,Working_Constraints,Humanidades,Laptop,Fibra,2024-II,1812.982270402281,1132.516477749199,130.01194430310747,19.573045191119885,1.5843622634322436,33.58522756182132,20.40632101036687,59.72461956623684,6.07964242772389,48325.715828082655,428.027988020617,359.00861127080384,9097.83751199801,2422.6633048233302,672.4001585232542,1883.6777195012842,6301.455410541186,6168.154366568059,578.7211642554801,1028.3812922335508,4059.791230815543,3881.048569729348,522.0212291322697,534.2896894538524,4829.839512761893,5542.300867822177,633.1658269624771,514.8939201799152,6838.943579640383,4471.567418603172
997.3252160171446,464.9560686150703,8.675657286123402,30.861163058488152,15.756771496904406,44.848473014799104,258.0934946894329,195.228721167401,38.76843410812469,180.51651936264943,1059.8499807796056,319.0582136694207,49.74421842153235,351.2459390502604,40.93501117358066,Working_Constraints,Educación,Laptop,DSL,2023-II,2144.835720200381,1456.946987525925,90.8617372252166,19.348971002950762,-3.2317551089806917,-6.287003213102146,25.232718573494285,33.34101795068164,20.098710975927926,53151.567166060326,265.6048143874215,551.2744390845958,5027.6576020339135,1889.668030509884,156.93108593883912,198.41509794342755,2877.030396571189,2963.956407564756,964.9310788045649,1242.0481081275336,4647.841503782032,2321.8278535391078,236.319875901895,509.82179032022384,4710.564734244785,4994.035289024992,449.317485733802,561.2238283591646,6639.270347847762,905.9861198968874
793.9940652241164,766.9701603884098,10.495529107864625,21.741045697678633,9.472324869151866,35.92913785296348,150.66671187105388,313.36048060610216,90.97818432767595,437.3406974621463,516.2677961368643,101.3334749455774,-3.805201948067804,216.73098453325525,31.38782277064495,Working_Constraints,Empresariales,Tablet,Cable,2024-I,1193.8985467062653,1411.051807974535,132.8153521656701,11.390113618483735,6.5336734739249245,16.335525296305708,-6.739728051427749,29.97507961384818,12.192014716521602,56538.3255354297,236.25776537381665,656.4584104128626,4575.97354294663,4000.456222411343,545.241369238242,2380.1164022472194,5931.646653302869,8612.853827712703,1139.0550062038255,859.8157792037119,3818.307654799943,2146.796268404631,543.7855869344713,615.6519493464618,3672.0625502026314,1442.0106073162874,469.8433000485405,387.99252639011183,7805.106346656901,3737.5828338554784
853.6885866506458,749.0841505181492,9.452668892352566,33.38021257135139,10.208032702528543,15.299615450136393,126.43587038211854,74.1207321427537,81.43870363873987,997.2204438804213,2834.5147298058455,193.33859389777083,26.186664583897667,13.765642741059082,41.33214992049089,Working_Constraints,Ingeniería,Smartphone,Fibra,2024-I,1228.729764005909,1974.7745910655538,107.75220131093755,9.533383996794871,4.005645159925301,1.4638746230233153,20.978618990233038,39.491175588968765,14.564472888214102,77422.92333683698,449.98074378637125,935.8502508810257,5024.489961872371,4506.325027790544,808.6936588633946,843.1389358129086,713.3718624272387,4433.1225555590845,952.1473079792052,1360.8184359201841,6105.268977259464,2488.9048726978176,711.1360671462952,419.4029693866547,2131.5816794085003,4951.872027662015,510.08843702147544,280.66998748690645,4114.498286045854,1723.9164458271898
668.9280959186916,510.8626414013184,13.291422936387512,32.05490906724901,11.138282084646965,4.484243822994724,160.33262354990524,275.3910204368058,59.83116050345284,465.11490781954694,3851.704962293208,317.2608209038364,8.980457275864957,16.08785460324873,84.89287368776573,Working_Constraints,Empresariales,Tablet,DSL,2024-II,1245.975473918329,1575.0586826724168,100.0480313261317,8.468011827578422,-2.858212877996359,-10.270922058086134,21.300668902397337,19.84489581110797,35.663420550814905,-1459.811821561052,458.54620355576355,542.0796344908858,5131.92787167941,3691.6243119343812,332.6674477870589,1653.5477782472667,3494.635604165297,3377.507741391961,886.2496826139945,867.1564351331202,2828.878466888549,2291.0593155800498,834.4593726684813,361.0106011696268,2997.830060264645,2845.96621022427,318.7502017837559,411.55353544229376,6682.98169522407,5813.430414792869
1306.040280324288,583.1704528367196,12.549200822320516,34.20789311498052,2.693039053573826,71.81060109376591,195.15226590636627,232.34948966690428,102.22031122873378,1299.073630072956,3773.736885015603,133.93948488964145,148.16077207391834,-247.21168294519592,54.577363087186676,Working_Constraints,Salud,Laptop,Fibra,2024-I,1626.9421198574078,1312.5013942241335,36.781461887986026,30.638672597178733,-1.8959548911613266,12.238043794301372,5.735757900389028,46.38487375215309,16.257804849833988,14624.39346800316,211.80520245378304,750.50648375954,4297.492895028774,3008.1297421667787,424.90410359620154,1500.9342694505071,4191.657941720634,4356.088391563625,758.5969944231804,704.8232267831334,5092.864104510419,3367.71377621739,541.6368632093472,493.4779975352549,5792.007696308359,6966.39357080194,670.6795666781711,481.75647321373754,6743.745407543416,5710.472787840106
1079.6503065106808,628.4912132424389,17.85482632578882,33.047993195676156,4.821464425377325,47.09345608294472,259.0904821517293,277.5886751202457,65.68214724667716,864.7836258131387,9836.33402187203,44.27195012774359,123.12775424225873,209.0164468290486,39.36150574731832,Working_Constraints,Ingeniería,Laptop,Cable,2024-II,1261.2678769113527,1613.0571142622166,3.69269703633762,24.25943608004583,9.832035156045874,1.3182501899594699,2.6420151543479466,40.842695208600105,15.112039084585192,80149.40742352471,713.677233408627,641.9641159149754,5282.950329030899,5525.154917717418,895.8882540055224,1768.6780167321658,5762.992081148324,2456.4947545683835,1290.8215283188374,903.9551466620778,5775.339898531821,2422.1704377716305,584.2023836210676,374.91846316943304,1896.271422452405,4971.920108801177,802.9924471949744,550.5982730238908,8470.636098085506,6778.086618110766
895.6974971677,805.9044455869703,9.552728198872867,43.24657499339917,6.827452087082984,51.06067084521554,360.3040084082255,117.36106678320928,84.17708166175954,458.1482626070195,5068.658356401441,107.30771744359528,96.5156249261988,-115.21750382929835,49.85503965622527,Working_Constraints,Educación,Desktop,Fibra,2024-II,1648.1335468854293,2121.207458716712,61.59091523278976,7.297698302029309,8.246238578287535,17.089331665682142,8.266234155825334,49.54477458944184,21.31882120695311,24200.17002173082,345.3957537081511,514.2473668788647,6266.40848977327,5002.668485865945,946.8697522876216,1656.4548882131398,6686.835554626528,7153.198634443587,1337.5677503479637,584.6592127182233,6167.771348226322,1818.2128029513883,124.03984953332258,657.8832815531805,883.9928546055799,4865.343892735337,872.7088896572745,637.7247114576733,5567.629119117954,5650.4242575370845
684.4583304421669,704.9259421277093,-3.607906414520963,40.91945150009491,10.063273948205145,62.70800351860437,8.711372532211456,208.99948488755143,68.93699704067444,363.63878728940443,4967.572571553155,139.18911533236638,52.53492803020229,187.47018965904317,44.33478570040456,Working_Constraints,Salud,Tablet,Cable,2025-I,1384.783195527854,1992.40098125362,21.26599066522334,19.28780590289197,11.817838887784152,10.893063316579857,-8.173788468524318,39.20102554868103,15.382227379554646,36627.71766246706,129.55603660809675,523.9467543733417,3180.8609375518395,4612.13939018598,842.3050345433968,1206.2704980998665,3688.104454518433,5324.731414741599,959.3442787006134,1335.7841064361237,3922.1452207137836,2989.2328855992146,332.1267617517829,502.14693445608646,4574.024995640888,8375.271659243179,790.2682039647792,376.47862452627726,4526.87533976482,3993.21073080539
1482.5536300939666,486.3536556082122,17.42181544936401,35.00786701550042,7.265528563492596,47.426008699883326,323.7280793270544,296.5418430127529,82.71611500752041,81.71757003208364,665.5204772863626,255.1471961768156,116.81713112468671,287.1397232698329,77.18536589254836,Working_Constraints,Ingeniería,Tablet,Móvil,2025-I,1917.7449673987028,744.0366254099148,86.56268261502657,31.06270728063959,-0.3089802106520714,21.900669081770975,4.18270453078218,53.349362837261204,13.817795108286095,32849.190614686464,480.42711785250305,480.44107896504136,6182.587353161795,2786.38621159216,517.9083300837578,1411.14568119273,5138.520700320369,4407.6655480896725,1270.180879121804,742.0681422440638,4232.730379649522,2602.197064030349,741.5003567242028,686.404056853847,3352.2758698334815,3339.185037639752,807.1027680948948,727.5267929742091,6569.8555805458545,8281.010693101356
452.7261173514106,459.8029459465723,23.205241725142237,28.826239765461644,11.584690023704033,60.39235049590398,274.39272055495053,129.0807109610655,86.26268314894786,872.2961775171618,4620.402157860938,364.040455028462,111.73474177609886,-51.224876032486506,-1.4686630432352672,Working_Constraints,Humanidades,Desktop,DSL,2024-I,1824.9851527096566,1271.2039126199757,105.10627085103673,1.4707975547240464,-2.0805410625468936,8.301640494720194,30.835398137643427,42.937916495694836,19.749829063793623,80728.90928696484,325.50422177007346,868.9737601159294,3143.3633366850104,3588.7982962998713,348.4383671667175,757.7407688782203,-385.05483155646107,5854.869454114267,1548.7599340730724,1172.6762164600113,5408.190046082662,2225.8642582824104,681.8644348000066,390.98012051783974,1461.7424347661554,5921.891143611665,532.6822260611801,293.6198743569166,4702.764581062168,6120.153375371914
1259.1779722792567,430.67785657442926,6.58715386648574,31.556330085704573,5.003112522597117,46.57394526564644,194.72083710383316,337.25791983757944,91.52787995995448,-118.59906802974024,1893.1813240682297,280.6704109396405,81.92388546478728,-247.15815010715602,44.105768570327214,Working_Constraints,Humanidades,Laptop,Fibra,2024-II,1394.768770674317,1087.7716190738602,98.84491551473967,32.055138199792545,-3.359783562444002,14.485238828565048,18.60860620485491,47.94551263812266,15.945541319439009,62898.159607528854,532.2084271116039,703.1417623151857,3167.9856102633557,4155.842409753798,383.3754308407866,843.6956392123793,6363.692011577639,2962.1043838235933,1364.0552234886036,1326.676101771418,6894.541781635315,2972.750473553066,1000.9758866698016,789.9492667373256,5093.14849874439,9871.225109393783,627.3324753641457,478.73312471430313,3225.1582716970934,5536.606284987525
881.7438257245387,594.0219715775677,13.244854362363036,31.134128412563086,6.98780312575386,29.21662788423486,253.7474469474297,389.06390820714705,69.70768445492565,1166.7907035284823,8290.622830902557,191.4896850887829,102.62117677842562,-82.45107197934158,69.56962839093698,Working_Constraints,Salud,Smartphone,Fibra,2024-II,1374.7427144799074,898.3090692978682,97.62462470959028,13.154800367443407,3.611194637441653,27.76695316154152,-5.627206355393591,35.59383366686587,4.478925985473831,60087.652523386045,232.62778523887997,623.4014882708497,6027.937295217274,5032.917563639434,769.8540379866203,1502.2552173641043,4647.753905182764,6396.533069730685,1172.5837028324177,1526.3387529932302,5435.064837831536,2233.1812434698863,225.77014597138955,686.8468155758937,3147.294144459065,5719.631381515336,360.3876038531571,249.0422986073142,7561.8560495010515,2022.8764582131598
806.762509016945,519.798189051232,12.299162901570046,43.13568255681844,4.706632431398294,26.20853773122497,100.75472104198288,224.17037126883446,90.46332456505354,388.43523452171223,3233.849326085041,244.47559994306835,105.31794505536199,56.363949111059696,43.79369730990614,Working_Constraints,Salud,Tablet,DSL,2025-I,1364.1383703443908,1820.5592004458028,103.16429815857897,27.489234600292466,0.4561838348940519,8.283945382585006,13.593954513338007,54.32889091505709,16.8375226255027,44215.841452277265,430.5915805429511,423.22330303268046,6361.170885196473,-346.66456081972456,672.1511262263638,756.6129505025131,4717.640538416565,4542.807618926019,883.9787827113379,1404.1834012784796,5687.147246358638,1701.3138573316278,435.4462591732686,623.626502344408,3095.3698996011462,7004.347844278298,948.1389877478474,661.0338766276524,5557.462900026483,5337.954912896026
1508.1931055303726,699.510764242529,20.10399955268507,33.19124977012237,0.36198925816662,25.47967933760807,243.05010782134178,439.65854817804154,115.49771257733579,197.36674297236465,9521.897406749431,142.2083289078826,102.70047242799302,-47.489116471320216,32.795187429418775,Working_Constraints,Empresariales,Laptop,Fibra,2023-II,1839.6064257478752,1042.0887158626404,58.28903786370121,7.892729758271994,-6.946830303531212,13.243008764533236,33.08383120804217,28.814327208562588,10.442508010797424,45713.84768165291,756.11852318458,453.4960482417219,4789.43110739379,6310.187242410507,512.8921151971932,1144.8610502071301,5867.299206993816,1991.9955021182957,1108.6601893835063,796.5205374685271,10009.219336824332,2260.8304300289337,710.3421357859365,544.1447035079018,3791.5874860341637,3413.408771888693,461.0864718696014,332.85544861794494,5897.293984669208,1725.4333613938584
799.9927849049877,585.5361358258359,10.269963704646415,37.81969441083578,12.832665410703505,14.488842489773333,297.3342327741337,297.2525602667975,23.257131952841156,635.6468729617714,106.48230391465177,180.4400722744725,125.09883269699887,-86.01797544149065,60.11882168994312,Working_Constraints,Educación,Laptop,Fibra,2024-I,1825.6153891667789,747.2187737816948,34.9066150515667,-11.774761232427837,-0.2534594390173197,23.233741901944665,23.66152828842352,54.5444562775625,16.605715251357175,28812.26037899199,522.6900298340279,903.3291709197528,5507.511670777431,4119.697811731126,982.1747471471069,1155.169990521109,6259.521640712328,6585.986598551471,572.317229751954,1234.0295366618898,3061.843879709414,4117.4323960236925,602.6552597497894,888.7602974429525,4461.627587790912,5712.77685366928,550.3878724066059,366.29080613905967,8508.335450785067,5516.405484319321
615.2955783985797,580.2878117019893,7.486220262585446,31.90985893148631,2.4941857703413053,32.06156575405668,212.74466802795206,81.11655592410983,131.1467025602031,613.2410860907106,3380.4069504622917,163.23775536620738,73.55902911667826,364.84413290743817,54.80332473056975,Working_Constraints,Ingeniería,Smartphone,Cable,2024-I,1381.3924166433544,744.059592861264,35.48277180923411,1.140691215392831,-0.353586070763931,6.254587463531337,20.78702509429823,33.40830266357856,16.267858714537162,64397.40886732389,450.8214443459842,689.8243305460787,6912.2432662077335,2429.5082015504154,605.859661294887,1653.5044831226114,5592.753022010474,6734.622736724892,985.6329040685035,668.0522662210188,3195.6043617986948,2121.0628704988562,363.5163914566455,692.7454635969239,2435.1831992100524,7833.540103614157,794.6783115702535,543.7260884537898,7765.248570012489,6063.628482727081
772.3799208596405,558.2372175899328,10.50308391378869,38.28340022631994,10.112058219886098,11.888232133490291,212.47344275915097,243.64360520935875,90.94348431489131,588.5360008865111,5962.088042240624,222.16361704222734,86.13735290461071,202.4803626828979,0.09766786010887074,Working_Constraints,Empresariales,Smartphone,Fibra,2024-I,2138.7302527542297,1996.7825247098626,32.13528384913411,36.117686230230575,-2.4248851350567526,2.4445620740962046,6.965442796861601,41.54008131547185,20.869140336225808,8943.016064920248,81.79137548843494,450.7364495678386,5376.243539822976,2179.998899102182,855.606915436942,1137.4787198355052,6132.820950470871,2537.847574560924,591.5189875725556,1216.349785453068,5291.338045064721,3129.054264341462,429.10079962306384,462.60844294880127,2876.036439477213,8774.934967356508,351.6500356863993,924.3782445776362,6043.331949807973,5309.71060569543
1288.7571027752288,728.2777511901363,21.08130245404231,23.08061614706975,6.018310724331561,2.41316448572325,98.01292366061418,241.07057339478013,82.58647386921683,364.4327075510936,5345.538809461867,174.3950293970372,100.33984551551394,238.43739292325694,55.707672176384634,Working_Constraints,Humanidades,Laptop,Fibra,2023-II,1486.0341379882566,1457.4604096754929,101.5892148217676,43.170613509793625,4.689917727708206,-10.281132372151095,0.03398272560206195,44.25436846738711,13.963380013798616,-7660.2466507237405,556.9679560288656,218.0620419079741,5730.850367558117,5629.980528449537,735.3425582174697,1261.776899495389,4254.051389329562,5239.862411327768,533.0239355725428,721.313653438251,4280.899244250245,2248.5794565873366,686.4324237335657,586.439577780103,3729.1536808653223,4887.417216767481,769.9831690348447,682.1198077813881,3698.6357045058567,1178.9241182763549
529.2624997973104,316.0206656481611,10.741041396914198,22.96353795084005,6.354110843108839,-7.326507160144512,189.33958589171132,288.248407823885,107.11051477676303,638.9676991739253,4589.962907375457,306.22403879531936,-48.882332867804934,125.35607889694575,47.95021260134952,Working_Constraints,Ingeniería,Laptop,Móvil,2024-I,1364.1409493550525,2037.699069203599,95.40764442309171,3.6182296880855382,0.3665276727898332,-1.976810562675432,5.5996104573142365,8.044738664633293,9.338083582897594,23088.532547805073,555.2565802668737,588.2756137288609,5637.452573624555,5466.40007584838,674.4776017485674,863.9743176329852,6590.459534382083,2931.049950693557,709.5247890576065,1448.1370692728924,5018.951445242372,1693.2831319253169,334.05923802891806,735.4517397715249,4285.6961203586,4917.8935833869555,658.7242923351974,494.66386769248606,7089.550307087137,2796.5630376168456
1157.2946982644175,598.092027008344,6.6105741065920816,44.58813796189409,1.9453192662265746,29.752061624320458,205.5809629731083,277.15769079371313,68.46178787005543,784.9023160291968,1209.367709271378,168.62196077547273,82.62596352216295,178.6799338880281,41.15578256568284,Working_Constraints,Humanidades,Laptop,Cable,2024-II,982.9370287461887,1390.0839500437214,81.82840646402583,23.357451243424475,-1.4646404972234661,11.517150162041306,10.092690776468213,55.59126372545975,25.748098414503882,55289.22587446908,445.0908734088684,44.9155963598173,3313.3193442074903,5994.839905011153,696.930480539857,1252.5534514261867,1988.962115631758,5069.608934998134,987.7391667338538,1702.1424714958953,9825.61808658827,2907.5809789491054,1006.4312737893887,559.7645055601648,4034.405886081234,4033.078943230583,590.7850868026289,391.89757143884805,2666.952486009959,3507.723398452047
406.28044263535423,946.3101780555069,9.861724783049192,36.04003252780974,6.294924500953714,31.809501550377036,178.49938473445889,202.53216395943778,17.749577692842408,535.9026705468783,7151.868532411892,241.69811875089096,-2.5227932723745212,-221.55765477028487,107.07686814296258,Working_Constraints,Humanidades,Laptop,Fibra,2024-I,1557.253895109073,1571.4267259233889,74.77505663621446,17.423651809223298,2.267908182470575,17.011209314646393,14.508734000640027,31.886261853106724,18.715506321390276,19221.532122012613,141.02762393081292,270.99605167601084,1245.2175792956286,3446.7962562145,528.9403448388811,1544.443757091251,268.73775872834085,1790.28435532414,1387.591451824934,1045.7737798981198,3276.0565548782242,4580.902034832512,667.5689320579723,327.4415112643368,5017.587179773573,2354.420650774135,356.9597400807231,529.7534485718886,7368.516136850732,3615.4246916662996
152.96187277254683,223.53644136303996,13.495887705462453,22.51095283373968,7.6488143745272055,-0.3856836548356384,114.2687940067345,-46.581716708598876,59.207784260153005,1075.8184660859113,3555.8501651331453,253.3290984011818,33.019617665823304,269.62462872964727,36.07430807622289,Working_Constraints,Ingeniería,Desktop,Cable,2024-II,1182.280978377447,1521.6759844525122,78.3735159764814,10.323633623735299,4.702598925716208,10.60746883951178,2.378724747784168,26.23381998972166,19.946052426208446,29148.553835645995,288.16491426729294,242.31096494836993,5322.44497240926,1227.7589717244875,709.4319738298304,1754.6643316103698,7517.697789211058,1199.634738828328,1279.1569795600208,943.4396229082524,3772.1236681759524,1042.932398982723,597.6551576426302,352.8617757032009,2551.7226226325015,2676.0750768964317,-47.32808124806343,300.93817773540525,5136.149142603676,6346.560620381489
1314.9878383589985,704.7719784035595,17.0657042497058,36.0963989725502,12.108860707547302,35.43893983567231,167.31888586063928,344.89282341281887,94.66189949027908,214.22723370357932,1325.244533039343,307.96751607571235,63.914270763090244,165.6189581511634,25.71440099767564,Working_Constraints,Educación,Desktop,Móvil,2023-II,1165.9707122497664,869.2857087603027,6.759769749355186,7.020841819171568,9.485483438350865,21.002479588085812,15.878807801415235,43.364493119129214,23.563018832338532,52531.08240888244,630.32514561546,520.1625429456187,5252.976658100486,4579.380856178198,388.4571510696329,2289.1189116812275,5872.816703276388,6094.989409966662,1101.3616444279687,1051.0473985077833,5457.148560999323,2428.534327798432,459.9945112823537,466.79375011765745,3562.894545203484,5025.561414852545,462.0307122727605,310.7689255115273,5214.860585322121,4806.995925736173
1073.6900781079166,621.4465824105864,6.7095098859383295,34.26753855821734,3.0100451478627033,66.28656450697991,196.01671323365022,173.00123949162935,50.0235801169963,152.09649005538273,3457.615239707806,223.0025692610571,-4.3736753176533725,-68.90825327773999,42.86957272102082,Working_Constraints,Ingeniería,Desktop,Fibra,2025-I,1289.0414703674282,1387.0117468292892,143.283600608665,10.154334565381404,6.616381149184231,-4.619889871580662,3.7525544482605966,35.41833746211533,16.866098437783567,20357.74667607184,416.6183553680788,194.57017392952838,3207.615041020458,4747.883003883417,454.7627583956732,418.30706893635124,6246.262464693205,4441.299043526969,922.5330721348046,1143.3746382877646,5588.062179526612,3270.6596311931025,719.7125494705416,471.4839453484258,3091.284813047758,7167.9432876388,311.0221171606852,463.18865386748826,4555.091941263425,6085.432363513754
779.0675991372083,830.0156734131375,10.90802933815393,34.124329179402224,11.021996679049696,63.872290906604846,234.9166059663667,451.1253739625795,44.41405491480486,1602.9408341199082,3242.719799047063,103.79678079811549,98.8155482422915,-153.45612700798208,45.064898965167956,Working_Constraints,Educación,Tablet,Cable,2025-I,1216.0608444556053,1886.9663976365441,27.712264734756275,6.926732058883356,7.869739096486067,-4.614060227836849,8.07420506890432,37.76367165850958,18.513128347404905,69562.86454895351,694.682365816736,667.7668065737846,5929.303985333792,4219.216994354399,-63.06085518556597,909.3965997345882,3749.6161666006083,4193.6643136605035,1004.782443385771,1027.7295515507321,4812.69124874435,3023.17042810462,338.6067501988606,494.1789286694827,2380.2864160974605,4521.410214205824,849.033859649644,416.1456130333967,5195.332201347629,3072.9120334013496
970.1694127320811,526.0526958866246,15.716301187344985,32.66220506218507,2.0120442950266533,35.730040353346396,185.67737268285978,253.20752619349105,73.74580605173358,928.3969708711372,3277.3151412037314,136.14709401697854,69.05778411155481,254.35217959045065,44.515387345011504,Working_Constraints,Educación,Laptop,DSL,2024-II,1671.4331024154499,549.7535897658883,-9.134836216244175,26.7999677611103,9.548236828180809,-14.726466170492872,-23.77089720606446,36.338425890335444,22.25745038103617,56227.94010402019,488.94806042586265,855.1141655726801,4915.523577241847,3861.081841206026,409.3013630402661,1526.4705699842116,6913.610374860206,6158.605709039517,1668.572405885081,957.0246518122815,3368.2540706688824,1069.6654432045864,456.39062631543925,432.62675404072843,3147.5308859825846,2768.7325166237965,545.8811949217855,624.5379069168638,7581.61891708694,3284.0653522163484
877.1550577121797,821.0173667228537,17.034911614428,34.60346968155934,9.76056244932938,31.6621945589893,307.69513253743446,326.3280165544186,121.02676826961927,480.0105057696735,3225.147740063513,289.2490102155431,112.94215699227222,-162.71267590882042,45.69529806222989,Working_Constraints,Ingeniería,Laptop,Fibra,2025-I,1086.5680597933222,2113.095698011682,102.88328526198791,-4.065751850414675,5.950707261745845,26.480613943115145,24.20578182997022,44.722214694306935,33.378731172800514,22422.048086556355,708.8068652366994,642.7519128422786,7100.792539682594,3088.2289812317254,615.0790338895167,1710.6897509564228,3915.0800191537946,2902.351894523399,1418.4974770880074,1063.270852713619,5187.134465056297,2946.2834412325165,817.1889645621529,607.8469062469671,3215.026535862088,3523.2664441526367,682.3219976799256,339.5740577506559,4262.603403424342,5044.274792035455
1452.5481967498822,788.5148818019185,7.8451512485231,46.92452113302201,11.073729998643524,20.715680459279636,212.6531444573751,88.16136058236081,41.09549659992091,656.6253332702943,3301.1802218885873,219.70289228950972,95.58487838354606,-50.03983899809914,62.190204608153145,Working_Constraints,Empresariales,Laptop,Cable,2023-II,1876.862338115464,899.4525021331436,108.63650456854523,16.77387928105253,5.546676790593043,5.176995996165231,6.190646977946051,40.21644833790515,11.7617598760593,53891.18652668553,440.5534446515172,498.56447582621036,7436.4302893924405,4386.786528975171,390.59673072887347,837.8075586611685,4832.91950090773,4240.496247064718,1445.38105335265,1015.3087162715459,4931.181303775775,1371.1884335103719,988.9062471064017,630.129612483785,3998.6825269624806,5675.75582936452,444.60292512732883,245.9204415911653,2579.6001409857276,8267.973793124256
1768.7641628871204,628.4554618922798,6.172772045289164,30.856425124693438,0.13598801019643858,42.21988435842577,147.5220945213398,79.87007692566638,109.02535011982269,625.1031856876571,7480.024378265385,51.61412211059006,17.66212930453618,157.57269522795679,57.77493156185842,Working_Constraints,Educación,Laptop,Fibra,2024-II,1580.7428558023082,1270.3437220744433,103.0147441285948,-23.67184220073157,8.988064037019086,-3.5413972770332416,21.929361242379848,24.957672489983587,18.917380657026396,53756.62661292459,344.18542021409195,789.8313554205096,3236.8706866434923,5534.528732554929,892.1833338701838,1240.9325268594116,7880.336599083754,3677.912560169133,1253.5368048216064,1167.4780370234726,8047.506311524605,2632.261985586102,442.1643864099417,160.71624005537672,3503.691276118846,6743.9938686858595,279.0176469404706,277.0207162221709,6296.341827370118,7779.652591496135
1090.0615539916498,399.4406113357463,14.683847998997717,32.256293932403736,3.541719954964335,31.210094497414595,83.4184861888694,329.9597670740777,90.93108410041147,891.3052121971615,4772.714277629038,196.227769932011,110.00718449518239,301.0505865425455,33.62648022298471,Working_Constraints,Salud,Laptop,Cable,2023-II,1138.2584248214896,2287.668731275555,15.32205062462203,19.662860480042458,1.1407834037718274,15.013039546737225,10.286931353503217,44.37454389856676,2.4454647827756375,44881.63952300522,505.2742362432755,302.36767756613693,5466.978986803971,4267.743604909501,530.4983120689792,1401.1699430458684,9072.056215686229,7544.386996303812,1186.7639055452266,1520.2664022875895,4444.620526443861,2600.364060744999,480.79842638554567,48.99566639373887,2928.2997147593637,6304.954894525377,725.8940769252372,453.4626510577072,6262.697201553818,3711.201362881216
99.62074379010761,656.7268831775091,21.199694181194875,28.300572255053517,8.774836070041385,51.394716235631954,195.72500647670364,273.2628107376779,76.95464740215843,910.0922803714545,5305.803796670889,302.76916398335504,90.41671718905111,-34.59576372063881,59.424300536046545,Working_Constraints,Ingeniería,Desktop,DSL,2024-I,1215.6499659056785,1056.0970671792056,125.60828328330655,-2.503045694844104,5.676804693262352,25.810148695352396,15.152659716076199,54.02631352678229,8.53473483022,41726.14722886768,370.6311657155579,451.83417454592984,4499.619381755237,3306.8828955135123,674.6108985854269,1721.1532428517942,6320.240099679215,4994.480636382042,1667.233234048691,878.8877299978255,9168.524335174116,836.3956078287166,254.21322488304014,700.3972564296341,2306.051594271472,8804.863563854677,735.0637455000627,308.33704118361317,5346.046667283838,5359.8393615353625
785.9505246718269,427.1837589922384,15.543823966175417,25.328214913881364,18.742349329990525,54.23881481283556,89.89416776794376,247.87838757570515,102.33513431546663,314.7281964920604,552.9299612912587,225.75867515421785,56.65111003672907,117.49910689089948,82.38851014045532,Working_Constraints,Ingeniería,Smartphone,Fibra,2024-I,1283.8385788616667,1500.5399540335034,-1.5978570942437855,13.73896894315382,0.6447254572046947,-10.308415126331143,22.408396428093784,30.67560300957721,17.055418353255835,16517.235098685782,165.48479205358043,983.1849048785399,2948.0669969320543,-241.34512788935444,562.1946821608209,483.7201791391418,7829.367286079014,3735.812251157769,541.1442786380458,1139.6084644039324,5379.465485156044,1696.2654708664804,551.2010399298813,325.53628439889064,638.481811354307,255.59092225826043,644.4634828748781,381.7899402564393,2666.8164798855455,5365.507636084044
470.50752391641447,564.6017151739708,0.1306742327714705,38.482868911722335,7.5932213235052535,41.98605210719579,140.2916067053403,238.90257735591732,40.60209397642705,418.34870004278525,4225.243697771066,190.9052210732918,85.84520683502853,-149.97262725257832,46.38053220806337,Working_Constraints,Empresariales,Tablet,DSL,2024-II,1368.641765312256,1510.3825926473455,68.05747149257766,15.343068979290441,6.634110660260924,-0.1282841347581094,14.606355912308253,43.94559612162945,27.792329723994285,15525.84797139607,719.2413446485732,622.4713838711874,5940.44279443618,5234.495835048278,792.8753554980301,1417.1089454084636,10106.172079429205,4313.925062349731,1046.9825716502755,749.5770356333783,6954.792195512022,3385.9599100777223,457.51675145067566,107.22193565196062,4870.951569261444,6173.5081322403885,859.1994775475491,295.2326976962636,5832.656991689376,5673.514089342372
886.6769761981981,604.2890146620553,9.922784932543223,34.009289944922934,9.479485856777893,29.240037989204755,270.5701913434401,245.7736638844633,76.67556140653063,496.0851411040529,4521.74730977294,231.76042107551214,122.75581580716295,-265.15765407798415,26.050195315030887,Working_Constraints,Humanidades,Smartphone,DSL,2024-I,1086.8704884109113,1262.4553695054672,65.60551252639486,-6.939623531593199,4.277091921097954,14.12847295518673,13.655265440848563,24.66315762206067,27.173587900126623,27802.069285856032,358.4107404738478,691.2001743826489,6097.1484113750475,6436.072939816919,719.825830969006,921.3150045913144,4328.798447871191,4105.051646444465,1422.0611933672158,806.944135553365,5582.400449611899,1375.0058760235443,608.3289570491976,536.9451330126159,2262.3849483426206,6612.977656897016,596.4187533288107,573.605652309502,5567.047115006891,5821.720911585431
784.2938116298124,747.774278945493,14.126449867699932,37.20286669923472,12.448479162375788,31.18803382211212,331.9433802421938,266.8699174136607,50.11576524056785,442.90389423322455,5782.87369192217,310.3942588794111,85.7752346266128,-395.1064449318651,49.32288883409367,Working_Constraints,Educación,Desktop,Fibra,2024-II,1420.7927862264476,1941.5213814411259,63.24230537438932,13.798842053697474,3.444617636595766,-5.3359906833544315,45.13252314031294,29.585892859384117,24.76689286785787,66855.57269911113,220.15547856343534,617.3989274934968,6777.18683232619,2062.8272488774564,896.3753247894238,1186.532144888903,853.2320461301842,4077.2182149469168,1721.7652624445577,1119.486666433597,5840.3504513228945,3114.5256769960542,492.22769333240996,439.1218372737181,4248.524905576558,5930.072688768397,308.6206176270342,595.1768086448092,4474.76157032786,2970.7019198026974
1285.374972690583,605.4087190084056,9.545116776634268,19.062251241313845,8.726386734867983,-23.110755056827898,208.44491629244834,273.61617000097556,58.97515264070771,655.3573612597314,8038.120332039505,133.9278392865805,41.712697274173124,231.7749484032612,34.83469909159847,Working_Constraints,Salud,Tablet,Cable,2024-I,1498.9045744736213,1658.2133395007456,102.24599451943291,3.7825786824330403,7.044155258063641,-1.3141595653008302,-6.719894187402979,16.953828024723347,6.105895353299736,37643.45995939012,352.3742310871845,1007.2291728068034,5215.377136871276,5142.8891358810715,47.30374165810167,864.737009708218,3862.374906247166,4613.577104599957,1862.434074881411,947.1879277428607,3981.9461362413167,1398.635350790808,436.9731187427394,526.492723430877,1351.0303078938387,7234.549614310418,459.8694419558759,312.9553491697572,6154.103056906481,3908.722125939911
587.5610816475582,724.5323317265153,9.84413173777172,40.96790765406385,7.3217294713107135,56.96567685459672,29.48170535526532,230.20556717898322,90.78389858262732,193.68586383579662,4846.46060562206,303.60946703272157,32.678013478991865,245.58395269664817,60.78774603316854,Working_Constraints,Empresariales,Laptop,Fibra,2025-I,1120.9822039619298,1260.2098465813208,100.60420162451331,36.98249644441445,-1.637407320569239,1.9784945634588027,-3.7921119092477293,43.95874880305432,21.93833643530259,26950.928224397605,326.7139948788237,8.884244698129692,5751.060329084542,4747.774869934793,628.1572155929549,1470.491484344625,3529.858156736671,3101.5202985805436,1148.5796596355465,1019.3157808383712,4803.921585836815,1772.2112608062419,445.3084279554624,412.4083336333843,2415.093477602629,7734.71695201922,352.3165549369162,517.8435557021833,2991.0686061995584,3770.3474234699506
407.06899163572746,354.42505682496835,8.858643891319012,30.775549361948723,4.321294379401783,14.294022451723174,144.78154494640367,251.83804731783792,106.87132918202714,412.6012239606094,6496.586684875056,228.3563174119714,71.70954459009698,-61.049565413641204,37.875593864652096,Working_Constraints,Ingeniería,Smartphone,Móvil,2024-II,1449.552383716726,1228.7751745583632,56.85842655966937,24.443070102241702,3.5326848587392297,38.59143174230532,-11.462469526598598,39.33841691884948,8.778932661221976,76229.18431228047,610.7535911672373,623.7864821334803,7013.914583573467,6277.821628183179,548.6248887839467,334.39524201764766,4985.843074466878,6011.131266410015,1576.5544976653869,710.6050984719982,5086.168813252015,1947.9216937450142,329.2531980804187,155.33359986920965,3955.946073090691,8943.620008651062,761.4332543127344,303.7142645293517,6074.03984683169,3136.102262237609
1270.325313959807,538.0379661269901,12.706051168334776,26.860871489150924,4.261837526594922,71.08476256626925,198.11269731401583,281.69051968580635,91.82889572013326,219.61366015009605,4416.456565887032,167.80074570791595,94.47360543890039,428.55975860852425,39.27060811022331,Working_Constraints,Ingeniería,Laptop,Cable,2024-I,1377.329673750347,711.6288871544219,92.13679346780768,13.500211110772586,4.506121696737895,28.941049391619245,0.7058093535955354,49.09201783361301,23.75016751283708,31889.273152641377,266.2237106500652,600.9316064017913,6334.700954157361,3670.227996534499,173.60492071995174,874.0274389048495,4375.633082241323,3582.7187888930894,1480.9356050802617,1484.2377897086421,6643.864980077118,2619.5426831251702,158.38041650398094,552.7619284557953,4272.952348956808,3425.9453187187146,77.64554762668564,302.562560413431,1955.8999282446925,5761.856224152734
958.736053834016,781.3424429136589,7.288908627164348,33.284213038609295,1.1338037144976791,18.77680888775572,190.6637505519495,383.0995535948139,114.9034527115265,1084.664239815719,7959.798382459874,203.83353091277976,-36.92152731815478,275.47443692254296,54.12213417938675,Working_Constraints,Empresariales,Laptop,Cable,2024-I,1895.9960202919692,1680.8709606786595,-102.86950816320663,18.123309994455994,-4.193841542660321,18.34243688590052,-1.3968620810430288,62.57780133225301,11.254491453734186,59119.09016300233,445.5880658573035,405.74002107512496,1141.8083013362284,6833.0000665288735,527.433667193738,818.9417667846208,7840.33008682529,1059.7365895443422,1766.4201120290513,936.7691139197843,7401.710603765149,2599.66941265131,758.3049021763572,688.8874488570937,2969.248758776581,4934.898056874328,514.342870095295,309.91082588165165,5796.434710498282,2275.355618713701
1000.2845622586834,803.2479762425332,17.428659617293423,42.33636797463819,8.18149806906047,43.668848863471226,198.9339124296564,270.55366537681334,95.25599308332198,-80.18111445969828,2179.7513715835194,212.15422356148326,-0.8046748907232413,304.88970866947045,34.68090822844454,Working_Constraints,Empresariales,Laptop,Cable,2024-II,1788.8827889665658,1226.9917841048507,73.04065175255779,6.731181875543941,9.172146940981095,7.16220937962532,12.80745507324213,53.097422563021894,25.18130416891922,26944.22537229125,653.9469155915031,522.0320524503949,4361.972417244228,3947.4462344965123,347.410452980895,1154.1090920679424,7076.733288815172,3959.3603129630565,918.5946891817605,1386.9025524965741,5064.155239952579,2084.568865262798,789.9302731065469,208.6361026728458,3299.43738968034,5992.6244822483695,526.2558610405723,381.87952702455414,2917.756260470215,4762.515566784876
604.778475456573,785.5547560269129,15.323589892693604,39.36044883288722,12.512046287579357,22.104072812270203,139.49007066600637,343.0417739364668,126.800212535437,483.32794589478954,5416.3557092523,110.58848935249961,57.09262103207177,160.43440953263158,16.997881031451005,Working_Constraints,Empresariales,Smartphone,Cable,2024-I,926.9051516647844,498.9919719906579,56.345671448168446,9.741845782048328,1.6054652977222736,25.87980423015684,-5.473833340559121,54.74060910900023,20.62279415585164,49711.47513141396,455.28401742063255,581.6938046492367,8180.564118040893,3618.944495588463,705.5834605287156,1457.9429178621542,5861.771620527181,6155.111838177432,1045.462029578788,1309.5636239846856,2194.4441534245084,1917.6586551689556,590.8779766439867,625.8902086177588,3893.617960343892,5552.093660302368,714.9752654705476,429.39128858623116,8570.357424664286,3887.6583223337066
-349.4787565257566,637.3566939589738,7.383433243508571,37.836910988077946,8.54217657500191,59.51427915490298,215.2113738757593,235.23873730864926,96.96821524767954,516.1803716871229,5907.514601693438,202.09309008192162,42.296599126570584,-111.15597260194711,62.562128893467474,Working_Constraints,Humanidades,Smartphone,DSL,2024-I,1050.4605230505385,1216.5121911055135,-8.239628807992965,-0.28326544588633595,2.7372387514831726,28.162177526795027,1.3148874647443822,47.840451751406135,40.18812302539715,33338.26725621153,472.00485326382335,751.9683265922891,4473.637721966537,5678.493367500485,937.4060089792713,1077.3461201886203,4329.8105545645885,2021.298607313401,1172.5561725726743,565.5871994867201,8470.09309676863,3100.4425326645646,521.5958797290311,624.4074455362049,3708.3316907079443,5947.647449405771,452.351811639086,346.6274993123085,6489.504777090198,4295.816673149082
-189.30639405312138,753.3838450377885,16.50429249620418,27.40551986223245,8.852545766785507,41.47269369266185,195.63272328203928,114.98011775382307,110.5191363345421,345.552721788886,5020.85851252315,169.84985574485626,18.594304552495316,-38.78598895311916,39.09654598961246,Working_Constraints,Empresariales,Smartphone,Cable,2024-II,1832.4606830619873,1035.4668792848363,178.9216083668709,18.383929793698705,-3.8318838337615557,7.060399185394537,17.13724378224684,48.6596927751234,18.063947259823674,53945.417898178035,315.2407909177251,519.3745797092361,9166.107066265084,4074.2650814794733,257.33509429055187,825.9197831498986,7754.337248261703,5799.4449924993205,1446.233151348296,735.113966349091,8856.452908223548,2497.61919323934,507.55305700880024,426.45966094456423,2429.021386441302,4593.303856637882,557.9828503784352,536.7642252198052,2948.069246978799,7968.93581988842
580.4874495856404,571.7064331640021,19.442729563920317,33.51613086322183,7.498145883431566,19.91181882755103,170.15570168396567,127.96197439796272,61.584437438731825,1014.1615921677442,8035.903410502763,128.7964171151301,79.66427078205412,18.412014325643103,21.156132571815633,Working_Constraints,Empresariales,Desktop,Móvil,2024-I,1833.6252868245792,1456.1241050734732,67.9843933907458,-4.941071285686164,2.825451986841531,4.277261068952003,7.7842069140795385,66.12351380070992,16.881167330410797,32943.88961424719,402.2676678671923,679.9345413621428,2477.591542833508,1392.5711090431855,504.75838166909375,629.7964041863595,2540.2049250709665,2822.509030303981,1147.9445181394603,1460.9738001347491,7573.138273716314,2741.5079774857104,449.7143149309375,643.1689638351316,1486.2559209219319,3855.1333442591203,460.593874552156,180.1142473130194,3764.6927162098436,4439.641707697086
1647.4301499141427,669.3084403719045,7.164788596425771,44.920774576428784,0.7439141857559832,20.161795402216455,238.59304566096492,125.08018012395506,67.68802782290933,237.81875894097533,5043.49886153933,152.8133546400805,41.352091747749874,-422.1204221945607,21.576525405859037,Working_Constraints,Ingeniería,Laptop,Cable,2024-I,1525.5281122515407,804.6670071685146,226.35117433167358,27.149657914766596,5.403912288028083,7.88142491405768,2.490407969080892,48.31093267132164,12.30682310443801,89189.37677231236,333.89050791348234,720.4164341127945,4728.729298837051,3792.7464688634645,509.6355662732951,1352.682352241686,6485.620045070593,4583.299757809147,552.3822352152004,762.542793615017,5064.000025937899,3643.990292176971,406.0781493530847,648.5359069148612,3355.5160191548903,6231.233899538982,386.63935172325455,481.38938268004244,6724.7566020920285,5096.202474607922
393.51840769884427,520.1696964434897,-0.03276598516302087,38.874503259660685,1.4914339923745468,1.2005592466468897,172.06945109324437,50.33215247951773,69.61933736181847,604.9650495371196,7371.367232434097,182.94376723590182,76.82823501086231,222.62042941059704,62.29612155375506,Working_Constraints,Humanidades,Smartphone,Fibra,2024-I,1408.1697770823312,1209.9898284675487,78.81793564884984,-29.912915831730984,1.3730275844756172,23.025525885833368,15.721212315327936,38.55018634366098,16.231820583159156,74329.60211220627,258.6676912149551,570.1242565007885,3707.630536541399,4088.2813731315982,666.9530017063838,1494.659222757879,7610.907158471735,2901.589324420276,1968.6723512005078,1614.2109990228382,7650.026907109368,1815.6742802575407,833.9641040299359,569.2388181316494,3588.983955211351,4265.066070997154,473.9694059639894,479.5859739329912,6135.439773883026,4610.506543388887
931.7228811699885,477.8064803966892,3.1975116998085245,30.032984091595456,10.628878397450958,42.62856476186886,297.4446989035654,412.8183462834687,47.887406259262065,545.2978057014266,6305.569948289536,203.54916280058472,31.40586853603086,183.56758147794437,61.347569126589526,Working_Constraints,Educación,Tablet,Móvil,2024-I,1671.1432225156223,1340.6332700948137,153.30148940895552,-2.544920978751117,1.0067524119201772,28.29890233238238,15.13821487175655,42.80534430530115,9.821337049401647,28133.50447820376,477.03661431207934,701.7879827444019,5040.474921985293,1504.7578383121054,730.9151253450083,771.1719541400436,5336.381767484693,6536.508534225192,1472.4139794427142,719.2019382458042,5118.764464324907,1133.3525086203517,605.0357555550856,177.01139799911635,2356.036269132479,4539.120606453687,237.1414122555032,503.78460696981654,8299.939418127273,3184.7105522133634
944.2595608758725,739.6023351902035,10.99481677128109,31.110005572767125,8.867566648518292,-3.5308844661879775,51.62084452454849,236.60012323674346,85.86926831545586,1146.01658184905,6012.0453645394255,196.53567940215964,64.3029859600987,743.2423119492737,98.5929226129073,Working_Constraints,Humanidades,Smartphone,Cable,2024-I,1127.9915512660084,1366.5233459890396,105.4165164089588,36.47670660455637,-0.4255497748076824,6.35337345363703,3.6110280424176255,44.94832306510742,4.747196361196201,66232.60110284263,270.6832787206263,326.50101828726935,5323.013086767089,3735.3441692986776,690.0211172924659,747.1863440723122,6953.910925943518,3884.7871370630337,1088.434072474001,1711.8595279047395,5145.748677874419,3442.2435142351246,576.9766465622234,461.8019341260401,4176.896711088471,7667.769590242639,621.7154201620157,244.28911815119739,7267.107468510915,6469.647935738785
981.4651035087372,491.8478258706414,-1.1880006301693786,34.74486871495708,7.906952280586535,3.1373894352304887,131.43363078337342,342.24663107616516,87.9159844131277,356.0266740052272,4029.798218644558,290.3411223811433,20.619372635524766,-32.01748127281377,30.198211002593812,Working_Constraints,Salud,Laptop,Cable,2023-II,1559.5868558562072,899.6981884014137,133.80252784058632,-3.89369705089376,4.423518487681173,7.43125756278207,19.73380404589553,37.59283553187873,15.509546328805705,68702.27477900524,415.40240784673915,540.5364775395732,4016.23495950966,5782.3031399052925,580.1620005378508,1716.285591665856,4868.855162334054,2961.3868458044726,1589.7889189083064,1446.047779122698,5264.855472796221,2598.734117281308,845.9135262847992,817.5455259756515,3242.954990712852,6222.602864566417,1002.0831352164051,446.48170320566993,5016.89165384029,7223.3199515707165
1092.3606705282782,751.6059304604491,13.964264819303864,37.76156197763581,13.243717839458942,102.52296912113147,231.1888187918175,93.69864423979871,114.5487582319791,596.3210625729752,8390.067116076107,81.65606305657208,23.342483483734114,-304.56131421614856,50.806903609192055,Working_Constraints,Empresariales,Laptop,Móvil,2024-I,1131.476414744842,1208.6753967425034,35.71384951944072,-10.875361877191505,1.5345595665347234,19.85244466016721,-7.384779748653086,37.95719970061275,12.487969028280311,56980.047306820576,477.0329608135764,576.8338451485595,2759.2227868944005,5993.267232526028,183.9941362797058,385.58398471080784,1552.1614230395921,5906.124004781896,1382.3700038899694,1341.1262359583247,4198.830340684035,3053.495184535992,625.4295629194146,412.0296294876726,4008.128128234357,2622.890632245983,491.7678760900775,594.7019869592141,10062.22606380844,4388.374314092176
1804.347665560163,482.287157262033,15.914763760275807,30.356120810738627,10.415899552679054,71.10789551217766,322.91458399011276,112.60156428496735,64.42038381709708,719.9554435886986,4766.876938095031,138.5126766950258,75.87579665679017,416.245366139276,23.337112967445762,Working_Constraints,Empresariales,Smartphone,Fibra,2024-I,1421.8021421370343,1430.982586669351,99.84438975517982,55.05220258400789,7.768151085200271,-8.114475661872014,7.081984750488745,58.24706907187938,22.830320301168335,38270.883967317226,565.8516639358414,482.8551732287262,7232.297123525835,4404.289957175646,696.4637991927576,1000.5539027010294,7256.692623410387,5252.691024250094,1295.3888317783515,1258.82327913192,5940.694062460612,2769.787510374388,779.8219260842054,579.2878468245415,6360.439812013627,7175.551388047753,873.2815046204335,563.9599451875339,3590.7140695580465,6334.846126746634
320.0679068924343,488.64382880796325,23.885889268323197,36.41116534054444,8.363331785977941,46.4990957762286,158.42680433161382,186.61850519045964,56.79827858846589,1062.8043805632117,4854.789507119445,156.3675520389907,17.906475846464424,318.19536171359726,41.55381064673601,Working_Constraints,Ingeniería,Laptop,Fibra,2025-I,1137.4764200085415,647.984639643016,75.76056275867256,7.021582317699501,-0.43993355157415714,8.667107815974704,-9.851274790000645,49.42299817375913,29.39555210620121,22847.423275985755,331.9796789337749,293.891114911935,6405.931384601432,4663.98322400995,832.0305024561951,1399.6832246349409,2315.660091137558,5588.314873324889,1429.9285225720096,1485.4201660866702,3378.5121816285773,1276.322763896806,723.3262059716459,226.5088407079191,3438.3112691348924,7551.715234070343,533.3889012800049,347.3311365853225,9687.19264866044,7047.863866760046
-245.17134390705974,227.3619958763017,11.20116312772874,38.33630864077252,13.07815348505271,56.14628196811228,179.40467673183431,206.7569672383189,102.59038357099003,410.2489453111068,6401.406448233564,185.41752955292668,120.46307217136393,52.93158997136482,47.008135117944306,Working_Constraints,Empresariales,Smartphone,Fibra,2024-II,1248.8741756174509,946.631893468518,52.74953434280397,5.0078508546717035,9.962279678969,3.0958982749545063,-5.436206874505064,45.682005675861184,5.484964200089296,48158.114023771115,747.9266117689685,362.265949366181,6733.177584507438,3973.309734005118,498.28634028992354,1222.0725160197323,4248.923626937234,7055.8563966797865,1131.758984555886,1278.463041761062,6704.828166248004,2213.7208437904624,428.31249305417646,456.12447256770423,4774.784746884889,6758.87024501867,792.25597275718,472.54870021060225,5428.261675922007,4984.048444435126
926.7661518685293,526.7247691810702,10.8139346818256,41.24076392372108,4.832372419176128,31.456727637212225,224.55740771042167,275.67214842619677,79.81274771629421,510.8040564368832,8301.306670170183,304.9656546931107,-27.759349729395502,-56.69340094692484,32.330432720753464,Working_Constraints,Humanidades,Laptop,Cable,2024-II,1249.9360795271875,1547.922745552274,98.7448306231169,16.784662194029302,-10.028042558039312,-23.487651350536595,24.572110135874077,32.057514518322975,22.93359922150771,34141.470962887484,596.8823550652999,502.2411219667432,4383.360062457095,1624.5760125369743,674.2177667297592,1874.861421604669,2824.7220577148228,5241.91921811262,14.854928485926507,875.3564059694185,5582.073459060347,3468.8680281309653,216.09570553479068,467.1519686569599,6085.49216273415,4323.236301068046,625.8371238803333,305.6246773825103,6803.313558362928,4371.503554923436
759.3884493671464,582.1752595090736,16.898816557848875,25.477044438013312,10.700164474310395,31.262291856922353,214.1753179028098,215.49518338408794,77.65442925150279,715.1795189750885,-2392.446822168997,169.06121679615683,55.95844853572664,209.12356669907876,48.38320464371998,Working_Constraints,Ingeniería,Smartphone,DSL,2023-II,1367.6394570742987,1223.7360187057475,207.1443677046051,15.600642672016825,-0.9252420523243714,26.00158745865636,15.400553251677959,41.48202519612825,20.612559242472273,40364.63588816285,200.32557029148586,605.8882840242445,2066.580124936621,5595.077940784003,419.8306985476962,1763.9650265943917,4846.395260702786,6790.225124872827,1256.9231436065907,1337.3684601596424,4840.15082420877,2714.27875044404,274.2506766408417,294.3694725179754,3983.5654135676687,4091.222359892527,535.1264657614411,391.4460102768151,4445.543268255287,6486.8932403300705
463.49764956540736,724.5530112762189,11.99942806130925,45.481466731088624,10.748260593389062,57.99444703404378,142.40178602371807,196.1713935383685,81.64801978345704,338.7072706274729,1884.1631968798636,102.90154082399076,-14.686737075029285,-66.95281256931358,66.92864686060865,Working_Constraints,Ingeniería,Laptop,Móvil,2023-II,1287.2250372826707,1164.7032458667954,142.84760527848064,22.926008169934406,0.2882414846496716,12.728140142583712,13.296240858086007,48.63510515989599,19.420977427473353,40035.38955959546,321.24351168841883,649.0834364194471,7834.500445937147,5257.693361266276,898.4253143656512,1131.1409654862475,6607.590937107352,1757.5690934956483,970.9584620783064,1446.1142185969443,5490.445319032187,1923.3501239864604,645.0119744299107,376.6513007601402,3058.7983854411605,6356.562815271845,584.5343426780221,661.4837687754695,7520.33471408979,4370.456856630923
20.38449107934406,799.9835198484511,15.001004894166504,26.75365592600526,9.235627678203752,50.347566224154285,284.5223638130206,487.95389161489084,104.18681554877203,1123.3861573578429,4941.854808726337,138.54484680186934,132.43291171517,134.9438112970845,11.70983900652876,Working_Constraints,Educación,Tablet,Fibra,2024-II,1824.5738477684235,1885.035023639432,34.650585446036764,-2.5265257527323692,17.511231806183226,-2.840235290578418,15.474915084359179,37.319068508569266,12.05870598438709,82230.51607167491,378.0824550040187,879.9074852240249,5149.294489201647,4224.572632852445,906.1082784185131,1150.4307295737879,2425.7199344030987,6214.414367208371,1084.9158218537345,737.4654416624072,7182.593700729545,2000.122267549501,797.1433441694078,491.12669056016324,3741.6370345834107,2749.6582876885313,446.1852342698653,503.9400391159096,3229.266925688931,5619.57927515791
1204.9548926626085,286.762853482648,8.991986037626775,34.00203050258026,10.240407011322729,52.05818669328769,178.93677202380798,104.92692907806213,128.21098097101378,537.2772750419044,4839.828085621761,216.0703520757808,57.79564141767551,-15.642788853612533,16.07554752776592,Working_Constraints,Ingeniería,Laptop,DSL,2024-II,1797.8006709968279,562.1691053599309,108.58594438216359,11.53096637551682,4.3889553703635995,21.674144101376715,19.568498029490257,48.31191723277996,35.210306298612295,65429.70313589003,459.3471595725546,649.5213738663642,7475.339762097862,3709.8114372105647,833.8393631249664,1228.7030297935378,5982.585885857624,1403.346530766647,1442.8659485851567,1239.4870092579426,6665.760492654775,3590.548593251303,703.3221690921953,301.89421462740853,3606.968506478672,2389.2199921370166,513.7203656314329,451.73962436715806,4069.177711654719,7830.639242581967
-191.5530253144227,769.3303479255776,12.180682783343059,20.903362451463543,8.584161912752453,58.15777022006428,307.0558789505144,123.63570694972701,54.99569377327984,802.8885405310048,-403.8488588043974,343.96460188076503,62.5875804716643,63.63092998814324,55.65528695606991,Working_Constraints,Empresariales,Desktop,Móvil,2023-II,1606.3646850330665,1007.8774333910394,69.24301678850247,5.991079047520904,3.647491592552157,2.2876744494383576,4.719125228135979,0.14410345021132187,21.870149004183247,52051.503307953564,440.0587989707851,403.81968277481127,4704.47031181811,4077.747384573784,469.64591099401247,1048.8998587708065,3281.7990642132118,3690.655284419166,768.3234507680313,719.9876836540185,5528.168164658626,1911.3536877226163,54.50257694795346,531.9767649748418,4234.2478352627095,6022.883964339493,746.9306241082184,546.3683605794353,3247.9532674667007,1582.0206907974116
865.6040259882305,580.2526249721955,11.686840645836888,35.1357972682463,0.8475377965253434,68.24563867420787,334.4236713517157,226.7809978593893,99.99202427667073,520.4915517199528,1831.0466987755249,323.86700056081884,24.24567984545753,388.9756573130762,3.336551041784368,Working_Constraints,Empresariales,Laptop,Cable,2024-I,1473.2979400427962,629.6246454115324,182.2403317250813,19.92754941908062,2.833236792508494,-18.69486525325489,13.87660284188284,34.21100092546148,15.9025161958111,43068.485594019025,620.3572328367013,237.30093065884057,8813.929229150248,1830.636392478555,727.2750177130225,1628.5783472954079,5525.3122478940995,5627.332420432896,1198.3562387755615,671.1636853853287,7427.338011319771,1276.548459232358,404.0359962708793,901.2378084199622,4118.072743046589,8940.71670175769,510.15128518419,474.0046357221245,6690.98319018384,4834.489913092282
885.5348638351431,588.2186828130416,17.66757466615678,31.0234162087905,4.8877574585262415,58.92461229437198,282.82937722797703,189.05600077487063,117.78107458761929,360.23112970947545,3338.23236291655,216.65649579710887,124.00753651175087,110.22959280826996,19.76264560103575,Working_Constraints,Salud,Smartphone,Fibra,2024-I,1892.540721113431,1265.4617139276631,126.34268405434835,7.63981444582085,-5.008605192713285,16.207395725982156,16.004320131878803,50.22351466337729,15.620196160962323,69820.81634000823,377.1938920527414,446.2002307206628,6250.954126588052,3647.9954960444265,855.5690864315525,764.444074480494,2996.419702974418,2783.9084223596196,750.7450105757869,1435.614680526789,7837.665304690535,2336.3920336713754,896.7269246475239,419.13444215775854,4361.103672496336,5934.5655433706015,265.6041685285883,563.0089153203782,3908.5006384403737,5513.731920577995
1740.7513324775439,722.0473672991943,16.95455849603374,37.171020170138384,3.2045210286954444,28.098245217233995,243.04920444670262,146.90375767215642,53.54953028773079,508.1301454254267,9196.058398798621,192.7549872052166,23.725578521557416,108.21317787000767,25.378800556506512,Working_Constraints,Educación,Tablet,Cable,2024-II,1891.4840912673808,928.6234888331519,15.246807699534727,23.036332245092492,5.867099981370826,-8.807600673115687,-1.3467440598062859,17.691148410399368,12.582901140828895,26608.207869519963,286.48284542524436,438.20281494997147,6480.5483870343705,4636.253944417202,722.832545117655,1500.389728595503,5383.793401328804,3506.1294341060584,1371.3748173758777,1185.4012958111118,8615.553108439126,3692.2429074234133,675.1156191925993,674.754866559832,4578.984389837969,6013.448268769422,713.6047037224303,369.8205881817661,3394.855900050946,3553.684777683766
683.8963144015494,500.05274434053905,4.457935641746253,31.149370859685952,3.739922912117347,68.896452171029,252.54870200617407,199.3492458015291,34.7401776546578,467.66379741525986,4222.102110688932,297.1828610189623,116.95730541001998,221.64683818869128,51.68090472635953,Working_Constraints,Empresariales,Laptop,Móvil,2023-II,986.2927494737372,1489.9801474187268,201.47326857166524,3.401741009011319,7.719994225707564,1.881730921120373,2.4462624165455766,39.23860814523893,16.295134274056537,26083.16855893221,283.27494287807417,584.7252503941331,3711.846867749673,5223.508171528126,577.4509408011113,1436.4579815207874,3722.1407879663384,3518.412733317158,1063.833828864128,1678.0460109213132,5886.862724675552,3528.72518256236,396.7335235618701,855.0824455623896,5211.2592149795155,6951.257284632559,792.0529993751458,655.2605760008031,6721.713808288911,3917.0085491787895
210.24319914020674,455.31554546738676,11.341812960173334,30.829469431849894,9.168253646032822,65.04446805745386,245.810000916069,460.0224963115537,94.71548267338964,627.6690797893016,5129.935998724281,194.23518126405838,40.747620138705685,-364.08570098547796,69.9247186989905,Working_Constraints,Humanidades,Smartphone,Móvil,2024-II,1633.1293570631879,1337.3065775955718,10.052258345864683,13.052876279482444,1.1331012522534882,-0.5132286466855263,51.64423987005287,45.20139039779807,4.033037713469435,18872.904897828314,384.36505982236844,706.840973003089,5052.985732500842,5543.430661588452,1066.414460361781,1082.5797042286708,5442.36866528415,7897.78944898712,1285.877590478608,1140.0852330088667,9336.987486190315,3638.0881968779113,451.8349944488948,676.1790502407745,3120.8928803148774,4904.435617201155,593.2463816146983,312.14387818615876,5695.269951686865,4424.952011798111
272.15536975187433,620.4514310656065,5.087236353272894,25.24449649124494,0.858716900983806,25.37485559786994,147.51636297171225,341.3334568271139,81.42684875113945,613.125788052212,7701.891491767689,316.7346323432017,45.85653298249102,211.33070302483225,1.6575742933734467,Working_Constraints,Educación,Laptop,Cable,2024-II,1258.5621702806202,1048.8088249944196,106.70026124069956,28.721945582391438,8.779900824775243,25.342982101755045,-1.9188400915714716,34.81633405543077,16.489653813561368,53155.44075919806,157.00898267899913,581.2606330148636,3467.428416434972,4358.709316093004,250.6189199545429,1332.815079534849,7502.034306040074,5168.7215818742525,268.4026289836261,557.3331223087278,2416.6914872420157,2183.3230555168693,717.8290241735588,616.0370451785816,5933.170168636521,2899.145032749908,674.6763948395603,447.07559784972074,789.1587762008694,3207.5134014175787
868.9954020392086,714.4817259840501,12.348701453903026,32.542411063097376,5.8692741705965,62.591412246148636,227.67523314302213,198.43004410649206,109.08030716101196,750.2727763630323,2802.655145080259,192.64283307626076,170.73131288611734,-369.61768737675135,27.987710803776743,Working_Constraints,Humanidades,Laptop,Móvil,2025-I,1742.2241889194565,2369.868586716425,36.53308089424541,28.38860647291166,4.3142718321159865,7.060973387949312,32.21140667321546,38.83625408036456,14.111127072201045,58145.313617728774,385.65864847026734,532.1191589268359,6200.934502909104,4651.661262536599,561.0204564324932,858.1468847754542,4956.8420325584575,4453.811112288702,683.0595351036376,1217.1535019058433,6064.223052087429,2135.0926147690716,757.8775761600936,390.69561844858686,4170.327071284408,4275.500018959626,995.3268655945903,463.0018827874908,7447.494906448733,6763.287080111155
664.7816999435893,404.2953615769924,22.859291158408247,22.320510017975504,11.27123394617429,35.298337944224734,124.20006375566253,341.98764508167363,18.38656024139827,423.8106765596066,4286.975635105555,165.096760367032,39.34178655757934,-105.79438210273503,56.317359208914326,Working_Constraints,Ingeniería,Laptop,Fibra,2024-II,1727.9787045991911,2360.968516900149,-0.6776041549532934,10.290917178329437,9.289558089762407,-14.045877728433124,-3.435966148833143,47.135467960480206,17.171468814762235,43793.71563618175,395.51642997381884,314.6766090571415,2550.572070519551,2402.378595261779,382.49913628676023,1011.4885598208734,6564.201566121736,4734.5297776368525,1313.4312123607583,1037.6011081775493,4817.742960509132,2349.8105638320194,721.9574549455763,816.3656609760718,2871.8229642029773,2482.1808276471393,609.9179767357631,620.061659301232,6513.734019978061,5100.07937480896
517.319205634604,520.5896684916335,22.426417443748164,25.747639733192326,9.201190214365838,0.503635242007789,205.12693724449005,307.6314516576723,47.065202715175445,973.2752677265462,5913.043528194692,216.0263811514503,56.32742259810182,440.61302664574987,71.94579287831128,Working_Constraints,Ingeniería,Smartphone,Fibra,2024-I,1380.0534494106814,972.9277859906524,141.06122164284102,-4.540993699245643,4.546814798085884,16.742061201950882,-4.066553660826767,41.823706316282795,2.646543554354883,59620.728863388904,446.4328826042218,445.95578988023817,4835.361257661649,2458.386644295504,660.8592261268155,447.79498925826204,5479.251627316123,3867.179757530963,952.257615439102,964.547770589222,7955.618396647049,2623.8120731800036,569.7668818040211,575.6455572900804,5395.06320358501,5706.6330135827,792.2590902125586,397.5538514214269,7741.189786093503,4529.094252580867
22.953003251707003,482.1129982845753,3.235953099784851,28.69020159302366,13.83219014188696,36.048877515813146,186.5612855761516,243.3635487370003,87.26742785319509,324.4248131122142,2402.51830937218,140.02709375133833,118.5125683819447,220.20789637869575,23.50517400157226,Working_Constraints,Ingeniería,Laptop,Móvil,2024-II,1500.8937198554388,1224.8411084648158,44.709804739969954,8.714611025278671,0.6855091893262031,-26.93120304510168,23.73445270818749,63.45261621936628,5.603060831397357,57197.9282338665,81.15244692351044,489.4144102472706,3734.7910148437077,5842.400895823384,416.3967537581194,1163.553651173141,6439.271155639786,3292.93616797314,1630.4127128944028,933.5673585490714,5209.229871719007,1726.1430662342932,594.0888739833229,520.8424950838635,4963.348557264428,7121.352325843126,1044.4631229099841,421.2430679505135,8169.547799404194,6915.502170769227
733.9779649602983,753.9620110149383,20.108253642069986,26.100109547737127,9.314940835674557,41.51565236943693,187.4823988425626,108.82097458641664,104.63834215928924,480.9466743269479,4193.182406451596,157.21155639658076,100.74786887541842,-170.80619099707297,3.2658214269706747,Working_Constraints,Salud,Laptop,Fibra,2024-II,970.0316319333604,1291.1180353653244,59.31403922139546,7.127137976400489,4.739699321180173,13.05295025768169,2.3496762089445404,40.71815862487476,24.09290731838351,57537.34084313964,380.67603849461926,256.1864699889841,5683.335364184626,6252.2570691849905,517.176032613798,802.0380382251948,6631.30415284695,4497.617953350353,841.9707359026665,1251.6463085697515,7918.301876355408,1997.1234820983123,494.3795781781578,303.4318830474389,3177.0802959352304,5270.883104771924,727.7221361869554,293.6384091753475,7350.569275686516,2897.7161466057564
1188.1948270659775,742.8503047682211,12.40322961550591,32.75105533280405,9.283928384159605,42.92265895798376,216.3965966429684,156.04688196041138,42.903403311549255,429.5070956565114,4410.569770794305,136.66601784941182,-21.32032140768974,-54.19594820140375,47.24275447119358,Working_Constraints,Humanidades,Smartphone,Fibra,2024-II,1045.8858701760296,1788.3797560080807,22.24673671567166,7.932276662846563,-2.6398333562421032,11.174178516758792,14.776351410642086,28.276591151240552,17.853672443166836,67617.66859569038,810.1050834231407,460.0634363042543,4947.013035160928,4985.905903265313,329.8605405032477,1966.0420794758038,4340.523580407812,2603.931989276989,1518.6755433218416,965.4422359121893,4882.037403896904,3083.5149402147094,544.6908955969669,119.75921334944923,2322.2050711097445,4150.26491805874,653.3727943130067,744.3779366856702,7959.767000501525,5465.379902300892
557.9021826879314,942.9336099558202,25.251949310627005,40.48071968646778,3.154308218378116,53.084845859561696,102.99379847372818,386.72092105598944,89.31436056181353,348.5258634701682,5534.333265010858,226.27854746358202,38.402434343790155,202.7546284967326,21.327995824286432,Working_Constraints,Empresariales,Smartphone,Fibra,2024-II,1500.2858260996284,1757.4022102591534,-8.715234622184958,4.4966976299166905,2.9893051872911074,37.561599899088236,-5.800376378211491,44.21871816482622,28.07565845733539,45055.55157497181,373.4604566092089,817.8834482836265,6364.522280533696,4286.1336616515655,861.8856920240472,1378.328315535153,3480.863397301027,8105.466617985514,1191.363350060778,1372.920063943819,7778.572376043212,439.2661937258026,544.6750934893375,730.8622897271397,2436.155764696106,4869.0999234181945,721.2497208754912,231.42965373689458,9429.571362543888,3826.443116843062
21.091567696509173,457.06222953257,10.388160514570618,44.75854596017653,7.893408431578303,41.830897292230944,199.03412136133744,132.65330986363227,85.64794046175432,811.033691255499,6478.878229148157,245.50592694268084,104.58107495566681,398.2040886678723,59.421343267738166,Working_Constraints,Educación,Laptop,Cable,2025-I,1341.176915554584,673.5015257626537,121.88389733510576,14.17689259091262,-0.2676768449753877,-0.3878085037488366,22.638606420245228,69.4008975001509,16.048849414784122,73953.89505415133,384.2869400801082,926.6421016831314,2925.9783565298,5056.89427664821,359.50021677637534,2054.867638300572,3494.739264036995,4588.467239732858,1301.1613363908734,852.4426299775046,6005.4462347061235,3689.9662182732595,456.78105416351167,710.6453217625055,4513.111821275378,9072.254268979996,542.5842342544338,666.6861571908557,9047.062109088547,5754.70723061206
1770.4649649106223,706.8349879650249,20.802233461168644,26.445974247347017,4.043837003111123,2.278363749851497,236.55171715145798,322.7590846549141,82.58637763192743,655.8500753828157,6402.744294945014,222.3825406953001,49.15615909942973,198.19508441784296,39.74673880117459,Working_Constraints,Salud,Tablet,Cable,2023-II,1474.4674714374596,119.87670327331011,37.2020515796706,47.00750255714883,2.747207246670782,7.630836543251307,37.88451693648288,47.47118817243379,14.777494824045483,30771.561392462754,481.0531849334912,544.5524037275765,6893.190561196783,3338.4595687129045,869.4435165910423,1534.9395650584852,2149.0271246640727,2976.415746153448,942.0132985305377,448.0271207937685,3508.953964314574,1477.682043060802,964.4187258416232,374.400315028882,2847.8752680616276,10333.485370392522,826.3244859155036,325.93019751255315,4313.616630701059,7173.328892563371
356.5417371384542,586.7993616234999,17.16196175500276,29.425191983664135,8.219095546180949,26.546872986880626,269.5896595517845,240.6647427770755,84.36862843295219,982.8171609214295,4291.601916595095,352.65210875975436,23.57138278919256,33.90615326767029,53.03957003200709,Working_Constraints,Salud,Smartphone,Fibra,2023-II,1239.7431971247775,1311.2955494975572,105.84996131919573,55.37975822630216,2.0703475127704025,3.808404798982726,11.769155677612847,44.7723002987089,25.491226223432616,43845.81932976014,695.9618927045562,1065.7201129283576,8950.692738387104,8194.161748398576,497.90811835614204,1513.3399581456408,4537.213192176912,6109.567771925986,805.3010906328825,1200.7867572145606,3441.8790969644792,4329.029622542393,696.4306025500222,459.00580994647873,5011.907623167619,6167.521506582823,546.4420782972393,595.0066183068647,6644.213332068157,5906.390324966494
976.4060693425938,490.25833087285304,5.262178738341036,31.742164402594444,1.662712004911282,61.37071043679699,227.63545330081493,238.08275843036046,127.90381456466227,246.7259410089652,5392.861987358501,382.06504594904254,86.97244943987263,-360.54111764122933,23.526297133334833,Working_Constraints,Humanidades,Laptop,Móvil,2024-II,1328.0661021824292,1280.0267751690628,85.50426443820393,29.216397664394403,3.680031779654814,25.332812387794455,11.887924584681887,57.162200629977164,15.77612685786944,56208.02108343071,221.21679684566038,274.1288860266469,6981.10736045247,3376.037687364354,327.2873647144553,1175.320246159521,3534.221504583537,5086.950215483663,968.7473238156002,1084.781412339189,7897.762553130104,2295.8167208673303,601.3879814289007,325.233771731448,3672.4660999123016,7339.9414547252445,355.37668949850837,354.0384898775219,5766.96259211715,4153.118318179065
889.4032894719128,773.6495693268455,0.8121088151854838,38.73895462784778,5.25225140307329,77.59013794013119,220.91913405450907,214.16596521286075,53.55924571438571,1484.9773427742234,2415.8844139237967,358.9541384543467,83.28069567251393,16.863286542991432,52.01687762819512,Working_Constraints,Salud,Smartphone,Móvil,2024-I,1480.8517775402315,1412.4827532244897,-30.04284954187758,-6.201297075677141,1.4977873346081223,42.33976024507629,21.414274741083805,39.341756215621096,20.072904679684083,55398.52718386018,609.558700498575,926.8677368821075,5526.994556259788,3113.855018145237,699.5641337353342,1961.8188192573173,1891.4672757393332,5331.572210571352,1508.9476972232007,842.5393594796249,5994.916150038292,2134.486224101641,711.1494825752756,588.567067870706,4199.305671321255,8028.931396266596,512.4990870346375,522.4260136814926,7141.082379923296,8575.573201432433
778.0453432903547,817.3038797538253,9.807695972837102,28.624715822621706,10.637237112147108,36.56644310155686,252.79907924493781,339.1167437320555,95.94067178881143,793.9680363866969,2963.9064373030337,171.70557540642113,29.111079754172202,-34.23217814388889,57.76578087855891,Working_Constraints,Educación,Laptop,Fibra,2023-II,1886.004552834729,925.2444306622165,131.58185767899496,34.518500208098274,13.073102123931294,23.024502672838622,14.479872089481999,25.488336761325556,17.124748354490404,34480.48204088883,437.53695070990506,913.4691418195303,4176.073986403924,3851.631448972045,708.5604577608254,1691.8257769981133,4806.858431721996,2658.1886056847593,932.5898557885394,1141.749490005142,5360.805303104647,1303.8027116209748,570.742290965106,530.7411244393631,1966.8349639749072,3561.250946934574,239.75594485444083,195.71081140898923,9349.681457442013,6020.644893551727
-158.46520481116374,757.1353501663993,20.416536982845926,22.713175042626226,2.3276363508761406,42.279734334527646,246.68711976216775,427.68156245792295,108.01900662497684,708.5115913365624,6535.742258792976,146.417116292377,106.2024230617011,279.4370055287084,11.54463996899683,Working_Constraints,Ingeniería,Desktop,Fibra,2024-I,1038.8562643534199,1392.1321592544052,152.53101428548607,-3.605729568205465,11.898056853164382,-11.387546914410414,9.233887547110953,37.54290972806015,11.737118557550595,46073.44744106374,470.993831601669,411.5442120656614,3863.097567118641,3713.613667466794,455.85194377684957,1355.838218382146,4796.687297814697,3390.9894938779003,1304.067331072475,1181.3328294973594,3248.308416505857,2753.1984951125796,89.60346037185559,564.8522518711346,1607.5422872597646,9235.272504417024,383.34423299189257,363.9415187146345,3935.4801192695677,3416.7313233792856
542.4082277747734,692.0434191774469,15.152686460220583,43.09393306244897,1.5805007943168423,56.34474055785199,163.01588079767697,117.04043080391895,64.62819829637755,805.8814572462903,4500.213903743984,163.62721046094578,48.572989825881876,-71.56584982172348,49.612951382959594,Working_Constraints,Humanidades,Laptop,Cable,2024-II,936.6639687432908,1955.413481267626,68.77453237245945,10.101495872170727,6.6504605286523155,20.72835707289138,-5.442948484610703,57.54647875700379,17.431228051733733,46547.88853302534,130.26502662439555,392.5718861545814,6545.582648909893,6317.80725460153,923.4569565941412,1217.632656431994,6171.024117277684,3713.981846523906,1632.1450789600615,1149.1876481819172,5335.326084231193,2595.5246178018774,384.1940300571057,566.9494728004809,3973.5822494723197,5078.493472754725,561.5018017042111,401.1284425553454,5380.233490213335,4244.314378534035
