study_hours_wk,sleep_hours,lms_activity_rate,attendance_rate,assignments_on_time_rate,procrastination_index,self_efficacy,stress,internet_quality,part_time_job_hours,commute_min,social_support,screen_time_nonstudy_hr,extracurricular_hours,habit_consistency,cluster_label_true,major,primary_device,internet_type,cohort,age,credits_enrolled,year_of_study,lms_quiz_rate,lms_forum_rate,lms_resource_rate,lms_submission_rate,attendance_lecture,attendance_lab,student_id,grade_Matemáticas_prior_20,grade_Matemáticas_current_20,grade_Matemáticas_prior_pct,grade_Matemáticas_current_pct,grade_Programación_prior_20,grade_Programación_current_20,grade_Programación_prior_pct,grade_Programación_current_pct,grade_Comunicación_prior_20,grade_Comunicación_current_20,grade_Comunicación_prior_pct,grade_Comunicación_current_pct,grade_Estadística_prior_20,grade_Estadística_current_20,grade_Estadística_prior_pct,grade_Estadística_current_pct,grade_Ética_prior_20,grade_Ética_current_20,grade_Ética_prior_pct,grade_Ética_current_pct
84.95825575548088,62.52079363354045,7.199403774555859,2.8209053027797486,1.5256218029250654,-0.4965085755062283,29.08635524266577,13.069114435204545,10.190046814836906,37.57068106426756,171.76651975139342,30.051162574930782,3.737055288595702,5.5403520166994955,7.152797583522318,High_Achievers,Salud,Desktop,Cable,2024-II,73.29115146771973,108.7045554276481,9.391530278464236,1.1103476030097414,2.0238570135621936,0.6283633781795461,2.197810396817376,5.4744314317268,1.8574196238968725,16.80218278681516,147.2625655367613,165.99235795676566,209.8465795374858,616.1855619399171,149.84949506069503,116.49146108888006,953.7650945354068,497.63360908049583,104.25880245477026,177.31354634923292,498.0367847512192,380.89897925956234,124.4151389432964,164.5318219515555,1126.1268498923675,209.60297735773275,146.8915980099734,89.04252053527362,208.53187842696977,281.0953385836695
91.42377731973696,59.31459067584334,8.714355802352678,2.9403871021443826,0.9307437495218963,3.3331385548177956,26.913349208679,14.118717930358939,10.154512273355795,35.387667201992784,499.4120239475242,26.420336730741223,2.286448070060602,8.818923792627157,7.388876498766015,High_Achievers,Ingeniería,Tablet,Fibra,2024-I,65.71734408665536,86.06664169977603,18.17614392977275,0.8462937039397687,2.256311096842321,0.7037978092565751,0.8447861883515215,5.451761294591664,2.206202120492353,-339.71821853271217,126.99965348731594,147.6103272137555,197.94678372648656,538.7107364496044,149.90034233657755,119.37521196739759,875.5752221274166,419.65581671297167,98.07552617514085,159.4131112377005,560.6339283607327,334.55998605099876,124.93937611979783,148.28312193283043,959.0207899294312,254.42764567127665,143.2824507298585,92.24839326631466,227.61783351249304,331.71404146329604
102.75911140434403,60.20739492376397,7.405066479855743,2.6021913266141357,1.0350896446083842,2.667764205398955,26.15808876132023,16.40698301492269,10.554359433834218,-29.593268245658894,230.0251379995847,17.893841110480345,-1.0959681297008155,4.181079054533514,7.949461261988174,High_Achievers,Humanidades,Laptop,DSL,2024-I,65.81283905616404,79.51144282004812,25.483553322362233,1.3855652729516277,2.61944222256641,0.6034877129380177,1.3496560773895487,5.557058235396302,2.075195847749626,319.43870516235734,139.14127457603811,154.50323591959733,186.32696148166528,552.2587043900966,142.75154153407334,86.26809945927052,752.4761601306949,411.6573075497363,92.6685438462103,122.7169693351195,555.177270494773,334.1104768271688,97.67789703745348,125.14341292312606,717.600154489154,184.43545674418084,133.4598312235282,78.319512213689,232.0013001726146,294.9661408103747
124.05082545117392,48.70103565234862,7.451833487389985,2.851334224766945,1.1615033033181967,2.452002141388995,26.742206813199697,17.691485286177063,8.181979096217518,26.298804760237875,23.62236948329202,23.12649123371995,8.208809838815474,7.419507961703118,6.970810896496439,High_Achievers,Empresariales,Laptop,Fibra,2024-I,65.16829419550052,102.34193601561682,9.74973455092031,2.220657705045484,0.5046128698997369,0.278861363626187,0.85811486326294,6.912982486132362,1.2875322994749934,-1085.4554972784938,128.93919648139823,131.86514321586415,185.01540523679296,595.8464843686955,146.02397655605452,127.75499781912659,746.6930630484992,536.445645069699,93.32798430505024,167.23131685304705,501.19089428873673,335.61196704477493,116.16004200609164,186.908401911392,1004.6944055239162,200.1639862909486,137.85889035341253,95.41532356008443,214.23221159133126,301.8746993044214
79.93510334789117,63.75030024213721,6.669050259819854,2.49402209311201,1.668456711777981,2.385726780671001,23.206478394565547,17.355107086324185,10.799259001556454,34.06842108840969,202.08622985570906,21.272342828943927,3.3348466339765457,5.490715655714069,7.602551538884447,High_Achievers,Educación,Smartphone,Fibra,2024-I,64.936146740969,116.01594186305356,16.168951062016014,0.8963654913209796,1.5357790800847366,0.49859442353425554,3.3743225008610325,6.211731868198885,2.0033530531348136,996.01335059006,111.20773545784942,141.64898246882223,140.20232697000725,592.7369762005899,142.5732436889943,107.19292562838008,720.5497444410661,438.2628380755638,95.16406821307353,151.2805323400946,489.2861987810482,340.1790993977455,103.01256813974824,135.22547594107598,814.3774465676618,174.76470854336227,142.12713874009265,85.40011866393328,203.91357839048044,245.72982445618453
80.55766407354693,48.919555974098586,6.862547918280599,2.7732013410310574,2.1494052418320577,0.5851687049937362,33.01956751677056,16.102643378329855,10.827743493205068,9.573571136878712,98.31741631733237,28.56249248230438,27.111691066624886,5.147929399010098,7.256085603688484,High_Achievers,Ingeniería,Smartphone,Fibra,2024-I,72.32906991459743,121.33108586523888,27.85527370561256,0.8812859260142125,0.5232002973015282,0.553400051474916,2.7855631861617676,5.665352245769076,1.6303479652433455,-153.99363019929413,146.45589832072764,151.34050208471336,178.1940708212508,520.4996062221326,128.1067699712229,112.45967737646099,774.5171427499829,508.5297774201373,91.03178820727601,159.69726084065812,490.2248610142866,329.802648528078,99.24670578405426,146.86077392094222,1055.3911182778243,222.94617718311778,139.61354626948554,95.78608356328472,221.0964947551951,312.51747746229313
107.22168308953732,56.99800716872099,6.189491158746236,2.8954577032892352,0.8616509960535151,0.5395218239387187,21.325459037516843,11.178199985845135,8.999499312985218,-8.900834575854397,222.7809257938614,23.380337388691363,7.687955146701169,12.05099783886159,7.175732424033901,High_Achievers,Ingeniería,Laptop,DSL,2024-II,70.77460668579693,109.38492095433543,4.507448293746569,0.8928224887920824,1.0267364066011144,1.3039481343017,1.4231053434974155,6.065878662009192,2.016545695315004,-64.99316133390488,154.04351032862107,108.47909083741341,187.88097799802182,474.2592015586614,171.3401023213492,120.74846445034638,950.6261068327688,471.16938032640957,102.88512454655802,138.32855345107208,555.561515666746,292.5402554979898,106.61978329475515,154.85640475851642,831.2346495351454,212.87465597237875,138.41299468691793,88.0015065715296,201.99825838509514,291.3021701620898
91.11394945350224,56.209000860888274,6.670471891768241,2.790450964256572,1.3561159088406736,1.822507793704675,29.00340655024191,12.107007316172808,9.103174635437306,17.144218559901958,70.88483377926812,27.208238633476025,18.640040839503705,15.100619388691882,8.868493190045289,High_Achievers,Ingeniería,Laptop,Fibra,2024-II,69.8748134183012,77.17260504360924,21.832443369813895,0.8982801220871552,1.4815872681215876,1.6339892350623837,0.5288355161427725,6.2030581637790085,2.064094032855771,1466.884518413167,109.17282520171612,138.1156361324612,156.46022667472383,485.936910119571,137.36876146202613,110.8700455534356,836.1067515034512,454.2090552933055,104.71567532928526,147.47774707345692,597.9822520870321,337.9748189717437,106.88933543638055,163.09176395821711,950.7021686729681,200.28426006826,138.15713809582684,65.75594406495094,205.2341076393135,254.8092938862031
53.71220235516033,56.87644109820563,5.035425910476446,2.7342195679819437,1.265458494099253,2.8036946978691857,26.69669984654365,14.446965544661353,9.98191559440833,49.79749845870273,387.43623975116753,18.996574775646955,5.365387921123796,14.487145427445924,5.909541367343861,High_Achievers,Salud,Laptop,Fibra,2024-II,79.9867732434267,73.86694116311607,7.920070700139567,0.4883774724538903,2.0444191459494556,0.24332721113481046,1.5697746357122928,5.644533689927349,2.0866454757775665,-692.4023180166012,106.5209178007764,99.32537017854109,158.40593229336517,402.9388109515665,141.65134650416002,105.4324926738762,633.2949015876254,361.9954995308717,83.1260023144899,113.06811091241242,561.2169081704099,242.36452731886988,90.67966918372119,128.0984067979819,722.720191869908,199.464948968035,134.65509935302637,67.98668943940133,214.0416491004274,231.22168389806643
108.68271664861295,60.83162927549128,7.846458608146254,2.7978331390959617,0.9674433089634269,0.6718806109441898,24.952125542753834,15.846427930824142,9.767844953662516,27.908860877681786,57.297650219104696,26.834804671931998,12.003794991069448,9.933603293942323,7.757082075189754,High_Achievers,Educación,Laptop,Fibra,2024-I,59.75873483304308,75.62901335173467,10.127723153764995,1.4976860379086145,0.5369112579150801,0.9025425922719523,0.6130205430977744,6.016758377367816,1.8762124824111548,-520.7249878478713,135.11960923169792,128.34519163511663,206.20905958937072,545.3731977597555,149.1423347605689,130.77526239833844,837.6426245012582,581.9750268466937,89.6702354753836,159.2217599654894,489.33602245508416,269.9513894160761,89.27263605940969,126.83224946992868,915.3685243988846,170.15771998350368,161.31754489308474,94.04944995615234,232.72683454291646,281.3221283411625
92.10808940658286,61.11078936389529,6.561691441106159,2.683125448965398,0.9211452606941941,2.039944075434479,26.410319159656346,15.266218330698127,9.190572772034422,37.85174254033764,193.67376653494375,20.01694963650177,7.6345357898908635,11.868141621423757,7.420512420127543,High_Achievers,Salud,Tablet,DSL,2024-II,72.38830746445437,132.12868252205908,13.318173083310361,1.2366807179276218,0.5516036017794179,0.5260218041863013,1.3638751657137833,6.344565207419139,1.7243674030361076,790.102116784563,130.28039072421834,154.96632205820694,160.77113157741215,653.0322270412449,120.1110594535524,119.62329403948823,759.3061124920829,506.9062733160026,100.63582470121759,142.37948616028075,546.0075730308193,295.08981037168934,112.70013957029494,188.32179537097477,821.9375999715917,197.17512165989157,138.63294717929898,74.05589295465721,201.63821527630148,273.79613398942905
65.92983659218848,55.221776019649816,8.251044908835569,2.758587435312603,0.8669236555123259,1.8015578117263202,25.459151394495144,9.243795075855523,10.785129802120142,53.61522990872092,256.4376375582228,26.2680706411723,11.802959016019809,15.769185495178533,9.57726244480119,High_Achievers,Ingeniería,Laptop,Cable,2023-II,71.6724422889929,115.5530571145886,7.238728134747719,0.5959226289525574,0.9532514034635469,2.242558053655893,1.4394683000370334,5.595642110734025,2.230069737807007,-786.205234820369,114.19086055281518,111.56629536664153,170.46208140269326,506.7222007277295,148.0104817335028,103.1263779038675,758.5276156264194,511.2507007799449,96.2894838346495,144.7923474543635,643.9800403988994,354.51423567181735,109.09297946070915,157.06736162713307,1114.4040177981558,223.20140017102142,130.66814619497887,76.79809292613845,213.44867719055705,297.3297224253385
88.77886168893465,53.3687245784368,7.334697034336109,2.599867996123361,1.1370192429500472,2.799687052344741,28.289540603911497,17.314371566211385,8.805658252429511,9.123389078137418,369.55466389545376,24.059421717849805,26.137970904606192,16.684902583671878,8.839485323310996,High_Achievers,Ingeniería,Laptop,DSL,2024-I,77.97053079726531,82.17762483351213,3.352183469795586,2.0763798188618043,1.2438386170792817,-0.029926021662054852,1.2459711021123048,5.4209571822163936,1.3594379084159338,312.27051302779876,124.83221774240039,136.67363185130736,181.3772735275726,568.3813891491332,150.59823437764157,124.87857922698909,915.7328684698483,521.4773901756246,101.26210096397084,208.96544123429584,511.7065751250649,327.9066117919304,112.52012151081277,159.49126262606362,851.9782824182702,213.83068882835147,133.6105977341189,83.7864745410303,220.97148115142727,318.1572234871727
52.9623048553235,59.837192338211246,7.770793001092245,2.892481670386414,1.0646174583763837,3.3501918976110785,22.01002438596174,9.810953405616564,11.140465835249593,36.00471965921721,223.79105006861488,24.34723897153311,13.132088392971964,6.779738210315349,8.01446344543923,High_Achievers,Ingeniería,Desktop,Fibra,2024-II,72.73141509896664,131.25060317257908,13.82106024311532,0.36287648388604943,3.559766813100298,0.32426289455828217,0.6132559662347142,5.668032164632502,1.8809479899973107,-271.7868990080299,117.62673152108869,133.36027792548424,152.4995130104171,558.8193598461003,144.8953765638824,99.1839164610504,733.2081492960797,372.2625033436639,113.722462463218,140.68620886356322,579.594804518775,309.5545773077324,107.69746447603985,140.26698053451807,861.8243218717532,199.4132972567972,140.76506163948312,79.07633137775571,204.67941325556816,245.8793224971949
56.222033063349755,59.50811314966476,9.147691093439281,2.999924411567679,1.1461687998291523,0.3620371034040759,24.937679456712694,14.906556575027942,8.027849843250912,22.429465578714897,272.2852451366325,22.21671351650374,7.592782936878005,8.502019872013578,8.393862743336962,High_Achievers,Educación,Laptop,Fibra,2024-II,79.80025124067434,104.6891645302488,16.47194562887321,1.988427507925672,1.1291124333432454,0.2844329681330302,-0.026382468808080595,6.512979570878851,1.8964634586709428,-806.9642369874329,136.98420955798682,137.62659786773565,169.5208393977257,634.3632203953885,139.15848619331683,119.36909393221924,861.152052131911,562.0068260038283,108.07654465902029,138.0444798581525,536.042041479467,314.68400435320876,117.25075748858346,160.4407334708402,943.7260825419348,170.4068482494928,150.56344672868232,81.05592968614553,211.47610737592768,308.45475925243284
57.60408613145624,49.09035020746015,5.122640804415785,2.7550116559138655,1.888167603915268,3.1498351013771795,26.10875538266319,11.46733817019864,10.17242062861178,39.846897015849684,281.5886333150712,31.827812041941126,11.607883023580515,10.431414230684503,6.876716037237886,High_Achievers,Salud,Tablet,Cable,2024-I,76.73567191166461,124.67904196136631,32.326003946335916,0.3631109614875874,0.7166720213420891,0.6346515818038461,1.899615881057737,6.3800310090574435,1.8381313654338318,340.25477130530345,122.05928920081718,134.94599903615847,171.16087579125258,583.1374730522789,126.95414623401565,105.78171567579052,840.3538677816376,429.7307927834681,102.23125065525763,135.7735936129163,550.9631109980122,354.3689363897235,117.2199140030646,146.90577257197975,751.7051759766341,204.13700106185078,150.0618260782591,79.54401113982333,227.98320214401375,294.9644484891364
67.72065907757282,58.68749882652303,6.818690586404626,2.6263526032682876,0.854479181656049,2.138835846518906,22.1359851780006,18.690591184654366,11.285236448979703,29.371116266394424,231.18519328963248,28.752048010027163,12.57439407884784,10.343490533426307,8.548533335828289,High_Achievers,Educación,Smartphone,Móvil,2024-II,72.15516266932735,60.22472824530265,22.698296795331007,1.4672713923233736,0.19125410455572303,0.8519808338519984,0.6015518422693646,5.9846305590749,2.280977950683497,359.64235605375603,136.17685609441185,133.79399671598668,179.86619426570934,494.0165091619729,164.92174476132968,125.36399182198205,840.8867024154184,501.585972001324,90.46985747189413,153.54885206488837,549.1356320835882,267.21579112106673,118.08486209928179,139.93671725164552,875.9114524066584,183.00209394923846,150.33579513958256,91.54988230797608,242.6468225524954,369.20748855063425
101.3211210092343,51.04620341217434,7.688735796117599,2.886796302823804,0.7754655635973298,2.1852336726531103,23.41567718376552,18.265090680582514,9.24066090336336,65.34793848594472,152.7699763695174,29.15076011893624,10.1385442080222,0.907726190888629,6.115902746647954,High_Achievers,Empresariales,Laptop,Fibra,2025-I,71.70626248687518,55.0977833808092,17.856025110741363,1.0883452104989018,0.5297899593181468,1.316802175320457,2.032897229098798,6.063667186520859,1.674883631923316,67.25169038964862,138.19673258586172,154.09280533762214,190.2142674791822,508.09006507962,136.15451257154723,103.03476012185887,660.3375482867182,413.77774581795717,104.36534943127555,167.86207642433993,537.7615247942531,350.6581041283202,92.19307140866073,140.39666156185143,785.0497937009358,210.55776174779447,123.79595619628273,83.6608145479815,242.70713741931064,361.6440636099107
104.91533731151044,60.68874837343593,5.625399393310447,2.8305464466458603,1.0199707448178554,3.286564523683643,27.869130174442603,14.47862702289746,8.127405339144314,17.333929282639374,281.61773652216783,28.163407921434988,17.175055115930476,11.91889424876527,8.394861438759566,High_Achievers,Ingeniería,Tablet,Fibra,2024-II,74.25560377159974,87.43116576914525,18.414387855642318,1.1968726759463468,1.1985043284200592,0.25997810470407556,1.9097888462492543,5.2022954060577,2.3585290447348606,1174.2967880303015,113.48862347929473,122.56933771208735,167.00885931047384,466.43089219065115,142.6282342404422,93.76769696946936,873.4754845977843,473.4057250033908,103.38701423566965,161.88583959371854,492.39107072295616,289.18571875054795,121.21713341780952,146.5549332829615,939.9631272986774,234.21203766616028,145.03614318526814,76.67733312916879,181.89451962293353,313.3016455424976
73.16876469705942,60.799128159889605,8.301502874577405,2.606714662020643,1.1836158774755723,3.529945204531877,31.263730690519797,17.810351811279396,8.964291022735694,11.071595308480209,-7.301063478676767,26.028305536196477,12.344886316004589,21.44672561726021,7.607571818320942,High_Achievers,Ingeniería,Laptop,Fibra,2024-II,68.71518964608128,77.91184953711587,21.972100897083067,1.3500913408537163,1.2133512103425075,0.9887726092302935,1.3379148439906392,7.217865476986435,1.5117312245413608,-337.7773558261206,124.27638851401689,121.3074440682858,163.28961197423894,543.2267960564845,123.7657831328667,82.7297400769432,642.7203579994438,351.67806141987654,113.9619116380578,150.5037282923115,615.7237370973223,339.9384525821837,84.64415684587597,146.3603981970276,718.5593540446848,202.91228828470733,151.05656200415274,81.10154479386753,232.76249663889527,311.43324692820585
113.2676356057359,50.457065307875816,7.9380730241995305,2.9780913500686874,0.8252496617125474,3.4234923805011706,25.687044692631336,13.208752647072057,10.708678707716828,17.055505858349953,129.34894711234352,22.79798726539301,19.50546601339378,8.006966921351205,8.566377015257352,High_Achievers,Educación,Laptop,Cable,2025-I,74.46202600439175,113.71888890547237,22.043433331275747,1.9966874281309936,0.2916575239761429,0.2940787001046112,0.40595477161068344,5.502308921781151,2.323417991041543,540.0111257159906,107.69842306160234,124.24459130700113,162.44452063332525,485.69220193160857,117.31614165058707,143.81623119250165,766.4130772141583,481.3072542531345,94.89815779038506,146.35689754678853,505.02701330685017,361.1900351413784,137.0028458780867,148.07635862886596,894.1160973930565,198.5978440769236,151.99096542180612,88.00406358679639,241.1875334295151,342.31981267455217
80.79172123944298,59.045717922867624,7.353829281689665,2.5786565219683157,1.3477505631139253,2.05400600769589,25.077733648304935,12.0780463209255,10.666374307446333,4.131790079685651,289.4563059285333,32.835200165637005,23.087739519073413,4.9342292247417685,8.161075309814525,High_Achievers,Educación,Laptop,Fibra,2024-II,73.09396909914526,64.2100736934388,9.42020522358018,0.9927831010343484,0.8917228466411042,0.7246984477398987,2.49530078030256,5.3150990910218585,2.6279248964528077,255.96583641549245,134.02097830918012,148.35702282497542,203.39902461418953,532.0042355362923,161.47758334514666,111.39630693891138,717.9461141369384,456.23185899697955,116.30885493499906,159.29526760908257,643.9065440012087,287.09346218989276,111.5984310118567,158.97370090136263,871.7383474078451,181.7707280717721,116.55881832373191,77.01422274342855,213.32909995971946,238.87061442060252
84.24055228143986,54.53398351180485,7.652877656176279,2.9756261424304205,1.2454645631887253,2.363393884331625,26.152037535339627,11.898195367438188,11.666116104229607,35.8896174558134,182.8253999670639,33.79853442063212,14.591924584205087,12.365215082319486,8.013819954498528,High_Achievers,Salud,Laptop,DSL,2024-II,71.34770475514978,141.77992721271502,24.629488677628025,1.3115149784204287,0.8263326666790967,2.1235468518763883,0.8219882864572768,5.956055775180695,2.2852932715344854,603.4028946125867,138.9793419439752,143.36015927399563,184.45296184228894,549.9563447917704,152.89426584642013,135.1674358895341,875.9538272160096,548.5747222664637,100.6514564402464,181.98548597672763,607.4978884596511,317.5523755843058,121.08586999363683,149.00784394097562,816.8102417799081,202.7022148290733,135.89958047346488,83.8659722818891,209.0129684831003,267.6734144376557
79.16207735383972,53.08424140888657,9.291592082220495,3.077140466719438,0.7901296594280407,1.2172332286941807,29.329557220874893,16.247228288670154,8.625016390100146,-6.005058776132731,96.49631341790163,25.258873278729865,18.415240331466016,14.95896372617848,5.386721143151013,High_Achievers,Ingeniería,Laptop,Fibra,2023-II,81.07848681826701,108.97370172387173,15.168609908785047,0.8254317868636003,0.5099925982932129,2.7198274517235137,2.4298110974814353,7.263482142012062,1.3456058924953673,-180.30357740999395,109.58705786882794,136.4736100564174,186.55876772404332,664.5375664955023,162.35184233009213,129.4483088140426,879.0454941037444,573.4315631676768,94.57353838381701,170.29104769799397,597.118739607148,381.5739496698682,114.35467432158491,156.46004235954638,877.6407476238844,210.9431660734624,124.62491916748455,79.13206230105136,178.8429443385258,249.9556060757339
85.02516942161432,56.4808798601126,6.429086092140878,2.548979031468256,1.7212054143250375,1.127779704682884,28.631515201282777,18.507053844753237,11.128857380032771,58.79784448272755,178.6551236435596,23.95875265918366,20.339563422505865,17.589297273985707,6.77222745671325,High_Achievers,Ingeniería,Laptop,Fibra,2024-I,70.3369537877538,128.0309787668218,10.586744880228014,0.5703475380618568,-0.1810615053276119,1.7265788332398373,2.165552681415327,5.1984601367107315,2.3214866359262265,-646.497366091782,85.39754556115781,113.3700100391076,139.63792671136449,433.3895808516925,151.12193873480516,103.88098338243498,786.4638566610643,348.26803834352336,96.70835063249439,134.82666683946755,524.8577216227063,312.5211636880517,76.71915114296586,135.44510504408558,623.1066349395558,202.9417263676968,150.3549148386942,79.32654615505052,243.29910206484917,295.1923548063698
84.49658895877842,60.047227717132095,7.335883864424893,2.6626395270835608,0.8940551115674215,-0.3991863052402116,27.36567416919448,16.715675935428187,10.637550632361124,42.34072080915037,419.0733881329345,26.598394324432352,5.300633209212936,4.6803446812184655,8.256728754909123,High_Achievers,Salud,Smartphone,Fibra,2024-II,67.28640456563066,82.68389064033464,18.90883397228613,0.9570158228910913,0.6191380965495856,0.7142699118416145,1.1175247462014346,5.628299834017523,1.8531166624170219,-267.8559458487995,95.26061370329413,129.6339212454998,156.41178359899519,588.6195553900392,140.3977470875618,106.45940015287513,900.5454041592293,428.91277412877884,104.25227700436757,130.47272023501333,559.9579378642784,374.9071150693162,104.52677383787923,165.96063304312474,940.8143511883653,195.74078819419572,160.86731843902027,97.00065407332502,224.63994532353996,306.63975263750797
61.269874032156096,67.32593901351473,6.40296805082814,2.7974602907515997,1.0082148840221092,3.149408045056254,29.829107698021744,14.995713611389458,7.225604767091217,9.171974814496238,234.57328499501236,23.110291747780366,3.009949496632199,15.359844365964124,7.4137140403748365,High_Achievers,Ingeniería,Tablet,Cable,2024-II,59.42080224728635,104.00101495663088,17.37839404073563,1.488768489328828,0.612436806558561,0.4721025930135472,1.191400830696967,5.420731396934543,2.207225096362396,65.73530390668395,139.29814520081246,129.74294733748098,172.7487464067078,543.1592509073688,134.04686345426506,113.59851839903111,802.2864691341915,406.93216921444576,91.513884570218,150.54173183445874,445.2368015067111,288.23112222915796,101.57573600823851,137.97669761498696,957.9455324834455,191.22888892275222,133.5317530792119,75.82242352377176,195.11380024928275,300.37115869283065
93.75814027330378,51.56325670481651,7.370453094594672,2.7380548433321876,3.1584316600848483,0.26430372034640304,32.79019557021906,15.963693709289334,9.38895514028351,52.11421737270468,161.3483189055487,25.667224976222705,12.711136098028751,11.887729134491083,8.645139740755113,High_Achievers,Ingeniería,Smartphone,Cable,2024-I,75.77251610587287,100.79587342606307,17.895358941650976,0.4770767073924283,0.17609682627685447,0.559676416827237,3.978961008936737,5.562135068137935,2.7902468422230875,466.7970284210145,129.74489330153267,139.48797813346332,180.32404268824743,582.1021360591561,175.8945123503284,124.44603351043479,852.6336152245004,465.55150093120386,105.26442557550438,175.4765744654743,556.1946476000535,322.7429248859656,102.43049434876087,139.75643252009255,843.9815919341074,145.27227549646483,156.83484189930488,91.9342847723803,252.27835987217247,287.26669352067603
74.96946480963612,62.00474077811527,6.27226263245335,3.1075861908843745,1.3398153491646585,1.9804735400966416,25.28990499056778,11.088641885153466,8.134755535629962,59.47912891338562,300.86989128552256,25.07645614843682,22.714456037581748,8.044412018309641,7.253151981360836,High_Achievers,Salud,Desktop,Fibra,2025-I,65.71979926662512,129.1017278582342,23.284296357201335,0.9598908482188792,1.073730806508593,0.7724655695818384,2.6775874622393565,5.773107073830439,1.8905917072708354,116.38293063846746,118.42682876057484,141.19353515428517,183.2024861952174,497.4087204107939,137.73526321483945,138.9055403311347,820.2973420722666,467.07754172479474,108.81486013752756,149.7155149909205,592.6318786730054,335.66953818235817,107.05508847429722,133.36520334510703,708.3043689206337,188.44990964620243,160.64269635824928,92.98985546087776,193.76666373674735,312.63109455208775
85.49983888965099,54.752819870027885,6.710698290188448,2.806961699014279,1.1808021566431457,2.088221566581687,28.653564672276257,12.751484947500485,9.32619287938163,54.782971063685025,104.23535688441694,18.046797744945284,9.10478099954142,9.911694717551697,6.130040125035427,High_Achievers,Ingeniería,Laptop,Móvil,2024-I,66.34030124591678,94.31715825308292,21.65823030005638,0.562067711702281,0.7303801035792149,0.7240785825366128,2.291174682635104,6.8293184892102685,1.8984988604674355,225.62119153272124,129.3733301684432,132.3550482608058,161.32231189569052,512.4984100588331,146.13372513533685,109.4750625691878,852.6285242301313,433.30232813275376,98.46775802089769,165.67893534038396,489.3556305405594,308.6044253655336,106.28165264486924,134.00562636115515,850.9107913486997,166.6690179378717,153.29680478452968,92.60184355388988,236.38029637106894,303.72574301811113
78.35164071703747,54.20161360759355,7.43965116419038,2.707744103300292,0.9460134121601952,0.5874685221328366,28.142133574157334,18.971926055272526,10.343249126819341,10.845811291103168,-3.3057493787856274,20.52282409944516,5.580797784001752,14.516280965792058,7.181273810249407,High_Achievers,Ingeniería,Laptop,Fibra,2024-II,84.29329060933343,125.91822757154777,19.082390604190106,0.34610524690045535,3.7174956781501614,0.23607260558039495,1.9962569116120952,7.476508771556043,1.3811295566139112,1035.3284422927618,129.34707459197196,153.72962875293888,196.63811545242743,596.6501349873458,108.17653230522959,119.32463432182345,801.8227723934422,444.47788515897406,97.07593474415482,145.56664338658229,555.5611203888068,331.19037458790035,79.21239602763444,145.53753238616795,748.4375400239297,198.51952350927283,146.5431156222327,71.80464128532314,194.94599160909814,264.1023259596973
122.04690120489653,63.66608542152643,6.244450996238908,2.7344053300967355,2.6281856011133677,2.2662744900858756,26.222200702161544,15.94128792871789,9.058406567908742,8.818356275852453,132.1336282101212,26.299134882366573,6.149437461527828,13.160365893463945,7.823687809386447,High_Achievers,Humanidades,Laptop,Cable,2024-I,67.17218033352547,130.52410045141622,5.97168600515704,0.4323061291325606,0.8607326226932973,0.18816656367918877,2.9672952676086246,6.546692915265921,1.239804187843319,105.31871839087478,139.37258201721562,147.8282868089742,196.0704415201973,563.7263877104613,165.14589510667602,126.1095218231462,836.7019406303318,525.184119573717,110.8344764553248,177.29415462162615,540.3627501599138,320.2269490628762,105.2976294907623,154.65656967027004,856.1183141494304,188.57042877861508,136.4340955887741,75.63753986833436,199.61832395812846,262.9762388895605
75.59889201398994,61.65742598242791,6.9580067532691645,2.480853126720601,1.7166612982679437,3.0142984157722177,23.966270901225826,22.030243355367176,9.152568808303418,61.8680801889749,373.30947274881356,21.95196620291884,9.275128001883532,6.579477364590201,7.079928427916208,High_Achievers,Empresariales,Laptop,Cable,2024-I,70.96504801883499,95.89261769738026,36.39461338161318,1.2983852950679624,1.357267796058838,0.7142816023603209,2.488136973465766,5.173397327526424,2.3787922241210215,-162.14163898726787,121.43237174613397,127.3385737842369,167.4805151728113,480.49165387008935,107.19944887174259,127.89563268228692,591.4239706132112,386.5965859349201,101.10391717447062,145.8942351106099,604.077289670457,338.47754652055477,101.92048857595563,162.18110472827524,880.2481243867145,217.20606267826173,128.76166697250727,82.37440666990635,206.8720878096914,301.53010123422257
86.27837252326245,53.550654287285596,7.34340596122192,2.663421210051249,1.3391272195813988,1.0635602416430356,29.648950711109503,11.873560658353629,10.681837591623658,-12.357056213966992,237.77209222294601,20.262185503743293,14.230932441607443,12.800135087062474,7.374436169483935,High_Achievers,Humanidades,Tablet,Fibra,2024-II,84.2085542845607,106.21973572820264,2.5406420627924575,-0.03080832551316441,0.8754139436263819,1.987730116343192,1.9497834645049905,4.898819596577672,2.157553446361266,360.59639119756184,121.7247428435803,153.1471964470955,163.11100200087645,533.9433569301784,160.16159297438875,123.3277869513988,845.8258005191294,456.89663403772187,94.25200131487091,142.39960923920498,572.673797695098,269.3382297293368,119.97556803847263,153.95502244462787,886.5073576789562,209.0116033945722,152.96246297502688,74.22456270302156,222.50486243175595,294.9250467662914
133.29925367864888,66.69563509601765,8.37146999253912,2.839541499511446,1.0298931038771313,1.9613554696262945,19.745868633990593,13.175978589594994,8.18207312518945,7.8678799567910245,182.54052510355424,22.840035486295154,25.350479545183358,7.836423795131233,8.545324562489185,High_Achievers,Salud,Laptop,DSL,2024-I,57.68454162581527,58.88193506939822,11.871578091614719,1.063469063034237,2.2299188298458716,0.12474327478064615,1.3327971957129385,5.381906898228097,1.9793713736633667,-786.2495766103871,140.86212748512352,118.82969265235518,203.04628555184797,497.2961190845791,140.12440710076544,96.77597800334718,797.3541429923268,405.5917097313537,103.94598239780228,149.58661573106835,486.5664767198539,333.96095095211325,115.32660900711534,150.24315449112342,939.1096053337473,181.50164010974783,130.15609144806825,97.73048303087887,224.40865123950732,311.7743970043972
84.96868038483595,60.83768445441375,6.167022018895388,2.875875284251964,1.2433104939925048,2.0795339176897767,26.054074314833706,16.93928163317704,10.281428970607625,-2.093481750096444,129.5391731026457,28.411896911602923,2.9936592804792235,13.965802447576218,7.142264137135139,High_Achievers,Empresariales,Laptop,DSL,2023-II,69.55266408055599,128.43145542180218,14.842024929014508,0.261306975080534,1.8901565456750455,1.48140142302421,1.1333056186104384,7.409121554960998,1.543888107007242,-783.6972056663359,138.94381345658667,133.56792155473508,170.13148333094472,557.7207220565895,126.12893629164417,126.96166062719972,657.8524887271931,496.94648822947636,99.41860515148718,154.00240126989257,522.5268195279615,286.62175829801384,100.53880778118238,135.29052308423962,812.6777332670616,182.99559137670857,147.3949277380451,83.88741279053419,226.34620219938262,271.181526710979
95.50682232547933,56.42316286711571,6.413208169683122,2.7283482885388435,1.3372813246752433,1.6557865667198284,29.07666551610413,15.865001628072461,11.027907386557652,31.146016032315757,362.4009165308172,27.5611974531315,20.372646387565027,9.20710752454889,8.315467503584825,High_Achievers,Ingeniería,Laptop,Fibra,2024-I,67.90042896891664,147.24986836848478,27.70849099396897,0.40933051421029126,3.3800403447632585,0.395118107837815,2.4820152417723165,5.7736765956709295,1.8696433275605144,65.18762359082389,127.35373690196907,130.0642490678097,180.00038212237087,438.8181687169545,147.05363112388875,129.23278534988137,825.2923586039201,461.4159641629489,102.07601491645839,154.3990396080029,465.62171673102284,279.97938425571317,108.37608426407355,135.0501284181605,847.7017932938727,203.79336940236956,168.57306689986498,65.774453086555,211.31752539862953,278.42264126417996
70.41045825643961,55.85909427392531,7.473826235600009,2.7584654207791215,0.8549726423358512,2.733499995072141,23.604861833458344,11.301315912162602,8.350790117677189,25.45085626846831,359.0915946596846,22.34048890439473,21.71300236653932,9.32089772583276,7.992466765083795,High_Achievers,Empresariales,Laptop,Cable,2024-I,54.46896727541346,79.50037726102852,4.0462975250171205,2.1519314585825904,0.3183195082545804,0.19965700610816323,0.41483458678332186,5.873672995904198,1.9668604787375097,-357.3917998142276,117.70131490451136,139.91017916415515,169.83994791787987,539.5076671424022,144.67275990043618,109.64682651142645,815.6245467422526,437.4535748223333,98.73433859727301,117.67441045082955,493.5191767856122,299.61033408499026,82.42577733516458,109.83055364808456,811.4294942003198,180.7936559512175,154.30642889536017,81.46272541816892,200.23294235828416,205.09164417147312
58.753209172031845,58.935328328170975,6.743770450363602,2.600546934704683,1.2954633023438702,1.266457811810652,29.74019151970709,13.484764838727585,10.298168579524148,26.584494959744312,386.1615187836294,28.143087459039798,23.15824901678485,16.453640981933198,8.37504835544187,High_Achievers,Ingeniería,Laptop,Fibra,2024-II,70.36852128308551,117.82175295969884,6.987238100698641,0.5816353014305862,1.6705564303947877,0.6266173169525642,1.3041810687042927,6.562878630139789,1.389552637085521,-180.45324380056763,114.10795241414615,137.67463983208188,161.22293593739235,545.8116713624717,148.40327842942347,106.15248799453818,967.6057553463643,451.13150596318644,103.19799771306086,162.18833079411968,554.2100450136126,353.58476507030315,105.16752824834644,142.66921902050123,777.4980075434826,145.3657727174056,130.62314521939086,69.34701531081198,190.49372077734188,256.4330741451715
75.19763071311704,56.143248755759465,6.798338005250512,2.9619599163375563,1.1806279853890578,1.5175104885647492,26.105105781326156,8.200719212922582,9.498897122945543,61.16500382577411,261.8008432996184,31.687332858058628,12.035979024166132,7.079588383269778,6.6145462996472615,High_Achievers,Ingeniería,Laptop,Cable,2025-I,67.84052249729105,124.20849669274375,16.255921476630537,1.0221487056207852,3.0099114376073883,0.2808167559724582,0.03556064561113059,5.672554062003184,2.204314958689491,646.6106320371777,95.53258920617793,134.3980231259169,160.0810758029703,473.5342744205167,145.47289370356182,129.44879266348246,942.1532742114913,470.65395351997773,74.14656001249739,125.39304918905523,493.74841376927765,283.0769114788763,109.40683240403418,143.30496443305827,840.4711781315738,232.0561826228042,120.23516832656341,88.17817791231693,207.21672776910557,296.22328447310906
109.64558984410229,54.186199892274246,8.067662225522952,3.1504966308794295,1.6023124525530597,2.601837085569169,30.267485962967864,8.363494644665462,7.8521167330326325,23.547411119606707,154.4150512957543,27.07822033699368,22.686146458527663,6.747988313825372,6.287894101829229,High_Achievers,Humanidades,Smartphone,Fibra,2023-II,81.9085613325098,89.34556846908883,21.948425477441624,0.3362213371314292,0.9948501947542125,0.7243096181678061,2.8059918693132264,7.222388753511978,1.9033196606540446,432.3102833977707,135.60820748119232,149.89543057805605,173.6156374501448,533.2581052446176,193.24565593725993,150.13356079524328,1006.6724359224793,528.51330376786,104.5552449694363,142.77993175377085,577.8460798824957,330.38463486745263,101.6502893532107,133.10208531115074,884.0528156635364,197.8345394358854,162.6023866571419,86.39433793242716,236.41438785419436,316.75876164111435
86.49085915493357,55.88439353382553,6.348186805039668,2.74148864004786,1.0255086535336884,2.573477630642008,24.019797108993465,13.57448171358662,7.418471388209859,0.5402918451096816,32.6763813748055,24.378434075881668,18.363936759782334,9.09672954366829,7.9605827150279165,High_Achievers,Empresariales,Laptop,DSL,2024-II,84.93776871424625,103.80353041657933,13.802533479120122,0.7757896587181965,1.5023197139505675,0.6314109038460218,2.6336177936175567,5.511852461658538,2.080323221725031,114.12032753260073,102.13489472536115,137.1237271315161,136.7927265054828,592.3036376733414,165.36136527978073,130.23514433900039,828.66303348976,534.0697399191268,116.6456729284793,179.6895484294851,578.9508635700101,348.5651369850429,122.57238582992974,173.30334094718827,799.0469107603276,225.71365557117787,150.46307169809143,82.8871615490752,147.4534391472048,295.4969779063858
73.15666270922827,52.157392850717926,8.338281077621254,2.77358588982882,1.463050046577663,1.6945103041705758,30.381842611456726,7.491009432952807,11.742259538897917,12.719001158900081,381.07879805081996,25.510935691664542,11.172274157629198,13.717615127221896,8.22136353950134,High_Achievers,Humanidades,Tablet,Fibra,2024-II,82.02380012887201,103.56431010293383,19.130243330123292,1.0278257105192008,1.3452086647536468,0.25934232410152197,1.7550352573567003,5.350340856444319,2.0264623302581164,203.16185503146102,126.4912964501349,149.37771106294082,187.46351994772334,613.0803416314006,126.50902073652877,113.08759711869473,834.083701945879,417.7406619071588,92.3994871171948,133.94348049606097,539.3429325850755,312.92467549545364,111.2897521182945,166.26715899668423,850.1079631551869,207.20187095276347,138.05465760909846,80.06712370283682,178.5809156853383,303.76645003524254
75.58350864247421,68.9726940157505,7.374464344907303,3.010777050913177,1.2652606209733095,0.3912290977519351,28.13646644010615,11.040790977914215,6.60913406174545,22.15497361093525,10.639640483377377,20.829606020601258,12.208142550907644,14.388411070176238,8.832497649973265,High_Achievers,Salud,Laptop,Fibra,2025-I,81.87058236427785,110.68844062406637,19.379194176614636,1.8117405517803482,1.4897521760815338,0.8811925359262575,1.3781785943417602,6.388534557164678,1.9146828286886484,-63.94057964910101,132.43221268963092,124.18164130936609,179.05928337464758,561.2536283328305,153.54557899806878,125.62290466113697,878.1687207667152,532.0821211291992,100.29210140923601,155.07533495810515,546.0259251625804,352.6030557218913,103.92365058792251,158.34712650581903,768.6061109426696,199.11457826192324,163.6246375790053,80.12277903218589,223.12585302232551,333.0345641267623
55.14292861288187,53.40911115583482,7.258594973363533,2.71516916124289,1.0836578597335973,1.7626152287382602,28.081769847768207,9.481737649963687,9.266535619599233,-27.65547665412733,178.43543481504628,22.60757314886613,15.41441567247435,12.884446503297694,6.721175095242634,High_Achievers,Salud,Laptop,Fibra,2025-I,55.71462750784357,123.86626393508539,14.71442757983076,1.0784086269455857,3.362643316673029,-0.19135265122899114,1.318840507543991,6.476446632157609,2.242497895704684,619.4984595966175,131.2840055456799,156.44847314777599,179.91634655081492,490.9570052775525,144.9210236327794,122.1770605518614,794.4379600989452,506.2978473647684,114.81556698532965,171.12973659915562,613.9450605254523,372.64378746996374,99.91013659562782,155.13556331950716,788.8833530237806,190.85214273536354,155.76129817917393,73.40384155760239,240.5799858789851,311.3136705282793
80.64575663301653,49.211795868090405,8.788616246048454,3.1436016886959415,0.7593195450120722,1.7785964510569956,35.390901391755484,11.725270807029396,9.398592889212225,4.582619203860816,63.31491236095413,27.95769578804726,5.990083283491329,5.680684533885714,7.979147824870434,High_Achievers,Salud,Smartphone,Fibra,2024-II,80.15942739219479,102.54541918210663,12.759213580678754,0.6638096939480138,2.5732760860898725,0.3191075233052959,0.7961706994990897,5.9165812492823315,2.2797485939362807,592.8849230954496,138.35533008865838,157.43345666869797,181.24544614639413,600.8706786992656,154.02560412130214,119.02069027402305,1001.0327114138845,472.21890364567594,95.37343531616098,164.02722675373744,585.0486001248217,361.7545000528971,112.26765938038656,172.2704710068944,822.9302256578867,231.20122194762197,153.65557540718967,93.85608652235172,209.47133104947548,275.5764183475398
89.53214125418116,63.51589488135101,6.61056624223028,2.897189945697929,1.0832563809477211,1.0138103478022582,28.528387019131003,17.047257197711605,10.071340239703831,9.028251340059132,50.17267404592138,17.96560395625307,17.033973069738888,22.385297723420596,8.014494760229319,High_Achievers,Empresariales,Desktop,Cable,2024-I,90.39635097692229,86.39780302835801,25.151180670455606,0.16408028359234184,0.5954102062134395,2.3960644262874555,1.4031757858378529,6.451037200121647,1.5107765581709574,702.4437805545504,122.21440465672917,145.69616240005192,198.9052651088604,541.4205399148417,133.12097149299893,99.955939740714,757.1002601098471,461.9235456744974,99.37541111955395,157.723985766546,515.8598530689011,299.0774952016593,110.60691289908424,144.3851005319919,783.3974789928175,193.38837739845502,139.25523899450332,90.52183174823541,225.12404408441873,294.86502730643355
115.69593187038642,48.85875470320335,7.075063150313588,2.973957346589684,1.1477825376114046,1.263903098244848,29.353110076660464,13.43719427713585,9.046216330495245,32.84117592192193,118.2996889273525,30.05999901696526,20.354694777353213,8.145952147266687,6.6548586144279085,High_Achievers,Empresariales,Laptop,Fibra,2023-II,50.94490787700438,96.72945447078385,27.525327555234124,0.18989057994039196,2.1245531047758677,0.8183483532908551,1.3803595024491933,6.513402816390447,1.583718149469823,681.5896533514865,125.9726703403041,143.45775098168426,197.72109882533832,494.8742979543646,140.59940314117918,118.91918062323623,792.2149232308371,424.8384489678946,102.42085882165536,175.01846797847315,521.2085885567795,308.93547711790285,99.2531241693251,130.3124583039409,851.5587281773924,189.64789663301394,125.94245759085256,82.14219566235973,187.1901028373443,281.47594277508273
105.07479592258073,62.58842543092233,6.2173512034434,2.774949110398014,1.047298382481397,3.0757423960757593,32.5542147639504,11.83634233224358,10.505409156574395,2.3137895331846963,195.6269876768304,24.49042800760822,10.830496159116745,16.184466193512495,8.490791854188192,High_Achievers,Humanidades,Smartphone,DSL,2024-I,83.03969368142988,121.13597362582308,17.363838670671775,1.0307020213446336,0.03646314510896998,0.4857769494377561,2.217517458358587,6.588040088422526,1.9573810094146697,209.90164552853878,128.49980575336366,123.46313130347484,177.8927913867724,567.1863095037048,152.05914190365326,116.43144158629586,845.2427906505706,403.6886065185347,103.93460947342467,184.13205577501284,493.10438829744015,297.7434625627046,91.23309115666248,155.1639038409341,866.5085154179549,233.49469121530066,142.23102980035216,99.42507072329835,223.43931057476775,343.66251736397913
71.94167238319508,52.16612649971818,9.337595113667248,3.1588003880504103,2.037532286723387,1.5275169339269645,31.940064463203996,14.250559053769194,10.010571340040006,51.7948193813399,163.49013660845205,21.86450876467939,16.577621044842978,6.1719809095279325,9.934758031475246,High_Achievers,Ingeniería,Laptop,Fibra,2024-II,64.43360334064302,81.53879478718267,20.923390726956036,0.2724145205684537,2.32329827919559,0.5795995043870649,3.5294581348168705,6.073650231581813,2.217662010720636,-187.81701947791078,123.73356120042833,150.18164496814606,173.04286354241665,585.8914839571577,145.70228173483304,107.01206854798387,845.7657622305577,571.1805975956448,117.81971281927919,155.6721236490615,558.9779602176209,370.8898314277434,96.78907915507307,119.86418765092593,920.6325204601518,173.8960636158905,148.73492875716232,103.11588280061122,233.3929551508085,337.08955006921923
92.47722098379978,54.39667504162008,8.616645834502407,3.0004429768063243,0.9370314336619687,1.9009104707649582,23.60585228970877,2.9907915699984775,11.491569089561635,24.914384349149813,203.68491547224795,22.634096026627617,10.204310395952188,13.059984051451954,8.089287251798044,High_Achievers,Empresariales,Laptop,Cable,2024-II,70.2945678856895,84.3326084611541,18.008785498285864,1.0089175460208462,1.0574796199089533,1.4184257228627524,0.9264934808313536,5.38933570218698,2.078365141187523,99.17563388490576,125.16726986157484,135.49759550855515,171.81256777884929,463.5848582982235,166.61572511205884,95.95319476398186,835.5519687341548,445.34266665985433,103.53696611948294,172.97146848318667,597.9190021245216,337.3781027079688,94.2017524567994,124.74657173243031,778.4434743037386,183.28703565387883,153.92089496652886,85.77355967774888,227.93440418432655,255.28820556300005
77.19696159733142,47.863716527301676,6.18565414016607,2.9342787472831966,0.9247270914154038,3.9789788289066843,25.317484839123303,8.944275941789376,11.649378731873307,8.328168011046598,336.8251457000745,28.685741462912898,9.146252253312705,9.606687324121935,7.157107763971699,High_Achievers,Salud,Tablet,Cable,2024-II,74.56456225316285,108.46976818514979,11.983604524277558,1.0167476056071376,0.44580940815329373,2.1647628525610743,0.9002709454384155,5.821637197595016,2.7277212230557404,254.37849085794792,125.63759040542737,141.85836570372385,146.70371151818796,607.066223797575,154.00273968015983,116.94324688187275,818.1398330225414,429.9890170222478,100.80138164765417,150.25570977934447,499.849976196443,314.4209169004913,92.47190124786543,148.77424670939325,711.1016696049008,155.14244481208857,144.3775708746727,68.97365247170755,198.87883882791675,306.4139538311188
62.939921354019816,51.404754311363455,7.6787896895292755,2.950441415948454,1.2775307134965508,1.8149907123823033,27.985085410175788,12.530913449499273,8.114136426908713,32.62109184463976,84.72194347744218,21.851243968740405,17.132525510815466,12.00350400377338,7.620756218717256,High_Achievers,Ingeniería,Tablet,Móvil,2024-II,90.06526929706682,93.23983460501437,16.9071917412914,0.7116732130858949,0.4124611208895778,1.5194995151244668,1.7794435810899791,6.173020202899643,1.7822753131571685,-163.82683512729463,140.48719159529634,158.45583044686123,161.2703584818349,656.2560193225719,163.43910553421483,110.74472679053989,888.7648977240427,407.90373098670244,102.6271823835406,163.6404133591606,523.1597711165275,293.99116806596373,104.24000528510447,174.3266348596396,875.5054036478583,244.91703384787832,143.40829483265628,76.44023344833971,170.26710912777884,248.07426136388338
111.3862658752687,57.05059877511864,6.01062168366431,2.8869680043822425,1.3252560595528196,3.8647929954207423,27.441274796569775,9.213774156253796,8.412101056314912,7.0112441676020545,381.3678541072063,33.92197034134211,6.052600654887511,16.529091680381054,7.203841766096003,High_Achievers,Empresariales,Laptop,Móvil,2024-I,88.10441246752332,76.18320224148587,4.782044722046701,0.46166367540364067,1.2604078657195696,1.0939831550942352,1.3027962570352276,6.103584513673727,2.2765825196386795,1069.2533368600666,122.60539640302905,125.89034201984902,158.21763763445483,523.4797217273182,120.6029265713884,113.28107686854476,780.8624234261804,437.83530075151486,116.39344414188541,148.774818539244,637.0610743281281,324.45838269472404,113.53926256732314,164.76247330358402,911.0870210948906,198.48338673808533,153.38371805976473,80.17250702392582,236.039579686484,283.05252416351834
103.40195495384228,58.251196998433784,8.48055867448357,3.0775725297143244,1.6150517703452225,1.3485433065400474,25.600905549501867,17.136092000716676,9.929515805587737,73.24155457603393,269.16998780500165,26.739424078361004,8.720026277199489,12.911564884333373,8.35173234260827,High_Achievers,Empresariales,Laptop,DSL,2024-II,69.27143486408936,113.48129449690367,23.866332550235445,1.277160196485953,0.3365481673004999,1.429683121076558,2.0416828100543603,5.696362081464528,2.4304293494663134,1075.612252632152,118.0888262137787,129.829607586773,150.35614631774934,544.9400770816654,157.73719255533786,125.16347954115142,858.0337158293963,466.6461190652455,124.54017012364585,171.89299794663492,688.1274623904003,317.2929308578327,111.88038584040999,157.8027742565652,895.1306404946539,202.72077806077294,143.68121612858374,103.10659371029459,197.24389970418062,331.36525175994393
99.30833096469287,56.38093366870749,7.277928247394656,2.89668079969662,0.9954137884766,0.5184930087797482,19.771781056270942,9.113369504455296,9.338637825661317,2.994788142089435,142.06167819894458,25.93259847747396,16.22354649005865,6.2478617305073225,7.556128354094397,High_Achievers,Ingeniería,Smartphone,DSL,2023-II,65.59137733546375,118.47726976659158,-0.15899212140647734,1.0851851779416748,1.5667853984657505,0.6941870407160032,1.202372866828398,6.080731387001698,1.8193106786229625,142.8572086772041,117.39083676135613,110.3709204603687,186.34004471021805,395.3424284354427,155.41007304511214,108.20299976109862,897.2499758029521,507.8689253518424,100.5096382316543,154.73267186110496,552.946856680042,312.90094663671977,127.37099109203457,136.43290045815397,702.7561324258282,148.69034894956897,151.72408425201996,96.24527088297958,227.0384016256682,349.44725391318764
90.53332291837293,52.048953275085715,6.464134891129037,2.5232366205489565,2.0624880504897187,2.610771878688306,22.894692569155534,14.282872251445571,11.070739111069663,24.726787121735768,94.54408732892762,31.318404872133634,11.494815895523953,9.488251058880497,8.239416656884291,High_Achievers,Ingeniería,Laptop,Fibra,2023-II,76.07717606852754,83.95056136089232,11.799894204102525,1.247172678415318,0.8831634208523709,0.19276100843675278,3.2484499535862907,5.98999199945955,1.785568551330978,760.7112475770523,124.04332815016518,113.28069293913751,179.96936012372984,541.6502702749597,156.66401136269732,137.08404026188208,823.1375182725908,590.4784924876082,88.62664444999375,155.0133186841534,583.9407369498452,326.3215560270427,119.33207670698293,138.15847707785684,931.9110800130851,196.0226878262343,127.7876231628242,65.6063266893422,223.57731840252808,294.4910056561257
75.26517305025463,56.10503520360689,8.287763431933763,2.672048889521133,1.7496464148177957,0.968966162739347,24.895972361902086,7.021973488661079,10.807321415982548,54.26229325056416,212.39863223501254,22.12821599215554,15.083994269446135,12.020470011158567,7.234992492173248,High_Achievers,Salud,Laptop,DSL,2023-II,79.3236686522775,85.5741307890114,23.96558950283583,1.0889540369830408,1.5415022443996578,0.6991536558737039,2.8705547967602874,5.409704060483604,2.2880485890229805,513.1509067396596,137.72932981567905,152.5194924984995,178.99165568781999,537.4068414903066,147.41613697158104,116.43285581599243,696.032743554793,359.97267150682916,109.62429098141226,158.12979576382307,627.4483153528143,272.4083651643908,109.00047945120839,134.25292707011909,818.4798885400214,157.41442556254898,162.57420770953274,75.65717372261095,242.6431407706467,323.40740962815664
104.22452587162194,57.808055711721124,7.5523278589992415,2.895213098179373,2.3549146822209273,2.7779610760850995,30.12375573077501,15.445689613849447,10.397358667696826,67.00644991904446,269.66833539450414,27.428248515447212,14.50420358903522,16.030016537053992,7.753887651797137,High_Achievers,Salud,Laptop,Móvil,2025-I,77.41083077096422,78.51327505249357,6.732132460316607,0.8859232189978162,0.4393748714005108,0.6153431688205261,3.4016731843687764,7.1041893657715995,1.6437491561465611,-46.99041046634616,112.05952051092598,137.10220574363248,194.24751177078565,513.9571125823528,141.4935983158708,99.11828498810198,799.6843432290898,557.8664985941558,92.55624324590613,156.09207564495497,571.1432621220212,325.9628528405646,114.66452115273967,166.51299191501417,868.8653641270284,225.18392499216367,129.30680381789034,88.35147636067614,205.1713627709408,250.30468362701842
107.8690576189377,48.70395421474533,7.073274917799503,2.7460982079608693,1.4505131056020466,2.2307011625522,30.76959904821708,8.965863350123039,8.163006404498265,68.19196120222128,205.94680765448766,24.50415665428019,9.483134593712922,8.331795792376736,7.046715802635408,High_Achievers,Salud,Smartphone,Fibra,2023-II,70.8949841387504,79.88425100901844,17.03619868497393,0.1123303878167704,2.2945386387748097,0.3730974916264842,2.116478155243394,6.052723389351897,1.6523076882319918,441.5607722703287,122.31259145966399,133.38368691920567,163.6527224447468,410.50011706151383,167.69237583679012,128.14720004499569,876.0494934520962,578.9242702770069,101.10753684554916,153.56536230922188,591.2522962819651,381.01659711383405,120.00591315417934,148.0200994730234,993.5310522571934,183.66659653458308,114.72854661091296,66.7134954259867,199.34459338853242,265.7579844332578
71.15791207237437,55.833614158562966,6.450604005707251,2.8377400771442813,1.0005842821217041,1.555299248448967,24.067487122110585,10.541514256930148,11.071909156403827,54.37956804424887,141.11618063906997,21.807781611956706,9.001928798972212,20.267801665800253,9.45037698990955,High_Achievers,Ingeniería,Laptop,Cable,2024-II,93.385612867355,98.9574604742248,10.055225505793516,0.5943405133457509,0.21278531330139533,1.458449635234261,1.3804850036302214,4.711458576202913,2.315365723121338,-187.7495015453574,128.6406556876851,179.02769472435466,173.64504101543912,654.4925497975269,157.37219913218473,131.04119631729583,735.0587362527126,492.54221283447765,96.63707374565531,127.43727637675511,633.2848500787904,326.99324158987724,108.54356518126225,145.66989514764802,865.8126777613959,207.70154993113425,155.0994033715354,81.05951348829872,224.41514154502556,268.12298950722976
86.304142163487,55.019779110989994,7.5020663526130855,2.9156313378076475,0.839209371917389,1.3219227269099108,29.886952529337652,11.540665660480288,7.9569406872261075,19.434534732733862,219.16052972682004,22.12974399793516,15.02758907104571,15.625813561360173,8.132764467480136,High_Achievers,Ingeniería,Tablet,Fibra,2024-I,78.47862081026028,72.21955505638061,21.62146000165069,2.161692727117432,0.9472151566915008,0.5095456682188613,-0.29260520362229425,5.731725843576793,2.350030402864361,-240.48207421810542,122.72674565702165,118.40228666219838,145.28321015555935,460.4657211840656,149.2409831483666,129.64248763917004,789.3982213520192,454.74945553909635,108.03082938035182,171.72941426931885,606.0432692655195,437.6401679267018,101.6203526606616,133.3979741709787,736.3532567756325,138.8111894308504,133.37783088650906,73.82824697192797,196.0638581310462,262.6399262452867
84.21988514731515,51.183679038562964,8.407137601805513,2.5484421408023143,1.805537268236535,1.6824834495318493,23.94146237467064,20.083732771304742,9.131752725426168,-12.752929739732888,119.51524882118943,26.187562750200275,16.79973453666617,8.750644175844316,7.917729140767362,High_Achievers,Humanidades,Desktop,Cable,2024-I,76.90519185554992,83.08034989171404,14.569959249113092,0.8914214704408895,1.014280710723672,0.7291026699022447,2.7426566071245397,5.444073632469361,2.499051558226231,487.27375129539064,121.84988208462673,146.02891766841537,199.0468159045563,484.55764432383575,170.60532331625635,125.47381483312557,940.2607587704202,500.2041641608008,98.32249400152475,138.77034072984048,523.2012683762961,323.1570063618738,107.72958438798548,145.2840277984319,777.2684351116217,171.54792797443397,151.62169058539206,82.52826137530622,206.64692015728232,293.5332023108299
80.89143341741094,52.03745682183491,7.754634581493488,2.9385456999205726,3.081499932814076,1.8906476252927258,32.127679205403226,9.880188058923657,10.281166559297809,79.64585123776189,220.48556427033847,24.23883873561214,20.050091330105285,5.546760374569472,7.437683046697917,High_Achievers,Humanidades,Laptop,Fibra,2025-I,57.09066758285427,73.07771240150026,8.49843090972388,0.5852137820640634,-0.0007379129182543409,0.828651869596973,4.053834756400812,5.217109294824227,2.046131167381283,497.32132906893366,129.56068506220052,164.25607292374102,172.5675216898034,662.280816722421,163.07567433571646,109.45250961431174,870.9289368880633,480.09376053133684,90.13820477153409,100.00681511168636,495.9571610433843,268.75106415274615,98.34772087958532,133.90097891189558,771.066503721476,178.5565493693952,137.08675890569978,81.06207997473292,262.7606182510255,288.6566904444429
118.81810987033025,59.16338726529832,5.9433523060672115,2.5851049275878513,2.157609844915696,0.5627273293934186,25.713904041495095,10.760810128956546,10.950283711676922,91.68848066164796,202.11201049335594,26.689781728293212,3.3356807690021397,5.773788028038808,7.913486016869362,High_Achievers,Empresariales,Tablet,Cable,2024-II,65.21343925146795,83.15342575299319,18.638750107447763,0.9576166419961621,0.9230926838093862,0.2545103151209923,2.634045829312929,5.452174501530999,2.290520708887932,1677.778748886731,123.12146363515362,132.956326487223,176.4766083841479,549.9497050757293,151.82360386320047,134.59148907819275,847.451178634275,591.3196846463486,95.91455903431188,130.24865577163038,510.94753817564765,280.31149783811986,113.54156316320785,129.2166894291095,942.3374037737815,229.0084873559293,123.4769062944677,89.22077649962176,196.59936320220143,277.8519545789141
114.04021259621472,59.82768126963415,6.917256431310942,2.907100559254157,1.0146811776352616,2.1860583436173817,29.82039984173584,14.671646593887747,11.076793473920874,56.067801348295205,239.89231747939064,27.293954912310287,20.629099451089935,12.207299681140652,5.105894368554825,High_Achievers,Humanidades,Smartphone,Cable,2024-I,71.67709339785625,98.74633591595479,17.160275876677005,1.8129574425504118,0.9711267019975793,0.0627789990865033,0.31445758366945786,6.417849495952394,1.7644478479538015,160.91748586881528,118.05559082154558,121.52533025446269,193.3552992985874,491.5722126507931,139.77536782119893,122.3865054544038,823.470110794711,517.7236238135707,101.25830601964223,155.42753710351067,606.7117220492855,311.03242356497145,110.19014350343785,145.99381852731338,920.4058310529971,196.63238898657792,133.5778416273413,81.35172979641168,207.42382326433003,304.62430245570357
126.52615514264807,48.287959112796365,5.63224736919077,2.6288510409909027,1.1813477032948714,3.004412267084978,27.61153369124159,19.625491545760287,9.867325922096843,0.970468890895992,111.4309242070461,21.912993217105896,16.65890436299337,7.817070070236577,6.839871546073077,High_Achievers,Empresariales,Laptop,Móvil,2024-I,60.47501407107109,92.22883278744548,18.856109597663355,1.3424441317863203,0.13772338844647325,0.17412098047379138,1.4271666688663918,5.240410425681522,1.2649997838188438,-34.688099391614486,121.073651615818,130.2157408454363,189.83095261716102,506.31454668339705,140.516300398235,122.72850156247077,688.9382583497568,420.63630589557084,107.77911043965793,148.63522551738671,546.3664456351686,290.0464175037676,94.6960756981277,167.33699357306924,810.4958785524387,213.40857819285353,117.56952114685737,79.31185350017753,216.42806707971468,270.6327019969415
94.69405962724807,48.45999891447593,6.950264808502339,2.94491925895859,1.0586109049636945,1.2825280940516512,27.154738929048705,13.404337365296696,10.004319487131221,-3.974073558275556,150.72531298640135,24.507270004101365,18.409768135413003,14.247943073767441,6.94339648972894,High_Achievers,Ingeniería,Laptop,Cable,2025-I,92.5600363755623,146.0990393015363,21.17775644100998,1.0892014772842702,-0.1372946300728788,2.2909496795913666,0.6007662267247796,5.614750789307619,2.8702435052362976,743.6604309340158,110.37214287478251,158.73048785831972,161.29415878054922,537.3352210863818,136.60837687909893,107.69413925005085,632.7423419352037,487.192446076883,101.72074755677069,168.1016578379349,544.6433817050162,367.6840899692561,106.19906384063535,156.12175890687493,869.8995230463885,199.91665905837783,150.8073758325471,90.91089894359543,203.16563025258282,329.09477832757796
90.90115863699167,51.51516515380915,6.187246511199865,2.764205544592987,1.4655296269958806,1.2938782916131708,26.853230060434875,13.371520022215387,10.409593802812342,-9.833596983353797,181.07394782103083,22.286393816693995,14.554568291493675,9.980975229519267,8.978522262336229,High_Achievers,Ingeniería,Smartphone,DSL,2024-I,80.0221611330537,118.15252483123791,11.150193316157557,1.306243537075801,1.5773397224532264,-0.231124737185862,2.3370657390596863,5.908460255080506,1.4978774699197746,241.59298488568203,125.8668644880552,139.04022896117291,173.96665891653225,532.4433674692118,148.9288422026395,121.55786680998065,842.1189369225094,488.89218439235435,102.53963054941573,173.56844986913242,648.8029143909326,322.65551982794807,93.89371099779997,180.35792866056607,845.0237909292686,197.56264593885209,135.43116470229853,96.48996441243442,206.62352053571544,332.8360951709964
79.5841917196493,62.3501525018423,6.703834353549567,3.0879551475471434,0.95694776222186,3.436787084908854,27.600385135899515,11.60498949136399,9.53852741572521,-14.990987137254798,263.71937055555117,22.99526120135926,18.194779527656326,9.891041721778482,8.409818798529635,High_Achievers,Humanidades,Desktop,Fibra,2024-II,70.7124232618648,88.6198013252364,20.77690678664095,1.0349701780039673,1.7042838311653203,1.106248889701087,-0.04445244542603877,7.144895419152272,1.284201814345269,-86.9191170695334,113.50260769932633,128.89361348744933,158.11713587852273,481.9666724345914,149.88681983833624,126.00371631080235,838.7256471753808,397.0950268195479,92.3814497125389,160.67624144415265,607.543418933894,376.9101878483848,108.3356104258515,152.156649372221,841.5791645206263,230.57958595723053,147.2776586649373,85.07531295621273,248.681639222662,307.30825220595074
79.50193945990833,58.47329211628064,7.191272104585819,2.902410216816807,0.8302550864446626,2.568966768170778,20.181752085263025,20.53773188296932,9.00135177578277,40.907953697811905,67.4713415100971,29.332741429432804,10.538671170028667,3.4448038118535678,5.8659266759066195,High_Achievers,Empresariales,Laptop,Fibra,2024-I,90.0303445394531,81.04201561142432,20.45872228335428,-0.1902083317694162,2.8494936482134974,0.03722846290513937,1.4160655112139218,5.784494616616135,1.4271228977443953,-50.24305960642465,128.01585427409304,125.56169331172312,201.0882862849182,459.75849730895965,109.70978646470846,111.37883849010228,725.6568124341892,378.6535536408538,91.50694847645829,121.95320716365406,597.8550635859384,236.41226283794165,95.95822595835882,134.78083865924413,773.1022763852328,209.1638937727247,117.13738378416133,64.29991044379774,155.38065232339787,212.20204235897347
124.63296631419483,63.64169384259658,7.708187184948172,2.9043023673760473,0.7815737290155,1.4736033621244105,31.588521029424957,11.666051065244343,10.16307199407926,59.8633432879126,349.59676532954353,23.846149465057984,18.024478038099897,-1.5781290741640346,7.931538379324029,High_Achievers,Educación,Desktop,Fibra,2024-I,76.15598715935259,129.2334700766891,19.533877471363233,0.6753108033918002,0.5330642756000233,2.4632593748713796,0.7038235403108045,7.669726956747999,1.6266835921803446,170.24853908253885,134.77358940230175,147.6558825857693,196.9678480813446,574.9075851815729,139.77973165010704,115.7673862837911,791.4007077690444,443.54828679128514,103.60581695773956,155.90458786472294,546.9050479614723,327.07406306201506,93.72530873803655,149.93636334887546,895.8001482986182,230.61026236517043,131.51721919100066,75.02423476401611,206.8551017697706,281.348226674544
99.49009346014327,63.16186336976877,6.800069899380848,2.814075152567963,1.1617770578279676,1.5857304305013273,21.6499709866297,18.466202062794462,9.320524798099683,22.860700159828184,119.81446531477624,16.99762395676508,20.855360432281223,13.211598199127721,4.985369330636222,High_Achievers,Humanidades,Tablet,Fibra,2024-I,94.43371254866423,124.54590533048342,18.74204849278779,1.0617704108355261,2.0891914656155106,1.0290343631719778,1.0091809105085066,5.325014111976693,2.0040538441713998,832.4109833124694,93.48657971814359,99.5804298770174,139.98900715101448,452.20449941514664,135.16340036052875,117.11039433378814,750.9459632365389,437.61340607774736,99.83990933412096,164.83117116062724,565.1380646141449,316.1773558895676,105.43854378584543,147.17979927083596,895.432578366294,219.30248360947166,116.92186360949106,87.18986700624566,208.6380522633488,288.0765902680148
113.59841439632751,55.93634878646751,7.2929463210313905,2.9959311058204054,1.1192526745320075,1.2053283755303763,20.262348554514283,16.37696099447006,9.927202143920173,35.03443165820459,187.85541138747095,22.12474539772215,16.092471688341583,-0.9832873912080643,8.576759069558042,High_Achievers,Salud,Smartphone,Fibra,2024-II,72.66658591125613,115.24512978937581,9.692309388220025,0.6381040513353502,2.3923024978837506,0.41922841842080877,0.22518190638850277,6.009891625358913,1.9589683138733294,503.7595263232524,119.38240188956281,116.70225996946937,156.80313509669548,453.92486323865796,148.50784481901533,107.00009152284973,679.9823571741739,476.78520999118456,112.94472030554664,164.19779928016936,675.4796029173963,312.88672385302453,109.09638114398355,162.8687395998615,1009.71575468618,215.52038807275437,140.3091321615075,80.7471786789857,180.6338704115899,284.45594504412554
44.69657839887805,54.741375232478894,6.3868252072116825,2.6974687105153654,1.0984772284376874,-0.11347258668863414,25.73116179942486,15.173383087360602,10.909284782913907,71.81163228263173,330.137878417312,20.06830366772282,21.920889139917268,12.035306703325205,7.672895366637135,High_Achievers,Ingeniería,Smartphone,Cable,2024-II,78.9467250289986,112.01185884701101,4.7866855095622665,0.9831493493972645,0.502969382765442,1.4507075348353957,0.6255353069814632,6.579122951603159,1.8710254382297782,-167.57359448719444,117.88406775443342,126.42769790036114,178.12530872886924,511.2687987597319,116.11164021286423,104.76000121902563,684.9266504406834,437.03518724765763,90.72521477619773,100.49076460183669,412.26779276771265,279.2084982797112,111.06705223210213,142.30734194800272,827.7253086658287,172.3831935778686,125.17167134217331,67.82110882132025,210.44829235148904,242.3469459562946
85.55207905953486,50.74951884044951,7.831615852990884,2.9471445942578858,1.8176577964711351,1.7084916521169604,29.398521742843382,22.755359113734215,9.73445759260283,-9.846003795902194,173.51951838351454,20.767284522403628,17.1240560048829,10.848325388429695,7.938507405256838,High_Achievers,Ingeniería,Laptop,Cable,2024-I,85.21779861479266,121.33735574053085,19.56799548992055,0.9471191483662755,1.6982542103226435,0.33116963637594227,2.985968274770471,6.309597945501231,1.4724337321866436,1259.8558066938317,133.56638508981268,146.215322071793,195.0250362626952,565.4687323456252,118.73898072195155,108.3465888979261,776.222636636011,371.7690025210463,116.44718558406123,168.39116936423645,658.4007455419768,344.8061710575116,102.8793815768431,179.8691542111187,822.9355577235193,200.67394506590387,112.92128990632574,68.71102861617828,221.4021275816786,287.49750775985683
82.42176121784225,55.42103902485463,7.384659339269217,3.090370923090925,1.6876050463811956,0.6759143126882072,25.611352975076677,15.159348478587273,10.811372047735375,68.32843606974501,111.49328931242283,22.969653393954253,19.183804879662894,24.32275960967041,5.942981395914246,High_Achievers,Ingeniería,Laptop,Cable,2024-II,83.11216011211427,66.08190150648359,12.915744395320003,0.8197829896501416,2.0447015114167915,0.048069181292215706,2.3992355173556605,5.845393844841051,2.2865115109067986,-199.6639148007004,135.26792445021653,123.10351640402408,203.10324107232248,521.7997855978278,129.8228222229196,85.29220758999854,693.4094966504555,336.8358051763461,91.98433404040775,162.05219298212418,527.3066810729962,358.6426926867358,109.80587890439563,146.14204272239948,881.704292126501,180.66709471480206,142.77707432815583,84.42444216378277,196.29712902769987,328.84127207097987
93.75992469217769,54.38660139646223,7.461913445983516,2.96453067219426,0.9160093782429343,3.0303496702484383,30.38512717190212,9.423603107214252,9.115395915198201,78.26708931895269,167.16489548312958,21.766228332631893,8.058942189045432,23.41483703648327,8.577854195391135,High_Achievers,Ingeniería,Desktop,Fibra,2025-I,70.87878042678449,110.93577763441635,24.584222923075586,0.38386825684008513,2.8648705154571705,0.12882450743142385,1.000631307746914,6.917430529997912,1.30118908891227,-105.22720911428848,110.83050171087176,126.02847468985901,180.00993947620225,502.16339559687947,153.31557150263475,132.58676228772094,684.7418846700713,448.0996203357544,98.2558038730984,156.63859949386605,590.0733131833202,299.6571413954639,103.65192109468809,152.06632279594302,808.07221324008,219.69096371507752,130.4871963823895,86.61924747824604,184.2666054237957,321.82257324989075
88.93913246881101,59.77346455342139,7.205851747607573,2.6530591694813364,0.865846243505124,0.8687496592813165,30.279310750063917,12.323551332097825,8.562405669607884,39.827434154195394,305.1879181485239,30.79576564056828,9.308607642419561,9.734365200785478,9.140943544604381,High_Achievers,Salud,Laptop,Fibra,2025-I,68.24985145202332,82.07217919203185,25.79817620375298,0.4562636745331752,0.889812813118888,0.9815508456038544,1.794776481282983,5.516186822150371,1.8459786252783135,914.6533447637025,135.27837084326953,131.46624019139927,165.88721926543144,595.641558269084,149.0970566071429,117.980369554759,802.6373546138967,507.42985105447633,106.03170368501476,142.1371045282545,468.64113425736326,331.78900151234143,105.54526369203833,153.96877950136044,818.1095082978147,235.86134757079017,142.48081764949157,93.54707248306472,216.80464859354987,276.24967683697696
55.373652780980876,52.39887027100386,7.654809648321303,2.872128261614064,0.7996614536006786,1.0788503783946564,30.17847199799643,7.835683619464984,8.294859037079902,6.203005753632079,125.10926463339793,25.276352317275485,16.182601412495508,9.226596987847456,8.161523414515587,High_Achievers,Ingeniería,Desktop,Cable,2023-II,72.54303155040111,93.92765896141162,20.62960152064719,0.24941588889897254,2.4713865427524215,0.8793833060549787,1.4777047523355322,5.215144371978223,2.0673996777972885,1094.7252445835475,129.75172201058498,122.71002915832078,184.44650911859378,461.5716165642699,136.35171862085866,116.4523983753202,835.4507551692175,420.434588079116,110.37974116926016,147.3369105697061,547.3535944190312,322.5005835597797,91.64028591404637,167.8649734720503,769.7537377046475,192.8389617600258,137.0812423229344,59.403943743283286,181.91573896038062,281.6108517142342
92.24277494446146,60.634946450857626,6.463165903331651,2.74956312614621,1.195199093323072,2.760678161923258,31.194690658530273,14.733255116157574,10.848814207364507,18.648219289730765,-54.09069901503133,23.103924317906937,14.28126846712374,14.296601542279667,6.447054482923868,High_Achievers,Ingeniería,Laptop,Fibra,2024-I,63.945256215480796,101.55863943313466,15.334390351663796,0.9439732338809192,0.9995617561961352,1.7530897129627936,0.24578619822746733,5.600645455856043,2.8661059800400714,487.96675623938484,137.93625306237317,133.59762527695665,188.1759699983324,502.006016362959,142.44847588251767,96.8650131839535,682.9260391789664,404.1806685877211,96.2324477746057,130.9259830464746,511.85826056930017,315.99606426637723,106.93126183170428,140.2091264021049,616.8473885597292,143.9849045893277,142.54900024127204,85.88226899993347,211.5025342862951,287.25636787779655
108.2245632706547,62.041679959125304,7.708711217384669,2.7558890110874503,0.9021253616092951,0.6462013399039441,28.645558053150577,7.096089288040468,10.691205026919818,26.75190599974471,55.52713550316525,24.018945226182236,9.109155849591854,19.008911099981393,8.075951500471373,High_Achievers,Salud,Laptop,Fibra,2025-I,73.7642265466824,104.8485335893456,5.576675082971486,0.48369707790102784,2.092166381544309,1.5564266002366645,1.0543982160295085,5.461210494859382,2.6021915283734653,-385.6854831591128,105.28000555705304,136.88523961015747,155.90066894514803,500.04678644912076,135.38801143607392,115.78339076376129,846.49552350084,450.8138616494002,119.11477707682457,178.06660732152187,687.4995258278767,357.8225156047777,111.10081042819066,157.17441415829813,871.8511903513355,210.5795091979129,143.12271449459135,76.5059058816433,201.1798920851641,316.0047425780845
114.95811439515947,55.57698438716252,7.944066552815192,2.8766493814651035,1.1681655563372741,2.5187643640356105,28.081164873052916,14.369508021259627,10.636602487362403,-9.833840359463817,110.92099932638357,22.156963721230664,9.078607158505712,0.941937662298642,7.277524058322888,High_Achievers,Salud,Laptop,Fibra,2023-II,64.5498520488731,99.21565629148225,27.325983954001234,1.0097315811067418,1.7300541846226012,-0.0636604964879044,0.569271114645382,5.096596341179633,2.6751993160108114,358.40100574999656,131.627011089636,135.2267223792794,178.14298087357528,547.757330310648,141.99564422409196,125.32467788196331,859.633618562822,472.6779792170073,94.01326126311362,170.31464018048564,535.8189313901105,355.773658873091,101.00228272082265,156.67606211517793,746.1952175773579,194.60611860131763,147.34620262505914,83.58872055075341,225.11598894572262,329.73138561553134
85.67885024173378,50.2597527677503,6.982982880330281,2.473152798370341,1.3941035432221551,1.3665826665873346,22.064239210520622,11.628638118871038,11.754540833776149,42.1122472288563,87.8790409243289,25.314391279297944,23.197693933568154,-0.6541088121093139,8.358496058798124,High_Achievers,Empresariales,Tablet,Fibra,2023-II,66.7405310561662,131.81714970874094,32.01309618428627,-0.005695773328891873,0.5289138209543573,1.4340631848522514,1.9899109706972276,6.840367953770421,1.7766631498890049,-419.09055775344854,102.09244416151411,124.37874060239461,149.23798945038712,471.13295759376615,135.16625273448423,141.0442664025297,791.0902552418206,514.9075084028401,110.21287173603676,154.24239130279693,527.7845939164038,275.53712847276466,91.85138123398777,130.5565490629366,677.1347026160105,161.4029624831212,130.71539121099366,76.60403309446927,193.97352240071515,287.70350076938615
93.14029260640609,62.03146611712895,7.8084369792033215,2.7668414771113987,0.870658394061998,2.45626299257031,29.487728576659393,7.37265809613813,10.051613064450727,48.13378209326685,-79.04790476439148,21.846209064520338,15.406053115185898,7.928903361991962,6.967541922505736,High_Achievers,Salud,Smartphone,Fibra,2025-I,71.47767218721602,66.8831589797709,10.201627659900076,0.4096877466133543,2.445279712152089,1.2368653953832767,-0.35707174724039076,6.388598529524795,2.1002339108056627,1639.9736312133175,104.50862587841705,134.50925310290867,185.7547123435262,484.1841730773623,157.76524514664305,125.12260520350641,690.0722856493571,493.7530397505458,99.16500057715423,160.2217393345032,588.0886426723694,342.5729584736983,104.7978071222947,163.2917648483786,847.9101757971988,208.16499797167475,118.87351908945045,77.67454933557478,194.74911846036895,251.0348826742292
84.37405557095636,55.29072853540372,6.046808065299679,2.5847652053679147,0.7987996091288139,2.684541240469816,30.10967699726018,19.780881048439817,9.052076891045655,28.196464320785147,136.82675446280064,19.05243370860049,1.0504515455312902,12.300812160686169,9.047336425298411,High_Achievers,Empresariales,Laptop,Fibra,2024-I,87.25380822097875,86.61380547585219,34.49813393027222,0.6151723767233828,2.088540319259141,1.9141287125620177,0.9948065017955602,6.332167288923052,1.2631058624274534,471.0165207914932,137.07512483418765,132.66832318718218,201.68436534499943,454.4941210487817,130.76823207080355,101.9170306219096,631.5757520966029,401.92983195175657,101.06046867914196,120.53019518090363,468.93512865426766,256.5503340727868,108.45160182589026,145.6813819659662,755.7663134126634,181.3432996264807,150.7419495180712,81.17314836571802,190.26203454680603,287.6338279433447
100.19966019292804,60.327732167777654,6.907150257314164,2.6961847608145164,1.58092791750364,0.810132664168925,32.17889660732241,15.009422868745936,8.755763267006886,-12.01250416467622,157.62089190822232,23.956868919698838,10.210038767711215,12.236371299283144,5.613043220638277,High_Achievers,Humanidades,Laptop,Fibra,2024-I,81.86958825708389,74.9895863956267,16.84187406826284,0.8072334935063289,0.3658796244608902,0.05850727393068306,3.1729323438800883,6.518805373065332,1.6368947370248212,749.1619977519279,127.46307759017733,125.65838380851338,132.52261787209846,466.83133358357446,154.87862482519074,121.22755833603357,830.1799348776979,395.36993671210973,87.4644724733069,141.1915116305594,538.0443458647503,265.73275140660786,95.9651627964077,144.68440295110793,896.813188568749,188.7563705414878,122.05720337368582,70.69985305508906,227.3869447402843,255.822282534516
102.38086307292144,45.344729482688784,6.591630492548475,2.6871002608424694,2.8476849813100666,0.7040647092219046,26.362386982995115,16.195122608346356,8.865796025818247,-29.95808113128707,309.4379689841519,27.001683672634748,11.900848746201145,17.12807966987625,7.2847616885098985,High_Achievers,Ingeniería,Laptop,Cable,2024-I,78.82425549478381,89.78503621230155,19.14393341733485,0.85849051593784,0.5534394543408745,0.3990555613412247,3.4221043485951244,6.292453649283942,1.3709103517658165,127.5873966720246,150.16329927291898,130.62561778191838,181.06325031800745,578.0372525047635,155.10744405344315,122.87218347639323,849.6454554464649,484.1436902818954,98.2518620579091,137.8275409577908,529.7276699285761,334.1558853715779,100.04112819201245,133.5589213035653,665.0140632011306,191.4775711361106,144.55043989474694,79.24545828828269,207.61591868312618,289.34530584209324
79.12641951193216,63.726638769444946,7.184443156319972,2.970823581212635,0.8005448005003974,0.9047986891152741,28.0148728068839,14.078422754475833,11.81988775462467,41.56101433594495,293.14120710278394,26.08687012876529,3.8055240914189605,3.674191289671007,8.126073011737557,High_Achievers,Ingeniería,Smartphone,Fibra,2024-II,89.96506014837748,83.29362958967286,22.774190444788644,1.1994576843446363,0.6798461865519445,1.872160125351679,0.34679976832167525,5.418550917555021,2.6519174441881415,1292.3904109843756,126.44638487746253,144.6831253652874,198.08408687973946,540.4652656222653,116.64092006148236,112.81334654241385,733.3600354065532,531.4684489603736,101.88700477986156,170.55818680923457,539.2204926936402,362.1276979611285,111.7290453538919,157.17397814853712,1028.826573525057,199.39368596591405,165.77492045747883,77.94994770728101,245.32545648222984,282.0778748411432
93.5181627673253,51.93912811986592,7.40971810152061,2.827014318512465,1.468276325920747,2.7570973951106312,25.050251451848098,18.618034853430206,10.950251151507427,31.847964605219573,212.55016241892395,23.963132904902494,6.933027507926434,0.02989429726386429,8.028391457726277,High_Achievers,Educación,Laptop,Fibra,2024-I,62.577554640742655,98.68337375624753,20.625082945959587,1.7994980697669551,0.9856431488336197,0.47355418119712267,1.1241805433265457,5.383309731127613,2.5677948558566914,64.4325991981928,127.35068888587294,127.33379224321209,180.2027407050719,519.8263862563367,142.29045352105612,108.47013065743867,842.1972798884378,474.94239827849333,85.10323340147943,177.1231233344087,540.3160596909898,392.46035213891133,105.53206876246064,147.85126827207318,955.3935419852642,195.87558836346955,138.84730030424848,85.47988671811282,221.45166081082905,319.546396021958
105.617676767652,59.869908940599686,7.470312564323664,2.710644439873628,0.8424103901230551,0.5625988707294617,26.787292334473936,17.349632402576365,8.98174530291995,27.33628814339507,224.51387255506376,24.7880939298312,10.899651597239155,12.7374262258276,7.805532361912479,High_Achievers,Empresariales,Tablet,Móvil,2025-I,49.19551396102164,105.89281426219843,28.47763203379497,0.46962377850112935,3.1371362156612395,1.5264208307910019,1.2757452003665157,6.071446944301349,1.9098728208850213,-122.02156304608025,149.90183973608353,127.25298020986244,204.76923473499733,469.24167175697966,139.2545782554724,115.81051713112132,856.9816827348619,426.3570370065562,93.89321234858757,185.22172209423445,547.4727070341565,339.9501174273051,93.99874995237745,139.33769685509088,875.7763099783419,198.28043458182762,158.86448540880832,79.3464682538971,247.25326605963792,354.59256263383827
101.19137374434452,54.13650375159578,6.72303845137639,2.820244347386761,1.943039145114996,3.6790995375593627,28.70329739808573,10.055409228398817,10.076780113028939,36.49369278571703,-74.47448058367428,29.467993223593112,11.69813954919669,6.567813772299328,6.582220780652971,High_Achievers,Educación,Laptop,DSL,2024-II,57.347132916889436,89.23068694960826,4.521110588988456,1.4392088671701375,2.088538131748235,-0.1260615796430849,3.128561232192113,5.782732607171833,2.2328799102099803,502.6412221315011,132.89170807181424,150.00758887626864,198.1881920306708,612.4997882495319,163.62169490447272,94.32442454657362,836.5985449068385,540.1170607000226,105.03262007710175,155.62370875708942,580.721209690285,249.24074254065488,111.78320574354899,198.6268501288534,994.509465981181,269.6712569273059,131.06876718322565,87.71639463504582,175.4839007285214,228.26113694991267
49.74990449098741,64.19832844302576,5.780425795797222,2.7688196202245217,1.7425425390968934,0.5256123602651391,25.926377021811653,11.913829263072257,8.16263446317828,42.043560651153356,253.93934332082102,22.146213304458385,15.806207798450322,0.6956173611333565,7.045101566533566,High_Achievers,Ingeniería,Laptop,Fibra,2024-I,60.99482867638091,63.82768264603437,13.19681801594222,1.0799194294011694,0.36677159580734164,0.4508167173934385,3.0513992975758524,4.164822011631869,2.31088674233561,813.2586800297717,104.97008592600761,136.2464271640296,140.59907987872592,477.51207949406376,121.8233464845003,121.05745485254695,676.8982663801532,418.5998888081426,108.78571519199352,164.3369649205552,601.7526611411192,356.1935763593578,104.2995387817147,123.10038301457936,820.3062720583933,191.40549732364025,128.30712714621296,65.2777147642893,182.56905034504,191.9887112972549
88.88222322531651,56.06615077690506,6.689271719377904,2.760054960735085,0.9317858934440486,1.834130942656094,25.049269151128293,15.190128964851326,8.090967574726587,60.37963667674198,233.88556479883232,28.033411465375107,15.49885246543458,12.246073411224284,8.466967378927578,High_Achievers,Educación,Smartphone,Móvil,2024-I,76.71539575224551,123.50400764025034,16.27666049856994,1.4791700893875235,0.2756392076780636,0.5297934990450697,0.12655650459345325,5.729377852830622,1.3870685989056077,1483.2372425010358,101.46878040378324,135.45138747046946,153.52860198810683,449.7163956207423,111.3843747855755,92.986657116763,649.2971061976804,334.25089296759677,100.1426334669056,156.46774204544087,555.4139035757794,267.51486676845525,108.19726960044328,143.12880871190956,727.1478800614233,220.7360853415314,131.00513378964092,73.847939443041,194.23728782068113,276.341107502274
79.63819015179979,62.74000404865337,7.252598771153625,2.7899933118477365,0.7683707410075991,2.5517449382497377,23.646920228899404,7.012230052082745,11.335375306860174,10.801253810686653,148.10124133967537,23.67221874594371,4.309641837735967,12.462211390647125,9.210656110171103,High_Achievers,Humanidades,Laptop,Fibra,2024-I,61.53933702256522,100.23729985848516,10.207823370788239,1.6005431045861394,1.65278224847208,1.0150254204462075,0.5509391262436935,6.480256109309876,1.6236935642839305,1212.4442863077647,133.93820775854047,144.79843183493028,175.38503625161752,571.6871744479622,124.9486744126126,116.7938010692837,905.2339238667357,428.90052721232166,94.94057692974835,179.1616371686871,612.0993079339368,363.4705496382811,115.28865820772197,155.48244381694974,841.4056030644269,198.06065438353798,124.19118046203744,76.27760242668775,187.86765212670863,287.4739065647123
64.76727407929337,59.38623776918465,6.382666080385069,2.6619449067951333,1.9557549325992483,4.798637786224139,18.68625861998741,9.06068883154678,10.063094557571148,27.511262497846502,443.8116273994115,23.729492152231163,22.192812666079316,8.242640636031403,6.106783774238804,High_Achievers,Empresariales,Laptop,Fibra,2024-II,77.78238192702692,92.57920840681082,25.552165867490803,0.6815058623518735,-0.04213484228688569,1.2364938190837145,3.453011674805339,5.6613336776362075,1.3354687837115427,992.4425812746304,116.70642933616026,147.72511607141237,177.01562283900094,582.9518179946891,131.1870210288031,106.93574303564948,760.8509095403227,362.98816236295755,100.1239345215337,123.08628114361973,452.844187895756,261.92944871945366,111.08667490862229,152.15822408279445,708.9347682055618,221.06251684395636,129.66024035087628,78.43497310187233,199.5040453915695,218.08108470143608
99.43203961715507,58.811559747667275,7.014776130562017,2.74583367166629,0.7878141019825051,3.2348916585994445,22.040585750482755,11.000396629794551,11.322971360617403,35.51084068656373,63.676438116701114,23.061584151748114,21.270618010928768,9.091491754721368,6.497335903854361,High_Achievers,Ingeniería,Laptop,Móvil,2024-I,93.6975641348545,96.11336054797364,7.68280812905801,1.135662395333786,-0.013070035881196707,2.4551093804935706,0.703000541996164,6.710396730486765,1.3003561660227323,-7.203905147490559,120.86536841162517,136.79199855423755,180.89632882885817,599.7570031568023,156.25820424699995,100.01927283962094,895.910210686906,483.18228209214715,81.89334639351785,135.65375758261186,479.5291912243596,292.0984373406261,121.44363289967352,139.06478105789554,834.6149642437335,213.42404064553077,128.07017035225064,96.56752539836293,220.78534110568634,320.98159015132546
91.99166766195363,57.33154596699811,5.26407536810113,2.8381606168995472,0.6978812117597096,1.7137149812887968,26.996511435737954,11.310030327166697,9.700909246618334,38.90813477688546,296.07295986323226,25.785888969511728,7.596305001599268,9.472680902603416,8.14366255470758,High_Achievers,Humanidades,Laptop,Móvil,2025-I,61.47479044314642,111.81106168336414,26.564335136370545,0.924018918556942,1.4985257630435296,1.5134017549062864,0.5898556345756536,5.524723971933506,2.0845962820252906,-14.789407957991614,145.39411818524164,160.55725643796472,176.75510833717823,583.6813154229554,153.4111780205669,120.80142504937037,851.7619862946324,523.3735747971626,108.84419169330822,177.81178939020427,579.1836487015507,340.6444344741252,97.73742269438246,166.18462923106947,899.1302799912885,247.29024902177525,146.35911071105895,94.14284476662628,201.6638878173968,278.4101980757601
92.41149231722595,68.29655586256702,7.821013793556505,2.81211697594497,1.0074315604290403,2.3602287378647153,23.193876942649798,14.498847428455742,10.802580763030225,70.37309813513517,166.73419787006492,26.3615925401794,9.271636453693745,6.139714581253693,7.514441607620038,High_Achievers,Educación,Laptop,Fibra,2024-I,79.5025974526677,105.68771343241096,16.616904957042568,1.7152065753702113,1.1928932711233144,0.830628651807447,1.1648963689497047,6.771202702441099,1.2721149759588428,-102.61184657382654,120.61145132204533,140.2006404509642,151.45725644865848,520.1920365224692,145.55978233094783,122.17881772771769,857.7017307186669,454.51723525827185,115.15704017024093,170.51113940225628,655.9331159452546,312.0693815555514,122.79412339354852,160.9316116391051,797.1152713560704,228.6125870344328,133.1622717376269,77.91534939596515,215.74453210240966,299.6239518167429
63.826390938719015,54.08396173558126,5.367011044748685,2.8324420101394105,2.215391565176766,2.4281079576812257,27.04313502376228,9.554537510373155,9.335802608936808,56.706868750325825,252.65624297320642,24.753846554452817,2.708083852683391,5.775607333238224,7.579065591496366,High_Achievers,Educación,Laptop,Cable,2024-I,76.72755270625744,103.73568067966428,25.39889312912282,0.42456898307766666,0.11164186043182817,1.038886648524482,3.470465993592115,4.936066025285881,2.343418932883896,289.121484229967,131.62915093442405,133.9500506351003,191.0121501538416,545.5732441836672,176.30071859468754,117.79255063293013,877.7481044897768,490.495574842643,101.72047526729348,146.3202227094703,525.1042136065497,283.70502865078265,96.37848374403228,136.46878456032184,803.0621692778728,192.57485944928013,122.4163045654771,77.30291845205974,244.09165281445954,283.34895749907986
58.184002153514896,52.70122587204435,6.818257395767144,2.39950993306691,2.0926859315091217,3.2933993500623813,20.609369735184,16.257615936827705,11.209632642208708,81.3897229893243,321.7412818166208,27.05276888156264,25.186139622139,2.8872811760817396,8.656024122816987,High_Achievers,Ingeniería,Tablet,Cable,2024-I,61.451965268501546,92.2028911937826,17.793360522490786,0.48357948949077995,-0.1844536327720051,1.3817217267067232,3.126143707222097,5.647601172357639,1.0938426072202994,-647.7378810980549,108.19855735900572,110.39918775583331,149.13042837171253,492.6202764968694,153.84092971894466,124.8167315520087,953.3742008691286,547.1767913780201,99.62823825613945,164.4055208578724,390.7003157995506,335.5263272307426,119.47266159526094,182.20964357397338,896.8274508990683,242.13217273376972,129.76252002385777,65.01154135850922,202.99993381476241,212.8811680505329
99.31228547131752,54.50750285223659,6.897894057338442,3.0780179884444467,2.6667532174047963,0.8376459759524875,27.112635469568406,14.86254169231692,9.832873299809838,50.654058053622464,148.43921655761778,29.20630104176793,19.123036801128002,13.848094146788043,5.916929008122819,High_Achievers,Educación,Tablet,Fibra,2024-II,87.09426945953976,117.91361133799798,17.40258391338364,0.31927768039276916,1.2831070614331397,0.6446241435842845,3.7621694595254103,5.3010759612835985,2.0867974586203966,1105.5262893353151,133.14068616086675,146.03180395520693,164.57091861538456,602.3428321262547,166.62293331587452,114.08139784847434,833.9651047942737,404.5713179123636,98.06410339320115,137.02985427184169,509.1934931408719,275.08150736576346,115.75564066548984,160.15528689872298,877.2690874840044,211.47122312190234,131.5610466007809,69.36621672423372,165.5036746753581,316.8814531951971
84.58961194492791,55.33664988182561,7.531968924372927,2.887954407304783,2.2354429798551028,0.00885908197191898,20.815275798154353,13.491861004053002,10.529910925965844,53.89536952334872,263.66044440065184,18.54913370142326,17.220355522859258,8.799914271608083,6.133725399674406,High_Achievers,Ingeniería,Tablet,Fibra,2024-I,65.73834522347725,75.87944633696688,12.358948154794842,0.7923403991357554,0.04468945005156877,1.324769381868845,2.3183867477766857,7.1322196059091745,1.5393801671581382,-166.1336691123047,114.54212983011871,113.10295154767199,176.65180690542786,501.22781116416553,166.51800924082758,97.40713779832808,901.019872171148,436.52194518839696,96.7909568996624,186.74523465951748,520.324484735246,350.19074813717924,108.81647379826728,160.58408533376624,852.9695219783479,235.34580168432797,149.78731790218686,82.51746105058174,230.29511567717216,279.47790836952896
59.2138452889751,53.29593053712132,6.859075921458526,2.7358668120383633,1.0718141359681819,2.1448339293876195,29.014916651425267,16.867081261183625,7.902019829496862,37.96777735366648,96.99305369460113,25.24370772462762,18.39483767160908,14.316810565177878,8.958880031470047,High_Achievers,Ingeniería,Laptop,Fibra,2024-I,70.21151530452836,79.93540614829443,12.685842507483452,0.58846687063775,0.4311272276906226,1.625820643366423,1.543220318714332,5.338435407077233,1.9799036675682224,-228.3458763508138,147.45106226637301,156.7833802359558,166.26077577438684,600.6341615492305,137.4837745247423,116.58948315474831,882.4241158495089,442.99974749889265,99.42328532716233,145.60072750408003,456.86401455281873,363.43076756845613,102.2544763655756,137.75035616637626,883.5899815582596,190.7056755444266,142.4353634552665,89.94566362788166,220.32589378394124,300.3959262041279
75.53507772847419,53.230070432098806,8.246525475985997,2.9079210635214063,1.7169320980327327,0.6442707416819116,22.89618773234909,10.78465108299039,7.315127772899307,32.74509653025546,86.39653555675257,23.74492766092851,17.684095837205078,1.8262222441652542,7.445325853384563,High_Achievers,Empresariales,Desktop,Móvil,2025-I,89.79381544056618,120.24555164598233,11.133917166846755,0.600191479694807,0.9418899518188146,0.5350242071647651,2.955617772583322,6.587599521493957,1.8416300713787788,171.4312609400891,130.03253304021376,140.3248047755054,167.81654165579545,550.2836811937419,128.58398815696117,122.18786245655345,679.8219050909423,454.7630520406147,86.9748740933805,151.62980032476975,585.8125708828833,346.9557033271412,119.79875282027203,130.8961056494482,784.0951807716629,169.66359191739838,127.09218854667697,90.126449688096,235.7918952583713,314.4517993079778
84.9019550463518,60.20190875624577,7.3722220707597295,2.670517078158059,0.5364883952880655,1.0102157509697625,21.648013759561444,14.140462650003428,9.730683760455204,37.507255234274034,233.29175934950672,32.17871173833764,2.071025417698456,11.154452368498749,8.138227567162884,High_Achievers,Ingeniería,Desktop,Fibra,2024-II,80.7159676093447,130.17589593846603,13.805350472779708,0.7815251964370727,2.1913931698347833,0.39331153480350356,1.514729613370233,5.550383823983799,2.031204731603883,-324.62805985953236,123.32831121745177,131.77579594570508,159.82424600813974,535.2997707068785,137.52882412911345,102.75827326203154,616.08953560038,393.5027089076458,80.84685903866728,125.9716932710582,399.56494306200057,235.11053324333278,96.51698718200642,156.4431727621521,731.5437958253746,200.30447492851567,152.222352486318,90.16831152242462,220.49201318425742,308.62804348729213
119.34906782497934,61.22102772699979,7.788344208524551,2.3940161005710396,2.7471964697555014,2.0256009322714514,23.53986952005787,9.887541309549588,8.38124255785208,85.0561864833162,129.31075729689275,22.028198607975423,8.425646911218157,-0.16232632111538242,6.3529963921776655,High_Achievers,Empresariales,Laptop,DSL,2024-II,76.40349624698703,148.90011998975575,13.614014314667859,0.5715426816216133,0.34852377417851965,-0.0766897182103099,4.114354346795859,4.791037411266729,1.8656336945867835,739.1787897944189,126.04599767531157,125.06727359879748,182.4557521550094,516.7482855376306,126.36321852297763,112.2179775206308,725.6331979665255,455.5022831274922,101.73032013557494,173.31465340781207,600.2573552869949,322.99392113522333,99.8728833005147,154.27243385981683,841.292013802908,200.59791626491625,145.6430413889356,91.57413964076812,206.83146349691575,307.0207350679458
87.71786310225801,68.09699639943817,7.406752560670723,2.9167101457941316,1.1955868368549707,2.3463773179697798,26.47756340435476,8.860246158073815,8.150917581590022,54.039014896480595,149.12517283209672,25.403607865836495,15.089950645092316,9.888801510560132,8.784282470426561,High_Achievers,Empresariales,Desktop,Fibra,2024-II,85.71607112350702,129.9738035275167,3.267258639987369,0.747857772045169,1.6745019526415572,2.031519288844921,1.4885167425289358,4.950755921672722,2.9108421126228343,-116.4074325059554,127.12792915899684,133.83193191118178,174.56865865619912,503.086031409708,138.38571100186144,131.79916725920307,809.55980009656,401.4057761497904,101.62842074299331,127.45250689148034,531.0519914173194,304.33255520102756,101.96411607139403,165.2082758906764,751.410317613687,195.5516415951432,142.89091707621967,71.56117868542522,223.8898465830045,312.2895739211954
86.43050128496486,62.144473996906754,5.909533511951004,2.801750854369669,1.5817663789372218,2.1374548176753243,28.11633936264032,24.350147778904425,10.973564073359267,18.90527419537569,146.87641499721545,26.226196267335222,8.92801732699294,17.080715520712726,8.391065309610791,High_Achievers,Ingeniería,Smartphone,Fibra,2024-II,63.25348377127752,96.01919362464362,17.25767993737851,0.7831531620045327,0.2817055422714285,1.2848339179302815,2.746137029762644,6.3178078423793815,1.976819742832746,670.3579458951388,115.93580969575646,116.19037740946882,139.31669253972933,414.5702294519385,142.30009018248225,119.76472424593855,853.4216301114463,398.0299848325632,110.57789115604704,180.50718404419098,670.4499584217835,320.31361576851737,93.45453126843265,152.0481276983027,853.7176766981482,169.82576932020106,162.28397892987098,70.06077155328842,207.17739227327988,268.6104640321937
88.86189345828544,49.15341160722926,8.822526386163476,2.888669415742565,1.187374239316428,2.374460622302168,26.671935731419737,16.2360521209227,9.2060453508042,54.00130145959572,165.42377413617305,28.727194051372035,2.5251615512662955,3.8195567758750943,8.700014760892842,High_Achievers,Empresariales,Laptop,Cable,2024-I,82.10179124720614,79.79038137899057,31.48300447492128,0.16304185393948423,3.320636795058607,1.0427610658576651,2.414651214180789,6.361580111444835,2.3147482521213845,899.9903410517595,122.15802105072713,162.54989145140644,183.45534594851333,575.6709355119599,136.96276162141137,111.11939847597297,741.7822080131964,409.86489488862725,97.95342543065436,163.21966760623056,598.2604934508931,375.2380491272564,111.40085190288856,144.8232719352764,782.3697766080679,205.6086998327815,161.2651744963529,86.70941680263964,236.5526810259586,289.1626747099816
66.51035128557402,57.80983880338416,7.623781243115807,2.898398628778154,1.6544490338041593,0.5699869132780655,21.208858466363775,14.470959269675978,10.843506459882239,-22.533476306370414,52.82771755544435,22.988239892993814,7.274199469414755,5.093749683845552,8.263418814366474,High_Achievers,Humanidades,Smartphone,Cable,2023-II,55.55834424748937,129.8942755393154,2.576421589798876,1.6491077617989118,-0.06324696976310623,0.9357593158465524,2.904087619805555,5.563132558471706,2.1475546822407945,117.01506058269626,112.47925578585824,114.7017938417133,182.79418701810246,536.6851354208004,129.6598145886687,101.76316400005722,785.9418287722717,472.76593470351514,80.27001767015949,153.912347352783,476.8360735097204,273.8852755483583,103.25507161758948,160.65520053799162,975.8706110556135,209.85390158430332,137.24099693416215,82.59568783419996,226.88790811150943,261.4392194716976
86.64276694570368,53.725703369047885,6.2527237807647795,2.7089029059493868,0.5205790129483934,1.4772619719851325,24.74802962552414,14.137829315607576,10.27786052524036,-1.5383342756444947,269.7527957901757,27.32031918164831,8.27762473265831,9.729779490876258,6.469844786755116,High_Achievers,Ingeniería,Laptop,Fibra,2024-II,78.50804688713475,126.20048615139257,21.32032033575313,0.3417287459924224,2.193762469169999,-0.07363396961635865,1.8170303909472119,5.920189686431373,2.4381125854664765,31.01242872653205,129.69483446502804,149.20411642780746,149.0194171067015,475.77028428200805,142.2464292470124,81.24581934012714,723.6736904862563,412.8850240253266,107.60461440475325,155.70612984929514,573.6260177986927,322.86848492274,116.39107083817362,170.44367531545163,844.648961573641,168.9548389072616,123.64948359339786,79.88440011519425,205.18765309201723,286.8053957031188
84.41652069874033,51.190417054799205,7.69195070906846,2.71633241811467,1.6682104250834544,1.1679324102697632,28.079658999820843,13.086344765882869,11.271371599045242,46.148907058773766,34.40214260122626,29.30473920459644,9.210845786327646,17.145885337427362,7.410473414222966,High_Achievers,Empresariales,Laptop,Fibra,2023-II,72.33097747666473,86.52769718524033,14.286418528195226,0.653566423853957,0.8524305460069472,1.4249981955032534,2.21601996199678,5.696252546622062,1.5338734758914367,-10.496691578487685,109.73186717859572,123.44644653692042,164.84220450242654,571.2850088690066,154.43371170480856,116.09976955959445,811.7774911930067,445.4285551924766,73.16292468505412,126.41148355845633,451.1655119879516,304.525220815923,108.84244864038601,139.55674705397857,828.9737728894823,184.615965146929,114.34919995073805,85.6951221706254,207.5858982821479,274.21298781216257
122.14668831072112,60.888357687080365,6.4449758125005765,2.8844540138536474,2.512126460068349,0.7163470180317661,30.857670965508476,13.663456109272929,8.263336442776122,31.41711609046927,302.7375203391423,26.643509176090983,10.005370438122247,4.168291134398377,6.457874338022236,High_Achievers,Salud,Laptop,Cable,2024-II,63.54379587318531,102.7386719589287,20.434290664022807,0.441169883056186,0.7491054330835784,0.6134706559699429,3.3289616346263506,5.324467827519304,2.1143678007604625,-156.24098704953536,115.40521181557725,136.92790152125855,144.8467690213842,457.6967990008385,147.36369922990232,112.48215871665874,785.5609202491238,449.14528729717927,115.04008422545564,140.27789447473265,639.3646735597673,316.32870712665266,97.4892302822808,137.4736763612521,787.9099108472809,220.72751208790964,156.1836628091431,104.4205012806332,230.82918700508367,322.02332538939663
90.84660696805716,60.586242449332005,4.905887662588196,2.9033829590881473,1.2705713385898472,1.8451405083248136,23.432119071418434,11.48873658110331,11.003101100583013,64.49609821419423,257.3789775619643,17.71646094126784,10.445319103306623,5.21218566378368,9.415655856213915,High_Achievers,Salud,Desktop,Fibra,2023-II,76.13700709604481,90.15279030204252,16.18148298672151,0.9577232752879926,2.4536851458741835,0.002778122886230028,1.4497477625976378,5.907786968916055,1.981133088624864,200.63139344496878,134.99039018761127,126.89639229884021,164.62699352553372,538.0068555841417,145.14176087185655,100.24068114891483,854.9562091615808,372.77060932210077,99.54092278512996,165.73332812819464,550.041855312528,314.10311976904995,101.21422388964196,157.9558452377615,888.088983907561,157.19387311207888,150.52940898416438,73.33382338802136,233.8246714407655,319.99164948116504
94.37121577934191,54.93518606192697,6.953161823293002,2.639850269360938,1.0502486931136163,2.0685652567865427,26.346626746069482,11.559050529856046,9.602470689143948,42.86331611523991,329.69144995337115,22.360294547976302,6.985195218555402,6.197738658247702,8.929299800144793,High_Achievers,Salud,Laptop,Fibra,2024-I,71.64499803030631,129.05688480484062,28.792646058542143,0.9914829351516687,1.1862380813483786,1.817622620411562,0.9059450191612817,7.530889293482279,1.2889863251323648,464.58912325512085,134.15260390168933,123.01691606870156,147.77892172313224,589.8967810257794,149.38531654784111,101.25895277289708,823.7027613357167,393.16584028372034,112.55634863256276,147.351243069893,593.9816175875634,298.90331356694537,95.1137836678825,114.55551985518561,759.7567142757534,176.982542651041,147.97989356206554,89.31276129136414,255.9953714920523,310.3046447015982
97.98491426486743,49.572865197915675,7.309241532972802,2.829088027907221,0.9644088204639345,3.0734069800779054,23.569085891272497,16.826946564777707,10.182568260979176,43.36242768059577,176.8351819998681,30.261712913031527,24.99949658253784,8.327189830813218,8.634654283208366,High_Achievers,Salud,Smartphone,Cable,2023-II,72.99744423383089,66.8402291456588,2.021396186210958,0.8452048195035602,2.6354540579402927,0.5462129141858395,0.8626001416499829,6.927628574891094,1.3318297176950922,-305.6639449624536,125.42842178741961,135.85401284633517,204.69127396000462,590.9668512888508,154.06402519062567,127.7773533280261,747.1773007851923,558.7945245774791,108.63956699561707,130.9507493399015,533.8329651991156,331.4380317827696,102.04633408748789,139.8299171258492,848.451139196617,206.27978769917843,133.25523058551215,74.27982954356492,235.10342994857695,268.11287306098524
59.572236086439226,63.0912756232752,7.083134606721598,2.776280966357712,1.176772803228006,2.4172295856085526,23.729600108147118,16.4051634392656,10.792335551372307,19.699766635013862,280.86147838239924,21.387921934131757,7.862569488817362,21.983209804670615,8.571978711567864,High_Achievers,Ingeniería,Smartphone,Cable,2024-I,69.55561956220134,135.3061841040024,8.763414172318306,1.2563020563313847,0.822115673701787,0.9039231997729956,1.7373330092016386,5.5092279356703635,2.1327686114759503,93.44969599036045,137.45143652045596,121.2636988296265,167.01910094664052,541.1908208485927,154.31186084062588,138.23834582910482,828.6846471926758,551.4772596474787,96.36531222244757,132.6688349717651,495.15555071729085,306.93162756557535,102.04590078289094,143.56197691613224,892.7311919592267,203.56300725683468,139.37564844425674,64.27666386058554,190.78425285738197,246.61341107937037
98.4022690399568,61.10073450240487,8.116203568965474,2.9257642072189647,1.4946469902782569,-0.1530147712486093,28.965791404957553,8.333112710528713,7.789349845492828,26.90700695896811,128.55809896569406,22.772220230229827,21.44010284480725,9.93458170445945,8.214747034881771,High_Achievers,Humanidades,Desktop,Fibra,2024-II,69.55751676284544,126.8696687169966,3.426722404099236,1.033859824670771,1.2178898151413697,0.06757564170651315,2.982313570485366,5.633141795079386,2.2300968371141505,523.91082515947,137.40181699781817,163.30013746695224,172.81383958477016,603.7554379707583,159.99993116828506,119.20525663024777,985.7223710479581,512.7059037369917,107.03308109078152,154.9826828649081,560.8282947044005,293.7567240047204,110.62412321114671,159.6271530440432,988.5431471399149,211.40813639293484,171.30931180016972,94.45589444526148,240.78154796442374,355.15086580666014
109.84118717886196,62.70775842834936,8.290872344770749,2.916335044691017,0.8983781786626316,3.1279322624149435,30.536610468101642,11.458724451300466,9.751658675482966,56.46731548687879,299.92830263392494,27.574583938685365,14.159762414027558,10.651516456241627,7.334409556988636,High_Achievers,Empresariales,Laptop,Cable,2023-II,77.21994652502003,146.8822461260194,19.062766704428128,0.08208230540023147,1.6283708097885683,3.155613151934256,0.21036635059241804,5.00279992237479,2.466524221597192,461.918018864564,145.38619578941362,142.8413759143231,193.19210722144297,628.7409896175182,135.69023617124378,116.44990356319303,878.3897859628225,460.3024381051456,95.37317867582055,138.37155259498917,543.504366270081,225.25175342456333,119.9481533218676,165.36931255825598,1006.4671454404204,212.66913191827678,160.20396075536144,102.41464567105265,227.9516514316827,302.51003840156073
92.83335106138422,48.03796682570348,5.9024934926890165,2.7844333207464955,0.8552650910404379,2.897569979005703,28.204097754309863,7.791227276575231,7.438325212249996,80.95190423944717,67.0057666062881,23.29133458361811,11.485907029762823,12.618857905830792,8.197558741033307,High_Achievers,Empresariales,Smartphone,Móvil,2024-I,69.08729321322254,86.72777102571528,24.787960524179223,0.9817158393110459,0.5152186687516592,1.9750685419775134,0.40035145161456887,6.681205694729565,1.6404791308484066,-976.1331453340986,117.05944562692585,145.93456995655717,180.63202201815434,546.9053750477708,154.43153571915178,125.87298853358845,946.2745257156805,455.4902617053244,104.21028782391309,158.82754434436944,484.93501493425237,368.95011704574046,112.86935365871115,185.99186263294902,953.3171706332761,223.8520905206342,143.01992474075143,79.69883646086586,252.48716075276107,328.2396299248437
91.76376543882107,56.67312298836838,5.923072615663538,2.825981664831085,2.9824095615162842,2.550511017147792,28.054190143648306,16.12758195048495,7.637132461290804,73.01804114005049,264.5101120324521,28.758519699332336,4.6435259904810025,11.938707984945339,8.977235524073826,High_Achievers,Salud,Smartphone,Fibra,2025-I,77.4594500999213,102.53950010878764,16.591889811102426,0.27755469696320706,0.4640595077839825,0.008912604375023558,4.444085300578242,5.682148328170222,1.9419697716079938,788.9179697938988,125.94874212936142,122.45362314411575,155.04454899245792,449.9587479541308,137.87541999796122,113.37312220061416,753.9541627652711,434.4382002980234,99.54619676021662,168.5306147804193,612.3976771036032,334.3567162524226,106.56481577545549,154.7011184653476,837.3801209973135,205.62669972839288,152.52249438771406,91.81303984179914,227.09997951612985,299.4841071763294
126.65767973785293,60.081086400797844,6.615331035619657,2.8103188857743535,0.7973889771578948,1.0288880739138189,21.808548157190458,6.220659040265547,6.500333865389968,21.44006390135049,221.63305557814044,25.995631140062052,9.448735677953291,5.38710627703291,7.870039719085652,High_Achievers,Empresariales,Laptop,Cable,2024-I,85.96616400736363,79.58542443781141,30.265967369362574,0.1833549226003361,1.393839682844263,1.7863011891968275,2.06782687081685,6.031427720052409,2.258141999511196,1115.3507635114274,131.307264523798,127.59533409679102,192.59646622612223,433.934997260365,120.6154289287817,85.98385185520434,624.723890493438,386.34445952581865,114.14673900872069,154.07445438720714,640.87497827231,361.7568597443827,110.4338867707093,147.18235874985393,694.9467202259852,235.99311834309682,144.61492927966626,82.8133213736641,222.08285819371415,364.6212173078878
84.4750776491924,51.52356142790835,7.282669453771349,2.767389651272203,2.028026418965989,0.47320612945614177,19.680603038133444,8.695478495829473,10.151959612567149,24.79538334666134,201.291933357423,28.63585825992126,18.715614723335378,17.715319158047524,6.8047047776023355,High_Achievers,Salud,Tablet,Fibra,2024-II,72.65793335860484,113.36951175007806,18.153906986783856,1.4931322083037664,0.7695117497619353,0.15444490368050956,2.5872339945330847,5.823001879634499,2.1743022254733777,152.62702637097385,132.25842440012224,119.15218699932925,186.06950742151358,460.3176331488657,145.06395003938002,113.75546767847494,817.7040486944494,576.6756461326728,94.94286135875589,147.92252963279634,479.7135519931323,300.19574881740175,117.8904431693368,155.30047178174303,883.4460383637921,229.1284683586214,146.94027246605162,71.91294907360685,225.53343539484365,321.3522772580398
88.89256638092077,55.98814510776169,6.014160367038227,2.901858567642465,1.414394194340999,0.9879726495932111,21.923252361926206,14.533698858021523,9.319544366202276,-24.87390962150354,241.65498243445393,19.788287829333758,7.93786501756487,9.67636857817182,6.911104576548856,High_Achievers,Salud,Desktop,Fibra,2025-I,81.14817009994407,128.89679775269786,18.809755593410863,0.9301559659709273,0.15704511446014954,0.928179839239595,2.899523201173052,6.41546543907014,1.6234712906123239,-463.8762816923192,112.46610879240993,138.6291659222442,169.16201377879273,496.58203595081346,152.94778745256642,123.79440932108945,758.3050379252636,489.6238777440935,90.47385361392165,172.61439602396058,465.8234088872916,352.91411068691093,101.68049377068255,121.80483407859958,830.7015690677567,184.48231168423553,143.61843980717666,78.82986005177739,210.76374821138376,337.6429188984969
123.625424339713,60.96515166984815,6.954169499449334,2.871094348687433,1.0416657618401097,2.828995191608884,22.44262441106727,7.033990455662591,10.78343958115163,3.3895962346883515,170.99686798949875,17.969568512361004,5.698369714108808,10.299472134245292,8.608603813951289,High_Achievers,Empresariales,Desktop,Fibra,2025-I,72.1549849288096,154.87754158461772,18.115330645112707,1.2261904741361347,2.093182679068648,2.048510148247023,0.4459654447261667,6.929668924149587,1.8823301307257543,57.69927418162092,145.17935781696158,152.2049082616118,200.7323170704313,623.5199061587105,153.77666338947003,132.77776655714237,879.1489821426753,508.4792764997563,104.03734401300056,171.6565112628428,613.0676891681912,364.87164482162063,113.2162474915346,122.53556850856941,899.346484540565,185.65341110732382,132.3268556618007,88.82434244459498,194.6256852274404,318.277721015517
69.57455794554843,50.104494742895234,8.23768511945954,2.3395258482070207,1.0252178055869654,3.764896533964599,20.33148055251012,14.085828164444209,10.864077711771538,17.202426281335203,182.70851220976476,20.757794392507428,16.7024775926836,5.481731553659864,7.627240314803448,High_Achievers,Ingeniería,Laptop,Fibra,2025-I,65.01231649372326,97.66910764768326,8.384618790676313,0.8316044617728879,3.4449771009530337,-0.035120283526302365,0.3610705718501123,6.194172126083174,1.5161290380556691,45.656141746692185,134.37612476429499,139.33264752852423,169.52845402155256,545.4072308568323,149.0894414976714,117.45475295643405,850.8567075705993,480.3820776296775,96.31093022277662,138.47901489028771,562.0913518233704,213.16223640453907,122.84103476707594,144.5015003827618,808.6870767719212,215.78995513937926,152.07333691070693,86.22067319055884,216.48375036630173,286.68487656749727
91.75815995720077,60.121057166401016,6.897214698725103,2.8703557893512603,1.2038490222515987,2.5982448301032286,30.20024621770589,11.802956645802043,7.618574874337994,33.58320067224264,197.44296493230232,30.479887692288244,24.451010152301006,13.870130515487805,7.7814793428108056,High_Achievers,Ingeniería,Laptop,DSL,2024-I,64.81384448817582,111.0594158336255,27.247834527714343,0.7448820850256133,3.786642084474758,0.31323867609803074,0.26066566766970545,6.832669517671761,1.288649684028337,1113.2320255285022,115.44749358059218,160.03916535006863,169.5575351741805,646.6547858046298,163.77765620393834,90.45729619253554,801.9960909494142,519.9720706428085,92.94760461602532,167.00088628715585,625.3629435414442,298.2035294264713,109.72382529194837,144.12763756835477,853.4372014276825,179.6967523935617,147.65256413051583,98.02847445924729,212.448062084794,305.5231516293298
110.49183733878033,55.73284027155727,7.026064989337458,2.6603487780730766,0.7373514850256713,1.8198132518238908,17.42729715177324,15.880104801176149,8.200569857183053,12.21070407456427,300.04209603827616,27.44591660794765,6.6340952781949785,12.419169153987172,6.3539151588724,High_Achievers,Empresariales,Laptop,Fibra,2025-I,79.04343976567128,74.53234853207813,19.601607159840277,0.6238035647979256,0.6331294134463236,1.7847607984470466,1.2516815948679638,6.096487463635731,1.7437575178105627,-106.91243635287367,137.50187324983523,130.92218837468232,172.1275948641971,595.6126721226908,127.91198211089804,115.7929602468607,704.2401480075812,463.2853697482272,104.17845315888083,171.99001090025504,518.9954691222696,301.7338969015588,102.00463511392284,158.47728608937624,885.4464197802829,186.5561104124055,127.85579656072917,88.12902518604015,241.70232889154363,315.55226527355626
92.14601831710894,58.41966202989248,7.358887575415808,2.4183372509771495,1.006180845959075,0.8348737451182191,28.10950934565773,17.2843031238939,11.600586159891046,58.4216317259978,222.0117696693772,26.51895461597631,-2.7981382975528337,7.374146110265325,9.487430822399421,High_Achievers,Educación,Laptop,Cable,2024-II,65.78051548397947,112.8203415749031,3.2405252247755874,0.33496461135289174,3.3162423739073055,0.4146126327397084,1.3223888616611215,5.535568063844009,1.7089537364895548,289.3144421589401,137.37882949567194,126.6168942024539,204.8919872499541,478.69885989599254,141.89841935859536,134.54619059813257,735.740142264249,433.45250614415477,93.65305507914573,163.44038288431355,655.5750915532045,339.0717118500817,110.75290509528567,150.35815871280252,886.234867134546,187.3014103053976,146.20239997902152,84.92220603132783,219.3191794423834,309.96532680928436
66.79309153015764,58.18591847450057,7.36530651892143,2.654037638843231,1.436270719148038,1.6718109379930148,28.167855031654796,12.432970070337532,8.15519451615624,14.644670702220262,236.36126810796844,30.621042621628675,8.942838552509071,13.771474369009875,8.028239735610079,High_Achievers,Ingeniería,Tablet,Fibra,2024-II,72.06311863111034,92.46931764982189,6.608661390193138,1.0508069192368001,-0.008716607441607738,1.3951937873068538,1.6305882593493244,6.786581775138051,2.135186528021945,1379.5870726476257,122.52073888074142,125.5160882916468,155.630879074924,552.0972146839982,154.92136817616972,137.47880741916237,787.737634163649,484.65420450320437,104.85196507218038,140.93737574741968,523.9398620588728,335.846958871118,89.68508086388809,154.80343852785919,844.0408841000689,193.59422268902557,121.88395593614999,80.14486730989643,205.79300266690575,259.3594177008115
86.87804571449054,50.991774302317324,7.786848714933995,2.7357428995596305,1.8276293942960689,0.5236561014112597,31.75564219937923,15.904084166704228,8.057398490059393,42.99664431482991,89.32742622310563,25.580885918985913,4.999527445646918,12.176426025011633,7.295101739317737,High_Achievers,Ingeniería,Smartphone,Fibra,2023-II,76.7698086582076,105.58830136616385,16.6816133490456,0.5329598877265421,2.184381442914453,0.3893831203882423,2.0520083559862234,4.8600976333841555,2.629749760146994,573.6570694056505,137.97407958641665,133.48473571579052,231.303395052692,534.6447275801152,164.02597143970186,100.8812526559359,748.3909076724855,445.97971186762453,98.70498116541152,178.58990553329664,639.4602812283906,388.1651997747431,99.1709192770745,119.89439657757657,782.8601907552187,181.47072858016514,150.77275640185866,87.28815459224315,207.57931144250597,308.2791155202555
81.26185822693733,45.21667536235212,6.4698728359474,3.0756249360340893,0.8233920075332721,2.357884177521167,29.356937033265858,14.358334841763781,10.39884714932048,39.819662030051845,18.387128178513493,33.59849964997142,18.600172912690272,4.2688813270690185,7.507242986513629,High_Achievers,Ingeniería,Smartphone,Cable,2025-I,68.99809097503096,113.75081200061886,13.526406022515015,1.8850754810096166,0.5292724542310836,0.28374771134882404,1.647395258708721,5.510318491477584,2.7318851438444067,595.8241468182176,146.43052918455626,126.93935100371499,186.83555690749336,608.2922023044131,176.3055218958265,129.81963466722416,873.1895132569435,564.0364706312984,124.27040487541801,164.9910848449687,619.4178972419907,278.8226697445143,86.31607135375336,144.73427802734952,726.303131555979,231.2977300120055,153.29730686445063,89.84987074618574,252.8865518739565,330.13518018803154
83.37178377269629,56.03435384366864,7.010219415356224,2.765900410565072,0.8830926640597088,1.7252667010217084,25.122464143372664,7.556248095975974,10.137888500432659,31.212549132199094,226.00590381643462,28.203200209358002,2.9304983235518334,8.390371761833325,7.976743506910122,High_Achievers,Humanidades,Desktop,DSL,2024-II,62.074201582116835,101.96829957744164,16.18329605141141,0.7788155724064061,2.7893714522213005,1.2666688457387059,-0.26064708062763936,7.080894843423609,1.4495587191848716,441.14638747714525,117.59711633947103,139.19514687865606,194.7982129890393,512.2268841838463,155.28255687567886,115.31102858890449,829.9347938904504,457.09633859775386,98.37593231969103,150.50459693187818,633.0477051785042,297.143295041166,118.28586504177085,169.7530370499315,952.8805181291568,219.07540254983655,132.49226087821495,80.8544477259915,210.35939441322603,276.1404465272231
82.14394159656186,62.947947045692224,6.990008065346506,2.669280722412222,1.73672854120265,2.6901644129922224,28.605794130391125,15.647008731376891,10.693812266838266,7.5904167798433075,304.17365453634284,23.61267087457375,10.157732902637994,2.8188317155808837,7.832716074212518,High_Achievers,Educación,Desktop,DSL,2024-II,78.42926042418378,87.28771117569727,27.46958555005487,0.31911292510547956,1.35736249481872,0.35293265417478903,2.187682476726098,5.28548420655481,2.1402646653392035,1020.5461290329515,122.24822541909616,147.58964878604652,169.34139640541008,567.3345174914223,134.40082137565864,99.27632782245993,828.0998744250527,485.6677002342861,88.64589642280376,138.62897059063823,537.3478069040826,281.6339766582219,90.6101978935924,141.47269059046124,648.5527697270734,166.48960973175045,168.64892762983905,87.77793755074767,209.93986943887475,292.3077469108716
102.94772449527504,49.487513915789336,6.579571296623653,2.638759155943901,0.8629575430843223,0.12430431549530985,26.095885511186818,12.948059230255335,10.132500364298124,-3.1616522978249932,325.9691505717568,36.186469785026546,22.390685972981775,12.01859635621757,7.707952646649428,High_Achievers,Empresariales,Laptop,DSL,2023-II,79.92342990663721,96.69257633164362,26.79710592170401,0.8533803479327321,1.6109319986720265,1.1247879162808843,0.5486794704368915,5.837578648122669,1.8602861469352627,718.1427914828237,130.71868141245443,128.13577179899124,182.22434714133183,655.7334974357472,147.14362788077923,101.29487218454126,760.854543936473,455.21893833405653,98.40538080592063,154.64498785828104,579.0003153657186,315.95516045992173,110.87611434404951,160.15132942290268,826.5208494201726,164.51233184159483,129.4055433669173,89.67925169137554,207.93993444828607,341.92845980862023
85.12573243468164,58.82901460397823,7.570936059890993,2.6879486515282895,1.0399330648618286,2.3652517233890427,19.86870090986891,18.66025219862056,9.525116273787086,6.1665493482897915,68.55198689588715,25.054285282888493,20.890940826002378,-0.8974395030652648,8.125942983833902,High_Achievers,Humanidades,Tablet,Fibra,2024-I,71.1797797706205,81.44846427474545,27.332988388594252,1.8469243343471118,0.04770234490746095,0.4349373677038859,1.6350054235065543,6.332374297024204,1.6908153046013332,1495.3033242170452,140.47638558176268,122.35498435339993,190.97876710365932,531.3721749536725,119.55567503571451,84.20257970177394,763.8329532814216,389.38460458792855,102.16337714245164,144.25383177976403,542.0072786067826,312.3578987716695,91.1492878324843,137.88275708536122,722.2492744158549,222.95795561824997,134.5677286308,82.8206094660912,173.31797088854157,333.0728282841656
83.3085864693488,48.471957257131955,5.819942543426943,2.4243918574913574,1.6210577201775407,0.8897304003483433,23.074082494878674,5.233966663259174,7.710404348432186,27.16195602703854,151.9679963514944,24.18431537875385,12.273866108678051,2.23288021992163,8.99510733199873,High_Achievers,Salud,Laptop,DSL,2025-I,84.13802451095665,139.7057855396595,16.734397469288766,1.0098857493515487,1.2150531732373417,-0.27243471350746856,2.0564102849462205,5.408741606650494,1.3988314989594306,1557.226702770466,118.68815803666443,118.53927962768597,177.5669937171607,397.08441669178063,141.06486471900138,125.99737660945912,742.8432621745725,446.95768299549457,104.95880122829563,146.72694160349278,493.6951677089941,269.58123317931734,103.2987965526345,130.24320652951525,814.7556726253507,153.2430549073784,131.27050172992946,87.16664714746226,190.58269038563682,260.80076492282546
97.79027632290871,58.507927284825236,7.912222815377278,2.4630049401615315,0.8842141117434934,0.17665387990204562,24.078898502470125,8.368730113980375,9.34440457168914,16.626165361252312,111.42261138531387,20.378135722171958,7.239558107617335,-1.0299551087104222,8.406137505436295,High_Achievers,Humanidades,Laptop,Fibra,2024-I,51.85696364267583,104.45933998634092,21.96904181897707,0.5756343824125021,0.02077748334125884,2.771044944550657,1.9544267787103196,6.075614397109667,1.7278338267314766,681.0247482439852,135.914931680824,138.87130082605844,179.57859812970554,514.7454969975371,152.20366913052817,123.01640368788804,699.8366274091727,431.9393533029801,97.95405715031085,162.8246592458536,456.8463583952274,322.0913193462495,116.41243781494325,164.40451236359576,846.4911547409489,220.64931885013718,145.11981812462048,97.09994216581875,242.648873388051,374.54817826806027
61.592387812022636,51.26653188741145,8.080827443446138,2.6609660171726457,1.9415069927286992,0.648612108340168,23.04954237413159,17.479806762779155,9.169617646831124,44.483387576943755,136.50858941567338,29.81262999605219,11.667142681040296,5.777522547435456,7.503912063095489,High_Achievers,Salud,Desktop,Cable,2024-I,71.90345645717788,95.22364110012619,25.87584161816986,1.190744487677276,0.6188306289356938,-0.08678134232936785,3.317797072618182,5.782193861172955,1.9817918849076712,497.4528088678008,110.11422289789364,148.91856526657935,148.86472314309012,495.3396315179648,112.4399592143238,88.30204228916409,667.4878416012479,385.988142620379,89.04842735638628,161.08853821561803,560.9537873755214,326.2751787564505,115.19486249031506,133.31483979084942,757.8547179570124,162.31224761296755,148.5935719435008,87.90900781223363,201.72148348285123,274.9189049627411
89.35798665826321,70.53322449328346,7.132318611235667,2.843101069440171,1.3619028659897312,1.702414811536903,26.676135146463064,15.006476838771514,8.561671324838485,27.13127909999992,183.6347614280304,21.875033918290175,16.91175350999721,7.019888873471588,8.758998169742602,High_Achievers,Ingeniería,Laptop,Móvil,2024-II,81.09702458903251,70.41969504010865,17.215595948404435,1.0665453587968095,1.4516685648113024,0.11790608211861137,2.453038518757658,5.943744693074712,2.284413879194495,608.3220214366715,120.21014614073593,131.28138538765586,180.7765226114193,598.9709980803659,154.74548526239968,124.66277559374656,694.8726479343916,507.68251093929473,90.70944948270233,185.1345716107303,497.12242846530427,308.5088237470431,104.85821195823051,146.78873363252018,936.0465426298351,175.8661043462082,135.9674560054809,77.27194822972245,241.90219101456512,309.6752229107218
115.73889717581521,66.93819758287508,7.429790882482173,2.8726719741057787,1.5611498223038347,4.8507820637986185,25.134288128851047,13.354759521769324,10.189113557717464,20.512286927984754,302.8155051801551,27.614280256827353,13.812743086563554,5.207750822288368,6.296281254937607,High_Achievers,Empresariales,Laptop,Fibra,2023-II,80.32152647584444,109.59445202698758,18.888886381702655,0.38708400169738166,2.9992284846504984,0.6823216776516897,2.431739015898139,4.938179238179313,2.257435410240702,222.4536226851136,144.93296073780743,107.76574227484895,168.52027784598596,542.5079724762606,145.85117430464638,120.34006209779771,732.9003071029055,468.1607752544618,90.9870848318068,146.38313094319832,509.88568872830615,271.07148705843946,115.95774325865895,170.1585437540665,896.275531677951,194.368802641074,169.8596662653933,81.32096755824627,214.7494259208616,336.4409116685932
77.50017981691947,52.204074996517875,5.879030651603324,2.6749127538065447,1.714956573262042,2.830222076369763,24.691094283315344,10.238292130196662,9.798453141399943,59.17111280887728,235.2994775289073,31.729451708742516,16.131374474963515,7.342636289360803,7.571942098227037,High_Achievers,Salud,Smartphone,Fibra,2024-I,55.665782913261744,119.77489832098807,22.279653957080445,0.6502691097908992,0.29042555575113926,1.1026606204303782,2.428437093016108,5.7162009629011505,2.1389935089929906,599.7701617334127,110.93898364362481,111.20751936345506,160.20908837005092,456.728926901847,168.87280852999316,104.74885296139043,879.1341852407953,403.7431366559485,105.19951587617994,143.53589515640044,549.3124225900597,253.28481477515376,103.30423082653405,136.56341052385204,847.2683799303214,161.10061452046492,124.12161919747437,82.94526702001974,193.52115081661512,243.90778786346527
98.58217047487686,68.0679245961393,7.5802045861382625,2.7413494079543215,0.9763614586235186,0.5746798597473806,26.164743321137045,16.617263953062107,9.58902913168999,28.162347899658485,106.8458112582585,28.3775596963021,11.049123038575905,5.2642719792144455,8.338154347119882,High_Achievers,Empresariales,Laptop,Cable,2024-I,82.00662683513715,108.79656629821001,6.542961474305537,1.3624464459633345,0.7523518464438438,0.09406316652831026,0.5431583666944232,5.8779464216858806,2.6266600098157173,-237.41999432445436,129.19485360535595,120.02950835756148,152.61219369176004,518.5739817427947,136.56388726784238,103.80549184901759,774.7262205435342,403.4330428113598,102.93193632764499,137.6878861970885,530.2412207370455,321.16870986272477,121.4032179674017,141.4595604242811,880.6156019936288,202.2719589872054,141.46871011503202,87.1361924190343,176.86920529524542,262.4571312787535
109.06505164665751,62.07597354519357,5.539684124602346,2.6768673798515095,1.3437194252257152,1.3349758987729738,23.228542736866704,10.727673011664983,9.625214418759306,25.926272207244114,232.0319668244276,23.801664128945767,13.139888510373005,13.574076947566015,6.0786724184075,High_Achievers,Salud,Laptop,Cable,2024-I,64.97366418465326,140.58018745409075,13.877642392610797,1.0746629255251314,0.1723119573569268,-0.4992785238243381,2.2202968537436174,5.378802285441777,2.354775003110916,155.82188914125948,129.73803743259484,152.30816856503677,200.9477613751525,628.6540573454475,143.324577860376,100.9923877872675,930.2971146405292,488.46228370115284,101.77161517284789,134.26653197591344,513.4840251155721,274.5873065091197,112.18129986909828,131.77556413448139,859.466356709934,167.10278495606076,162.96371750228383,70.72548419259641,214.53818167959352,299.78284716703035
130.0173374627829,60.45544094232381,8.077058784602453,2.7450516274883117,1.1545575448642567,0.7142820412975726,26.468003256026485,18.99878872039927,9.04578663134051,-2.7695137311412434,100.44938395413156,21.60726052295648,6.949153548647008,8.235395903508183,5.864104522269682,High_Achievers,Empresariales,Laptop,Fibra,2024-I,69.79093763775639,61.57086814199151,19.344566417897482,1.0532041190422814,0.8456325092375163,1.6055160156406294,1.588939674810757,5.6406712516640205,2.262560345423836,959.166119577884,128.98562319777767,142.15690446441707,181.19348335363472,510.7125043702639,133.75420317680843,105.17634576068163,701.762845972777,443.88391158868416,103.31141989774324,150.96394746491,579.132270195766,267.84225337229,129.62601370654994,152.0388135750804,839.0796152610067,244.542253997938,138.5991810722881,89.96664724454476,203.09704188589797,314.5033562701786
67.76829830286538,42.586410015719444,6.97290567732408,2.746407512580754,1.9328419975493925,0.7959646068529754,19.7028654077256,9.399132381538497,9.832746711416567,45.91309275909415,104.4021145638009,24.174664406522233,19.39086086634852,11.62180984362528,7.482963277894303,High_Achievers,Ingeniería,Laptop,Móvil,2024-I,76.87975534758435,124.71995771959821,2.592068993437187,0.7872673193700149,0.7210407261082039,0.1802129899385917,2.8615999342971654,5.822113360511627,2.084249895097412,830.2947814839922,119.46542205394209,134.24669100868368,136.44924940106208,550.5340087080064,134.46382195013584,140.3222195800894,687.5608820659331,494.72764174837033,114.99652188870063,108.73457340866614,577.7185272565338,252.80612889967364,84.48198206186728,148.58771055959707,861.5671115497001,212.19548486533185,151.706594473476,86.32287221517217,198.9812267124847,279.9561090153015
67.84177627374123,66.98246502712172,7.881683685882931,3.0072676512493226,1.1556988917540243,1.8857944413994687,29.961027753322398,16.6294698511227,8.92716349110794,24.298148049514822,5.938060021539801,30.519109526901776,15.172028903597761,8.337734486956922,8.14401291478898,High_Achievers,Ingeniería,Laptop,Cable,2023-II,82.07697348695251,119.08469580363409,6.52600992380095,0.9188926487159363,3.2665015111557123,0.20640921197896825,1.3597057314488232,6.178137228360728,1.8568896528473,478.95443514362046,124.45983323390256,128.57202961002008,194.29535347214613,508.60570272065524,167.75701981609504,146.76720539173394,947.1982050718523,498.74206624422646,104.25381503356004,145.48450284294654,476.98204174309706,330.4528073468027,98.96179862876463,151.05638425061426,881.5407956970147,225.325592322817,154.67365618678318,76.66801166823208,194.8799792311395,268.28054623736267
81.6705164296466,55.27639715060567,5.922814233926328,2.643798095839471,0.9700640944874078,2.7361228988406054,21.513470758188443,10.69105931857261,10.906664591586166,68.37250062094354,243.69286394100976,28.489716266677217,17.26025857478958,9.415904363441465,7.268859574754275,High_Achievers,Humanidades,Smartphone,Fibra,2024-II,80.98215994276957,114.165943987065,14.302889083324427,1.1603796564179987,-0.1605705937637984,2.185393010450688,-0.1532846914331681,5.8851801663525025,2.194022009176289,774.0992646202974,105.21292907213859,131.55173292473705,166.29720063449753,444.20064085873156,133.87435894229046,129.1153231566201,768.2174654627139,573.0651012731362,103.30245901672038,146.77723549817762,625.5486759133219,323.3804514433462,120.21351705779526,160.08338529542698,873.8210740946049,181.0341623087368,107.10314753853976,81.58819758991655,177.95217198191855,301.2187522614258
107.68681771662509,42.26840829656905,6.708540077831821,2.705891428912588,1.6560732366651139,3.2101266202614047,28.376877017281828,13.88655198180257,10.68769205179231,64.32270788211382,53.2763745423267,27.32947474726849,14.995127990851394,16.312101999585135,9.834827647855457,High_Achievers,Humanidades,Laptop,Fibra,2025-I,83.67987987694657,115.08720482409869,25.270263246169673,0.2590095177552243,2.0659615961054127,1.4460847631403149,2.260474113932411,6.804270583120897,1.4199284562817023,1357.9705523285966,144.29999689067543,142.15152021905075,176.26091484646335,569.960599431715,143.72356087410398,131.59737976506986,851.7086812908923,571.5145173695109,100.99001573949063,163.8221554627128,588.899229578673,371.6039750489377,117.27852369533124,161.4127744451916,902.3041224076708,204.37223571123812,141.38470960424283,91.7630822675444,214.32895482017872,335.0106422373189
108.20389513848042,54.38013377786004,7.506467227708506,2.6333387059692273,0.9960052922973035,1.2458842463251947,24.93665123121746,10.264396993346933,7.814357067570183,4.3273832078089285,159.1765455272114,23.34081846739305,18.885813975493072,14.090322295747034,8.321041797099868,High_Achievers,Humanidades,Smartphone,DSL,2024-I,75.4737895774562,107.51129845906028,31.861272686097273,0.8124245679619759,1.7170914281211616,1.0218276622784597,1.3211588021478025,5.329619339775351,2.164267173697067,352.19512730835953,120.15630046278349,120.21618923422596,191.81378318370264,419.91832191405155,156.32914857428705,146.8505928850085,742.5304695301279,443.39424895245236,106.96738642906695,163.7067075611997,496.03480667126735,369.51184232668487,99.2340138482439,132.47644617222034,855.7054581329918,187.23883187563308,156.87893220939105,91.38875486600786,222.36720729068682,309.7233250040492
85.43983467345763,55.83112609769796,7.558179909428559,2.494884558304887,1.319321625574114,1.384420999307931,22.711826701627835,15.914158151943475,8.575563060186006,32.22746526027331,278.38540456739514,19.387549084783608,5.5750755044338955,5.110640839588014,6.247434243232618,High_Achievers,Empresariales,Laptop,Fibra,2024-I,76.28776257583097,118.24727879982072,22.38235265024003,0.7181115832781623,2.0201374750215315,0.5439561515013644,0.4362917072305306,6.359713747257305,1.7345955424881545,-204.18167781890224,133.54245840250013,113.20023099839682,185.65552424399095,532.1030509152024,160.30215992163625,124.11285911529302,840.2325294228907,538.0609780387224,93.05140177599675,140.81061463809698,465.2678633360849,270.07935672292416,87.47936793713721,122.92453985298128,693.7651485190698,155.02562783853955,135.29529913488489,71.35855846891279,215.88481457632946,287.39655454915845
86.64054357245307,59.607176766028154,6.109167876611436,2.9008234186556434,1.1432736182348064,0.4705387177694571,27.745491563662135,5.937451380949313,6.788681328213214,46.739224165413916,270.6506231592422,14.786652194934405,22.005818696552826,17.158893016554796,6.620642717541586,High_Achievers,Empresariales,Laptop,Fibra,2023-II,78.64530687559099,67.60028225367148,15.844529878903279,1.2183952215143277,1.6069379093666027,0.9101959513210541,1.2229087684350866,5.400604579296122,2.6681720192630656,900.0377782845756,127.61036656061275,149.54888297843624,155.46050331902597,581.1511308262002,124.50676734107282,109.89375158810044,693.3658845355276,447.97984457482363,112.13561921626233,160.62505996234393,530.84628467215,325.2205970220456,114.95973422801414,148.42810258750947,743.0563393138851,194.0235637583282,125.19565805054287,67.09031045203199,155.1192659557604,234.49978289471525
107.0108497599231,60.87516336548063,7.254063181267497,2.789065650565486,1.5540222221262345,0.2851778214942797,30.940773268537164,10.892141504914688,10.966099583219876,45.66624009382103,277.5734515677985,30.561299575275186,2.785026863396653,8.631702201973766,6.686722777761171,High_Achievers,Empresariales,Tablet,Cable,2024-II,65.54235821249866,120.38375586879317,12.596224518947375,0.8486142921193871,-0.15555007263411536,0.9278860443110093,1.8530136671928341,6.761323612363858,1.073067475595272,855.2005408705422,107.71262427744284,135.35185954240168,161.65829192703018,460.073683605206,153.81321357768607,137.84926829429398,812.432169273021,491.6402313765639,115.54090467672445,182.13786514717734,648.5618985581598,381.6381277956897,90.54505654594249,161.2013647171231,821.0168222705547,220.92728517591968,136.10636167297542,83.91181771851197,212.11277058489605,293.72537362219936
96.85448328119327,64.3528599594829,7.171732586441312,2.8122338692655675,0.6933196488501686,1.6534603821076699,26.41901693612169,15.847751408775698,10.182640781882714,36.207550054352296,84.63171259379922,23.01621636177002,17.145255300848916,10.068636505475327,7.3794799464350485,High_Achievers,Ingeniería,Desktop,Cable,2025-I,68.59253505676679,92.43897102664174,9.743110179152842,0.9180112265674328,1.7763193389659369,1.1238794956175484,1.0817632364332852,4.856484251232615,1.954759838533907,978.1263187233033,118.11985853304424,134.86970244445408,163.2683741947746,537.5769864837134,150.56818843014503,106.75715066063178,797.8167757698635,520.7245684840954,96.05383924672321,162.1135436098405,566.9032189302023,297.89963242153607,111.32309594421447,162.0481977278801,831.6391063987516,175.78211523627726,145.70347018302195,78.49826204782178,227.629480862895,273.3797577678578
88.69266481403444,59.16172835170741,8.139706812674557,2.837213219107504,1.6873990113877722,1.1337202224988392,22.67719615361769,7.681818404164806,7.450922860542104,-1.0539562009144916,476.1879001496384,25.21125761165776,15.35572361136938,10.660125424421965,8.99619505503207,High_Achievers,Ingeniería,Desktop,Cable,2024-I,82.45783680062029,93.51152731154177,6.199634680362341,1.5386434925408152,1.1573400602299682,0.9748338289412565,1.3755861113822812,6.606450276261716,1.3015901020971896,-62.411202937289204,114.80995868565488,135.75047797176705,143.98543119495588,582.8210299795325,135.980810767338,116.0473278774777,830.268968901055,481.4105029934883,98.32095877418882,149.12965921491298,584.7924297894662,321.7474714538807,108.41680058208671,163.38400193755308,843.6050797941655,210.67075579430133,142.8857484919241,80.97709343289344,210.64746710337806,323.08742652721594
119.85285186652521,65.48781312119785,7.224164496009546,2.7744855996481173,2.4230389589242014,2.098576535719364,20.346162734995602,13.265065477888662,8.909781410587495,1.0338723752131322,226.8993955254387,27.650179766190185,10.297322518832758,10.766276769776608,7.938111831314587,High_Achievers,Salud,Smartphone,Fibra,2024-I,91.46615248264258,112.47677922731866,29.633303060341312,0.1385172998234463,0.7617263171527471,0.09660386268331611,3.0952790911532806,5.294407555963231,2.5892953613200467,-220.41189964995704,112.39678423395627,128.81277775196648,177.09788025045043,459.74339479027986,136.71995475887795,121.89283731770978,852.1353989306011,492.81026404767573,87.73047583477506,137.02166921424754,559.8347526379983,276.3557176346483,95.68034043190569,149.59051626592358,873.9920555963375,168.3399389485249,176.56849235023844,73.02481378202324,215.56481892953704,337.8526848614978
83.44262241552931,50.856122176594965,6.076461004720025,2.8337793874879824,1.546563274725387,0.38663008437398816,25.607849589972357,11.104908692995515,7.663903179600474,-18.48881744470362,105.89155901884017,19.217484150489867,10.452722627846244,10.857336877737525,5.946561657689386,High_Achievers,Humanidades,Laptop,DSL,2024-II,76.8320598880418,94.30108173728095,21.746343870918018,1.1821991190349173,0.4809321874401057,0.15977511761521357,2.3422887144574815,7.071923840293497,1.6466220581197628,725.2038428201588,149.83202971892115,140.28587446551217,190.24847079204076,579.8278422221916,130.7738487326178,118.87023275601135,874.3792504261476,420.9961227596233,99.85696035024222,141.50166291004018,624.409990378701,308.07612777494626,110.2685888937273,173.45605286940759,767.4553782422935,196.93468151195813,131.3173106364515,70.50188732535254,229.32768933786937,270.88709950357435
83.79957497187785,48.82978173626567,6.600776226650344,2.6316881411689743,2.306162814710881,3.154947215496914,31.383646688016913,9.68839434252563,9.599885887771823,34.81278527210043,286.2872531526331,28.191463795549364,20.987363459292368,5.165070557091688,8.02726085731477,High_Achievers,Ingeniería,Laptop,Móvil,2024-II,73.87682777648878,75.88752309656802,35.03675782825578,0.5261210059751369,1.032110055051604,1.5144856215772171,3.531091162201169,7.096012073098804,1.3116127887607922,691.5498096695571,103.87812829176423,110.69848419605304,158.43127958140897,395.5974940367044,158.74463583641435,106.18309589244588,800.2324713797371,485.30104790893944,93.52578703572384,153.75657512407722,501.35437185779773,321.0172067988652,101.53331181112605,153.8273829867305,768.1709871320315,209.2976786846991,132.9940122659335,85.74549956718198,240.45433395188695,275.3234451696081
114.57751687197577,55.29475131673868,7.295550467369106,3.044257280007475,1.1131254613421495,2.54782741543326,23.571276093914065,6.491788265658118,8.725540430262113,31.68480953524417,145.6940093110652,29.609719573972807,-1.1734094724228639,1.8056191082006485,6.995742208292134,High_Achievers,Humanidades,Smartphone,Fibra,2024-I,78.75629378832835,86.04727276035923,23.766389326973986,1.5954248143112362,1.1708595648315807,0.4956376297760662,0.4831344548408313,5.516818842590746,2.383666635271293,400.62538916184,129.6129358308361,135.47892586421293,186.35534897547726,579.0054912904494,153.6953059188672,112.2094165328966,781.844156467801,408.16625091085785,112.61282625942442,159.8195028561674,633.9652238192989,372.91583060710826,104.09714154420155,140.98785957907572,745.217511529822,181.86489584001453,143.5010010111877,81.31429897209411,185.01385948929286,303.08530284445504
83.52938056680114,54.68136249806305,7.921232492155103,2.762237062874465,1.1479332221528369,0.8105467887241655,23.78444250025675,24.51096087324953,8.919868178165572,9.248614504694892,165.06186344651746,27.261228851266377,18.795913273727944,1.8737020740444283,6.027681718681786,High_Achievers,Empresariales,Laptop,Cable,2024-II,66.28052854429224,90.53542646858142,13.631315646259687,0.5485739406171694,1.790868163430283,1.6598694536262402,1.8207811548457973,6.129342707528097,2.0853868078959934,1366.912429237859,135.3192596796443,114.5518048783787,192.37826190133057,512.8291841001708,133.34536826419347,116.25710125533993,796.5459699116743,490.5700544096455,110.79020510261,179.5324529325593,571.6166726779618,351.16193102348325,108.11299090936124,150.2833681175421,881.5081278903266,221.5026827872462,133.09877282993983,83.80843533133624,207.46847885232097,318.5582214530764
91.0687228418532,54.60451326962309,5.857134251483996,3.0283219558990035,1.0182468234838105,-0.10393582744538299,25.21506374321317,14.195151658575718,8.768892436051573,23.913354731947123,-8.855488567359401,28.099564327934395,7.084110539955953,2.976706167674422,6.382532665320855,High_Achievers,Empresariales,Laptop,Móvil,2024-II,84.40750728201918,135.50755009086762,21.83674381568136,0.44421414840677464,0.6584648384887363,2.6453012122482957,0.7990758657910126,5.095054990582171,2.7289728049354793,593.3321025803107,141.42837825572073,141.052525165012,205.75452391255752,618.193269986404,138.94538882375133,107.32828421206874,751.4542941894889,442.07862155175,103.19259889566692,148.0986607733776,526.4500423357485,286.69335586917856,111.5981393614002,136.47822404959342,723.4592421628898,192.04163773235703,136.8092389350086,66.02273194632846,180.2375051239519,253.25980133266034
98.90853937262165,40.772430526615715,8.046660099925967,2.9261831312295583,1.8105278541633667,0.5775585524425055,25.374646483755075,14.839088120236305,9.431991730663539,37.83912140159528,112.32131512674115,19.79499548837259,9.250781516087613,4.697582097606466,9.250376202080423,High_Achievers,Ingeniería,Laptop,Cable,2025-I,71.58513760695224,124.03429498770433,18.543103933621374,0.19567153058872427,1.6821606172266537,0.29650904050936117,3.09476832226696,5.3067582614452045,2.0881864051766046,1259.1921841803783,125.56241783447365,129.78994620220922,145.48383131570546,515.8432544444386,129.54932359367024,115.0034614452074,749.602513916331,465.62238433615033,106.55045501436909,132.0256796307078,575.3523734760774,322.8015385177807,116.39951057914968,174.93301931215618,954.491568716883,238.88504675661537,124.83667136442037,78.87102939811506,203.0191476842532,295.6838102426914
65.00465102683988,55.02154784126442,6.1845083274055614,2.9660381730831826,1.0833023891481521,2.343510031358108,28.936489751079094,14.155735166890794,9.945249782507405,8.677148236645326,186.35108759042492,28.213301983292435,21.995543588361663,12.953334774259838,7.1902629307851464,High_Achievers,Ingeniería,Desktop,Cable,2023-II,94.344863625057,136.01591502235468,8.645491512838447,1.6752757819459696,-0.15808633323266866,1.488784345981597,1.2335283926542877,5.186870881971988,2.1550303849371026,1074.6273596345438,128.5428873656145,144.40947654684953,157.80010599359628,554.1295737411356,147.00377581397663,119.15302843242678,753.0192419321503,423.5625762348036,100.946347551251,157.30436722153533,430.5770587382093,306.40645621824274,85.30719653917473,158.97446061136898,736.0688276140102,210.3399390034085,113.72408287021685,73.07799025711063,208.3736692368605,262.8070867436351
112.9751606600373,46.5908853552985,6.846897895385843,2.830170435193386,0.6875478701643487,2.3542210846138607,24.962652090637103,11.336613403783984,10.213373484427967,58.31650844834785,312.3156546253907,24.294884452961757,9.057597003457264,5.156881257280253,10.01096695040409,High_Achievers,Humanidades,Laptop,Fibra,2025-I,56.0627690890543,80.49702358139824,24.190638520669424,1.8515938421103333,2.4491902689661518,0.11198166631333367,0.12692654022751934,6.539531508873058,2.0986592411319345,28.11041235440257,121.13386861985175,142.83627590604482,194.23703121619016,528.0218153042005,147.43643654782832,124.04079847899833,876.9887284833409,479.66198647311643,95.36238096840707,172.43588113610892,541.4326419501996,307.9172718043604,99.49657401810732,160.58186394121165,823.0119189581765,198.52985842457218,133.28843025485276,102.3258701950471,226.51363088726197,319.1594666163355
110.29004434624034,54.64266039629878,7.011257695805087,2.9418069847167474,1.3377622899423747,1.1390742272473775,23.51531054245566,16.66204740345947,10.938544700296386,21.93977200440647,96.90094880410129,26.579051416591817,4.7237401079943115,9.492659613876711,7.933891100501132,High_Achievers,Ingeniería,Laptop,Cable,2024-I,85.7037400472113,105.63627668725675,35.94676102740036,1.2046493447180022,1.1745540374041472,0.13465521971974445,1.7603172945655647,6.098143473261314,2.339442920746828,140.11308069694337,152.22096314737382,144.86175810539993,171.79105047456477,536.539532849798,134.89331030041637,111.81071013316983,706.816923665016,375.08370796096654,99.30644317178485,131.94240945154183,543.5911102435416,323.43816189139426,97.5373873964587,125.8698420366305,959.1775487494241,197.38651723753975,110.38417414713598,78.15857254531177,189.3082902872682,251.22561186353698
106.99751868600885,57.981879773443595,7.029418323703782,3.207415812265985,1.0447785390239719,1.5661138489556425,32.41222676661375,8.47866646468268,7.686232258411713,63.83939933840077,302.382187551126,26.10749151024697,11.729821467041063,12.018343867363598,9.42728090878935,High_Achievers,Salud,Laptop,Cable,2024-II,70.97587826743947,150.4022789429611,24.83224246882013,1.7137384310313082,-0.42508108814897805,0.7279193724996463,2.056183477530434,5.803318733534151,2.0145598053503257,-67.11766275101184,129.37941909537028,147.17343276897103,199.77678869526108,547.9853693117078,147.48300806883094,102.05368481460519,930.688326274657,517.1816742132619,128.00288197028618,187.9657334057216,611.4489940411062,399.41615166193236,110.74520541154827,181.85128312758107,922.9602753507738,206.61028127551288,172.72073220238275,94.54472788025768,236.73909215767966,356.97021823032287
128.87140770678877,56.759340526357754,6.458155028920677,2.7953787863843713,1.8968496767510459,2.273247540530577,23.809431284357423,12.185387549166299,11.011847175684462,-6.754067895063753,212.468063574305,24.941415146277823,30.3165778291961,3.0091089867262935,8.358174886525518,High_Achievers,Ingeniería,Desktop,Cable,2024-II,73.65431291657256,98.59348392608645,26.76062429677099,-0.14196081052850165,1.4094808379861774,1.4266871044315708,2.4539546120815774,6.521098899607563,1.5109640405239115,850.906360736608,126.93116211800495,138.90723700943875,173.43845958378742,553.8616316939,123.48379828561589,103.35084261691918,712.3495334864002,381.11456930159125,99.10754130715341,147.9492716377799,518.5219717111836,297.01983019660076,118.87634927867185,128.513621131888,904.6073333311373,212.43446822081177,151.63375121359476,79.01027526334313,212.2301317637598,279.05821233799674
76.56329309630144,56.87444411247818,7.211074587758753,2.717744582530439,0.8707318191150435,1.3037482967706715,31.24087214583917,18.403278813886267,10.110864390861094,12.048122769078816,34.33745623597672,22.06499433739053,4.515153362412666,14.726323548822085,9.282905326349514,High_Achievers,Ingeniería,Laptop,Móvil,2024-I,74.35008575037816,124.08907450406805,11.080419219264432,0.8678704036695476,1.288888942020798,1.0734009732539245,0.6790276401017458,5.7533143392169945,1.9517811940775742,676.8269193541832,110.8105963591681,166.8451006811261,180.44869964277407,555.8422985597009,163.86106332933286,116.51772067885139,828.1082305543338,471.1826477546548,105.57373549167222,154.27766838181068,627.0969119167032,348.9411990938412,130.16205080279457,152.03001126810463,821.9349673258658,213.10540528599415,159.38714133826156,91.4494039861622,234.8095360563022,337.21128245889037
80.26546843784813,45.539515849437485,7.035541006550888,2.491262849943758,0.7167856605910454,0.004055622766200084,28.205917006264333,13.887343573591387,9.075082928066074,23.95941222690668,272.84372029660517,23.357308486397613,2.605421480586136,13.374298504047935,8.431165461764687,High_Achievers,Ingeniería,Laptop,Fibra,2024-II,71.77074296116363,114.30434347708498,9.602883850010533,1.498363054917421,0.8572259884602192,0.8163216405352416,0.9039240577573509,5.225405333831646,2.24046693200238,1348.5961436217067,115.89850373774033,114.31835506772258,171.32446045798602,420.0581339390011,134.67473401440247,122.7019977453163,687.8850442333991,407.1296573028041,92.71361528151016,145.21384261236938,462.3372691724256,316.47471895396427,90.98824489776116,149.49674838200136,918.98087539816,188.2903125276716,147.19910329246318,83.11310686694418,220.04017548653277,261.4895907974277
61.29812450850409,51.913390798125256,7.297020487430502,3.0134063728920206,0.8504570378546741,2.0332070538099325,22.266974296427254,12.7719751117547,9.294507468668922,10.901428786761514,173.20402681772615,28.406278037071964,13.928724521008697,6.980573126074519,7.4871615955251265,High_Achievers,Empresariales,Desktop,Fibra,2024-I,70.9796591996152,87.42507348114442,0.9551295345571376,1.349862725582285,2.0355631660652085,0.2676044321402149,0.6895134599534403,5.610345317126625,2.104680097516738,949.4086520055029,119.57663332091646,118.25052195547458,173.94679831326832,515.6597056628773,146.61199291184744,125.63896516082222,850.1148547110218,488.02495671750125,104.37708890681941,160.88380057290803,502.2354831655758,323.50125056012257,111.46745939600567,165.7109767036064,773.965765482098,216.79845079311184,144.44598312255226,69.88789682079104,228.04865030065017,263.1643992294895
69.08410696104214,63.256440979451305,6.9062985521408065,2.5772993976008585,1.0125456929915844,0.7886231507812395,30.499453232302823,12.430348811574376,10.0827121102563,14.141150766624392,123.33366664003937,26.304991135134053,16.710155488990928,18.614116577814947,9.57237394579393,High_Achievers,Salud,Smartphone,Fibra,2023-II,62.048232109577036,117.736619067779,13.779671540145415,1.6310503115574646,0.5473723959075616,0.28436199393003203,1.0634075180635802,6.1064819135994775,2.537355371549834,-57.04630477494811,127.65093830858608,137.92006348126088,187.48391491664137,579.4334257316677,160.93267053078424,121.25218557901316,850.542948491131,539.4215643588418,107.52120631506574,165.8446064515062,625.4448618368432,324.15657241085296,93.07767864098378,160.5497124120895,878.094655455958,215.62137720821437,126.53208977479228,82.00331389540713,152.78876005447862,269.02347061852106
98.5937160992359,47.98009305640826,7.0670184267489216,2.870685026055069,0.9516067313653886,1.29727817296748,25.627167648859405,16.175989937042715,7.709799590059284,21.09666534940766,123.942657491137,29.427992220710276,10.867353885897696,5.8023395162136895,7.182014820984976,High_Achievers,Empresariales,Tablet,Cable,2024-I,67.85330567657644,107.41775259856557,18.67345628427514,2.327363621087315,0.07428807084411562,1.287829668457854,0.0070665785698370565,6.357099839582949,2.3593840599111626,392.6957664540106,121.15740819820404,117.51212653456322,151.0813229465149,540.1060921892794,120.23495678729105,128.42884607809304,770.5782068490694,389.2508294967441,110.47503033754475,133.6832660474799,601.2658739607598,295.81460392276654,110.83682670624057,157.2767053244696,930.6605819425981,205.26735214124895,162.65377666380044,82.11400195638184,225.89351705947342,305.14896860556274
92.37079438265222,57.109253199169004,5.145915349150348,2.7779145948953023,1.2233354614817804,1.7341951652840701,30.0635783811271,15.138919314409339,8.894891265788688,33.21716962689628,477.68146597380434,25.693170117177598,11.264139244718855,7.61559866578043,6.029356385469714,High_Achievers,Ingeniería,Smartphone,Fibra,2024-I,76.82807442884771,115.74247803441128,23.468788509583124,0.21874047775857403,1.7438868853399347,0.3961394333052337,2.1958342416118346,5.519689239903066,1.8837036601871708,-483.20190775128003,112.58696722685599,132.57589532245132,183.77365115773955,490.0693278711814,116.82098366345947,120.99421017074187,822.4630658069052,434.77082005459323,99.6163950614698,134.9456436773181,512.1043850241597,287.37399106925096,108.43629269751519,135.64437425435176,703.7976916706984,169.51889131611642,158.90894661526664,65.88627247942745,206.75307861450005,326.1311482923431
107.5910243800289,55.473047642033215,7.171520849399774,2.944015993287859,1.3183251246027146,1.6093217693601494,28.612998505736556,13.403007950604799,11.227912569058995,27.20565987046921,308.66068383591136,25.188389656226413,19.415153107996886,2.418992066465653,9.117169418844338,High_Achievers,Educación,Laptop,Cable,2024-I,68.79390742386146,93.67220069112649,23.161896615987214,0.737053383710819,1.9834185494053607,2.1516741000402373,2.6190430696104894,6.025320655023005,2.329299137581283,803.1933173712125,134.92867992906986,131.43948009964012,206.1241138011061,602.7719823252025,175.31360944338078,131.42133906307203,735.9573672067637,594.5479234139065,119.56508156736517,172.7433372536108,605.4033949706485,347.7604397524286,108.40531885134222,166.5892775781225,792.9090160044473,223.70503914485687,146.79510146271042,96.29242423577267,256.26769440550146,308.9955456765647
108.34191757465466,48.85839356623423,7.514995131924367,2.8810009536396373,0.9995834132842735,1.584697471801784,20.226851752473255,8.276134508182457,10.238170908277388,44.520615052846736,156.06843077117574,25.65839969254918,25.905696148896755,2.2521190999248404,7.44116992478741,High_Achievers,Educación,Laptop,Fibra,2025-I,66.50881006085534,118.14538114648151,30.67240290713208,0.27044470893607964,3.299690857236958,0.35388898497789895,0.9598067512956313,5.581626801714988,2.036718846687299,2139.516517675152,119.08548969333725,128.2987907102115,138.93638402816532,528.996723096491,129.80209494005018,92.79756856805143,754.36658836641,418.2876912061258,116.91457163289839,163.5732209233212,678.8462014832893,354.7984980393374,100.63502759727507,136.14479008167837,807.0214009805663,191.32425947557974,177.2341457108106,94.77167071903021,226.5238142607159,308.11296501923607
120.6747407986231,55.68105675572178,7.4095526005943695,2.7540867017063486,0.8870664160977171,1.0018798225940895,25.489441842894678,11.913509956024253,9.96148910298618,-0.2148003843007089,309.9143375801063,25.579686598062732,16.797754797579344,4.690976871962512,7.497986324627766,High_Achievers,Ingeniería,Laptop,Fibra,2024-I,61.74988622212495,79.92659386599671,27.982629018840253,1.3046729657096243,1.4967273691306486,0.6253147139250178,1.8461787918871133,6.750801144877061,1.2097585303669691,723.8425846839382,123.21004381773255,134.88808364366975,190.76412444475875,446.2836147147083,152.74853828025732,96.09718705115185,890.107279932455,458.1257521743769,121.78314904051774,164.83694233749935,614.1919182223756,360.836713185286,111.57096650605133,170.34034055989,877.0592033093823,222.9296347502177,116.48989943188087,84.4292843776731,204.9318515586331,323.00678675842204
112.76819383904717,46.49707294339997,7.6901980607737,2.912828257756095,1.7639952234274467,2.186012241570324,21.97115432928323,18.18578485596176,8.05513039938591,18.790499083547623,216.6146559566576,23.08208205986172,10.509343266350518,9.481691676216895,6.429240112864446,High_Achievers,Salud,Smartphone,Fibra,2024-I,69.8245755260167,129.53924847641963,3.497609107456205,0.6516514543890587,1.0902307779288343,1.108016170402303,2.637172341551551,6.514258614147981,1.2254773925510252,765.0863918296222,115.46134164172196,117.26968009672837,178.28909266207162,547.8339269063752,110.8011821737095,88.21291745160828,618.9127317697544,391.10682236426766,124.11520379612494,166.62117089607003,662.4643144461791,357.2233007966343,95.49670582648153,160.12297829175463,746.2558326360906,163.5398153867638,142.70561078463047,82.90401364572104,212.4238846864866,296.6618342762052
70.25597016285789,51.21090417897646,8.398329592192065,2.6386380269773517,1.1158761532357901,-0.08999401468483326,25.780984246802355,13.603375508631508,10.189553416761656,33.07776288374168,173.72143299593182,30.189705629088696,14.198993805595965,8.56590301796642,7.8264898931088425,High_Achievers,Ingeniería,Laptop,DSL,2023-II,84.2654266069199,99.94357811438778,29.9065568004239,0.7923997661474667,2.284902094237164,0.1721337817225599,1.0267825401265611,6.607398046695394,1.8723550927433676,652.185896720306,151.5823777529624,143.14800668627905,173.4635200914519,574.7759218178409,135.7368014645237,127.44675917261713,883.1458601745882,472.1975658840704,107.80105144515592,162.18601847007074,581.6121445752807,300.70992724007834,118.22552909277938,146.56434189841886,892.1898897493035,201.97771430648186,131.06061476556144,91.01318581605021,209.839961672578,324.31594780198304
130.3205628242864,51.777196156543184,7.260956168506826,2.762680113475078,1.0607884687596378,0.7341043290669456,26.02156252614035,8.157880345580079,8.881577069791442,83.99003001576571,209.49666049736376,28.74935983613999,14.140627723258671,7.029511652644429,8.422079365158945,High_Achievers,Educación,Smartphone,Cable,2024-I,65.39653079299578,67.09121058772317,17.085733166718494,1.8418816558075524,0.8307554140964382,1.1044034632127528,0.6449631424226817,5.045205180487849,2.714937802904109,855.0083057159701,111.51427622531695,140.9066987428336,161.15171772265947,520.1571108621221,171.24183790538828,129.73419509027937,993.4399417199883,544.7133467100635,118.4155315086915,187.07033934209525,611.1715025682294,345.36856641048115,113.07452603477941,154.8609113566486,873.4564014450352,219.36824629101935,154.5920075933482,87.69632382657035,248.29888984526767,304.6054868031377
88.5540874136685,58.42841015902566,6.251888248916571,2.7617364032781064,1.1324336702377993,2.437715567889307,22.504682736221284,16.37971186540935,12.788123234850335,9.195361902586878,200.95374579427872,25.73641593326451,12.899632939934321,10.404067932119325,7.2549674242464945,High_Achievers,Educación,Smartphone,Móvil,2024-I,65.80464815589816,88.60330198420407,13.604141596552441,0.5400121681468892,1.8161665846597397,1.7250428479525288,0.9124739540433274,6.084758660904702,2.1665058042528123,585.4484891470491,121.95571799557685,134.23475303064194,167.33162252464484,557.1399138940882,155.6414830750378,92.0060790156167,744.1854927585352,396.1037198317132,119.72342238409645,167.34875212731149,589.1652210666552,358.0597222541181,105.77283898520332,145.44701646485288,919.0388625502048,204.0011989511084,174.50632533401625,57.34839489035499,200.6077492787228,294.4753666238671
88.00189812366625,57.502597816525885,6.925826161328847,2.843216166661699,1.6534715578627903,2.3318763566990945,30.619604853832,13.563007700466347,10.508900131701761,-2.504799710260137,255.24063136838907,29.198487041219053,11.399000038449874,12.779605559552984,6.499975778869217,High_Achievers,Humanidades,Laptop,Cable,2024-I,72.01387077384307,104.23838677969268,27.729180459358936,0.4092545338510589,1.1971982337702642,0.32731971721081987,2.5510152455144532,6.9460878179070775,1.5903976614536528,1002.2067697067469,114.93009970951533,138.96943303960265,159.43861459978643,528.1651974049556,156.8216919892896,102.07311604215656,691.590454055573,428.52743418185247,114.03559655929533,161.14306658892357,546.2726444549639,296.53013630742385,105.49607879972064,138.05563076484174,915.1259625156076,218.91573941982665,142.93737591718795,80.81716158679406,174.91738491369549,242.55634487519313
74.35116622173666,52.6870235447577,6.7870121246182835,2.9172550140146947,0.9318025695103618,0.3120846832656703,25.263210486489772,12.753914488725629,9.00179281505841,69.00075758609353,268.4851708159942,24.709536187659364,14.973365501954024,5.228691286169713,8.047082763757244,High_Achievers,Ingeniería,Laptop,Fibra,2024-I,73.55757523497178,148.96783209286383,4.384656196198796,1.074465478195577,1.246303084686692,0.8760154324036322,1.2384278594676148,6.767767487121998,1.1114369084349178,264.0365232424268,130.3996895078943,130.4802708703935,177.53831923589564,580.8644510126774,168.56964215212975,144.2838453419303,878.4773010334092,532.2270786702809,95.34625700218277,145.68973667120957,585.774817950744,289.4620921554484,104.88989740030388,156.09861604579228,827.6525066876136,204.59918559648426,151.46941272622118,83.66701039357336,231.8468598485073,280.57686786631075
95.6320823414471,58.67402275115576,6.287588658448055,2.979011288740119,2.314422157217093,2.2638193108271802,18.804862803751604,13.540649804219665,9.926439199148652,49.09423471258856,211.96776389661466,29.002955716240898,4.15752277903373,12.468862562308809,8.907880886865415,High_Achievers,Salud,Laptop,Fibra,2023-II,91.9397688402387,83.03564680578613,32.43674922214937,0.4019415166294595,1.3772286206510531,0.466348773853019,2.9477517555164097,5.646786681866254,2.6748409440667302,289.8454668509199,128.5384273493528,125.22034771731856,164.98290593798873,576.191137012578,144.45404975935944,124.42470269649459,846.6763411862487,471.5151609579348,104.97856502262039,156.87013268668085,571.0808622827825,336.83869937158954,128.4202819152716,169.85983908575363,960.5254124681431,226.57418324918717,151.80174504413768,62.62077717326626,206.26819522058395,236.61610169848046
85.1976256703612,56.08679251716702,6.737743575409345,3.075331409485561,2.0916899828802418,1.769579266490146,29.653726750559205,12.169288840031761,7.893629166855345,5.668802508556837,107.09289037447684,29.015915957514594,20.742736052591564,7.884667038992255,7.825289305692532,High_Achievers,Ingeniería,Laptop,Móvil,2024-II,79.16782703631353,129.11195379296305,20.410217354127944,0.9136548871405703,-0.06745372479444156,0.8324547914583851,2.6808218419528704,7.000129790621557,1.436892078013474,-6.084546097603152,122.98293559907478,145.85352837971655,188.85101994772785,504.3671853743184,151.50029050341934,129.71865877955105,783.8948078904517,455.708642332176,102.18361597290733,168.92024143429745,565.6211817174649,331.8051214481007,113.4389205382114,155.1769353109911,852.5998096421249,207.73816184796544,149.3567048206464,81.52212342152957,234.10480559974246,285.55712765115084
108.90621035595052,59.7421638231739,7.390961701070832,2.698208437985344,0.8083768167797831,1.8656446260488229,24.46437560967405,19.66526812364469,11.23105508854292,3.6651615161196105,193.150489028002,32.86360584104307,15.127545134492033,15.967711446949169,8.8036682989103,High_Achievers,Salud,Laptop,Cable,2024-II,77.78129622547128,103.16554633181079,26.334962397242077,0.9129269121341047,1.4133009065207454,0.9772446965282117,1.3199778630560628,6.793033328995225,1.7479317977424946,669.9362267509813,113.05931501385908,124.18307838864119,198.4086461721708,525.1308031119011,122.6609731259768,106.45740321153555,777.8851044773432,486.2231392047845,119.13281405582019,151.78167825929637,519.1575534269805,327.97945147824265,83.69794505153494,138.565616199889,771.136355505366,171.43296644038338,135.50813718893863,84.89472758533613,217.215650113343,326.8992845480666
91.97268769867172,58.84613996570469,8.25409110920279,3.025476802103516,1.1745393514548372,1.8703612069520295,33.5608157765969,11.516801089961843,9.76411558262991,66.2955016544416,105.20632319373392,23.742372033933087,15.178730322085976,0.5748151875093486,7.36288909888364,High_Achievers,Empresariales,Smartphone,Fibra,2024-I,78.43625826839396,112.80815646066911,30.785953459263975,1.7333044851020976,0.9856458703268255,-0.5717976375522529,1.030587947050904,6.6201417113395085,1.0310255070924095,100.90769939383006,141.09789493799505,157.28046812366838,193.43533555265256,552.2834939900393,156.4337638933355,131.60686832313382,784.884228928476,533.807495323599,124.35056907733251,167.02955217405463,643.7492826841504,291.24107546752697,111.16975542823859,177.9818577257286,878.4399033380578,251.98336689851823,156.94186240304657,85.129667617266,237.4077652955865,323.5189249139568
97.52252755977156,57.45624125406704,7.6223281719786655,3.0162139316202956,1.6115220038428784,1.830114866399632,30.36870584639492,11.386171279035953,9.488427560337085,61.665036364919175,207.37086345250344,26.634857769693387,26.49644045301728,10.579650409361442,9.265799061219917,High_Achievers,Ingeniería,Laptop,Cable,2023-II,91.34517457146339,101.9613914275821,25.258042113002226,0.9153510041752223,0.6574638894377463,0.24604985152004355,1.655589271734443,5.233559168269369,2.4874277280432864,1469.7727955014568,117.02755448514024,132.24695080942536,166.97281950233017,507.14163413345614,146.76748430455729,128.14607238486815,878.4114177502906,515.5517988336726,125.80139134460919,166.6330128921812,613.9512228568504,320.777935174766,119.30569277556049,180.1805005281823,1060.083528312447,203.67776747802128,139.99219402335393,81.89682637988976,195.29446426442874,319.1555406526576
88.92123526427602,53.92588195687461,7.020504951828387,2.9708281324654364,1.697161457482959,2.4718026809431173,27.26897824965512,15.725543384830653,11.46364024151112,-38.4445717559302,103.8842492234692,28.55742937434231,4.895351689815211,13.188185291284125,7.647802628593301,High_Achievers,Empresariales,Laptop,Fibra,2025-I,75.28852957921335,75.4829775307384,7.77632625837663,1.2971594251760188,0.8403863721189617,0.8855748659924711,1.6727954975398318,6.0528190922024985,2.022218416514843,468.4230869656007,119.14951696393625,146.20030507194068,177.68607845423185,557.3250721052843,137.1124678034897,110.63490203713697,696.8656077274069,426.4697002505217,97.02800549206805,161.83732158879852,536.9602545519485,369.39041950904385,98.82541533130582,147.78173861077292,732.2302179682254,213.95052430682642,114.35167692206538,74.8548926715436,190.30149494297217,280.2360557863664
63.405742174537195,55.25321763393204,5.591833268735801,2.915409714989934,1.9638257551881984,2.2217170061436784,22.44130676197588,6.067719612511661,9.603268542394957,36.74186576162579,397.54938425854056,27.230708462611286,4.415756674941505,8.085053232655929,7.384864975134833,High_Achievers,Empresariales,Laptop,Fibra,2023-II,74.09235782271168,99.24496156606135,4.904089726498001,1.1505392357945583,0.5128815081494845,0.7998251761317366,2.554742619827955,5.1788902109829404,1.539452420436002,-348.61614837099387,101.18874541778702,120.41810655229855,147.72488627248273,442.179635203194,133.3784295858082,103.71253455984571,702.2255622978271,465.6897439767788,104.53890307517077,142.31871442527506,464.6145512265439,315.9872159228217,98.20035590992343,109.81137902725376,930.7407740771164,152.82100404278853,148.058843536286,71.75572498396383,205.6973845506956,236.00731174022857
72.89616548288836,54.756108855374706,6.692286762567016,2.553424281071314,0.7847663106374336,1.518041043556182,28.580876386239026,11.75327737281563,11.201731385732462,56.43406035267335,313.5229341553834,26.141000401980946,10.56756216852376,8.755000658155017,9.279753461619851,High_Achievers,Educación,Smartphone,Fibra,2025-I,90.02866947664484,93.63589417708893,9.893985992050862,1.4095181818427611,2.062732073966024,0.5536326412779197,1.3593688706926401,6.055141014156826,1.4540268284725602,99.89212604725117,113.58618076277999,123.80598082161967,161.03798294354132,464.39714787582415,147.3971838642149,115.66507296670589,798.6339841702298,446.1772757515361,87.84169695656959,145.7482355935382,477.3249785341551,280.19489783164715,94.88165255669767,145.91819880054305,775.975545809643,207.76192170638896,151.25706135158998,78.4013015345856,214.96855714620062,301.46228433318925
97.03999961666804,46.032629090229655,7.597577040795783,2.5358722747200884,0.9292354306781127,0.34008179325709154,21.410384943414876,17.142888480552777,8.314600837951945,35.88981669246679,180.54571180158155,21.847381464752495,9.350223278092574,5.586564569961659,6.522360639944288,High_Achievers,Ingeniería,Desktop,DSL,2024-I,76.12754909952396,80.48110458692632,6.15859759089405,0.8382154393639777,0.7006053915757873,0.6071615683449294,1.508490812668567,5.425360262898648,1.4642895287113982,781.5239541408705,131.32376725730953,113.52949029418572,178.8055915447701,506.59220759675304,126.13962671903542,107.51357253057292,619.8153409655293,569.2769798623206,84.26713752800943,121.70903676955263,527.8379069302441,332.88422613931465,104.83026125823235,140.66034616437577,739.5021431357554,171.06494655157175,113.75618202483209,81.09224255213267,204.87760027474008,309.8861873255405
101.07541136881852,46.72297918337152,7.11258499635157,2.752068027190947,1.4185108978348269,1.34250863388244,24.33853115668053,14.105843207257854,10.640250398957464,21.65427184931152,293.92429993493226,26.26744409328206,15.54370849597096,20.018027214499774,8.869050512646044,High_Achievers,Humanidades,Smartphone,Fibra,2024-I,72.27126054722028,96.40426448921447,22.074068598161208,1.334782499565848,1.3645100008831745,0.004376036919851278,1.7913076814997608,6.760240898698146,1.3205717450788057,1061.262438669499,115.8734445140763,151.32738695720425,191.02034771243493,626.8066431339006,168.83246351878955,129.47648709009127,914.8739153683713,524.2315110870921,99.06884880546582,159.49847052685706,583.2225648516777,304.96511253426195,113.07894654090657,149.46343350323738,748.8469611394762,185.89502800956743,137.86087451385959,80.9249791104713,190.16140622348433,309.48540333643825
72.29452119907802,59.22594958416452,7.548081202082276,2.9729407078829793,0.9799082779483589,2.388212882213719,29.46999364727896,13.235150369822936,8.328355571461724,1.1861741048216334,298.7596380809709,27.162255296552615,23.928232968594642,2.4767926866543744,6.9644293124142225,High_Achievers,Humanidades,Smartphone,Fibra,2024-II,62.202480064252356,123.79753219944769,16.720070930213655,1.0817976077847165,1.4249520213197657,1.1487620777128489,0.9182494843541948,6.494411111202715,1.4803052783188984,905.7131995591127,117.38160209932583,144.0789902662288,169.08403524208012,589.7248340214319,152.9220756775449,112.76097695369609,808.6194475851045,438.4940553723833,115.37767676215003,136.82288531212976,657.7941113919532,238.05495931298447,91.5022052099059,146.1211117500718,853.1887857069065,201.38102475055467,140.9297779437328,87.73335928361072,204.6585534178963,319.896328998505
99.56811189386788,57.74507534512648,7.133222717696067,2.60656105466451,1.0288474366367204,0.722169122955127,25.732157763125947,10.812491708529471,8.790196123514693,4.519535342863055,156.00474029177477,22.36899547833245,4.514337804367775,7.5921283205537,8.760673075269597,High_Achievers,Humanidades,Laptop,Fibra,2025-I,61.078843061487134,97.55048700021655,25.397244928531343,0.5082622991801072,1.8535333555590197,1.6126443896490992,1.2249662962220182,5.411435640502082,2.381575676799536,281.7388252787196,144.3168184105078,120.5451818944934,174.841948701135,546.1770820548047,122.57719608878065,94.36862517005345,819.8473351036627,372.9496284765726,89.3752006415075,153.09637500638368,539.5465699854963,335.95008990473826,104.59715657330857,130.00973102532592,770.6570472716348,175.51516976554876,165.06084359130259,93.5899844537223,207.3288187589493,312.5460639589589
115.40296207253033,61.01494350764087,7.435648341741425,3.0192969942549768,0.7254556835219934,0.172251051658448,27.51701471789377,9.085391891836778,10.277456186027555,-41.53779555797732,239.86960309575454,26.188169592345222,19.360725788889443,4.690130507396329,8.352793876136367,High_Achievers,Educación,Laptop,Fibra,2024-I,75.33476864053007,80.52496418909173,18.77874235908327,0.2958277345811751,2.2824009324837453,1.1969326889271419,1.2219918013222622,6.035461729701112,2.1255873333332973,419.4291597816893,150.2864016683279,152.33925598487292,190.38128403630247,560.4724487929033,141.9186145617991,106.81806441395054,901.3129841758329,423.6366546025818,111.68729914135751,159.08512797946454,552.1204905762319,331.28517462724005,110.80065486420725,172.1818681130025,905.018525966749,204.38472651905485,165.90156493960114,89.04076210618518,222.38898984805277,303.20298249857274
79.26564211048998,53.73625076056398,6.915560576395051,2.837369665744562,2.1151826454979252,2.0161630143579132,22.364728872209763,12.156282624836658,9.601529122085143,60.94336337396126,224.28239506098686,31.018847830763523,12.734145287560617,14.726085254876974,8.105298226011339,High_Achievers,Educación,Laptop,Cable,2024-I,55.4012000978804,83.34437304506186,8.718365097681454,0.580861055915349,1.0502324662663067,0.039906764666018966,3.096077778863383,5.437489766346315,2.1837786416768226,360.6326481116005,127.17171918081638,120.80549635098924,210.49091744623504,569.5341880483569,153.0989710766193,127.88910822185062,729.9900707415445,470.54772834706677,106.26144598156611,135.06497687332703,531.1862892120974,332.4827591722221,90.16915254297653,145.7424106081788,923.3052883963703,194.3279608261617,149.39150050119886,77.12574841035561,231.23768206971596,282.7609697138291
83.20136771188079,54.5897445851443,6.481681107628967,2.7203908213254637,1.3189008855940034,3.50544266847991,25.029962414855373,13.847107280219427,11.30815734289337,-6.114960599714443,160.16666628327022,19.92738045861654,13.492119139522456,11.791532729358575,6.951695374123328,High_Achievers,Empresariales,Laptop,Fibra,2024-I,70.72349671685167,116.8105670376714,20.582220634648483,0.7350656523578645,3.1134493887014214,0.17111836854757834,1.071183379017345,5.680961489463711,1.3268344055208696,1033.9969851743774,123.56804856406146,113.73906509224807,154.88822878165536,474.16860610901347,139.47056874640725,81.16080414799092,769.0227803327518,345.9625532376604,93.70813403000523,138.19050975303242,539.6481137639645,306.83186548048127,103.53244515777816,176.9636713153278,739.8532577338071,180.71680837197107,116.5625110662233,69.89490074507125,169.05939955549985,254.65815192188552
102.61868500730311,65.31521814765102,7.0654966687155385,2.8654939613007953,1.488099687048347,1.8793998033740282,25.453756853894895,12.756047680384277,9.338813957607643,24.949346809268274,66.55355865126657,31.535243508404662,14.666289816595551,3.223863749915485,7.569784853008633,High_Achievers,Ingeniería,Tablet,Fibra,2025-I,71.55726484490162,77.65832543701727,16.61528435299919,1.0224229264946538,1.1675080259969222,-0.17734247322038527,1.7533936089990982,6.1873969105864575,1.673532376240682,797.3855397633705,123.20405385055446,113.03032322469711,167.95934659944257,444.68021535243076,163.63467809370852,118.9021545735398,893.3657933307178,429.1398411214147,109.76444417317344,175.19375258302648,485.2935467554936,357.947436162036,95.9792944646069,122.57255349097181,799.7947524482611,183.72750543370444,135.28952745812938,74.42175301740832,181.30976928799848,310.00953298104673
73.37558710109899,63.796007268522146,8.028572117393976,2.7897170809860365,2.0466746833462084,1.3801709841039744,24.33252094739658,20.100662733467573,7.994837967929333,50.15108492471095,183.3611232889415,30.437707995857455,7.249174386895601,7.395939184078312,8.609050347391761,High_Achievers,Empresariales,Laptop,Móvil,2024-II,92.5011807333518,132.1842000022262,21.773494400697015,0.9526815139120582,0.9552157039655459,0.11148649257786777,3.1568379147123697,6.258136640183509,1.7018065584231814,500.2848170883947,109.38920719388686,132.2102001487051,159.49254712726025,371.9037054445924,127.22462480739192,112.8926473448971,794.326389583516,469.2887007600108,93.38223266854358,145.77849103260343,569.2149077495753,309.0968286756092,110.72467934136549,188.30567578112363,839.9519021455499,226.1533666721893,131.9520944470507,80.12577453291937,212.03813342561034,241.05351444973712
105.04269754630207,54.14449040789302,6.76257481291488,2.80826669085409,0.9187663207843632,1.6759396630067511,27.542954663000756,8.947719858227272,9.845573867696357,17.79998111960336,9.954234088324071,22.14557213039949,13.013170858927012,6.320326451188929,8.576861238672723,High_Achievers,Empresariales,Laptop,Fibra,2024-I,61.53411401168886,106.51594010947404,15.983375315189338,0.9912230901840979,0.5618568804379459,1.1481239678103505,1.191791501790971,5.763772650840773,2.494511521817457,390.82410317747696,133.79877279428126,126.79481875677507,166.4805009613553,659.8125196419915,135.9602454078534,132.4076647693691,732.605478823046,436.41041636407874,101.37243384577036,184.47689219970437,592.2959336832292,394.92582294112844,108.25213644822173,167.9303736605483,912.3557329747374,195.16016541766373,141.2531648992144,78.34113254729556,195.49988271219317,318.2897328251284
110.24980055635982,56.17074000146347,6.601016571804636,2.9119305531086415,1.4886339416632852,2.4037951074273334,23.50486659310804,9.406970889082526,10.800734597686365,-2.431484544011653,137.665040887603,25.563329914136858,7.444474731979831,5.823301250157116,8.447633251025595,High_Achievers,Humanidades,Desktop,Fibra,2023-II,67.76983128469543,142.04647337413923,6.349898291345617,0.8500848092403783,0.5788649819072235,1.3043356445061207,2.6201199616407047,6.414219685458981,1.6482119330432106,467.3677229612841,133.09430846123308,145.59546786205337,194.4716597635331,535.0247677552138,139.10742939904475,100.81155437677324,834.6543121829993,400.46663109664775,90.76843169896279,157.5345586171989,582.0293365337917,325.721747329419,92.8065312208474,158.64735666379872,842.4110032176945,216.93975643516086,135.10354307660276,74.30594138135099,220.26053736441165,308.28568651750015
95.45456552333928,46.434586838247235,8.329457786770611,3.0221715769372812,1.1930585747573201,0.8101879229647491,24.331539297379884,15.329272429698104,9.339626140524805,42.21187305609227,232.86551266813905,19.252060919215875,2.4991890021735905,18.207764017598347,9.021703427080798,High_Achievers,Empresariales,Desktop,Fibra,2024-I,67.69326256528956,116.07026463778301,21.741976407770487,0.9035616345470586,0.6792478321810014,1.9957354478807434,1.8819630513517496,6.068399380888119,2.604741357829006,754.6380211734464,133.2837949709938,132.71523110602539,170.35547494897196,450.81946814844787,142.04640361914622,133.51239819259933,811.5767390159475,499.30663982604364,103.50802910390289,187.44901866572067,674.2610526752757,363.51786920246843,116.12366717716489,159.30463059387196,975.3790162616127,235.2925023615986,149.42751146761037,92.00579297246651,244.52148252927253,289.54702813109566
121.16747397694782,57.64036470835085,6.767081588813138,2.7920174327102343,1.8463127155223862,0.26277790779661947,26.651021947139096,17.173970977927826,10.526287140500562,59.79186914194048,344.7918127979655,26.969313947415273,20.652893803292724,3.814175444073815,7.464711970421532,High_Achievers,Ingeniería,Desktop,Cable,2024-I,69.07899586784309,64.6319041740417,21.03453182728881,0.9427340217815381,-0.15746310380803832,0.09391270417356172,3.185282637684716,5.852358181728845,1.8744359968412292,1469.282456521676,144.70276117397617,134.6238497194503,196.67768440326174,499.35517578522655,169.5494557939645,118.51632954951911,888.1407932714552,512.892210256204,86.36951830786774,142.51527349366768,449.6001032750121,318.2100511241628,100.20513274277448,148.91063138484554,945.6731557890683,217.99317699776813,145.4295880256373,85.55228208532671,191.43256781628887,242.76833459156222
79.3950095244428,49.4957628926517,7.175376533927718,2.7263580476710185,0.9723001905866484,2.3710176851653033,22.246223809337323,18.370055925976388,9.69484691872776,38.2327309104966,216.4192170523674,20.89448652848286,19.2661247967919,18.54248349232485,7.9670071887743195,High_Achievers,Empresariales,Laptop,DSL,2024-I,73.81295015079029,117.51456845584194,23.207184750069416,1.21303432236593,2.057906544477962,0.4090789275584371,1.1083706433269014,6.8401312920118755,1.0794474722604788,857.0700071768654,127.47061088154497,162.21278965666338,176.31635946667788,581.3969244098328,139.5762213316331,106.13748161751391,756.902277793812,473.2346473678073,92.81886715922316,170.24945751596456,634.7493782527961,362.1954193498406,121.396729540779,178.5373385005929,936.7448808045449,221.33992640611916,117.40668370875561,91.73244735668797,208.12138721229167,283.1146110664092
69.13057006087764,57.41260840874359,7.0505714747365,2.6394664838125035,1.7131329638836916,0.8970864984702176,26.79091158194719,12.236505240883554,10.503855360724446,56.231248533637356,1.9434787862246736,29.920360386543607,20.716979939127192,14.857714475892454,7.606962166493872,High_Achievers,Humanidades,Smartphone,Fibra,2024-II,77.9100779495229,101.3004193316503,30.218893652151408,1.0059760738873187,0.052832851029021195,0.388993846299582,2.385933494021354,4.975624694037667,2.6613462362469127,581.5784013380833,129.37420133483647,147.1710050158486,197.28346195725968,399.8802832084118,150.39007935056736,117.03502012610033,804.9719282679141,388.9589969442589,106.04992194915401,129.53548538570143,501.364218789792,283.7126002336897,132.81590039078537,128.306267622465,834.5574383938857,221.4773991899307,124.71852957940284,85.28462303952702,175.53420879408668,290.7721567250842
101.05460589334797,48.693404783879224,6.603835989204981,2.737788210518554,1.0479618986564962,1.5948144229016084,24.732908595912658,12.348044920988539,9.313355872353624,69.88417551675556,226.87413139397606,24.19484516318321,8.261179178811947,16.282869005597174,8.074212671824732,High_Achievers,Ingeniería,Laptop,Móvil,2023-II,58.517126998532575,82.82765068348203,13.192063597048652,0.6986524576964823,2.603117310552776,0.5105695620239166,0.5225807234016105,6.309199698477293,2.088118967328224,543.6900542677548,118.87631447721228,153.67375235436543,148.09661515884335,599.5845278320166,149.3116683768959,131.02530550115753,860.9132171038073,469.76174329918246,97.14372325925365,125.49404920932035,497.44043734481977,282.4114094766664,101.26930427363754,129.80700901599428,975.9417923753801,209.36041362797502,125.36355198447589,75.42213115103512,207.85132408223132,239.7757192102834
100.50814631244639,52.24015027397196,6.938794726892411,2.867153585978297,1.2216793578309446,2.3374123781126226,29.54018049502256,9.81509438136792,10.113948979355133,51.478598486064215,117.35702381386383,25.164226475105252,24.55772639279672,7.326730532004474,9.670853213876587,High_Achievers,Salud,Laptop,DSL,2024-I,71.00280309021399,101.56724779561904,9.215866858592111,0.1803880895049858,3.728685797488467,1.2445520407950417,0.7632148321947492,6.221099778230684,1.545589519012207,1676.7355218593605,137.81719152738017,147.28318538523283,176.54498942050853,640.7524060391224,156.25723058457555,116.53153498283596,936.7691514108806,513.8282590514677,120.32528980812909,154.47653214830478,552.5556895642301,343.3570338520176,102.2667837579955,124.78082335016973,715.9629347720354,197.9371117491768,162.33002305897068,88.11479188595426,206.68347118419825,347.35786767488423
97.9211487279551,65.28648015708139,5.8852652036299675,2.7512317964249426,1.4897580734270686,3.721960244466712,23.419957702572596,13.574134623854109,8.66002494685064,-5.02678772801989,227.05398993107093,20.627810581793536,13.130581689437669,8.379296411733039,7.795220716431176,High_Achievers,Empresariales,Smartphone,Cable,2024-II,53.187186058442684,128.78785447112634,25.026877690309593,0.7597864917405387,1.9756760101554562,-0.07739175023808181,2.3494589235984873,5.4257804572004,2.7457250954867014,1212.3637527751273,148.95856281767286,133.77951724717394,177.5943132568355,512.6064349626837,162.72541454033595,126.57989602546014,732.941376614323,503.26812089247466,102.69492713935854,163.33858678595362,682.9977595506888,323.43533676253674,98.3389536210104,152.95512574683664,837.9921174471175,192.58575495587232,138.51069425343437,95.45861028677875,192.2937479283427,342.6976695296967
157.42232928672348,61.03643249213464,6.933454499055361,2.94458216441031,3.2242182102690014,0.7711296357665115,24.192210023580692,14.611974554056724,8.800593957803175,10.28972559606156,31.464521467308785,24.616348406371017,16.923569311619023,3.0944930136681403,10.456864136398842,High_Achievers,Ingeniería,Smartphone,Fibra,2024-I,77.81932137831001,127.2756943176293,36.35314854880049,0.19954377637651075,0.8455988481433996,1.2246368851884555,4.801058279515642,5.630743952887953,2.65358138325323,1298.2268847067276,136.28739383359397,149.7946096565554,147.76281257855004,644.5016656293006,169.86217667485187,144.11800178325274,962.5674017385543,548.1914333309039,111.62792726050232,181.06725343175228,698.9422795859621,378.5920134174672,119.47942593503188,174.1977275094785,868.4929511814672,248.07131662292716,136.0509236314459,91.22312787054459,225.0220061689161,317.66573480659383
114.5474618741892,55.05532896471013,7.698605701416275,2.8604132858134497,1.9847566560955139,1.1417175704018145,26.53566164185109,20.723399220111443,10.28689269269663,50.41402093086894,333.0689954030737,30.311081201401862,14.444268034708848,9.490967255436464,7.544386917535007,High_Achievers,Ingeniería,Laptop,Fibra,2023-II,71.4867416584834,116.92726386255266,23.495481980719443,0.2695680791767316,1.8512057035973837,-0.10169772885082556,2.9036421509648997,5.513757579568539,1.9872491779897714,1178.4866113293974,124.68792296064916,152.05096162159137,189.942645069804,585.7691226449637,147.51768919543565,121.48641407659399,856.0314686840459,433.4729673356729,92.23380946985081,138.30942167131587,460.46014406450115,300.69353761474025,108.82494527573363,160.36866444296408,796.3932744871706,253.34253440543523,164.4540209308516,97.0070747680895,256.52271026050266,307.7463695645457
107.03634739714721,61.63774695457151,6.98683661141496,2.6833156653720915,0.8629344231967792,0.914520734417241,29.26329705865174,9.605901153435003,9.276788801257096,44.94631398048108,320.8984137432285,17.810880819283433,22.412344379734186,14.393410458268797,8.611626723440875,High_Achievers,Salud,Laptop,Cable,2023-II,76.93819646953241,66.00811747589226,13.588926173672803,2.0619790799770508,0.9065156313166045,0.16450902497741487,0.4144941902163498,7.593416333791732,1.6831127957132626,756.7168221254888,137.26494864429796,170.959313365549,195.6049858275034,587.2136131528786,150.64779058794835,108.24137681097378,752.7328546894853,461.831285340923,109.44557502762756,206.38673377061897,604.326192437797,356.95000280460283,118.63986226809337,143.97685395903818,836.7785375507955,199.27054337060102,148.83101531546873,91.4562738327664,214.4830867642465,259.88900628044416
119.10047586644501,56.24945101819251,7.55537036416986,2.8842675829931372,1.3244026351476506,2.707025851868375,27.622305698330536,12.565427317270546,9.196996804618854,57.33371465983837,80.88048925110164,29.045647804996793,18.608066289142272,15.586806951451564,9.202026753087447,High_Achievers,Humanidades,Laptop,DSL,2023-II,88.8874807000309,99.20580474202836,9.406610795903728,0.5539843948745307,2.108077688022776,0.8808899354005915,2.2479140460547224,6.081434377486798,1.8035365759454949,1426.2130772411742,123.13031032949907,145.79306722582254,176.09901448860703,571.3009916654371,168.17191612680708,144.64082237284435,951.3380027299679,559.1915265601102,116.5969013731687,197.38320980534394,652.8564640354023,326.4937869753061,114.58329256680145,172.25783001522416,852.2400359748443,219.0174923083214,131.94625823869555,99.76576752127419,202.3075969327854,277.9995014869759
110.73661312719987,51.533711816086765,8.075851026526827,2.9558135243097703,2.0109915918499572,2.1741979252177415,25.944757390133965,13.960155396464396,9.011285108738594,-22.21394792968661,174.8263117050183,28.968184733925387,18.779997669840448,5.878491487167304,8.97742957639829,High_Achievers,Ingeniería,Laptop,Cable,2024-II,77.4755555311898,116.1183126293196,13.66724862918935,0.3488050971410225,0.19366563202559317,1.3232918953481183,3.143906888935241,5.6092748775496055,1.6616303101427783,7.5140153195237644,115.91936716121889,132.3354273979379,175.22395751254922,568.4402103196026,172.6923431623332,124.75909980804695,865.6059820657781,504.4298816725572,106.05034462965325,142.65861155276156,565.0095367536987,292.90731451307005,101.12550927951946,185.0466244123236,900.6020859353885,252.70313095767503,154.15598101912258,88.39415879500825,226.80158961237385,311.14094683865045
87.80318566184549,65.77613668456013,8.330662997119422,2.738419437937942,1.0822294280158005,2.622965332584011,28.416578175984757,12.420620089716046,10.503284882763225,17.193714231847835,159.06302260802178,20.84802949369642,6.315257437601001,7.579510473252989,8.117176113219301,High_Achievers,Salud,Smartphone,Fibra,2024-II,85.81401026904966,94.17842024309022,8.339115385937511,1.025289689899711,0.4558612520702644,0.7524801463947736,1.8485611456249138,4.864526841343406,2.3818041906962697,1622.0510526370056,125.86291573367136,127.11337268849927,184.94425622957394,478.8664459311148,141.43654958610173,100.42976610748173,786.191708243006,534.5092445997715,96.30128464848458,121.92805139067387,497.6433160649681,269.44954005783484,111.70706898649505,145.25968504115014,930.7961416421106,248.89321560756238,115.80761045228674,88.39619652121382,178.43934739632104,316.59671961093176
103.2780459089725,66.06067310110093,5.946045758712953,3.0997640048229953,2.3008497732995075,4.465136692744654,19.852583615944184,18.28817263441556,12.058150517631837,24.15673013238937,361.7898727966542,22.515589434868122,19.288487964823595,9.07781524498908,7.922827660996957,High_Achievers,Educación,Laptop,Fibra,2023-II,75.82092282503031,132.71147389644892,14.001060725095508,0.13810665532794347,1.0509903168023305,0.118845488553182,3.208539500552804,6.687890815116375,1.416298285648735,1194.1599917716537,105.7718463437019,125.39069528893812,124.91893390505403,439.3419451388331,140.25810293771426,120.62557213338431,703.28841595325,411.7693890085548,97.07965495169732,114.89299470724025,413.7687731668717,232.48225863471367,82.06755890636386,149.16132666327843,865.1337883355678,197.64859511633534,142.6146195478971,78.03178865816857,192.7577977634638,294.25137681240113
65.47468461623221,49.2952631755409,7.0867229863556265,2.5791961617342003,0.9992307817994983,1.2153324328602289,27.469979256854078,4.253496150155657,9.13971705976258,10.405748208342578,156.05677489091215,33.56811914248572,6.326244208293099,2.003309605036742,7.21136065563706,High_Achievers,Humanidades,Smartphone,Cable,2024-I,70.62058300209134,126.45248795968756,20.261097844190385,0.3279608310385857,3.3119550397009574,1.1281566896150488,0.8670589733126579,5.96632911256649,1.9159097671087602,1061.1231012601959,105.02036840564895,119.17550043550995,143.43073921917045,448.78178781824204,155.33847667940037,128.3327693968771,885.6447931530763,569.0111759422875,106.54521527505894,158.60139978777974,512.7798902585388,357.4369922632609,106.74531761614465,151.56596250729615,874.2627103743002,217.3961312036155,115.17577260943125,74.34515113003124,197.940279084584,312.5588648215161
69.61911104022927,49.991692890129855,5.9086994101815264,3.0589202221099216,1.0678990416369802,0.8870858812433853,27.56724005830567,14.283677704412504,11.61826917089244,16.21213272593596,-81.05680397868498,22.26934968643177,8.477234563463874,12.268899261716372,8.342691748290958,High_Achievers,Humanidades,Tablet,Cable,2024-I,84.00883739585078,117.36075553890896,15.053212254661348,1.7714346588245562,1.0666660586369412,0.2575157445677031,1.1364938389958597,6.155660369223816,2.5762284345774304,401.5998862791533,138.1944204278047,128.05975545717558,181.25700492409553,570.144559944403,144.90276618086494,118.6887798363282,840.8542841014587,441.0332313510195,102.29044338022588,157.4065851698179,554.8005297143894,313.33460657052814,103.37306642085348,144.3945737433771,804.2156434043301,190.47714697768063,136.47403041726201,86.87643200917981,208.9297331967011,330.32369132491783
84.50214148277392,51.68447415541631,8.112165989672963,2.843089197644234,1.2169291690541217,1.4949783479971523,31.73962277319778,20.689499950849243,9.327179067546936,4.7026528639831895,189.69076684373786,22.23971111074711,8.05068681845173,8.88637604149629,8.973549803307272,High_Achievers,Salud,Desktop,Fibra,2024-II,76.37607203109609,55.361409775913145,5.954432563096721,0.8861483917895111,2.647090924058644,-0.09667594903241011,1.5964420951211342,6.171795052040779,2.3201491075650003,1306.001978271288,121.36036675724314,148.5608654288969,170.92963936278431,551.5304925501628,127.43813642896389,100.7506624470969,753.4938396702499,427.0200807856463,106.26656140997724,151.59180363464992,542.5382536443817,289.5858498817447,111.88982696528704,161.78346509430838,964.6145192675685,240.64171007960738,122.9823901368937,49.634958222534365,201.86974727868815,232.1357936287463
81.59945091307024,59.15255341804298,6.587173374004093,2.859508513860979,1.0210421818302966,3.8305222414478894,23.06663087118012,16.796236481945456,10.225370918412095,38.845251922139035,348.69340754417306,28.858132115420176,5.539527746995776,8.979342795330348,8.065616456760646,High_Achievers,Humanidades,Laptop,Fibra,2024-I,73.7703623357753,104.8575765704083,10.016162222961459,0.7502431140212478,1.8948359705448317,0.823277972581523,1.4239560522372345,5.248614142624574,1.7819905014753294,1423.9369305572222,117.07251970821045,143.4129117799735,184.52981865638367,665.2053193483237,118.52462621851144,117.05281954088298,799.5285676565233,452.0953465215865,99.61724090406051,138.64776142534248,494.8803613466328,301.5554171211959,96.76075533401244,131.09815498543614,739.9266117362018,140.2548927036501,133.8146734552906,77.79333866735134,182.80883344806054,260.08650839029406
124.18533523365574,56.826898069774806,6.745655468642814,2.9507748952099,1.2672794850169864,0.856474346745831,25.98269545224943,9.712875192205539,9.260589205975066,31.18017468672305,226.23981199413282,29.183733329148854,23.53734622437733,7.814116270436252,6.747614748387744,High_Achievers,Ingeniería,Laptop,Fibra,2024-I,77.55461146180562,105.55187483707783,28.19316041019327,1.9779181574854803,0.422010931791021,0.9868355393823349,0.2482624588123325,6.435747124293526,2.453522509820768,440.74115590462316,108.63684656657728,127.05530272872072,193.18076626682435,520.4262594166584,147.96643388155636,117.64968844850759,778.0945641413712,412.30632231058144,134.55014787697453,118.73739572730177,545.9545258588759,293.27832946363736,114.70741912556785,148.49126767611187,827.1817036528528,203.7061317231109,156.88706472367576,89.44046701404109,229.872415556035,319.0385576537883
55.972720567842885,69.87366232600759,6.060925020391716,2.3692245210079035,1.0937650166034594,1.4047923923531562,26.75388953816835,14.804677709127901,10.178768095073199,49.038957261885585,96.76491067359464,21.9101707963833,22.670096896818304,3.0229683665888447,7.605754728331602,High_Achievers,Educación,Laptop,Cable,2024-I,77.30289534458097,106.94907363458823,14.383600103971183,1.5329497372893974,0.9433816566037363,0.03227233379493881,0.5087416286566169,5.354980039437386,1.6005871218839172,460.6747398871598,111.82042031015645,121.70495313637483,170.8243233117168,436.1424269923922,161.57150018814656,100.54102426368397,744.5611443245548,497.8036207956075,108.3597220048655,133.1174128444294,536.5352910848245,329.6408031221978,96.2252664542037,155.00574368621983,836.7716212584915,218.49688494971872,131.33518920806088,83.48818919470274,196.88709764338483,250.57289843809164
80.24091000576958,55.82460805218203,6.264272547532514,2.949780041562502,1.087205444171008,2.473515166113295,30.659708469929285,18.218302145896217,9.912902284713024,29.15205694406669,111.57511524236394,28.89471508500648,24.69468455794443,9.09863444013654,7.405422978343235,High_Achievers,Empresariales,Laptop,Cable,2023-II,75.26872816691414,94.29375372328812,37.63114240340802,1.3281584418857337,1.2037298504724125,0.7875710510192069,2.7713007919564623,6.95661173727182,1.3250038298470457,272.4665507620284,108.82463219652,142.9817758989164,184.00946286245957,569.9967036759612,155.8661358806399,92.97686365923443,871.38136497927,454.977539122509,104.40550975564852,159.975137191791,540.7100438356183,330.33616841315086,113.720401660966,183.176067127295,966.2258577462125,206.3387429773653,140.89623439447516,85.23808859738192,223.8203750223824,337.2210742470883
69.75226811951165,56.17297310093022,7.495738279853984,2.352083413956857,2.0012237942726814,1.635101050650243,26.127754163478244,16.990113801876422,7.877037991953986,31.160794314800196,342.7502458518147,21.962058073963707,4.443808943859496,8.217175996770601,7.91980771907444,High_Achievers,Ingeniería,Laptop,DSL,2024-II,51.34679960958252,72.09502334928668,18.434607359204726,0.40917153679210877,1.7731380342536505,0.3700987256524256,2.847197976832754,5.440706411986105,2.4689299154627267,1120.1206070737712,95.50052116745793,138.38320793203675,139.9785769072676,503.36741156986653,131.95214815449768,108.02658366636605,970.1050958072838,436.03354875676973,110.63993142342454,175.15211197130694,631.80908981884,297.2576234558064,103.95571925761199,174.1151982580713,743.5510001291588,225.9463699391058,143.34804051836264,81.45570824822025,191.72484972346408,319.4848198462314
78.22929602159591,55.02512189260149,7.59974760371722,2.8382860612772514,1.6082961621034588,3.0481761426370575,26.86327564869728,5.3080245265508275,11.948928566868357,28.678265741482903,67.43918789922267,27.10209920962762,10.567123301586179,6.286759238283967,6.226057350139189,High_Achievers,Empresariales,Smartphone,Cable,2025-I,64.86420941111993,110.6022690160091,13.786816617182808,0.6807294855146283,0.7284720512679062,0.7293612043689035,2.8291094857659913,5.60615159187498,1.810369658110022,779.0245001908427,134.26361785202613,143.6057448811017,173.43729174545467,521.2157291318944,109.84472082027875,116.7200891636898,780.6367189497145,381.91674380562966,89.37345356778451,128.29708317216122,485.12970072455136,295.6772044267851,107.07323691056403,168.73383572478585,966.1567657240012,212.62565672876718,153.33867456298063,74.60677595453991,233.97775196973873,304.47857600062224
107.15191254528865,59.55573098032672,7.574724761710107,2.7088283991209483,0.8318267239534123,1.9628983331513967,28.50734303549431,17.456181711452654,11.742742217006871,-9.078484298787348,42.230032271541816,30.28376709248064,3.203862908835178,6.240488306884341,6.6277897947511315,High_Achievers,Ingeniería,Laptop,Fibra,2025-I,68.37234706588907,90.84447347511468,14.958958569877218,0.4172835976262448,0.5355861392495609,2.9384664557951083,1.3919519306805581,5.350174515723651,2.3908494483099347,1967.678782387607,123.08805547646493,141.82265002004473,168.71285907883902,609.6670751209382,110.11182096143885,89.51006417435538,805.0502727015491,340.1665805153983,99.45380101954461,150.99197407973472,605.1754036490089,345.36054377318976,96.38314039297349,137.48598147009065,835.2564895759969,188.9987678842368,139.79164746700397,75.60780052055344,176.79146103755056,250.34263658697708
80.92027071749801,51.84800905910707,6.483711305945668,2.7329714332134336,1.9616116729269861,1.7545797266713217,23.33824114851008,8.600508009832211,9.208054247403,43.201870138317425,232.3591710521772,26.48505243851734,9.639461281339115,10.451824668440102,9.001447965254787,High_Achievers,Humanidades,Tablet,Cable,2023-II,74.33379988239855,108.96277928069253,21.51298679332228,1.0729831853497587,-0.7386422056762231,0.870630482327122,3.5982947789865287,4.4896176945562996,2.228481203343237,20.184493005965578,124.29860632831377,160.26286214782058,197.57898508649043,598.9127707917845,148.15183186540108,121.11560909067506,845.6786111455829,429.7553976857513,109.27057596443963,157.4848309558505,546.0821367326045,349.3640622567386,118.33000011015511,162.76505499795235,886.7431367359876,191.9214570010856,133.24471031494951,80.91231313630271,218.8707491627079,333.0457790187941
70.03927570768937,51.317600114099925,8.814494137304596,3.058839957818975,1.7557699000290232,3.0537508708934373,22.56914382020849,13.73027886713326,9.431235054532747,-29.304604412325524,214.9196044686697,27.93150548515489,2.4033172772744997,17.966596323853086,8.802903306003522,High_Achievers,Salud,Laptop,Móvil,2024-II,81.60723569100239,90.17321514792891,14.025206109176462,0.9760537088611807,1.3363104503832595,0.7242598296570332,2.195170444941573,6.652463863988215,1.285995253460734,377.91533215172535,118.98923891006574,135.18736558920702,171.02240407246038,445.17356858189197,129.99168812508506,112.17826378524195,700.4191203637394,478.0253740776435,99.59046067622162,162.63361416752852,575.519786402034,319.31109773824056,126.55741048971342,137.75103793902505,856.8880936115827,226.83145414798253,130.69266584333573,76.5243730936917,198.49599628650893,326.45538781291134
96.64303670380599,53.864877234421954,7.5210391933784315,2.7948752573139273,1.693118628989954,2.2975817625131043,24.51967858352029,10.49877484818239,9.976242677353076,11.65471238205269,148.70312279306566,25.183927162881425,15.651675706724236,10.671295159739264,7.743660596250994,High_Achievers,Empresariales,Smartphone,Móvil,2024-II,78.27224440438887,127.53742307626888,22.38694849603377,1.1585575716245018,0.8835900393417465,-0.22579440811269894,2.243087233189751,5.54231117864943,2.2515241763376954,852.5997546115998,116.75794690779371,136.4704460696132,169.49667858828107,477.1160890521184,140.76151077770035,93.98174967264697,736.4181836688465,386.22051585896577,92.03525976647818,142.46084108927425,566.6265456865651,323.6491632075934,83.29482461873205,106.3373043565827,809.8147063872998,200.65677475108566,125.64625829655763,73.22511638653035,162.77904425048732,224.29259852533173
101.55627864424882,48.52731610431844,8.207909136440165,2.8620474835451186,1.1500741924360915,2.300842630187237,29.88022996813069,18.88393885124216,10.056447414128572,-5.407870225380176,145.228676656546,25.457732014930272,9.115257488666673,12.702438797522696,8.822936044692097,High_Achievers,Ingeniería,Smartphone,Móvil,2025-I,62.7761177534604,121.7424764948735,26.870031551073605,1.392615210448941,0.2516712607076749,0.9293150058763305,1.4781288297429456,4.969321234273864,2.6044652503806796,1204.7355421054358,127.98568166551317,125.3206778701567,184.78149631573766,503.0843439107715,127.56422619838978,107.39987217567513,806.4006215497301,336.86637355370425,103.53430043643115,128.59217078959267,540.8461977473804,297.34513993291864,110.60126237072717,134.997514298794,754.8239913776733,189.6404411636123,157.16342943090118,87.40939053845851,176.19514583152284,241.00917489978104
85.12562577881282,54.57246731438928,6.805074012657737,2.680264814494986,1.6485697555608716,1.6458934792421016,27.646219561133453,5.718929685961114,11.040769176697749,69.54127603199132,23.062514304712565,20.700315725405876,21.94818111367952,2.179223651544307,7.323814964524429,High_Achievers,Ingeniería,Laptop,Fibra,2024-I,65.81371427726813,116.13215064856736,23.356132224811983,0.437756269087295,1.8630752899572864,0.4702609774502381,3.5183571871970996,5.114460371423993,2.211649852191812,1184.2761165853053,120.07647656531016,129.22978506024455,177.28754011545877,491.70640218653574,161.96383035255985,117.21491797321791,705.7545397969385,531.663846392583,107.1767882980351,178.1147148411026,597.2755367903892,344.92063743402423,104.62056092059093,132.55461118210218,830.714404629717,182.54270521814178,138.3201482321138,85.66882598946437,207.0788425340072,295.52311269971483
78.98142815747278,51.119829969229684,7.95382975546589,2.7642840914217106,3.11356720020585,0.0014464144768926435,28.584799716025227,10.79006411407845,10.714124097910926,46.44211337288969,211.02668617825555,24.59220887060832,15.281811193196154,10.670665025796465,8.413137701507505,High_Achievers,Humanidades,Smartphone,DSL,2024-II,72.99497171630256,110.64399046249498,3.626586979635193,-0.18395834795215948,-0.24858282206956353,0.3677023792271292,4.254450464378189,6.107170686413151,2.194860081064066,902.3564764184199,121.81444298389154,125.82285340412346,169.17546698441663,531.327629358881,115.11603809432759,122.04308238565876,735.453809840882,511.796318141677,100.53569159150044,150.5836626046997,597.98987729654,394.12783067251735,126.26346504961008,167.2593982670428,880.3954655837671,204.84269964495115,146.83458809001078,79.5333172612832,181.13317104947126,278.7817437743459
117.30464036997144,54.85755355235448,7.858388078290904,2.9668540801539387,1.3221510064770972,1.6429414777402425,27.884250605929136,22.614599776574956,9.285196502380149,20.296778579256724,190.44909784988354,30.6204399139121,27.899646125966687,6.754303930632874,6.939499080968092,High_Achievers,Educación,Desktop,DSL,2023-II,65.09538226702836,106.76566890153634,24.484007856660675,0.9690842881799007,2.6839840167013107,0.46851789751638606,0.5531448257711291,5.616045811271408,2.5114017432426303,1049.0038380056133,120.49577595016574,135.84458987820037,171.77104348086343,563.3968650605849,135.5743920434378,124.70209045066436,773.9509457060981,421.87762195204766,96.19870816806694,166.6720171660609,577.102379235956,313.4964704949945,100.75733539198559,135.87518473856804,704.8772113892501,211.64584824101703,138.4495641405673,96.97634798739261,246.0116765465549,282.4907767736645
100.75963691984124,49.08347855267526,6.310233153126466,2.8392738909842055,1.1444151378651461,2.712639165476939,25.030687407930618,3.47185890464898,8.898152433336092,-2.1059185794488293,11.844532744473028,20.986686311721716,6.110776941729468,3.059913658568914,8.283231778552986,High_Achievers,Humanidades,Smartphone,Cable,2024-II,71.26281975768528,121.20157329705155,14.438009993220053,0.7729544036310786,1.1885251444703404,0.6717492565271831,1.1985314053409686,5.179690073609625,1.787268506593281,927.8559172209889,98.90839905366462,131.93483588526834,150.58451276062775,428.8531100376831,153.05081878762545,106.78026362214341,756.2173235643834,450.8694122312464,91.1393585831238,135.54313387229743,562.8985189055044,309.6675225480967,105.23645920395126,125.8063060291456,881.4602549744421,174.34629965987895,141.464084799932,80.91888143677598,225.7656980450162,288.4932910913636
137.30013794017674,54.13039655649702,7.626277165413885,2.887897988649079,1.1483535766236181,0.7733270239189222,17.670467205669627,13.459439027927553,9.954061615692414,18.59175631568936,181.10581806272597,24.194622691296257,17.27810186763116,4.828005016839384,10.00113415218843,High_Achievers,Salud,Desktop,Fibra,2024-I,66.61808535610855,113.8534759609094,19.31647222691697,1.3503706125950081,1.1630996417047477,1.4051515122986744,-0.37224196979199076,6.415258162548393,1.7833326353346262,1428.3069561752636,129.03932859722627,133.0510288552686,202.97874268404072,574.6191881761853,160.13678372109575,107.11642894390181,798.697422822989,445.39775275734576,98.4795842304024,173.00936237951603,570.5344498102488,310.59215787635287,108.89942926846503,140.97059356824386,845.3304173801869,183.97009352474393,147.7999471037796,81.1417553770929,199.31813417401617,332.5053794217704
108.69366472173249,53.375459116890156,7.406262737528044,2.749497175035416,0.8321938529587283,0.9853843098620186,27.477182808407314,18.36410711861167,9.941201348214205,2.213722728464745,278.8553530397311,23.833666820222255,16.869216180220068,16.35054382268099,7.392422613310611,High_Achievers,Ingeniería,Laptop,Móvil,2024-II,73.79841485807377,115.69928306244995,24.866052444820365,1.2809920987735606,1.5749692310147179,0.5650107148092005,1.2959487493188593,5.468759406758056,2.4197696320263375,575.2246142211247,117.46019124323206,99.87472387143335,170.21436744813306,448.17057596035727,146.421070020715,137.7167535446926,890.7668262379387,514.1442985166923,98.30851241668633,160.68968219568532,603.3237505942876,313.21650023901054,105.52373613240006,155.07801191203626,903.9031861699465,229.74400089236525,148.67834307893068,91.31796880047476,251.77959501325557,327.6785560851926
59.74815483641211,59.10373689440157,6.8855531260246465,2.4990789327858574,0.7164639931312773,0.5964242078934227,19.15715004360755,14.692393670414509,8.518791598499652,38.85312571965709,142.16422530098566,25.955789345181653,3.652278207777486,17.773599256632178,6.42849620024332,High_Achievers,Empresariales,Laptop,Fibra,2025-I,87.45457692950828,126.22503387633589,20.99254628447783,0.47420354560392536,3.6577238407045845,0.016110851770376855,0.3900025931976672,6.800579187388115,1.4688734774971182,639.3587335558432,121.8243227989206,116.93951719846193,186.25161922608072,528.9545880220885,129.93683034685648,119.49664750466803,687.2560716660764,451.5767577628404,100.72173311474735,125.813962474096,534.506180807393,261.8585858040499,117.7314846969879,153.4193580270422,792.8600519215684,210.3768792236091,128.60729774222895,75.65512674646627,243.7891094235838,308.21993979543015
97.6669183212082,54.57913931855927,5.025357877806946,2.9054500837327106,0.7770227505972619,1.0474548613703945,23.81015016779601,10.757072723361095,11.004418462925964,-7.45475609861872,113.87181988761854,25.25906949580744,26.593911477279562,12.755111069082247,6.744657984103059,High_Achievers,Empresariales,Laptop,Fibra,2024-I,75.88870084427988,83.36493165048503,5.597201504727494,0.2705145516962538,3.41475475703848,0.7860614352293327,0.7930941506967736,6.212788032437436,1.9514794267204265,1247.32816697441,122.81441662554,118.89321051036602,163.67576494386842,459.6843048070773,153.61637251207037,131.4734839882765,852.9575260619692,475.2454302007989,106.42542196572651,138.2703825313801,608.9189076465108,286.7036360921484,121.8284353661286,162.85961090984907,989.3043567613489,207.00135593360386,157.84080922860625,86.07407066204459,212.74825511690045,316.8461037212249
91.72165501464352,48.97893407378421,7.470559792238263,3.0071853203397425,1.1372448627087588,2.751001640059947,27.61541311452386,11.036679312125383,9.880877702059298,44.089222943477466,168.91753111836073,29.61986160756734,18.515005685997778,3.366323910239533,6.875439504502252,High_Achievers,Ingeniería,Laptop,Fibra,2024-I,63.69346330157105,65.66547076718678,12.12936383621607,0.6479067842401398,1.9482328498740826,0.6162609031637919,2.495436996019138,6.826274649484188,2.1544629747991673,1722.1524875487607,132.40713571669642,125.50773809579148,190.65609861069476,532.1902742193565,149.08596300675998,134.76305667068848,894.7461932630163,558.5618175657382,87.01489071817527,151.67913097779342,555.4337554560465,318.00022314764743,124.20196822301521,154.47730256343513,918.3765519315319,241.07434579825326,127.72548106468851,73.07791319612951,203.2335163921574,303.13158302407385
95.68915079471364,60.334106854618184,6.23065846178034,3.1573311082814786,0.6441660205908377,0.09231965290532207,25.72873336582486,14.808279461750478,9.672854521775081,-5.566565288446874,269.5986973670447,33.54805332513135,13.855346958328159,10.234032182514369,6.812201193020323,High_Achievers,Educación,Smartphone,Cable,2023-II,77.18474162118927,85.36568818489471,15.706015358843983,0.5369016753165786,0.4638013747015899,2.6517906867996857,1.357665919250562,4.938327330036381,2.535758922342407,548.3868769945598,130.01239811844158,134.22565249429184,196.36278255996672,499.64113162128695,167.25445182625162,144.51908381345078,853.0789702609042,600.6848667559267,119.83322472761859,202.07182256257607,599.1980681041005,305.1517881323204,108.3588402102523,160.04189420182422,834.49517133173,193.41647898723355,162.62701047723067,79.17381383151076,236.08987638450628,295.79620903595696
73.08924230125275,53.03629599717001,7.244242874585619,2.645031850513933,0.9052725217154003,1.4004640092228178,20.526639385450462,19.679386298523898,9.88991467334719,15.700239466980861,244.82083194878282,28.42378688820583,3.890237192356735,14.081643336265136,7.000586336801909,High_Achievers,Salud,Tablet,Fibra,2024-I,82.3369300697849,80.18505608744792,19.449624941504794,0.6043543109847547,0.3750221595813049,2.8999353372534515,1.9476253788835725,6.3244816775322965,2.281992344380694,1019.2219852860775,136.74037832534484,140.3287679319048,172.40295206435783,653.5407281256781,153.19846610859574,115.63677706416769,833.3365490259156,455.48230533390125,82.09250796004672,144.44639246064025,525.5259571701203,261.83999413093386,99.8121137211835,138.8636927097865,750.0132066988139,206.82974247163972,115.42152330182041,71.25852117167754,226.55909064170433,311.54140471356334
69.5682115228575,53.717560445173234,6.168729782705128,2.7107701931907493,0.8861052745650975,2.2887835459798644,25.53846806263325,14.21159204608193,10.32452992350129,56.940753166312966,105.93145810457062,25.229134544597766,7.53852167110029,12.742279419188927,8.278552158064223,High_Achievers,Ingeniería,Laptop,Fibra,2024-I,70.55564212414603,95.51732650272228,4.297864966389593,1.9134218119856778,0.7239732774750758,0.189108678528013,1.0972153785595755,4.866771023303167,2.6932622053897255,692.2863765600687,148.43039445804754,160.0615603921977,200.51053837543344,623.8441284609147,148.5628368842706,116.16765477924395,803.6140160684151,456.8997417283913,103.42821949191094,138.73414317005086,502.57583132805706,313.5805112256995,128.3316490705057,164.74616218158934,819.649441807142,220.13166904090298,165.94421041663026,92.70496179520038,204.4949908301055,294.64208063099755
88.8810644195708,58.9626616199092,6.950341085855503,2.7941942374167277,0.7598628849833168,0.5619267836094859,24.44070947421293,13.277492960621075,10.472463503387381,28.32292017407623,129.6223074599607,24.539565921501453,19.36342944963828,1.8883194158420749,8.157575822938023,High_Achievers,Salud,Smartphone,Cable,2023-II,68.54631045391672,99.57342890933448,2.2489125445408096,0.47489610451953196,2.4652472252676714,1.472731646138998,1.3290621391549735,4.769405799737152,2.2009377571858737,1193.9438216644746,136.493795869803,150.18379345699546,157.93658155806256,559.4512119039143,170.27443124525843,120.57581230127069,815.8826621183545,521.2849459669237,95.61537394383043,145.56632042641894,446.1264071773154,307.0612272479949,112.36877150813598,171.90317444706292,913.4822533859028,236.75690324771801,140.06645773653483,98.91446426583775,216.62809044204906,288.13793252665175
121.46885937287372,59.721190871640054,7.247408472469103,3.004695688668954,0.8987485946587188,3.2546484372810998,24.549265614368426,12.933284934499762,9.580456875142296,-13.640596777728923,222.95942417931357,25.19529806385764,13.239514868940164,7.5334771926168465,4.992858720236566,High_Achievers,Empresariales,Tablet,DSL,2025-I,67.02886594394302,104.12527462912882,12.228864472808192,1.3336323314532395,0.9754968610992161,-0.007731269337167723,1.658793119931684,6.374427428278059,2.128681199492634,25.806572777543806,124.31036197529575,114.86715784272484,174.6107693361644,527.6208728940097,133.03681013762622,108.7651318826587,726.4374724325091,352.4654078579376,112.0772341401216,167.5009761428329,583.182575015076,350.23616717728345,94.63564464115342,136.5724767425917,899.0022219957026,170.8749319985335,143.02049332661497,72.33861017675245,206.15066572719928,297.22526961662726
68.20872307511324,49.93722875123122,6.9519392046867745,2.8183798219148133,1.036657242550128,1.583473715828325,31.15549605812636,10.69379085222558,8.956370410158831,35.62947349516808,200.22647305739235,27.41479568995234,13.245524025159277,7.284762240940088,7.1084355758352515,High_Achievers,Educación,Laptop,Cable,2023-II,78.11965994030935,111.69951258715908,6.175488221432263,1.5738783190848455,1.3660358977993767,0.8021136527214692,1.1255457958967052,6.58059234784125,1.6871954275888177,720.8226058125251,131.26926141918682,150.47591735695607,185.51076706469013,602.6185982122238,142.42635606289767,118.4900292857844,742.6957539613466,380.57853067010467,102.15280561208004,164.89710417464056,666.8674490296619,323.5535790005996,117.06126497655643,175.3462821686735,1108.4223209588135,212.9411644137699,139.30215168460757,76.4606671164777,211.10983909815252,301.16511781511656
81.36930029037482,47.816219107052696,7.514914024573583,2.7375965428141913,2.5040242795012837,1.4898466135065136,24.34363867055379,16.568063014811504,10.85074529474193,26.333664175305024,72.343423975413,28.642796782829073,6.379026899071567,9.374553204999888,8.348286455903846,High_Achievers,Empresariales,Laptop,Fibra,2024-II,91.54871611151161,117.34094368437789,21.958423451176024,0.31366259401045343,-0.29612837851821405,0.7685485739940074,3.6989115259108636,5.773654992986808,2.144582614320707,602.5953639426829,134.84341902724245,137.78107695237506,164.20173304647795,522.6959665920377,118.77937300262916,130.1124889663015,747.5975549382302,498.91626540500897,86.34720408771142,158.3671634603633,614.7592794908138,330.4243308552212,107.10245886004864,126.6963242968854,787.1128768300623,169.23709971790598,130.6677265564396,85.82466656190086,218.01057709177732,290.6973841719143
86.3645974448417,50.79651264521856,8.18125100885314,3.035596012781683,1.1207615069568018,1.6610432872818752,20.431729534657038,16.77697679769269,9.487672865565555,6.069781560400717,228.81404057115464,26.96205522743215,5.586026415698539,0.3123837316503886,6.77225550471249,High_Achievers,Empresariales,Laptop,Cable,2025-I,57.40491958958209,96.04060576473965,11.943075129732385,0.42391460536379794,0.9359381201525826,2.380301554982875,0.4267147070451755,6.813394083719928,2.0388900909421053,730.0109585028152,123.0000322246364,151.96169659848638,180.6557535083727,451.86278943716155,119.79522281949843,103.73225732920814,629.9646844735918,433.390610763761,94.90263136045978,148.40039692610617,481.8443879788838,339.322505730117,103.78787520129418,172.98695791217355,779.3866823049261,189.69287546302454,142.37339901593268,82.8463407190771,231.50197535183668,278.8149176747918
62.13094737429236,56.24021470302573,6.657811704797464,2.9247173480330906,0.7960393714772893,2.673849867505336,24.075126421968655,17.483039311998933,9.194530077988684,6.300175940059031,171.0636135074155,25.24013336472321,17.259398079500073,9.094274454665948,7.836579416381177,High_Achievers,Ingeniería,Smartphone,Fibra,2025-I,63.79287806396827,105.86674656046287,7.024386402826349,0.25192195119325494,2.6985465798110786,0.7639813154522532,0.6345346500013911,5.620433256616202,2.5016082037375695,-438.38629815376476,118.04365166265757,129.01972385287792,162.47716206996105,514.0639743076431,119.04335297954046,76.73738076052965,673.1379195073665,343.15034331066147,100.28253533497829,134.28300478892348,569.3629997263698,329.70680323824104,106.972456936546,128.61475418160657,699.9237613229639,165.80833853453828,138.77080981864648,71.5005571073513,183.5017419155357,298.09273531075496
126.95691174880794,58.820579159623705,7.456387766453876,2.650610832637148,1.117477753561424,3.314540857171984,33.681821533973725,11.663980727822517,10.422930513039065,87.39814025933545,214.56195809477873,26.03375324140296,6.329036719632449,9.36355981444267,8.34899128314565,High_Achievers,Humanidades,Smartphone,Fibra,2024-II,63.889419378056566,138.18006437538799,17.03188183155449,0.8754599977521969,2.1724512638598266,0.6576652008171239,1.0967445202619928,5.380266642196955,2.799278963871102,2000.3535578669216,135.43497876910573,120.10980128660087,191.33840172122058,576.4964785184541,143.93512115785416,115.56491040473276,892.8922011835184,590.1089884330452,119.84659080440983,172.12327391331374,487.13944978551683,345.1428705502064,118.56875540082864,167.3373665353385,1002.262610059621,218.34311689907054,139.4249277190255,87.25755443888454,219.88705765027655,303.7574095897747
110.15099392388188,48.55269843650534,7.396319796354451,2.956820409168122,1.2497037691806414,3.1649220886000498,31.3699717714581,13.948086856951868,7.616017136142517,18.117600414597785,328.68283263662886,28.127274721758347,9.922812428677553,15.531022493932918,6.995068905789832,High_Achievers,Humanidades,Laptop,Fibra,2023-II,85.0030398808031,87.2286916259382,28.94355592769505,2.3385458042437643,0.5983165954648132,0.06989479997360522,0.40820969202017904,5.495985097762897,1.9899625649029293,-407.15089386089915,115.01778901524958,136.45839229327797,176.4523069876392,563.4511590602601,134.88354611986057,104.3122631921962,845.3295250557776,373.93474320600706,95.08464280993695,177.32058987903983,595.0445749831508,339.93104778808197,102.23787032429118,147.24817664237744,1004.3396935808366,232.23360561206024,170.46564855494626,96.37594110349751,238.43632086378358,323.3660387574824
75.24919009007428,59.11043722544934,7.810935074558891,2.9471701158060957,1.5370232020103245,2.774886244397669,22.610556206183258,6.971660007231826,8.704153578448249,-22.79698190604545,87.44697572028004,29.270065689217436,18.566174024161626,9.42061663257408,6.131568907860966,High_Achievers,Empresariales,Laptop,DSL,2024-II,75.72235472930772,147.03298444506834,4.28140230181651,0.736026834331899,1.2996311652325423,0.9679203756153563,2.033269674549046,5.954291297326512,1.7653903604025278,1181.5847487547292,118.76759357491699,133.70584370907991,159.30618043535264,563.6234406256958,140.99328178470128,100.63321147130384,698.0603513693065,436.51939280502324,82.36764442004436,126.56378729161771,480.52274622829015,250.160129729195,90.80842130112399,121.08199646412415,906.3726091964152,174.624361888835,147.14836174115018,82.43623128525249,211.9547653001287,273.6096867752334
122.13872634352357,43.52282311074623,7.471030750797182,2.8149665716083603,0.8820535668346027,1.5532490017381093,28.089831229655992,12.992444710791546,8.336930005113071,53.24612532121619,127.71465669699002,18.4236795172073,16.299402659765875,11.523938468118182,7.921188912073419,High_Achievers,Ingeniería,Smartphone,Fibra,2024-I,61.995740244316146,87.24361236937705,17.65895537069135,0.47009031738642004,0.3066921774531538,2.3880640152085553,0.504852901287302,6.534386778242075,1.4456012088384158,240.7207213100562,120.69170038656588,132.26441791068478,189.6297283501887,461.3208478522427,160.0969093095913,141.40128500175547,797.0516998731721,533.3191261727657,98.09452407950208,152.5735573549199,504.0756117657954,319.97325240802394,115.1895552459157,127.5899117684424,778.1828204757511,180.51461111700345,153.74505915688795,96.7034363672951,208.04268471315308,309.3913155396668
106.92073319099423,55.073793336110676,7.214332506090759,2.897998205710594,1.0279987054690278,0.9588682535001783,23.325290134630478,17.841591100526166,6.916965128322391,39.400623910275456,122.108893345955,35.09382030168417,9.002715112640674,4.88471077510865,6.8922458705322525,High_Achievers,Empresariales,Smartphone,Fibra,2025-I,75.88595800155304,136.4943536146485,18.294316443543117,0.9793077604954643,0.9762206905083461,0.754310595862298,0.5010677832007211,6.043490491955462,2.0383798546915783,270.672534398273,118.69647540909584,172.70274702045688,153.43195571593375,603.603935410333,162.34493401663846,112.96946545256968,709.9908305937072,444.71862109155956,101.70225017512307,168.99569246818675,610.9793093236705,322.32333449819566,106.72521102820207,151.37592442704255,903.8132883124656,191.8358111354696,142.14007749721137,81.46234693980848,196.30886732041566,318.8125223768952
126.00540782719757,47.297811537840616,7.565378902488048,2.8806993679050454,2.2567601241895825,1.8119682569491125,25.105415178962424,10.767026591700777,10.858602666958495,-12.606974870664894,136.6032446304895,26.55035075137055,15.928736321841086,-2.8053213792728036,5.81470179674117,High_Achievers,Empresariales,Smartphone,Fibra,2024-II,73.21812673339949,76.93658212218028,31.74482069073353,0.19296687765882165,1.7408232449211616,0.6892354799763133,3.064027742453666,5.888891899434352,1.8672905613380228,1012.2113623905823,123.3997529801733,135.2620503209222,175.524756939763,509.487260075569,150.9488797867762,122.8463632171461,847.17893594533,549.0141840783562,77.8017762990049,136.02331323412258,594.627281563613,248.89693068990297,113.80226956846207,147.8645000572971,845.7841063925404,233.94882187547532,142.44461172924903,91.9372853462031,263.0592264845975,317.99736707361456
58.99692530721164,50.3048336975598,7.763756109177443,2.7747737129265007,0.8452158129180789,2.7090252154447274,36.09700089747424,9.751817303097539,9.336076409436677,-2.450947861259646,315.0713471038584,29.237176394952343,13.634617196918713,10.80437843393478,7.71274756474032,High_Achievers,Humanidades,Desktop,Cable,2024-II,70.41486977604715,110.80908311984344,17.613624466396228,2.231752115443822,1.1604890016365437,0.02802585641949823,1.2434336036731461,5.590921763583415,2.452254384276815,1311.113213723951,142.9715194108121,117.9090694447148,153.8211120431723,512.0481573797439,147.86141108781104,112.67845649035301,658.9659986530605,431.82606652058723,114.34204871912497,165.79195044456537,569.0163475311964,330.3327105719964,119.35388964492832,164.73914804212993,1029.0897126646882,192.67644552264912,164.89753804875835,73.07732500269134,207.51071533126213,296.48258070889835
68.37769798353062,60.43041429902472,7.165298168267519,2.7961210471156615,1.4287031476929708,3.018843004143028,20.806755271220503,12.690114885080941,9.849633275928841,39.467760089510065,73.31036971320384,20.433099452538723,14.964155302343011,11.927075456616084,7.143143932172711,High_Achievers,Humanidades,Laptop,Móvil,2023-II,80.32205875489191,82.58493604060257,14.89480609096251,0.49530036030112284,2.24972861644984,0.9080342367159777,1.7809229748685502,6.713772552887699,1.5534062503590045,372.06492013438276,136.0322799074195,145.37992139427135,159.44885814481984,524.8208031169669,135.77067579236964,104.2243987864615,798.2827434377439,405.30297661195107,95.73690921658392,129.65516173568642,538.6833117404093,334.5468521648919,84.7790112207867,130.3236060822723,757.8750062728477,166.72628664009676,145.97734012820894,72.19520618854949,217.86581453051485,331.21535081292666
106.27156878815461,56.01333239815998,6.888975630066702,2.5278515914265904,0.9629801035007851,1.0233169940162319,26.70126051828529,13.479472134110974,9.866370250815658,17.427712893260278,162.40520355831944,19.716967022726106,9.632776988179014,15.36962108332914,6.49877127381834,High_Achievers,Educación,Laptop,Móvil,2024-II,68.2445422337058,118.90105677121788,15.567828624813885,0.5373061742545878,2.6568547359262933,1.5663383460585212,0.5584835248759272,5.31423791505242,2.2004511389240284,358.3755974432438,149.15744389595002,160.8286999140868,159.08904891825128,576.0187986837692,148.51709570673663,122.3095800967089,820.0807006904931,483.13098839449236,113.36142283712238,150.7216181947899,656.3685301102801,369.2359326693022,107.36416497512346,136.77961076242693,770.2944036670578,200.76151451773956,139.92004368969432,79.63650018482849,244.1445851825096,323.0786860580328
100.23861777489353,56.311555759611004,6.4215006918478075,2.681258901602048,1.7623737674030544,3.110244483619655,26.344576579729058,11.61879946330853,9.7517478273606,-23.286102335391217,234.91707685389503,23.406022460429337,13.801342844114036,15.01654378176214,8.107956919242781,High_Achievers,Ingeniería,Laptop,Fibra,2024-II,71.8390380941232,69.03702910111446,7.393526358383565,1.017514624716905,1.2063344051740965,0.41867704624201585,1.3965198931539313,5.81072401178891,1.3158123646641007,262.3679156267996,107.95825328873045,148.45354573824477,171.24289187223596,493.44865580378263,170.33256343058432,113.91865327026912,910.726741440523,462.7821465469874,96.72661924457299,150.93345510268344,499.983685444722,294.26166174335873,112.82090909727293,102.25719555133762,855.5091219022987,214.60424363766822,161.64146582463184,109.47014324086666,211.7964968110841,310.4732642367279
96.36898295420723,56.12724206324781,7.698983246614794,2.7043945570467773,0.9108424294576507,0.5914785766321647,26.498255656437294,20.013550121852283,10.04167778240511,69.60482795369212,80.10721026560728,25.92136106161173,16.542514441374344,13.125105191151219,8.845094621590391,High_Achievers,Humanidades,Smartphone,Fibra,2025-I,73.54036193915712,91.86952267795304,11.539520694605155,1.0555661132766052,2.8794967399540097,0.02374716345322203,0.8110030337494119,7.1214672104404,1.590542483660059,1071.6065330825454,143.49767918744107,136.86934192111457,179.4196690761336,581.4699886557042,146.72052149301098,123.54622910383772,861.8875445184991,489.0993707588456,106.10271658730997,180.0992227626697,534.5311988402835,361.45061443008126,113.75785642994082,142.15202008802746,734.0932759021559,185.28584981907488,138.4260360368959,103.66755949443066,225.980085711967,354.04852316976866
91.12680831294611,52.14119924758973,5.8725928304938595,3.0403212792700103,0.9282429966644916,3.0230952113141805,27.480260796437317,12.517349838302787,11.234270123382741,22.759329749207556,224.02616383566016,28.22638624115764,13.152096518876576,9.394675312363567,6.901675932281205,High_Achievers,Empresariales,Laptop,Fibra,2023-II,79.85702140104922,94.61599205119107,26.865451298845258,1.7531765962746706,1.6218674323258737,0.14508467705283282,-0.0031447391550466497,7.500882848214141,1.5610544484221758,401.9363201329395,103.80235444788704,157.96687625886292,192.87919740948763,548.7123398579529,164.74281583717746,134.31052649519182,788.9782938933129,510.35149343483516,100.48264282642724,161.18069277837665,473.9439063463824,334.30767806585766,135.16240591764134,186.4721321008019,835.794897823674,229.05652133017048,142.04857327605876,69.20377488300191,210.47110706992643,286.2383841220889
61.5743198965348,63.72842393016988,6.378889516975275,2.8760009960965367,1.6310012070683648,1.7579567733628056,27.099484732150632,7.646104892583783,10.155668891391423,75.08558754520564,237.4110614564458,26.00578655589808,6.2732137794492475,8.39449687788805,8.168254322236288,High_Achievers,Educación,Smartphone,DSL,2025-I,72.45732597548565,129.98831753902846,17.40785496477257,0.6018757461890702,2.079316255461277,0.6663955059560391,2.4312563985273306,6.1834007870424585,2.089265726345644,1652.098185821104,117.76687655685278,145.7852596321511,161.33034681388466,520.5889790964007,148.8033313721276,132.1736320156608,674.5551823204192,479.04432629251716,105.64046325966812,163.92787606147556,584.3035987748392,376.01618114128206,111.56092339294088,153.76435167669067,834.0093016846864,241.06068362680352,163.55128129252816,84.01045605646345,253.7654425267419,229.26899946952267
87.86728075650504,51.42597661219952,7.144509153274618,2.432190978712107,0.7943624134570582,0.7586853378880419,27.422884835544473,7.723593515240699,12.261692881242848,49.30239757523029,88.04918062428706,28.86416979233338,16.108943728970218,9.690206147524542,7.816214668121949,High_Achievers,Salud,Laptop,Fibra,2023-II,62.115059521768515,121.02460193459693,19.601311695017184,0.25622330430695534,0.7581961338939747,3.333079704865819,1.5377734493096145,5.712018414864246,1.4754942155307638,352.4497310763986,135.99453965659643,129.6349025224977,176.34900117521724,563.7059426532659,143.92019920279043,110.7914165123394,889.342021512635,438.74379275708543,100.09533506335298,163.40719753240109,552.0301596751435,369.45934835570023,115.12478685885378,144.9522318381928,748.8982691320114,190.11113467394387,158.98632911616468,88.72375736937502,224.74443831013156,336.35484034355034
19.06493590279519,66.41489825024662,7.589509590298796,2.837088613514708,1.6720263446166281,0.17188314522693854,28.803675116396185,16.562403832428952,8.17919685045165,-13.677935696814949,273.5071058316544,23.763742348032917,1.202451922645853,22.521979765962136,7.453671699959161,High_Achievers,Salud,Smartphone,Fibra,2024-II,67.63582557932604,143.06052973389194,16.7566803658202,0.40314350773927504,2.481119915375729,1.6621282222338638,2.4156486072608376,6.086458096033496,2.0225653961210663,1260.927994951204,140.1006666144227,131.05173903444904,179.2413466215653,580.0391105936799,132.27167172367075,126.72606942725933,736.7694331619913,435.75685688677163,87.81841133060861,141.71936568283138,499.9608083575006,292.5449944581813,88.3311140736142,106.09148032775828,734.3354149040218,178.16021889598545,114.07992079004612,83.68421410281371,172.18801932858253,225.25763116157478
60.054886438521635,63.364034610347574,6.444460659494869,2.7473381221199236,1.3625140588428613,1.2096400680486041,27.517276916469232,10.984465694490408,8.87836133998983,38.05304393703387,203.09346844763445,31.34999630750439,15.999463579397208,5.957131365691711,7.593047566347484,High_Achievers,Empresariales,Laptop,Cable,2024-II,62.447829359237275,81.45928368076146,11.841406753814532,1.315116471649284,1.0427858095611178,0.5664354277202762,1.7617503611953054,5.354129848877454,2.5556439966547324,1799.7680541077461,124.72524989024517,151.22138727334075,183.7680983526569,599.2220048825073,138.03047995452303,108.07627160235795,807.7448467807343,547.379479118241,88.41228613769601,156.24814838135936,502.6555563472495,321.1357562413562,113.56804811570873,188.34286083826512,870.5503648161324,198.50734878225015,140.22565464662833,94.4475489472169,224.36809335111693,373.88160670121226
103.38556593029242,45.85209998141983,7.809131136386117,3.1062474768324995,2.861465755318609,2.258994178717502,25.64642946427822,13.60553477576371,8.453917028199426,4.465370537635733,140.88698980389086,24.908849082237616,24.538204377027395,17.337378382661186,6.229207159989965,High_Achievers,Ingeniería,Laptop,Fibra,2023-II,72.67044143576524,57.280994764341415,11.78890324815196,0.40675513732228824,0.6420346583203462,0.620903646472191,4.153498166525084,6.4371857389409595,1.5669460912775035,1015.9307292070804,140.82004275463447,131.5096158614179,176.0443929510036,457.400313589463,150.03150152825938,118.35484549835104,869.1598304251199,428.81864298307363,97.35214826604089,173.82970690646994,562.9451547889482,347.6390708205969,107.73480145834218,117.78210225219036,841.7864664388699,173.6815896968645,136.44194913065468,75.29929236681862,194.22673445678151,288.5034403424311
86.01290820606275,51.22392359691398,8.485520382688858,2.3517810708882942,1.2346764535301662,2.031177725216166,26.848999230716867,19.950540145379495,8.815449969324572,-23.326324571079663,246.41817367422178,34.56940862663221,5.663498372296071,6.4752254569610095,9.063014220705368,High_Achievers,Salud,Desktop,Fibra,2023-II,86.66916727373538,123.39361555279419,18.046299123001905,0.48972981226427253,2.19045322103324,1.3245038244592893,2.5217385360732028,6.509337243593295,1.7408785066873838,27.543949795199637,126.88843694879434,155.0315863991109,172.59987320509367,619.3459668916918,161.48910137052286,133.55037249790234,824.758692493002,506.3771817887665,92.98847735843607,156.82233422617787,529.018424857865,329.0059640451364,101.40214481272535,157.62076311563212,803.1631960323712,207.75145953070725,141.59558940470936,91.0481260593622,216.8585318022958,323.1232963321323
112.9674445165955,58.71709460516228,7.782377230217236,3.0419468502461213,0.8587859034820488,1.4924769301643148,28.729712573650374,19.700666129472612,11.346275278718897,6.190672036762683,184.51137871946815,20.735907958773527,12.775573045242025,14.728076736598195,9.535394005201626,High_Achievers,Educación,Laptop,Fibra,2024-II,89.4055762857299,78.28352398902776,17.384459997140898,1.4568937354224278,0.5474102845033916,1.9148381962119763,2.1404127823369326,6.489621868929341,1.6217061920329336,1200.078588650112,132.5605655672053,135.78168564532606,201.05043162355267,553.2119357797789,153.6115911497942,128.0431905423113,872.7030738996973,401.7086422288711,119.61767668173539,163.9921446268188,578.6583665545863,330.21371618216074,114.86211452667455,154.03062968637025,924.8271687595363,200.06384463080434,134.88406745028206,96.18755012578868,258.60101596135235,345.87793767708666
63.295525703297464,54.33724841234587,7.710111371929962,2.7218878682085785,0.8700582550733287,1.6151126823353472,23.81736640495981,15.545677389161119,13.314906830346722,19.15170117957234,266.6935974888727,27.863910582786776,20.823948351730337,1.2491453790874454,6.594864333816623,High_Achievers,Ingeniería,Smartphone,Fibra,2024-I,69.91455390027411,94.94402335905447,12.223127094801134,0.8665449813652599,1.0241861231418181,0.7359606033690311,1.1993991666611912,5.701286645618982,1.8906550538510214,858.8543542999159,118.77186662378323,134.38282692279742,163.05297820068114,509.4093728904123,145.0554393943885,111.57197920810655,857.6981060139727,523.2411741772232,114.81719660712326,162.06916122187468,527.560837974738,331.7851933842991,100.37540337633274,122.49608868092076,746.9507801119184,217.2045865126155,121.32905276143016,64.80861235395652,203.08077354043598,235.076456695548
83.99156636348766,59.91061940178332,6.191397971760102,2.5693415108141506,1.3266142268268397,3.308353332253504,28.27250605339692,8.121432234452342,8.61052293362471,9.481162625871757,217.26988392411195,25.879875120188462,12.700828307781102,15.32992323955757,7.530817976840976,High_Achievers,Ingeniería,Desktop,Cable,2023-II,76.1805418310375,105.01495049717634,24.598666768411704,1.3333949246843648,1.0233711678646402,0.9020800391560178,1.2973478556026996,4.602889374682884,2.5010448872935163,971.7667453020892,110.61600562988404,148.8297449383062,164.81132221053076,582.5612669628766,150.05849647435943,103.65025056540654,842.0696883539703,424.65934136005166,92.45443175820172,177.49726709288467,482.31676593912596,355.6659897743777,118.93054056907381,151.70797731541364,878.06640026265,179.54267386488738,143.0639815109497,80.22651399355128,181.00328590543046,285.71543065518784
118.12278668664625,56.62665661572888,6.164119895764711,2.7782156415359474,1.2610880848148232,2.3275752591017014,22.75210135957797,18.166345807473924,8.325229907934126,21.845815788822197,272.4726129567135,24.002256077852977,15.91231023690979,6.192644736747946,7.908584814830653,High_Achievers,Ingeniería,Laptop,Móvil,2024-II,71.51676623337276,78.0733515939584,25.489496868563016,0.9170746942831087,0.13264803110005716,0.9637283529271778,1.476846012091383,6.509276450451878,1.3000700788243424,1844.0143801882718,145.86587082857136,147.87532030535138,187.53664700475625,537.5566575396088,162.1435095724058,129.01770632933557,999.0096277472085,566.6958317398228,102.97643348151682,152.19329595686182,547.1750566008085,298.4392268572104,110.85678351298878,149.36765863795267,1024.4591030722224,258.46191225541924,148.1087248365481,91.43702023831918,216.80821441793807,305.6833569957684
116.06092792980138,53.289683881321395,7.101519610195473,2.9997056909496425,1.7456166471996486,0.6922175171844114,23.487072123222394,9.665656432832444,9.455103863217255,62.751329447951996,130.7357991666958,23.149409026317183,12.414232266754153,3.9739242559694277,8.031381433751955,High_Achievers,Salud,Smartphone,Fibra,2024-II,91.25384873128525,93.83142015575257,4.304820137701979,0.8792959442728553,1.6643360033768102,0.4697720947747357,2.559147562863512,6.052222496568538,2.341104528623868,1028.8986481594961,110.06761412353632,127.10518278074463,157.28164006760775,519.2003345579884,143.47326522717398,96.6458538551994,687.583480769252,508.99232066204934,91.26686292754206,135.97057466586406,436.7084571893973,335.22957925912874,96.87538217636924,138.9604719051772,729.1417577163768,196.32281568464253,137.87349721192228,76.43301908365345,211.52657141811898,292.69019864623846
78.57432754111696,50.27977336579917,7.113736196346611,2.7029735054424404,0.7836016528520324,2.1995811087125063,30.890743190342597,21.64577751301606,8.943083303447741,21.988866357604337,452.2242513803973,23.40252003186729,13.015274508133201,13.82402648580431,9.397039180562928,High_Achievers,Humanidades,Smartphone,Fibra,2024-II,85.96878109241979,108.2751959741286,24.658854495380773,0.8064916318227154,0.6290681030269478,1.279877385453266,1.4830241078903759,6.489760203286694,1.6439106135871429,1279.0463755931105,136.95925237828632,133.7174217053492,163.31644954205325,512.3334896595718,132.77244535648666,105.4187039687034,694.6562366666549,366.0983646195101,114.8760147702529,149.95948033741243,612.2886921266864,311.74773227706316,104.73473909526054,159.31891694629664,804.8864216859606,181.12584750562505,138.94240544191427,81.95161174834219,228.8731157658414,319.5909901679222
105.10675355480626,54.131093806758365,6.326713647947321,2.752623178735172,1.0373438368717698,0.9532433992448539,27.374092392791958,12.935374728814189,11.191365067855418,0.7883170833602371,176.86929003359933,27.281318067825676,14.82642888832865,9.978296892344767,7.093675607424578,High_Achievers,Ingeniería,Laptop,Móvil,2023-II,57.74185519389748,125.78879183500445,16.411376800463422,0.6518757305423812,1.7893532521027857,0.5638943569921344,1.9278212603149383,7.152400223710201,1.7112553355636837,655.4901513731363,136.31354580394373,116.95508403806096,186.243023399357,468.0410422004308,146.65590687608332,109.02644733248096,746.0887615134557,448.01642910864524,104.22267190434422,149.31627160068854,550.4787910781238,367.4274163637655,124.22872429432532,195.4690579627464,909.958052691336,194.70359342233587,143.54683525935332,88.34490826798915,214.18205623213964,298.128187667456
90.7674327179227,58.68664039096171,5.963290680389982,3.0097647694915386,0.9753232300516306,1.4803652379077183,24.13319764904393,16.300391087416248,9.061140861693062,31.53487941267975,290.45173612507256,25.76882790293035,15.182851573202967,8.172675444307439,5.079127347743569,High_Achievers,Ingeniería,Smartphone,Móvil,2023-II,74.88794415030968,110.7611545081633,19.88622490036651,0.5550447409974953,2.6554099121105863,0.748529217635147,0.20712021528059177,7.50551406934496,2.1641940169455194,862.7234472707803,104.99447321508502,132.52486745081234,167.63003699450016,522.3295044710801,142.26517564808722,117.72512678723041,833.9779542526372,482.54118594675117,102.2403443510923,180.19931410588543,564.5973868843938,392.0182877336186,107.64215421336894,149.08340467357687,838.4386396326872,194.2548533120318,123.73292358193403,81.62411295589544,167.73443537586274,245.34156538241814
82.45139912202016,53.21916021504109,8.190216784668586,2.8639690460279064,0.7914415921834694,3.889592558451418,25.856318029284772,10.1760689907725,11.5142857923319,31.281911342611096,84.2397426840443,22.005194283207626,16.53139578351139,2.551922759678521,4.453147630793268,High_Achievers,Humanidades,Laptop,Fibra,2024-II,61.53855656689559,137.57883319590974,19.770680137461127,0.0014531369729107457,2.4144180090627754,1.5675208764972623,1.212028037594296,5.714190914143305,2.7359963266258616,1615.5053542770193,135.7918623073992,118.6223628448747,174.91307195348278,452.7259561297104,122.24707248430033,91.09516681049236,732.2122050852918,367.0208981411249,92.47391322313321,124.71056780314707,531.6319058505776,259.58739629745975,110.12279974216611,152.0028329583019,845.5995109150182,207.22429817416682,126.19424161178425,71.82025581052864,191.98120099036746,274.4586428156541
98.26882727618145,46.21100272970441,6.051814984517661,2.7213740286901245,1.394234816371085,1.6695616887931548,31.915712111825602,18.90062547689859,10.730502885669004,-45.95849587191704,270.0831229410242,20.24513398401077,7.19687236298071,10.165317357666135,7.552403191823115,High_Achievers,Humanidades,Laptop,Cable,2024-II,81.63810004501273,58.02428970778034,17.023919885576316,0.9362338780643319,0.9459275815435452,0.15852636981746598,1.5118178050053048,6.453923123179959,1.6503545352073437,1092.599338039289,137.3893289478637,143.9583464861313,178.6940650728321,574.1227959812553,106.60602071546762,104.76897787701596,683.6080413520322,441.7015444230944,101.58858813158707,143.09832596312637,622.1714078302931,331.3338360530947,106.14981948667177,149.24017589624657,933.9896484326845,204.89114042445416,115.89393649009105,71.35820502291574,199.2068613601336,281.0249484793673
71.72198209102274,55.07234008736488,7.519702720237096,2.9481527468850044,1.5707443808925539,1.6633485629303586,19.29241934681159,13.008696045528495,10.082062319799117,45.030322434155586,189.58844788954025,23.56368454626751,4.086306045311932,7.6744909841188,8.944293068438817,High_Achievers,Ingeniería,Desktop,Fibra,2024-II,77.29708018331384,98.00629580306088,6.871978324473446,0.4088600538465331,0.6465188695751856,2.511103074849783,1.7274358838761061,6.113331173611034,1.7858851672810578,1175.8730295175806,115.27001365954516,137.1223554526766,169.74110071955528,567.0837639944298,171.95113093624107,132.35378505939005,833.3306576759442,513.6307298608631,108.67367466571565,154.0487226637422,627.6399247398083,297.01714355214375,105.37789167225418,130.3823215755322,915.1227220438288,200.93815642290986,153.12783642160883,83.59573805312947,199.6095754523964,273.54710041839354
95.24199871349605,62.9148906456333,6.822332625447994,2.659971495037165,0.992498473101214,2.2627149495951353,28.431614232690862,8.601709424420942,7.626332139259396,12.425943674390863,121.30238750436813,17.49577420217237,8.308041490356876,10.918837115392812,7.087564108160746,High_Achievers,Educación,Laptop,Cable,2024-II,69.75802668892926,116.06524456483744,26.647881742280603,0.8252897094368731,0.5491352325805627,1.1077809353502428,1.354841460282049,5.211877510342282,2.0179300571668684,1561.448483299881,131.2636686049775,131.0253625020826,174.03139145896608,604.8405782752129,132.6682422363585,110.58992279861704,840.7116684609437,328.64913553649853,98.72187880005849,150.10805328060727,475.3449649260421,286.9662859091153,102.66420192309651,150.96541985959863,927.1800295044676,208.26991362839996,137.5308021921075,78.85543555085606,226.5177248234731,303.15511067606576
84.10841365636068,57.42917829386992,8.950425121101755,2.970213822882724,1.7180996092769478,3.247886168695195,27.161856629759214,13.985905389432286,9.786287883116035,22.543489360447538,241.22429995413202,26.373942869472373,13.582818570632828,15.348208957263038,5.6451768687233175,High_Achievers,Empresariales,Laptop,Móvil,2024-I,67.66706328682542,98.47597939227367,27.51282710104357,0.33190833052866037,1.602535550266283,0.7757968965776761,2.6821254286013474,5.099599032146011,2.5523406662633286,1900.8304524843659,117.33349113997107,136.86987371901733,160.7919198856419,571.3901745378225,148.55264931403408,122.9900734590591,867.0327037465966,505.0378254740136,102.49114213859593,131.97819441067986,483.39533306630995,313.6820542800025,95.19414683333424,148.17723551701266,860.9232923867803,175.82766685512385,143.57855252984436,83.38131723163666,220.33673794981195,255.13836816389394
107.74373860834328,56.98430207447166,7.329486994078183,3.0592677991396693,1.8174107763148895,1.1936158896576645,25.99563786281271,15.769343084712538,8.307272011847411,52.6629844530029,302.7234597731346,19.903299459169627,16.643800038490145,14.199970324048149,8.497152826880972,High_Achievers,Educación,Laptop,Cable,2023-II,66.889625244782,82.35269265605312,13.167150281447329,1.0469770733107833,1.305762842037975,0.2858078585997682,2.8567059857488455,5.68273580289626,1.9788016882101673,417.87179050541397,136.16767937712575,129.74544258036633,166.81174606645044,513.5358130435194,120.09778460345214,113.66586908754923,840.0225696671905,438.7868093245792,95.57688139427835,164.4952635340274,564.106136486177,284.81037574131494,105.26573204709265,157.94356415852022,759.4136285642469,190.9368376039202,151.74067418266227,76.4051082897312,213.28240636498222,329.3732673663875
55.68310956070831,33.53790016442373,4.193974419898934,2.7628432393760187,1.2265578486377522,3.7277575668308565,17.478952103143207,14.0505900278461,5.731895101438705,68.95342254813562,361.68319641069,14.966110461474003,27.893986204826803,6.734298420400972,2.6318440261292664,Struggling_SleepDeprived,Empresariales,Laptop,Cable,2025-I,83.21184381020014,72.3310728410824,30.68661890318519,0.4144836246320646,0.74018526408075,1.7915402332232826,0.3957382692338986,5.226893450158075,2.4061402936558314,776.0270118206046,97.99445244265269,93.05126488209653,137.83684047447764,365.6745225968398,88.20152800428995,71.59744356965817,524.4173970841298,282.08069901017427,73.40235597308346,112.84855001353795,393.78128040313334,280.1552763905803,74.86659829539973,105.32511078919342,557.9185043032879,147.8530982260786,98.23134034420514,63.30006684418889,126.64035255535806,256.9499668889139
32.14213973053256,40.79150931132741,3.1523235529305924,2.4199254047938403,0.8072466105533733,4.669088725665256,13.812078273799253,24.306973326488183,6.897124092778822,98.10160922217423,303.65951184153346,13.861915577774115,40.33094046549599,5.9711685317428,3.7870428992921465,Struggling_SleepDeprived,Humanidades,Smartphone,Fibra,2024-I,74.92756248897999,64.95965751686715,12.563455246008715,0.166184576337821,1.0590026958915895,0.28194387113108976,0.9247430670944681,4.485306167430979,1.73517581121779,1820.0698692890965,73.30683561363982,49.057046126485375,115.58407533041085,261.33871175441885,63.40704064694232,60.52483577355014,279.63852210261797,301.9854524018166,68.40593863804929,84.05381059700765,362.37732587860825,215.25735993318483,72.30356740423183,102.49133523465919,463.56055861081563,150.73285425053226,81.15267792910649,70.06085114517323,159.2101485273889,239.77152404821047
37.56440737069482,46.11594410163745,5.691746973140599,2.6705823775768467,0.9187527174330045,5.240753369190743,11.208755113593266,19.854048328450816,6.303685911004053,18.70353806295998,420.8236773143859,25.32120331866525,26.15634913147346,2.49669997072076,5.814244035671811,Struggling_SleepDeprived,Ingeniería,Desktop,Cable,2024-II,54.82647168465137,114.02116690448726,35.26373540722228,0.4766435221268254,0.6228258608233496,1.615248614565238,0.3853585357296779,6.231763382063195,1.5585857296593097,2108.937611422458,108.3237888639602,82.56750938721166,128.06139582303322,448.78674849961044,82.49229823321907,78.61667026595366,501.2444630102628,293.8290483274848,61.8272114639957,99.91625351040534,332.9675297453068,171.16825675891423,65.8227613535901,83.85618047648325,661.2207615309195,128.41433630246124,117.50402960754447,70.7300195707647,146.09070598309665,276.97429765289434
31.6419874821891,42.386977774093964,3.5311713165260215,2.633947888342798,0.957838926400893,4.6900530208722735,21.02759956854351,17.178391263014028,6.893570144435782,90.91696609685523,470.44135713031494,12.895315633927602,17.384947623520638,2.8798463875661913,4.118007025329533,Struggling_SleepDeprived,Ingeniería,Smartphone,Cable,2025-I,83.03630787996889,110.47079986791428,11.58165393898637,0.5080874194654277,-0.023974959626325176,0.19685229661433218,0.987960416185838,6.376223507210467,1.3327401167699737,909.6319181302081,84.40681559940481,101.63063920424703,154.80315967039922,424.99362315315216,110.75779270238925,84.08856779763804,662.0653292987961,323.2616756495893,67.08778805455833,89.72536139786223,377.37553358261437,273.0368045703939,84.45847080880398,95.05938412488953,645.7313008905857,163.05825814215555,107.17968041523748,60.49216430907911,141.8937163101668,236.19250496231885
40.91364981830792,33.1352878958479,2.035199422360791,2.2504318933323155,0.6910757686474345,3.7684909014144052,20.1361886453492,18.808420469859726,7.853299208111331,142.84364058082576,374.2667953319904,25.94352336374497,24.569118735679226,2.912530317659872,4.2060461944407415,Struggling_SleepDeprived,Salud,Smartphone,Cable,2025-I,77.97720110755112,130.14464495390035,23.635861784098907,0.3610076696223201,0.9675630419599791,-0.05871069881546748,-0.43859645812050896,5.532473169973258,1.4526630941635552,1197.8963697367253,81.6975719460687,104.10127300417898,151.25281681610474,422.7468758823574,90.47435463243069,83.45361420140534,417.60163839637573,262.189234148293,64.15287547254151,100.09945118582027,411.62552238300304,202.82283550839207,67.21216970528286,102.79598629891521,566.8074905023834,88.163504684961,83.98756011144921,53.254488860656096,112.40933142371411,200.9842155548402
39.462776919629704,37.385210600505076,5.173284180759204,2.241202217594372,1.20549963063763,4.265878444007057,10.498377851307206,26.654892209174434,5.750315497344,79.02382096806613,201.03057871313152,17.305502021297432,11.560437702211672,3.8916148561563757,2.6113013189731817,Struggling_SleepDeprived,Salud,Laptop,Fibra,2024-II,68.16624894833012,87.89724771242987,12.777565278749428,0.33629974017720604,1.0310291455666938,0.5508624954245338,1.7595245837476041,5.2744083362886585,1.7340600147599077,1244.201192636963,55.40493546959937,70.78552041370966,76.4148986291911,349.1866373002393,62.3007484753196,51.948289890522695,483.4768446993665,263.08580447270487,53.1968934193912,87.8644021820738,312.8938811714503,162.85952089223034,48.12408931992783,79.82410023913096,340.181844291628,126.64558519291685,84.55650049445892,46.178132373854716,113.35977883600208,140.64766872000195
61.02432292696103,33.22260429007204,4.068474548227931,2.4689031127489867,1.1667590112493513,3.98748418072714,13.812937663372136,22.51222630551268,9.169740212135894,43.739656579174735,259.96085786457013,18.470961724159068,29.257811316318907,1.5835498696847488,4.965857785984673,Struggling_SleepDeprived,Humanidades,Laptop,Cable,2024-I,72.18572945969282,102.6761452956512,23.14990113993338,0.3995594877458299,1.0300463277068068,0.43179492695044064,0.08013580203130974,3.6776664486472237,1.6714373029017553,1185.5170263699183,83.6100072782365,51.41907004726545,95.00091465101282,311.6462328554529,57.60817837986712,60.36026490314528,293.5391322627787,244.1912278589686,59.565986981752154,101.60642513808114,326.1159109775498,178.133880405029,69.99518815922714,103.70993560585751,489.662615587397,132.63053025055865,95.71618157876901,41.531782804748254,140.46752659324812,146.98519805584667
4.803405753516701,44.11786064936382,3.8192802260106795,2.2231417900630204,1.1175277224656919,5.55544668625812,22.55347827908445,17.204824701836177,9.311724905219442,3.508689187939922,444.9604598337333,18.40522869052194,16.138744257837377,2.9102194637967393,2.4769179820209177,Struggling_SleepDeprived,Empresariales,Laptop,Cable,2025-I,86.77576781969574,101.25633514636364,20.952788868964547,0.5347668530809634,0.9449686861468028,-0.3586294001328025,0.8214609935314563,5.012876787104632,1.7930733102219178,1196.3109599493498,59.202389218985935,76.30244527075342,65.87914597504029,265.56931536339187,86.02442029290651,72.40748399061577,563.741057646391,234.65307884178173,69.19546875002776,94.25647275270309,293.2029144299068,183.9077682859014,55.68000791221301,71.46101931286034,396.4522706220541,115.17788952166636,85.99002382232487,43.34709832469716,93.90606434321045,173.37956462635856
27.31314426460733,41.80555056916339,2.852561792086774,1.9483067486605379,1.1479217715814547,4.1617311105782795,21.815134623337308,11.625373895628815,6.3842000532311705,53.83383660822158,210.16390675434536,30.055335962147936,24.012239465170104,0.19455341323046627,5.975345984288719,Struggling_SleepDeprived,Ingeniería,Smartphone,Fibra,2024-II,88.76971804906745,121.5603516076854,11.718723963130657,0.24271937542950858,0.12842088072671465,0.7017176887974735,0.5996285352849922,4.009294830020919,1.591758643309078,1796.1935249379785,62.21479831620461,80.07285267456656,93.11378354811342,255.48991409690373,102.87033301825555,56.40178717109406,490.16168527622085,251.92339822401172,61.68499595166757,86.90553654200765,362.0765345177756,187.0634528685619,68.22561825526833,109.95601228577495,301.412870908492,130.36216213950738,110.60993042533721,53.76988791353809,131.100778454426,192.46051129129518
26.930427105299053,44.790227454552216,2.9544784246996723,2.3213156485088295,0.885636175988371,5.864030970282745,21.77559437979451,20.295638768323695,5.998027773316783,32.711839814893054,402.0676753827991,15.529020003071237,38.08691751454655,2.4987838497696684,2.490411305244556,Struggling_SleepDeprived,Salud,Laptop,Fibra,2024-I,67.35462677764873,95.85824983949223,11.71788642060938,0.9452036399516828,-0.49777582070524806,0.3850104169663037,0.6255433685812811,5.440105020344026,1.2866973930844896,110.68810698997822,58.19504595451129,77.46287199195407,102.7472029883785,311.5254382860243,105.52930320129265,64.8302731173974,469.5297454525282,332.8459543863884,56.13206924962215,88.90486789631373,341.2358223319895,202.2385305620929,68.86348524244917,101.94643709485314,520.6232854496201,135.7712836087948,92.36887788830201,49.70516993919682,144.6049805573876,242.45532704659735
52.399851114993794,39.4946736485819,2.3240188744640604,2.5519572010543414,0.9068428568113771,4.03112177956343,19.58846846802313,20.669147352797314,6.6373025080382275,72.26241184305667,438.37437479723434,14.02256519584771,24.45864057526318,8.937926787728843,4.220540458697867,Struggling_SleepDeprived,Salud,Laptop,Fibra,2024-II,83.74942381583209,121.79676438546865,23.42339218075238,0.2597481962641346,1.0653130632961139,0.9827662444664553,1.0015866145854446,5.724819002379803,1.5200583642126315,725.630713200466,81.75821109529839,63.5057800885777,87.3433976213635,263.54920015949153,88.01803581036405,72.39823080279886,704.828643988795,350.46169310219193,66.6646211417584,109.38541391068051,337.65033568461183,218.08117562563461,61.04354842507196,96.33823057371464,420.09020373469605,131.52443953587064,86.50233080825626,48.06516318620248,117.03409753076693,203.0286202123079
54.47259886982428,34.29489344704721,4.36258068549995,1.6541412564566271,0.6795800996260964,3.5827395981291006,15.74728161998455,25.792101173487694,5.965270367182871,84.06560087227766,445.57778920464705,13.85414229922109,34.942782965088604,5.612071237578194,4.832720677523402,Struggling_SleepDeprived,Humanidades,Smartphone,Cable,2024-I,104.23077847645193,85.6903476754398,21.916971706940096,1.3060137023237366,0.7176330655255605,-0.19884677749074026,0.8638999946155327,4.105473034071176,1.2795728047196404,1419.8139759195594,51.96836930283545,52.93814466413289,109.46325268550586,315.496699668526,47.31258010026124,75.81373393055559,358.7016641942755,302.613712069443,80.06465353077479,88.43795182311672,285.96034025452553,195.31809779856798,57.978498038081206,96.38698855140733,457.0500231475631,123.3847727199817,87.81523816559692,52.63068759702591,110.61040771729257,186.27794219385927
58.97663494154496,45.88714080837361,5.620980616298317,2.809935962072199,1.1470397280725837,3.4828095304413513,18.702800200253158,15.160509602109508,9.391706020998852,102.80365083391989,287.25359868812336,19.389952251200715,17.7366162137457,7.667501246209638,3.481190266747953,Struggling_SleepDeprived,Empresariales,Desktop,Cable,2025-I,71.80522586039181,102.78571264287757,16.045790702921984,0.3064669389386806,3.1152774310829807,0.7439999450032008,0.6583396821290326,4.7946553807733086,2.224278732384081,817.8762323303631,97.98997666780213,106.05286916789555,147.45342035994642,443.1887800885847,107.94413199024838,90.12452916160699,554.1785176043015,332.8444965182676,78.12890692375763,92.59603593865836,416.13543130425865,184.76586129719698,75.21995020852223,101.66326355169645,627.5950192785431,139.21877820969013,92.23619066357519,62.83170597553036,143.4011982779095,216.54754216987442
28.23610845270401,41.483401493619176,5.201490678729047,2.8703114735810065,1.1753481420973355,4.420922073105086,18.036451147654052,19.749116763425413,6.441769760019148,49.832084521640326,560.9336892168136,13.34638191295387,39.65824883576116,4.8797284640668765,6.0860393890195565,Struggling_SleepDeprived,Empresariales,Laptop,DSL,2024-I,69.57191719318273,102.34164790465015,19.05992399684446,-0.03922012412706094,0.9383362191987722,0.7311237852167227,1.7298285545475998,4.483951234572508,2.333997226976836,1239.229355058987,95.16438058884344,109.30723508270168,135.63726600491034,413.81057505689336,95.2832996897378,107.35983042360527,539.8322505583358,427.4053720669455,89.68680468501033,134.10405379408542,448.39363742848747,269.39349182535284,89.66810690503499,100.17832172584855,611.2542204728435,133.4476333620946,106.08856524872517,63.37578091500722,133.87687920270784,205.3367456299579
38.50076012409024,50.30062839595031,4.4682054048301065,2.217662382102246,1.1731601385206547,3.8219049659102566,19.246493971685297,27.70028399795452,6.353045589569758,88.00609015800964,390.49884967797584,18.841396937308815,34.13160557585948,0.16389191259473046,3.1295773925689376,Struggling_SleepDeprived,Empresariales,Laptop,Fibra,2024-II,72.66211666006393,93.4476058444622,20.642464752824388,0.2601201382175336,1.091095237483985,0.4707593307359282,1.4018937794973827,4.420347523583241,1.7987844917090103,1669.8679416137256,74.9676908220717,67.65817347095754,106.31678556566374,335.1542435092809,104.03564918888523,90.58680374355113,508.75734461235965,291.33456830076926,62.74842285742718,87.279212252863,379.97415061153913,171.0033298066214,63.467547364604826,71.54742690080623,442.49615397972093,138.15452637317125,77.54072116478714,50.28276255487754,129.5536065757917,210.57206850010743
61.73513621650689,43.19288496282815,3.8252577482425245,2.3096222799734805,1.2625566847424519,5.64788854078207,12.812598411218065,24.876114908430942,4.973427642375602,112.21187486031917,358.09843263505394,28.360530208850747,16.62001874902021,3.025647141538088,2.2462899149369853,Struggling_SleepDeprived,Educación,Smartphone,Móvil,2024-II,77.33402699520524,113.13302017774231,14.377107664156052,0.2705473121709432,0.15721644551074818,0.7268822427054675,1.3685998071569743,4.9775137837472565,2.3304690901560474,1947.6030452585996,70.49794496473127,67.43023184714991,81.32899041271179,290.4369064355665,90.3121122429555,71.86676550313761,360.44570569522926,270.9059735626232,51.020675260723515,90.2638412845828,261.1466861191508,141.05237357796284,80.727576142474,105.59459079854632,532.4412040327094,152.32593306208597,47.566354119282266,38.70268175362636,119.04100366281942,185.74336718244066
74.32132842075085,34.15156850925498,5.25313621114641,2.0973346790359146,1.059420961404265,3.7042488653199297,21.791302789537053,19.304191433402107,7.109878406089691,94.66023415490724,353.5020007662698,20.01523257576631,38.692852952137166,1.6593820933456551,3.7047675926186967,Struggling_SleepDeprived,Empresariales,Smartphone,Cable,2024-II,63.82778440805616,116.63607226811257,8.013952092972408,0.5375996308012205,0.5304336142493893,0.919856332066978,1.2738593106378715,5.139949798404699,1.4818958324156273,1245.4996741327504,86.50192267919961,95.91775534261059,105.91283496427185,385.50171476994,93.12952674051647,53.29578334358669,417.6468189396846,310.4390201248025,56.64258559547953,103.20551571692094,411.9566355765546,269.01420436340186,65.84283948118544,109.39896532557101,524.6342592172915,154.50964215288263,84.30872627651738,48.356710798235156,116.47230298002496,158.05548639907107
31.016444850162692,36.31708008970984,5.7788850901274165,2.624464492957055,1.677565403517313,3.2790495111850033,14.438354702300291,22.75516226401993,7.063777054206424,77.60560765825268,613.6134372414267,19.29571375251881,23.521242640472963,1.617724403897558,3.6797586135362255,Struggling_SleepDeprived,Ingeniería,Laptop,Fibra,2024-II,70.5436542176378,69.84809454381158,24.92338070760169,0.8566750490626289,0.5267200820296736,0.04778864812572431,2.6938020180537476,5.350569716692912,1.3553280055919144,1895.9621320735373,87.14708096335693,102.14265158965502,131.3146235420497,414.93909097368567,91.64262231527441,94.982931561857,630.4567592550445,426.77666619299225,57.099154036843444,104.295246406904,323.18494393698796,214.98346164002345,87.34427308007628,121.01686704990966,623.2057331471312,154.44605253635606,96.69425339953284,70.20035078686938,193.43867839324088,231.18750658853668
29.049656089321985,37.29337120560034,3.8495409222773493,2.6773838281912674,0.9524237155991379,3.673609195020652,20.95690083510449,24.248257898988275,7.942838530425407,90.86674525854214,272.40139998204813,16.37691889727111,20.203936000322567,5.494322743446684,4.205070056960732,Struggling_SleepDeprived,Humanidades,Laptop,Fibra,2025-I,61.544532064002155,80.48449885102153,19.859290086374394,1.0604747756702173,1.006668020163917,0.22375330807500746,0.40506610380736385,5.244607938541962,1.8979210031529006,1180.541128078708,80.67921744520119,74.3739248454686,105.85872309680852,330.50052234419894,105.89098087256112,76.33025181411152,550.2074580066457,268.7443777041338,57.85794295038539,98.32952824312207,411.6979828795215,207.5662609645862,74.15053807668839,94.72629948868092,530.5125634565467,127.83826617964706,96.09309460799479,56.27264162225242,166.95946931395144,211.20951051053495
8.800273724681887,45.361419527029604,4.1339334921571105,2.0325175688405532,0.6831986375403276,3.5216270088020507,18.643110618750292,27.689633714866137,7.712640569411597,93.83204349731783,289.44946499413095,23.331299119425488,20.83193095313953,7.58703180863674,3.8301976775527975,Struggling_SleepDeprived,Educación,Smartphone,Fibra,2024-I,63.056626701258196,123.20146851719876,7.011296377334713,0.5142724249097598,-0.10977987545541781,0.0635616614400624,1.5015079361494963,4.7518003578920265,1.2637312945674253,946.5671622060489,67.25667672518716,57.61079539805172,99.97112102818632,343.71579132008117,77.8720615576994,66.40170075664024,487.83807303682704,247.55633644425473,38.67466881504079,77.16388140817689,264.880121697503,149.39860362495656,58.675097360217116,72.1891593774535,521.1022453998868,115.82351189310083,98.99887420298563,43.0517973901204,133.3835555862772,178.4917066324916
7.613809624243608,46.01748055575429,2.8252551697971655,2.438574906710817,1.1348015896118875,3.5378210105323236,15.033036348710727,23.396540782005914,5.501370599650926,155.58571620608308,71.99306307155811,13.584767106541355,28.48375384330723,4.137711301060566,5.755195944240826,Struggling_SleepDeprived,Educación,Smartphone,Móvil,2023-II,78.57309323296283,116.89091545866509,4.564808177132283,0.9551717285634227,0.2426254520936579,0.4124371883173579,0.12314328388823031,4.90427427081849,2.3389194635959747,288.80672308720773,89.12563094017628,66.85300929413964,122.16327330248666,266.3903413853294,74.65932037147535,62.902671954652135,432.84642883458775,274.3788107234389,59.910473869587214,90.79821469950012,377.63998097316903,174.12291731452552,69.26283735399245,87.19207995570613,491.11494221754594,117.82191268793841,97.44129910945651,54.79731698548156,126.09285965204603,160.55698042547536
68.49873589550103,44.54491511733366,3.2136270477327904,2.174312090071554,0.6768606479523329,3.539005412820172,19.407390189168552,13.193604067968336,5.470687119995143,14.991800114064162,331.06397679948117,24.51224528016523,23.5663709282684,4.092691038443133,5.159729618150713,Struggling_SleepDeprived,Humanidades,Smartphone,Fibra,2024-II,58.72646847547695,83.18345370214642,22.998256834657894,0.5585019720319782,0.637204446877929,0.6211690870672085,0.6707267450998033,4.870133844791226,1.0858991924615262,580.5598889531187,69.53145317715578,84.87248234311673,108.20884418342997,261.57550794041015,107.99731928166105,74.53017369910248,627.378164528385,296.8492341141905,65.9573444463268,128.48263863570025,327.8264947080729,232.10499355626774,66.41381501276214,63.50899418562266,345.62236485514023,121.30662963073097,97.08101459263902,49.079502232885275,154.293768753215,190.90902954992922
62.244346758864765,40.40135070399155,3.6777033707995357,2.1762204144434323,1.0161282636679814,4.942770616739141,17.111154185431186,14.232253858708244,8.475721228862778,83.10040755296777,382.7028330431753,26.58018590546372,30.47713716409932,4.0702854857817865,4.648819504201047,Struggling_SleepDeprived,Educación,Laptop,Fibra,2024-I,83.52873076124183,147.57301787582165,15.527622809175574,-0.23718340563667634,0.944219832134201,1.6294175904226933,0.9822520955021181,4.758062675639439,1.8269203325575873,1122.138228038846,35.10337127251739,85.56852667486714,65.7470774596865,251.18669157873802,85.73996059365,72.11445543582028,545.5422682311461,242.51144506559072,52.53767202523899,81.43524743797641,325.8025525091713,154.71106104473188,82.50234434035323,99.28979747279918,654.7180193640397,156.55518188010709,69.26730048301215,49.764190423319455,125.72900299234676,157.10085247479736
54.77762776877543,44.74792956000598,3.6582989973544526,2.2383384257613934,1.1510594098921823,4.733613295609589,14.853719689651147,23.650193487633665,7.96264414196244,62.56815206959762,362.42592669213394,20.164737699142357,21.9271555546484,0.6180713756493141,6.098766790610527,Struggling_SleepDeprived,Educación,Smartphone,Fibra,2023-II,54.466359085271044,107.16845434096524,15.347538915692878,-0.008977454578710686,1.771099053497694,0.37818229876924603,0.27124708105312334,3.7922034687932142,1.6179314315603424,1137.003750990312,82.44897165176984,83.15285410952687,129.57113469816795,392.99907624920866,109.450363129478,105.4522546449906,449.80916967258173,275.9005425739264,56.86924435749175,100.12332318975382,377.4852440403978,232.7934879199496,50.046993043886424,78.20073474363582,462.806026826458,121.13920956981215,93.01071407964655,53.980845348527076,129.30804370857064,229.70658493315318
23.255184626205967,34.926773730650105,5.288850385884485,2.832973043039099,1.9149614793506395,4.479360461061934,16.548405837723003,17.188408256861212,7.334388598068852,72.92275267066954,393.61331043956307,19.496439678497982,28.300390781775327,-0.11200541188553537,4.932935940270831,Struggling_SleepDeprived,Humanidades,Laptop,DSL,2023-II,56.304855286989586,81.9099367040249,22.0616215628511,0.27956610614161925,0.7432471340193612,1.4277073735708299,2.6518378177184174,6.157212383563644,1.4224481263480577,1249.444798934503,94.79429610714031,90.25803496500536,116.27206397037514,375.0590599263854,78.49215917039002,46.014457378152024,465.8111800583555,251.10538900391455,67.52688721009767,107.44256512901016,340.82380431359354,195.40616083651696,86.62173273093005,123.58570264418779,596.6042371270881,160.47507879568988,97.94729819818596,71.57564396141365,143.57292438152723,259.6676511372898
54.383460135852395,33.569726697294726,4.607531253474111,2.3424008657522,1.3784165206294283,4.1396730306763345,13.77730354708229,18.049939591222753,6.636178315686257,55.35165022219785,254.49240571054,24.748523955734736,19.43091381642809,3.891280267187765,3.4219935508466124,Struggling_SleepDeprived,Ingeniería,Laptop,Fibra,2023-II,68.71631616930024,105.91895665359289,9.99482072513925,0.3152826090582902,1.6639899676339922,-0.09078724887736536,-0.18949228413107688,4.726280889315784,1.9483743429468887,2110.681117847059,75.4541816984059,70.84997224026151,140.49274676431932,328.4759313026105,100.9212027269864,91.96544865292296,373.6955424915914,324.1456388523006,56.50368632370855,105.24209390770237,229.53379541639947,239.85804027382804,90.16346041964712,108.95320913206272,592.9824421900171,134.1295127324912,98.29688893081098,44.70591473107585,136.82335099114368,142.17066249405062
68.44561086328888,44.490868995600586,5.684309601014896,2.33492348376882,0.7228538970625487,5.763980276722846,15.90522776064836,21.317838171783464,5.805835736192048,59.789195660284136,440.3601345745809,19.56600505042734,10.541178950632126,1.9055368895965767,2.1907249150296426,Struggling_SleepDeprived,Empresariales,Tablet,Fibra,2024-II,70.54907756481924,93.43968754457705,27.4668833425594,0.5714557767322511,0.12996801597243876,1.2485366999744258,2.359725515559427,4.151047031182248,1.7320194081595757,1535.212609089387,90.11929539062028,120.86464222184478,131.24146342997363,458.6259337744967,74.81858336726664,95.38221604414099,560.5516325769535,337.1962310096229,64.171863751416,114.33805321782425,299.8936411387002,184.90032953732464,64.25957412369046,116.08482390581932,480.8882025482914,117.20438631068822,108.38832986121612,61.975099678183504,174.58562725793382,261.04955737194496
60.608761567821446,44.03694702076624,3.700285054123403,2.060971136727622,0.9726368649956021,4.574494254617812,18.190140963534304,10.999296163588124,7.194257243001299,14.24056384395021,496.85061306428776,13.278663582102485,22.729743351429367,-1.0193350954549076,5.061768421600672,Struggling_SleepDeprived,Empresariales,Laptop,Fibra,2024-II,80.40719904310455,128.6899561760457,14.279341452208563,0.2595148277182781,0.5294495553070608,0.98648212377291,1.728399022722522,4.347607978626654,1.3476027081623898,1567.3696344558357,75.518488250878,84.2558918302359,110.24633019514124,304.23533993124505,119.04997691371858,63.67733085353737,623.1463987824052,199.23713221414792,57.51017564271464,102.97547260617841,304.3889477851657,235.32971013162668,62.67626382046502,86.0791104334849,510.26672372365255,123.48162653644866,62.21904359491837,53.883855858180766,118.7279517486456,145.07433808523888
42.57710820706183,40.31511797545225,3.1401023028693293,2.393442561367759,0.9898772120006868,4.074812546557989,14.597012554867987,25.25706259538139,7.010870126666623,72.9084050456816,237.88940431901352,16.93292078110581,13.425129581205736,0.4759592574429059,5.275474184764782,Struggling_SleepDeprived,Salud,Smartphone,Fibra,2024-I,67.16762298295978,132.62253968934624,22.227216722232203,0.5050814994335387,1.5612369022997137,0.4565044183596349,1.4981125327966165,4.492087367899133,2.019476950736548,2117.222529150527,79.63108138390896,78.7826320230689,110.37968781614187,261.0239362653269,88.97279970994572,71.12419261039085,464.9951993023049,242.3517580174677,66.19295800726597,96.17284779502116,357.9404453921445,203.66627404516794,72.83466182546283,62.947332143703356,531.9971234063856,111.16850031781667,74.94225995655532,44.37533107690984,106.17659497629627,196.9434846991012
55.67658473007266,43.72916387499829,3.9591667386666427,2.22631120141688,0.7558795944980955,3.2882585932598314,20.373952805583606,16.15473087474081,6.845623659590817,55.68691541272311,500.5484037944236,11.845140476320587,25.310968697263593,4.352941907079653,3.402563153170659,Struggling_SleepDeprived,Educación,Laptop,Fibra,2024-II,70.40325968604695,101.66421556670156,11.275298817900564,1.4734413806977011,-0.10632170341434158,-0.5051757320433856,0.4815089724623812,5.488432423666239,1.1218728751508418,955.2836530207983,96.7245614502207,73.71127085775797,94.56210670912704,275.70997746575716,106.79556177546024,62.633692113078965,557.2839089157301,303.6773633590326,63.65641994203554,89.55878411440673,357.8283183457393,195.66948603029658,82.10981227403889,105.00221775662095,751.3838413510362,156.65513901162336,97.93332827311359,45.52520872290856,135.51297275113444,199.2924538949341
22.672951723139956,41.882555338346855,3.857518641393038,2.1773534204997698,0.7885966166105521,3.684335888342298,25.050076321347607,21.63437135917565,10.938551433634697,17.122691712822615,189.2727687094379,27.270198484129743,26.89855232264135,2.1793162193529128,3.252490201684038,Struggling_SleepDeprived,Educación,Smartphone,Cable,2024-I,74.85849629699347,86.25456085390233,17.882045864040695,0.6558019582730243,1.1241237734476166,0.23326377951204516,1.2401022264753543,5.451524616815402,1.2457120535464792,877.6226252715837,77.77718887127118,87.53918063639529,122.13232535733269,278.0186457022966,70.97482254164453,55.51820108650786,456.90291019167364,247.37485936602107,71.93549406169973,78.90493703109243,311.0855552184639,195.80444658960218,61.11901382592563,80.36918837051762,446.09195931049084,127.3649292275941,71.73029561533791,36.67970654291328,90.94188112416775,201.44938064677228
71.43878650355899,39.316211490130115,4.162282115047197,2.57639632144072,1.328788031068375,4.187828852468675,13.64469819895687,23.942820178427855,6.099815986037898,57.248453277305586,413.2336860922962,22.102425278546463,24.456286185899927,5.993795465152292,4.973032524035842,Struggling_SleepDeprived,Educación,Laptop,DSL,2024-II,70.49056218505585,123.09795998991527,15.899657004442581,0.6725890317120755,0.34684890179081385,0.33632322115516344,2.707680187558996,4.561579766957786,2.1420001337081995,1805.1943583573993,115.94797279940128,68.96319227532977,162.953257480073,339.20797970371245,95.5393047898695,73.82414961918599,654.8057939807039,306.3475435231063,66.03002946305295,113.10737062670577,353.39928627775356,213.4257377713342,85.36981216133516,83.69203174810552,511.83933792221666,120.05723339697175,116.8503304419941,53.309164950092615,142.21937584272746,130.83875691695965
34.30900847365327,43.11720153439483,3.8809978927865147,2.552839022110054,0.7978917584608596,4.823148014335687,13.893629360151838,24.26204377291295,7.5285531341671375,37.51082726185375,355.3093295620322,13.128281602078095,35.08615155989148,2.1056625271584775,4.706390148808667,Struggling_SleepDeprived,Humanidades,Desktop,DSL,2024-I,67.83127725403799,118.83950961579016,1.3977840678681384,0.3015477990920674,1.6789588642378788,0.14532292409501593,0.07358418142428122,4.607557634128486,1.662617749562046,1415.8190639832517,59.60234772882073,88.94158569056928,75.79333704514733,351.12940260725725,97.9088739442583,81.56511585872597,464.6824931646171,319.6342427967536,62.72513030178532,94.83910351410027,417.9782060866655,155.95274617898156,56.317377528220845,88.65149698851474,571.205317390923,124.20878166889176,79.46571452561821,38.40075618681885,153.45390232696707,202.83660787332977
44.419442397299576,42.23477328891253,5.379347202671349,2.7653767409459413,1.8885645310287886,3.1417975655303874,28.336016864986377,21.77002955911781,6.424845151229898,14.472595914349832,284.6512759543031,15.604102282322918,26.41879554561413,1.1873995194208717,3.132114761062838,Struggling_SleepDeprived,Ingeniería,Laptop,DSL,2024-II,60.940202028859254,80.1342778532756,24.14516601597169,0.15408156528349165,0.3472435410405597,0.4738974692696555,3.0719412202373797,5.553650435105129,1.8393064464984972,1136.6044260364176,98.83806265825473,111.09052247428404,131.59589314102223,349.39688082679544,120.99207455897113,101.4493039622402,691.6292450536189,387.6439403326241,66.51018196424741,127.89497428332132,346.70461413211456,201.36111554285083,74.83616812702655,106.64900200916979,654.7424378851207,140.87177196625922,105.19221549873163,72.62896371473815,172.86226571550162,219.63696741214312
46.80573058810249,39.892260247485225,4.070752362175627,2.4703280004253116,0.8832516717397154,4.5717337598351255,10.091889227369181,19.77379552276068,8.15025055171394,13.793309387259114,354.1342796466854,12.274890477636742,33.31574093122733,5.515968023729094,5.958062741537239,Struggling_SleepDeprived,Educación,Desktop,Fibra,2024-I,80.89554963893987,115.53291514033258,4.811283490022919,0.8941754743200039,0.8949113474634837,0.3639206507430128,0.7571564746868182,4.787675903206919,1.8637053026955095,1131.6480314838805,68.87742644425494,73.63355951205838,111.10780636042105,338.7641778786241,89.03930675987215,90.99950028249285,454.46227303475865,340.13921122905043,56.1638603906175,98.15894264578134,286.4824178573406,192.31586955362334,74.18130280939897,112.29628638134744,545.5135820628617,163.02076116370145,70.0647842642571,50.178070312808174,142.72855303749867,169.98731411219464
42.13408384121128,44.77311321966808,4.3387302360036015,1.9406355755679756,1.0415130972503912,3.895997810119872,18.829063860330812,19.43670491124029,8.980343345877175,92.3582060927956,344.3514676276494,15.083407951634598,23.15813837841749,4.81887398606168,3.3040696663306877,Struggling_SleepDeprived,Empresariales,Tablet,DSL,2024-I,69.86601497393384,91.53121390025224,29.22052945391495,0.5058086423216548,1.3606523311947298,0.5806703820509035,1.522516016979965,3.363160762869266,1.4428079654739578,1075.8933335069253,81.27577153478627,64.94648259299099,113.34462654273237,297.23775796831563,80.71629194455383,67.29519365850872,319.9462866753568,286.09267782049034,69.64519845473262,88.43880671091839,320.8507552529894,208.27696359339362,45.65362637123161,66.3116206621265,575.1096157633169,88.51824198910401,84.83826525053686,55.01620511522952,140.79771822840092,210.04449466771513
42.873444885184284,43.25747783121107,6.611958244242594,2.1191603896064812,1.3979104417874348,4.578866018796587,18.062667879148297,25.335286755524287,7.544504594441911,50.146259074912706,451.1873664936512,20.793437346711773,37.442284208960785,3.730443484262645,2.2999099918481547,Struggling_SleepDeprived,Salud,Laptop,Fibra,2024-II,65.67080709623464,59.04709458680263,7.390661985294663,1.394863534866961,0.7179070711583924,0.15629039546860318,0.9503825903590887,4.443154394692809,2.168346381359781,1117.4604739251574,52.83300502300693,74.34090298039214,125.3576795383511,254.37940358527428,94.87163402537676,67.70960075154404,429.17136432632026,225.716492718579,76.47724445824993,109.19144658300124,347.2840504934945,202.093689847729,75.97820306358861,96.95002980983477,508.8008691745994,137.1587729145646,53.7416433472186,53.31197973902954,118.46846545861564,169.13306920021466
35.637922093074444,48.22337779246262,4.327170966564193,2.7122363485386303,1.0868619353183369,5.976213233240627,20.66022174705032,8.296069697904413,6.423317020859579,67.47644465820115,257.5262597033652,14.66816373061384,22.818860549026095,2.0136196253999,2.536705999525457,Struggling_SleepDeprived,Ingeniería,Laptop,Fibra,2023-II,68.75912338863715,130.00719296124865,16.077566735841025,0.9023694950604686,1.719868669102054,-0.061495179125958005,0.527250282726189,5.929940111449279,1.11456871983102,1173.5581406740935,77.05083349836787,93.17934826341087,131.5005773311815,417.95446615339785,95.83675632999874,82.39957479698778,554.276333989222,348.50537710053624,79.16271504196551,100.79502060884707,369.58323393989787,210.45207244855126,67.44765675311281,126.75846042495546,459.9486868968122,163.51102459718237,98.86155965813444,56.04492178298042,183.28311842510004,229.9617860531336
76.57959269188419,32.28268814882869,4.792753881248841,2.161287076249368,0.9163929529026611,4.199714348735535,17.54884315664349,26.1468010926773,5.8163630115751985,90.45657077806005,312.6499390253823,16.714135780485037,18.50904156225877,2.0546305103135483,4.436690385938553,Struggling_SleepDeprived,Humanidades,Laptop,Móvil,2025-I,68.22785154581952,139.42517221229727,18.18484919268437,0.6134726549530279,0.6825521410477251,0.4433036621220312,0.8400563145505007,4.8255536945274216,1.8653173642219503,1020.0183306896774,72.87034298665316,74.04369118770028,140.61561834275807,341.89722637577137,89.6198914368203,88.28760214895135,622.9695406679323,312.50969162217376,70.15474388469418,136.0215669642768,408.63103166291904,189.9938170768686,80.64662326925577,109.4316707390283,455.8627929379866,156.22292821801045,120.95467811379986,59.50887203198052,129.7851888967262,224.59882610381064
30.62189689147619,50.69422820232744,5.083472312198055,2.633235508252149,1.03576733885215,4.106950385921909,14.436918404654833,21.309190264482424,4.34209920956494,53.090117586210994,353.19705556376624,15.126853024743642,33.103784331122185,7.102405347806296,4.739391278307048,Struggling_SleepDeprived,Empresariales,Smartphone,DSL,2024-II,90.35001458075789,105.1785586963356,14.048814441227305,-0.03364615791164277,1.5720979337163439,1.4770667487188243,0.30920461795397014,4.4315386986511935,2.1654590340320565,1478.8127300901797,84.15538684483236,94.91323442009832,115.9877414892876,365.4707928387415,91.60469764946963,86.26524526315323,485.3650819476102,245.2327501960999,67.50530846149003,115.29207913817355,349.24850172407844,260.9264236494879,79.95712041788411,94.0794561419929,663.0397032670973,162.26656798700654,80.13444049103008,39.59151111192492,148.21105306549117,122.44326898680315
30.56931250097422,34.592205309100436,6.195391391810196,2.187727165167455,1.164774729175555,3.7427122011124396,13.261950060577258,23.337838662246,7.633294438833973,108.24966230325788,245.14428232009158,22.138720992635488,22.339523818126878,2.3101729877438957,3.8467874957474937,Struggling_SleepDeprived,Educación,Laptop,Cable,2024-I,60.29149513091102,117.2822210637879,28.183269009351825,0.5574140140157189,1.5662878979804349,1.0552993313942323,-0.7456735813374077,4.648803960687005,1.4280008829626478,1584.497069356342,73.24957762686452,96.121559000686,116.89835031291811,351.5773353898499,78.83374738608337,75.89035640106947,504.1513767914997,261.4314578674384,61.66790376531616,83.72065162786663,382.41162039450285,171.6100428740557,53.49760853781228,118.13940633013813,567.9312663050734,163.75896081473675,71.56086034059705,38.049666910725705,99.41987616431928,154.45076666733718
63.561175516506744,40.24405147773039,4.510497090807019,2.266591346203304,1.0634521111047974,3.542115490807995,18.21812534697003,19.89066129321331,9.161974322763788,43.258590607622835,439.52526321061265,18.822126275172028,25.619301203698406,5.60807900049663,4.278230176902127,Struggling_SleepDeprived,Empresariales,Laptop,Móvil,2024-II,74.16675943747822,146.47253239603876,14.243087092207979,0.11043758933585615,-0.9800968222745813,1.689143275080523,0.04200651977852832,4.967635119771969,1.4760111250711556,888.5066154614569,66.90426775870856,79.40181457421264,106.07411701281667,388.9386919581739,85.60248360574485,60.97083313627016,399.819082280459,259.52224094413725,75.2856645732238,124.84278125577568,322.87163165246534,187.50579252044315,56.70278924466728,112.76062571601504,399.9011044446028,143.93015896210483,103.177361668434,57.41988792406977,106.84332906454276,194.2589227366335
29.788532409478464,33.58595365448368,3.8972696039631574,2.36054062848043,2.009155671303165,3.682778082974563,13.02182624077077,22.712508767169613,5.881928484856637,45.84831213178925,208.52565640288472,12.784389058021457,27.166654737629827,4.6082472034677044,3.6467639715403255,Struggling_SleepDeprived,Ingeniería,Laptop,Móvil,2023-II,59.82135056296437,90.46423001782856,16.095413364541947,-0.13210591630451574,0.43626824913222567,0.33286130109981327,3.3413895259871764,4.988363240798544,1.1718047844751218,1675.1728619780638,79.66353440188733,81.99617934893745,130.71825236928242,322.81259879373505,79.73735509639175,73.69365106548706,388.5604296620708,334.57432071528615,44.33425187868538,71.95305945397823,348.89319528050316,149.93922001950028,60.95510785889344,99.09396134770704,517.1569245099962,124.19998868289917,111.83901665532208,45.801052976040374,161.57150688996722,225.17373680646904
53.59557771333221,41.70818042783294,3.981953389963723,2.3552313557838787,1.4486073265024353,4.582384954395242,21.44842251818171,20.13068104078348,5.049176389656996,98.62894521504477,336.5682944643681,18.885291466335524,27.311564056545482,1.7406620844629943,3.983483197450925,Struggling_SleepDeprived,Salud,Smartphone,Cable,2024-I,82.08108701830275,74.6332906819987,18.88357023645625,0.3313498109738431,0.9687083157321502,0.253937985964316,2.1129248063468666,5.306691375107574,1.3910644191870454,518.8007483161323,68.32719155547737,61.47882698929872,92.7133794044175,231.14326886362457,76.25696193173887,72.98642976123146,417.1586799288568,232.60388295579946,70.48533865031958,127.57765469365964,511.73625601836784,226.67601168587566,67.06490703216667,128.75836167528675,539.2070974407286,164.47569009157502,75.76768823519659,51.353059703671285,124.03433819417562,177.82236613311792
21.934319764343986,38.45945065392888,4.151439129271696,2.077319721080843,1.282203019162106,4.295146324039941,16.07423903279856,16.312119950349064,7.500425600330249,90.1504372157447,180.35406902812935,22.478038523367655,38.135665240804414,8.170498110768307,4.729792659153919,Struggling_SleepDeprived,Salud,Laptop,Cable,2025-I,85.28145807459083,115.3200692416498,24.368067380450782,-0.2222286943793276,0.5287914739877401,0.756196683574074,1.1970497882723523,4.284430408774653,1.7246166994025496,1469.7250588156069,94.1936092507739,93.84923792573139,122.04574227104578,283.4748967661926,94.2915605074562,72.45183315371084,423.54422224369097,275.9825604935506,60.307319931212106,95.55766081893012,346.0557716429928,223.33106582425867,50.62565376158248,92.6394307894875,322.90923983792607,100.11020545604916,107.54150919967095,59.3154497160352,152.31259545302316,194.99217229753353
45.46949634918504,32.78476732296159,2.6774511655971205,2.199883392425793,0.5585428363637386,4.577790899713944,11.199107529924774,14.22217488571904,5.9043297833580715,89.61728984768976,495.66589855022727,18.282852401943614,13.980846998865333,6.071368458373888,2.3353989292848567,Struggling_SleepDeprived,Humanidades,Laptop,DSL,2024-I,81.74337955099395,89.29040304604702,4.714766722179769,0.6801218857300897,0.410958573020755,0.15696795999867816,0.4050230752818915,5.052191646285178,1.3544817939690046,1500.0977708599587,74.32814470935283,76.1383349384664,76.92296009278283,277.1360577288029,81.06018000806688,44.70224747929458,490.3348996977875,267.3832314015418,46.95543023361409,90.65967944267409,355.1300720154618,170.67207839476512,62.041780230944156,99.27679614954323,469.761229973618,127.88715880953667,69.1238065546396,35.60801351711363,59.86453058422871,163.2848164343457
43.56620666580068,42.71787192701552,3.5101960085707042,2.1350269873208387,1.0034920862131569,2.5114199890521554,23.196246765379833,21.251330482831456,8.466783031688914,99.46517062532405,337.5464483641375,14.392759750895532,29.963275108676747,8.24750416611178,4.58400644920055,Struggling_SleepDeprived,Ingeniería,Smartphone,Fibra,2024-II,69.29667286854296,91.69589799168449,30.861524835957415,0.9272840906379692,1.3406564376806198,0.458062858530827,0.42960776305970877,4.733259278982419,1.488447755111465,1163.625070068185,72.062301835663,66.5751575037194,101.11519005775952,188.25991575086783,103.85340918306167,76.43423737446471,483.9743437012132,297.5703804799229,49.00944704826462,88.35171503876275,323.5591642322467,162.75034582114804,67.94235754902316,113.557016677446,500.8152050289367,119.85259380739839,108.69758950118913,54.3632325082386,143.38638941575067,197.13052589620693
81.378828972339,37.151354751719644,3.4335135986213663,2.5745517079481943,0.931206223160019,5.2656341617681335,17.03131384722547,25.758410978883248,6.346155237307457,68.22873311361654,235.25736304205563,28.398560562827804,33.35920924575762,5.292864245353487,3.87572744231001,Struggling_SleepDeprived,Humanidades,Tablet,Fibra,2024-I,76.11765337865695,98.74248570567158,11.391508956770949,0.18102396485424144,0.9481250655092759,-0.15229939179381896,1.6165730579530324,6.2446737614020495,1.575383479781851,1242.6234688601485,97.20839863454287,71.8588690896639,97.38575015709435,333.87731492594565,106.53140973668218,79.76432094445686,596.512070632236,297.1370743423669,82.14135129588999,117.68691629801532,316.1511806891236,241.98761246640126,76.08051705621232,88.96449062271387,606.2544643094216,144.01255249825266,102.3773593421017,67.25422778696938,145.7906039853537,265.5895700313115
57.981872684080365,46.02088507775081,4.588618631372564,2.1527575998388246,0.9653982771907611,4.460985005258778,9.383516526962165,23.384808791817484,6.258273098467003,59.19137066817256,446.45037156526405,16.146913441903447,26.94464316081735,2.5077447362236645,4.429282175636129,Struggling_SleepDeprived,Humanidades,Laptop,DSL,2024-II,60.860835745531965,125.80932174526392,6.812004713047263,0.5827566750744743,1.7052684274824592,0.4348927290307634,0.9652767893799421,4.009743941241047,1.8726726387662471,1091.1121421356904,81.2112517371125,97.55788048115748,107.55396617780148,350.72286095368196,88.30006891943101,66.98687170541557,507.4907890945813,174.3975582115587,57.89795822443875,76.05035075536082,340.5683681607265,183.20520126201293,60.32069888990808,82.93829428850114,397.3972058410524,122.87610604268917,113.67471742222641,52.124613328087484,139.40536530301748,182.46753463539733
59.41725690627125,44.342511507299264,3.337775732282602,2.6213020343275346,1.0654901252119928,4.5782443045352315,14.182656395865934,25.856478241853722,7.578346208638312,71.40739341411587,345.39942592128114,19.42999982133358,32.80857872665452,4.639213172901383,5.0085918511741445,Struggling_SleepDeprived,Humanidades,Smartphone,Fibra,2024-I,62.28118891738755,106.8240319769172,23.761685355251068,0.5535461940424158,0.6954312708825267,0.8862790224643168,1.826823714671224,4.5563898153122455,2.2897655680626037,948.5012830586977,79.63411511906818,115.22731599745913,120.27865915930695,352.3157522910534,103.85829891170012,88.07957551742484,592.1918523810502,273.2435295352974,71.19858614321683,87.21631981708296,400.7253180171328,205.25711609284153,59.83401141707739,118.3972387604212,549.9746269169985,137.1055946517267,97.02847562249501,57.01393970130381,174.85328684840323,179.57922554971287
53.55838206792405,45.443149447297266,3.312676361553864,2.6713534102659393,1.0549682034571248,3.9957833241311516,17.04144624445518,19.231357594250248,7.248201322838831,53.31108777146966,285.70837364915997,20.84489917131887,27.74037023028452,0.8712795109918599,5.094971487964583,Struggling_SleepDeprived,Empresariales,Desktop,Fibra,2024-I,55.92190434698448,86.21470057120858,26.77389296246787,0.6023643880363129,-0.21690783819055764,0.3798536177744783,1.0834214994853308,6.799448740526618,1.4125447127583985,1223.3550872637472,95.65029838883538,116.87704542205633,145.6515194731349,434.5438679487074,106.44885441968839,66.4168828579535,656.5875967606969,361.4857578405052,59.28469593762819,92.6939112759876,428.7421102622162,187.88898607131824,87.96954401048174,91.6159252438689,684.9236568831698,136.5885609799783,88.41923685847716,60.410124812662005,166.90011493118024,206.8754498866254
49.87519914705798,29.87340088842968,4.5825862908056365,2.001209222700371,0.7447204226822384,3.157539160859334,8.086847060328525,14.756959021967418,7.787489285093467,67.12815544366775,308.20717583897607,32.43754624135275,33.13501676449588,4.160713361974535,1.7373476297540007,Struggling_SleepDeprived,Humanidades,Laptop,Fibra,2025-I,69.13804977919902,86.7655595757019,23.18595104918163,0.17607971802853759,0.3005464861731566,0.6977385169694567,1.1086451561019,4.497270648066493,1.591435779564782,935.2687031619716,73.9747289877449,107.63805726643179,83.48064683066995,352.8284013457636,87.48490156868479,62.963413667190125,408.7781386678662,201.21500675602724,48.75937242188388,93.40768572135255,328.0752362273501,209.38034731887498,71.31789535888747,81.00506538755086,530.5407055340992,131.4771834281602,76.99481086913079,52.94540609173042,115.46985410298822,144.52406408117272
53.82991721945627,27.852080745206464,2.699239884344236,2.12267765778139,1.2300973481999595,4.32812971799378,22.97278770981956,23.441070964069034,6.9385505290816285,64.87851869595843,220.9719190338962,16.556447000347273,29.462179591036154,2.6209727664312545,4.040051192632464,Struggling_SleepDeprived,Salud,Laptop,Fibra,2023-II,80.69625235959367,96.12171841689322,25.749054979677727,0.03161601510573525,0.6302473944769335,0.09419958952088689,2.2083524391853677,3.7905513531705806,1.563865252486233,1838.5436007606302,68.19452209818016,64.07351681171212,80.41095981358275,351.29354587817033,73.77219912977316,77.6263551117556,349.86237353331245,334.9163730220605,63.17030907339276,89.71310675879245,318.50739653094587,213.46648591320812,66.81160255179569,79.04845961696053,540.0755402746523,92.38377879886978,85.6002319508256,51.81708640586486,107.85266960077055,230.10758008806857
41.078728155281304,41.11434094949833,4.996595805183224,1.67933777743828,0.8542509029974823,3.7515791687447835,15.814330169716731,13.648359668784193,5.851019259966192,84.74663502147011,343.63114973829687,18.89976861785323,25.86198491775258,3.7345962757636153,2.376941055247068,Struggling_SleepDeprived,Ingeniería,Smartphone,Móvil,2024-II,59.61026377096041,70.799532811397,24.625437234604846,0.6659038085398091,0.06334421710161171,1.0441165802306973,0.6252959976870417,4.539493659505478,1.0929279189524181,112.22997031663658,51.85052376344133,80.27109114847144,68.073728459481,299.9401413923852,69.14879310497606,61.90941974714537,557.1061691571529,233.1580838057692,75.63326681554852,101.50110406545149,348.8026399519622,238.34439963983903,55.870809998850554,67.37376636855866,449.6460544826234,121.76069098919457,70.39522007011442,42.57373832358073,110.21019503576109,163.72088663874908
60.78306654780015,39.37866006606605,5.085636846531501,1.8013309592671736,0.9008808819475779,5.478776871057439,22.294976418930997,26.123864128105037,7.9112619899271746,75.32892283041367,348.25131092387704,13.897291577769899,29.06616048986206,6.302628444508795,5.689682712690284,Struggling_SleepDeprived,Ingeniería,Laptop,Cable,2024-II,77.94454219685227,107.18480493478889,15.68627652735516,0.8709861582796685,0.019985817055822475,-0.24555395129244223,1.2927740562303014,3.2581407920073633,1.7039954227286012,1166.0542909986516,83.36577119477684,112.11452724030332,129.16246722185616,385.61532315089295,81.27114976076892,73.51124306868184,561.4858562724615,323.2318489914088,63.99373688414965,73.54791610200908,353.11776312931,211.43711744966487,44.080942726279844,88.82827921518509,316.960716503733,113.14904320099814,99.54502632974672,59.005585015017374,148.94818198793786,203.4919536947128
52.56760271611574,47.61351887698754,6.236426314406106,1.7542578742516794,1.2016979683439355,5.607786000235077,17.90440633416612,23.658733684727604,6.775733218254941,49.56228747604676,583.851885550748,16.602352002974875,30.132964619048604,5.766430199060037,4.612378964200863,Struggling_SleepDeprived,Humanidades,Laptop,Cable,2024-II,76.81680739688083,87.26042061645785,17.099341424437682,0.21930917194724225,0.49750153637163474,1.380859988307848,1.6849118875601692,4.393037395611715,1.960740485132517,227.2925270721529,77.71547773504636,84.30614545535589,99.99273683331225,255.66116557943982,104.58415375823789,72.46295544515955,497.6672922047807,258.19693181215786,60.02832147797599,79.26788338302454,294.4248149642974,196.95772392815593,74.87201798543381,57.475386098104025,486.0994617584947,122.97973588100936,81.83835143260771,49.7521309007879,113.97984063744147,177.1948981840921
27.103753382283674,31.773793604721654,3.4287159157598315,2.3895996098886334,1.0004160655680454,4.149026744841343,14.485924276461011,26.805568275036386,6.669817049124283,49.380973043068906,149.72965364052737,15.21319735549683,26.43157155791391,5.188700347676975,3.7177241273533332,Struggling_SleepDeprived,Ingeniería,Laptop,Móvil,2024-II,59.98801509861536,123.48133124076084,33.63375661967972,0.4629852656218037,0.5389093524687133,0.6858141791597665,1.2833304165858688,5.380764472441321,1.9385519611792095,677.5735504738753,101.49767409590112,78.26971617868556,126.45515978123525,387.2390967775283,90.16069751133942,70.40079534591926,482.17080701629806,286.1350599101069,64.24555733329123,101.98976143510808,326.03092773788586,271.29995204100135,60.06388574212544,93.07940298889496,400.8341205337787,117.57525454389018,78.36507057925533,42.277104267131136,140.41922129531963,111.40348430122724
77.953713247423,38.90759926417375,3.616443677939543,2.1493728106034404,1.1680043243914426,4.9990183026049495,10.260318730587446,18.010018475002884,6.373928776031054,115.25144229263485,596.4877185624661,15.547800858695512,28.901335823513506,5.027997834469642,6.094404200466851,Struggling_SleepDeprived,Empresariales,Tablet,Móvil,2024-I,76.76065827204779,66.68898338495237,3.9825542263654925,0.5868161312710806,1.2471472055192927,0.645841883317461,-0.0006885286187157114,5.4962234547571684,1.253298736646713,941.1591055031873,89.6591143489525,70.19140985504386,110.67309180759815,361.49692402462347,113.96442195133137,95.61095245311495,536.310129983929,377.5897869048394,53.58811839693037,105.85050395249871,348.7109681288022,233.45442470602157,57.90391098422892,73.5587597762463,489.75605180065924,116.26883989959077,106.97153608332778,58.602248445729764,166.8966991153729,190.92852940933702
21.065344050113698,34.12591679099646,2.1779341103575165,2.2989950396333954,0.8202582900941806,3.4411752354755167,12.752611576361016,28.502789641536328,8.697996614352348,91.97523718209932,309.4752781952804,17.31773883842748,16.954249281941618,5.535399780944185,4.451841194602703,Struggling_SleepDeprived,Ingeniería,Desktop,Cable,2023-II,78.10101112697792,137.02913609609092,18.50765314614417,0.6339471432137228,0.0246028766619375,0.2518883137295089,0.4849138130673082,4.310405433110269,2.3742913595019894,1967.4652243244072,54.8316965566055,68.78647492336756,97.06534660605868,334.7140669302988,66.8982288665498,78.16252248731769,488.5677576567897,258.64582272960115,60.53464660689727,93.33365688457354,305.59509416612485,207.30329372681007,70.42932466788784,118.22710497618345,496.3689395473554,156.78985600691166,116.72573366062537,39.070633747885644,118.00289230302033,221.1740782677041
51.416678864008475,36.800485232388084,3.8485262120284656,2.033393857652522,0.9730072271219553,4.880947528454732,23.391074806154514,28.66722002452428,7.217615260363453,54.51453336418339,342.25719351600173,16.51425438453068,34.493871134983664,2.306849377713963,5.005009559097772,Struggling_SleepDeprived,Salud,Desktop,Móvil,2025-I,79.72263857855397,87.56013243536631,23.076862357953765,0.25188617278813014,0.35931090833730567,1.7906610629370825,0.20946176142247724,3.3853623940127027,1.6232197196421687,1871.9586300203973,74.61123563824906,67.54071542775826,94.99680244832864,233.5326046932686,83.11921404049842,54.67242862551794,313.7332853999133,199.11635313641682,43.200727189302725,94.2892380901404,261.00274926979864,221.1502023687868,67.61810159700343,78.8559639508919,529.3162601353617,140.7184931746845,65.58916932342932,52.23735217225548,98.35140338910398,175.05260995410634
54.050866275633545,33.15071995039518,5.376576911263934,1.9485260230099926,1.1396219988228462,3.4156110181145305,20.680651614829014,14.021480400945165,9.244233148501914,52.204253849561184,373.95792273269575,19.29187138315643,7.832268867398128,5.9606461885904185,4.2822004292965765,Struggling_SleepDeprived,Ingeniería,Laptop,Fibra,2024-II,84.02486743940439,96.97170081708408,19.440045582805265,0.5809005416914935,2.110968844197982,0.19456646649899587,0.129792811008836,3.875796471038924,1.603264264283673,1298.825850940555,85.96666008943912,101.24115653775002,141.0633219563229,336.68213478218945,72.75893822921385,61.267860047915434,526.3644342025773,233.21218930014538,67.91036676711474,96.95998390533325,314.8062677312978,219.14169925790475,53.81102323312933,79.7947171073691,422.45516456062217,131.25912230034973,82.42810162363678,56.08370626435139,100.09328010670114,128.33503409517473
41.333627325087924,23.89894435686998,3.3795593412093248,2.533008265381192,1.0489531570377768,4.325001216010014,15.099486779032055,23.081347620302598,5.438322524048385,62.341479909677886,296.70928238258875,21.353865641068108,25.66455965270597,3.8762498458014405,2.4739252404144914,Struggling_SleepDeprived,Educación,Desktop,Fibra,2023-II,61.70454561421692,129.80029279089808,23.002664180792447,0.3492103835839111,0.4933237084297093,0.07632670158945032,1.8192076988568964,5.036489662992392,2.2544487955858976,1297.809315281065,59.9349347539904,68.00330736538784,129.9200184715218,354.7288450043822,73.5486874287658,64.02568658364196,430.78844884568997,248.23596476889512,53.70905002108459,101.92381946615409,348.8810717528361,204.4222356099415,58.77243409526386,103.2282793895431,608.1083272064744,133.26787761588741,80.54452149431734,53.95440442996254,122.41041426209887,191.1316693629262
46.83142743419483,30.19439371190705,4.917732896947278,2.42067426845454,1.200899442211302,4.0450094274060024,19.38967369249824,28.47774671836811,6.384995103810774,68.94755435714455,559.6091130954647,18.418195318900878,20.102189831587012,3.683707405754358,2.72953086963499,Struggling_SleepDeprived,Empresariales,Tablet,Fibra,2024-I,70.19599156662606,89.00990106526474,9.018107736547215,0.6375076315422621,0.27635023001767745,0.2851085214682888,2.2891186259424017,4.191358574124938,1.7044962083594242,1821.0421446191413,75.03697323471552,102.07947040529689,114.63125121400226,438.5979091456054,98.12183644429747,79.85096578392103,606.4155777504495,265.9670526695403,56.28722882058319,90.20405794189558,352.6381812704776,198.02076484076323,54.5322399795497,88.49989979543055,509.0459962737376,96.76113775841279,121.43866032840282,50.50080694238381,144.04195235914187,207.09301786245064
40.78420003449364,43.515119349562084,3.773786110816908,2.2828465356375722,1.1773057305962655,3.7950470045676483,16.433996843237342,18.169682536856932,9.626404782985237,74.09540039787093,0.03735397370962801,12.810158636103804,11.57101542471863,0.8571884723146566,4.660517556044791,Struggling_SleepDeprived,Humanidades,Laptop,Cable,2024-II,64.01993971807273,91.45995018049925,14.661498837413905,0.6667853787642065,0.4741735152976964,0.4371100150413648,-0.20753483956186625,4.805344263150296,1.3870739271856818,1874.825421640951,74.34451439669789,54.1969773613063,97.55042174109292,340.7170713798835,109.55989060944182,74.87971686945703,685.8643264986018,346.09727359777327,70.30114093124223,106.36709087388121,379.69034031906335,256.76370826065926,64.81428569773898,104.45880112843732,643.1737475320607,106.64986091544694,93.09710521141386,60.544434291379716,131.06272385967034,227.10452900731076
58.41942688915988,33.615545143502096,4.9073948188894585,2.423414838364943,0.917060422739994,3.1384301003312705,17.503925531680395,28.776940408610024,6.363951697909442,3.455731952647028,153.90720840688525,17.559028468231343,29.09472667376017,2.0673668197555344,7.144250670992917,Struggling_SleepDeprived,Empresariales,Smartphone,Cable,2025-I,94.27430711430887,83.18267018665233,28.089154814289508,0.8230657910505306,1.1258343789567804,1.27409957285916,0.528346112838373,5.2270118183336995,2.1202701099021852,968.0984298906028,92.27014165127687,114.73862034416923,172.09885101852632,367.97484386664485,113.94770893635236,70.20512573672521,549.2656686989133,284.963699445081,80.0506213569358,105.29771650122674,461.3945896890467,294.8613069172118,77.22908083984855,122.05870612962615,719.9144486237527,176.69089889087664,111.52362994074753,61.995036690385604,165.97953532734715,215.0846849291628
59.74312063213538,42.593594024412646,3.6967001834608326,2.529049232775707,0.9100560637419136,4.513793357908899,7.418879882153125,27.641807576825283,6.349058773686338,89.25590178578236,282.62133599866695,18.999951316443916,27.692299022432387,6.52545889109647,5.224492798395086,Struggling_SleepDeprived,Humanidades,Laptop,Cable,2025-I,76.65540300176761,111.3945173694244,12.164977766300238,-0.03715968715245396,0.07420203397466596,0.3480399629022561,0.16891868151087253,6.003033273498741,1.9515164275093126,1637.505350407435,75.81511279058367,95.00125738788503,91.38474563416752,277.0113920335178,73.8529123955609,61.869372680877994,527.5549809804552,343.66531554294767,66.52241933593858,107.6566951158875,325.6143224951267,228.812220521645,75.88036156988862,103.09731967453861,675.1865803534574,105.10132186198645,101.81677835093711,37.604313114593864,138.90163499339852,102.79006177662494
54.10419969567158,43.432092769877386,3.6589330291903934,2.4390362454818058,1.085852338920767,4.687555982227916,15.871627950959727,20.18280110652678,7.277669171553084,66.88667011816473,270.7966287485193,11.621435627461015,27.35506740526632,1.0253027461682542,4.835010088755386,Struggling_SleepDeprived,Empresariales,Tablet,Cable,2025-I,90.97393686340362,105.80647318580552,24.42232866568395,0.43914290037292364,1.1277682812378411,1.0195860983034835,1.2527883053199942,5.049106533068522,1.5243626283822904,771.8351850369206,80.89251531565321,70.92917414844621,116.46272597038688,345.6274288552438,86.3882165358965,70.49395484218093,418.57497632288386,327.2810282735055,91.22079245822549,98.69673768765867,455.8211071294793,243.90698166477972,61.21397834178808,93.94774284521455,611.9231937714328,142.5789665500817,87.3877154611257,48.564329269097215,127.09280705006834,148.40380406027796
21.033890890049648,43.45528954902321,3.7966000501346286,2.5544162362618903,0.9611959946628378,4.042054411681787,20.762127238675163,26.19880032993167,8.997292766229528,115.70076214282372,335.5271787491465,13.469468568425338,12.252866199166416,2.2474612373290572,4.765737484478184,Struggling_SleepDeprived,Empresariales,Laptop,Fibra,2023-II,67.25648934903154,92.88561385951391,5.458534403046844,0.5351483629864311,0.8022752086424068,-0.10969107745842686,1.1941851836204143,5.894675565026243,1.4747672819414062,1078.078729086673,81.31827185152204,107.06421092620353,118.35824461234184,428.47704958678975,84.80743873697526,59.04375088961716,446.41506259760234,314.8068408355694,65.9299878319642,88.89891372177249,418.6122447920581,206.0459280900779,61.38889182213962,88.32071126006325,426.89612243074987,118.15170358767439,93.91665599285865,67.342522987097,143.8543224933389,187.90314935732127
14.812825477962697,43.75597460637904,4.610609735045616,2.1244455992386793,1.179739392296184,4.123963709696047,10.138450744027548,15.990080764776383,7.694944818336336,84.87542095221042,426.515298253414,15.150242439489949,32.165561546470784,4.302029080433604,4.181790259667555,Struggling_SleepDeprived,Empresariales,Desktop,Fibra,2025-I,67.1265920468785,72.04048581146309,24.60113045690671,0.4589759857990122,0.08359125973334122,0.7935913318106804,0.29490777024588155,5.610460037818509,1.5653998079885336,1606.6712100436866,75.640714423178,67.58204478823473,100.223123266697,312.8407470560121,103.17908545080513,67.71785081730795,575.498348250478,256.6297766867874,51.377223774376404,87.13412869547382,377.476270003654,156.09256942776932,62.183548288573135,61.14126147459362,445.7745476602446,109.50315235752215,92.86353967167744,55.45476662030234,114.61587884163953,154.40304373729643
47.14615819784862,36.167176146336,3.6575810436824394,2.7300150488730797,1.0504266333095227,3.605210780540554,22.5547205797613,12.599574406064901,8.863636481119325,65.34139437081906,346.4570055066506,17.14725429151388,27.50577990443002,3.54189313382113,4.3795080898555385,Struggling_SleepDeprived,Empresariales,Smartphone,Cable,2025-I,73.14350859301098,104.45021274912487,21.774356668701735,0.7773935911183535,0.5103654859370809,0.19767679938868596,0.5218754690798263,5.264675709183424,2.661072058167761,942.3363577929747,108.23925408614394,121.01779881999202,110.62652324143062,403.8422536773779,123.53452615524233,99.54720060078267,665.6003380906876,392.1347019677207,77.71311865778647,131.5192545731727,408.64740080334,302.3283390429041,85.98547707336404,97.0922406285657,711.1960524209193,175.02108559286253,118.86988815673723,62.04796504319113,163.56134028660074,206.2136737420087
39.482514492242444,38.41753790644587,4.666595551085916,1.7682264415845976,1.1608528896521995,6.299332729438688,16.51199521966646,22.115277919726783,8.861240414135363,89.23787029508155,314.91873567568757,11.653081965943402,28.569624004467677,4.083913129085236,5.57427465288875,Struggling_SleepDeprived,Educación,Smartphone,Fibra,2024-I,78.79707171056799,100.34306212002913,12.371567339706777,1.0034495664634226,-0.08278080455569961,0.0031234275823535124,1.8741020419812362,4.032972483778986,1.4475413109681643,1107.5606265460026,59.26345601061006,85.15396997040307,96.30871078817636,323.04279913095723,93.30435432790037,79.92337594571832,616.2395246368992,299.2682975525442,70.57257099649605,97.30238673640164,369.116022091682,213.72892461701161,62.30014206279023,68.65875077039968,383.7703102390192,116.20667727072288,64.39368176668529,43.89152945583713,98.84869363976817,137.12000989280628
43.53774273259825,44.752614085787805,3.7125685780329842,2.334659213147625,1.6238550718301614,4.517584573228433,12.867277186629615,24.523331079979528,5.8925015459242465,48.87005618152779,297.7062737038553,23.68372447261284,36.68739758999156,3.997468710191647,3.960918544501971,Struggling_SleepDeprived,Empresariales,Laptop,Cable,2024-I,77.52856377275856,125.50504880268818,19.618678585811722,-0.4619299469785855,0.671133869575099,0.5327647594001865,1.9575501926014374,5.27029536180061,1.1884236576519276,415.5620763078947,91.37020479585584,62.32297024732606,79.76872562938638,217.6564601813496,74.97148411640511,82.27044624088329,524.8528726190461,362.7282737971746,60.33947660102768,109.8480241753947,347.942484269816,221.16088322313877,59.832036192448754,60.65958326775741,436.99202169360854,109.29429437943449,63.41557160401673,45.35027762166284,86.5274442095685,156.56836083548126
28.775295083683975,36.985650562728416,4.2335374174816796,2.33980458365859,0.8317392086806646,3.907253996004637,20.448073108151736,17.83888569155512,7.705614276410251,36.631782910984846,498.86078077101115,16.85796740320479,21.868834949283283,-1.5682092544115829,4.404577125209586,Struggling_SleepDeprived,Educación,Laptop,Cable,2024-I,74.86798295747427,104.90422238285907,9.863361748976805,1.2345187566671987,-0.09756683291665752,0.43696313116117913,0.31402364355200085,5.432754689806269,1.2619896671959188,1544.941025865236,108.1505766570017,95.0656241564998,143.44673947045186,390.9276517352484,88.93449440343126,84.82764994967475,574.0830784675788,222.2698360988568,66.56209166868328,110.50527246140233,381.13753080613975,242.16359573503996,52.67226333678243,78.34318399504023,484.762739014593,100.9629529872922,88.84233639021812,60.506780269825576,141.458549491796,232.99718198726518
42.466787797820714,31.977222284440177,3.5926768291722997,2.338262209616926,1.1496165865283574,5.118968746393004,16.74151651942882,25.271168073911358,9.075800834327836,43.60301273212694,399.71282176252,22.831741185173367,28.307571537114054,1.062463645218045,4.249899853023194,Struggling_SleepDeprived,Educación,Laptop,Cable,2024-II,75.50022160789798,85.10149738357498,6.4962785881094485,0.6972866664445492,0.10229936160822406,0.2756094353448318,-0.00645849963941264,4.89957283259222,2.3335306091428896,837.1287161250627,98.68697102152446,70.61170440910573,98.62551238533104,308.98206817507014,94.38118267915551,85.37790482723702,609.8158368380934,413.88973907631583,46.132135338684556,100.5189527893597,355.4309281983382,176.45526431331254,77.47401328881782,68.85069832387519,531.7552098872985,96.59282283007198,96.74169955651931,48.17835494983113,116.9070378089099,203.29208406828914
25.003866670680512,37.53972751636042,4.586924127384328,2.4300260788308754,1.5036479266408023,3.5711644586026576,19.22569804846708,25.368247780426177,3.856166463067103,97.01448759354093,478.9511847532354,19.456521054735674,22.105444981170898,7.815102305122115,6.873721738920302,Struggling_SleepDeprived,Ingeniería,Smartphone,Fibra,2024-I,73.24165304736351,134.82473337643032,12.4592110453085,0.6686555973317615,0.3756486352886404,0.04849161581100424,2.9150198264032756,4.57083330526667,1.3955246906241918,873.6026530452308,95.9984436675519,90.07255555809924,126.15426378009506,289.96211021078557,74.8520066458948,67.69825500426049,380.134295256145,212.4541755601681,54.973266852896415,110.35219698986496,313.5366678420811,146.53877045538152,65.53749002263307,83.3085115966473,546.6781242753902,128.82633942590505,108.99908582387799,52.34547544071368,146.84907899298435,179.86706327182108
44.308958417366426,32.266418995726774,5.114094418747726,2.445385446364884,1.1969016406692436,4.827874982637367,16.128879012676368,22.354194344039847,7.575001549816405,24.07355015403678,357.098810345593,10.486947755225765,20.75925330428261,1.4375019937863587,4.239631107658976,Struggling_SleepDeprived,Empresariales,Desktop,Cable,2023-II,66.6957851146178,104.38838087067508,14.72929912085676,0.6243920178990294,0.8316375302933435,-0.082401703179172,1.3744733965371096,5.940592063164532,1.49962261774532,2038.6326604625422,93.92310231187223,52.08980016027026,71.7895868349807,376.0697609544932,108.66897510437347,89.85535260632346,531.8072379901389,344.3611766725405,58.5600413613232,85.25303714839788,410.1702276547355,241.93728296284831,61.27597564437718,105.63544132008076,424.52345759026565,131.61457404972106,106.65387453693765,44.806248691318416,124.46413050710622,213.6657080277077
62.91432667921777,37.318330057930744,1.9356036532487977,2.496142900761512,1.0420232000324152,3.653349606819151,23.354783774176465,20.158166283670763,6.124427898345043,32.21820754498734,382.10382047049814,13.858223599559086,36.135686357793965,4.539846039860957,2.687608044954241,Struggling_SleepDeprived,Ingeniería,Laptop,DSL,2023-II,69.53067451031305,70.59397510980239,7.867315130982151,0.24078683066326337,-0.005388151391761409,0.2111261253218344,0.8779898484049119,5.036933754829637,2.229301212539795,952.3877107529948,74.29196436313678,101.36351034249505,77.50690061260491,284.1325350140992,63.46827362562642,61.817833402673266,447.33214548950133,214.47702934030127,55.07848809519529,106.90993970442725,367.89814769855957,228.10944234166456,75.15951753610406,121.73460488978934,524.8417767864025,142.54038750480095,68.41162552098672,31.27437967781631,113.92454743715506,173.7949950480716
37.431366077732356,47.940917582893015,5.497554432184457,3.0547449509018563,1.0578658128934124,4.401344122572452,13.081437238208515,21.252110274432184,6.435152489007204,94.09219873432596,192.88170903130396,27.877979660218298,19.766933698086667,4.729940378240985,3.588252543149789,Struggling_SleepDeprived,Empresariales,Laptop,Móvil,2024-I,74.20323826114209,55.33538355102618,21.83091431503687,0.7806753859967077,0.30750114395163086,1.3628264553493552,0.9540118622435323,5.262554901548051,2.154140532881394,1724.388822402026,77.09405273605633,77.17551775635656,107.47923532373167,342.2811931741217,101.1213572224228,91.46824469455709,557.724347952035,335.475241619609,62.8052900157111,77.00861206202855,385.65170109217706,211.62826173919262,81.81686384376815,101.4920893311515,660.3233078109016,177.40726855328805,113.8684641599046,67.90124731460267,183.96701017353448,294.88420873491464
39.29076985482161,36.81665142711362,4.571987723496755,2.636445130719902,1.1180640386500849,4.409491062584358,18.866663162640343,18.22165207040845,6.569847156576932,101.17223475280403,403.4458540502503,26.961858598011915,22.54237011813117,5.434112450346364,4.540210287404599,Struggling_SleepDeprived,Empresariales,Smartphone,DSL,2024-I,73.59932818844825,142.35884497348502,10.81225008472616,0.2946573425862792,0.7420901285758734,0.7320676189056952,0.0888218426018682,5.207323102776033,1.899936949811906,1913.1093224702113,87.56501836717237,99.06345455689248,119.76814617815637,378.9930592227062,75.1430100730621,45.85460303545291,399.4617355894896,296.8351690500275,75.31504754250838,99.9261565371105,490.5319624647871,205.92902780581807,77.80052429325936,90.74138175449293,539.1618636257094,158.81306838325196,86.1524447348906,59.34293095174781,111.96357416472117,205.14713184507795
70.29076240904493,29.707281768312182,4.29989192938358,2.0260715171927886,1.0747539894356282,5.637811362822061,12.286321605868778,24.717391874728715,7.645388510228045,86.86203455383526,236.3575525253866,19.956706300107918,16.004454199941144,7.962232720706864,3.4663972738072815,Struggling_SleepDeprived,Humanidades,Laptop,Cable,2024-II,83.71721018405081,102.48635016837788,11.045761999879367,0.9111272073070746,0.31013387935745024,0.46221968852457834,1.256004752338733,4.684974540324272,1.2905168854965026,1819.7245992685812,64.15481320259741,82.69854164295717,124.05534782437209,200.05020765699933,69.1821463064227,71.05909033966908,513.7647280672301,260.60371217339764,69.6298989246578,116.74967335423773,367.90595031659643,199.58161093258897,56.65474000444527,87.18560089862422,545.5672118607068,113.19111431560415,79.00843287871359,53.25483989007975,150.21791748599796,226.63700379399228
84.52234132591839,42.90933851736849,2.764563484864874,2.0929961477619208,1.2155169159491201,7.343846040322395,15.180031661751443,16.819020870873448,6.533131201585556,-7.779067138196886,272.09691023801105,20.732407332673414,23.608385953687158,2.327665854722076,2.2243455050927996,Struggling_SleepDeprived,Ingeniería,Laptop,Fibra,2023-II,85.91761121443338,109.64644559199655,21.788534191018357,0.8278120289993837,0.22265876368477394,-0.5226241848727007,0.1887875322794333,5.094118601685887,1.5193709377154432,1200.9852527202895,74.88482703679819,95.51885926856637,102.11193531106993,331.1582636083889,77.3389133074583,59.50792707229139,302.08454889346814,204.59504288054072,70.00824990848058,98.37677897958902,359.01311616856,156.99678954429865,65.85376406979603,80.97832432972561,475.3121064158282,107.32510215188053,84.14207400572771,51.48134019286113,73.83820060817237,182.0334383944721
46.36966787780965,44.651679314804404,4.23138447351774,2.203640872473673,1.2737315476785271,3.350160768254579,19.252133940456574,31.02285029202874,6.145315816288959,63.41760732538297,283.8793974137185,15.439080028921728,23.873475368580987,6.576428008096265,4.018789623402529,Struggling_SleepDeprived,Ingeniería,Laptop,Cable,2025-I,67.40255885161419,103.02436988555863,20.13388518167578,0.8188470223905179,0.42813434682162643,0.8767554004321196,1.6601909109889657,4.496112449676292,1.7288507346815665,1109.677370555613,75.44364279169015,101.55588495934103,119.197984424308,294.5688006122978,107.67728246206427,85.89294073145395,507.79205920536754,296.03565646552664,64.7868083494592,87.16179940614597,335.0351445713222,222.77130530406953,58.28574793814012,98.64349280586251,516.4131577678978,134.23731535915874,108.0205329603344,70.57972376947473,185.94594439457146,213.59898980126013
58.20927352663028,40.097917563390006,4.248993513863001,1.9900241190606036,1.0474220034287403,4.890205464096179,17.680436541188193,19.60256947107188,10.649947604508853,24.95009536673135,425.03646071751183,17.13260985551433,27.218382540753637,-0.5853175658968612,4.433503891852483,Struggling_SleepDeprived,Ingeniería,Laptop,Móvil,2025-I,66.90348856245213,86.73604187780595,18.616290476631754,0.7870071526455884,0.4379136391248799,0.1452205027727106,2.1358853391124404,3.0800094757737564,2.108978711965529,853.97295654505,74.73799478207243,92.84784744292381,96.13997763855029,262.3675623194005,77.44897727278143,61.09187906586061,408.450003869075,253.04503099726477,52.270495932652786,77.96147916833803,275.37177599910393,183.90189596116787,65.118899406213,76.75764419818309,475.75048894049786,100.22511207494236,102.98569611025356,51.47948733161907,135.2351064377546,188.4187872274273
68.02800314068753,54.17471976328348,3.1758138803495295,2.2407497939073293,0.8370546673259678,4.133532819884288,16.04011673358585,17.338544448252694,11.021816907308661,93.47054729761133,350.3575734445553,16.597486999159507,23.807741432537135,1.2410061354188224,2.8104611871168164,Struggling_SleepDeprived,Salud,Desktop,Fibra,2025-I,71.49333009689282,82.65791415946994,6.745614808960768,0.7096007328377297,0.5311671757724886,0.5141649368627483,1.054814111882631,4.159605349215493,1.5182168455736431,405.06367441956286,86.64471506737016,80.78775816976253,129.5790797051192,361.5216732374864,68.63337538322527,79.33862800450882,510.82721793441806,247.25915765967784,73.10427226687221,100.83493782873596,366.0688154425419,248.0563409126171,64.67756411260585,109.20629961023069,527.8762020403174,162.26120200269642,81.64561028151253,65.48289183545168,121.77278281711122,226.20602605260407
19.005694106309235,43.74868311557262,2.257205768906119,2.265802112109594,0.8938134921984814,2.5285397724269494,12.788284974596902,24.997821055432674,5.497501677697675,63.31325353052615,450.13008066467313,11.820366208391526,15.711374041741726,2.6640414689085183,4.885962606165168,Struggling_SleepDeprived,Educación,Smartphone,Fibra,2024-II,70.29021281114203,151.0687978669851,14.059143423760322,0.5004176521856968,0.16843024890575098,0.45610186958374027,0.26500880058540843,4.673719791339461,1.61668438440989,1760.7889863174178,81.08300496162215,104.61925662262428,100.99186393256302,307.3998154075638,90.83141273309451,79.50121594903412,478.9479743579048,221.45002416315813,70.03718967725806,88.94618209356523,319.1790690258969,163.25520466564117,67.76408826253247,114.10301241100046,445.88186682228417,135.98269360793753,92.7384755777864,62.425464411851706,101.73849671746123,217.78524444920487
56.26356098674483,52.358484742368724,4.311102584560842,1.894104120214527,0.974564068121931,4.558749747306076,14.410843984523721,24.783555775444015,8.691251012355847,24.11826682925412,415.2203679195852,8.27164332109055,21.052050160623985,7.152240382863053,3.6682019306895306,Struggling_SleepDeprived,Educación,Smartphone,Fibra,2023-II,68.8226395657274,101.07137693064114,5.2033991554824865,0.4427749654471431,-0.38388505340825396,1.4858600285035664,0.0729242702248736,3.8128967594433316,1.751885718755923,1713.7728252373784,82.42759751008839,73.53023321839812,79.42065289924739,299.36820102018834,93.44529712878823,53.204406850103965,487.31484657175577,297.530269069521,49.24464866187618,79.17261282348812,341.4066946878418,136.8885319637351,58.14437597528851,70.2202816257683,488.8941279240132,124.33034201224265,59.39063332230043,39.834226093129644,85.98654691671607,128.52747856736502
37.488756457994825,35.5377042972394,4.130911341536385,2.537977575414269,1.1727821712693536,3.9782259445615678,14.312429844246005,27.50379065470713,6.763573433574372,1.460565358611305,253.60687362850183,16.73687823606628,39.384870152472,1.2018613743779236,2.3590718435145583,Struggling_SleepDeprived,Educación,Laptop,Cable,2024-I,72.36902934569798,87.03891644552547,25.506883118605657,0.6663387576995516,1.234893377288341,0.1864009878202643,0.3225323336198377,5.188004209957525,1.7929782547647835,1610.6288128759704,75.69392827620845,83.42575578883722,71.47382297949774,315.98502266218145,78.34241447957956,65.42048277816065,385.4310725414153,234.8823620557765,66.77712729177135,72.08232724187559,338.9983170120537,147.76172142742848,48.64238644985636,86.61136529721887,526.6516779119821,120.76147236372852,58.835914683352115,45.31879464683306,115.51898441455155,187.78627606589717
32.14901039021714,42.09110650331782,3.3936420004502548,2.4054659925912456,0.908442664977063,5.787084363800337,16.312371929165693,27.702096263888446,7.352286263739841,87.68826156253209,320.96580569957393,12.646868177416529,27.153731730319343,5.364506130549741,5.388832814156278,Struggling_SleepDeprived,Humanidades,Smartphone,Fibra,2023-II,79.22527525586658,70.8245031190162,20.01377015445803,0.7753168341015848,0.525030945376209,-0.12963646329857242,2.109900023374616,4.406215630675931,2.1154928144352705,-154.653677238206,98.87037998238674,72.73392302560653,129.6265572179738,318.0699384234012,99.40714895497781,61.013075073293386,650.1407123304684,275.9637232425418,47.343500900679885,90.91420965491835,278.2131799921281,194.26094271873893,64.8858261844799,89.65354630646989,595.6451494884345,119.5033195726632,89.37288845848293,71.76068904131638,153.36364933165308,292.7584529383887
75.35226784891233,47.56413387046423,4.453216691167118,2.3865695322515963,1.048903886433918,4.515224754506659,17.51066883697673,23.456023919468347,7.349294661096056,12.0496280094068,108.33793664944601,18.447012130430423,31.82745259081717,-0.783559092359646,2.7470713788007606,Struggling_SleepDeprived,Salud,Laptop,Fibra,2025-I,58.994977729530405,136.61076214881177,22.164199262770154,0.7383483325798093,0.4649152736192561,1.2836642872393216,2.2565435818405764,3.9159030752980697,1.9715631312081863,1268.9364838772183,69.27720983815783,88.3474725169734,97.66717867973168,271.82369240183175,71.74233073091482,74.75329341026722,463.1647729047866,314.7950368395994,60.17640829539795,100.3171946492204,325.94586497088056,167.0916441688665,50.358224863875535,79.96278575308048,524.4072542560608,131.79806560156092,102.27384719516736,65.87084612399573,174.58793516790075,169.3158741633174
32.31051933958408,35.08578881792987,5.933836150556475,2.0846375242190214,1.3045351389642805,4.219100412750328,20.585163542915065,19.110935555257118,6.067785114851154,77.82437370773673,241.36921607999244,12.620817326599875,34.71042318033079,5.117657051558389,3.481732760698884,Struggling_SleepDeprived,Ingeniería,Laptop,Móvil,2024-I,75.86847072289235,103.23368748988163,6.970291355141362,0.353393865646443,1.2204898684125627,0.6191329578490977,0.620165519239414,4.824426619721195,1.7977673019395137,1703.1227121803568,79.43350894422804,100.63740179482957,144.5135374497493,440.13645548112714,63.2502379844843,76.15839605282883,517.1803345393372,307.65816274668924,70.86131469589195,101.81577648469391,380.75097526956665,213.74598861265002,86.84224535809523,95.21001933809409,512.3607298480408,116.03023414633364,107.38960558888594,62.86785821078391,129.5242048120358,216.58632428439685
29.953076445487707,43.555342872577604,3.2654885035033683,2.7439358870247483,1.1033804474911815,5.029144055345944,14.403015008787694,22.087940224964807,7.27658412559664,61.66353112783626,404.36978434043965,15.381164621422926,26.476789414653833,7.488122504239377,4.2464631856193,Struggling_SleepDeprived,Ingeniería,Smartphone,Cable,2024-II,75.71041275011565,120.07291319905971,24.820024811798156,0.1159552168601488,0.9138743813919378,0.14600788494141603,2.221207284663846,6.402106747305949,1.5297525033934167,2057.4094163742443,56.43528522902132,59.188243888381265,107.3139857674454,181.81021240712198,81.83127600701125,63.50744905693626,447.45708286595453,295.03638640552157,69.8049045748637,123.1350275172033,386.34305645633117,213.25605820836918,72.11887470047098,96.24697105198052,570.0338729100579,122.33171917800954,96.7470579623671,57.30287240921492,157.35120866890304,202.45172967986608
43.641184368118545,45.84394697684732,2.0356159542221874,2.6692774487498285,0.8777921918897792,4.183606942876206,21.247776363884924,26.148423637916153,8.565136969313292,60.776285354496444,214.34000056025607,21.253645074890507,30.04466608624763,5.629051484140672,3.943398199542192,Struggling_SleepDeprived,Educación,Laptop,Fibra,2024-II,73.85765223598229,104.71374166232701,24.94912341119283,0.8282004647442889,0.4565383557659374,-0.013898344796869633,0.45038201628188734,5.952431252303695,1.6395675186212142,1534.0893512964342,97.78988462005343,73.37843187244475,135.5575215247669,234.77787103736307,68.45788761218968,75.83031658830596,426.8454585944517,321.5629505942083,76.79975084674572,110.01410505729422,331.2901519109184,170.68977938328132,65.17612586190559,98.01909711273989,474.5031509558652,115.37264870797212,100.37854592599494,59.513114553847636,158.33608599896218,198.04774446471276
32.8123214993319,47.24361006249439,3.996870438275075,2.601188319485825,1.1203518199758367,3.3791251609773227,22.485792950193307,22.13059584137674,7.075151430603123,14.391853436206155,397.74001551552624,19.05210097157329,25.811626221217036,1.2857112410710272,3.6435227757139934,Struggling_SleepDeprived,Educación,Laptop,Fibra,2025-I,67.29732086750923,84.83432937492846,37.473282258119866,0.006577367062447326,1.9551134633272094,1.173277110426765,0.8654667559571607,5.1869824235510285,1.2410611727074825,1481.7434849602766,70.19570821661723,70.19230914285156,107.98109091566366,316.8130351472415,133.79166237627072,74.44363829363832,633.4219721971534,354.76958023321265,57.010993664713546,66.81730432415003,269.18156967056746,162.36117728729724,73.44265765164788,86.26474920686347,577.0653725907894,139.8399426756262,98.54087429247224,66.01199723055153,133.42604968755316,228.81380671083937
53.204621290808326,41.28045711621702,3.5876513421421365,2.1910669157190834,0.977230066454974,4.464313303844463,14.371166348452952,16.001445767281787,5.422630155344008,30.239931688301372,541.1645261312669,16.872951260049295,28.38297437442115,2.2355128295539006,4.147714105543376,Struggling_SleepDeprived,Empresariales,Smartphone,Fibra,2024-II,81.04119613261183,105.38636698770756,9.620054278041167,0.8170277822160736,1.2889078876222437,0.7432762392606116,0.1882755434439023,4.845049376665028,1.7441929358289232,1019.7372137099359,70.1384526018817,86.3199738754141,120.43807442396046,385.9297015733265,76.86474023832807,83.6662447619636,451.53626365909554,314.2557415299113,56.4311886973473,117.43464784366459,286.99766444746115,213.49285710101134,64.53098364894564,76.83012129505698,478.549778615895,126.99470043776783,90.68995323321974,54.939100502659535,142.14602088596527,174.83122071307244
68.32682041596141,43.863250361933964,0.8399778744368414,2.3830526110473937,0.7480605852004405,4.303139405025885,13.794554551158708,25.57358300001288,6.495451847799912,19.219163741252206,382.5726023315209,20.43132544669599,32.7998805120083,6.7422618879387155,5.185447645457916,Struggling_SleepDeprived,Salud,Laptop,Fibra,2024-II,82.33045273972661,87.31230019833194,21.311295234055677,0.33996695991940634,-0.08007277064095668,-0.232548053225784,0.12822703948696867,4.601967894492336,1.7092725970802074,1587.6720529979991,82.86615357651253,93.59482115750215,107.63401019603664,306.12475381916465,82.3768648912048,63.87466483854048,387.93042176881164,306.9722650959608,56.91786098796354,119.68370757394652,260.4472891338947,174.72939307458176,59.23602656582887,102.90300337095248,526.3470609359358,124.9282841252746,75.73681426943095,55.43926329798984,119.09793580962427,172.46176839025537
42.387008555224114,34.11853761437859,4.61338151055917,2.254540058432546,1.9260751399414455,3.7213156184794274,15.022608808460028,18.201596659429185,6.71096092072639,55.900226784857296,209.4897022491156,17.96237661918999,32.401741673044405,0.5944033131900102,3.464038365773044,Struggling_SleepDeprived,Salud,Tablet,Fibra,2024-I,77.07342969045223,87.17963856724376,31.93065698518374,-0.01155402550537657,0.17247333167501377,0.23736719956467436,3.031439784785947,4.17764694207631,1.661961036971,1262.988748176774,72.24130512863782,78.8175098169526,80.43482537778436,294.81747077513546,113.1453981397622,82.58899738870393,532.0467880782008,276.61584905539917,51.92125129488503,89.20965942110209,273.9028914340792,154.5762650329232,73.7282011968572,78.94331272634426,601.4093905397773,99.89506320102977,83.04417592477282,54.467438071704926,133.18133619846506,166.74508367896874
39.61035109941509,42.77914230837042,4.703326935704267,1.8294723275176596,0.858491019470348,4.436463410250257,14.608290155816762,29.53561206648808,6.576250091232756,23.99622774355644,437.82496856708127,24.78800659776121,36.527876899361225,3.6813016889369647,6.393359243067843,Struggling_SleepDeprived,Humanidades,Smartphone,Cable,2024-II,80.02223931161802,126.64723790642557,26.482542288191127,0.6413474170249273,0.9175841975262087,1.5339641268806832,0.5118185946049215,3.784672030346624,1.679180914515822,1003.8630311898895,77.858596527809,69.52932649774712,109.31514123661391,355.59503872591927,78.32784108895406,76.0177900578273,501.4113046865281,275.2041623547454,67.53289334492565,100.20174174865005,300.9045810870576,237.65369908024795,71.20296731297249,94.91490659668696,527.6075938183773,164.17565358292887,87.59707778665262,59.12998171743329,122.75704597955931,181.61699092985128
45.06616412066456,36.06470073717705,4.1390038294170175,2.7691504715705704,0.9943679407358683,4.122580022524572,22.018316218393245,25.471354650477394,6.001635946946909,129.85935652599937,422.8619219528256,17.921501254425728,20.676348411063007,4.169619721659711,2.25703633079621,Struggling_SleepDeprived,Ingeniería,Laptop,DSL,2023-II,71.38091862048766,75.3123638706131,5.950377217431644,0.15216982622779934,1.0234916572606714,2.059411517261557,1.0595980320081912,7.193826803330064,1.239988033187213,779.1404781051268,109.53687551147593,99.07930698585676,126.69676251020904,340.9492238763252,105.36836157415983,79.27225416654923,643.6344029710353,395.3786993619042,78.87117483291861,87.09609116221606,398.8827358683183,247.03722751808633,65.49411609119723,109.97441555328396,573.1873838307911,138.91818836958288,72.54310431641568,50.66626242231742,129.25725098777664,183.95379565154903
31.845454523865182,46.21446470840843,3.18493518708294,2.3943299769848574,0.9751669143662809,2.139122152420967,13.139779863801618,26.441566932313247,5.833879430518799,78.16616245166874,262.85295975464993,15.153334557622191,26.33295540982565,4.312249396586866,5.590421130445135,Struggling_SleepDeprived,Educación,Laptop,Cable,2025-I,63.99661758707211,122.43858238954256,28.53854514972019,-0.03832356602581696,1.4125261211434763,0.31270772324553253,0.4804514255883858,5.380450722360256,1.3595025568978252,895.806136950574,91.93706094153747,68.72641232622954,118.80256340404087,400.5926293854739,61.65138399523135,70.05957960944788,384.2696744064306,218.0574496855491,61.81897109929329,82.73697233811389,393.6786506061783,187.76362953440693,64.72575189666848,121.0795036297016,526.970687421946,139.70745784928678,70.18807664146863,43.19971074152198,121.50625768288664,160.73196070893644
31.91495749588986,44.360095125057036,1.968765401116353,2.061189631658496,1.0264225364083446,6.0053813083674745,18.09233494198734,22.143149286883364,8.53712704751663,89.42052967495863,190.86046491129895,16.75102227223026,26.37904034968803,4.040086864798845,2.836383541635295,Struggling_SleepDeprived,Salud,Laptop,Fibra,2024-I,82.99379307095835,106.86742622905078,11.85532483595718,0.22248986553909678,0.9570157325793721,-0.1697524201047357,-0.5460010311621233,4.653689688373,1.8333936056542985,1577.5274292995412,62.9710549652864,94.18086242050099,104.1972745195158,336.10257999851797,81.9727443384766,77.15717988424859,414.57626119746635,191.12486200223603,58.294594539589475,86.26726916015659,337.88300091703394,225.20922387793846,57.60682598382784,91.83287852353183,418.62362528559015,112.61486879175558,105.56129648955573,54.16415476707554,129.39739785367854,190.96887332555158
42.97656548008691,33.506658276184815,4.2209411501493195,2.376391937910021,0.6103189829628086,5.06676925091431,15.133604318977666,15.303001713751438,8.89180818771108,56.626208910479804,484.55544514880165,16.135872340885072,26.667176219699435,0.4063420796883359,4.6473934059054,Struggling_SleepDeprived,Ingeniería,Laptop,Cable,2023-II,63.537334762034746,102.85459638467319,24.46302354884707,0.7077026145994381,1.0868138659229578,0.3429638301252734,0.07511817766858936,4.393429853231484,1.7022705735738322,667.2539346808026,104.26034506154299,99.87023181132547,120.66139557660642,361.3637225600122,109.11911198217493,68.39654937372589,612.7510746485947,307.9139313631132,69.10032055636599,70.30008853842648,399.2006327250534,147.58119416603552,57.77378875579305,105.05102312229462,460.82694808718793,132.4301773161983,104.94225658430426,56.904152053968744,147.6988297011258,191.59855544701264
15.650841390147962,50.43363305706409,4.4239162099469045,2.1434965317528167,0.9503415922076582,5.262884585627095,16.21525069179068,25.840432738339487,6.288276150215796,78.51641038367757,460.1708426548979,25.420695488160653,23.655859183795474,5.958712238404857,2.9344658318790873,Struggling_SleepDeprived,Educación,Laptop,DSL,2025-I,84.60136477708598,84.08070546200057,13.424692386375206,0.7564383993556469,0.6436421781155743,0.11410011989285375,1.6028309620802768,4.2316704431276175,1.8569288977747684,1254.5970513954803,74.65074687279059,102.55932323335094,124.6277078664543,355.87075563330876,77.27187837748649,72.68476002861034,304.09784080094295,290.25430908631677,73.89332158808062,93.62300349230084,376.23311186093383,208.57716192829747,52.63331430857594,89.77031181034337,413.46261121384896,72.7018288215759,93.08276058615269,35.82890843765113,107.74390747288938,166.3152492457184
36.60774812254429,27.29960225446677,2.7616373613117484,2.2272079604799067,1.1801919847117437,3.385504857128078,18.877770501703285,28.203038864448498,6.909839512562424,58.51448258220077,16.458279521008393,22.031674268954795,32.73527070776882,-3.8870833269072556,3.1877100824430626,Struggling_SleepDeprived,Salud,Smartphone,Fibra,2024-I,65.33409856989755,72.32235836763384,17.53921757391844,0.6065337018379882,0.4562681103292425,0.22573657709741463,0.5764764239644244,5.546361647490919,1.7194363766380338,2113.093426832754,67.56955892447084,45.79760747177731,83.98982913541997,256.1096258743207,88.69975152370023,77.95111308393123,461.3698500671898,264.43807009550306,52.30957681836002,78.0611807325265,266.98508902533376,164.99262384187824,55.99987728998005,104.86217312792445,502.70641408797246,121.49985575832468,78.75966732153906,42.895365678685884,105.03060169508365,158.71813082631155
52.78794714319597,33.52962683773912,2.63940411361451,2.192226060472256,1.4633332987621717,3.744971318573273,10.984450150672483,23.061338133631917,9.762798859120638,78.54013390523085,146.52873266005315,17.75969335425314,15.10207086161336,7.069599828662988,4.497498795916856,Struggling_SleepDeprived,Educación,Laptop,Fibra,2025-I,74.48258703836514,82.5437946902928,20.445043508320076,0.07048860775669166,0.18900625245888214,0.32241800862730297,1.723236160508022,3.5175282470513243,1.415757773411135,653.6646077363066,63.022043687854364,84.15605438844295,112.06170636036602,367.32510428312594,85.8503898109604,53.6961155326247,434.4105477892793,257.17407918041346,49.59526708327599,91.71802320266579,286.15716065077953,233.43568673048625,62.748676244665496,104.30499954672447,515.6747771253814,144.01523628174033,78.26071180890976,46.44204510655444,154.45124072797583,140.2344785818874
31.71589608826481,46.22373616284958,7.439294471646814,2.748796137259542,0.8579776557493104,3.399479032879201,12.534661413661645,25.992161970439085,8.137484446771014,47.00601860478607,300.6387908966165,12.465179322061443,28.90795154863603,2.452701465673688,4.933068533327541,Struggling_SleepDeprived,Empresariales,Laptop,Cable,2025-I,90.83315941556589,105.59268432018344,13.33461420314413,0.7296945010130049,2.3509435294946837,0.2178713485005598,1.4529481281639554,6.480724369078068,1.9464469635379844,1662.350747528165,72.42551834622216,121.2748453228976,142.89771870819337,404.3226946838595,114.14917074119725,85.64500447138383,695.1197641004635,303.35237444127273,77.82190084473721,99.40750504259518,421.77364104212495,226.59887305059084,75.23298027990066,102.52394048054725,639.3721830485848,148.61763588307863,105.46654718902666,56.36229249031632,160.7627087605032,266.4005711301532
28.12178312033175,40.58186165227847,4.680267465842838,1.9560569382107755,1.1450914698636503,4.760702671922528,18.413615255398263,15.278915926885459,5.937002379525447,100.63720622650925,277.551663732982,23.11813295256447,26.71972801329119,3.7164215787569503,5.216419423943289,Struggling_SleepDeprived,Empresariales,Desktop,Cable,2024-II,73.89004416349914,114.41721883179177,14.797672045562908,0.42442464766318155,0.6022952119742947,0.44515330210223936,0.6510282529661846,4.309189680399319,1.905281333569271,1718.2980191634379,74.64646091302673,102.36813106681575,99.30657610895554,377.1916823047086,74.58967364678608,63.79297118668463,412.35630333962393,240.12222162974828,47.63783031636653,53.977613207409135,285.3816535915736,192.89971988475418,63.957498726940585,92.36034955476676,448.8271795566023,129.6063798155215,73.63932923560778,47.27465090788017,134.15915105704872,185.7966499229235
9.703258717905609,35.74543168227359,5.512500054926383,2.318825455721201,0.8560178772973694,4.100658948947497,19.37403906612463,20.063608856777897,5.872852046240707,65.60334298435106,370.1542211911782,11.50551827129809,18.692538351409432,5.629553034500457,3.7770211205738833,Struggling_SleepDeprived,Educación,Desktop,Fibra,2023-II,74.0350270517154,117.12173507293147,18.893934549926207,0.24124521034610272,2.1442902820331406,0.44809141406423003,0.49396129368836456,4.749836935561648,1.5791504852511742,1274.575298990799,73.31846800581546,95.79867518786722,131.8372839816762,334.0187239927586,85.88356084737242,53.36994773506114,465.1186787406475,176.90764780794484,57.717353321208236,77.42132329931437,286.4875975934334,210.55143719497195,67.09383291651834,91.47147127064734,501.4123486300263,131.81015564604934,94.619919690325,61.312379469064005,146.98266526328564,181.7384272352525
44.04129665284045,41.68482973552562,4.222038238590946,2.087019307769509,0.9225101408244671,2.8540975208650963,15.318818049782488,26.349145160973876,7.977816140007908,45.90368848810401,406.9302604790819,20.4974571565267,46.88081786203179,1.5325336737908608,4.632583392794486,Struggling_SleepDeprived,Empresariales,Smartphone,Cable,2024-I,87.27396042646802,130.2266378837691,5.565296717507283,0.3441956545795667,0.5148560353918954,0.36749344577375753,0.7671266627504577,4.689519556370999,1.4498299911488455,1765.685481938944,95.0125655232627,84.49895959529096,125.23919332672392,385.97003406778236,82.71900080429758,43.07398531859882,452.84490655408354,290.4776531498698,57.406122859691365,93.82132141958547,408.8013557085575,221.4699293675909,61.39510218079079,90.75424979587157,402.6329986762165,86.33258236506126,86.64625324466202,49.69661295964656,133.21197845197653,198.39999174228566
41.293692366865486,46.37242143067529,1.1571911640260362,2.5318750751410093,0.9315410298562469,3.777117478055322,16.692294782949308,24.146891874419616,8.118121956937099,64.93538378226674,382.1909389955538,16.971286451713983,22.786794559937245,4.1248429904186406,3.4278234500912497,Struggling_SleepDeprived,Salud,Laptop,Cable,2025-I,81.52643564352346,95.26980217665042,28.047553814577093,0.23406513708262,0.6393530605030213,-0.1980860785998634,0.568349510597454,4.658706456874419,2.451343373152646,1337.0631997922299,82.85700448320488,101.67208634919542,131.61377796013926,437.9297092306683,80.21072565245203,70.50610263356302,490.4295664895707,308.6099395755507,68.846768455016,104.35564916554065,392.6283900286835,215.6256758636141,70.08416346163442,101.24347204782049,561.1793537227367,147.84496492193261,92.44064672988446,59.887740570494955,140.8874171608068,241.2460140728575
38.54407871965093,41.47466134070153,4.564248596493193,2.2844210048473603,1.1607078711415488,4.367615932487021,12.630100004385996,21.72736217291965,7.257667198332138,69.43294843378129,282.1959687042091,20.032365798108156,10.506233975400134,1.6746237823314112,4.1239515271197575,Struggling_SleepDeprived,Educación,Smartphone,Móvil,2025-I,68.5737811165041,108.02343980113234,30.311947342032777,0.0778133037961122,0.25536674756830535,0.4894637314897003,1.9128866142772858,5.090900889237799,1.6288003932884099,1865.4660715343878,68.79584394183419,82.7442474676006,80.02613503646327,370.96884900527,99.7141813302712,79.04212036641324,493.5124008796637,311.32766804242357,85.99684211793979,63.8262621040525,450.1437975871628,174.70750253194797,66.52286261342675,111.20459084951565,487.9138412390753,159.35974203073462,71.73857728042236,54.53834503371457,143.1202119601856,164.34793177091512
48.41858916511718,50.60402803807416,4.2904448315399355,2.1192804871878343,1.1589723075810907,3.5910533635305604,17.066910417445502,24.74090621257756,7.0238856081735825,85.40513832468648,395.9012128583447,12.713548565408447,27.190278260758937,10.05956901614233,3.9616738898028356,Struggling_SleepDeprived,Empresariales,Desktop,Fibra,2024-I,76.29316931461517,117.54659742697658,17.86347481771274,0.6044515907435992,0.678250557407551,0.2589458461619142,-0.3469629593900966,3.7983786051922337,1.4266317157265356,874.8508891270307,95.3054838592865,87.04382990129425,116.80537143696714,307.83658234951866,85.78971755695171,81.69561734213818,392.04534433497787,282.4408610444867,80.19065675641521,110.92297071538475,313.22275239076805,194.8578127313909,58.633178524435586,82.13150962975382,560.5054136164163,113.68367327374577,84.29291655014497,31.826848631910718,109.86794201402994,125.92372517394263
26.539118046014266,41.49697350051497,2.6093632825558952,2.623609313369484,1.0323488524481086,5.650882755012533,14.574870445197348,23.562793832319212,7.050879372499854,51.28997276153875,482.4856802330735,24.728749616093978,26.169497427614335,3.9015477943606385,2.795821642471526,Struggling_SleepDeprived,Ingeniería,Laptop,DSL,2024-I,71.87601720463032,111.27412651072672,5.927722898217383,0.5113712572741899,0.2828080551270818,0.14471962313783832,1.10397575189452,5.358575177371093,1.9727058012404897,2456.5060121299484,43.58764740143411,71.05179158354541,61.903517612948484,335.2077477632828,53.358434862843126,71.5376042657649,427.0052592974281,278.6204047966132,72.63797477988119,106.24704528392459,332.56846814867595,199.20983835093952,63.136748383409426,67.96322062320571,531.9028670764278,111.80868141003502,74.99491671949076,37.62661993333818,149.3007960063828,118.60513763968615
68.08391776294211,39.260782596367044,3.7950413784584303,2.3027759457127615,0.9652002891345608,4.7465625024192155,19.83357976441123,20.4686594051131,6.087016291134687,31.1564074859522,488.31623450223043,13.253374926729332,28.91568221318731,5.83650198085396,5.838470012690662,Struggling_SleepDeprived,Humanidades,Laptop,Fibra,2023-II,81.57439483834185,89.39516223845357,25.12299189457582,0.6725788398790349,0.4829643595879561,0.3145486109991438,0.5941488714370622,4.9878353760750445,1.5276885116956254,2219.1159719468264,87.30590591057334,116.39905321033505,156.0011290719398,363.1785573131025,107.4246469374786,82.24630054576096,564.5142684227565,388.91860994459745,81.53653598582386,102.17441407393113,448.779476267131,187.02549330377784,76.01763946061902,90.5564172698906,523.3236206624803,133.28218954188446,78.06202787880841,49.80478514161536,130.8733380060744,148.40833421158754
53.246756181764326,40.62417665802236,4.4660719137899845,2.357371473288382,1.1531195716289881,5.3232514746935795,12.113850083488291,24.26534854059791,3.2745815562109226,14.15872180653292,292.0535811418879,17.208755416730376,33.43799292490142,0.26354376530081436,2.946720905276046,Struggling_SleepDeprived,Empresariales,Laptop,Cable,2025-I,72.01046987002715,133.17863039429793,7.111138432514407,0.6243246855026564,0.6680731037248857,0.6081776851443036,0.1739973900369119,6.064009055752207,1.4564063716913296,266.0755279118091,73.88547324106963,58.202276668960835,72.40211333775405,289.088754838101,86.36733142487934,56.0196222093934,565.2898751620361,292.1940528496958,49.61809562522791,79.8178887851503,310.87525410084265,182.9916649457353,52.624808584341764,74.32052053395509,577.699439209942,140.6607751622676,93.01202432321708,60.88846905447949,106.55778608183643,193.27285622348265
36.35752675187669,38.46869037699465,5.109260128032457,2.389312352730018,1.2931257844052486,4.912026551803264,18.748457364691866,23.762696614273576,7.474879300811709,45.51530586101724,139.9370146314495,14.141293877949153,30.10699459556223,3.171638520706595,3.9847690612080835,Struggling_SleepDeprived,Humanidades,Desktop,Cable,2024-I,72.4586501814174,110.97359267284348,12.724509281847007,0.31409428184224186,0.933026754059634,0.5150964255283013,2.6606100181568735,4.563695120777607,2.223108931856136,2085.1922152134207,78.54086729517009,79.59294955098167,100.12955623171554,311.2387488073792,61.5596673811517,73.36428554912533,390.16511181593455,209.3761323621858,58.6537300598144,77.99619781414586,225.88991761791448,129.8076660712237,66.62536526452021,105.14895991494681,572.2672938458713,136.00671705116568,92.04352383388111,50.727049943103474,122.7548400432059,119.31220599225077
39.667972910146645,37.622101389163994,3.498445561668505,2.8550863171643854,0.9736067112188086,3.1348273565121603,17.07298436083039,20.33515674517239,8.20548252811736,123.63188079789762,432.5980213302088,11.01809181933695,28.976964656989765,2.540039632348308,4.350020767996226,Struggling_SleepDeprived,Humanidades,Laptop,Fibra,2023-II,62.15465120478541,108.37024303080301,9.309934566047222,1.080762517647116,0.5469724327592849,0.4291326243531537,0.6247285412056591,6.131135281330888,1.8530210194682644,1155.3635250516018,87.94277379152454,89.00205324721733,94.05566198795617,395.15385560276127,99.4179427304722,101.84662046249738,488.7685330788496,475.4878571137895,68.62217658439279,56.02722148291421,346.9013104467363,176.3210683516991,84.2500208173294,127.98065587508543,706.6568782245257,172.4747911384855,92.84269476589992,59.55648900311088,117.49712588096762,162.811747935699
15.595113064030452,39.80098060044776,3.8367428848524145,2.8718849746247557,1.1580124294453187,4.3110898831744535,19.989945681307045,24.872687980107557,6.11810127174264,58.94725074910742,410.930404596162,16.33130476621142,25.38719823119726,3.9723249607976987,3.24952929380871,Struggling_SleepDeprived,Salud,Smartphone,DSL,2024-II,80.8878538965627,135.8920896760583,11.050837437327196,1.2442312704847254,0.9764655762008274,0.2952651858427186,0.3575582155811301,6.343751174936239,1.6226844120993449,2231.366729720679,99.83477675124107,116.54370392137997,136.6056749295651,377.93416024481763,68.33197955108679,70.23962680860254,606.1090614986479,345.06585945624795,80.89645845949599,116.6376110657664,550.6246872213331,268.8690152059004,56.90712059421544,108.89747294522385,495.6763197007749,119.80311265485219,114.01430685613843,55.57079523572219,150.37679059179084,229.84399715015599
65.03732630408446,43.84505113688308,3.615096810560023,2.19332834851951,1.0778439607178676,5.413239983771357,15.76815583450249,18.30154023593728,6.416422907528464,38.46567840125254,332.0239456291496,24.548290121947026,29.40699286427336,3.8358911553872934,2.182618789751229,Struggling_SleepDeprived,Empresariales,Desktop,Fibra,2024-I,78.01857897297717,118.99133216745565,22.68657810805947,0.03483045063563005,0.7341768455453108,0.647133580132494,0.35586124722771467,4.776398575649411,1.598313136793212,2009.002540980048,63.48074252891638,65.5471806749477,114.31423807941837,247.3185779749408,59.07241791370943,58.27763071367807,292.17901443207705,255.15229324829104,59.36489382407492,91.53076973949548,337.5111577348967,228.74449402014488,63.93182909222351,84.54078687418635,440.2888147495408,108.8229372106107,76.87366235851255,48.226300540310305,95.53925161963052,156.92052560801517
58.742831153095764,38.98969115832506,2.3486742526647517,2.44985292336809,0.9067382391200678,3.2021274528101773,14.975265353264355,22.439076674983532,6.930669272819606,52.81114251591705,624.2277403305945,21.491877618206274,42.97086835790503,-1.1630173701139566,3.2689247780529396,Struggling_SleepDeprived,Salud,Smartphone,Cable,2025-I,70.4771375663328,90.23908313146651,18.142871452511653,0.29412225052031304,0.37542174236361714,0.8827226963723461,-0.3449443512971428,4.807841873234802,2.361244190330707,894.2285115962524,74.53800736477824,52.28648847385792,108.8385424209365,265.01014576232916,77.49422925561464,85.56672121246868,463.0136557253412,300.83026144774925,66.2923712012135,84.72912191070388,413.60072569168364,197.15287323308652,64.26973392500874,73.2047040206932,522.1963088666307,106.25939244690531,111.80375399036691,60.8620671722801,165.39706678695273,178.51342649119456
57.98164688400723,51.137356412190975,4.4853544645439225,2.5306859660589214,0.9409303356497025,3.873346544730083,20.980415411044646,18.45875829354265,6.424510806466677,106.1985418193797,559.733528749936,17.551859223444268,14.162016884210459,4.892969546658475,3.313669068459289,Struggling_SleepDeprived,Salud,Laptop,Fibra,2023-II,68.31017349515552,102.34641332393733,35.54470606103551,0.1528335680739443,1.4038451883304155,0.35018799964938463,2.157530751736152,5.248151982694413,1.564685324747402,1784.9205858248158,86.18756808760624,53.987915574580725,157.1669924930575,345.3240936921949,92.74334038959235,100.61014547616537,521.17200525603,360.4463547180014,73.69155618299284,128.24029505926399,370.58481941576093,268.407298462686,67.42959944699037,96.7578704457178,360.8336902691499,146.8674225712414,101.4069094147847,69.84365697412329,165.7927304696115,244.313860028477
35.47030307732744,32.3510047161206,4.238712113507632,2.4513118356605084,1.0403014499358185,3.7294012702051824,17.720212654883003,18.93639539438044,7.63604424482722,80.34838255096206,268.31694233277756,22.536029333403878,21.94654339590891,4.977161526279189,4.262952186867973,Struggling_SleepDeprived,Humanidades,Laptop,Cable,2023-II,55.103231817373256,72.06292091627441,7.543990299197096,0.8017543817047976,0.9238500685764398,-0.12411908978255942,0.17057719649334524,4.5567863463078995,2.27861257202317,1107.7658007509672,68.51498747514097,120.29196156503339,96.89046174175817,398.1470934944524,59.90416313105186,56.5269904047248,545.5545106999612,220.72068130992204,58.47865417345789,109.08592391285912,359.2191283387768,219.84746235389926,69.8822321350928,94.1728717769921,575.1720534974237,107.87570922238781,122.37135891110283,71.97744423107655,155.62409928637345,189.3427515576022
40.232612751325746,51.9881031237965,2.835753747550357,2.0831929379971292,0.7155659478926335,2.791689779513261,14.845858771280014,21.461146160200144,6.456252433427427,4.222456581247126,461.7034864886187,20.546814389350956,25.846202380284037,8.719320169554335,3.2896726612544653,Struggling_SleepDeprived,Educación,Laptop,Fibra,2024-I,69.96447636824745,106.06874601050781,11.921779848598614,1.0126139589865242,0.8262450226512706,0.7124737253815931,0.2937462080350449,3.368554010400343,1.8576462815917787,1772.542154681893,73.68115797480917,63.69247664683094,86.85032427442589,339.72269927749454,92.97296831174609,52.37154999408813,469.78399310411413,339.50853758138754,73.94961229398908,91.98627846289952,380.84102602109226,194.90854680466776,77.36693470155971,98.00799347748409,501.9747739734027,140.95349196387016,78.3484958079353,40.289567610970714,135.92799161021327,166.15429502073272
62.91629727383845,35.75307489380992,2.790796356017382,2.3185659992313035,0.9503567955271531,4.59498957920415,15.43463494593544,21.473606859392515,7.513243345740078,62.9652268805331,569.2187767397445,19.776346745919774,27.083005667918915,2.102743091567092,4.870639868948924,Struggling_SleepDeprived,Ingeniería,Laptop,DSL,2024-I,84.04887617943773,107.49289952308736,33.016029557286764,0.241725631177319,1.1945808430998126,0.21715270534556022,0.9435921765517574,5.059382108351661,1.4154915245349813,1513.6990958993554,67.68435823337542,71.39697243895407,78.42686234027147,262.808453445949,82.08604015265378,67.48131347457391,337.1954822278368,316.30239115958545,42.63137046349807,94.27747545726756,374.9968031615928,190.41458259709938,49.036727944724696,96.56879907746621,447.709764604161,132.5326677396854,101.02313041451721,52.17123206305785,120.989797275856,184.4183863188322
54.389682542741255,42.100505483721975,3.804582521655179,2.2534303202409136,1.2315747956947993,3.3190698485395806,10.810738178149538,19.97799235830035,8.23909802748848,50.65420722385184,148.58787442351178,17.890639176228348,17.478534011380066,5.0546985394040505,5.346052757114789,Struggling_SleepDeprived,Empresariales,Smartphone,DSL,2023-II,90.7145387855182,99.16423839164194,27.59344191016703,0.5417780995668021,0.7925610184061356,0.41204344186439135,2.091585055195479,5.42330453512714,1.498396411282816,1103.5647313966938,72.62143903213985,60.42406009714722,96.70173880582847,347.69717553036645,76.55928281406689,69.79555036479273,443.6964427685963,267.0663951746603,72.74484459070425,108.27291006546126,393.54281977795284,231.9680073172438,64.5943601078177,89.27810303355801,305.22630980282065,102.28601713194743,98.60525622696358,54.42699078748274,99.8367424560982,193.49361014411448
36.725522545354345,49.51942936441059,3.548288958291265,2.5570704832989266,1.089436346578686,3.916502212639527,14.134884179988338,17.860502288246856,8.434977811595513,51.566984109643414,306.64935851175375,14.50944590581561,11.910507501374308,2.1101998296671742,4.479384993318436,Struggling_SleepDeprived,Humanidades,Laptop,DSL,2024-I,76.95851527605406,114.86905515789786,23.03021509517411,0.5203348492494806,1.7289121698013572,0.26564956924916855,-0.3735646452976178,6.301796798297492,1.6651602778567616,783.0956286068523,72.69482125336182,74.69817396916724,99.99637328865701,307.67818895830095,89.85889427164875,64.92328308547123,453.2457895401397,282.0589676417599,52.310480809901264,75.42864743122584,366.40109203810994,160.3877806195749,65.45539225922417,119.98105239581274,531.9717796440651,130.6028829908454,79.20911142448219,46.24943301793065,129.14717036442542,193.07694395855614
75.24021479809792,39.01235091075593,3.0011049848702043,2.7301172913059917,0.6390918263889833,3.313932260606071,12.249468628408007,23.599446967049225,8.55323560121978,95.85090909850578,548.3543511837004,20.37894554302339,27.132776357416372,6.113452234635924,4.934220140455024,Struggling_SleepDeprived,Empresariales,Laptop,Fibra,2024-I,76.47385442592984,96.30062602572049,10.70067437688025,0.4266450254996723,0.6410359150818038,0.4573205381805362,0.08567937799479061,4.624579584496856,2.4894108766180683,1622.9886362809734,64.01661481753762,73.57199117733768,96.58185476298955,295.1581246928398,88.24453458166171,62.942423832351906,493.4331686959861,351.2120341909945,65.652530575454,97.11381541480728,415.9972282884837,217.634773037076,56.62121936912193,114.00332425680595,406.9501040168772,114.8968694684066,90.9851525021267,66.3875518515452,153.24684499766664,241.33571586401112
39.42693727721395,46.24373764687842,2.8042748270310267,1.8795944594047524,1.0213269396713902,5.766785119666574,18.511601337646443,20.653382187810223,7.115159976652679,104.87317013173097,290.3593429193508,12.631935979902103,27.038783885290744,4.202347525189259,2.040324952127138,Struggling_SleepDeprived,Educación,Laptop,Cable,2025-I,70.76386010759731,95.53847520830445,22.888327856401194,0.5163732740166368,0.5435700252100849,0.21247445043070687,0.9886443418219362,3.3285415639106226,1.2728113966596062,1751.548681503055,68.83926496856779,62.41953463588459,108.15330992707594,443.8332920655816,51.72622571274156,77.89773647323382,402.8330456309057,261.9009004874492,64.82985187855624,81.46567151879964,270.0066929025882,206.67745682588097,40.342047055589354,71.3215928179219,402.7239938094072,113.37004513647634,79.27410285018816,52.16929787200497,111.0772134079386,209.67604367905867
69.09810749880394,37.75798606932299,4.494350039866409,2.2822589255846277,0.9320247219890135,4.408405135334579,14.49417104097538,12.06915906806508,8.362599821482943,48.20851639085341,376.4765667924241,15.556857066432746,36.777407236296895,3.234131552234164,3.935871856640112,Struggling_SleepDeprived,Educación,Laptop,Fibra,2023-II,82.79723384993139,104.59332284209827,9.621230596265145,0.5547728596018039,1.4343036507410651,0.6183533062316575,0.6681561301492023,3.9809158765041026,2.0591140169709083,1423.3807436823622,90.03806015493558,95.43053039852504,80.64589677255151,341.8614558265059,101.03715762640861,65.8992611411048,483.4412112514573,295.2382553698365,76.8788112327661,123.93091055060881,330.22390983581977,231.54872394028325,78.03743420471844,88.32330302130681,638.5323606834786,120.90566504484404,95.70202561944345,59.4187384451433,120.92415156585267,212.17869700064952
77.66207430088717,45.97960518793463,5.474692475290864,2.863928574290161,0.7679760429193121,4.228461776821528,12.319937636189632,28.645337102250203,4.2688472317750605,77.95807257993918,240.82100833722617,17.824189455057436,17.677548173385357,7.152258033306361,4.92878636440781,Struggling_SleepDeprived,Salud,Smartphone,DSL,2025-I,67.42710155779847,76.49420882315917,21.897950899828114,1.2503199415859136,0.23901720316280328,0.7793246105511473,0.9017365034797266,4.986122399327918,1.9332103648757724,1098.2226676878563,70.49247875446387,89.24522940714407,94.05843040111289,331.3767120686954,119.65106611298522,90.38744620128455,509.2874766305867,416.1450387761532,83.58358963363591,118.26563370603935,378.53079047631996,172.930970282202,71.01514315088225,108.83385739599188,655.581580945274,113.4325345909227,90.03697235281945,70.97217704820923,169.07246300917967,195.49421059339784
41.80350762817368,37.06975658504893,3.827534866996019,2.37323451462165,1.044454124911444,4.793248043243484,11.310377483721712,19.16640407647963,7.224037197139259,87.7707791409026,532.9485372224342,24.346820559464753,29.038085211895556,1.0197675791427634,3.8564739090311195,Struggling_SleepDeprived,Salud,Desktop,Cable,2024-II,90.76590830093248,91.64087759063011,14.880772102921119,0.29097385339401743,0.6817874067721477,-0.0031412179567104626,0.8294616124655236,4.762822672968951,1.0006097755326488,1257.1511550320583,86.18838431753325,83.89863825439579,98.30241586669655,331.8963716371711,79.28461141129998,67.133757397179,665.2573987222318,309.3705244282283,69.8894823586818,125.95102707029292,415.12646165748293,223.71659727140712,75.65516234638399,81.66543662482167,413.11108812807583,117.92207685246855,85.55714898256728,53.173159858913436,107.33724116083123,191.32693570971148
42.07900586570523,33.27134902434001,3.534622689773994,2.547814964959935,0.9023671700443355,5.904085022685681,21.72747384732738,22.31188769753565,6.475641902670775,76.51685740115602,537.5134678732816,15.178056661624144,40.325783850253984,3.392425418772665,4.09390370511965,Struggling_SleepDeprived,Educación,Tablet,Cable,2023-II,75.98659668129814,62.61977819068849,18.306901805316794,0.2961966696532453,1.086761862375492,0.570712982368358,1.0508303165942563,4.6419335583505505,1.7862168687418039,933.7344687081528,91.69529219613172,74.84231201563094,101.4418164389771,312.41593111362374,101.19246920836696,71.17563915265224,599.3853599899779,283.7224306419366,79.47925186657223,130.26644794436666,503.28874599112487,271.81829138153466,82.42595831058316,89.35815117726845,522.7952281662579,149.79792213465,126.02556856077237,45.52262345426192,177.3758752584514,182.6776550424739
27.550307173447457,31.427758839631473,2.118231302692867,2.215307473550932,0.9034333578194897,3.9530921476866867,16.25096047733977,26.28476578371303,7.159255291678198,55.76482388095486,324.36922669525177,18.29190612806306,20.922718386847247,7.086194823203613,3.777043986687536,Struggling_SleepDeprived,Empresariales,Laptop,Cable,2023-II,86.49424582176991,88.70887733956977,22.344836175057885,-0.23195420034478365,0.641788592207759,0.6080427589468852,0.2849487262440259,4.8764307197715295,1.852009118522901,1915.182850691454,70.27854410797497,86.871074921345,111.59748152152474,351.42014283707425,76.7425010416415,39.37003302116939,453.87943817912344,279.8269929809184,55.852805333292636,73.10532082397049,264.00864223918256,190.22533720155357,75.10058580229179,117.46041237764217,491.82578613391604,122.62673159501637,77.1167069154843,45.13510446851702,98.86804243723194,132.2628225696261
71.02815436997575,51.512312205416535,5.80095558130884,2.2114860234283684,1.0081957263333015,4.838187655812993,17.769411620440152,20.81505292734663,10.591366397340114,93.65810608304065,338.7606128093838,25.70587145376781,21.509378077783477,2.982194168333267,5.95114733278902,Struggling_SleepDeprived,Empresariales,Smartphone,Fibra,2024-I,81.19746276818482,130.2125428608403,13.851818074350419,0.3825658393233326,1.5004233729324676,0.8421377493365897,0.6917071825629456,6.246055376584734,1.5593423099137547,373.8413539322478,91.16022247741758,110.50374925620595,124.00240062539362,470.8041133691991,137.254655385719,82.65727245958763,526.822709988692,337.08347301187473,91.69963098464636,114.95423223574377,375.1919631048069,247.2231749499702,70.4937601891618,108.20449034668954,609.4283769239347,149.77837436599762,83.41221652648763,70.77851163533934,172.84212722629186,244.60855801422147
57.26399059580917,33.12009374811447,3.015595029774498,2.2748280221756816,0.8793127004429977,3.489085683056579,18.799701119041753,26.595242486026397,8.073872705778669,83.3996473376382,259.24704743122095,21.359155457416758,18.525316295003197,5.513069879448473,5.053226687766701,Struggling_SleepDeprived,Empresariales,Tablet,Cable,2024-I,83.28009668509365,113.21243098953722,9.69210320034747,0.777756695009743,0.38483595554746475,0.4321679655694946,0.0391837552049108,4.720757282817154,1.5093548464584339,2037.6314390933637,73.96383462283445,91.92114422936424,85.90509255255381,244.64922348084517,80.194148310095,73.627492530859,489.4716367473605,231.70101237475336,83.35686140952606,93.39194358389909,399.66921919170613,222.81666587135237,69.58440470097597,101.50081336484035,543.3551546456831,122.88729184705002,76.34549325428662,58.78948147971202,152.37363840882782,133.99121930665447
46.03123242323423,35.48274623050446,4.315706723722332,2.032448113634782,1.5092760863546404,3.923951189402721,19.24397897922045,22.956175911220445,7.086652674156852,67.69698782792622,287.5766808079477,22.43036941680319,19.08282747628083,3.126155690039533,4.287804047648708,Struggling_SleepDeprived,Educación,Laptop,Fibra,2024-I,59.59402586521482,92.9697746769533,17.354665650409423,-0.00439316878153212,0.36599689021380766,-0.2910949360484739,1.9631517591243335,4.574115144368553,1.0780021363203172,1492.9541267766122,83.73277805030322,73.26366516664544,122.1620051272938,295.6381334722974,63.42109484764701,62.99915099733599,441.01972801453564,336.93696858071746,55.20962989079628,66.14220240769991,280.1532285859112,182.65727991822308,59.434530900692316,86.4292149651077,583.3007905743342,145.5103721936065,107.69819719392797,53.590208333816705,110.20698576936354,181.36510622133815
33.07926450210578,37.92316076653178,3.7745193615501273,1.9549526151493466,0.8849084054437792,5.7110355015962675,11.961117913709302,18.32542798789993,3.570477770751604,75.47507908628239,375.6473586867264,19.46121642450051,24.24122186675309,2.7639595658197305,4.998191222658343,Struggling_SleepDeprived,Ingeniería,Laptop,Móvil,2024-I,78.21098175921252,91.75591163377273,20.006767763947174,1.177129590330444,0.2664286297837478,0.08543655966633198,1.0459493155959103,5.225518951456718,1.3807492603555642,1815.5242512227383,63.64555288442904,73.57660230004136,112.10654098953036,215.4476739010239,67.66686002456716,58.51401511958705,334.58089059635597,251.211749979688,74.88158285286,100.4192144414835,324.6336047124691,140.94704664470993,70.33273307240728,79.04624043596755,440.4061800752923,120.33893336015427,102.75630547549119,52.442355953970896,114.91079459539158,172.96715254814112
4.883136102911315,35.253844090001984,6.279883999099036,2.486240453944615,1.2340281204053067,3.8314778135813583,18.333539440075207,25.917924343406703,8.60054555788618,63.50319137396258,489.2604775061334,16.697433739045856,22.0617407589798,3.602138809533527,4.809876508323814,Struggling_SleepDeprived,Ingeniería,Smartphone,DSL,2024-II,71.27021533168171,87.44343589672361,7.220439589812331,0.39149518731594046,-0.32057068522545723,0.6446883793989262,1.953414986530833,4.587943255509028,2.1368036968077164,1871.5745031707586,71.45391106433598,71.33691740180326,128.9936596087039,348.3305288653618,107.07806765214583,98.44503370153267,510.5637982063397,303.9290337866049,71.13522641755115,119.91352678343571,378.4422720517469,234.4298109814223,49.45909774193254,94.82116271442978,436.7257986627835,140.11458294886867,99.23427140738956,62.58717379843703,182.1258551643882,223.79476400277102
67.38753946172596,52.09083262051942,4.2313473058295115,2.5138905778102543,1.1575223772450625,4.009727519517464,19.301983312859782,26.144899407239894,6.396994887933543,76.13233981174238,413.0254276482104,23.549688234107062,34.72438282402376,0.9265761593331163,3.7836379348758093,Struggling_SleepDeprived,Salud,Desktop,Cable,2024-II,66.59993890449672,106.21984730751066,10.089240344739121,0.5130787454390711,0.3791808981177986,0.48703084707420297,1.8396322150387847,4.521621792739018,1.7710590551604775,1607.1489606025284,70.83316350213553,64.08628886914727,99.15717684437047,99.2440290648405,110.23016736913571,68.48363761148606,432.829667221264,247.46136466086045,54.8237472736525,110.56668560158765,287.6412921897954,197.73216757609927,72.18488324462425,89.150989010523,528.7439986384717,133.68853612086298,62.393251721019425,37.3004330673451,116.80566197326519,121.28941453883296
29.091494615125715,40.30820810040957,5.151898245616746,2.359128533477592,1.5252425652853363,4.0775948312817025,19.413583888446244,20.254229527467107,6.38113099839431,17.660378462448456,564.815801289462,23.57021552680485,21.13238887267937,-0.4856656327048787,4.546627912409635,Struggling_SleepDeprived,Empresariales,Tablet,Móvil,2023-II,61.81515984053242,132.38178701979126,9.2648916612808,0.5504099828744441,-0.2708576783635207,-0.16224680947880504,2.0175699452378284,4.4514206848638045,1.5889288424275445,1340.1317748927684,98.83544109887659,103.5261411135275,126.7447657399821,297.8025449143173,86.53412471658386,60.86938597207698,488.1763471762709,269.79713942166137,78.443039599932,129.54861593363296,412.74340769009495,171.65393987394816,75.83532848978139,85.57639361403403,565.0799450588714,141.4795611655087,72.12492979668333,37.75288107977052,133.74275900470928,159.27270877398783
39.471637511470476,42.08618398229547,3.1136970894646896,2.0502434386574375,0.6932277290106041,4.698848768767229,15.987099844774692,26.454160502363596,6.916629545890877,109.3837203121601,134.70356015271864,12.774176250564413,15.010896982978808,3.353996979927452,6.551682861243149,Struggling_SleepDeprived,Salud,Laptop,Fibra,2024-I,69.62346925129397,152.17440450181465,22.555483230599414,0.1605551855648784,0.0010316689643265209,0.41626651229493633,0.8457532254103824,5.148486480183397,1.1570131295329928,2142.1961185713017,85.11745143127554,106.61818989515024,131.3668853439315,375.433683672726,83.54394594656256,67.16959440495084,474.03270809940943,235.20207199630585,65.43594817068097,98.39580761087363,443.03089857245317,237.7960664343347,68.65654817713286,124.75407086856481,549.534012900403,124.75420693182463,110.17346372772224,63.89324478361542,170.99308401582888,262.09934252478047
58.95869578659523,40.47641411636877,4.168861756799419,2.213665783592767,1.1152693678910035,5.5281337618979105,11.07250081151549,18.08120427614059,8.915783178572426,112.99106082999302,182.5781859815677,15.493774513858058,30.125122866364208,-0.3709405173708866,4.743521777478049,Struggling_SleepDeprived,Empresariales,Laptop,Móvil,2024-II,77.9723296923082,105.38998311917123,24.76864005960843,1.498766715631885,0.37091497712811233,0.20089476079633756,1.3156455060777965,4.6096535006053525,1.615213982347054,640.3320983645145,84.3362757232768,98.32756082515834,114.89763033846927,193.89452943685802,93.8191226851894,87.61021496996588,451.72399289520365,362.44956133060776,40.36294128469191,89.20667245116805,294.46713416182683,201.69033260527897,57.95624392898971,89.95231760226098,432.19219909862886,125.64230292688771,114.27671305664087,49.8358120153439,121.71510022607573,184.71009596493468
23.113223067815714,36.12702446309396,4.296644571481984,2.4414545130695653,1.2272393800901147,6.288877407484407,13.193401001185272,25.695252171545093,8.207579796431348,22.5909521230826,374.1888030915453,19.852107877755103,19.310237434729643,4.399239830322861,4.609398113460855,Struggling_SleepDeprived,Ingeniería,Tablet,Fibra,2023-II,68.41362046255462,102.00448872043272,12.11438654240652,0.9492555699203247,1.0803003629764936,0.5878867977005584,0.24222084996994886,4.519801498774836,2.1016230633984665,2253.992648859403,68.72230632592164,74.86324481451824,82.65594416284755,377.4053124892746,71.50056468072412,51.547998207505366,401.10673373812165,197.72130774321158,77.15240034914501,108.85438442904079,477.24291625572,271.1246481101169,67.041067596621,78.48597158400811,368.1925072378496,150.26382747617586,102.87634202291872,51.86258064777205,136.7917898934699,160.75532486270714
63.86619076056438,39.103587840171144,2.8329749729331968,2.1702455423499565,1.254528334510765,5.471783817949505,17.475471685347536,30.167441008390995,5.528325146188532,69.19739036233483,174.58003184123723,16.14265084546793,30.088277834204302,0.9408251840179236,2.883462972396256,Struggling_SleepDeprived,Empresariales,Desktop,Cable,2025-I,56.083845359429816,86.13146574443235,20.844939432068436,0.4938293187412233,0.8424551066602142,0.4186466590040476,0.776592620440975,5.829395767628419,1.5442068513815388,963.6170349278522,75.11258955420256,85.13126786250292,82.2360657388397,244.54978321705818,57.66882031347225,73.21275346609241,465.7278643798693,299.7802942537986,62.67931160738442,75.43963851326139,302.5966753284752,165.4037428887885,56.989488277724156,78.93501739837826,360.94691319499196,100.96266944156606,64.31706281966788,54.77029364429935,132.68907489736313,186.9174661669103
72.67834289739164,49.765216862547966,3.410853916836378,1.9295313883291716,1.2191648968676179,4.2896815015259895,22.12438891886883,20.930819101723383,8.322846979147492,24.074357174796337,120.23990471962084,14.046778826920848,46.1805926988032,-0.29005036628827674,3.8555626815039004,Struggling_SleepDeprived,Salud,Laptop,Cable,2024-II,76.39383493918838,82.79312515573241,23.427881528206953,0.696388588962327,0.26339693313215623,0.400182513859606,1.2078528796563452,4.248744593917213,1.4188359654208782,1392.9833225733487,72.96805071470897,90.84368453400984,118.45090305343078,353.74792872357557,99.79122767612736,71.96342462262591,380.2371107659531,305.74008793681617,75.11762025498446,138.2827583664671,455.42600786612064,251.34496286113855,86.10299625104834,87.60073062378447,632.31353135663,163.47197062587512,79.99803746048488,62.61798063573929,148.6122961453784,205.8831376161544
47.76398451018905,40.864845858062615,5.212086131803814,2.412960459600505,0.8051527531395911,3.8421261709264947,16.758314334796047,20.033442230128628,6.410705616604829,126.28974159568077,220.79412512122934,9.766376765900043,28.01996623959206,7.952341010941627,3.4235871131194964,Struggling_SleepDeprived,Empresariales,Desktop,Fibra,2025-I,80.71018567770446,121.78956756162265,9.614756026914343,0.6188986238202823,-0.15046049164570352,1.029497519936389,0.742510395762128,6.673239354091488,1.3306635120535504,2334.191281318612,68.88977553108018,93.00716075224173,109.69099491751332,442.7129440261688,80.28152247549848,69.78722823373167,359.0540822835068,323.9030625697617,80.44847684293545,98.38598225654968,484.43803601184055,186.7832142199484,69.06535713865222,81.9376699799035,597.3131664979396,118.39534170257184,71.18351369104822,36.67913390381881,144.4858221801721,193.9433871455401
49.00229223246927,48.65887926256614,4.033538101064939,2.0869038408548324,1.287481084556875,2.9667440562032494,20.61616967113962,22.938363983404937,7.812019055636994,27.420417034305352,286.4637319222076,14.111845015292058,22.020875834504423,2.587182854209196,4.787932885484678,Struggling_SleepDeprived,Salud,Laptop,Fibra,2023-II,77.17328340074647,100.060528240889,22.489387115535788,0.1988427347744653,0.26848311311530065,-0.019120650593644373,2.1504175130175684,4.804700432396834,1.938478198790946,2763.7894384759857,79.57970283169071,63.08601515917981,132.78622311292727,328.54000780628115,111.14647786035744,68.75757334611826,555.5786597992276,312.197375647147,60.08239353203198,71.83501349716256,290.7909693883842,213.01184285595752,65.64386853739632,108.17771938698199,695.9472365418094,151.32606895341206,97.75362184969731,45.90703614729581,144.4676987456208,182.12656270963583
44.21077361932223,47.539967309664355,5.2717057551150095,2.2909531195279818,0.8374874683961225,5.260815954102325,18.872353966788406,30.513965296940682,5.528332063657979,95.59189313787542,341.68980953351434,18.34302570480982,23.67110061051845,7.300709928746965,5.058865372783017,Struggling_SleepDeprived,Salud,Smartphone,Fibra,2025-I,87.09234009591938,122.61104994593563,13.44351859265836,0.986109926757938,1.5102822067213615,-0.04170997892422296,1.2150465813336813,5.114004053178912,1.523482952832921,1674.9186241533405,118.02382466049656,100.44687220636806,87.83303468494448,408.18317250232343,81.3584735434714,73.09680902623211,509.47635733031456,353.8848467229775,66.01160344616872,125.87371526170642,387.71332465447557,194.9380706246688,78.59913228536385,84.2472639536678,473.49412289547786,87.87335664285976,81.42790237749173,56.930109501992455,155.90620870084757,202.76235317774788
34.10083231930072,48.87209010562571,5.4310838826735806,2.605875832411256,0.9279352663649354,4.426834533531511,22.27245569030454,12.501163286031424,9.409027230735974,74.48579817646446,384.7461730644153,27.74136856420149,27.19577328576295,1.786586463219424,3.606035159469708,Struggling_SleepDeprived,Humanidades,Smartphone,Móvil,2024-II,66.87720806805731,144.9078220378824,23.7799706624687,0.5003847288003409,1.728334663034739,-0.13514015979106614,0.6479618405699146,7.432663527482729,1.451103625052595,858.6789676339513,83.27587639774174,76.88013388629614,118.19090703316894,330.12917612056475,111.52124912138,89.65077906115322,669.471161817896,356.9266964744728,70.6604192728901,120.29445699711165,351.37275409081224,219.25761212079718,82.32275486868205,91.78852664086607,651.2046525878277,177.5572629014645,96.91359087792115,68.80622649473581,154.2271138570221,203.7091069372866
30.077214062286153,38.38644546314032,5.1154279355354255,1.9101563559566221,1.1306653872944783,4.605099000946766,7.965801702525217,16.903053082676337,7.339127854091068,62.699087772643836,371.8998562987333,22.4843352760697,24.413838788658392,5.800269431762883,4.34430640900046,Struggling_SleepDeprived,Ingeniería,Smartphone,Fibra,2024-II,72.35612534917159,98.21978596284494,10.999882040599678,0.6264665569455514,1.3867069106848366,0.16684720135392625,1.529904825490163,4.150125784702196,1.3200689128330505,2040.8708354689593,77.46318635642588,93.00123090660983,76.92797959159944,265.09359102543567,90.87178053093731,58.79958192738391,432.61840386344085,299.89012261758853,58.412781305668545,74.46680860209634,342.94824380573374,154.2127628872213,72.71478970791682,127.0215482801108,649.2323058794416,162.65183545630578,80.31514291393786,43.40409507099919,136.71125743381313,152.45787244440072
19.36633919835894,29.941305619938106,3.483596035402069,2.6386058332709563,0.8485712468601686,5.188725955494488,14.971620330224303,17.54278475914024,9.541520623284011,93.41518527678967,395.5466147117819,20.010107134663752,26.84376010469715,5.416179197616063,3.9663257834698706,Struggling_SleepDeprived,Empresariales,Laptop,Cable,2024-I,65.5526647949466,109.39451635798345,3.9010682740291633,0.32292715311125697,0.877794134185163,0.004002752597602188,1.4075649001233697,4.722663855455416,2.3494003616785872,1568.075668241678,88.20271444205305,84.2156675302777,120.51277415303777,264.3796140415726,98.05501933070025,98.41039959202865,398.21300026991713,314.65353751949857,53.00403380114365,101.03775688333246,384.68479483697695,216.88945271082954,73.27110018100966,70.56492301127719,497.5241583408628,105.13757144714909,100.12416001017725,58.68440805084409,121.81355176911609,173.22823233791087
19.463610413271564,38.406540953758864,3.7759130433053802,2.165404415306329,0.7898567784495949,2.977941351786633,10.928816911407983,16.138117047999128,8.30508737930026,55.66308343043644,361.5709031996565,19.09991458166903,15.11722610561031,3.958464276729388,3.781380788146442,Struggling_SleepDeprived,Humanidades,Laptop,DSL,2023-II,53.9935415184816,74.9983358409588,11.549842679493256,0.47324893625840064,1.6896326541462385,0.5262057513414184,0.2744973193151753,4.75445571687475,1.3659551621914574,1025.882366242825,71.59686980107129,72.72765180662505,111.09731744568579,337.065695919547,76.99569604003699,55.49346991528538,287.55484749479,243.43814748768835,60.32266951524932,69.40607791605676,373.21093840216065,165.75022796801164,86.99353576337367,97.50696667514,623.0101730241662,112.83503308574086,79.2498252748709,50.75017247539867,122.9040966315963,148.55277706797497
50.06334380602791,38.6599445185191,3.193441442938991,2.199012708394471,1.0669251878178059,5.824974030186452,6.552643886612943,19.62855791017175,6.9715886640862035,78.89390618683564,359.90937394317825,21.30238937299191,38.02117899702575,4.722803005167711,2.3578642284751865,Struggling_SleepDeprived,Empresariales,Smartphone,Fibra,2025-I,85.71219866658,116.36296377449185,16.408571635042435,0.5565744361157646,0.19561856259722826,0.17982811198673238,0.9833280474451519,4.543837279121153,1.550488843345853,1713.2441064920592,69.83211143334151,81.16338090104023,95.65941697671477,271.94399774625833,72.68019139946226,67.01147170550527,334.845295012832,264.0286215441134,36.240923842102276,76.95712014786197,337.4391321671214,192.34202512806655,53.93806861940006,96.31811247636465,194.71634264470592,104.98977653604175,60.42784040291805,36.31793334036455,66.6405273174557,149.49297902700698
54.39715173544819,40.852728948493876,5.554334482642927,2.4466191979073235,1.654655143399241,4.54286629344372,20.661041329475268,22.292561549373808,7.641738112911891,28.174761449032687,346.28596041799443,23.32467605292778,28.945872771641938,2.6711201525393253,4.585721412650525,Struggling_SleepDeprived,Humanidades,Desktop,Cable,2024-II,82.35768545418935,78.70981890374395,21.885376229669603,0.6660160013432728,0.2840066665593497,1.0107898263618007,2.352102543445229,4.654263339626857,2.162056840146746,901.0955475134126,76.42882486609277,60.499189926064766,99.04664055376482,249.44808687248434,112.66147417946992,90.70424918780726,613.4218779485368,338.21734191172743,67.43823275507026,107.24635097604481,401.4521005391843,228.70555591931068,69.30658146854981,119.6303161076533,532.0019759860677,118.25725686713385,94.83791638056807,46.32273792367999,130.5828392489899,195.87306180404798
7.971583251003754,34.28821273231258,5.055009140099875,1.7792591663333324,1.200539757966613,3.9984279341628874,14.785274974998934,18.63192407754094,5.224102942681305,62.988166378584964,310.00286399884556,23.487884027148496,29.96573915234451,5.9007741134597955,3.1172142470767947,Struggling_SleepDeprived,Ingeniería,Laptop,Cable,2023-II,61.995683618709066,105.35406840961294,6.69115257101907,0.8820640450099886,0.6862043986059394,0.3273304984628099,0.23492397266419457,3.965739728512158,1.3857814050431505,1707.7619697211903,64.25771018876326,95.39807306887835,117.95682161233333,361.5454856062335,92.59584849088213,43.05109123288287,578.5205782727212,232.4637070976447,50.35008425459951,83.15993420426867,298.18725880682257,130.91696040181708,68.92460378563423,82.35171061800371,454.8244096422325,122.13034689370916,96.97133202992148,53.614710602606195,139.16968996801745,184.35743743619705
48.642796163101515,44.46746241067725,2.5449315675495248,2.5707725807944555,1.108414440521554,4.139600772928745,17.665376022069584,14.231528754501253,6.235743208193897,105.09747593635768,281.9179309964051,14.800663156910353,21.796299751863963,4.0223344802140115,6.062356284072209,Struggling_SleepDeprived,Empresariales,Smartphone,Fibra,2023-II,67.44168930443908,126.22444726263153,12.476666400926604,0.7511466220762516,0.671428888109237,0.30722162421783883,-0.16635184034459133,4.893480513029007,2.3800847151333366,1116.3252978617902,63.26968888402334,68.61791494308746,96.9348964729761,216.4722726067588,67.70273827311156,73.66926205568453,464.02175132994256,313.5471986827287,62.23443946719287,106.99390385585932,298.27144838649764,194.165682903445,79.380463526529,113.1411242474647,543.5087161913289,148.1793343620089,100.78731010237556,49.1458867966953,128.01939190069052,133.30703756488023
53.0675005726722,40.900250997635226,5.348198524754826,2.573679925681568,1.2011776603334832,3.574798122723901,12.867391982746337,24.246766874499407,6.780150628030846,10.647138851550345,120.28739847079538,14.067294876656717,27.53241027852272,5.420098503988493,5.233256686339671,Struggling_SleepDeprived,Salud,Laptop,DSL,2023-II,85.14775691984397,110.86885194632302,2.3599467578432956,0.5751398031772492,1.2499382156352454,-0.34684896183971664,1.4869113329528914,5.2569177274519046,1.7323474857651118,560.9322968124907,87.69546424951403,95.5237855738506,120.28235799038887,384.7106696002744,63.25667578770865,60.24137815802041,355.396717874063,257.5448680875229,70.05944760628724,123.71399578943593,250.13796388464166,260.94459464317765,55.23261447409327,101.64233324147051,487.1912014162716,141.78892992376456,101.46269375360913,60.18117578180978,145.75697237735193,184.85970898036533
35.50070720125494,39.75971802906789,3.5181812915189203,2.330689097721344,1.0965895545949644,5.568392613445629,28.089882333692323,20.30869577981735,8.455194861252721,81.85040125925337,261.30073596792363,28.450801577561514,26.436868876698615,-1.6420412440123073,1.7375414100471698,Struggling_SleepDeprived,Ingeniería,Laptop,Fibra,2024-II,71.19144987949709,108.12284400619978,27.16576290302306,0.7371269410982844,0.7245500902919816,0.0870750339920391,1.301120293435592,5.645628262747684,1.35532648028989,728.0531136072548,83.80087313147985,124.91303565807452,114.77944178642201,469.3461341114199,68.68709139302382,84.72084953049243,461.96438408549596,346.5885210762043,72.48927534786225,78.06651492336279,352.1386331330543,173.50614975030444,73.8290854346723,137.64038793270748,627.6681935085156,116.18776316934309,90.74355467023636,62.3624514996702,133.349133322239,241.5685771278326
46.3667882247948,52.64652485870328,2.9627596222823347,2.6796678676402825,1.064197236265452,4.453480137718255,15.988826507880333,17.238712902765034,7.181209544179293,56.66410170375513,353.6920254809391,16.133005790941535,27.37004079666801,5.498910239983522,5.1202209266045635,Struggling_SleepDeprived,Salud,Laptop,Fibra,2024-II,70.57242232261972,107.35842381182178,22.02520030589969,0.29454244404453767,0.22703555684652155,1.5201660921347933,0.6327295923885821,5.633678550426188,2.2177511579272537,1294.2421348980329,107.16594060150854,116.33481487127042,154.69509440500693,445.53688986804514,95.52887931543191,77.165367410716,426.2413933945803,289.2572601371162,62.312030099774724,102.31456714356989,396.4366710537724,180.30994361984915,78.25171097199964,80.8353005192571,535.4069538681508,114.3939417871263,120.03337702405511,54.226227911751096,148.36323885464347,220.31615005486256
60.7032825668274,43.01308662029695,5.293881715254029,2.4022984838723382,1.14131391437421,5.045702560482415,22.174345533309562,23.586414645413893,4.951028293129057,3.405683315497935,485.77035786553506,17.729919583311137,24.94951941506267,6.483078110797836,2.3193885656082744,Struggling_SleepDeprived,Salud,Laptop,Cable,2024-I,72.73787065432055,88.97242822635964,17.261997757702773,1.3158797100046116,0.18591384282477774,0.24343814405486594,0.3208591672938809,4.514593589139892,1.9982224374315047,1889.960687911803,92.93754262219063,96.63071909408464,153.62539368070023,461.8879239205058,103.70103810995022,93.51278953923514,575.7399933724162,362.6861784679471,73.51277524657723,113.96893677970984,406.42893746391513,248.59801288018303,67.22503277910386,125.78681484477372,584.0810571643302,145.3352004234125,110.97926112576307,61.65379149355537,131.05835315214046,159.4041474311667
50.21607894574436,55.992323778739745,4.042677802275137,2.4732331944302075,0.7517102197226517,5.83672688710933,12.487813188659217,21.609877547127414,7.525841248694079,92.09731348856049,323.874471896318,20.215173273662813,21.83375674277715,2.893590494279501,2.15800593385549,Struggling_SleepDeprived,Empresariales,Laptop,Fibra,2024-I,81.68825274040792,73.55003988045053,14.713799348907727,0.9117608152563599,0.7268352539896694,-0.13479939263473714,0.9231712190527108,6.470618988885545,1.2710223380402863,2295.0390636187767,94.43579790027127,86.34487088240871,119.21394330387048,321.79918620799407,109.65253460001874,55.061389344791806,629.453860465827,297.43556536143024,54.165600044687814,126.74788965445478,339.6100088963087,232.38971576523443,86.22152988470991,107.54654064837365,609.151561580557,176.63398002837425,93.57626229405457,60.81722170790666,138.52796331443992,213.2550139984738
71.76393174444497,40.99564419057566,2.1371180775808014,2.0117476628633857,1.0211608875478089,3.3796310970473367,16.69130440993919,25.26359935254018,7.114421869679483,55.97079416709833,401.0915680105382,20.92496717134384,33.45109772922876,3.8272064713446032,3.5932293532701234,Struggling_SleepDeprived,Humanidades,Smartphone,Móvil,2024-I,76.47932483559761,101.67862537722885,17.13238846402994,0.30946166951401655,-0.13552715533882387,0.7348276411204808,1.6319102361765399,5.0138975709704585,1.1006687574960698,2391.3141774789715,78.35809771709778,81.44711052071028,95.11167650049609,425.72894656508157,93.50338344000636,78.4404439701935,571.2862696095294,318.96760424357507,67.40409292450153,98.44657142864098,422.0202078387748,190.05863488263282,78.59200307483161,76.92538577209507,496.4924900443043,118.45150829636289,59.29204104055124,38.43283837861766,89.17532923392248,212.479545977888
31.099266905753826,38.359165136557756,4.312920696237973,2.349759416552427,0.97296554174929,4.26646360173434,15.512420392532986,22.04502062357152,6.0061558379691204,75.84055559178765,317.63861345053215,11.927587576968971,24.410049027847975,4.687080263297339,4.31894256642261,Struggling_SleepDeprived,Ingeniería,Laptop,Móvil,2024-I,66.0636480119985,74.53417617410196,9.51485298851921,1.0846407551651502,0.5729755678529131,0.07847292831069827,1.1640557941448817,4.352595648446091,1.7256165746721654,826.4245614843678,97.81267526847103,62.63353462662899,121.6786970406693,215.70980588944076,70.98661489322936,65.99899591826276,448.4010325431942,240.19349377222773,73.27273124085777,113.31504989291308,344.1622536689449,255.443151096971,68.35293843718736,92.4068214324744,505.0440135601265,137.10093673384358,91.98019967044175,38.43668874051019,91.19249978730774,175.46292287032622
43.431977692963926,50.9371674542545,5.202778620612428,2.260475835588712,1.0004375658368527,3.4015224415799423,15.492855739825092,27.80906787882382,7.818218503389167,44.539358062047064,361.5439722941751,23.943568400747797,22.77607710843046,-0.13993310094992228,6.026365813745058,Struggling_SleepDeprived,Salud,Laptop,Cable,2023-II,65.83626447219928,119.62117096955626,13.674985571316425,1.1764745838029511,0.8419661089030709,0.38428430427850263,0.14432616915606059,5.326375342878863,1.6380077013992687,1517.1260664035726,89.10958143207097,112.377953222654,119.86787150679609,436.1505184828465,103.43482972750898,99.71973219707812,595.0637983482873,284.6755144591498,54.914572517990266,94.91861268462239,355.58396594436954,175.6376754859999,76.168886567761,77.5533658135679,565.2668486292233,133.70837123036284,92.17483494946848,68.99139335401753,146.42454039578496,192.87028567560435
54.58570277363452,47.9737397022643,3.733133075469361,2.019304817981284,0.9075858126225643,4.819381125298623,21.851197244687338,17.120306785892293,9.462880552098795,89.09746515969266,502.8431385384167,17.28964189279904,26.723698043447598,5.680756473852322,4.828078018149597,Struggling_SleepDeprived,Salud,Smartphone,Fibra,2024-I,83.8289105378277,112.90770395877215,20.93257023373746,0.5203697255471761,1.3931193532422217,0.5459369058675733,-0.20709316752259044,4.159901761080628,1.4582300200271168,1315.0053060140003,93.01311555435078,72.73497831642148,139.04987899650877,371.56240572206775,79.92193697822769,54.85034496138971,422.0086541208524,332.18798500429233,53.958260943893634,79.21650540043689,491.4700667358918,221.83159906020896,66.59362739372195,74.59916210030357,581.4011494537631,105.95012228687983,95.13500318435864,65.27805414564159,160.29330587047744,207.51108392647666
28.40461781761938,39.22898372381641,5.820131332574894,2.5139353092624974,1.0763284347942088,4.454449692780917,19.936437053571304,23.057777833404757,6.20469088623767,108.75144905730133,190.1478660222929,18.651107683544094,30.213550001201725,3.3201515802759776,6.569782825179091,Struggling_SleepDeprived,Salud,Desktop,Fibra,2023-II,84.92716145168765,124.16825137590752,36.815389006882945,0.8680515868947657,1.0853102181348362,-0.1788174150594538,0.36824003925616977,5.77581932618452,2.1807289857413448,1587.5948955022707,81.47900501052322,109.59461653269449,125.39654310799527,417.8834090322616,103.58718078940447,104.48302708517267,504.3991455122138,364.8049099910838,88.65626346526966,101.21929824563901,461.8834377432801,208.71876188611333,77.02785821004252,110.16021846628408,595.21781396744,145.93570427696167,89.9645788325682,78.45869874793732,146.077601850436,302.8959059732906
64.92699135277368,41.19609414229198,4.951481484285761,2.8381634578853827,0.8463080783819441,5.319949050541947,16.721129206765497,18.08077892502292,5.12737799079634,55.085462179587026,343.77047711932005,21.06772495301308,25.117294960398723,2.1821865093021287,2.839248854853622,Struggling_SleepDeprived,Educación,Desktop,Fibra,2025-I,75.102357084195,93.97058929812876,26.932449561939272,0.3477577671997541,0.3913468986677727,-0.09601116370601566,1.2455678539800592,5.845868463244127,2.1005377161952974,2400.662609720416,95.54027022945981,97.83095905738135,125.22565295739838,408.7466891484464,109.65835736680687,84.35493274996824,666.1282758336587,326.1288444535699,76.1303430928264,92.35531975136442,347.5709258085323,178.81981918380322,57.72357360410605,106.22563427891784,526.6110207787558,143.7226365158777,125.052664498203,80.20910921440026,180.42548118396994,275.62537936808
22.381208939779132,37.80461459292103,3.7412316878554073,2.303198727337175,0.8951289220374393,5.848848932620131,5.250359228462796,20.575010897528887,6.613825041101351,79.41591134190891,628.1596221095833,23.589030344018553,24.657413283300155,6.608459253857387,3.0949340625422543,Struggling_SleepDeprived,Salud,Laptop,Cable,2024-II,78.05123350055695,75.89936434230793,25.06337268697269,0.301747029364248,0.20376587100163523,0.3891057619059844,0.6958552244859336,4.729624797664875,1.566021514495463,1737.7117387081303,81.84423205167217,72.61646860314974,93.83392751965141,267.7796107762369,97.20262305052455,64.7703479014997,226.8699319634901,266.2497910161728,52.54507429676249,94.41108987635145,258.3273604949288,173.70695203047742,54.28808188273739,95.73271615067962,362.1824118686144,134.42019410213413,47.23571690921734,39.89679526946431,145.57889106813911,135.5068785421679
43.232075566151664,38.05529545354136,3.062277526775045,2.279979307962643,0.8745014096198,4.443698052047301,18.307346390295663,27.40192333362028,7.216778107409668,67.66275103049055,300.9588220261261,26.67592817828344,26.557673079087007,4.912356220044978,4.049234417997818,Struggling_SleepDeprived,Ingeniería,Smartphone,DSL,2025-I,76.51321856165585,96.90399952605739,22.713378244865815,0.1498830957652182,0.20499795180294145,1.3469399970784945,0.34700428211180484,4.887215449623266,2.031876936373719,2118.464675726952,68.87211535424389,58.431185921616915,72.90010129158657,306.32926878316295,98.42018548086601,75.56154037232845,355.6251864342463,281.080371773517,56.76577067564061,80.1606869234684,373.87166666898304,174.78892776821178,69.85989069890924,104.59934978693062,515.7576967420214,114.44111078085096,79.72130398796158,62.225188463850806,121.8014221544404,204.55243206183064
37.209042787207935,42.711302401946334,4.166026231573248,2.225963814362252,1.13535531616251,3.4096341462233446,32.00550792180982,15.345964090851655,8.866581177898844,93.08872854729123,546.5955025016359,26.106401022586052,21.926094303573695,5.608270573810426,4.785121016902376,Struggling_SleepDeprived,Empresariales,Laptop,Fibra,2024-I,69.77805906616909,105.56119730440908,30.208519002659447,1.1787273729125372,-0.21165607204216144,0.6159507978364948,0.40810887176442623,4.91418880727648,1.593347612360223,2839.175055127031,69.7404198153345,69.71401659318592,91.307780142589,374.18828046570945,109.87090559061578,85.10443548696585,728.9341227397342,393.28475113621,85.90411974257391,120.26718375114616,344.86019587961164,251.40887596533904,62.373009572371686,94.44900493686902,529.2820588345656,124.6540650399548,79.29848613541596,30.097933980046946,133.89070209551872,153.60208428899514
22.254659996878715,32.76022189021943,3.721731552005434,1.9630097298059859,0.9848625099535151,3.7891607568190904,17.089834134911353,18.620065834188967,6.674305394457531,46.13069394481434,397.7593961062008,24.191233630869526,20.958234089634797,6.104540818416158,4.756010337193034,Struggling_SleepDeprived,Humanidades,Laptop,Fibra,2025-I,85.01521647053379,117.82826101163332,24.143351042261884,1.0682433629017345,0.2546508623556061,0.5593382134724272,0.5507414234379576,5.55296221479642,1.3431707484642392,827.7783634966041,64.8775644045663,90.2219779020314,99.22813844435792,274.552632467509,118.68265397956021,101.50157403965342,578.6080229332025,350.4195684618535,67.05485065771023,85.0887813475754,292.0990317186605,184.6774476794784,70.14884099447276,72.58124913023819,546.1108398123544,115.95359606000781,93.76177030220987,58.87817695054057,186.66523442188463,231.0614012892356
22.06626932820246,38.27344210981993,0.6778232204406649,1.9993800416092564,0.9076785956152411,4.637709827125425,17.830005744063882,22.673296474772307,8.1734426141568,88.18422612525927,338.0850827258114,16.813526376064225,26.873592377684098,4.631904486240557,4.687715627109536,Struggling_SleepDeprived,Empresariales,Laptop,Fibra,2024-II,69.77523971612888,95.55992326677416,13.855482761784462,0.2599170781776155,0.5368568124179849,0.10849592892112038,1.0570165849946591,4.2753638576220485,1.558090829017152,1413.0656049789893,89.0089517408559,75.20054184749029,117.45526486061159,341.6003050102206,106.99449573805549,85.37498234539652,410.1532062055796,261.99899618626114,67.42034178171848,56.63218811637938,339.10969422348757,161.71620439309044,28.610960617898172,62.918134988244915,429.3743719960103,140.5267708701229,69.44001527673356,43.47359252435908,109.98432068484053,186.10923670859705
38.61706585687025,34.29621664047685,4.7377303893923575,1.8568528101043684,0.9226996277083553,4.26266267790844,19.09963362998211,26.481024249015192,8.60287677210552,75.50812678464287,367.8301823392182,15.9377171348561,24.324780718562536,5.021150901948118,3.6099077287672543,Struggling_SleepDeprived,Empresariales,Laptop,Fibra,2024-I,75.33844485874664,137.93571631557182,24.256991223256104,0.8176876983013888,0.35752825065923843,0.7922759177557236,1.3673978492864272,4.351624656505676,1.4897261084796587,1975.0076021471073,95.29794954899818,99.68345214674093,113.14919601883142,428.8579351176741,67.62574750755255,67.66277885132182,510.4463956835386,265.93758571417834,72.21419665594527,116.75812804605457,428.33497454938373,225.981806248639,80.64787685439038,106.14565458597397,621.2339453066891,157.5088862852056,72.78401734655378,45.761351423431385,161.7369182216087,175.22964278915768
37.07386364599213,53.28370241533842,4.877951480036133,2.1236689614625535,0.9875442364188287,4.027545689896333,19.194812392526597,24.522097865287368,6.848313029908142,95.94066717002966,82.43478517819344,21.813628111098428,28.24955157387485,4.384501732750007,4.006192342925914,Struggling_SleepDeprived,Ingeniería,Laptop,Cable,2024-I,72.86434704258637,115.86284315252506,13.909851737746777,0.46943286809092183,2.1681378111736764,0.08054089785594815,0.9357877185165349,4.029723815252149,1.3400901419739082,1816.1248181035812,88.21670459174923,87.1160448974589,102.1089180706044,284.2349233519469,88.7371421859898,60.23416838894274,463.4591587143852,229.8544060357279,68.52818524459774,95.87669932947779,403.5087190710768,155.5678334269586,74.15974094114391,68.33386695894063,539.9719130496591,127.67715507092649,91.69579169158702,40.21659746076231,84.48460704472019,159.03108832548278
60.114284931383196,38.89488430015567,4.30262837898897,2.8847450736221107,1.376785394734814,4.2888902233628645,15.426189877963349,30.96444070509385,7.269346465946728,98.84473610807929,210.05767748975865,21.966720876984386,31.627709735832713,3.3393803286820876,4.430419237715334,Struggling_SleepDeprived,Ingeniería,Tablet,Cable,2024-II,62.844061100081134,136.17933929507524,10.598829737928092,0.397364584038556,-0.017875423089304565,1.0252614700522358,1.9136076304436793,4.719542371386698,2.196266037194349,2237.1614758046862,94.34138725455102,119.50027756537018,104.87794159413099,385.10480543793307,107.02586925801651,78.87079109169802,459.027925121479,376.72129741363216,66.27890978375633,99.60495443160714,360.6372447340449,189.30077343078682,44.71266623791561,76.30072559921896,363.92500776468006,68.7885668230696,76.66637922042483,58.45908186079037,130.3792020810638,230.72864545367224
66.89876563516103,35.989300496737975,4.698541400893387,2.2334312165505974,1.8546989362959503,4.758762649218505,9.00334176190343,22.966154184503615,4.950854450576482,66.47250171620979,349.0070067103303,16.464607729687984,27.533366461538733,-0.3842696494707838,3.441583514368118,Struggling_SleepDeprived,Ingeniería,Laptop,Cable,2025-I,60.718189035652514,131.13093644896824,21.0050712500078,1.0162562117713205,-0.3488208771761876,0.08522786994644958,2.579102158924004,5.376909346673503,1.028439578109987,1476.4783867042643,74.27274687914151,99.70422782478697,123.56107386350205,390.4586078709981,106.05027869279334,71.56154782943685,477.86464178213987,231.30164768581326,40.12533987864185,91.21357987870863,302.584398484287,166.39520483702884,54.43039671006379,97.39236307812654,466.9612787752592,119.5246924736512,75.36198209387098,34.816436690410576,98.52069110047537,161.77291930488454
46.10597531695059,40.089801297682584,4.752073951208905,1.8763157399133763,1.749219367145805,3.411688472396361,20.941351370578523,28.444749881764835,7.722286324215794,53.31613840903148,477.22488430458696,18.96278424860624,38.939810285842015,6.118415437035379,3.0353478570288535,Struggling_SleepDeprived,Salud,Tablet,Fibra,2024-I,72.59055013743954,134.74869475990087,13.257674600294818,1.1848459597333256,0.06264172792269591,-0.16530336947081536,2.1505287139360347,5.451136533313273,1.5189816632590676,1794.8962003677923,91.61195524632797,87.51988801011859,137.51043855218188,435.87105525925784,108.21370361368983,78.59359363984827,606.0402057056689,298.9482749348652,71.73480132234359,107.61927570051007,396.28173237034304,200.4274836769504,83.76278343838779,86.38535903702744,524.3399241155616,111.28587661114483,76.27342525768672,44.31848977356847,137.51334850231797,168.86633968084624
7.116540499522625,50.092273495851344,4.285427916389506,2.462591368711682,1.160730427652089,3.7860504032751443,9.81572302914517,17.71919138297133,7.435275959688388,82.97453528226472,460.94805838971314,17.041496095328835,25.78854670889611,2.3023226353740465,5.407191660662177,Struggling_SleepDeprived,Humanidades,Laptop,Móvil,2023-II,61.160300822174136,92.18185861673172,16.93595324270124,0.6506680919553807,0.2071590660180992,-0.25409239951939433,1.6623358252209415,5.500511216662021,1.217871730601771,1285.1418829180984,95.21257127338964,101.25258548096424,126.99068044790275,347.0675525549894,99.03971949193506,81.30313965842133,512.2907607334225,316.0492789325814,75.10033337789842,98.56215832015937,408.2982548007183,226.04553292101673,55.354802059410176,93.09361608107457,547.8459023683433,129.56684594587682,119.2546533002668,53.650698881972225,174.27908404545207,203.44943379127497
76.94758867280666,29.964733641767264,4.847947837202647,2.027237536571038,0.8351307426587938,4.271642484825904,19.391542362239015,28.530423907591103,6.830894306989698,35.9427827348352,259.5736545037668,15.139617760112078,31.677042809553903,6.338944497125115,4.574402093608228,Struggling_SleepDeprived,Empresariales,Laptop,Fibra,2024-II,66.40048117818158,104.45941438722292,14.826410175647577,0.41674262345588153,0.8194125063677312,0.17792302410190824,0.7428793769782688,4.253230573501203,1.8562362361993074,2260.055221357621,96.81509278622111,106.95951909321288,144.36824258712673,426.0865891171385,122.86649152337998,94.57110153663538,569.4044646742886,316.89644599486724,61.58895660654371,105.29318507635314,354.62526606948217,221.82312172824865,67.86488650983505,88.53604539208095,507.9625177204266,115.91485950411868,100.1005876210678,52.067520888003635,139.1317395668609,192.21971598860765
42.541539137038,39.46475628355756,4.722831912017869,1.9864786262834178,1.2389743842755243,3.467191761194246,13.836945263338576,29.52460467995294,8.264647037697374,40.11636309910463,384.2482580352639,18.25445234122938,26.480872620975475,-3.453404608933011,3.1692339818667614,Struggling_SleepDeprived,Ingeniería,Laptop,DSL,2025-I,84.66191577339771,112.66377800772113,15.459037337746137,0.27696210401804977,1.5744392102391789,0.0842662782529723,0.6506289809930911,3.776483587159324,1.8899397681713923,1718.5218152929071,80.90372660966091,47.28003250199084,115.36922653308497,272.62099646536063,93.34963726958352,70.45061436660659,588.7659042624455,258.76001636238635,65.10998735989409,68.1045616376681,338.0349028174902,225.24607299993036,64.33079240710755,92.97196603949709,615.2589022198249,133.0823465135377,64.01499581163795,53.643508589921844,146.9307318660071,202.163685978038
21.549267672869828,39.55585052275925,3.9142705869431054,2.2486274272348155,1.0795581349954648,5.4868556097133245,13.976050926428005,22.480981743093352,6.859439025555398,44.28834448683775,447.54753155580954,16.29327338087259,39.17973265161174,4.0220874669085145,5.693592552459191,Struggling_SleepDeprived,Ingeniería,Smartphone,Fibra,2024-II,76.88026007945314,67.15051263056898,31.495579531932478,0.06476568703157787,1.2948895109369938,1.0097567616654615,-0.18619985248622384,4.649719516797503,2.0411959750209867,2448.823611121061,82.69830373874188,86.36117816056495,99.06739678480545,261.1531582686846,77.86905155033179,75.15119863417783,305.37456054542554,273.65661281692473,63.57342842693605,75.25019393813056,329.4750326602642,173.63856786277543,60.87805141895245,93.32305586957922,401.3671838929606,115.25043251847873,102.63335829168507,53.86158928119531,181.00331445247153,136.81507592222795
73.4509485402317,34.92524942767936,3.824666075337675,2.7443333749787056,0.8996181887626389,5.587790904096919,13.872378241538742,24.664704866254766,7.006753575010282,82.91496545815619,491.4458479582374,24.922041350210634,36.65110552816086,6.895340447388546,4.473759865106126,Struggling_SleepDeprived,Salud,Smartphone,Móvil,2024-I,82.8297325326198,133.99624898537328,13.135782088375382,0.40121025243064135,1.535260132877903,0.2802408491546769,0.7960549231865244,6.088874459477163,1.2737341388589205,2456.414523684812,66.77515408967339,111.43364166215122,114.12452286804572,348.96808843261056,107.85422498242801,97.21109297662554,544.0783163674585,312.88781666841305,67.15873542834794,74.52897431206442,444.82138435536336,114.77363009498407,77.61693468318887,104.42323854044193,593.5458857005847,124.81143392637007,92.44096643303882,57.143563390801404,181.84061548872964,218.03161778080937
43.69655722408608,51.013591857882105,3.0801092480702783,2.506162946609125,0.6673182503361004,5.114772205778321,18.203152295518425,23.42902777613387,4.849464238708139,51.68904018832336,387.26453049397924,14.839836675601191,26.88528418979389,0.8505713803317363,3.46836708684953,Struggling_SleepDeprived,Empresariales,Smartphone,Cable,2024-I,57.64659019001837,96.97174583672643,15.47597474523336,0.6995464702703968,0.9046562153922266,0.7382175930051469,1.2335215098655739,5.515308689679837,1.3383179871484236,1023.2598889800447,95.07392146127383,120.01987202924278,135.1606901837937,404.1661502214002,115.33304519832788,92.29584655731036,594.4963175760734,363.4408899640676,54.70018719318873,99.96515742977553,350.3007516770461,250.60884941579425,64.3183351734512,119.02513798517964,452.7864873808246,127.96652791173237,91.26568645430561,48.50385114154745,113.2136979259165,219.2194883844204
29.63854600076781,35.154885299965926,4.717500434062702,2.23731088773962,1.0262585235647592,5.233200645758119,16.96744943021803,19.3371388669466,8.37692496067734,-13.368336449438939,368.66023500770086,14.575176669829588,25.987404218236442,5.842014115645737,2.7047213414451923,Struggling_SleepDeprived,Salud,Desktop,Fibra,2024-I,75.06657067516966,70.92659672434736,8.82021371436959,0.3145811023047057,1.0243971279098427,0.7505573537568129,0.5825656493020884,5.705995050657855,1.1029246516207498,2545.920398320769,65.86449952573186,103.0472680010948,123.70702656022966,313.6358693549794,81.41014514410197,69.17177402656817,330.154474045524,281.93208695942013,59.689499130926194,117.53179584933304,402.79436903070894,241.29053063451792,61.99780851454726,75.7976035138113,458.16906051917726,104.92564261219405,88.79030001804827,43.89741985469738,136.47763559999615,169.05248469218085
22.950862834333122,45.41077803634339,2.17884070327315,2.1086247397380773,0.97918732989528,5.39780357212455,20.22582029638868,28.82374423491593,8.265999531001572,51.2707078035387,288.4342390819464,18.961905540218535,34.62604563500921,2.8351175710780616,3.645975467114826,Struggling_SleepDeprived,Salud,Tablet,DSL,2025-I,84.68590915331612,104.5332437760275,19.93599787714693,0.7857963331130111,0.7600490985419588,0.6360594647046142,0.9058743605421198,5.436081546448351,1.2377604971656848,2211.374655699338,90.70093194056818,80.48739036160364,97.65921269723027,330.68925257043986,77.84540645313207,59.99036013003377,373.3261514235658,222.99596099061546,71.56215033623499,130.0150585497534,399.50564147141284,262.5633572539056,62.70612526929071,121.08627765713595,421.9364905458186,104.34086946734267,114.61713147848585,56.11449408762084,152.16285928330032,202.2096649585258
46.890037980736295,38.60713724556257,3.4813001530877563,2.351750787727552,0.8097388287444125,6.443089345882923,13.29624761446852,19.741001038757968,5.60594719175684,17.061332695130133,437.8406289920858,23.277872456292137,26.271583095688005,7.866639993662867,4.79804035335,Struggling_SleepDeprived,Empresariales,Desktop,Cable,2024-II,61.20109329616585,83.74482821777168,26.185521605080105,1.2897699291315976,-0.09351292359273594,-0.03255892393689158,0.8017602186722773,4.586636958472853,2.05569240426654,1634.6907730037267,75.11995173670826,94.36802977253622,84.71534983320242,355.01449833306555,101.11459138723835,85.01980629743048,624.4999317178205,235.42328652640515,62.874345116209625,100.26789385087868,350.816704867443,199.13810742351384,55.11763068335564,123.46926217170461,574.4474388308323,160.11457211740264,94.85367103618249,46.08099218882707,127.44105268105604,211.22927343110587
28.879906086354957,44.76377212069212,2.273400020513167,2.3198360851359316,0.8075215785841438,4.262945347665577,12.432159555589147,23.090780320842825,7.376406414793374,60.54304380261694,215.47887574860167,22.76369172607277,24.068654141302922,-1.1321495958962544,4.2587978170570135,Struggling_SleepDeprived,Ingeniería,Desktop,Fibra,2024-II,83.39582996519414,96.34117707772401,21.998906745507867,0.3801353335743152,0.43340317391307703,0.31486576972394265,-0.03217465934346031,5.510399163916797,1.1695894130536273,2170.8151025940833,75.38377729246797,66.85010588913644,124.3595641651589,317.18114135718014,83.04509037805597,72.37951800996798,458.2526333443489,272.979821132748,43.00899108385399,98.8990178947424,233.91660031829298,210.9202855560856,58.420525234662676,85.95416568723184,517.8022281759652,107.16296955249437,91.59310761349252,45.34504170660687,130.1177306936879,200.8442829836773
36.714430185975075,39.30469421465524,4.594444892996573,2.1226020448429574,1.136139553552485,4.085903438487428,21.00031817818204,16.379749959445277,6.303133604592852,41.98894872769403,342.0247549439704,22.34803149116833,33.45414130205271,3.140578580065867,6.022297767521993,Struggling_SleepDeprived,Ingeniería,Laptop,Fibra,2024-I,79.92524537426694,89.57785073178103,9.65245606476671,0.5289771453746155,1.4933586628598365,0.16692373648027015,0.3519832497477798,4.208123928917508,1.7297556781910268,1454.6072801963767,75.50543901126277,70.83880689498872,103.60641408489366,282.0027264696944,85.65713400049938,50.26817950494282,433.1523020417643,300.8432712315819,70.37749821968437,120.72183494527377,269.6712428717641,210.9916165578299,64.4133115901944,69.10057037304252,586.6849439085645,128.40417451989546,102.01201642143775,56.213373105825205,143.71061486857667,200.5850676799362
37.89211035003706,35.01687134146979,3.2717102826333484,2.2407948979091064,0.6507712828222869,2.6843451401579523,18.20839077642513,22.822406346439035,6.913713077843412,89.48720659874247,199.22950568364928,14.022973030819228,21.511555552715564,0.5929122697414502,5.481851147060332,Struggling_SleepDeprived,Ingeniería,Laptop,Cable,2025-I,60.37324965080688,132.24946067038107,25.650018587571964,0.481528267758895,-0.19995476487611485,0.5709523729159682,1.0660969426379028,5.315286697999034,1.7846482882202208,2455.5862132955253,89.41725660465474,72.06771715132439,120.39625597695516,246.7276106970648,87.11314935926849,51.25008766618582,648.9717326057494,361.90235300627023,52.6564757161522,124.41348511293293,363.96918725919875,193.037814638048,55.35656786553,74.60751647704217,596.1156325302468,126.8984205411161,62.58058208163917,49.813198544302864,105.18747117568572,196.53336530999863
35.927344875458964,51.75917258278321,4.266281503938663,2.114300512144436,1.040889996084019,3.7481675911005343,18.845081211717407,22.384267241109598,7.315258120636736,78.04876019091292,261.33543359530466,13.011391046640464,23.272688326843397,4.831182841474371,6.1210422670520535,Struggling_SleepDeprived,Ingeniería,Laptop,Cable,2024-II,73.65884647537143,88.85457660357463,11.635528996852166,0.23044546201220187,0.9591854572032942,1.6673963797230213,0.8842630624123774,5.31158217642732,1.3171170226632725,1785.9379492974133,54.55288258909829,55.30000127404764,66.8125845611814,325.94431976702117,90.45960165171489,57.80137668697836,432.7175430566361,248.65949084876587,56.22372201229143,90.13668853648299,413.9660353733217,150.71044837453968,62.45536033418641,58.58632596703307,481.011646817517,105.26870120322543,107.92205141958806,59.27273980041417,120.55243542273462,173.19266024901276
53.165642226216264,40.71611648761734,3.7232804436160007,2.574010733076003,0.954664365374965,5.93047111651715,24.102720743451936,21.73380110111734,7.66867521070256,104.39077200400553,317.1435097008795,18.253845328193666,17.93333479682317,2.062997545058726,6.042786120681914,Struggling_SleepDeprived,Ingeniería,Laptop,Cable,2025-I,73.43709344904097,139.647173780413,11.883504052042232,0.35134740897794664,0.054470310545201156,-0.1650777016850954,1.2009545313356635,4.11928941561951,2.4300886243890583,2210.5295087173404,102.3527743822571,99.43005062567912,140.79917120045994,408.2883981039365,95.18514762776888,82.97990404140732,539.093245414836,304.6472281563392,64.95844787690672,97.60178280509831,476.6677713386556,217.69684411387567,85.09033716355896,111.80483858685967,593.7503457800725,111.23231920436183,88.81708092070602,57.847545454686546,123.7673094558165,212.9901991001437
68.42034274387558,33.113484120632315,6.1418696036983915,2.2942051307003686,1.0723184189718529,4.177677075862862,17.47726120820749,22.099557560739456,5.750899400927834,81.11862306943405,352.13540060969325,12.724419709649986,17.547054732908155,5.190523875420299,3.7536194709443653,Struggling_SleepDeprived,Salud,Laptop,Cable,2024-II,57.475827240614905,121.27659906924733,12.698238062428224,0.5865825445160826,1.1338518511867228,0.9269392832150818,1.7405173140569326,4.987786673042127,1.528236251152431,1403.7710557673397,92.95947063429878,86.72568101200854,93.47695559507447,390.3727413013664,78.17689827368676,91.68633070211159,650.4193159438606,305.792025661632,50.66309724372351,107.73621828812497,360.81844580648175,181.0905118621209,65.18161968104474,99.202807588819,450.88647901802943,112.30298482549888,102.6602464288986,58.58722212777689,148.97528216277055,220.8228007596763
27.764227261155714,40.70443379524468,5.427678464031094,2.8931331079811256,0.9362980083760027,4.557105850398954,14.92041123950158,13.461643869522344,7.469590418362457,79.94401176127532,246.4733594937531,15.486425718121419,27.249509422010902,9.163572986325729,4.529869845644249,Struggling_SleepDeprived,Educación,Laptop,Cable,2024-II,55.15086084139119,106.08490919754212,23.05531708713444,0.9153853699821181,0.7075363009435554,-0.1653664557610129,1.653962326745639,5.825646192125169,2.0543291248029707,1894.4198352386875,105.69885658113057,100.1441408486237,95.11582155416164,409.66136966172843,116.5942326472718,97.1152331915132,689.5058200675808,387.21420834331184,71.3055310480658,119.71497479667244,403.9489573367354,188.63830271020026,85.81516875968197,124.93969628100494,633.336469045293,151.81678129131757,118.68834290691788,68.19583391834954,191.8609571588753,295.5632954394473
39.964042002406345,36.83906300368209,2.275651554952698,2.266833737819267,1.0372795940673012,3.5191819781543248,9.6771449116148,20.823341367528755,4.848857275379972,40.904108711024264,381.3289143146704,21.551355215323717,23.760890955845547,1.2812183695247237,3.016515414813512,Struggling_SleepDeprived,Empresariales,Laptop,DSL,2024-II,72.06712151572916,115.0896711514917,33.530990499793205,0.5313838361490366,0.005641236907135527,0.13369811533023168,1.1117324909792605,5.422817116774131,1.3107284547554119,2220.5423553379205,57.47132216839036,80.01367965786568,106.00703473821252,317.64757364438196,88.25454077714957,57.683643060400875,485.27527215472,265.4389860864759,63.169132019414604,127.58257339378025,332.34442871226497,209.03560261932557,77.27080291204943,96.2890861908903,534.5963343389765,127.93161131021245,100.69152799817171,59.956621281270245,117.51320934538191,195.374931785925
28.208132246917515,37.860029971256154,3.4426444071174642,1.9221164477562422,0.8592239130066843,4.46781588117762,17.46445838367828,23.050146777796634,7.668808559815586,58.8475998866938,377.9645444867074,15.603109739318796,32.823057831364636,4.105625770637098,4.039159602882358,Struggling_SleepDeprived,Empresariales,Laptop,Cable,2024-I,95.55976505732907,105.18656951819358,27.03059805511241,0.7135897224351817,0.5315709956016054,0.9156249006844746,-0.42765670519646637,3.814730944368874,1.5137869748922144,1915.7066809218377,76.89863429048671,50.25612267272503,121.59515715240062,260.50256889235067,57.509515140067606,62.236061589688546,482.56191706478194,191.17911832828167,42.86998705456881,66.77729920093971,318.34922433418416,159.3974126235064,63.33634368146052,88.66746974629247,456.87775541197914,103.90201955223435,67.21216130216638,48.60230044575441,124.80491678109045,175.52821703012793
53.36705715661161,31.11889427073872,3.604197573083118,2.4239772344783477,0.9784209485059921,4.9377373972488225,15.09601132732366,24.546681601867853,7.30732131104859,25.207758545688932,335.9355115076248,25.84918321135138,27.800432597474497,5.189485421597582,4.296517317984195,Struggling_SleepDeprived,Educación,Smartphone,Fibra,2025-I,69.71161418073724,131.04102137488098,27.810278879164702,0.7818409434898097,0.24130685101686195,0.8237248451778997,0.08468192920354038,4.564600281812215,1.5087332443164496,2054.7513724142414,72.68366110312411,97.2294965792239,111.2483759128818,340.4537981387274,74.8378352860286,82.67929095344743,425.0420898175914,295.9849021172267,66.68439381311188,89.68355768521059,416.3003288767161,226.67056711053067,59.342970935945836,116.72015345986443,641.5069079594201,152.89134532588847,84.36820554368374,63.33803212233859,133.3324334453534,195.7681075580208
27.476535993816732,36.73241364132125,2.0032439601303382,2.3403557457917703,1.0709313442177537,3.95107081501137,17.35073043929064,16.372617202574986,8.928510575493485,70.48838734218916,426.37704800442356,25.827763495657763,23.07124323521741,5.581406674367372,5.500381383867934,Struggling_SleepDeprived,Salud,Laptop,Móvil,2023-II,82.07005320151382,114.25854786840705,28.764377746176216,0.2632990074676737,0.9672804931219338,0.5514620137136832,0.45758199199400446,5.424910725554811,1.875807903073327,1353.4684285112087,77.83401208776257,89.9078568169204,115.02367159700266,364.6986370639888,79.07951804344899,70.21476916678118,372.0439695953559,264.18431584043833,66.99260497508409,101.34225453581271,394.24074879601466,192.72146721444165,73.14375526536391,108.83590048612064,541.9716393361788,133.11049675029193,87.15217673796286,33.05922933298545,140.05133267332826,185.27596922402972
21.861474093700764,40.65581387413581,1.3819092523738834,2.7010856609916107,1.091171513500787,4.488920551874962,13.14018285108823,22.284900359537577,9.977081715779782,61.09079764877155,508.8866744196321,16.454706569708264,23.03794867162746,7.965315162106123,2.754744241083338,Struggling_SleepDeprived,Humanidades,Laptop,Fibra,2024-II,63.048369595453636,87.97933803660094,24.503562612085858,0.12920956459174673,-0.03814342681373367,0.39432486099272,1.4747016912478625,5.927466940173283,1.5691023825849737,1925.077467030026,77.34259777953804,68.86392549905915,126.88822997677644,309.8180062020277,71.89956150360646,56.39863535066494,487.63093986490753,292.40700932612856,54.463338878538565,79.58468934036459,251.17159693408422,214.5418590819614,66.41047749699959,105.02433515536211,532.6382430527352,143.75295803480606,96.37533334365045,56.2672557174565,134.63833870715763,194.90132857381556
25.613287530123724,43.17237741706519,4.79074903943108,2.1680008088458047,1.052236905976389,5.573135100721528,21.919877253079388,16.63625387817836,7.008882941842624,118.76813295015289,406.6648326529155,15.158403357547998,23.92897521688298,4.963601601291414,6.457851968386423,Struggling_SleepDeprived,Salud,Smartphone,Fibra,2025-I,76.26296731671034,112.73501620438157,29.609680161678167,0.3931368678300686,1.8586970606994417,0.7991052365657869,0.10545224134762626,5.036726350381978,1.5730052993993,1363.6082116329387,95.95028380207678,106.55745801244242,130.06570350351575,472.4621715787281,116.18501567212479,65.00337344657927,638.5395250594881,267.2776186237403,82.16119344440568,132.31147572845705,411.57242367260915,310.9253798455402,98.5720951786693,110.59337651139859,491.69939821233436,175.11577191049642,92.72029280970486,58.60283706055122,169.5381948573111,225.3904645111688
49.82000193814806,30.129321233904523,4.221391682870473,1.8609886769211874,0.8274046145368785,4.799429283117033,10.403055792916458,16.42105869302789,7.0108583685853505,69.33919647847705,350.1808837250333,12.087250981648495,28.835464132272996,3.399678939580145,2.1758664260660705,Struggling_SleepDeprived,Salud,Laptop,Cable,2024-I,86.08662011005747,136.0293666028319,2.3729133568310905,0.8040258238282262,0.4715653027127704,0.3564810398564413,0.47586877717888254,4.929653606100174,1.115428074105305,1760.1650014514203,81.91393747429511,59.58818022441552,97.31184723337648,294.47348370707533,84.84947550483547,82.56608818953404,466.7138407142026,351.02224740103054,53.590851794615034,127.21213697258196,313.11857898305766,219.4033339562433,49.78583464993539,87.48945667971799,440.9181851788875,96.43078084646119,79.3113502701848,35.183048175485624,134.9552415676235,189.49094460576458
52.82442630031695,32.83585864393248,4.527163192072499,2.3125255844411323,1.27712464221224,3.962464055076719,19.44797296477487,25.209233992472136,7.975979370091394,102.04399931563977,538.4444280492082,14.706449851754732,27.620550816646038,7.204303905422087,2.973362735257383,Struggling_SleepDeprived,Salud,Laptop,Fibra,2024-II,77.89236285974161,96.29273089630837,19.281192815603184,0.8613725151142818,0.14729431840314502,0.7064341657199067,2.437307088779302,6.378130370199166,1.0576786640781424,1510.6234372766087,77.71184760054396,93.74391998906106,136.95980220530782,330.8044705258742,80.75311597563407,60.47746027034603,534.1234513487029,300.4228279225587,56.764148581935146,98.84129779071988,297.00030696775815,234.6995360168332,71.02313955883312,98.25344366975332,724.3973845461717,138.61651351049466,63.14882028324687,45.30744915349165,111.65760971008183,188.9063912193271
53.491476054353974,49.67943374111083,4.405082097737528,2.017092652652697,0.8883430393087458,4.253161408452479,17.22781139801162,25.788224008791307,8.952947606167745,66.21316060442105,305.29033502733313,23.921612530434665,23.184727851727878,6.21069652657421,3.9255468303382415,Struggling_SleepDeprived,Ingeniería,Laptop,Fibra,2024-II,72.55374173513114,101.87011128472294,28.865163444273456,0.11923544697188238,0.6965195406375169,2.0773818442888303,1.0417363398534787,5.127934103674069,1.2980832536102485,1668.1622930018805,87.73953166065851,97.98153766132793,119.34817417932074,331.08005180282527,102.73678800146449,95.02565108531934,476.5249117963375,304.483651176617,69.12468969362506,109.53643415491267,363.0787655885247,240.85373932689305,74.82054088876862,111.03676562698976,684.458155616831,168.1317666290412,76.37509762742116,38.92767328267096,133.35771661576874,221.59811686289396
68.528014150402,47.92691984945113,5.922498931518533,2.189409810495882,0.9393597407395972,3.982619530775823,14.849649811824124,24.131236559008244,6.632277624103064,93.26830176805431,404.38312534509333,19.15090224811221,26.709095605768272,2.747543266137097,5.796908301740609,Struggling_SleepDeprived,Humanidades,Laptop,Fibra,2024-II,71.22445386010385,86.92881250211687,23.027000270766337,0.9597910040754818,1.4797258439554288,0.18833475120494106,0.9804398741850049,4.609196853196496,1.7910177400802714,846.360450765981,91.57628192402021,101.54784122938908,115.73909868897462,386.62095364205055,102.72177927263952,90.08614135396607,532.9584631178449,351.4090174758798,59.25870433952548,90.48118438452312,369.47256864115735,173.53621871797304,74.25032416760556,107.14078626825433,550.4855135857385,176.73898627526185,95.19583544593276,68.27210926244385,173.89484929188552,234.03296361082477
45.772985323832685,46.3544033791387,2.507647667468527,2.3053561316494546,1.220363575800054,2.948971145590128,12.65479258844705,27.88940659995807,5.590021095377874,52.780094352000056,8.233336701460772,22.37561294620663,42.423840327427065,2.194876894258546,4.118834095439591,Struggling_SleepDeprived,Ingeniería,Laptop,Cable,2025-I,86.24688552309672,78.1436595565714,8.1591433136289,0.6736041005126159,1.668761227326748,0.7650364134500025,-0.4451892577904545,5.022545123302841,1.5693271229766617,1798.8661692666456,55.72341371480292,75.69964384024418,101.18748218271593,305.4639341255939,47.59964069687156,50.264339711646734,491.1067557540397,251.59819043345172,50.75007023096811,111.76398673803305,275.72140357543464,171.94517978275377,61.8014366743012,90.12521436037585,640.0365296175548,113.09234776638675,74.39872429031799,39.820150775204084,126.90503940795062,159.85388970308168
56.622833516458904,51.3506532414854,3.470852970175459,2.213720344222403,0.9260080971543867,6.089282704858971,11.099956961894224,21.351815277440693,8.49883257875547,106.45877888279858,517.6452350360437,12.84068711981535,26.734980176721177,5.96882168251587,4.26150419063048,Struggling_SleepDeprived,Salud,Laptop,Móvil,2024-II,81.4340882210392,72.41512208542345,11.39437596819337,0.7479536894129086,0.36581364646289705,0.43228035754908734,0.8604680097051854,4.692042019344584,1.4775747745405754,1731.0595497829559,77.76086379096282,86.93954850126981,108.66172076940732,292.86205235430737,79.13782016140934,73.77774743528953,460.4846066914201,252.6702014378648,49.19666031407856,85.1398446246577,417.7245613500242,143.11789730115802,56.55718808447669,73.57584067758434,475.53387220954426,122.04539808054527,99.74010109299749,52.67841103637478,149.15872284121917,213.78510955847625
33.64024292429328,46.92295499245914,5.084534404319602,2.623515790090594,0.7903450068475915,5.169237534813675,20.623317962402616,18.422495894770616,6.267202550286779,44.213028653557046,185.74667603899704,20.059054125310976,28.18880000423933,1.5312424511289626,5.5544702037791325,Struggling_SleepDeprived,Salud,Laptop,Cable,2024-II,74.62059300593114,71.11441611578906,16.225161124344698,0.28174518855650016,0.14991048099138593,0.5346703547584788,1.7075010010238318,5.946426079051465,1.255776188870812,983.5054516825487,101.10666581848476,110.44286066149586,123.29102763278196,332.4211324866386,102.1420705311291,90.86273938514303,524.6003448082839,308.85987608581036,65.62377073668266,105.62560242834718,358.7076141185265,226.33474132029608,70.7526241224586,91.57155868279754,564.6511861969215,154.60566816012255,113.90635741892834,70.56819875111982,138.52038576406838,245.5152911821145
55.50830700939506,50.26199452800478,3.6522074778400446,2.02371800736522,1.0799646249880974,4.933457505772462,13.818293408014762,23.479748006493576,5.300930410229039,52.01379942861028,329.4695939928899,13.333515869444511,23.267888833876768,1.5766897873630321,4.139108161760085,Struggling_SleepDeprived,Ingeniería,Smartphone,Cable,2024-I,63.963968657850025,95.73555349023094,10.360991022376343,0.11536649964680412,0.8480564068041863,1.0566943050475492,1.0685171450399173,4.827647961849699,1.5282082683172205,1977.9323302363441,81.61204562279649,83.38849726414024,103.17269593010232,322.43589844099995,70.42798340201347,76.54753276510165,330.7631799330044,314.14194725157375,59.19689498634031,111.28158372510545,345.76667143959685,186.40752955382942,73.75440589254062,101.19903106804212,519.1495134740345,150.7380327806527,65.41347568668296,50.057621589996685,115.26596449992127,178.40186134682745
70.0511479788836,35.876373604957905,4.156588124323346,2.460951638428886,1.2183116621013779,3.7267251248009416,29.074239965778368,20.364488720502138,6.064399503978884,127.24966286634816,266.93379485706583,18.4098766346684,39.049305070160116,-0.7410127621084674,5.797361917104717,Struggling_SleepDeprived,Ingeniería,Desktop,Fibra,2024-I,94.44580009415627,77.99853155582869,19.42559336861592,0.7337960367758836,0.757783407900076,0.26669813773274387,0.11099776966449126,4.9654288678910525,1.3057352485828848,2240.2993092597435,100.76010066352612,109.20531348512849,126.7084093366023,462.7080941369085,127.32690231211583,97.87491275586933,620.3908554001194,402.13546490940666,70.63741139581673,128.99967063709272,453.5603609103488,278.2327591764662,79.43274250196032,106.03625447456986,632.6522423281071,170.39646165614954,135.9954522609817,65.50198553152946,144.8284188842383,260.44224718444076
51.49193164932082,37.86712465648227,3.8710302542667394,2.0670920242179234,1.7909160072901824,3.3472668785445823,10.393134628755046,20.501326489729497,8.34089484283576,81.0374387197351,562.6918293453998,21.38960322998583,29.494422871312256,3.765565909488063,2.8058535378776015,Struggling_SleepDeprived,Ingeniería,Desktop,Fibra,2024-I,75.0860604302079,88.04386073566198,18.984102670626896,0.3606804069222426,0.5012537325649178,0.3665162209582944,2.7766982966861975,4.839806505033868,1.746003071125525,1971.4530117265106,74.84154504003462,60.51697684156378,96.76455483568405,286.65226128716625,89.77082123463829,82.75340125592888,445.6264804109834,363.95419845918013,64.28585027974216,91.43874647296299,258.8403108995294,196.39972617859806,69.99405694016446,99.62474040354248,342.7537279955237,153.63135352468632,109.41456052840074,62.26570797199307,171.98727530492425,209.23777103617846
46.80241788541138,29.21141303340006,3.2352719752969907,2.3928202401317487,2.0880890709009305,4.74421075657698,11.873110925758816,17.26726657726876,6.738725739007842,73.22980434710354,313.27714671858485,12.929902733965804,31.081462388885196,-0.15840290112929556,4.356726676865622,Struggling_SleepDeprived,Salud,Laptop,Fibra,2024-II,63.564588665214416,99.62121263597291,19.969736635138826,0.39059616662872687,0.40988794534610373,0.25409949982725644,2.9650353216149092,4.176814153467451,1.8436250671192413,2226.1643750742433,54.18832361432372,84.25101842733835,111.00825055964683,409.12666467172824,97.66098262253655,91.06086468076904,601.2325295991719,340.663099455026,74.00556000155967,68.11988588749793,381.1075633052875,200.90457382515925,81.38401296936053,114.43442640362346,644.9056381107483,155.9067732708111,70.5797405824136,57.45310759606926,118.73598034932651,168.916461106845
73.5838055774681,38.87224651311916,4.591609581316594,2.385954216499559,1.0582296283267867,5.0058896518452345,18.378408383284857,21.939915370648045,8.311405036119703,133.7837001238512,224.77835394726557,15.735336115673846,24.974886759241038,2.36876287235915,5.874190153506685,Struggling_SleepDeprived,Humanidades,Laptop,Fibra,2023-II,53.85922185765222,96.0486304934612,21.261374110212724,0.4722271379188956,0.49694374572452693,0.8662754034723702,1.0636732476501567,5.42485912318884,1.4327569079645843,1529.4061889456348,81.60056126296075,99.19857958137072,118.34781410309309,377.2131861263124,72.21214246690158,80.26702536508114,453.2974565420485,310.84793330477197,63.92885831953167,111.65629105584355,371.2303938261848,198.55501050985853,67.77661028591088,87.19006528856045,571.8512748819983,118.71156561775729,117.70523267263576,58.72467955569372,148.03070213492538,206.14741498430936
32.28362133754645,38.17306511079678,3.651280554328399,2.2985599105713854,1.1645619444586115,4.233771257023593,19.214770441338036,28.56692022713392,9.300524421903662,58.01386302329746,457.80363097227786,23.957431669137748,7.361376717219764,6.582197960074211,4.703666275132041,Struggling_SleepDeprived,Salud,Smartphone,Fibra,2024-II,60.00212258252434,75.88681603814159,25.898294654134034,0.5850148938532317,-0.40985281729845685,0.8853523911893393,-0.1609087523839472,4.595055148318058,1.8818181044558977,1700.7613534648217,83.911287855941,63.014133514197724,117.49423945363358,350.1129758417346,105.9811724825362,84.40960903102736,499.5520649242766,341.67361851738167,60.0084865144144,80.16969466324495,316.58326933292716,184.08122568358925,59.10655156727718,105.12167434209853,516.6831606880024,82.74720503347336,95.06814727297733,48.95679339344724,150.92955332871745,209.90370921086625
36.7373229700679,41.52968230369598,3.623592327971231,2.5552492041209955,1.2390084718588585,4.036636439702196,21.569772539952982,21.10713258271165,5.826541777527905,72.81143782283581,214.29342721666993,19.362794591299664,20.09690811609356,6.942628617875801,5.857276603902903,Struggling_SleepDeprived,Ingeniería,Laptop,Fibra,2024-I,73.98073680080977,108.37508659078661,26.2584471493426,0.2295793340276508,1.0623165724660595,0.02503978611862459,-0.459806625405771,5.030421368281755,2.0095858276151373,1857.5805472346883,87.76301805566003,107.63067277965348,121.95797159480661,465.2457935665069,74.35916973200244,72.44054568057139,447.21839536685485,247.46245809071934,71.7659872108359,134.12575845798494,442.2375506555036,274.09483518140956,60.644579359512676,102.85622763851589,464.74784400931765,104.45484955432563,86.51591627024564,51.60370699206329,144.82302967488783,172.94851889426428
47.33776009007964,42.777379948596966,3.690487743683193,2.56127564576032,1.154031532018119,4.995772939444549,19.129704144599234,20.552535743025917,6.556088660202214,114.7142813942275,390.1445811542791,25.286644786793502,21.028011170846117,1.6508469121400657,3.8319103718871346,Struggling_SleepDeprived,Empresariales,Smartphone,Fibra,2024-II,73.99643057529757,84.55809234924955,20.24282237704503,0.6653088258909511,0.3759582339445391,0.41238898821781134,0.4919913425666264,4.737606548423249,1.9622915453381184,1899.5968976584534,73.24751427129739,75.83294697891527,103.2706874744776,242.77209952707398,101.46007147078278,53.04429470398932,537.1344443483308,274.65095349195076,66.93630067587723,92.06638299130404,345.44256523406614,186.71709501786066,72.21259272731665,99.39208028422887,579.557373566432,133.2008011970834,115.7173385437842,52.45212668384103,129.52695516829593,229.7302945043511
-0.8659177738306774,46.604787439960994,4.058619829252766,2.115759532655219,0.9678806481819289,4.429327961081346,18.064945956675032,19.409667192592043,7.624274531203629,32.77834730280464,196.98858681117366,13.437631324730944,19.227263277632794,4.969187269391853,4.590127451401799,Struggling_SleepDeprived,Humanidades,Laptop,Cable,2023-II,68.70362583750375,114.64080892003327,8.978770734144385,0.08532703452987475,0.6936341829789145,1.27696804464347,0.30698420475060784,5.0144064359825125,2.0274729195482712,571.5781652727669,65.51132086490334,70.49638085433752,113.25533820446081,207.3516780318309,56.42903815133424,63.24443423771259,465.0576417375319,275.48020786321973,73.01032321586823,86.29116683493356,393.3340854411837,209.29667118107068,45.41460771155701,91.01718394827151,445.5505656025314,76.5947993594778,72.08028885442594,48.70255210949519,104.7242046177501,135.53091218427036
26.092086620855845,43.87186699362837,2.869944331283277,1.9931693707377551,1.1961511050290337,4.20619703961631,8.564512384798736,20.557317905211143,6.986508703387921,115.45026892534884,271.2620389925831,16.367429020721193,26.338445799204308,6.940452680623322,5.226207381717007,Struggling_SleepDeprived,Ingeniería,Smartphone,Móvil,2024-II,73.09544950703085,102.33497517888605,6.581484077609616,0.0017860354128539924,-0.0251072037534934,0.626072785083987,0.5510691811137862,3.7546483342212746,1.6482578798124976,1337.6899302576899,86.90672359042276,94.30819371141737,86.87239873991798,339.1767405190791,71.19161063704439,86.65564961264167,489.2601954974423,185.9992759228103,53.124227478607914,110.00222992181527,412.89852082626106,201.55923841630897,73.50966687146163,58.50073999049954,543.0031297841142,105.11994673468458,62.216749575977424,41.072055830313104,102.56718837993188,137.806954654396
63.087643025953874,56.15615940479868,5.174971478429813,1.9842309446498723,1.1478625587863387,3.2370465002870366,8.324175051033025,23.34739001198309,7.028094787414074,114.67160596414608,250.3787472528581,9.893243131095218,23.000696662919914,3.339875199392179,5.2944285042053565,Struggling_SleepDeprived,Ingeniería,Laptop,Móvil,2024-II,63.075974824990624,98.96347200399309,28.20158113327288,0.3017928372376686,0.40856745152695517,0.5471416991289149,1.9708862904361715,5.787866789902579,1.467647579529635,2367.642457823605,60.25337730920065,66.87102539243969,52.542571182913086,289.0888634974461,69.99979352390505,51.89604964635834,472.5123649007523,328.5605350329811,63.06918204782719,101.63355156943902,327.88556576539315,198.6156199516912,64.67720842717418,88.1327449960601,600.570620632993,155.29115081228775,73.66542554943467,53.70291195461278,133.4672390558924,160.55457162952217
48.549647145505524,34.32788415174204,1.833387290359382,2.286447970654828,1.1742881870528843,4.743591624526881,12.392220353958306,17.029328087556426,8.724985132872263,52.000588248676955,294.02985881264715,15.655766356530966,25.07002081762426,4.49102073583321,5.055239542739778,Struggling_SleepDeprived,Humanidades,Laptop,Cable,2025-I,70.08888682728536,110.76171730695887,4.588969754994166,0.5613386043940198,0.20371451416490682,0.209781981754154,0.6638708574620281,6.340548265382662,1.2201002815357338,1419.0132248654681,56.66531210055753,54.068520183527106,107.66492569927735,286.11671891109194,81.71835558590239,84.68790571271441,557.1234609554962,267.1392426259512,66.43599149154493,100.4518990347973,298.2777551656729,208.57121228995692,41.81509682073704,76.95855669737495,421.34513812564904,89.50190476493552,72.4774931436332,50.64669773297637,110.60161458006768,144.12196836291818
22.038091140260686,34.62338703427716,3.3582024113773565,2.686612735197042,1.1930880998455364,4.404206207902514,11.47368944312684,20.448428241374675,8.196890993659585,64.6134498513743,171.44788475668656,19.067613117230056,23.413185328831762,0.37608027067287564,3.6922227771902767,Struggling_SleepDeprived,Ingeniería,Tablet,Fibra,2024-II,76.25494581234427,94.36370761324926,32.04051054772616,0.7798706839062219,0.04895300115030363,0.634659957061631,0.4163876316024529,5.262823065731532,1.6483713557843636,1708.4116702480278,75.72499646113383,65.89497408879545,108.70431310127697,359.5107379852178,62.61077763005194,67.02311503021666,455.5062037096049,217.71293824136677,61.71023352559605,80.83980135148059,342.7832794057406,172.02933290052204,49.214449333540585,72.95292383550517,431.1794625497692,146.069633380121,82.10507100069462,44.21318054895762,119.08161867231757,186.29926192239463
36.54706309808266,38.67273389598024,3.904278153674292,2.0604637323339947,0.9694945913748964,5.457470103065835,15.723069466810692,25.256348606248835,6.579134477664084,62.500700563303155,351.5345671980957,26.52806555714907,17.261934603219167,1.3565410193236662,4.090077666977806,Struggling_SleepDeprived,Empresariales,Smartphone,Cable,2024-II,63.08273262080864,95.42478577642578,8.612420144927544,0.8501924679395232,-0.6225581390362165,0.3416791635544477,2.0269863472191707,4.943713527848466,2.1539635394113974,1816.0489130178635,66.33621050028935,74.7603928568922,101.10187617871995,306.44673925821127,97.53323608139118,53.15019567383112,507.6865551864793,249.56026420011827,65.77496767741732,74.64338673680552,297.5422993422201,190.03657846645953,57.421334324266375,95.21074952346093,449.1043098709136,127.84157045982454,87.75248675852652,54.940481196574254,156.81091979887975,213.79303623975775
14.593748857099326,29.27103731146644,4.93674043090012,1.990440406730737,1.6592920318443483,3.4091706467279774,17.88567334787345,20.304617493710875,7.404496606174424,51.263616535186344,259.78434050292594,21.9184108007967,31.137880368809522,4.638633589674293,2.740121154319861,Struggling_SleepDeprived,Ingeniería,Laptop,Fibra,2025-I,88.90242592567421,100.32085961860035,34.36677119759166,-0.08556175645307677,0.6527781558055921,0.8238477632805556,2.213575071997988,4.264498068379582,1.5426945295274344,1132.3338386784976,72.08408845676168,69.90907010802518,129.07764032629782,365.01134040162646,90.28066957983789,64.41813825903262,628.479791671022,239.06041974113512,56.08730161389194,76.73187838614739,320.38344229278744,155.4927439121586,53.45585516398712,83.09043428436173,359.0259311188494,120.7158258369588,84.21455052856243,44.48754714930753,111.32781751402354,150.32044610638675
56.958034002928656,47.14921468038152,2.9733785378997903,2.138852307385458,0.9556173396965355,4.561076728729911,22.062857703075657,20.24749624096672,5.3421451139154055,3.1543920006586106,474.4213559738572,25.593874867859522,27.795563674037552,1.7010616003741967,2.984636261477732,Struggling_SleepDeprived,Humanidades,Smartphone,Cable,2024-II,55.17330981148423,106.20321595989807,14.338678542074069,0.6527089094686148,0.5148614743168038,0.36541604114997467,-0.46112833161471656,4.876205322827093,1.5588324302696288,2694.449395778983,78.06913026974246,72.30700099696699,103.93930210746502,285.4839014812402,97.64600135623303,90.92291331819328,467.20362401377537,374.70086169701,71.17562033839955,103.40629570837292,360.5997615183153,152.12113097899106,80.12794659241682,85.32616434369639,516.0068718980314,114.72779063181176,95.70821367435335,61.63294339919503,133.0495536733406,214.65219866477383
24.408262975295635,38.17499075539804,3.719630240817073,2.6988997671200403,1.010626777312961,3.680861657094649,20.87680423643108,24.269303668121005,7.386735583976572,47.313720170556344,448.24627273051794,18.688446992351,25.1116714794128,2.756661034387846,5.526562272701314,Struggling_SleepDeprived,Humanidades,Laptop,DSL,2024-I,72.47109081769658,117.25202187412856,25.644360892471735,0.3026103867717638,0.6814514267329468,-0.18274242375163824,0.9067512422187288,5.600394179261879,1.358377252683256,1838.243620239741,77.61647575433415,88.37823978742325,107.7403632647334,432.55263986605996,97.27589585572808,89.48865216395019,502.9491552518484,334.5796481647278,62.61031150487715,98.83240190056019,399.3712191998295,262.6709071011367,69.23279481694588,145.28944556058732,641.8791066702064,142.0726979641951,88.85302583194894,59.45464502503871,137.102279963177,169.2392481719926
56.3815889597758,42.67248848764007,3.259675273548719,2.303329398526029,1.0087194925694694,3.0681157091985707,15.034656339265679,17.23342112140433,6.414801163323311,85.63659796143386,277.3859250177436,13.116307647698092,25.590697483214615,1.4898340920181226,5.424110589613699,Struggling_SleepDeprived,Educación,Laptop,Cable,2025-I,84.32682993600021,88.05234899398036,14.81246785198374,0.09125377832373946,0.8601300014581287,0.31146566233358286,0.44064741136261887,5.054355150368445,2.2576009264112984,1401.6286662781251,74.04799109418215,74.93737244913235,104.17802493123313,255.62006540232335,115.49775953927144,83.8159505855743,484.6650092719486,334.1025192543712,75.10586655796962,96.34980670350653,294.1440263318845,153.69635199213934,68.08719393101353,85.53516806219363,525.4801347453237,117.88037558151044,70.4212320650393,59.53350479685281,155.4337696082254,228.41922256653933
52.162918412805936,39.95387235383731,4.978641665820722,2.0659184387972926,1.4448240868033444,3.8324597453641966,12.09280817585369,20.979437091358935,7.852227519538108,30.011918793104904,279.447269554363,19.74829113398092,29.755153984874276,4.557732203090006,4.997621587525907,Struggling_SleepDeprived,Salud,Desktop,Móvil,2024-II,69.3862434710637,124.38255793116666,8.523734722463562,0.48373917917090536,0.2923971680618012,0.5210894774653406,2.015806747139279,4.803944802727657,1.6997868774569183,2208.364897668506,88.79426605217047,89.92038461935549,120.54999585069025,431.159867579597,99.94430750019185,87.23991388675083,478.7182768361419,301.59869886116593,51.3819890052649,117.11686454790711,364.87725376358225,225.9055105706882,71.13784626115914,97.03931048289324,453.9008583966925,133.4878367618224,81.89271210603746,49.9888014146204,117.61544471250824,188.78410892085336
24.461728929802305,39.92533829762336,4.387565704408029,2.7115216097660957,1.3324555876769109,5.11634315169276,16.712081882825892,17.237311427516765,7.102358541342128,104.42547242998512,407.3420592588783,17.9967124565824,28.581927496887154,6.737248599021155,3.157824259603781,Struggling_SleepDeprived,Salud,Tablet,Cable,2024-I,72.9956437312,128.7837398742764,25.50325908411678,0.6138498892560291,0.4481357773017576,0.6168836302219708,1.3343165006414037,5.729747397487853,1.6826249116325358,1707.7009079791967,81.78643391794702,75.61796994815339,93.40750355055431,381.31371473958984,97.3388870044777,82.70638759984968,534.2456229223184,289.7913906633141,54.65036270884934,96.38615940380623,362.8001181652594,227.0585653202649,60.72402394259168,89.03411068613369,502.1980592234662,109.01454790055475,92.24798836821235,46.227984979981834,147.72223373275418,193.47540623167873
24.727440600338518,45.94453624371894,5.131643424107499,2.573825869115922,0.7520394118622399,3.9804437384842193,13.733096128628201,25.158111310234286,7.257489035072792,36.49305703683835,363.50455678869355,11.489427736709011,9.526228161507763,5.46304447857327,3.039631346962822,Struggling_SleepDeprived,Ingeniería,Smartphone,Cable,2024-II,67.74347523576864,109.13216286533276,39.37617987432366,0.46916884123518743,2.012398053521515,-0.11087433343660769,0.11723678583823824,5.107585543238459,1.3430500443476259,1901.0948688003607,92.19109483378975,73.3083199932806,100.40977680532609,373.5715262009044,64.86719498436408,72.34160716644972,391.0370455753671,359.82818527587955,66.86178626227434,117.78162560014407,371.47632062721954,219.26611561469775,73.1519479167946,94.82024501280156,571.329993298397,146.1370484539499,113.47424887880328,61.041591815737746,157.00035627642453,199.4743649528949
21.385105397064418,41.234789913969095,3.069254448710706,2.2574091088983526,0.6908751164889345,5.1409620857384,15.958253456033068,25.249380703432333,7.871081898380935,141.10529075840213,252.0347149096218,19.06976014882619,31.26784265085308,3.7769343881743263,4.835118584591686,Struggling_SleepDeprived,Humanidades,Laptop,Fibra,2025-I,70.89483140770382,114.87705740929898,19.477536887182353,0.5034435620914163,0.7247566581765416,1.0616331459608286,0.28898134643127393,4.292867118872973,1.4492945490998346,2625.207749260463,69.41362714458198,79.58136995344233,112.81028156428762,313.12077273285405,75.3632003961758,80.47618172146801,494.0621536657125,380.27761318254784,77.63650917682797,66.50581428760349,275.6091874752419,168.1655717631249,48.86481828930798,105.86659361121005,433.75397499590804,110.31984144221637,81.73651129700546,57.234118007466044,113.19126626982387,167.60557004374797
42.06870406056671,50.46975527005686,2.8673107547311716,2.0874839580999494,0.6546217813542925,4.697890030195957,17.476915344059307,17.59081360038073,7.980544294780074,90.98426460929245,378.72230387459854,20.662289368073466,38.24724466246343,2.321186051650403,4.28611032176785,Struggling_SleepDeprived,Humanidades,Laptop,Móvil,2025-I,69.51833366547366,118.68829527633596,41.24191871489018,0.35089294421781647,0.5247160411586138,-0.1453162849432767,1.7513143140176197,4.711706082351814,1.282405802977458,1588.3345715926607,57.15840052512207,87.05431497676972,86.9990054082186,281.3556534849087,81.8628589816414,55.91300235347237,339.40317368254165,280.4482317659008,46.18694133224878,68.46754657213201,289.2158534127019,176.48890954318213,81.01544474674671,74.46978698571989,462.6326986612276,112.34162179865295,91.76249994884279,43.086649931262265,174.80930152354028,174.04387092585833
50.606501667802384,34.92934889809432,4.346745975049341,2.7521668382229834,1.1706206121191638,3.3915155798950893,14.588314759807172,22.193516944072385,6.378782616787073,44.584071162361056,279.1896640480047,27.92487739091368,19.54478023455552,1.1677561027021142,3.3128846972266217,Struggling_SleepDeprived,Salud,Desktop,Fibra,2025-I,65.61390822434484,72.2066216196858,24.240709286144522,0.40778139607026664,1.9813804193615756,0.3597865229859096,0.7968313706839784,4.920861112607357,2.337385660722523,2490.619833780674,79.71901901456218,82.30433443869177,99.88489296899965,362.44521628368295,78.86782747577818,89.00755355367902,491.7989367298019,300.18743643068285,50.605124704681714,96.617934403379,409.71791183823103,265.82275546045605,77.51127033372315,91.95304696360593,433.80281726382975,124.1274420452133,77.74917472354976,51.58148042990825,146.57647145013348,229.11810063088623
37.987472663114474,36.74235666385081,2.258965704104199,2.5868789278009534,0.853954225677491,4.3158653761605255,16.0788761811538,24.150436617994792,5.896366698650145,62.78795699457333,210.5562683507867,10.908913146001327,21.021746534509294,5.780083269318187,6.8123380064440315,Struggling_SleepDeprived,Empresariales,Laptop,Móvil,2024-I,76.66367157125082,91.26189861376493,27.234290010898768,-0.15935236178794482,1.0918263453297579,0.7586246596251585,1.0503297365338973,4.988584245433995,1.571704041130211,1701.9115375428264,98.11650670853498,72.30204745770581,79.73649662190809,427.9602323353174,91.98072115034849,86.67012450734154,518.8070149191248,287.30528505279995,62.584916804046,114.60847395968,335.3184578138949,182.11532429057388,58.30104190525866,109.44267510873873,506.24844567168105,123.5044818255842,108.97931269858697,58.28407007224522,145.53634345361948,174.7180852459233
25.369928385364513,41.95110034822756,2.5946419748985154,2.92658357398858,1.0095949001945006,4.668403690076491,16.284620369477008,18.62017458777712,11.02769884262575,87.95556329307556,460.1950224046717,24.3974477704356,27.099446194948946,2.884212904556971,3.923107655717741,Struggling_SleepDeprived,Ingeniería,Laptop,Fibra,2024-I,66.58987746867278,97.51190394066317,24.662867201191332,0.12661150490624773,0.734873516444942,0.8083268262320635,0.2749486575032151,6.785489523837117,1.7102431245834755,1924.6278398730888,90.73270617049684,84.59941576244026,127.75601170285566,408.5556314417961,82.39261723701377,53.21363093872216,635.5921032910906,225.47090356335565,58.11325967276664,96.69491122769088,340.4246803810395,213.1586406736743,77.77529535049716,115.71496451617806,612.8037966231594,151.88046052371558,81.14394730787879,54.91524189713308,133.68515212178048,241.16198987358172
20.162671372151056,36.10408440803658,5.591347521643497,1.992409346836621,0.9671620102828261,5.0315328249745175,19.018580001439407,16.99230432121933,7.329943402235498,91.77341583469459,253.27934405227973,17.817627922949484,21.460126349987636,5.615562532407782,4.614267336328498,Struggling_SleepDeprived,Salud,Laptop,Fibra,2023-II,60.17712160113675,128.591722855809,11.14869150180644,-0.09081502194109697,1.1418340817055357,1.4664139266426872,1.3126182820460082,4.551728571160731,1.5503805995052415,2053.6554148646132,102.29722391887833,69.294277065132,87.97735099614653,288.78672385104,79.2340882280745,86.96795006683763,456.78812926375537,322.55715190877976,56.45604761269526,94.70789267376959,353.7741384845021,127.43885959239825,75.45563203826528,74.09457280679449,593.6504576101494,142.44521061063628,90.99349907963676,58.161625322499454,118.13628399990962,228.98790010563488
39.710572651875985,49.24736786219652,4.637966592402705,2.416124719272597,0.8345447438364247,4.444135858584665,20.24322394977621,27.2369411327093,5.4836737756890805,120.09894877204877,238.8427014290493,11.833573832352354,27.96484211870551,2.2452508834351175,4.008976396162972,Struggling_SleepDeprived,Empresariales,Laptop,DSL,2024-I,91.86279423309053,136.06046828276996,7.694219750941483,0.6116678963626363,2.0574832872752036,0.4955411636310657,0.49519406851806674,5.984808655146733,1.3680620448131489,1711.7072621105776,79.0270024400372,71.97772960939591,90.08744728744537,332.2985422450992,127.41750603676307,60.36530978848657,594.04154830289,335.69555192676444,84.78032974650498,110.53240674321863,442.67190869829466,225.09701594881494,52.52966066394434,97.86348330592645,604.3739142401663,137.1710944490176,102.84291836905113,55.497849508697506,167.13326970727533,167.8848426846045
32.00315660340078,40.33054643156979,3.754421571245364,2.1543884134010445,1.1332123231929192,4.583660947505381,11.962314959782242,18.999177186870014,6.325603898129705,107.58868021036518,350.05958427586603,25.340457592336865,14.592844472991391,-0.02448732593329095,3.002943104978642,Struggling_SleepDeprived,Salud,Laptop,Fibra,2025-I,64.25845637459678,123.27010822567186,26.133507943836708,0.7997914007896956,1.5757114351872172,0.1604768289265308,-0.24018505775715726,4.672733908515616,1.5615044141479937,1356.75023929286,82.90934351044345,73.40054944409418,94.21341371376155,369.78929377944866,92.94045542187935,72.57330970438069,400.0341464534883,233.28378477120523,51.780181729866804,90.04917245739176,364.9765139022793,198.90241813968976,52.157460198511586,72.3117267762697,403.7294988619613,111.11460404644853,82.31842166737366,41.28524172836453,114.77040778241006,205.9001798861173
43.96014860390995,42.38256595177015,2.4462885569349826,2.1387635422366293,0.964971507539431,4.748881379738819,19.753040610076376,22.685399522210876,4.388811727745912,7.635712912450483,431.40716523683307,21.83508309863653,20.28212231218928,3.9119489260295968,3.863771550118325,Struggling_SleepDeprived,Salud,Laptop,DSL,2024-I,87.76021395772648,81.11216233269369,39.88536150243576,0.4883732850571917,1.3362838553357779,0.103595105210324,0.46827850553398875,4.676650437543364,1.9087335059331358,2144.8056474039427,53.21894508921183,90.56323102921125,98.63274929133377,381.4447473136625,104.84732043259419,57.63870965731337,472.2080934855107,294.85694567457836,82.76425426097106,97.46080673723029,335.68625729390686,248.3951720253434,70.08225597807609,98.84349179261876,476.85112689970134,111.25226012048368,114.34896998460337,48.65368937677781,110.9165322461487,135.84581061511275
55.97679621660718,31.168278435290492,3.723941696759629,2.488633051954683,1.0635207216257543,4.45312968335198,12.964788846727558,18.422264302236954,8.672641792896888,74.03936382682637,359.0412340323304,25.20181985753314,34.49699511875337,-0.04373907967194235,4.42975022398135,Struggling_SleepDeprived,Ingeniería,Tablet,Fibra,2024-II,72.49049492552707,73.49958105310193,23.753936078159185,0.5500188832642458,1.0077344503047336,0.04183094118881911,0.7946910437530397,4.886205294037929,1.4168699542959275,2505.12084766456,85.27847471088612,69.4345960388533,90.81914934138075,338.190049549158,92.92861122927458,65.77614116634405,394.724621039652,264.9999679779907,52.28737963045019,114.864904571832,468.1284336759377,300.06834853312955,67.94624266639312,92.03904954584435,502.25058336265084,144.6842238810382,94.63587608116845,69.10366098844914,122.45163980764855,220.5856411150955
82.44994439324239,44.00815534211912,5.021468533118757,2.448418510808294,1.0268986121138588,6.642683994836194,10.059599693485083,22.799652069110195,9.028710123013179,28.081352590476754,532.5896806452217,21.90579201116355,19.718769952186445,5.311763011163263,1.9611491124007043,Struggling_SleepDeprived,Educación,Desktop,Móvil,2024-II,55.91721753229418,145.85085524389746,12.171943429582589,1.3502992197762842,-0.2845289725235288,1.1229444414158998,-0.2458801862700516,5.6933913058153465,1.3877366714891997,2244.848735698166,80.5709492804964,92.63599513303866,137.21131353351277,315.58372701626166,93.7897620284512,106.72359837701183,546.2197521315652,307.6476857645682,78.21235907764485,91.99312304323912,391.1969329995988,222.21650426675797,60.914702873425824,82.54798554569335,560.2548650587494,117.43037296296795,93.54322234816314,53.42812254545886,117.94045386476469,156.6365428567079
59.655184177725204,39.17387520330797,4.047106790631677,2.7779441914773604,1.1107493153670867,3.9272177215480615,14.08361443179239,13.613120463368055,6.769857130956765,65.72658391041526,37.68392328709467,29.09799663233102,31.40977126176992,1.4659487252373382,3.6687754383521534,Struggling_SleepDeprived,Humanidades,Laptop,Cable,2024-II,68.7057209276879,90.34703820859029,8.700686130721802,0.892034500810586,-0.04333461376675854,-0.34707867319710295,1.1203967645438884,6.753933025105719,1.3697202927573258,2233.1335218590298,88.90191987656098,99.68749951792356,96.30679380966066,492.77798163497033,87.60088731421028,75.03008928861554,559.8131167105277,308.47838256538574,82.27296859336961,135.41117538260406,400.00974350101967,250.28139711436975,82.94713092795766,94.73471832167738,734.3547319966744,146.90451148215453,110.2080086612409,60.10451065088089,147.56410253913918,249.63530428840434
51.135164472831384,45.5110306835354,3.6876942358088294,2.437950928921152,1.6189975163463965,4.13397131622693,7.040286150831344,23.933306621888406,4.551858570813013,35.897997313029116,278.43001909881764,21.062573419593154,28.336930524222094,2.3322875268032206,3.3040438800614393,Struggling_SleepDeprived,Humanidades,Laptop,Cable,2023-II,81.9482271261971,109.63141775577964,35.71964864329374,0.6632992812374419,0.8851847303153143,0.31586679296246456,3.0806743765230524,6.038507499619428,1.2033224903406283,1673.59326227201,83.5836648522619,72.3973271060899,112.12496418258712,342.68323710378513,88.17710916485336,75.54983356022224,560.7430974772752,332.73621186738023,44.86642012588113,82.59865498165496,270.706432826089,190.29622894521583,67.55246591016852,93.39786428987576,482.0734040083078,132.340654864022,79.09422233873062,57.23979886162581,101.82520597103223,166.88917906744385
42.70477770053673,40.75636777892423,6.145411247382371,2.074880109576261,1.1368971956460316,6.166887523339591,20.860704183001054,18.667861870437928,5.056109781119484,98.62586342650587,242.48170511612307,14.662904711810157,20.426667305056892,1.3998575047019126,2.4791718784466195,Struggling_SleepDeprived,Empresariales,Laptop,Fibra,2024-I,63.316803690079404,77.01113054981062,3.507163863547323,1.0788906292010139,2.082666349191686,-0.22770047444789293,0.9625980088796613,4.012890633724869,1.5693679335346786,2288.7801280191666,71.23704803861901,83.28699057628101,101.75591898753164,313.3521682917151,78.23643065472129,75.36892317150932,398.4328996996468,279.5582214806388,77.92942650962436,82.04441060177857,395.19927263956737,157.95383880772215,66.73101635638058,76.56112906740462,448.5634188513614,132.79159096109063,106.15347954857772,51.672649926945084,102.70735543162063,197.9511424854937
41.98742754428417,47.29298747720131,6.458146190881176,2.9717609341936195,1.2360493638970529,3.6002092659729965,20.158032526874365,9.490397678649666,8.929175708692945,63.43814377290429,426.8426737199327,22.68069308442849,27.31155717974668,6.257472853831278,7.803346325015445,Passive_But_Steady,Empresariales,Laptop,Fibra,2024-I,71.45659189429459,131.44585559265616,23.89533461870931,1.2588752783090411,1.8924507488105455,-0.13199651275030352,0.6693695056480651,6.608342568436952,2.0164000439256147,2116.267190894084,107.84800734400928,118.92451879501837,142.1323524838522,501.82928795601737,145.33960915034726,86.8420242673111,725.5966833776082,363.82460496782056,74.34393911335549,129.1339316264327,393.4950069781675,302.833808086294,99.10351234598534,154.14155579981997,539.2943105332128,195.64392724893645,116.9500261569149,60.413588545556166,144.42987595557506,281.0395515591297
39.25060704698184,49.774115956165005,3.5629913507138005,2.651830069731555,0.74178370146601,2.3544181770726302,24.29887011185317,12.061491301114668,8.47302243674052,78.41264359941844,222.24661571899168,17.9119899910768,7.814769676655637,4.239545026227099,6.2443986506040545,Passive_But_Steady,Ingeniería,Desktop,DSL,2024-I,79.77961231369024,113.4383062586499,13.988990792331004,0.1498971816149694,1.7559066956550133,0.5460749887137253,1.3533559255396357,4.510164349976464,1.9307385035936562,2389.304475629532,119.08095620410023,109.87499605870242,139.81763830325494,487.9813373892481,97.22625273154345,79.7022323993171,633.9357732694402,440.69578630646896,79.74457389521596,132.10425667984862,380.7052889525417,214.31972076192156,63.27199400215555,104.63923658922987,542.1665145157426,167.47011408374388,102.66905497064253,65.1468531573759,140.17390543726813,238.51127253110405
51.945619627726956,51.43597390474743,4.940983423935344,2.651355263616532,1.0347058187669451,1.7953686105574795,19.402951233154813,20.799117527367898,8.568599814450868,17.100115986893385,245.61058871667387,23.427275179891804,7.220852797794096,8.224106727735329,5.725145493402518,Passive_But_Steady,Humanidades,Smartphone,Fibra,2025-I,74.83723244063167,80.65704636750722,8.883111432316658,-0.04406007358637232,0.7101299567356021,0.9593643753866139,0.6844411689424511,6.439134502594678,2.397961912399989,1985.2051467906504,101.94456863239579,105.52225106938822,136.33500984513685,401.69178662898037,102.19807253755245,82.84910078026078,600.2086249899412,306.2353544968087,58.14675173892363,128.95574492931922,442.5976264665405,255.48973710199922,83.97874225593455,129.79700668055466,492.47562298898276,181.37169415755722,116.0267251071383,65.86959864752012,167.13703576889688,299.55817661190673
32.02127324286184,52.32399535651971,5.517565111843147,2.6232502898122907,0.9994195464162393,3.3203942136565656,21.88374315580902,22.758916573106525,8.361726401383418,22.08301173708181,156.1402271159969,22.84436179479791,27.81377129976822,8.01847995704907,4.968799376789212,Passive_But_Steady,Empresariales,Desktop,Fibra,2024-II,79.43647053542671,98.7520209001612,25.066168904261644,0.07522561380828047,0.19714331644811134,0.5834159998374258,0.9881586366795779,5.433451278099395,2.4932041911241716,2254.6855268708805,97.59821478127674,97.53590974163455,155.27781750792934,409.81113762051694,109.97554544839305,105.66151119573789,590.4549393360271,373.8769495525046,62.61227898966689,109.87848582993566,385.2711463594781,236.9644207713303,92.57425149108107,101.38019624765613,580.3820649206162,154.90051865517282,101.12470686858468,72.80635923554921,183.4288982673583,220.98257966182854
52.586460259775244,42.02734908695402,5.648703778114444,2.569971992010147,1.107047189127041,3.120336936672157,18.863195810008232,17.075610100882557,8.086576688994564,62.765994942013876,222.29166393921537,27.547666433061767,23.97048432184222,-0.6040846465690493,7.166295434807892,Passive_But_Steady,Empresariales,Desktop,Cable,2024-I,66.93147610790766,108.00305314363908,11.684296852042465,1.7829460596974562,1.4369103748371796,0.08802397272193555,0.46340196355963015,6.384864224105376,1.2931824726370602,1682.081368741796,100.5259246097021,109.89885634714099,130.23827901144332,483.26624390158224,122.59744419448036,119.01945466745991,623.328026733238,392.9769667869187,84.17193767150333,150.209628033315,525.5522223657043,273.661005668256,71.90579755143139,130.93090139236884,775.0686647910007,193.9853230329402,123.18980585620463,65.55573094330383,169.0734152880227,220.14958431325186
48.76125421773099,41.92871561223984,4.366018188348126,2.0403769961267573,0.7777820719960948,2.649132986853071,26.930288251461512,13.98948130594691,9.059402318437757,11.267282849938455,73.69147267221135,28.144976928115298,20.388800293483,4.8779857614133135,7.558596052138649,Passive_But_Steady,Empresariales,Laptop,Cable,2025-I,67.70421454750567,98.46311932458129,14.471035661893904,0.6011735190294057,1.9647071448313558,0.4831278388952454,0.5813331091369793,5.507991161700284,1.50219257394138,2314.68927101031,106.59796704736287,121.74044780117839,104.86227206724611,444.474599926148,138.34915423369094,67.30905025521332,661.2435503073281,420.6908603790648,79.27251575534841,117.27868152594652,385.37423271354436,333.56346837683105,79.94590930915304,149.2612466633145,619.8666100820466,167.3530255157249,123.06150743806211,73.61921379482585,191.28150773735564,232.51529761563773
48.915154293390174,44.276730974537095,6.166255776908928,2.251053846039253,1.2668268892341374,4.5397429197998065,18.931126620598388,16.436904523231533,9.55479989388703,22.747249697517514,212.76321516298052,20.52596753119259,11.781023786272943,5.350106556489503,5.957463979662478,Passive_But_Steady,Educación,Laptop,Fibra,2024-I,70.55603061485076,121.19363769569526,32.65740472218095,0.8445230117510334,0.8773597755220484,0.5435651818808517,1.282222046110532,3.8292890366465864,1.8877041346357735,1275.1707286356436,92.09610689442398,97.42541673262119,107.90939080405019,446.56226180772336,123.21050332955869,90.28207511830456,670.9454808699286,387.24127725772394,71.1174223545287,104.31918507311913,358.8054534604155,254.7227310045627,83.55083363002647,115.17968136156115,549.6897600533431,151.72570957175483,116.93340085376997,75.69449045533311,186.06786538631926,202.92070037287792
92.97261576174908,56.921055188288825,5.142353540252922,2.8865849059101985,0.7105442621251582,1.3766798342007298,25.6018588320823,17.37830018314451,7.992684194593091,71.84602880434946,185.15533411660195,20.672558460945964,30.653979740410936,6.0541428779108095,7.425301437159769,Passive_But_Steady,Ingeniería,Smartphone,Fibra,2024-II,60.67369863413965,99.79408849581868,20.105714887684535,1.0957882782240778,0.5093990932549168,0.7966719083772473,0.49926575813835705,6.184831079041833,1.6705380066042586,1772.4437153595231,111.76784058108426,119.24705685254183,165.30678928791772,551.6556338085288,122.5569554695642,94.12490215267007,681.7970140830598,430.02541635933136,88.02862884666864,149.52879872904703,556.4419437956382,332.7075256541323,111.6046874376195,145.84675547380306,801.3612270270468,168.790351858198,142.2006617322473,76.41595852126548,191.2596264641846,239.80128057610793
70.16326681767086,59.0486670865516,6.545889484113273,2.3969042429968757,1.0668868240049398,2.916091316520327,18.242991806151743,22.567477653683724,9.477370542377598,15.852108908491665,269.15716296913104,27.36043957395558,16.679286199500478,2.2979034582327316,6.431011158559456,Passive_But_Steady,Ingeniería,Smartphone,Fibra,2024-I,73.44426979110338,119.30658039203901,24.277753046493757,0.7811842802989923,2.0879688434125594,0.03977844012218493,1.790041585018765,5.2094835300019176,2.1494118457863083,1582.6080274318497,81.52748067991199,112.67604097506612,139.0271254397769,434.58549942210453,124.40852705394589,96.09978613215,730.1507002333082,436.5501799431566,71.26084693486125,107.65899681980267,453.36944747090575,222.01524137496764,79.5238184079447,111.92026498691014,932.9357065313361,157.88485195568046,118.78234994809851,75.19092124022967,200.66811079143045,258.57433916239705
36.047792242762,47.95579500775497,6.803148057274949,2.3919033886635823,1.0615155040386244,2.6050680091175957,24.328325384363385,9.59993190786236,8.310167549819392,47.307631541975326,155.58672803876726,19.995877202002504,15.03066032381491,5.106410556350877,7.783396192749064,Passive_But_Steady,Empresariales,Laptop,DSL,2024-II,71.2211691678481,81.63198834973983,33.20947082722502,0.055082218934978944,2.359056707036738,0.5743994174185811,0.9682640635098251,5.200606526948451,1.4745717580706412,3829.187268552927,101.022104798325,94.44909136499166,148.00069018732083,374.6756221036326,122.84435504109601,73.70125284242495,583.7111259174275,315.9896283830864,77.14408989316193,113.93090254345944,352.7208224975436,267.0070688641732,62.30972566521864,88.815228826077,540.7711009486761,109.7639262662503,89.13292700661678,59.122100361362705,138.64153665527516,206.92842231941484
99.12634110886572,45.538786170702046,4.976575668445207,2.4868637601455865,0.8689233560299139,3.076588849962546,20.963797643441158,2.7736604262096503,6.190938734136528,37.92327118085056,188.6826575577665,22.784495889172945,19.6774303734706,6.248997808003234,5.409781604580896,Passive_But_Steady,Humanidades,Laptop,Fibra,2024-I,70.56783418209002,101.96400291132676,3.3925922650077167,0.7761798241668658,1.3988254877060058,1.013013009040621,0.9102768603437738,5.757584821449467,1.206369268183245,2310.095268429202,95.8973541536505,99.64481011046848,145.2960498874075,419.0277070786716,121.32767254011543,99.73165927561492,610.6628745880386,429.7010348376409,77.46896507563089,116.77722062267493,476.0401859917805,290.96426742598186,98.33534964174497,145.21824795415887,819.0029661568818,202.78129945544967,129.44396388484088,78.49779129582643,152.74770235363383,237.09778438893906
39.468904596283735,56.18875252448789,3.783486781037871,2.710793428999831,0.9744495374057838,2.5145802395600976,21.62476125887609,18.580204829807613,8.782262243792351,19.190330850249914,387.0086908005993,21.373686031142714,18.443903427798915,5.25196270065163,7.4653239203503166,Passive_But_Steady,Empresariales,Smartphone,Móvil,2023-II,71.21580114211592,92.10023131156709,13.657249259072588,0.5803133372179254,0.77179049071791,0.12089517810487548,1.7698480056876877,5.846123971541458,1.6925293848253364,1387.4713733540834,107.09088487434065,118.2503239506183,141.45634673652336,503.79580591182867,132.5533174949727,98.1453260387801,742.1465791802337,453.7598245957695,100.48794649140653,132.72573835168262,564.7155280884535,337.35827185302446,95.04457296733541,180.28382784948494,713.0592770444669,203.4740539519129,123.23218231623343,63.51205723658526,206.74989815513985,246.33667537311405
60.466968366807045,47.49159786924628,4.9848794812217205,2.6799681681969973,1.0250707640267436,3.5967746649336076,20.34074533341442,13.632109701464778,6.764784459382462,84.89748123488839,404.9461606322782,22.539700026033433,14.72230871744649,0.9089846229807015,7.3474514188266244,Passive_But_Steady,Salud,Laptop,Fibra,2024-I,54.21666809384015,113.08712069562256,19.731866837363164,0.6130857083169627,0.44995968102415523,1.4799070820386884,1.4357910502226807,5.4247292421945845,2.0906032017135554,1239.6632219375574,85.96155766857359,100.21872573369066,129.77687692789783,428.30640155520825,126.0219302096459,90.56459203100688,650.7196468859436,408.3490588021139,82.53041442549167,146.1975587052543,405.16611858752583,219.57710958261126,88.8956815774691,117.22252968454829,604.6821446316521,183.16748647897742,122.16557947907786,64.06894019871312,140.09686991692342,276.6957332270947
49.83227711019802,50.81102594675796,2.8464730152567013,2.399984406965386,1.0002411449486845,4.195931010268991,23.46796158388705,11.675142893358249,5.763791256452925,24.450139424977007,245.80458043255751,21.478937806930436,19.418352344859052,4.678217622908056,7.329402161620656,Passive_But_Steady,Salud,Tablet,Fibra,2024-I,74.46388016745975,103.93611685829914,16.64475048146767,0.6848619467035454,0.27248684236397813,0.38278794570205166,1.9383306406943581,6.615391980893573,1.246716517823876,1041.668972398237,113.13230083174416,112.89172356461958,132.44541515435844,391.8242667711578,117.44915437417794,82.65462134330663,664.2797782948808,353.603941541759,91.4961641838717,114.19727255086778,474.26047492952074,226.53691703645381,92.14352880449653,120.97259911173882,836.7168335045528,170.85497913176243,117.69908508871781,73.63514305050349,176.36849136963272,258.52324411146776
54.87632206579328,54.388825318690245,5.242517728707563,2.763928017948026,0.987897847751065,1.8575610778054947,23.02298700920049,15.481914215991774,7.92676836430183,77.34321269598156,363.0319247372922,18.650971133289378,32.471180038747654,10.046186886353217,5.646162527634817,Passive_But_Steady,Educación,Smartphone,Cable,2024-II,89.9321651115648,80.3310894343962,16.99827444562602,1.2399366245932302,1.4524019203406868,0.3144665961600667,-0.4530036860461991,5.6799044114477,1.898009798566406,1368.719557029442,109.00099098343344,99.7482331467157,166.51425753259258,405.8285936508317,91.39143667390874,102.3103984735548,629.618397105901,324.9014939944079,82.49320467188839,121.36171530623118,416.881294000726,272.37757064027187,75.92572757411939,101.82036951710538,683.3366303384406,141.57732751879638,115.47047847401448,77.13911762081091,174.33645201235794,200.05778014170255
70.56671821551106,65.32910651294648,4.341394112220718,2.287935986294619,1.1344516538459584,4.148144908400963,17.733542014118015,22.406306216239614,8.177141191880116,36.36739745141258,292.1427939871957,26.57087189730297,16.54446863858659,7.836603283637025,5.681803808212265,Passive_But_Steady,Educación,Laptop,Fibra,2023-II,65.45540721395118,96.12189928157872,25.61497635528623,1.731429574617286,0.439619444417317,0.2832059259599271,1.3715101055989298,5.155903366733787,1.6749933851370282,1527.67489379072,111.44053444529058,85.90864333957317,145.11916277743148,357.6681855531944,106.47373298503439,81.96971952935154,464.9193293544839,461.8185589147404,83.70265608572784,109.86140505024014,415.23064042495713,258.64429572817227,88.28793363538267,105.40347463693703,596.3555885851088,155.23387789050068,90.57484871180021,60.634292497957716,124.75422994774087,253.17376130481975
64.21523206848491,55.23104550003544,3.798544405553069,2.244214829394726,0.91908317473633,3.7905449596924443,28.613050776327828,17.235704504539118,7.784687780184057,45.641305128796034,253.6712899083638,19.760024721424767,20.0597926624691,8.467031514154298,6.26754116911328,Passive_But_Steady,Empresariales,Smartphone,Cable,2024-II,79.77362311733535,80.67819960835618,7.52211950913596,0.1839849640188706,1.6471398307871343,0.7871924444306355,0.2384530852025985,5.616654652504762,1.1097379942162129,1463.8204584785894,114.01978737379886,113.22749744002186,169.64918852120485,495.8469002025764,121.13144209128424,92.86721411043114,707.4573406948055,345.848215566569,72.8446254993423,126.60143126339955,447.60166689564784,284.4068097632885,84.02847054289813,98.70483396076628,767.0713505581364,144.14269545913325,121.94478592766679,64.10872315065424,173.1402611662146,212.1784777842042
56.035866642928774,54.88929504100194,3.512164571119862,3.043975069043955,1.0418025554148034,3.558831915874885,25.323167400672773,14.785338278868478,5.867169543687085,80.33625824242152,394.149561830405,20.069894593678768,20.563735488416285,10.925944309853723,6.5799227785224215,Passive_But_Steady,Salud,Smartphone,DSL,2024-II,67.7280959952905,83.98483078634345,20.531352800522797,0.24810310083550818,1.4192537924790702,0.46768334080193585,0.2981891339043747,6.885323884134794,1.6681547930383744,1738.7051219333075,112.93317708100626,137.20449258165854,160.96794896686595,543.6398064501547,137.79055595639426,106.07225643829548,731.3059186950525,423.99587326652994,77.96564662437552,120.72051232152089,430.27503922238407,237.94335139219066,91.84769540602241,130.43977653896548,743.3361111956746,181.3819692272339,103.06316141234811,55.79903715196483,201.9439524457875,209.21348548332375
45.59835310660809,49.85338065571414,5.5081364815402045,2.7334044980431385,1.0855848905610415,2.201670797744757,25.484970601015227,21.22581487365934,8.552386838145154,17.9473591556984,432.00707384970195,20.51015874735104,17.93334852135659,1.3430183560952291,5.356413923058135,Passive_But_Steady,Humanidades,Smartphone,Fibra,2024-II,63.23826007992237,109.43583808696128,-2.0743253298525897,0.5839613642266714,0.791082085980422,0.7855836554269279,1.5727987511616428,5.647512288304044,1.774928599593687,2436.969912408899,85.49638106467356,88.37544857467721,134.53422366318333,391.809528722017,103.43797709956173,105.98662760604446,471.2672746092467,330.1455488757212,95.15208393399213,130.96285333768225,502.59569348925055,309.76449417654345,85.98105473143518,150.12186663865018,744.2557736334695,196.95556162912507,136.84736360654168,71.78099039757966,202.60147310796438,286.3241388668999
90.42145029552472,49.076382134896065,5.338693584244356,2.6243982964253276,0.8409114158200586,1.7198944100297995,26.285184238869533,16.36164776816229,6.294443897140206,-24.857451215434253,135.78272908705577,20.542882147313797,24.408899974568072,7.705443479989006,7.461830172099717,Passive_But_Steady,Empresariales,Laptop,DSL,2024-II,62.22053582305437,92.43330583551267,0.48374012561836643,0.6996832060275562,0.4974497835848943,1.2030360774802784,0.6086599499527605,6.201833453421352,1.4131507760421556,1889.1069095521614,122.54326144311534,112.10723799364965,130.82604903564973,425.39287983730003,120.7194478687719,108.8366281162177,644.2145491052415,495.5373715264037,92.45351965860247,122.8943008486162,495.22574671988747,281.0900205541056,84.10083982926929,153.5250518634127,722.9236055793473,209.66877729063765,128.20662345549067,66.10834763175986,166.5034635012986,263.2334942992459
48.56034091177487,42.08712339064643,3.205051024467789,2.9497903403221963,1.4230764876954298,3.2215576111510917,22.787280971512338,11.09398905316734,9.313764396349823,43.06239670163112,246.36391943799205,20.54415483872176,6.712663437888917,7.460415535969254,7.109268219734569,Passive_But_Steady,Educación,Laptop,Fibra,2023-II,70.96583308251243,119.19328689847322,10.601772158885945,0.5197807017219833,0.7875855332099992,0.14226884306272278,2.338237149106873,8.183412528086027,1.0821154642086321,2379.4729006412863,88.16168903908039,87.01432238838139,138.86022666367217,382.86617043842887,113.75585146243566,104.15243053940198,597.201018766694,388.70771276334654,85.79876693824384,142.50290876532677,464.2942130512272,298.52296539770373,113.90904200840153,133.83668974177723,846.0191622064629,155.32400673003033,119.63139713850786,85.93285205267934,199.18840390927483,267.39460662158916
60.35850419815883,50.37103294953829,5.448925548574197,2.4889520890282704,1.1830935852467803,3.454525750279135,25.888343902895244,14.865556603043522,8.048125650752082,15.182463470920364,327.56711828784415,19.116497172740786,11.774614070117252,6.078718663035754,6.229958498147897,Passive_But_Steady,Ingeniería,Desktop,Fibra,2024-II,89.33471267909535,117.61857276257506,23.63196251515957,0.750528701641869,0.3429527254518135,0.43216578754495905,2.2698256863904267,4.803259309760117,1.900407136537815,1434.4131934183536,99.42574893897228,96.44211074996255,141.6468173649479,362.12510268237423,90.49771772841507,73.93572727541785,666.9453280321934,363.9494111350491,78.53233299773964,140.34751365965022,494.66808534687965,274.1064334480749,86.63763537052044,119.4423128858096,747.2755322554758,151.1822670922565,117.79838770964193,63.859520317982316,154.00093224702618,259.0037811801209
54.93831835994985,53.054509179728214,5.086482277134743,2.7656885592924354,0.909745822131188,3.669475214112769,15.574722695573037,15.321442653834042,10.440371192020468,45.119223648230275,297.02034385581754,19.58501607041699,24.749457516368395,5.158238821477417,7.663992606667202,Passive_But_Steady,Salud,Laptop,Fibra,2025-I,70.84421874344883,106.15531224121463,1.9430001420491,0.08115260988221956,2.1502615088802326,-0.024333256378900325,0.8772056037307352,6.704766454813838,1.0181229123360396,1802.3194882323855,104.88688470205086,100.6342476480533,135.1230467081446,403.82193317942364,127.08809533397883,100.04894193610177,640.3202470243023,432.4742418039614,78.0158853909233,140.26745660428955,413.6744585021319,317.5219686794052,88.05612215739004,138.26388951976944,737.5926281856722,178.86458887105564,118.30910455017191,70.27938365901201,201.5588981227453,243.38249302139448
64.92536590287715,41.865533955012765,5.3475305659732095,3.0086042666410946,1.187150663866097,2.229148707278046,16.32443263753612,18.58709615448228,10.987699920282843,21.797122488993914,388.15386073378653,23.46806755247009,8.742481748911437,4.238830502333217,7.856869307459346,Passive_But_Steady,Humanidades,Laptop,Móvil,2024-II,81.03993006967428,119.33061161520072,22.107967950940406,1.382702461433655,1.2624150095698234,0.3384687642591469,0.21744342718543413,6.133446707558212,1.697199215395371,1509.6235326147944,124.14506784102839,142.05355308304647,159.57778801072516,504.81957569134426,116.30577441827623,100.61913081454728,660.1258767107663,335.61741930284035,92.92929555694845,124.75378917100798,519.4121038955715,280.90579679856546,84.61905018672596,119.58630797184765,608.9076340118689,169.41464324649132,121.60259397034753,54.77764626614853,153.59823679810486,198.30324735820597
78.87288606939731,52.72844187277774,6.590913635893722,2.498639012859311,0.9432070539975753,1.1225073573324162,28.983982637411394,11.13332259609145,6.398614313632754,38.14529845190219,399.6576570159247,21.101822042775147,7.386985282463005,16.021110904840903,7.59747955032221,Passive_But_Steady,Ingeniería,Laptop,Fibra,2024-II,82.26407706930581,98.71090427916766,19.309085603192838,1.0669643531786457,-0.019949131526537947,0.7931471252502247,2.5075822894834827,5.2099418988097135,1.4864439705528385,2250.082268452264,120.77086222411694,115.10874376826676,131.69257537047042,535.6031966771078,126.90405042942656,102.93907808020467,767.8867342788747,445.57041402929036,103.51496761493806,128.98936996360754,517.5902799456345,249.72998128295245,95.89782819342517,164.94222686313884,771.0405433069043,214.0463015397738,113.95668427023004,78.59452056086563,165.44173399079264,230.37920816205153
93.91376339832098,43.40997246596607,4.759098047312622,2.9199368630127567,0.8729500694814686,3.0751119309406776,26.212257003878484,15.728406168971436,8.401517704008443,80.21629018421226,205.50450170151365,16.889096302974828,12.356485148389712,6.405521751052675,5.715641078931307,Passive_But_Steady,Empresariales,Desktop,DSL,2024-II,67.4700748958537,83.50458570062979,12.063510897613996,1.0405617281598447,-0.06926472666197933,0.44917617686607136,0.8812937696521748,4.239391351129658,2.5225895398602023,1920.8702021621932,101.14168025658914,127.09113832334727,164.43619952854772,433.2091391549801,114.94291148379719,106.96712161711821,716.7301598051303,411.52081697218034,88.70261763369366,128.07324395070606,456.24545503427964,316.9483860551816,88.01563815794569,112.65627358083556,628.4195624827319,144.6253726408234,123.83665523400781,68.25161926170551,148.40280161863686,234.78046932310585
57.79394951241222,51.25586175096,5.3715960585286044,2.46367981313266,0.9951815180435384,2.17347278588315,18.60738692149593,15.485311522349638,8.305762678400946,16.393131599317314,271.93135864430604,18.340600351325833,25.66675539337305,3.6068858928376755,5.249673991677036,Passive_But_Steady,Empresariales,Laptop,Cable,2024-I,63.83776293706159,96.41403569453108,14.597474974961974,0.9109412964578455,0.4238979671152401,0.5189754104533226,1.8205361492818315,5.094992076781937,2.178244309226869,2967.3659890340446,104.27873160074436,123.32135565541394,153.3143043792376,502.1900651388587,128.44567283436172,96.26852881352546,596.2148887109606,407.36007963087366,107.75044027446239,130.83596842999535,504.16540087996884,322.7601897920412,87.49228777411012,142.92958877461808,762.8064383622957,137.3636861173191,115.26346987057677,65.09545638711586,178.56585357005483,269.1084767776415
58.13554866685704,51.695798894321506,5.905960269659797,2.499260436338745,2.11464233438765,2.9215746748355547,24.719711820277944,19.145801449496602,9.310668321271178,77.01656138894408,86.15017424850086,24.04369230222909,22.444108812874077,6.451622428515211,5.295836669412995,Passive_But_Steady,Educación,Laptop,Fibra,2024-II,67.5822155252258,79.91801241704457,25.568072476985176,0.2712376664349564,0.3850390357860872,0.2901445634652629,2.90562303345182,6.179220195644396,1.5825540651612062,1667.1791606697568,118.77335200453997,122.80961199166438,110.32785394004537,447.22385647988966,96.77759045561905,86.23230239934253,462.7877815313607,330.8460899043562,83.85907801975218,126.70728675029085,480.22308958932257,271.49804874225663,86.20282688368088,94.36358796976309,569.7729781903198,140.4469333957079,101.23829103928458,66.3628094643949,176.01416331922513,240.10753973315602
55.988315881054035,46.663602680959066,5.549552551526857,2.4963119631480954,0.7828997207631818,1.5783456624991685,21.92385389984857,9.865549296220554,9.147265458334171,36.833835546629324,403.43253530130687,19.384414333281402,29.53947048139016,9.172673316197104,6.844196069090194,Passive_But_Steady,Salud,Laptop,Fibra,2025-I,85.0735921516653,130.0147566783075,9.46552213015245,0.7135370556314806,0.34859056265288985,0.8026025162548535,0.8077579128063795,5.359448169048983,2.1806040048368707,1473.8774980856533,105.13346894775277,135.17271536277866,153.9093579631123,407.62867778753036,114.8825157870388,78.67464958586386,604.056875463933,390.3347785606288,78.32121005444661,125.16053012423907,507.33053030234106,259.28151850983755,81.58956721749296,116.26720841549981,834.038608776815,162.6647421645459,79.49870248326093,54.8771262959598,162.52774639910575,173.8877234455072
50.44397567727843,56.14803036485917,4.30606540773463,2.7743029010669344,0.9355931648414061,3.394633230344817,24.43834305860705,9.13882187486999,7.9790633186395326,29.255039686161883,315.17398107790507,21.056588953798734,10.272656325816987,9.041407362019276,6.508305230293807,Passive_But_Steady,Ingeniería,Tablet,DSL,2023-II,70.52688327929862,141.63247253603345,5.823527198294868,0.6246717708404371,0.47411272733787274,0.520417265119136,0.9888169153185608,4.713254025453379,2.407595445339517,2190.660410699238,88.90938026793084,90.36101091548915,114.32245905386291,336.06235264524383,108.72378739423476,90.6074689121399,500.2243920529912,303.5707741996274,80.63422526673116,144.5942715332842,414.33809050361225,244.203230490799,95.89977637096956,104.89219603465978,780.1706764357405,165.3830386676323,113.63178813851141,63.64751125515026,161.08612289578312,208.49827318032737
53.689606851326054,50.689923299781356,5.582175434618936,2.684168156646694,1.1141560105984847,3.5855661881627836,16.37920406583561,17.097352447706108,7.045841264768679,34.50292807445432,398.80223316909434,24.64268556434542,17.253030626801635,10.72209617814093,5.845276338655545,Passive_But_Steady,Humanidades,Desktop,Cable,2025-I,64.68588354036649,120.723169117441,19.53774465529536,0.9359121687064372,0.7012330273527855,0.8749138801245249,2.1455538968486354,5.535132776688139,2.266441603381285,1941.9828530298917,89.73484654054168,119.04462952293254,143.1115228086714,394.0281802049629,141.62579288256995,84.30134303162507,695.7691437994591,395.73130488891627,79.95500640331908,149.5452353200553,478.1826516690773,265.92995087838415,78.91018678219908,122.40067482213786,595.4197012202973,138.8546535957786,96.54700717197014,58.44806098563108,178.77737232738122,236.09601899064717
66.80822240355914,43.54741404294406,5.2197188797505945,2.7890387639160648,1.1328762095526324,3.8941596544161863,20.250003939699525,16.466612713629395,7.4859415215549845,0.2540653566566142,208.9380741047632,21.813645846491593,21.29376856792093,7.401450168917631,7.386095140054665,Passive_But_Steady,Empresariales,Laptop,Cable,2024-I,82.9059149540782,117.29635622956474,20.207004744548808,0.22994915217930195,1.3574393099247801,0.8348483304726658,1.2871131685674908,7.190116210366668,1.4729632498637448,2307.8528997470844,115.81127828070021,114.7256270397458,170.43515933543065,451.50867021179357,114.40906491637894,88.5092674451011,500.61830159119484,447.01914254360975,83.07104180246361,114.20013242216433,456.5470450276175,216.1676054011649,86.14534991298545,140.58948385367182,692.7219069671546,158.02773325395762,141.44907597621602,76.78438253788407,186.58360532264052,286.6124736176529
75.00771857133093,45.432618796142634,4.626172613843671,2.4760657356976274,1.11156673179507,3.1736196518595396,24.895630779696663,18.095870812722595,9.118828622659812,52.45181546982227,175.70000698730797,17.41702090035324,15.67504154582505,4.9331125458290375,6.564269066732767,Passive_But_Steady,Ingeniería,Smartphone,DSL,2024-I,67.15232658491732,101.64791106967542,0.5769327332013274,0.42491255822937846,1.2159865779377554,1.95078682094175,0.9615827982518304,5.377109316432148,1.9400950593445123,2010.493112006955,100.78404055905834,107.05770201521837,152.15824554818838,466.91136487907005,109.60219226582642,85.64236138504705,631.088319679631,343.3201838706013,80.834831311616,103.51413650918171,418.0902521689785,272.1602555384247,82.58867117199674,132.5987832169216,648.3695860661009,169.26586244170022,124.65293667463239,78.27616588052823,155.91311708228005,325.09051927915704
67.73593354357,48.79920204320606,4.689837974693054,2.666211561941487,1.010365762017666,2.222886037829079,20.03720338124438,12.80251225951427,6.672933689987035,62.64817399764188,108.69677881396001,25.00798871523885,16.811115866274044,8.042034261240245,5.659994578142191,Passive_But_Steady,Ingeniería,Laptop,Fibra,2025-I,59.095796015488006,116.75294910546397,7.275544846305637,0.8067227999520634,0.4153937438608759,0.49462054115143655,1.2035853260327245,6.024728195056553,1.6993652140963988,1972.0230229066237,108.2627713718167,127.98124009626893,149.13673787115295,429.868999060052,130.9606521825767,113.82345129111894,666.9928521190761,411.98882987400316,63.003644354170746,109.89274411460335,357.90428099652536,199.62018311177343,79.6620367882546,108.03042458928186,726.3192349810768,181.532051707233,136.8424213852113,63.116117101886374,176.95195217215627,276.56213199061085
38.33502718681192,42.64518455595759,4.321248370259417,2.814166907526064,1.197910816078623,3.8731576481947734,25.04390825861189,15.962137963106366,9.503089718432987,61.11886330155656,310.7336472719125,18.784197221427,18.372522556444704,4.165883701102444,6.793082033448748,Passive_But_Steady,Humanidades,Desktop,Móvil,2024-II,60.58624969640892,67.98247818898312,2.5340743801548906,0.48030648397285347,0.5074878384700275,1.7972204639630316,0.6307522696404119,5.775491704308417,1.424655694427222,1694.3561975517594,105.45592952057528,103.57969272385675,135.88670148293815,462.5999206060559,88.35720092932414,78.16579168213637,659.7786903800124,256.45063278214457,68.59875618661796,134.84034556100409,486.28707550253364,239.56469044400387,77.61840912768926,101.33385382302352,687.0042618642003,177.10215494132478,114.9523210080051,61.84366545853709,145.83463925370012,163.56712562361685
52.44947748919699,48.98682089227555,6.6836078073221135,2.9299961450047864,0.984873362461793,1.584819075922369,18.950726426646536,23.35908933429582,7.348780149583872,77.43934219236738,104.79058277361808,23.20745918298131,19.091968296779935,6.520903939461436,7.240817811774689,Passive_But_Steady,Ingeniería,Smartphone,DSL,2025-I,84.10334714855962,107.35047379654219,3.3914213520871375,1.105774279383497,0.2422083508679106,0.05106288060444747,1.0377240286423473,5.5792458412810735,2.297068440500925,1910.631303304251,116.38063109571875,101.86266954270853,128.87294615422147,420.040032604794,131.60965757524264,111.4610993797472,743.6107336316755,454.3556582821352,96.40872060167558,110.94445432355748,518.6409096528448,289.5984713559767,89.45831081596818,121.02770910891795,722.5109314087878,181.0013823925107,109.32565567282786,79.84780169693585,190.9972260404277,249.8472569722598
66.77906823513237,50.716010838220406,5.9192678832321715,2.884565743629862,1.5526867094161694,3.1566680252859496,24.4189041675945,18.369045154675614,7.176317437004506,23.016626996482103,172.72759963175375,23.347557014973056,10.367433175422876,8.798227384987667,6.52218503203254,Passive_But_Steady,Empresariales,Smartphone,Cable,2025-I,66.7354268643052,85.24562486372473,15.555732243972741,0.2757728780886347,1.8516125141868378,0.1753202102570105,1.3697357827418197,5.05633059266293,2.2794244602921934,1241.933676862666,101.86316731762342,84.01048323515087,140.24582641580193,379.5358581631706,144.05910188153828,96.24519567494016,706.6039140957662,515.0519464512639,87.64671923635912,127.25281276852327,562.6386063468126,282.25824860020583,91.68436268905013,130.96932697538878,740.4472042416946,133.03828864038096,163.13514192000477,63.973732947672964,193.7172431436634,263.71304672028674
69.45292940516106,48.14804498389507,4.957560547713953,2.513258867668389,0.9076884476816856,1.4015386695987941,26.135919066682604,18.419990230829292,7.061167894483328,26.155897081596706,179.19226034685147,22.918107168177656,35.29123875990295,4.702537738858229,6.763166917859467,Passive_But_Steady,Salud,Laptop,DSL,2024-I,62.511784664866866,117.60126510467845,26.84300964863843,0.5132717608926431,1.606227083503469,0.16243586355444894,2.002407709400046,4.563257763415664,1.8223033388488852,2700.9673741190763,115.23287566657069,137.3815526804924,159.84432313189086,495.1258033252968,133.24791207856262,106.78954888309295,696.3395205022746,480.64281558559253,107.17922623503064,137.76153238394522,424.2358424814841,308.0412282876718,79.28530318151574,167.64061045558603,831.6745677054303,208.07543564757822,152.10289245614788,73.46224421641871,180.82958532649803,265.7839375948312
53.30126800213683,51.70092418561004,5.448274948253993,2.6795638879371433,2.1582646529441685,1.6792307404966853,18.69870748418734,15.72012341942199,7.471407683954919,88.01640424636787,161.0487686694907,17.70804337716144,25.018836346499164,1.189949069656698,6.93321284217817,Passive_But_Steady,Humanidades,Smartphone,Cable,2024-II,70.75578898386952,113.56921874665728,13.059748512352979,0.3956658698342574,0.6064948566804008,0.29759882802837967,3.476674943495374,6.5912403354464955,1.4001679559625682,2743.0875819832363,100.2458672735743,138.40727759105593,146.0317295374887,455.78743937899844,131.6462738014412,109.01849251552557,644.9205371622754,445.85383084631053,83.50507389756007,136.55922461628654,363.18541552468406,296.5448160051228,72.73245577815499,138.22021382729855,719.6281824094538,194.2508037171884,132.29045261552076,62.98308305782635,102.86679211056713,261.04076494694306
69.42942876652528,46.60439711484943,5.763284008327275,2.141157500265158,1.080936835638986,0.7757687723772082,18.5091002884839,9.856165484681494,7.200496715840543,32.70310292489128,362.7126877257301,19.331697589593478,15.149661432926463,1.9714696461080703,8.344317662363721,Passive_But_Steady,Educación,Smartphone,Cable,2024-I,66.6006541485027,150.94416609352132,22.67525384432567,1.5638079240652554,1.2059149918771748,0.10423027889479947,0.4010166770334882,4.825618893640007,1.8550438367634896,2569.531822488422,95.16510386153897,110.33413001970642,116.97427105159989,429.198425554867,123.41410601512699,116.83018335962655,664.0044288726807,429.2086380941706,76.71267460754817,120.79899787816785,439.6992256695079,260.3673357970612,74.64926749681155,131.2924132029552,604.5307605138148,153.4183279465107,101.51910948879708,74.6570624954378,134.78683929717923,275.26042635515074
51.519812696529236,57.23159861216218,5.082371601015604,2.3048304943203206,1.5873442624552248,3.1478301369501596,23.61579875713702,20.90497374224345,9.991380070986006,32.34555343805357,185.94609265898174,26.77565807782244,31.53341990023275,11.067537226480535,6.787452759349934,Passive_But_Steady,Empresariales,Desktop,Cable,2024-I,78.57765746868132,113.42897582671644,20.007630374387116,0.332181562631514,0.5229631308372297,0.6774489772125603,1.440662613295216,5.002143457160306,1.6330363419450387,1828.6531643087592,98.29173789420743,141.0806701494759,129.08028719042315,436.5954482473687,108.79731108796896,117.27024526698372,680.7714251769411,330.97896835257393,91.79449343673707,136.67965426823943,522.7366881178074,301.12258695862323,82.29174123792306,138.1686635750015,728.9302456806587,200.1657280716085,128.7275824405403,64.668922563031,180.18909393119898,267.62870949681763
28.775285989126637,47.12273391429062,5.3428033639416626,2.492629374918013,0.7499159631771679,3.0182942170237776,28.14515923286808,21.661926122394572,6.164662946022826,16.835826259051856,213.17197951807606,15.855360571775865,13.76483753808878,7.10075733702101,6.404455363916917,Passive_But_Steady,Ingeniería,Laptop,Fibra,2024-I,71.83923323281857,102.56580214811208,29.251069134216763,0.5110787563744852,1.5977222307802597,1.1920687447980185,0.18064715737711862,6.293212949267848,1.4945295799190799,1741.4095778135677,128.05804277124273,148.75949697139143,184.43263389906357,513.4355797261825,122.7677214968709,97.3235454013111,711.7654698103706,386.6700779394374,99.31781192668004,150.28377588194743,607.4188736190627,254.6258643123664,79.20142378958654,151.83891102775016,766.0317124656525,178.47196921007213,101.46590657579802,69.57933802275983,193.32008852506348,228.1941653740908
80.91036189653467,47.12875343112618,5.281128887850366,2.4597404720305405,1.4202642551898086,2.098467043766383,25.76987703240513,24.54098189506056,8.553588977232499,31.705030810017682,438.7321639802049,28.862933201112675,16.699821531700575,5.990417598328574,6.257995474481048,Passive_But_Steady,Humanidades,Laptop,Cable,2024-II,60.013240406136234,104.90277900869776,21.626480909842858,0.7606722715059903,0.038292494841140834,0.47523099242971445,2.4133412251097393,3.9648931932166587,1.9385948404208782,2346.6762692979823,78.68504359585783,94.35465716074206,124.07884713068495,405.8773950196713,119.90927448220012,118.02380791290953,588.3000415956529,423.01005502427057,69.190527170575,144.87109449703854,318.7326678352924,217.04303261469354,79.17105766203748,120.12352399616468,730.541796517231,180.62997649632248,131.46010851838392,58.290649683385276,160.60255769969262,225.54441825735685
45.002759535083584,55.63008685739584,5.615420404068367,2.6902153685997567,1.206225630186844,2.0885991086047717,27.668512256695237,17.163597767197952,8.678211487876021,-43.262815205721566,173.53329333228703,18.943683165246437,17.483925394181217,2.60867227461187,5.889923895558471,Passive_But_Steady,Salud,Desktop,Fibra,2024-I,72.72293267792878,134.03162185687228,16.705314284017714,0.15493886982136063,0.5014384749644993,0.8152660722242178,2.149330681603572,6.3126348912657715,1.6800392736262404,1576.2454442175404,108.10554827746739,115.54074574586218,133.35891720142467,424.9503100323141,127.28167647126618,105.09603943057418,672.7042930485817,399.9246356082193,85.58818024386571,144.16612690425052,484.67240773392996,265.16013584977435,84.3255859087983,143.921425183159,746.6357605037616,171.84983882822462,100.6044313763817,73.92350356655697,192.79893632699645,257.0817168523907
64.58803204594793,47.62290667209993,6.323401128509125,2.890004105863924,1.0114277102911684,3.897719612326286,18.321487824814405,15.258015904512739,8.927288732633404,37.49766700169973,205.41502544607837,27.393078515194084,27.729632690629817,1.1260375887750893,7.741242589722649,Passive_But_Steady,Humanidades,Laptop,Fibra,2024-II,75.58666502431393,101.99982791548939,16.622568925364483,0.7660827232765377,0.012155444145080185,0.8084499998624148,1.368751285730504,5.7869818308857965,2.0605541896854884,2694.277124033547,121.07662890994962,142.5932191298954,174.56948124363868,482.30086188377373,100.6512563667496,102.60489564171536,652.44950017218,412.31505400376005,90.88506035864836,144.88330447082902,494.92574968021324,319.8355584536241,71.55067564735542,133.51438157330261,834.3828534943552,162.68230172888363,122.18777787387354,59.75777939559547,186.82619057002816,267.8376219530437
80.63303668212946,51.705594931723326,3.4939258695798503,2.732608649674493,0.9885989949209871,2.9863300560435277,18.315014447596845,9.025077317491146,8.75907205469631,28.411957494098864,300.2397299587939,21.594957196761722,18.621797628767045,4.4124713165787535,5.95385318814393,Passive_But_Steady,Empresariales,Smartphone,Fibra,2024-II,77.19902822058837,101.35363222702465,26.679352624018485,0.3030770216898223,0.37478741633891155,0.562124407605118,0.772631329032365,5.6449837811059425,1.7574439006228506,820.8565244743968,121.19409039790843,97.00278924821706,167.97118322164818,404.0615188764126,110.86378883926936,92.2700430572254,577.1641831772829,293.07665978518236,63.58409589871808,124.7900598223226,477.74242918941326,258.5587897310974,86.82123205106677,119.29677723109629,679.5097746447448,163.96039520053995,127.36373758423824,68.33872809371793,172.60682094848335,290.5268391526621
44.81157498298405,55.336903388103835,6.577282907155712,2.6998814697322078,1.7090303013293149,4.275005058187644,20.790970503820336,18.59092951388583,7.3996648293750225,-12.557413258868273,376.5188589355042,19.84026316757823,20.748884553815273,3.7261659143119625,6.508100109959457,Passive_But_Steady,Empresariales,Laptop,Fibra,2023-II,83.75701306441235,115.1774435991089,18.66736460005331,0.2498011084907039,1.371552022068852,0.7552808828963884,2.2404597000527513,5.109228770342384,2.111119509380452,1853.9751669190825,108.72867734376054,127.3865048670728,158.6344505960567,380.7758911573985,138.55207732040873,98.99904531216444,641.1185178512146,311.77061514088837,96.9397585254819,127.7914204772176,521.0525771512749,324.73067604757756,100.31268626942304,130.9831431013905,697.7885860466429,194.10049412126045,117.07538989007334,48.45644217282179,161.94717126120406,256.49846829756115
70.12585332602893,52.238778484119955,3.50615431649236,2.644865198653015,0.9682468485108178,2.4135129454283923,16.704740984033617,19.939057501743303,7.307495127740716,65.91979335659268,295.38747926942926,22.531019884544474,15.02592035077193,4.341610506617866,6.875166181786716,Passive_But_Steady,Ingeniería,Tablet,Fibra,2024-II,86.21822642587017,106.42492729789454,11.99864662576491,0.9856409936844612,0.7975811209705079,0.6926547069163362,1.5311297544716882,5.685916401637818,2.2593393381889357,1530.750063898999,98.254850118295,113.57466753676216,133.40667048282057,532.6292892702943,114.53924116801159,101.36091367122414,756.1029256010587,431.9903130922607,51.392804059910546,147.5456976314034,387.95661265030714,285.8483798474358,90.61910142678906,103.67524015366352,706.7721839206229,141.78492790059488,96.5091754909827,63.205010384732546,181.8815881758652,279.0191628005483
60.82243328984668,47.14728361293391,4.4951907090557865,3.0852939387015645,1.22314792159029,4.722615933073971,21.805691325455722,12.243856155950764,9.912212332883968,-4.4429396811213735,281.36318745260166,15.422598284959651,24.435550524438007,5.907415661626672,5.749285201203747,Passive_But_Steady,Educación,Laptop,DSL,2024-I,80.34943155439976,101.2259589794809,5.565361248392387,0.2561614191227216,1.0716027163285964,1.4330773319710097,1.4661430464993743,6.144102744506926,2.383789346579752,2767.890430019304,105.76336196336601,130.22440261856272,165.84943528368652,511.5243150322118,99.81305990188167,75.71701480343519,658.1911152619814,432.61246962455914,82.44353404818408,150.63919153606608,481.318514571598,264.53092700823066,84.9827507487628,116.42362395148231,841.0091946093642,171.485877853152,124.97580049049267,63.794317453635614,202.0528407048471,249.9018743378009
56.454321147791106,52.69815532064392,4.554700931397849,2.7720761937932075,0.9327241203958673,1.180297810027201,25.11395541051047,15.357966663221351,9.793533959002533,55.806718585096355,124.75201590575867,27.025110406166124,29.939087793247353,10.209423340216096,5.700223279520815,Passive_But_Steady,Salud,Laptop,Fibra,2024-I,77.6567389285567,58.726902859539514,12.854862824119742,1.00495872562014,0.6701195319653422,0.9897265557326602,1.235316957732759,4.565801401108015,2.4923655103332996,2679.037431531092,94.76958539693572,118.38109303252645,170.98674294701004,477.7519200003704,116.30581504678915,89.45981983443237,641.865706386969,349.91942828731163,75.75741740909189,129.46948320292162,404.16598897598953,261.2235205254885,100.0097493626458,146.7494101183552,699.125522324108,177.73461405650175,130.26458105484198,61.539255728706934,172.10612871586693,301.1058433334711
78.08497829025453,52.044223685366966,4.747114760294852,2.557555853933066,1.7726927572512556,1.9133995808414024,25.660392764985357,12.180634933946852,8.552815864904975,65.65350776372871,305.49868883443224,19.703455765759383,22.836463081069287,3.131641426756823,5.931528789816536,Passive_But_Steady,Salud,Laptop,Cable,2024-II,69.67500674731494,69.09250141388553,18.426229086802287,0.3848463004932624,0.4776966819042109,0.3793849738664946,3.303038997554557,6.868319202653369,1.497433156352983,2411.070291050538,85.40304555048115,113.13768583627893,120.97965888495294,403.74985631349796,146.82853381243743,114.75346897989888,652.430465596105,381.2622147490745,83.25207983876894,126.64147452729442,521.667839126913,332.5558919920651,93.21503586415365,144.58064640702716,681.7864413094528,191.03561347672206,122.78674623682913,63.32321148605213,160.0582402952708,289.02572943149346
58.858424936990986,56.066357013943204,6.698122702903541,2.763424504435588,1.0261753765282524,2.5613346964818486,28.694698407411824,13.243390802730358,6.9285590087413285,2.98886065381447,317.44328774897394,27.894864158755016,12.459226569796055,9.248155296556446,5.178803332931486,Passive_But_Steady,Ingeniería,Laptop,Fibra,2024-I,73.7495568473051,108.9130916038108,17.25774137052579,1.5127685992190776,2.242223345923278,0.09362830941756534,0.47543771969174253,5.0307467408503115,1.7837141347983438,3135.8094201633935,125.20944246079422,138.28649538599154,159.34306011011057,430.04552799545,131.72619957661578,88.21745119017852,700.0817285295678,357.3850282244888,87.35056920559396,132.8811125158323,475.2622214755141,306.21337640386207,97.19836376296,131.54533664825962,698.06689272288,178.00082243432047,133.50568588842793,74.62954058009382,192.80498217316926,313.5858034327483
66.84068240853853,53.11289179647811,3.5725452220236047,2.7333157926937854,1.2841756860554197,3.3461780229050717,12.599666311044668,13.786794707798581,5.050230627062736,7.434347867203371,206.64918143186816,14.569054272814437,21.92852620728315,5.330991320416829,7.589478062694756,Passive_But_Steady,Ingeniería,Laptop,Fibra,2025-I,69.3487513177563,132.76673313099872,15.502801802818356,0.8935312910303435,1.0181241972461224,0.41133278290665887,1.1470565126123589,6.0491342254628195,1.5734112886674596,2122.646982666598,95.16827432922317,83.98145041288419,108.4382874502297,389.70571535173224,122.92140920720189,58.9043306945045,580.9518866063408,321.97749436604335,72.54075378113379,136.13897572579157,403.91507476510014,246.00712745961206,86.47294378117056,126.22060430624688,691.1261900179884,144.0349692965776,116.35183833384075,48.74342491538425,160.05203340452843,213.47625649071156
73.88433333791173,56.69359466437623,4.739928361424272,2.544174843729721,0.9104456225292727,2.875009898883866,17.276515134245017,17.174208805219394,6.87399432420288,39.293359271293895,215.3646650661466,23.63834916038249,18.673217845614804,11.735349603093969,6.703777937462128,Passive_But_Steady,Ingeniería,Smartphone,Fibra,2024-II,90.51305909914535,99.82459109131815,17.923687668310144,0.31330208626882455,1.148488731881547,1.3866602278712659,1.7113988773128723,5.054058872384278,1.9796079705331013,2457.846028326721,90.54094655738137,83.32048879354898,158.2462835736603,357.94931470752044,124.62298258206495,84.56921803552355,632.5880039511667,467.9564835274358,64.25786902708407,143.94009506577862,494.3225532364234,268.3006321658589,90.37594810254092,119.11756316882744,724.0338532300626,164.9185064175044,139.673320430438,61.13392016423511,195.12086467645244,270.4938826533095
36.184930566186246,43.00905300067508,3.7697325040673824,2.4807582942813915,0.976030015183181,2.776797174389704,25.68623677826395,17.897402064409583,8.296531048266573,70.26800876223595,160.34401183964602,20.677303589747762,19.218220028212727,9.741108583178361,8.52920456776203,Passive_But_Steady,Salud,Desktop,Fibra,2024-II,72.40255787643942,74.7941690787513,9.088470410722481,0.4239020299284448,0.6974136252366991,0.8672860495380096,1.3922707916877703,4.5146550820938085,2.025770926834176,1272.203535774995,102.97528928289739,124.63287257640111,151.21860046351844,447.53353809819737,113.16882304514635,82.19093875502952,581.7778321711835,306.8073352192474,83.78707575002485,114.45944944237372,441.73882563823315,242.07645300268743,86.37573912497578,125.38521755655927,555.2854864242213,141.84251190928342,119.5985189063954,69.7973451742058,193.90601348571647,263.63616480415396
43.520780157001305,51.34381846525881,4.203642199792021,2.660928697640298,1.3016602030642528,2.4170965097478043,24.162745661465806,18.792004305757718,10.75045179386718,9.707589317416108,442.4019562249847,19.08044340329121,23.50467319889148,2.408873590867811,5.286300350876798,Passive_But_Steady,Humanidades,Desktop,Cable,2024-II,75.98265539239038,76.11490693222463,27.60924609039239,1.3490876410548744,0.27364913887695375,0.867710754169197,0.10193344531834625,6.161912501095335,1.6065814985775848,1957.5637675210805,90.3294813764754,79.31073649755439,169.32936309544232,330.25729583470854,103.71766284355259,102.93693176407008,617.800237545942,342.0548240551634,90.80221551757703,124.85322979717438,469.9877082301245,299.4730834177595,74.51719810440875,107.6220332891142,717.0666124112904,146.69656086336886,128.00338132072827,49.89905925531875,181.83192165601744,231.59899758673092
48.77419663829495,44.34755305201831,4.879457213751002,3.189284028019473,0.860858260296327,1.8220660139021243,16.89678706820447,17.301329224995314,8.952965843719324,63.18028148524017,340.3785161688926,23.281640675275614,20.032070322797214,3.5621780611655356,4.2805516920822955,Passive_But_Steady,Salud,Tablet,Cable,2023-II,65.89710021987523,126.35930716585366,22.02992880385821,0.3298774639048954,1.3418177545967949,0.43966057767788125,0.8787836370202854,6.439549290273241,1.8445862338632284,2190.8057250076067,83.75757028989453,103.6930409231809,149.5660787339802,367.6982989058608,119.28753576372482,84.62432199729331,675.7244036935274,401.0463323044952,76.34794870762697,131.2249698103659,402.1587196836327,236.8788626727034,95.03187393285462,91.97162034960246,665.8235059020004,178.83788042207942,104.46157895434574,68.33212274186361,164.5363109449901,241.55789754319355
61.49520941414153,43.070106967061996,4.677632077636348,2.3476007110996306,0.8717648039905002,2.32582688101997,24.19597202667726,12.072762387605518,8.059135045139016,65.12946797151562,184.5396534753121,18.683328950817515,11.896955850734361,1.087190663436704,5.948756162857426,Passive_But_Steady,Educación,Laptop,Fibra,2023-II,75.3621402485721,92.21629784201676,16.125563341389128,0.8576586198305727,0.4066878732208833,0.4924460489205651,0.42225097627925795,5.202059279735564,1.8183644454057204,1646.611825954968,114.707874760485,122.78695647594505,139.99690951989055,476.6480221518535,115.86865907959726,77.46084247869425,721.2865238323486,417.1095493508532,83.63148721259093,126.12576215501431,521.6814772235649,195.13890109843257,102.97023109507847,153.3875887882505,661.3125419375517,169.39311160682138,101.55606787512374,70.85099355492669,163.53178237672807,209.444857323675
30.875050367277495,47.267747937841804,5.945990018380786,2.6797613500916144,1.38256872878176,5.827469572921886,18.982254954563903,11.617650509813352,8.850775833771367,-12.150241600920651,316.40712237001827,12.609770693381774,22.701454873973216,7.8768479431202305,5.728320165157592,Passive_But_Steady,Ingeniería,Laptop,Fibra,2023-II,102.75109392729756,110.80546217953888,12.106715660356297,0.3073472739548716,0.37290769211113284,0.5667838118156772,1.5092006873440313,6.547066766998677,1.5976009151287658,2275.8248909025383,83.93362040492788,92.05819363694276,107.5451545417558,445.9091739759035,92.54898690860965,70.80302915365993,372.1137609358559,313.09916912645105,82.77316512589555,109.49341545194743,432.89938215124795,191.1692478499743,81.02082202344243,91.10566730842076,653.3236697299976,115.76532652345632,116.06396300155181,60.48662488925956,177.95997883914174,235.21496898946668
68.49102552373797,55.975181542370215,4.5105112770729425,2.282338549311322,1.184249413313228,1.6653517898006125,17.68987627757676,16.908932570746533,6.539262568886167,57.81675889966029,203.31431686080677,24.8507926819307,16.638525845964228,5.09129090503871,5.647682964970688,Passive_But_Steady,Empresariales,Laptop,DSL,2024-I,64.50449212648938,97.38210194844646,20.46264775712278,0.9707504488831691,0.3868801877913737,0.060977459414977286,0.6310161355825141,4.373035347866475,2.210521643080863,1092.6286769129047,71.49096805167002,89.109240025778,122.79741819404704,306.1973149479218,107.39343726857683,82.77939811701475,685.6103548613352,315.5307157288292,62.17601960422831,136.06232787632516,485.92705706565914,325.47864496277816,89.98564161375651,140.40065802057032,561.4666668421999,168.41810701565078,108.18162887983695,55.26081913346537,139.66122657229587,190.82037657175385
83.24874136781558,40.677255128473334,6.172645786171098,2.774380097483256,0.7714578931425637,1.6899944647555234,24.203091036873847,19.79787924645678,9.254727263261259,93.27268628579995,230.5461382132399,15.959579675886964,13.817004111125158,2.875727349597451,6.000486925509241,Passive_But_Steady,Empresariales,Tablet,Fibra,2024-I,56.55997043026422,107.29460500001215,8.470003801863207,0.10611893817592963,2.049527498950256,0.8772850870388661,0.9932492606789618,5.016216647252004,2.614337918824818,2413.7414027621758,134.77232673502877,129.96526838433334,153.11145979208973,541.0668408110747,132.08723827592826,96.62880142685698,608.1453263985427,459.2942165620872,86.3058213232998,137.04670972845466,456.01197372323696,282.5716320693702,70.51449341754756,130.79460850464346,634.0472355790258,192.65523632693237,128.8878138856863,71.37058558845176,212.19943277332186,265.54777111265923
66.53487614675662,45.196275841999096,6.385364167488261,2.6335731108165588,0.9907356443714046,3.951560008762644,14.015432833170628,16.02933535583159,9.096107814799554,45.5056949002489,322.40240372152743,17.324391552360186,18.97983337555786,7.7614418579578,4.391049326095167,Passive_But_Steady,Humanidades,Laptop,Fibra,2025-I,76.98246095841058,110.33028914876436,15.93252769028479,0.3134516481213143,0.7068245690513585,2.036842853862318,0.6651983160664751,5.356513491180449,1.485052177567488,1918.6383570069659,106.01506481460491,113.45872465831393,158.29220577514863,522.8940096500452,81.98865911259229,70.75248810966735,559.8051455935516,366.62977502372786,66.49259037417951,100.05863318845586,504.6101249372208,229.78280287185018,91.4295427374164,86.4808873370813,727.8990228976742,170.95872147147608,106.8538317430034,73.4370777429109,177.50649156016988,269.93742753786205
27.950814587540066,48.537777321363485,4.503885447106561,2.1623604373380525,0.9412275055297682,3.5004760541366404,25.522594657181834,10.864173430939061,7.245132936112882,58.45322030972197,341.91516378672503,25.88024044268234,15.641248827302885,6.322286101884397,5.0057298975074564,Passive_But_Steady,Educación,Laptop,Cable,2024-I,66.68746997008405,96.25744802969555,17.001314816037215,0.8488009091008221,0.14825636471563786,1.1862189613937317,0.6907290017990654,5.229249856547465,1.4375642634102659,1734.117224184828,86.69552375789496,91.70060382659786,106.09777798538795,240.85593558281766,120.75890988343019,90.35069516687962,771.8025376296429,348.48749626909074,67.29643395033239,107.18845146260136,357.2958766026764,246.96339337069617,80.5089372979424,126.45812817538547,606.4259757806502,177.07645654521383,118.66604652886602,66.67126597915092,144.8597608133169,202.61880260604397
41.836925582238834,57.24457703462112,5.980243514366247,2.653562841443513,1.165013042037645,2.632463571001229,17.936802384925947,14.617648813956622,7.847587278605431,69.36677085781064,157.9409613356594,26.755376179969165,11.413075405921319,5.9039038511702255,6.289438773064268,Passive_But_Steady,Salud,Desktop,Fibra,2024-II,73.02627718922663,118.49365611416671,6.678015703161165,0.7448734891852741,0.026182876005739264,0.3138272576106229,1.1419629815894403,5.607892988228928,1.924935778783917,2554.618981676001,106.7516893615805,99.19550412943855,123.35564391138341,332.13509289047835,105.63265813604218,110.90723807579039,640.829509630532,409.0191126939032,86.68949343404027,114.12547048995162,399.8598383353192,231.0374943841226,96.9919543931524,99.88951725397284,774.1353765855473,151.24028820316553,115.42836600309757,76.54562831711141,171.11016218009942,238.82827365380075
70.40187451240482,55.421576141847964,5.6623987219769205,2.9083820828904323,0.8900027232264593,2.098085090454275,25.248102972128084,13.998698465446674,7.478340171692174,38.33900391808262,359.09029204420284,26.212383067908622,27.62552307200105,13.514776111498135,5.442056789232302,Passive_But_Steady,Educación,Smartphone,Móvil,2024-I,71.17020488861974,92.31888472129867,16.76082928458159,0.31715377797120015,1.6119580896950196,0.9266472686662721,0.5734029984663479,6.191397552009252,1.9839796286571314,2942.7666885739372,107.82000853497065,117.63675584736042,129.14333512352243,444.9439302544527,113.37756727908611,110.82418360053191,658.092348349666,409.6581757712323,89.22567669030025,138.46980731749963,544.5511403709139,326.23875395006775,93.32882848571684,150.23958023463078,864.7896418454229,185.47480578032494,128.90675994788106,62.74092440629097,214.2667386115381,248.77158967421354
50.211251969489425,48.7486727548384,6.116982055312703,2.7273246733277396,1.0582461229128421,3.414336753965857,23.11811334738374,14.42915785844478,7.418934457903788,27.51300638918756,298.5146874687244,24.144751525827804,3.766431412840544,6.579185050350376,6.8274472869879235,Passive_But_Steady,Ingeniería,Desktop,Cable,2024-I,75.6144387996126,71.67725026076464,11.588243799787184,1.257824494500798,0.6427604583111635,0.28540118533158,1.0604341832870767,5.470349613069318,1.7507297335883265,2641.222345579908,102.39707423449434,111.93219637081604,157.11332027125016,461.83188877518035,109.37301919675357,108.05395013744258,566.848668141876,399.5283471590479,95.1602938662402,127.14634612581898,518.0198181931668,292.0300413706351,82.35676396567003,118.34351944588701,563.9407398407461,185.57867826151173,100.9823183630388,54.97660806109627,153.4304856548954,216.75105472371703
68.10734537939504,53.05252001834384,6.6155790541400465,2.6079335623306554,0.8794388797217402,2.621756784805906,25.07636006114103,8.749657485668576,9.234949549823607,0.09927752875579543,213.11731550105537,19.42614213006481,38.89719131924368,7.9203818120426,6.015286729000476,Passive_But_Steady,Empresariales,Smartphone,Fibra,2024-I,73.70613264574449,69.21173584236787,8.179860907678734,0.7229092658902098,1.233679089147493,0.32725161773686434,2.109104586930328,6.27732201654665,1.8225755952374718,1736.0440794915753,100.89710814769182,117.96755703275767,171.97034070415856,471.2896442326446,112.35525410545642,94.50026098338587,728.3782789661483,406.22779767521024,89.43402332733255,151.14148631448873,446.1711672508977,305.6487659598474,98.70375081426799,129.18971896346696,803.5354435623549,128.82029688804718,139.38738071628174,72.22438420290935,180.2547745769868,209.69563917914277
80.55340768803991,62.389520209893604,4.742579450702365,2.719713996581705,1.3776771727587325,2.039193151052237,24.246524217514576,10.818355489450358,8.20223707509386,33.87898789187969,278.231635090958,24.857811790404753,26.082852746976208,4.526904673730356,6.152932148432196,Passive_But_Steady,Ingeniería,Tablet,Fibra,2024-II,65.44893136327961,101.03686481380426,18.193087828151253,0.42906209876239626,0.2282136909024509,0.7684162439485669,1.4193127397932683,4.502490996697675,2.1711837262753764,2529.2662315161992,107.83176675619835,116.83946350199524,174.52106509005998,452.2354497548567,106.088794854801,99.92304573696472,740.682180951564,420.35184022516836,83.04927008964492,160.91646766965505,565.4479075162564,327.76638205771644,74.37995612119914,119.21046826042917,784.2900086691895,160.57262734982314,134.78783114430507,71.73938155954949,153.25410105872166,233.49252489184988
58.16815518656916,50.077978887941754,4.3942142959363535,2.9367426826631986,1.0323606159142147,4.615781464258776,22.322944749628146,12.798801734626725,7.586479892641968,78.56930330666522,300.38791368816544,19.11256156309717,14.015817604787879,5.682387575662169,7.370591177966872,Passive_But_Steady,Salud,Laptop,Cable,2024-I,77.93105682388726,125.24162410548456,32.99189319531483,0.6634895184283481,0.652820670826237,0.43486836864898915,0.9473023058975496,6.477747133755841,1.4557471809349696,2039.847614934379,98.73156444605564,84.94410319139935,155.1876959395222,472.3028656273456,90.69127433605505,90.45440528064809,484.6212717775312,311.06113658543103,86.3869519700321,142.54451168690525,466.3484729805918,277.988674072878,94.55264562241287,109.39725138633342,796.2637642785885,160.20254072896518,112.44440504851487,76.78672235977766,173.44718564988335,219.35026434219094
65.13249513831613,46.58406836694641,5.143717493296639,2.537195174669516,0.9883834069061438,2.745372979494808,11.764326588300959,13.831570290722802,9.417943608642386,40.218547569858984,239.72203161217934,31.31080691269824,21.60939711163836,5.826574395842881,7.019568497588533,Passive_But_Steady,Ingeniería,Tablet,Fibra,2024-I,61.5269348122341,127.0406354001406,12.444417069170882,0.5712141102448806,0.5301207891142492,1.7992456182590535,-0.31948482545883466,4.773078607221326,1.8382652270632693,2782.7995147601514,94.80758855492526,77.48044775164337,120.22529438585401,321.90546193405333,95.27206417210344,88.42649206942973,615.4119260713393,371.8021993448465,97.01052493259496,128.9460590233134,468.0107644536971,284.3662029214048,81.76512289387894,133.57444738921694,715.9592099189987,176.05606554851752,151.4968164074409,81.27629535308654,177.3698879214187,267.90925975339405
76.54094998368002,51.395300976004215,3.7215870022069284,2.4457915523913636,1.8299538601270635,3.33342008477269,23.563694359727847,11.378190219862589,6.8331628259983335,-46.70246322589206,284.9109966200235,20.529723034813493,19.533068467261657,10.859164633293314,5.102563532562205,Passive_But_Steady,Empresariales,Smartphone,Móvil,2024-II,64.43213220024555,102.03879001194191,20.027292873806267,0.34172518752119374,1.1040721287022885,0.21545219799081794,2.4876599019695944,4.7286808413055645,1.8068640904627076,2301.80692168419,104.84248913879713,97.64668836115837,146.59557929278202,402.7619600455835,111.44986141063876,95.3865122190686,501.23117678676203,337.1859734630098,86.78745828108897,140.62749227519097,402.0569033082017,263.90366067844894,88.49631455010812,105.38615142126436,692.3735991350948,169.22927523707386,102.20329983271172,48.26331653759607,167.1455886209463,188.56090301921685
80.39849199786077,46.07878059349687,5.044572676011478,2.477772230432761,0.886051639015608,3.7187488988699577,20.371043825610393,10.037677227938723,10.250672098561749,87.60276722326732,316.27204258413946,27.48162169884735,19.382326288260835,5.35645659971603,6.354435345968244,Passive_But_Steady,Empresariales,Laptop,Cable,2024-II,73.24509419277564,91.92635376903932,19.5377818570996,0.38282014792574093,1.2966375517653261,0.5534542293740016,1.3364986280842133,6.03538650347649,1.5854828516323987,1400.6606250713667,103.74431925313647,126.11290965644402,157.86872283747968,395.1713116765593,113.36613510343985,118.1723344206576,697.2143331518934,443.54713222391445,90.50074220658246,128.47674763090205,502.00766737123917,246.13452565600704,95.89334301668409,128.5348376193959,682.8059442001055,153.2067282308669,121.38395402325268,71.77269456473685,188.57258874331856,250.7381505016769
110.8064228549506,50.110504284632256,5.395693071992339,2.5457546006347394,1.2734339011973332,2.7219964233813942,25.818072400867017,17.3311656316771,7.615949635440589,59.616092588343,189.41801596265148,24.27486627135568,20.916536133076274,4.670418084862893,8.55641740408666,Passive_But_Steady,Educación,Laptop,Fibra,2023-II,64.97719806856574,118.14908817567702,23.96742273159085,0.4875626958076701,0.9006021281587472,0.7890838469245818,0.49240045088985496,5.7571667321700195,1.825538140909852,2062.042605947444,101.3681776145209,84.73944842631013,133.66910344639416,404.22466854258147,148.5644268205767,98.40741174400326,702.2685945809073,391.7358220178016,77.43536398396014,169.07754913724193,478.42151764286496,295.29144643660186,79.4324540615539,98.58334889681191,713.601691749867,172.4490369722737,129.76337344253113,73.75884508956703,175.41805702056467,253.57750345219745
58.21280248688289,51.909914512081876,6.647937093092661,2.654825322932281,0.9307630450529881,3.785283631449253,22.89213137387572,16.452866324269696,9.519803207126234,26.25215158610252,258.3472807138598,26.120734460811963,16.523196229797495,-1.0312146217473162,5.674298063493748,Passive_But_Steady,Empresariales,Laptop,Cable,2024-II,59.77935997321156,99.7234165231992,33.33252417201781,0.7576508611575601,0.8120577402166174,0.02151436246152394,1.2069131249291005,6.228077164235257,1.1539014981334086,1754.5230563296877,85.76516224599025,122.03648767451257,136.08518551068957,495.96234044466485,116.7391209133135,77.77417135397118,658.1040492908135,302.426308877911,87.53569771959285,146.43890873347542,464.10579404425886,257.50980739567507,76.96286948983507,138.93075074504281,719.261660156618,165.02918879881855,111.5039889284798,68.0786244025209,156.72080513819577,250.36751848924803
114.94769353491213,55.948579042783216,4.347000355899001,2.610680934849943,1.1710249679381857,2.847894072090598,22.35380301817433,23.212377848323168,7.4807248823927335,70.8602252595744,235.35447652008287,19.77584086152955,23.559970605602146,3.383650295230418,6.41888281473272,Passive_But_Steady,Ingeniería,Laptop,Fibra,2024-II,66.50881443565564,146.88011175736273,23.696359206307214,0.5082465692058593,0.2803838971807192,0.7984659932559508,1.7402720740436737,6.442028819160403,1.487902244787642,1783.8631154355678,115.86403473580205,115.94909808261018,155.61958166363348,450.2364349522745,122.84504489639181,118.59704895473982,633.4135903386139,494.7124308172371,102.12876680263463,116.78905393169887,441.32884439794753,272.2891070581883,96.3777683205095,134.57492609327213,826.9522982751942,157.4980650046679,135.56928089805544,80.1219206478654,174.3091167008294,279.8156504721065
66.26765857822397,49.17824906867191,5.536418047127814,2.7417442850869445,0.8884561575007452,2.581976680888764,31.944680916454622,22.761137665469132,8.224373689576186,65.92700747146013,251.81088176212717,19.697796572353695,17.509184156102073,10.667334184996184,6.057040835008226,Passive_But_Steady,Educación,Smartphone,Fibra,2024-II,75.20647606419787,95.1354221601855,29.65854566047278,1.348710089517873,0.3673834907246882,0.4736811774851474,0.378247198830106,5.643938880559263,2.0080927103428556,2028.9044455560372,138.39490372120252,147.1226986779441,198.36799860315787,546.7970850649308,113.0541416897418,128.27725344956968,742.9245522362248,489.2585663760859,89.49120943612641,130.0004904954836,462.75823142975844,275.90886573625664,90.50595876249795,128.4416872302076,762.5836016322181,171.33139465538093,99.2272858642468,72.49463474203942,142.14441875710307,241.52131720529783
33.43402026650641,51.06619766220106,5.2709088791567655,2.4490531045383572,0.7538286791730462,3.262525817717438,20.108737941486254,21.027214166703168,9.628929633836043,-34.260093022555694,395.74931567772074,20.095511715157137,3.9669948712758547,6.163918795124385,4.808701161719521,Passive_But_Steady,Educación,Laptop,Cable,2024-I,74.4136208771056,76.04847060296224,36.77614195501247,0.3202480443879093,1.0490272426559644,1.9850852228671771,1.294703379336652,5.438007650296366,1.9090583783817416,2352.310474244855,82.525385807951,80.50998101978224,129.38480904632084,346.31614098341527,109.58345084155106,78.08540734141717,600.7477286110006,279.0935220720017,63.27470954037799,90.56699699565675,451.90569115008503,209.06417686027916,90.34945298959802,97.76392161069444,590.6985294147399,139.90447990822622,82.75649866406059,60.54915324553898,132.51776457842283,184.73153182586347
67.67013227498569,42.1170642857773,5.103852105591143,2.627344484424505,1.0581295624451132,3.3200085267987096,23.86230620383501,18.045642704450255,10.01802614429449,71.05977138486838,249.29854968051785,19.058346462153327,21.872528722598837,11.300938470274895,6.347579666577607,Passive_But_Steady,Humanidades,Laptop,Cable,2024-I,71.06967173057734,89.62894075375854,7.856051333806767,0.9847088341800753,1.5268150946012011,0.051416062612378244,0.18932489562576654,4.6824063942511795,2.3144005481456684,2694.2275308729704,112.96674732630893,126.76400855559554,168.6330908962017,499.87657002396963,122.23792439547265,87.91232260269977,690.1948057393255,347.8797106661157,106.13221420570163,112.62010017770116,602.3566250762615,253.97388530321464,77.61090517535804,142.12062786269223,563.7501500571525,155.85977389999724,108.52716366522097,74.18810489135755,198.45228290291425,271.09722712067827
39.989823903124915,56.22029230272616,5.295079521281319,2.9374796387593514,1.711504931106114,2.2668718993122585,20.229283079556268,10.332923535310947,7.757098129877432,1.9179181417549387,289.32898125133033,21.791058301708397,20.538805944964786,10.613857671030255,8.391824273701321,Passive_But_Steady,Empresariales,Smartphone,Cable,2024-I,77.24289286484462,92.67146725560514,25.040668241312865,0.2693176287705077,0.08630414955072051,1.5384721733353277,2.7046600206884306,5.860319435605627,1.7715127441582408,1933.0053599255461,104.40778377544338,108.95136819130356,120.43551138881011,423.1266908245041,96.21792910019064,73.55484291581004,636.8382633483568,385.5259022656039,76.76809188116351,148.62682974225734,460.5128040345508,217.82961467320573,91.32351805949824,138.28793964891506,707.7092570746463,164.62896102052534,114.09470642593311,70.62685918595305,210.86805899922567,268.8368474456183
59.80862055533432,48.46531752007194,5.556901597012934,2.3289058176426103,0.7607289851890915,1.1164546416110785,22.358315154164053,13.915332027736527,6.8223556004773505,27.356489503155537,350.9673217401805,21.34368752201788,23.796348015253475,5.011470231784728,5.90484680493933,Passive_But_Steady,Educación,Laptop,Fibra,2025-I,77.89259042488331,98.65283954618046,27.10053550911949,0.7530852249100431,0.1948144467261936,0.29059877945010026,1.147027321672178,4.582910852124253,1.9727685588131036,2864.1704066182942,104.96657077325204,114.2626569954032,133.20243857799636,437.7894522519345,120.6261492279179,98.21915496379343,653.055071684425,405.80074357009477,73.492377405965,104.6421426078405,455.429804848956,243.6614082919402,78.38247185859896,120.16888932645287,648.6175239694123,145.7837299908329,110.52202899586175,51.13749985943658,149.32937508415054,234.6955530627422
43.39406776172189,50.31121867303316,4.907505228618659,2.4307405904909367,1.3149163520351224,3.7436666237372673,21.335079988342297,13.31741323392969,10.473207755951705,42.59812601181798,190.1394916011233,18.19936829689928,14.132550476326548,9.919984320646005,6.4283727602056935,Passive_But_Steady,Educación,Laptop,Cable,2024-I,86.17066994560227,94.01120085851711,20.361858571029213,0.41432819032817175,0.9250556852473233,0.14760257818168793,2.236734830423258,5.1455231691204215,1.7273018387189545,1312.3459030695958,74.9484374882415,93.87332694780218,115.05978483538351,408.8375396741194,101.97767870884755,85.23990729090337,541.6165015823001,329.06608109790557,87.27431270579947,108.2420666984525,479.48191101477846,274.8457220045004,95.03190260780491,105.00932776275457,679.0116352132793,175.78570417818742,98.94011846140292,64.18337718800828,163.90207729883642,201.0640890322711
65.94982933581161,66.149201710393,7.031433240661301,2.72972498317275,1.865974138779066,2.8298212927191067,21.17249413663081,20.9095453080956,6.346896041745678,54.7654402655463,204.02244607120963,22.123863998952373,23.184150254190374,-0.6295519696833707,6.893268064619775,Passive_But_Steady,Ingeniería,Smartphone,Fibra,2025-I,71.67087056736439,106.11063437521568,35.93789836606042,0.2761447444840463,-0.035628144673693324,1.780788714721635,1.927462581959226,4.494370958026382,2.305711656654249,1777.3519263759454,112.43977505044072,115.24780569837596,134.34287955584642,530.125243657232,107.1468933236035,91.96977544307059,614.9376542275231,353.16034651547403,95.59570104523102,104.15946053213672,495.79187015752177,253.79721297563637,62.09009513116227,98.4031339052608,712.1589368032795,142.91429543444426,134.15244980951934,77.16318036057127,187.440059414226,258.7079832182248
67.98919773097585,55.376338673168014,5.45808411352644,2.4414233333867186,1.09001384903053,2.529271581320201,18.547272817606856,12.283937458553664,8.299061630881633,44.278651291962674,229.13108127647888,23.09761658365691,15.36393004435319,7.49650164981565,4.818117311902746,Passive_But_Steady,Ingeniería,Laptop,Cable,2024-I,59.16381402077711,73.10761406980303,4.3106724746748135,0.7490247231272968,2.503827810342206,0.6720803098327635,1.3527457095523427,4.488704484132499,2.211389795363294,3321.1344796597546,111.2852234145409,122.1240567975188,127.43725403893465,413.61294409751457,123.5601883228116,93.08039618806045,673.5118434724176,421.8994085647622,71.90376116991106,151.45583250519408,435.5097688184942,346.23012138598324,101.94062565449588,125.5154607193986,746.4365916276084,166.297121294971,129.68190908957826,61.03650357997558,204.64726628495418,251.2577168358537
33.18826628368194,48.67398037267513,4.394583175696709,2.5686785610495653,0.9189556015070885,3.405439292516148,30.60519040926089,13.32968194572351,6.558547961540346,-5.117621061561671,264.5203636805006,22.483720880723215,23.00008589295303,6.368962247146648,6.970599693151358,Passive_But_Steady,Ingeniería,Tablet,Cable,2024-I,73.82611500167282,114.27991692662827,22.874025812239022,1.0131129027271275,-0.04845451794142347,0.6286291641667281,1.2921334758974732,5.034505075886096,2.4964984011541134,1622.1419887275367,105.09287549099989,95.5692273736858,131.07901336944485,429.08452811200135,120.47442146651859,102.68212524753199,766.6515420457445,404.4588413162702,86.83245678886911,142.64428817933174,436.0541997273351,299.73611770204207,95.05942133549473,94.55112118493766,691.7422793083314,157.36400208456567,105.219331993521,52.92596455918434,166.7954637776442,194.06356490384002
63.953433853730445,43.60915374791245,6.5171948362777075,2.649227685374853,0.8841864532408973,2.9050388979577977,23.564062906240522,12.88236302015373,7.788122118174405,23.6909183680743,198.9932415470263,28.40115128062837,27.273705721226612,4.631981523972451,6.16273015019981,Passive_But_Steady,Salud,Laptop,Cable,2024-I,57.485172271398746,71.89864963902137,30.75775143640231,1.0576482918971426,-0.18993114148985224,0.792775613393673,-0.6207729831355314,5.601316610835327,1.651422021713814,2903.2440603111,105.84972061055421,88.00466038646233,129.6209164638213,376.042066393433,121.88910937964496,96.20850346112663,736.137418574045,324.4884714360268,85.33217540635971,137.62380248128352,500.3541459681823,284.01336771724743,90.4106863495136,144.0017722005945,804.0483550191879,176.47215161684434,94.12992940537303,69.4448023233788,155.6106151466129,202.62567088017562
96.1357681266679,66.3183731409689,5.276703839120815,2.4450355829951222,1.3217028850352395,-0.14278107176960642,18.531463585810034,15.04445422138037,8.543522985646758,64.29501828121583,285.1115517801912,22.516765618706238,18.836869132889,7.228424058388066,7.576600179292933,Passive_But_Steady,Empresariales,Laptop,Móvil,2023-II,64.27960197098935,117.44187648919318,7.344477027266971,0.837427243414105,0.1495639908215058,0.09357402247424745,0.5452819974051737,6.254298891120983,1.6100172319316364,2225.3804619200296,99.94429847549108,105.6057479845688,171.67883533664133,426.9506225590821,114.43868148800405,99.56352357800174,552.7284807657218,312.23450010536345,99.97370110543483,146.83968250054232,470.90512527000493,328.9634417077489,78.43703737922252,145.65273931089928,767.6407118564867,170.90710337364982,117.39269454308224,76.02188862677032,151.11371614864797,270.5437200870876
74.06707093004108,58.119734253076906,5.439216988381549,2.8886199245358033,0.7382073430162179,2.7003529510480515,16.85062166348582,20.338660564649324,8.591845607523224,66.69666264341944,204.0588784420869,26.38754940865758,20.319504321323738,9.60158442344419,6.275598010640199,Passive_But_Steady,Humanidades,Laptop,DSL,2025-I,70.32709700472228,92.4816747328249,21.998768716453103,0.48824146561239024,0.03794909973172422,1.0958238871782362,1.5272421764613675,5.480037551783514,1.5464023161650338,2205.12733752294,98.60996939282276,118.05233321554397,121.88545006773239,492.28162210899313,133.10313878956373,110.35713600019594,748.7209885346838,497.25193554822994,87.08879505182442,139.55655012459513,438.7208908453983,234.7486411931372,85.64842143265642,143.77444141006274,533.6864440371572,180.39332637897743,114.74597423776106,80.05440770879015,157.5814994792898,280.7162001094572
37.32384619848396,48.85447664913645,5.67595179909077,2.8535949094732755,2.3967678986599945,3.554420845123879,18.615895034541623,15.371009980940565,4.744739338096998,1.6965041888641146,411.84786322794946,19.388371122193767,13.736630261719908,8.109025390072357,6.431968067231545,Passive_But_Steady,Salud,Laptop,Móvil,2024-II,67.17623705131695,146.45124960734853,8.55693312779038,0.1613544406912349,0.20410837465430826,0.270673285375787,2.962969010130502,6.046331927739124,1.6988628135262032,2745.6999665735584,117.60547524089426,106.31081019612489,152.45331368228887,393.0196116480292,120.146410621342,110.32076485597194,755.1224259524233,441.7320465248388,92.94813744502906,127.7794124939004,446.79954676876514,296.67240692745247,76.47184621763685,111.94623754256135,665.095210337832,144.56827180199252,157.87662428008676,91.34052062100459,222.1078146188836,281.85736873554333
88.04161803970267,52.10044847012777,3.8198415438924704,2.72380690366852,0.7351542810631639,4.034353439457889,26.037769753144033,9.657182197670501,8.653874604500585,80.88490125660036,339.6510829004229,24.101412535622032,27.408890329513294,10.49906441217452,7.235874549772254,Passive_But_Steady,Educación,Smartphone,Móvil,2024-II,77.07778538328945,140.64566072690542,15.760843380348557,0.41091617677197195,0.9647380111090894,0.983752704711932,0.3586636555466616,5.902402133584976,2.0540556127581,2674.638376133862,95.4707973984089,106.44038757779556,171.33151222729495,438.3410817432497,111.5133917137312,86.34763670425875,601.6144718452463,380.354786763956,98.3423713652865,125.06941451347937,517.6352401925617,265.66545944513666,101.90898303695668,154.94085837335783,783.273245422683,169.13292469544362,112.64390395237601,68.9784916256732,193.16554132528375,260.54518710288744
62.79859079749829,48.64905138575411,5.948306774404685,2.589082494842216,1.21284156189953,3.5897417158043745,20.493739012151316,15.904431979428832,8.818506500975257,27.149997224473616,272.4315015352032,23.235621623377625,20.06052478886577,-0.3533819909939906,8.00657198434398,Passive_But_Steady,Empresariales,Smartphone,DSL,2024-II,74.49815477765796,104.00428802132134,38.19752476652014,0.1173102922950022,0.44053262649676284,1.4585501204354459,0.6610359810930351,6.077897482760958,1.544905968037714,2965.7288895666834,97.34065080606673,85.88174035320681,125.19782023536185,298.62749946370286,120.84549017803309,104.12564065852386,755.7143014333944,400.9397261111101,85.15765162569956,146.62718657310472,517.2417949498765,270.39080065198806,85.36586198083836,158.3655666759311,658.7802904929516,199.99448928393264,114.94331555202811,70.46280318369834,169.28924816611814,255.66097386758952
64.70960800891389,56.29876600956026,3.4222734356247426,2.470802380774961,0.9856530479346272,2.6246990814475297,24.359460971668636,16.265641271559048,8.34153104087398,49.20278844438181,158.9490579292256,23.017035798649637,33.22831108372573,4.337767577414819,4.045768296478089,Passive_But_Steady,Ingeniería,Smartphone,Móvil,2024-II,70.9916073309706,93.02099392292727,17.320711850016544,0.05250692397524935,-0.20538173744967847,1.170690283550318,0.5285522032159076,5.178397472875502,2.2628467474933,2125.887536672099,98.59955565212366,120.47112443577743,131.80016753350583,408.744725625559,128.45934693097524,99.81115825267922,679.0377204838858,433.94230853657,73.18236899492314,96.02040036984332,377.28225963694155,213.53914422411916,72.0239611024506,100.07045577846715,565.201867276719,147.42693565116335,105.48086807764788,66.12089642568631,189.45892487022223,253.73911767698078
79.72309571414252,59.891328336446385,4.641741486121827,2.620783672648541,1.017498338887443,3.8074274467440246,21.22803925727709,16.149169857440736,7.2041319304846425,30.300125842947722,329.7865473219353,22.99526974117088,19.65675520612837,5.936749330761944,5.383789667233432,Passive_But_Steady,Ingeniería,Laptop,DSL,2025-I,77.60442846663872,126.66786938263539,11.426785740363801,1.2701111930734688,0.8245929817418791,1.3541060700392291,0.4423535745952768,4.892992156256066,2.216239023266071,2337.7158096907765,102.64510904354734,132.31668949350984,144.11794449213826,375.7601688242858,136.61818488176036,71.83587975853088,635.7980567290539,395.76034259129835,91.8671439984677,104.28704039286222,480.0893996739484,252.5321924799041,88.82039373715995,122.32136674092538,636.7986636017508,183.23178437705522,117.47087137456094,74.5715747044108,158.87094120563088,218.61793081559966
46.04500114975684,50.79149490653488,3.9173227096103473,2.6307925026177528,1.4627395749793737,1.2115524788826548,21.03361653327754,18.059619785662914,7.91956664578679,30.376725507173756,263.78755844684014,28.87925305647636,16.49745393010173,8.20263853162646,7.568295813332,Passive_But_Steady,Empresariales,Smartphone,Cable,2024-I,76.62148718370462,78.38538276104396,6.9009515877066185,0.14159072159377023,-0.15889327635246142,1.2553299495772268,0.8260816043913917,5.145469760325683,2.1293809042281366,2131.603277038793,108.69992558783045,122.78973142838464,120.5903737054901,484.4921491137401,123.49247277198633,85.71694541769506,592.402770873357,335.80187126129607,78.44800548438693,116.68400306208508,513.157661445038,249.88180745211528,59.653710383551925,112.30282633424449,584.6353177478946,127.43874104021738,103.50738223369342,70.07846439726214,177.70972861919347,245.60475036622213
33.05712709771835,53.297470015411584,4.143783911863265,2.322729120933832,0.8848830069005932,3.497976562023233,10.965125858475572,12.755103356871235,7.507845875539304,54.96944324378503,303.2705287853248,23.767791244807743,23.56933778477582,5.722892499512493,8.251126177735147,Passive_But_Steady,Empresariales,Tablet,Fibra,2024-II,84.25311991530756,98.79497539039653,26.700434694788868,1.2653011603458806,0.34392380662043864,0.026846629829890778,0.42553966768313434,5.330891428287556,1.4654670601030977,1675.489062304973,89.34996572886567,94.14822433744418,140.61935008889316,318.6774758467009,105.03166131037365,85.30363216652987,512.230916525226,362.46760464152095,78.19291528364715,110.55479292138513,322.9674447812663,207.5627750087226,83.97097613746934,96.50942858889604,510.11752925487724,148.44091997256882,87.23545549614599,62.42920159524432,149.44737156417534,196.9012385818936
17.894559773679738,50.03271430268405,4.922623714869241,2.2521854087071462,1.2873878409277448,4.023783680784088,21.307406168142144,15.312482398140608,8.019161146748214,10.483455588058469,305.07882723080843,22.43054776398699,14.370755490647461,8.288148483236093,6.241358158696671,Passive_But_Steady,Humanidades,Laptop,Fibra,2024-II,72.90589494907908,97.95294866500244,21.265012321670426,0.3180770012074668,0.26999407641283196,0.716782854298941,1.751174757949076,4.216171745039538,1.831219970400186,2363.549012772952,94.8475600803557,72.03329388185918,119.39357495349978,404.36413003457653,117.98768496622544,89.71456317640876,723.0447084024744,355.11412068695927,71.00624673350273,131.89724553116272,436.06303670498414,229.3945652382174,94.07055122524999,116.44641715020715,700.1311873096805,146.06454399891027,94.17799879608005,70.10158426926924,124.64854881038065,216.59705435555134
73.3509358539591,58.559904861374164,5.438244946828569,2.4585418940299473,0.9197260655990862,2.7057446924190374,17.66870922278134,16.065698738051513,6.549853800795078,21.148812439673343,59.071424879775634,16.680496980309808,26.111458146517165,12.205807361861574,7.19642724189573,Passive_But_Steady,Salud,Tablet,DSL,2025-I,65.19217866768928,79.01991679519713,10.16243285548406,0.6267069733723475,1.6657932098874648,1.435382085123264,0.9644647544788535,5.311087765063689,1.5845859573442664,2188.2090388130423,97.17918451571431,106.54493342671228,137.0257246192597,401.33367607756674,115.92849456524598,99.57214514249888,560.6193858932115,366.12586843375146,66.31999175547719,114.94698404871488,289.7998066718737,266.021966336991,71.83432573995931,124.13032466775616,667.587250581219,121.97127171263003,110.44053604761129,71.9123305925388,164.07984116629254,245.4255667652354
80.62234975871793,58.94139144213667,4.754279931181517,2.5016895031229,0.9467458258424202,2.4460236801559545,15.428313062429076,13.934772770374925,6.632946262401369,61.94547206007329,338.4078486440402,25.75602255911309,4.685395196334394,13.053357384819487,6.310828682494608,Passive_But_Steady,Humanidades,Laptop,Cable,2024-II,74.90989426239253,111.66358716606912,7.8560055364625505,1.5797882995371009,0.5601672644447269,0.8710502725857967,2.0423653082219273,5.628441952879087,1.9833636626420075,1281.2975667753153,96.01619609394193,96.08724718763177,148.93791334619175,430.56584939621683,118.54037051214898,105.2831632985803,728.9942639585096,370.76587042224224,86.4423487102634,122.84276242703766,398.1844006218224,298.502318784329,86.89401320410956,102.14201962954309,779.8133112970077,153.3561429015408,137.3831649105337,78.07303590427858,192.08513579502926,243.59588312868408
59.387033636971054,53.873646826179424,5.094689021364193,2.548308181372368,1.447214161317125,2.5768151806464648,23.469869137794365,13.092508939417854,6.011502909409286,101.77087996017471,556.3645601686518,21.938376618266684,17.759338324261908,6.650544484253622,6.469009817541398,Passive_But_Steady,Salud,Laptop,DSL,2025-I,76.24489090703946,104.61612961382616,27.859148957121338,0.3329573577196362,0.598098160354921,1.2859648599035145,0.5462649429183806,4.870143895532847,1.6926744966717235,2875.5699909258183,119.78380344143953,102.6182436575401,187.34177274321627,543.5988977873184,135.79143511626387,100.52264540472858,579.9402650823763,452.24052263594444,69.69404369983069,104.48511326637572,447.2934891887956,227.27235964323862,94.85412260192861,110.96523515016342,521.7986258419124,166.62294392213198,117.8657402321551,50.78470859199326,137.2407631641174,245.29782503628888
40.199979701066106,51.849828997860726,4.632871515375089,2.750127863166782,0.9591922958035549,2.5637762275185088,18.041172785878988,15.833113425256203,9.435966605423468,30.79344536657652,340.9868803451923,28.19648932801517,15.665004063546162,12.380603169249532,6.78306426244456,Passive_But_Steady,Empresariales,Smartphone,Fibra,2024-II,64.68670597663461,118.72336659803638,32.05676087558696,0.7426728876177905,0.39653478677853293,0.5682486698592407,1.0991533787405032,6.375233232875271,1.8778300384606823,2366.309619911458,96.05222779909198,90.38348823726723,118.55397364126293,382.7799248916158,108.93400884219044,84.54529867783654,710.5523989474982,379.3655113013599,89.91002417953874,118.48488419485842,484.4597474429234,237.92071208161548,107.6157282615329,108.42401819441817,810.6848756031559,196.37440091403897,132.99626280704555,79.54665053272313,226.01090564539473,260.5545445932889
61.88667842955893,54.289914024743034,5.7855739103583765,2.186405539549858,0.9066134732230388,2.55379273483078,20.164575542578852,21.422616967035037,5.373941467088557,90.1674537091638,159.7676585384063,23.342410113828613,12.920674813648937,9.03460804477288,7.320471332525287,Passive_But_Steady,Empresariales,Desktop,Fibra,2024-I,67.56687441474486,103.4053074963507,4.1646870294388965,0.3801190756667077,1.7494317566093602,0.6164072545272604,0.8601149227220629,5.399297390818284,1.21965901002452,1917.3250704756142,82.67791162227543,118.48109675377299,148.1691571568455,377.33536693633897,127.14424959159496,94.27905752591892,735.890616664642,429.52491949819694,82.59545340497033,122.89568634568198,404.39851081260963,270.2891394393517,71.15529567446018,93.73882631311416,633.8800728686928,148.58985340937505,112.9189948046095,73.1552886013609,164.62500619647668,225.88739313601417
67.5006925132296,38.67385030382965,5.377515795451173,2.4963256948936428,1.1554090018281369,4.579651561908089,24.904662568682845,17.214752113702996,9.023199879198794,103.37183339216615,238.34196890945023,15.262158339412727,13.908852255216125,4.25906403301893,6.606247707000833,Passive_But_Steady,Ingeniería,Laptop,Cable,2024-I,77.07395689496917,98.47012601763461,12.395097932860342,0.7326480530161532,0.28077233617333563,0.017956506671374897,2.3254316855727373,5.594659658913089,1.3243255189566714,2472.056224235351,77.13393732873945,119.69372594284826,145.18971425036835,391.35297560324017,110.77388778510483,82.63189132025056,571.1843830551823,337.63264061733656,59.28329449955711,119.6696996590868,384.53261450602344,249.19830866600375,95.79187861203961,115.38891646238113,732.5582820218893,150.58313474807088,110.22059390600124,73.69949052927049,161.1708373435919,239.03761569037835
50.06788319320077,51.07322811238729,3.2979358289394956,2.89221391188619,1.267884611261115,2.987136180704967,17.997446376570075,17.533863542188843,9.342258505604429,43.3055065640321,310.5112123864975,25.338774340013888,16.384051159095293,10.250201815199395,6.36746397226617,Passive_But_Steady,Ingeniería,Laptop,Móvil,2024-II,55.30507592551483,104.14212014481696,26.958091395684203,0.29273505123367094,0.6723771753612131,0.3531494642509343,2.085872512574791,5.961550664515816,2.2257839897886424,2018.6942839112721,111.2175550221496,109.06668766932128,135.16320980356159,506.37471416915014,126.7514753087251,108.07070423393878,726.063156756566,467.50539170870104,74.25571419503578,96.40135049339982,278.8672742174653,203.68490335956156,76.10313697792452,73.59966080940751,500.68673448511544,96.19824760116485,115.886370094427,52.63605255674503,146.90753061697453,218.266033373632
58.82582536427574,48.011243307194945,6.158514897248423,2.7214301287488256,1.049966461351863,3.157744777845026,16.575955071201644,18.389485197304044,8.382374674762055,33.247937514001514,242.05644991985108,24.179760372225783,17.84908082729068,5.992953171788368,6.016384735218827,Passive_But_Steady,Ingeniería,Smartphone,Fibra,2024-II,67.16477005293619,85.02970773845576,15.798411741794924,0.5110569862778929,0.6473486677962503,1.2626848447703964,0.34728501638176307,6.410449578309494,1.4711636297819983,2409.5803113115967,91.0826229586327,122.64986225079338,152.73155964051318,425.6205116914266,123.52289622577271,90.92493025634137,575.6437754824922,381.0742967088221,82.98041118228288,142.08294019185266,398.55919646558067,240.71098598727554,72.84725860404163,118.32198183294204,731.0637055301505,185.84261862536295,121.82169796366819,64.36841138742182,199.65769746149368,315.47988900646743
42.04350369617251,53.501515719859604,4.7386950064016675,2.695115317244795,0.9639171755440997,1.7027695573553256,19.10067273311426,3.9150146426045005,8.51475074477188,23.29103501700609,389.2997001971862,23.329446435823733,10.985771396827541,8.266146088206204,7.358733324609724,Passive_But_Steady,Salud,Desktop,DSL,2023-II,78.47920780005671,117.42301914184465,31.46612411451843,0.6642301467917061,0.15863832042440124,0.9923244006927495,1.5922060506053461,6.518083448487365,1.8448408632935376,3045.9842266113933,105.65815599861635,112.79184780016084,166.5702819657599,384.85771816373034,127.83148847540502,98.07758800908364,711.4363778281304,396.49002586129575,75.54091240803857,145.39879385513458,529.5420691632652,311.84056890379566,72.61203825203563,84.01300370023266,685.1891756534519,161.14893960344563,132.58260017086758,59.04394782854113,155.778587180213,263.5022040495206
87.48531240264484,59.11772784228387,6.386020478353637,2.9733325266085684,1.7748527893384922,4.221953182182521,25.57706158917848,14.578849401310478,7.924704319665837,25.83884520981371,250.38156845339745,25.843860202686017,21.811372334406077,9.303182044243545,4.935166018835437,Passive_But_Steady,Educación,Laptop,DSL,2024-I,68.70294314683426,78.45806774390077,21.147005603765468,0.5479692657765783,0.8617126440705616,0.5798748865809578,1.802225389357016,6.497751954710886,1.838208435096941,2522.2285392600097,117.1629316685551,145.28014420417725,151.98056887583766,604.824354602275,124.53500628932147,84.3433626570692,699.63193823348,385.98055937074116,78.00781651819891,121.78693549266251,441.2541948602465,303.0300466218247,90.99739120822929,136.27359385095474,737.4672529803803,208.46904133657677,109.06652310885634,69.47867217912959,172.2876596861679,195.2600667301696
52.45046666425693,42.87099899318145,4.014004552655218,2.544934171663698,1.0825580206777794,3.337739863495352,16.907887867657156,15.06453442798399,7.602149784984122,12.87167363728797,267.2782128064311,26.49487912222287,25.503982788033625,8.973694085369464,6.718372857456878,Passive_But_Steady,Ingeniería,Laptop,Fibra,2024-I,76.80114572928385,81.86661393463048,18.082611981974924,1.336642546696453,0.8083701397517623,0.12251733699213496,1.1351209936197537,4.610974453806772,1.9487736166328091,2053.2420753910096,98.78113197719833,97.21160065868622,146.49527103630814,375.8409379011971,95.5035744343001,68.33830799968028,531.503665634537,373.6695029070619,65.27174168617762,145.50875133175802,449.90996564097753,259.6705336033471,92.33176634644937,141.2521014470285,673.4387855216252,182.96937744092102,96.45946666027898,63.17443211052374,186.69515309630123,217.2384271191446
70.67369395079713,53.54996800575755,5.5340744854723125,2.6361825912112105,0.8021337253248927,1.8366620701572047,19.560309234043668,20.650879429687038,7.799796975793117,37.93404146568943,347.94256260919826,22.99885440911531,17.801935628689392,3.2122117696947066,7.068003651875502,Passive_But_Steady,Empresariales,Laptop,Fibra,2025-I,63.67972507191802,87.67495279857239,24.202668980195646,0.6204927563408209,0.18425043809446146,1.5412341259650835,1.4193275176448623,5.125390365935054,2.0543805349011204,1766.715462849536,126.43461392491356,124.41652908145859,154.6486862721401,450.9538971201573,135.84652386209103,105.62696360477167,593.8551508875041,369.8275990522741,95.86595325479377,130.83802336219065,502.88654823427106,237.60112032679223,95.51069486143028,158.3299113741248,794.5594171610016,210.60558932774163,117.45679287641615,75.82432225601373,190.51387271338282,253.7389302779003
30.13666853682543,58.83429115554318,5.9638640499876105,2.4384427267546567,1.0082819457541445,4.089459212122268,22.38675178019457,13.94750071693853,7.850839940543866,70.05566304539673,191.57524235080862,20.215214468100744,19.654816919418675,3.5680548523926694,6.823858640513601,Passive_But_Steady,Salud,Smartphone,Fibra,2023-II,63.068267110334354,92.26905686179819,26.510925856845493,0.6927323148958366,0.5258372304118611,1.444110532054197,1.3692970152698285,5.1795377881350095,2.1931634096140216,1939.3569728144773,105.23498504972187,120.52841893581113,151.81499569384843,491.8484041209178,98.0666806839117,86.34220427867791,624.6315164777806,368.46703338748233,98.1884916598735,137.73680665603112,487.63632748093227,350.94873636241135,79.96825338530547,116.97774339791277,718.5747624935741,162.23688415078547,85.38673645779659,59.5856326169402,149.9894904647736,214.09917991333296
68.19978779486648,53.62110189756714,3.2245792797020254,2.2690355896545897,1.1471979172317188,3.5963227996091263,17.086573024936275,17.717679747906168,5.517069880437284,40.31807061462559,226.50850651977555,27.404387250051347,24.238223448398184,7.8923561614264335,6.662674330285699,Passive_But_Steady,Educación,Laptop,Fibra,2024-II,56.51977193633227,102.58645138368209,17.071656615241693,0.40871596457004455,0.5219993401053507,0.06850925013169484,2.607622236353301,4.923929698070639,1.500060037027766,2757.544557899069,91.61540927529677,97.7141689783375,128.02855486285452,348.6790251929992,92.59080835223168,71.72539794492144,585.7493383019672,254.1020572570627,82.19263083921697,110.58422276091481,465.3536868973394,295.2450007694945,70.41751771294241,107.29880674201011,634.1373379089675,152.35167219130238,73.68894675318575,50.435985552402826,124.33080973845213,215.4903540935476
77.92893961760764,56.48853577275412,5.465540709457049,2.5882254968355465,1.0546581037747413,2.6750121504346542,21.783838065166137,18.521990622968424,8.221116716339417,17.6588103329115,183.4585303053884,27.175086210115246,21.839537325558013,5.734788683137559,7.39695222955068,Passive_But_Steady,Educación,Laptop,Fibra,2024-I,86.32776850083076,107.0975850372228,15.343246964849031,0.2454331914580007,0.4087349417229127,0.9406712251080392,1.352472032185754,5.655458847561771,1.752480533321827,2297.739912926051,108.17535217503901,120.12412963748551,149.28109282611032,435.3187613867488,127.38266492293445,98.50223818990798,617.223424249272,410.2648043894822,78.268579187901,133.6812871005854,384.08320460134485,244.1659745644214,78.43687784402817,126.27208531951241,676.4286465559452,167.6789597828188,116.05687679211768,68.13328664563481,173.85307317947763,285.6637883119785
78.83166311034134,49.7891167804042,4.421051507038598,2.7520994219169768,0.8304088312548583,4.083379163707408,21.776599049464686,13.21228987922571,10.06897103163313,-6.797116247207704,477.94325954813837,23.079752697623764,24.721379938241668,10.225074570917313,5.1506083661936595,Passive_But_Steady,Educación,Laptop,Fibra,2024-I,65.8438340253316,89.82722509742474,10.737454640206378,0.7382715195225072,0.910529602301554,0.6874323821605803,1.061141987968918,4.926594574147116,1.8505265351321676,2630.3120313002714,111.38507289232292,129.14292180789246,165.875109499055,405.3361691564879,125.98125100308329,100.38570088437014,700.8247598389593,438.2821044808916,81.50329916418782,141.2393965788354,517.031608400827,278.36163536587816,90.51216214261508,125.44939090729149,743.6428800146408,170.89293141668622,124.7791114998197,56.62709601140338,181.58517443008577,166.97095786330323
58.7139505663081,51.552620861789705,5.657385367873953,2.4164606253506413,1.3897369671983462,3.1769420517971345,20.279663993603243,12.909536533307415,7.2188455504651055,63.263095564055014,411.00271430363927,23.77974209068199,13.009064471869236,8.820317905363169,5.879304093858151,Passive_But_Steady,Empresariales,Smartphone,Fibra,2025-I,90.18197094053366,111.62216858616014,22.27341949819739,0.2674628348913938,2.398627006202143,0.5994487842696852,1.639058338260858,5.118751082501804,2.3644342594507477,2186.0910700259087,98.60095648000024,105.26048021682927,125.06316527129351,347.3413456984729,125.4747355275813,112.74209866390719,640.5686103311463,387.7418545602466,80.56861899631899,132.64726142880275,316.77773890820936,251.35470077459937,78.22528254616888,108.36674180515031,636.7830471402683,131.71533269414846,112.76926502857108,69.86570668219379,195.55151884584836,268.544717038868
40.20147588209302,50.54044844373864,3.8880422732391064,2.725908529728657,0.8680558457964077,4.699353979322749,27.259153882163638,13.142896876617941,8.427234656456136,51.01831018069084,203.549293946422,18.479833558289545,15.8111542094909,10.476334214011985,5.851563251675918,Passive_But_Steady,Salud,Desktop,DSL,2024-I,71.12929435278217,98.44496128806867,11.511527012403235,0.13127323935007978,1.29307836973874,0.602297752246783,0.27331226182132295,5.783567275035786,1.6597700742083408,1840.9451933117261,101.65283213286003,60.148634742091275,123.57843506107069,281.709955769578,119.92521015827401,106.70758199505656,688.6155299647226,339.1648227058826,91.61136667185846,160.550197722358,559.2539735150343,313.17118274954976,85.43476868189097,110.6769722377099,646.0852237676004,171.67859069362206,102.12899539919044,82.1016548253497,159.76473478411728,319.824389218768
64.62844997328529,55.35870988322007,5.157409116613741,2.8198350764274496,1.1050422292480944,3.466353605409275,29.665157190038776,19.52607732841677,5.9748709429939515,41.240886449198285,111.41478786010194,19.651832767299574,26.715467337909573,10.749193063704293,4.328306937217519,Passive_But_Steady,Educación,Tablet,Cable,2023-II,85.12395861561524,71.43373549663188,9.889899593309686,0.4137613620412665,1.0977066508914977,0.29084516382945763,0.9067655678626324,4.7871282018438075,1.9068464598048824,2662.339255532358,118.85996250081963,109.27401876957207,143.9025538985708,398.5661550364951,125.83968740633537,95.32215488711714,786.441717328355,346.56530685555026,80.50069693117564,145.1295597517607,384.1328463776814,262.36347192411097,96.87137527252844,96.18242391332367,616.0105200433705,158.9512160380493,108.53301194704429,60.41529927909615,145.78082701723847,194.69955844972128
42.65704961100753,56.14683942160263,4.287672080913686,2.431797999027899,0.9312840894002484,2.73749818123353,23.833394545419853,15.265302893722154,7.068732754227036,38.42355673944135,239.3774431536309,21.41852502859783,23.2359588109297,5.705383218642765,4.845145536179645,Passive_But_Steady,Ingeniería,Laptop,Cable,2023-II,88.67686844319415,114.48858812305598,23.2223101265049,0.15308069409551184,1.7999734574667183,0.926890245637917,1.7601437055425673,5.65060655560919,1.7429539329556083,1914.7651717287995,111.39477198221368,112.05471706772487,110.89419006996422,408.2830486322376,98.73695071336783,81.60002537963568,565.791036544034,379.2275327530117,84.71284943406083,130.40139760229607,383.33824799929306,233.05359140047315,93.85068131219278,105.37957521599802,729.8066256168933,158.1899189277533,134.28910182445549,79.43052510764363,181.91904110555467,266.11694253400566
58.32219076399128,64.39800622653576,5.109467828891347,2.7240768244731837,0.7877922454598746,1.7925224693799262,23.129819665332498,14.301335413894517,10.036737326868678,35.611008129076986,106.53304656341047,21.683901430216032,25.55035647957506,8.806480215360907,6.716098126646382,Passive_But_Steady,Salud,Laptop,Fibra,2024-I,60.7831944424359,126.28481229234491,6.2237045076467945,1.3371072961215085,0.09810385328722512,-0.20795690602407935,0.6679662000429589,6.203915358235343,1.8141523753379865,2132.42003964,108.3368452969979,126.17402581949663,140.814621086069,454.99969879926897,127.9627325956404,103.82968157286334,730.6286017026961,359.39127431203667,91.2128034342306,101.7357878686742,426.45694730928074,241.6023927920644,98.48173708023074,131.1700117848056,705.531206953249,188.15624738692367,122.65584242124994,71.52243949980873,178.26676151028732,212.68677417131374
56.03934274230467,55.86583443655978,5.9066432155946975,2.5563613518160957,1.0208453528969916,2.643664114757609,19.82199313839897,28.722140450852073,7.437231375913054,32.17114293019427,215.97987137787555,23.519178612459562,27.566799588378416,10.933550027834542,6.824562496810504,Passive_But_Steady,Ingeniería,Smartphone,DSL,2024-II,64.42106399480234,110.2397331659293,10.788504042865767,1.2641715434286462,0.4636398508489699,0.8078309039182445,1.099572560580018,5.287754608337868,1.9053720067757562,1700.6971064746788,87.72989016754929,102.42760573296387,138.3985331439026,335.63752928070056,108.98596910315182,76.0589517406872,590.1867391605003,278.00438675963693,80.43110824605891,136.5666385150448,513.0287099721975,293.5274329233346,81.3314327281116,127.62119637051349,758.8786829264639,148.74769995546632,87.91457089944926,62.19725954021421,144.11858205855967,224.54213110451448
38.82340542932044,60.07273872538814,4.3948426100301905,2.6883788171027465,1.0557402743256818,2.8680026566663925,20.279765982146195,13.516446992796936,7.207914496134695,34.934533645307056,379.7736119696739,24.397950438316816,19.020908557714275,0.3062091684182737,7.200552534317263,Passive_But_Steady,Empresariales,Smartphone,DSL,2024-I,78.58670133367963,105.57858175195626,10.546325868644493,0.5049952218786381,1.0780308817843567,0.40635577107890936,0.6292379039462757,5.6608963999490465,1.9217982512743845,1858.4537620936221,100.88203559645855,118.18582837774173,153.06229585618505,522.0221469173553,104.45437454373985,85.59255535144092,548.8930052966515,377.7752501925637,73.36731200666236,111.58670320255162,431.886550629081,304.39198880280264,84.92572205084146,145.5344978076095,809.6858170482495,161.23249572979168,101.58434752531763,65.65083194393246,185.16944076117846,282.17572498703964
59.301729853208045,60.05928414472319,7.059390091389461,2.781042400977492,1.130431445988994,2.0386276345798375,25.241602239602486,14.951809413159838,10.019796726214038,69.73922801250113,327.92240087194943,26.5944052466288,26.628699237390773,9.930661591308745,8.277152821656427,Passive_But_Steady,Empresariales,Smartphone,Cable,2024-II,80.27781008681481,98.94427144573919,21.9489148677465,1.211906428902374,0.4547380716259889,0.33901922349658575,1.284482537260488,5.3551058034648875,2.4080672945729984,2839.1503525829507,82.6487655059036,107.41956180939452,114.19262481105147,394.7146658772299,150.3274181351257,102.58725490640396,763.1961533291189,458.6668742016674,96.09725713187996,141.48512130046453,515.411356283544,298.17400685581237,96.17613212218494,125.70117736690058,719.9360099763263,174.73250164227014,127.22383519656711,73.14373190901833,234.22594524586134,237.0775500232019
64.74246731588937,50.478246257306324,4.691318231316541,2.6884457306985343,0.5362223222792317,1.5833987504589657,20.79798061611057,22.918046604808403,8.239805130073027,36.706346563596384,319.2558025604487,20.20288697321594,16.61773429883814,2.5522365988340265,5.835704817414047,Passive_But_Steady,Empresariales,Smartphone,Móvil,2023-II,75.04130381621555,148.56807087345786,23.048194651683964,0.475842629540694,0.5863599161803709,0.6301785427705864,1.1268725896320995,6.194460382767215,2.254697698402531,2924.029685904834,117.5872297870248,124.2380393052627,140.057309568804,576.6369343413451,148.17083805044587,105.00953496964783,786.9136782811213,384.4884671157288,76.28748773888003,117.42032487194547,392.70532274527136,232.39986501258096,80.59055923402191,114.02788809871298,674.9375340332983,165.35073667392882,121.6197879123941,74.02340653035004,185.57067261145784,260.18577268974565
90.3605906752551,38.98012751485831,4.160706380929138,2.8633458671487464,0.7746565370880283,3.225751479279034,16.152673815876945,12.487077200832392,5.704904735449881,63.42582726771951,264.7059849224652,18.309135525941752,32.48563371159229,4.7737840128947715,7.806096009451862,Passive_But_Steady,Salud,Smartphone,DSL,2025-I,65.63928512451625,101.0170646927423,22.11927161494905,0.6245453760732087,1.2425448025517516,1.293638412915946,0.21268957274038597,5.554264193244233,2.5246190080901565,2950.996639712774,101.66531963740971,115.93978653758815,160.1471609953223,434.454179535427,113.11542368607672,63.837374952320104,498.45923206469973,348.4786597039999,91.6654198720155,106.82653329560914,509.5996179590423,286.76069949989187,98.23889991375476,102.46339105819884,658.2520003986043,185.1624929691199,111.5898559665381,60.30358795452456,131.21438190057987,251.57061182029028
55.729880622319214,54.823168973151994,6.06101177908078,2.443719519683468,1.151442815616351,2.602194127173521,23.662343968505276,16.188740088669995,7.642395597775798,49.54591513487446,167.01744989202498,20.025659433270654,15.800834074768975,4.1746248504521875,6.349193066625536,Passive_But_Steady,Ingeniería,Tablet,Cable,2024-II,89.88343503460725,72.45590488656713,25.33373261894474,0.9278070798110228,1.0627176221766588,1.260738269191024,-0.443860417050864,5.124795629899195,1.92921999122444,2956.532759383707,67.78157299742779,101.97381728945095,144.57738044488576,432.9682416097442,141.42356802849014,88.3236309978206,715.2999239341142,458.3931216651005,91.46801885224984,123.29735913929898,505.86715175033635,252.5184509389124,80.62366034173685,133.01139314044127,688.2042175676478,159.66044750249117,118.57175317057204,63.244313468628846,164.8897264771266,244.99339165723993
31.01388349210953,50.147505318165344,6.017237327417542,2.366418278153685,0.8281460771360907,3.884340656045062,23.651981266960718,14.586204111685916,8.268270805683418,43.86150871920403,237.32889354462117,22.332498635254513,16.89243707259884,4.917061445014302,6.6677495595223535,Passive_But_Steady,Humanidades,Smartphone,Cable,2025-I,72.47872802914615,105.90650293905499,10.377465819816418,1.048939584597498,0.8614649345075414,1.6086133747869094,-0.17560761120134905,4.793032570792185,1.9852416392154395,2187.0475673927012,125.37719250083865,129.98012046009612,152.72423237464972,498.9826945223517,124.30668489036562,61.28690686622033,610.4752464852611,291.16579623804375,55.54199562853442,73.80665144391799,468.13087822472335,179.2255101211814,90.76410254751926,134.62085453071538,693.0736460955544,167.36568005226002,121.62881144837388,79.41590453980443,191.91848504353263,249.3816035862985
83.76309790403066,53.3677855634155,4.1159840336605455,2.7422394216640287,1.0217553090084945,1.260825473745047,20.5475384618145,15.57684705298222,9.188778310642576,69.48981195887747,348.34727533423825,24.68529109105439,18.21025500140367,11.425468421885146,5.746485404178849,Passive_But_Steady,Empresariales,Desktop,Fibra,2025-I,62.28389031646579,106.01049533571086,19.957767497892174,0.7441963689950674,0.8285983713864251,0.20989479319858656,1.0385696216073512,5.140310292441328,2.4280171188057453,2734.7193680139644,85.66769114563233,98.49066956211551,146.7351228437837,479.23323973909214,139.27578610717114,104.935927184158,773.5817718553072,346.93458919852804,73.49372230248922,122.55453542732495,543.5647820717638,231.10539100222684,82.76959789078374,114.82318831598774,555.5602059597094,166.4848472837525,128.27248219848553,70.03828950680787,172.1798488351986,291.7615706313535
46.578089824214786,46.40775481903142,6.156269076900007,2.719279009955319,0.7706729937208003,1.7782489422805516,25.141970912926546,20.13497410213462,5.5796495791877145,57.116013595312,315.1247992735077,22.868321415936727,13.013096061709543,6.525600900554163,5.962051725114667,Passive_But_Steady,Salud,Laptop,Fibra,2024-I,69.57273786130017,99.36834919750176,5.751039633804555,0.8197302501421888,0.6055661423618393,1.5601447566884277,0.05205367339071587,4.923629431133343,1.4852994203491283,2945.1859978017815,103.71466547705528,129.2127205321658,160.3564386700518,462.9440376552994,151.5011326513021,100.60224909173414,715.1075730683814,442.6648237595258,73.04121017510747,162.1526851950486,477.9854445531035,290.489065405903,91.81811362068095,137.86254061989501,780.9576921483304,185.8378633988327,129.45657558994654,59.85324472128407,189.021108297872,236.60270765395057
66.52190652529703,53.993730998227825,5.918803231804269,2.6294513527410883,1.112610391963937,2.6590411813731802,26.44502183858739,14.07591698159536,8.624091105946757,74.7809849581158,383.4177469040524,26.11670402039961,6.141578041977418,6.947408702048479,5.327405792435319,Passive_But_Steady,Empresariales,Laptop,Fibra,2024-I,59.764055324953716,86.53420834349117,6.832265543316446,0.43677164144517133,1.1094744201954287,1.3269449014224464,0.7322391364918649,4.692255385685851,2.0166963614809714,1921.4248638022304,121.75761189603325,111.01673115545874,140.52121544844636,455.59227039250896,126.38816229081219,93.97875824169729,719.310816289215,401.4000638944167,90.13123806422854,125.54984797255244,463.61351672621566,301.48263887495074,87.96411982011308,157.6583798925085,651.2779577127462,174.93012745425648,100.32080823995028,62.27940927255109,172.31646270015065,276.2707216868208
47.28598179454979,58.41923688486226,4.953103747715208,2.6246175329169095,2.080328168407619,2.326662975408685,12.78629706926066,19.922941565929897,8.935243853631661,65.5202666973401,137.34491418339312,16.35182326982335,17.29786514496368,5.134484201308639,7.716526491424083,Passive_But_Steady,Ingeniería,Smartphone,Fibra,2024-II,88.85373335894549,132.68650427403733,11.183091356909891,0.40246720477929243,0.7611327485025563,0.10476621122402945,2.88847915320342,6.506497029139666,1.7285938444212998,2494.14255561647,89.17878359106754,112.36238627355061,143.10165137839675,450.27952922164076,100.7730072475978,112.52797529057521,567.6680649551822,419.3944613554022,78.91175765020519,117.11880087347832,395.6745173717827,238.8125566798258,90.77565197691469,151.68836255572816,622.5272780998292,184.30647361973652,147.4330487848576,77.55119144686745,192.81272374665355,222.20842629662513
63.709976437114584,45.469407839330565,4.440710100385475,2.736303717647637,1.1126634630696834,2.872920140357292,24.43962421885616,13.986558813370527,9.147432296097302,-18.67611618216254,312.8091580532364,18.20287539805244,15.191310665588613,2.58802651547746,6.118288918564296,Passive_But_Steady,Ingeniería,Laptop,Fibra,2023-II,62.53926207378393,112.65379441439917,22.809025580996455,0.21981997560760452,1.4760152482184483,1.0059916367517658,0.24970626534479887,5.759485450425111,1.474766648481329,2326.355350417991,105.58616828025359,90.9794603172225,154.6735097965924,373.28598356241446,136.012152970704,99.35604886408717,798.958229996064,421.07851866442184,74.79141938657243,124.239468746716,522.7574325096689,274.0572245705558,92.15124505459599,148.55769572399535,636.2766718433589,169.23387195949047,106.47562480832093,66.44053358472355,184.360639835515,254.2872547738585
56.77568948734025,39.94851112124509,4.558217403862607,2.5960254713765756,1.9530155993108234,2.822516655050031,16.686409175845558,14.370358660433864,6.27345393482568,67.54962006765676,86.61214535150262,22.124689040786116,14.745609146688253,5.4955752098847475,4.019099157146927,Passive_But_Steady,Salud,Smartphone,Móvil,2024-I,78.4122289597542,112.38947443854035,17.43551738449749,0.6724611721455416,-0.01628031162008403,0.7751493026788895,3.0493702556692477,5.674279121024925,1.8901696323266297,1399.559947192076,91.00293922489102,98.54962128150112,174.01173970959576,414.929032742225,110.97311773238977,98.34672164370704,773.9123831685636,405.2510009942804,84.07822339179339,145.25720054339166,454.47039967879846,246.34237593480808,74.91608526659454,100.42102506756882,611.2894638642956,128.65471474663795,114.99890150808919,75.79513080735553,161.70959142766165,268.1677300621314
40.85434968760037,50.49965492300555,5.401948386689237,2.742827629133476,1.2556494345863594,2.5313948579860837,19.81842426997274,11.510667396793346,6.732649416954737,40.59117754250668,201.4382248528457,21.23188782020307,25.93063849521367,3.1165253175460714,5.298039036285382,Passive_But_Steady,Ingeniería,Laptop,Fibra,2023-II,71.78237302251536,104.13580990979537,15.564816831701728,0.19651735016331015,0.935557421984541,0.2980673345366878,0.12709126172198149,5.781428516076086,1.6397560512985088,2575.5979396812404,82.00538293685872,119.89232548848398,139.49843184935614,453.8554324697764,109.39077469821474,89.31583710861116,585.7362278491833,357.75057718426024,80.56723370233269,113.6987928741334,461.9940083516687,264.71713405967984,98.59652714550211,149.4345327268394,662.5710120994197,181.75204026147998,104.09759759847832,70.85674857717699,183.19496724104843,264.81297967114233
59.723573291795866,58.384664141679906,6.3904843570242145,2.5385050329672647,0.7851007506100101,4.491114607662242,18.02183716496118,23.583392052477596,9.844836904419239,45.19199665126641,112.67311496106038,20.551073756137338,20.880321174763008,9.309145417577557,6.0329993908221144,Passive_But_Steady,Ingeniería,Laptop,Móvil,2024-I,62.81741611327962,122.96279406777904,20.546622905856843,1.213295015372191,1.0623518284110463,0.8617681418639367,1.644540664131561,5.861680144984955,1.7385339142434628,2024.2204420809262,121.23140701181802,124.93330273146603,152.64280760099265,399.27433004659326,115.23637133305301,97.23037707075247,771.5706207620933,424.5308313529209,86.54354917485611,130.69723907021333,499.94276265443676,321.52008437935814,87.19359746751866,110.40768558172402,719.8834825693568,149.70967637381716,108.46935562324836,65.11519082516453,130.12462031263226,198.62846184912974
86.3174264374811,53.6804877345408,4.192960220658116,2.8530375301430686,0.8513360325784655,3.152209445336857,24.356901478363955,14.862786517771902,9.327947322483924,36.5232597672828,200.65922987200793,19.796597394232744,15.590601925035557,7.828467676965328,6.629314422455812,Passive_But_Steady,Humanidades,Laptop,Cable,2024-II,56.39281872054398,135.36616539501324,8.265646578787262,0.28887081437232814,0.4560290998538843,0.37920853949982214,1.7315622114871336,4.901911293402902,2.3017853307299174,2970.1643835907,124.66095012230716,114.90577394193545,171.07688233097326,442.0942095626805,126.51588161260736,110.83617392799098,618.5199352595264,413.0476757788653,93.10781237450024,113.71012506254753,412.077599086857,219.9821145510007,95.20027154655726,161.45155981781443,710.2655507233594,188.65459342921798,113.45867442825724,78.72683516632547,150.95567960255084,283.1962673096969
56.22966308295548,45.044980024434246,4.64486356703258,2.6125610704539453,1.1411292902865164,1.4191715296505278,19.42285850366582,10.049897493631741,8.38743219673085,44.23655672032642,199.89241633419977,19.712489986884737,23.0634279915795,2.2421844351930846,6.2415505876568265,Passive_But_Steady,Empresariales,Laptop,Fibra,2024-I,73.49237916316696,100.89368762588948,19.86235018160937,0.558636010048147,1.718831122439592,0.3417701815039294,0.5450777338918652,4.691137892740958,2.345344504658964,2006.1142439600474,101.01802790251155,104.44985364526369,128.48354515746746,448.3849458306363,97.52288947458246,114.33498979524514,599.8176205740688,417.22927790795916,97.96727311247763,154.5882577239663,365.97583991605615,263.70390435632737,90.99218208745029,127.97974018873325,778.1762029121373,146.29186054847173,125.2129102439503,57.33685714089272,153.5790371190723,190.01857332854837
80.71609924300658,46.14893828623769,5.143406359055683,2.700483077686568,1.1932630624153955,4.46602490531656,12.247524882114023,15.564026272244867,9.128187670053888,61.81407925243478,208.66622436128745,19.179777475936568,23.453816943447357,6.839912410422802,7.644426213058242,Passive_But_Steady,Empresariales,Laptop,Cable,2023-II,89.7238353089873,86.5098056907274,15.102132009239554,-0.10447190477333229,0.7017546265578488,0.03628930206021519,0.8773849616997852,5.960882574124796,1.6141403974538966,2592.2269217861754,113.06432545770977,81.627693696971,168.93714414859855,418.61531159784863,112.71050061844691,103.59590786971297,607.2179435699936,389.0823257004351,78.96572898912787,112.00974265557534,482.91871387040516,293.28193762119565,96.81563771313517,127.46133459425477,658.9519591619738,136.12482390137464,112.61643302199937,54.19673390636105,155.0431058497781,181.83914875705267
86.01060728679181,52.69763022349764,3.88500896616991,2.701706068400124,0.8709846284041971,4.90625263481088,20.859229917296826,14.590961579897675,7.300427758578198,12.61632362579507,208.61078279813836,29.45679277060278,7.0772543472202445,2.45607073249594,6.861271759789277,Passive_But_Steady,Empresariales,Laptop,Fibra,2024-II,62.055427019023384,121.48230103578987,11.891099655165005,0.9301861338991703,2.1271591814869604,-0.04554847970230086,0.5201654454317396,5.89336218080273,1.4896769466168986,2480.1648272123152,112.4943927189182,105.99437059272203,162.70844220081685,471.63386585170565,129.36084429091989,99.7988039760341,764.4239620352081,469.866518904976,89.44382806903552,131.85418538056095,565.4990154393942,292.12314831884373,86.56112876471373,147.77589992498528,749.4617921056099,185.67306793728974,120.73111659909402,64.55377000359515,158.63389266976301,222.52794741165954
59.473880312904086,54.30362624951975,5.646204002211929,2.299777444422971,1.5190275890613085,2.830570527362895,23.011123768908075,13.50496272320039,8.779313352288119,64.78118203686435,92.2436738250392,22.677497359651852,8.054565029414267,8.06423009519704,5.057198358607401,Passive_But_Steady,Humanidades,Smartphone,Móvil,2023-II,56.98591425777875,106.65456158899906,9.003527771634133,1.132307189735862,0.24906046038488483,-0.05957696211923605,3.0941973729346084,5.413579469327511,1.5405578397288557,1504.595608577593,96.90556902350538,116.1551590133558,157.37737378917623,520.5870669012149,110.27652301483639,87.21709608651612,571.9982042646698,288.31677831208765,70.84283636505333,111.56953163230368,446.25232707168186,217.19047358468362,104.74281029436752,143.73630084192754,667.1654464119496,216.97621926201063,109.42953112798305,69.84616954257591,152.8229219309558,198.0596636340382
44.43050190668984,55.916011740557536,6.248429500851095,2.5580041954951858,1.201020303953599,3.644033753834088,23.92638674347959,16.80264654369117,8.510003692375207,30.41320903674952,404.30971828191724,24.253915096133376,9.747110433501222,3.6755744932544845,6.896802238238306,Passive_But_Steady,Ingeniería,Laptop,DSL,2025-I,75.73802559242814,98.75577035969786,17.512055923423922,0.40867432710019025,0.7528761745633522,1.0405622101924268,1.8693600562416335,5.481110821153124,1.091571308356995,2256.7567028916574,104.69545898196753,103.09428633257295,140.06006767341438,383.64289420737543,89.17540430368675,65.51747286751967,710.1226491516304,281.82592947510227,55.568856463076244,109.86000747741501,393.2901708623886,227.65979137183493,97.64289938137638,147.63451256656015,680.2339798160632,213.63578852205998,124.30440497772707,63.95928971275819,147.1381146985256,250.86341065692577
64.08635664268213,42.82600974932744,5.2916151565395015,2.9590513625582293,0.7110254434718803,4.542341748482817,18.98211506811357,13.889611530222668,10.133270152574223,66.40023834820674,208.98062387712517,20.978630249651196,12.422238586474679,5.029510522953553,7.23207126242139,Passive_But_Steady,Educación,Laptop,Fibra,2024-I,54.16572995228063,119.76297919977809,2.569397701746624,0.5880963897024114,2.26325112646617,0.2045288631366326,1.2822289749939515,6.254417542566274,1.8833197655885126,2622.037619317128,101.04267647557151,102.25964858139534,132.68557455660022,485.13019914892675,99.61506669481359,82.0203566051728,728.9397117889496,342.59548399553086,108.0062450193905,161.81653378941303,557.5368842522822,331.4929517428924,83.8359283388265,109.79317308229722,774.2054338987344,149.41882800623893,88.41273453900558,59.85904654642551,176.06178940695182,235.8790923203731
57.65943087976726,49.2651102607262,4.120315593830765,2.8793544357477034,0.768372389997377,2.1530638637855493,28.18000478402366,17.077263189180506,9.531620231987565,12.016236830560246,266.2203028671578,20.42369968826717,19.273772423288897,10.349565135081868,6.510289090447235,Passive_But_Steady,Empresariales,Laptop,Móvil,2024-II,90.52594233375622,102.63079067134412,18.07888112773763,0.031774421413283904,1.1957294899501636,-0.07788495574187931,1.4803623216218087,4.835221791171712,1.8004419528786462,2981.240157506074,93.95295384897454,128.2096937956837,160.86238856023067,527.8711531937989,108.271213301722,89.51947951365472,693.0895413208506,366.66839697099374,96.25727623879716,112.1379431306046,438.4355787663957,276.65194433064494,81.49225793501482,119.73339245661639,610.0172230913295,150.7771835114316,122.25383293096563,65.86934066254925,175.74327935515842,249.20936100721227
42.11490463429415,43.37261205686094,6.000034382165374,2.453029578595899,0.8217342465633746,2.978449274721541,22.99429927962588,23.98618425548408,10.053158140543335,69.43511775133807,48.53394267752299,20.409662163056986,14.350605175417332,3.3476907209313023,5.4216055737483995,Passive_But_Steady,Ingeniería,Tablet,Cable,2024-I,68.79355060828038,106.38603414324638,27.342576266959448,0.8722525727534991,0.8216750066987937,1.291696665729245,1.0891275100537703,5.509094218825249,1.2465815061031797,2448.671785146195,118.27999157910665,123.60105722101305,162.26413879692672,599.4182696112166,130.73554239284982,100.13046464783673,672.663240186684,332.1076981503792,76.54790490844648,120.0548187454503,452.5315902636461,270.9540185486507,89.44719948959364,132.15812279819454,715.1810038133438,167.71301771531853,82.98599161445198,63.64580919422028,150.14233211859607,183.12540550654677
19.212815903877114,51.40323001175663,6.676343202440371,2.792146330573185,1.3518469455702158,2.326142116781234,23.427897548908494,16.861449611945297,5.37604802321775,27.862459855282406,244.44496305203023,23.37655319973093,15.462194615789247,5.177762466525919,7.840612156195646,Passive_But_Steady,Salud,Desktop,Fibra,2023-II,63.674536196760116,91.92695676050761,17.214627201577816,0.03573478181950024,0.9495426214852744,1.6338582626977118,2.7865985298130136,6.031816796618197,1.2847361987932808,2925.974708084166,117.97083260622622,115.61548194728407,138.011105604035,349.79177831618694,117.97036090417984,105.75748588970635,690.7701811544398,343.10026684842353,74.65698833102786,123.70559268028036,448.8275559680881,262.3912413834907,88.73627764271936,121.84341652081932,763.4605064088248,118.43127086147692,123.32044791869998,59.55592661938495,174.89813998631422,226.34311292666825
66.26082301672467,53.761249842575296,4.391872142626918,2.799231661616573,1.0334233186674067,3.84850074798808,20.232935637300592,14.839198541865215,10.588589917289204,36.49141930118839,190.0962237272617,19.91021886644569,21.3864943783704,2.689905579654777,5.298192643655987,Passive_But_Steady,Empresariales,Desktop,Cable,2024-I,71.00014699213379,98.96675332535261,12.323626229593724,1.2768779488974562,0.4039153972415579,0.34525560515091974,0.3484122061938407,6.463494180052344,1.8890730361538637,2732.9151797087884,95.80722001825384,121.32208803945963,123.21095100471878,375.0307343058559,106.68299447810652,79.51596810498933,405.34118397515306,334.00566486213205,77.48266865870305,134.68679365178252,444.8726782136358,271.4576184971287,87.9272686047172,136.20652626798477,823.5535184616863,179.27022607390862,121.09108455870539,53.948024577118794,176.05425346646857,205.13064375965786
42.993580028908326,57.81615834809823,7.203364893327198,2.972440567030359,1.0613740211363878,4.2719042993356995,22.90984420196599,14.930246010164101,9.603555972611684,6.071857863052294,185.6216171226985,23.465375515949123,15.326770941174614,7.018651258666715,6.786164762199117,Passive_But_Steady,Empresariales,Laptop,Cable,2024-I,66.74923674778036,123.25795480769635,25.42615168327542,0.8569132322449999,0.9196866919488711,1.4638969422825165,1.0423118804796438,6.0872191299011345,1.3154728753369775,2754.457567720585,108.32211819545805,109.84025797367475,163.30266137915785,422.05365013615506,117.77677898418894,97.23431316308745,740.122930428236,405.99966928508104,85.25296220024339,175.24844139667167,539.4209422998479,301.22026287152823,96.36773088250646,145.28838103939393,847.1039562988111,195.0137520855998,135.70168073786732,73.9274693805794,181.7425000868933,298.41488230880884
63.3326240432977,58.57529485254946,4.451875221490837,2.3692100797673015,0.899475725279129,2.9884458779799496,25.42870947549898,15.042031679401392,8.675655024589027,-10.050988774921784,124.31928513046209,28.98875029325169,-1.0404277486786953,8.743153792106105,9.602306315122195,Passive_But_Steady,Ingeniería,Laptop,Fibra,2025-I,63.315893800215456,80.86415079074575,15.440434928731147,0.7464800295757371,0.6015646722099071,0.8654327822753776,-0.042471550083234555,5.012230259833201,2.124087277142324,2782.013628831367,84.30663771276886,111.4526360680435,111.14051516770564,375.14021580736886,137.17004326878907,101.85196184534277,750.2261959587087,381.752115203731,73.77154095678227,149.69070612900293,481.1387674923501,280.65858226886337,85.04644445205267,113.71758094217752,722.3282143371079,171.1627796492869,135.55697698554604,66.98047592061342,209.77828734927053,255.1682732497453
64.0392533170334,58.3705076115999,2.835337868787648,2.4523770704011953,0.9036992121360578,2.380910462936511,17.61631942071232,19.15578805427116,7.352456974998612,51.97339155737201,361.6123750267134,25.851311622781697,17.16877688809639,7.321425883127565,6.128962454002194,Passive_But_Steady,Empresariales,Tablet,DSL,2024-II,80.31751175267077,132.42810529948162,2.2178901374569255,0.5787623524046936,0.7982390749310309,0.4907306646056225,0.5389204099540158,4.688619229788981,2.133632105052524,2310.7404489506316,89.30486272631997,87.19401061799306,128.71560676388683,329.04029440132473,100.48708698276148,99.62072061619206,553.3619146013294,412.10605355181644,74.4682374849692,111.58154885630684,439.35864380008906,264.18737441210885,67.42425734129482,117.42299633952098,562.0866407370252,109.5970317949,99.591502821987,69.79131862632245,167.5298918512908,220.5897885603196
52.68153573074926,48.195317020104525,5.308792608875729,2.7455319267400906,1.5347998602133925,2.6089923932174646,20.316355434220668,13.015179866574101,10.639104055379017,66.97742204966096,181.33855446785319,26.341874998683494,15.979748513459331,5.430794503640424,6.185795166343133,Passive_But_Steady,Empresariales,Smartphone,Fibra,2023-II,52.6036685454635,136.41275463925413,25.32008560480918,-0.2505719315266195,0.7001270061266616,1.3706658482689555,2.4075338504273063,5.911756843821864,2.588524171865756,1933.131827442162,105.42155429980282,80.55089826720135,148.27270929422716,365.8177159536406,85.79121749390643,100.9876487979224,658.6072593930313,383.1095971534605,86.60621714633805,106.24191393544885,467.44771155128717,282.6232765363314,68.092666117426,86.99451976633152,654.4604836410485,120.95503379829773,103.65964988900706,58.113131196956665,139.12058951174492,212.10989707111491
84.94574016544557,51.38297875371078,4.904214353175921,2.8668540940882,1.0436894825645038,2.5819570091091277,18.89409995696275,20.716725811852356,8.192390003469558,4.309220391338265,290.8570839049261,21.87460729537623,20.044531252711838,7.168105096692896,6.788543510709078,Passive_But_Steady,Salud,Laptop,Cable,2024-I,85.0734805649498,72.26214149210173,16.009224730557687,0.9002310311129541,0.3126082509529925,0.6166814218717213,2.5534463292418206,6.523021093624192,1.8176354978758797,3302.2848918669124,114.93626317443449,104.1371665902012,156.88656980515216,511.8156962573791,134.5988223991601,114.80727085074619,802.6949526066886,422.07669752148814,89.79711747301889,124.77415697488766,524.0469059425187,294.9624121082503,53.438744877239344,120.56404112085225,531.3058114284507,139.04005350037974,149.61939660144853,67.41732834452772,205.11822434503733,276.33444543430534
56.40690471893864,59.19510060914759,4.986462336985378,2.681414811069019,1.1517669117416465,3.568694228367693,29.509802757331478,23.02385888526257,7.711074750586649,94.63432962804397,228.1885668869209,15.581391048731799,12.005992392817392,2.6998299741993126,3.7403166944938784,Passive_But_Steady,Humanidades,Laptop,Fibra,2024-I,76.66959125998198,93.1157688470277,12.11698778979979,1.0254153316699828,0.5128349256949553,1.266722676384098,0.2713624805799383,4.967076529153227,2.026846180848646,2878.329649612619,106.88214875887523,106.30479085721288,136.00781423740415,406.1856405718871,105.17306805007217,90.38999997690065,499.791284619821,289.3275011966208,85.09134316131252,148.27336864947077,460.05114018986035,257.3491410590463,92.18541240112754,137.34839622848187,661.4680957698857,170.86446040628823,124.56334253625772,76.49794422113442,209.84097672154184,269.95440414253375
69.56466180722794,47.32231872915262,5.606741075632961,2.830178344161928,1.2077838265218155,3.0767818590392375,20.45923239013611,23.147564944377383,8.150864482865506,63.70255747245433,106.59324779768146,22.07509973427177,21.898403784985693,4.51635558925761,5.886229751522127,Passive_But_Steady,Humanidades,Laptop,Móvil,2023-II,66.57378920599476,102.82565049052089,25.772566841822865,1.2220137969796994,0.16526566564422862,0.5142219855743005,0.012481214773479132,5.136043633566436,2.0290069526724195,2435.496070255525,102.20752441567437,104.52808509897847,133.86477088016966,429.0002813173013,132.1073638158493,104.70755806741668,591.1677629784114,371.75129480014,88.08250947790971,122.07737035698467,441.53479738940035,263.314225928148,89.47811907157535,110.63371967504757,688.0040342588981,133.67026886798251,124.04200655832199,59.488014795109294,139.4625898217117,250.31118069682708
59.3023839489088,55.27006414117288,5.90732727152845,2.428148691908207,1.418232796074169,1.7571921716726866,27.07839154740098,15.803809819265615,9.604625912465453,52.922463229459716,140.70480390168944,20.396605882132864,11.424082550394932,8.567281196934049,8.374294622871501,Passive_But_Steady,Empresariales,Laptop,DSL,2024-I,65.5064877212004,115.52933243388465,12.793602779502738,0.29480419778226413,1.266745347542659,0.28130095720531945,1.941073624534689,4.9130244154566425,1.7661526229209605,2805.0546824822964,105.94481160144264,119.20775763180197,165.08838094986712,542.5091730736218,133.5902242057352,109.02122580769921,866.1584642627182,394.3281302407516,72.52174241272024,135.330009482984,430.46828757271385,209.9364784537537,90.07841400475365,110.68288308996955,738.7613987968297,181.75503203264915,128.2758457661782,67.20825391186953,199.10244141626598,245.19132827594578
45.5745344388301,47.231239578084995,5.825107374525715,2.145853621757857,0.9184020128682295,3.9868245846054986,27.885986783972243,18.57154377918828,8.196759497459507,37.69033978000143,284.4757283315944,21.269119812131557,8.137312460725541,5.931380556745067,8.12003351529472,Passive_But_Steady,Humanidades,Tablet,Fibra,2025-I,76.4374637082142,91.94542722278254,15.063411417314212,1.147547435354874,1.3035395822416764,0.06245289773693963,0.4038278541394017,5.642327260913863,1.4152860690040219,2691.477535175819,93.2466013740546,95.69067177243768,135.6961199121278,366.45724106818915,120.6153887265958,77.91596209448272,551.2913940003084,342.4212147372609,79.77739409506249,149.19932307376112,433.9125372874901,350.2921354497298,67.55931531219986,125.4110027589314,536.2941154719038,128.752632662475,135.70965505778193,69.50206101446503,175.5454191386558,230.61931168496415
65.00456788584812,49.15669799753101,6.895727115566041,2.563993312355269,1.2005531449043891,3.0165486379018125,19.106240924276555,17.33945586663316,8.55144931797632,7.844463773070515,381.0739421084984,20.961819583691568,9.847824009849552,5.02024231928131,6.274214885008997,Passive_But_Steady,Ingeniería,Laptop,Fibra,2024-I,75.34727437974402,93.23134416337874,15.67989683388087,0.09396109011414937,2.1593516707011284,-0.086472430691721,0.5689777780981166,6.0021428783123945,1.5036966939475649,2027.3456644928408,114.99724601277623,104.01810748952235,141.13519059449857,457.27069882089313,119.74866324229359,121.42740673677645,764.4165578226969,349.3278380717073,73.14883599685295,102.28823531921776,430.3446827268991,305.5985648866278,74.41692922525344,117.42422887781841,770.057464254792,188.91182768047247,124.63646712511748,65.11724418899249,166.43514191862647,221.58003189700412
55.17675218716872,42.48257418626246,5.908544200074801,2.7291815111929787,1.1661382679028869,1.3668458232629588,18.170287351302033,16.884417685301663,9.90773769305123,57.716600923478424,149.56043158533663,18.25935507263121,16.071263985926073,12.327073110316606,6.306253205032905,Passive_But_Steady,Ingeniería,Laptop,Fibra,2024-II,84.7785316501711,112.74243518151904,25.889840034228435,0.7556555690887683,1.1371605223512238,-0.005223885599377309,2.2522946116422298,5.049675759562078,2.0723698835311426,2306.549918786932,99.0914716312999,119.51694702236163,147.79404585141035,343.58748903116145,116.62835104807554,95.72552610942064,690.2322228444061,444.7624240323586,75.14244414487267,114.8688306131655,499.59654683586285,265.3023556692931,87.88755422173223,171.53703009669366,808.6302638963305,183.35736051590297,109.29819942340454,62.843086419682635,159.61658312133935,172.00218775970433
40.84819152353757,50.12769829551216,5.616537081806231,2.517146570204584,1.0879732666456157,2.97668167176239,20.363532399605713,19.05349932813925,8.142729871860425,8.619786536474383,297.48145859665067,26.76736162658638,12.5285128303791,9.710597172959751,6.050601506415191,Passive_But_Steady,Salud,Laptop,DSL,2024-II,63.21548247873404,83.00957704371004,25.164292773376793,1.5385262119294798,1.4357302557962284,-0.08728598387365709,1.1050937884691483,5.44121028687655,2.0677031647971273,3198.315549506007,90.52409936413254,91.57512889270023,154.38226097243466,436.6147069595838,100.7057649043895,87.60586845455039,601.1879735335388,282.38280447435574,75.27846557135703,135.96487416472738,418.9553130888287,262.8118604988038,74.04625780317393,111.93021533328618,608.8341811514241,194.84303705668552,117.81830196686174,63.28666561096411,147.2262811653381,169.6537355237723
71.00087812831086,56.26885477425594,5.933928710943854,2.530347558524892,2.117125083208127,1.2920545704207549,20.082892679184862,16.68472008148207,7.6415351873790325,26.21187817399685,299.7289236884358,15.903194955031877,17.230040576033353,6.680758481532644,6.49687624351362,Passive_But_Steady,Empresariales,Smartphone,Fibra,2024-II,79.12464605802654,86.01058970632465,7.082516447497155,-0.235277427227169,-0.33430111174762694,0.15836201631826563,3.022381496679881,4.436662433645215,1.603200414969886,2491.3793783386254,115.16515711483531,98.21151170668107,149.07432877604404,403.0339848646037,115.77912939864254,88.44051704622655,619.9014075125283,292.73908431096254,68.4225188411365,89.96441014690305,450.56580132809864,296.49388931273916,95.5921013580188,118.9251320567235,710.9491876355182,174.57919102499133,125.74247100901276,92.15091631079311,188.82078717792194,333.4651305637819
81.18996170343969,53.35186127586074,6.468060175298887,2.465047157788655,1.254344542290077,2.2403790411977624,13.561224509225173,18.583779658780273,10.072646816847099,48.72263965155568,284.2770750106814,22.4643099774406,10.517558487514648,8.743297480374725,5.488654032906504,Passive_But_Steady,Empresariales,Smartphone,DSL,2024-I,67.51256538970722,98.30480648892899,-2.0265626948820223,0.4062839160524717,1.003907415283301,0.8773268619830986,0.8046285678686796,4.788716243966566,1.9548316327433821,2698.129648310119,85.90267933860201,111.42402522531836,119.34709133815318,504.4518677203998,112.47369884650352,75.73904918660017,500.91628005039405,385.43227465669776,74.72767364236024,141.73094048155988,453.6083551143792,212.8357976596646,81.288965385295,109.41836954597268,577.3584932044921,98.84530384627644,125.12052675033776,72.2206869560952,154.97867336653667,280.7584346346854
60.481886138960114,56.85787881242042,5.696569541290469,2.3837548288224646,1.0711024739845667,3.675235321620258,19.169955344865556,22.533102582520957,9.823785941877283,-18.910088876824062,244.57249520151757,23.008345000388744,23.012133885287238,3.043215878379945,7.133276868584877,Passive_But_Steady,Empresariales,Smartphone,Móvil,2024-II,74.01687555663669,65.7670618834458,13.602377961276998,0.35504232916957074,0.6579600909235481,0.5103928198833001,0.18134899303079377,5.424702824271464,1.694634163640692,3173.7436237341526,114.04322167996064,121.48240366604522,163.37089806164107,434.6706538316739,119.81383051606394,72.28845604123408,595.6106945242784,323.91636161045705,72.59557472298576,106.474686644654,410.3202553325991,226.71737770204552,67.50841786628865,92.75433338761847,557.5750389146771,149.52737293811185,92.71807767395526,52.11694291261888,140.6470856004399,186.35287549053064
88.70522731560335,46.225523781057944,5.573410749710789,2.6440056682998745,1.2724408008107673,2.884588657757977,24.311805812798557,15.778755926605118,9.808409456799309,18.708693540603598,217.29226275309173,25.255063461380157,20.404462779072205,11.523645166996117,5.519488792974471,Passive_But_Steady,Ingeniería,Laptop,Cable,2025-I,78.60171417668754,108.78833219037827,11.348563162079754,1.0335586548254296,1.2082038310121643,0.3234530078797082,1.9972069232662548,6.678061657347802,1.4404173056352576,2500.8546050559453,108.06395586940744,117.86191607394201,142.46084199321857,490.3597041636334,120.10876063608731,109.03238948824364,538.1951709844168,483.9126812807674,82.43953760810321,138.2425643768183,421.47899540482,202.7876197809111,104.20133822514894,140.16247386943795,763.7754422394015,179.20498327135,128.389733029089,76.55417761822764,148.85750078607873,230.02861440389412
66.82412365461889,60.39501418433769,3.660609089075595,2.7990705369082356,1.2668363875526796,3.7047996819859286,21.92120369553068,13.05502216817788,10.332890699711786,65.44273880403942,392.24368790795756,21.157560328560734,18.004782180630556,7.803047515552466,5.857763735396008,Passive_But_Steady,Ingeniería,Desktop,Fibra,2023-II,55.22272402446994,122.5797655132492,14.156045408870014,0.6398784538954275,0.05387970413223253,0.7609793409307194,2.374426563841854,6.744265039722927,1.3467567338450563,2012.0099402446708,92.02611988793086,102.56234818746651,124.89253615378287,452.4991870275715,91.41955976107838,85.5523884447888,421.84014108178974,363.59137816170613,68.26236408475934,148.14286030303907,451.26979670855184,196.16764797666113,87.73001202675997,144.29260865376162,748.3018960954611,199.7916936867655,108.34339864073465,67.77987129691313,198.04627633698226,270.0167838318884
42.86749299999116,43.15619637058752,5.422148093576566,2.845879153345788,1.105873345422431,3.518797919447277,21.66812536602462,15.265709206163303,8.729035714808523,52.76567843643608,213.93194874094456,21.241819600213187,16.457057231006104,3.217979179295915,6.797661172955741,Passive_But_Steady,Educación,Laptop,Fibra,2024-I,68.03630698969258,92.13496168058569,21.6362239633535,0.6045555889776755,2.263330432720067,-0.04062639057194892,1.4875258355581245,5.459670377525656,2.323899101632339,2573.146265360033,116.52590358726835,97.56123220597148,151.27072841908029,324.7040599736499,139.51012366472582,118.00134867295607,745.9587679145209,445.44726149133277,56.937143699782865,127.55135164822804,367.3646471291089,266.82274209551707,87.08442560531495,92.17704595643312,689.1766451246283,143.64800568238317,112.49803144368241,63.52998760310596,168.13600845926817,252.06349114898106
47.21848365013377,52.687575414023165,5.402492291446438,2.3818779439210918,0.9072649630877748,3.81990771540989,14.766181534673432,12.641646968184503,7.5335313260311825,67.01825649112976,387.3201436905176,23.07752898473464,20.9990343416189,4.052982880255842,8.163979613305264,Passive_But_Steady,Humanidades,Laptop,Fibra,2025-I,69.12419356516328,87.50986648109313,38.09882497284899,1.1251896436855242,0.33231626063504854,0.37374649128792614,1.1159151736655695,4.288445426675996,1.982730495188155,2218.437763531046,87.39754105140578,107.67755165070936,114.5678911928818,441.09759404868646,119.49226501440626,74.94915304075104,539.1023133998839,359.125784118987,73.86674146678294,132.44566770586988,424.04234180850585,274.40437833229754,74.84972152730089,117.42951999961353,718.5836272911035,141.97769465017456,101.24798339190693,69.17201215912766,161.53323561752586,214.62145122901006
80.29758113894829,58.441341594993105,5.306749193530251,2.5689691238571526,1.6270339495307697,3.5967381144839052,21.76303680241524,16.73427531694128,7.736007674522861,29.67347777917171,270.4753254858284,18.45053451075215,20.945040063113446,8.794183907043365,6.8522169612682715,Passive_But_Steady,Empresariales,Laptop,Cable,2024-II,73.75244734791552,126.07724200035204,14.098504168042844,0.2297186916533475,0.2279042217373869,0.35563452745295554,2.3509359963532988,4.811506011324313,1.8154790000974026,1777.5117243194054,91.64627574380876,86.05961458901378,133.41084523842508,351.30145838216,89.64508795560347,95.80933811359827,643.4422299387647,418.62541781267794,100.85985156016945,115.31788719291856,545.7006748807873,262.4931023933353,98.79627915741463,103.41670208818638,719.8123425132857,162.4209383450066,142.5401773787243,75.31564053254449,196.53530717356955,254.17965014527837
58.133502331832126,47.23289355129757,4.575312200565367,2.7389114447383958,1.0086026415143134,2.8608729671818747,25.84429380869303,12.104820518077757,9.594172595629521,84.00224186169922,170.10633250982917,25.854304978264253,15.468694688178367,5.054649501055369,7.213946017188316,Passive_But_Steady,Empresariales,Desktop,Cable,2024-I,83.44101180687002,89.25639733907875,12.40815295650568,0.4967810100067964,0.7194021723517113,0.8675242397837377,1.0831833232686972,5.4267119821415175,2.0882412720039794,2952.282903254444,95.60006216346797,128.3680945650062,144.01293728363842,496.4328381056141,113.52010655402407,90.08155625444874,651.685720866898,351.2830860398402,85.722365821032,142.65169397245708,449.97988368433647,300.38830254069836,101.05674068825657,114.23426195516421,746.7146529539895,134.46231429359412,103.89248201767171,62.44458870521851,166.79491620217823,186.4844385781276
59.7367371914312,53.80490693768559,4.772587977856112,2.7128211599021927,1.1698112960157845,3.4406703243457355,24.35725862475169,14.864528961067496,9.21822039725887,43.00950261110333,373.9699271094911,25.78088197098162,31.399392776177027,8.53645405916263,6.4299415839573575,Passive_But_Steady,Empresariales,Laptop,Cable,2024-II,65.79796215039859,84.89205450925726,3.368748481369578,0.23010897430219157,0.6903262141455704,0.2885590075953468,2.0770489150518285,5.979356534893073,2.4092338563947235,2390.686906274684,91.83336643233314,110.45927676712869,139.70729018443126,407.42525067683323,126.11331517368801,114.16990317099872,733.4167761797612,426.7295335949017,74.80023618435045,139.4075355069722,513.6117779680957,289.4044162240115,79.15587929997726,106.6964456978205,667.2349685041278,141.97251747112242,125.11998117013364,59.15290001798667,183.88088373241524,209.85298240592664
54.75460243469637,50.80731362578978,2.82835578532364,2.4771870058528864,1.3087893300751174,3.8070299104404515,18.72603456189657,17.009458200880907,8.996678645893823,42.36248673556964,376.68098303195814,24.704741032048215,28.001740307082194,4.714557379100418,6.670596180109028,Passive_But_Steady,Ingeniería,Smartphone,Fibra,2024-I,82.37883251689057,92.34129617006259,14.005900339201034,0.6821254760401887,0.3247640898065016,-0.2722561755600554,1.2687392030617803,4.780625428012736,2.070422329659141,938.1876958667951,89.75592188432226,99.34027121199443,150.260983440363,391.21618448659444,100.04575632305142,109.23413694268379,702.10089615448,501.4568491343765,64.57060281230054,105.73672707620265,432.08947548515346,251.15964876247267,69.42428238008176,83.36488976974233,548.6941746453136,112.30735323204944,93.00638369782021,65.30068042987385,171.7747279010208,186.304783581297
56.33981631394142,47.29526588521392,4.446158410408021,2.0657876170365808,1.1549688959023066,1.633579899397141,23.79733034654891,13.667680701004846,9.772362062876857,21.87666033985654,359.3176206252096,25.63006283116008,29.383967748930075,0.012269389793605257,7.189527886442175,Passive_But_Steady,Salud,Laptop,Móvil,2024-I,64.36753867611188,107.60572986422324,14.839095602471142,0.7486710741905382,2.1227695716021273,0.4404926388517638,0.6815715418889852,4.116456401620059,1.478989544089314,2670.13513099016,111.0522871320348,107.97834579057478,151.2738223076229,520.2924220331583,119.79697197671476,104.19778275591203,718.0222453187437,373.79580699417437,80.65680597763618,104.74218727497075,367.9620741499931,217.06182280396533,88.06626574546158,143.47403994357998,677.9737612351004,157.46834564326093,107.89893070361246,45.51464206187499,144.35862117867796,219.48208293610557
92.76054677811489,52.808899588729666,5.638305326524692,2.478820757497725,0.9933437788880182,2.7315168379422112,23.332177040085767,11.347401809600589,10.66512786287935,40.092710332855034,-9.199434558595868,28.1545126186972,21.67268188450724,4.184493944085226,6.297598108349464,Passive_But_Steady,Empresariales,Laptop,Fibra,2024-I,70.38904656857166,134.89988175328182,22.2015506838338,0.18196772460471208,0.35239194475730745,2.1825363512286953,0.10920857583441024,4.897766557893158,1.272849413743771,2680.3984987986423,105.95123292961127,135.93535796208226,181.22853971910806,440.8766870844254,92.97509988790075,89.30392599948237,554.9760598396253,365.8382658209151,75.01889993370455,137.22727959253632,449.191094706044,315.99855902819525,75.02435116473833,117.63276348950123,756.7311358248048,158.60772870083977,111.44636148853327,67.91140070209555,117.43834237281811,288.53025555596275
43.38911082134049,51.80913958741608,5.5924702876124375,2.3094842377575113,1.5805427928669409,3.6232967661870794,23.75747971865221,13.565952730528513,6.549616856390448,68.25203989793364,399.298758609533,16.804230483143233,15.645210761686716,4.616700049144082,7.29032575091395,Passive_But_Steady,Empresariales,Laptop,Fibra,2024-I,73.51072032893677,73.71917091783526,2.0482759457117847,0.3662009286509432,0.7981242331806162,0.3211397970712717,1.7776872584200152,5.618560380849459,1.2425671166387917,3583.2049410602017,109.58093942632824,137.60756597983217,147.8918455253396,405.2805124469092,93.43585679632699,89.20992400841976,623.9557059627527,421.9093239114807,97.95285983489715,145.78604367852714,455.4859186900012,322.1586849993849,84.04020018833529,114.58347367202714,642.5759449172499,181.95931564576253,100.1017079202012,74.73539752067055,157.46426484952093,240.801267021561
46.950968959319134,65.83609537346935,6.232761166839819,2.814663812998531,1.0210217767350793,3.5023107161242946,22.569172841521905,17.86503562588525,8.690520507590811,56.405752649510646,411.2039994203771,22.47056530507704,7.885260669641343,1.826498805170209,7.18067175404794,Passive_But_Steady,Ingeniería,Laptop,DSL,2024-II,71.54924005720437,121.4114532125003,36.86069049380605,1.5108406207136937,0.753943938074841,-0.3462091429186017,0.40925668248870894,5.668503311287435,2.0713223908310416,2543.715824851982,97.11590701592007,94.23693283440389,143.98981367505507,442.58768795821965,127.07392381068722,129.59180964896018,720.4655814437918,476.40701748224177,94.21851609850174,146.4200042867604,457.6551341363952,292.11631852763537,77.26069486983259,125.69877355696127,575.6522187765328,190.81014881600655,138.2650053315738,65.7137904444916,165.09032526680699,282.1899108369437
65.33229924647385,57.89913888917656,5.898695549300271,2.710223361242708,1.0758183975720386,1.9398394407375072,25.39967793225817,9.50950391001579,7.3280828982625685,-6.357813755256657,324.78680926566653,27.59348089489006,14.152018615929125,1.9795840905272906,5.588878926611709,Passive_But_Steady,Humanidades,Laptop,Fibra,2024-II,77.5407554655473,127.16383506930823,15.41644879820485,1.0339619975543748,1.146798889826214,-0.23046843789802698,1.6889221265050116,6.839747432601941,1.5644307016099133,3119.322928960166,102.85061794445215,122.61750118266023,139.9899179843153,546.410980801369,106.30595488770354,112.32128444793165,608.2316569851392,345.77020295754266,79.98959414043749,139.9074753023566,468.65743251442433,288.2245009111593,93.18090462877856,150.8855240404803,661.3308934986583,161.94998316199232,110.79646776785765,61.45626516918237,174.3408212080736,200.54110685191682
63.64994734106763,51.48825641617326,4.414764694934165,3.0473631929329352,0.6374854911676862,2.371746158215637,22.722220395047664,12.09550832938417,7.111290513202422,20.78531210243741,236.34035247163348,25.04195096859043,19.97571509926092,6.597992518154193,4.8628590371925675,Passive_But_Steady,Educación,Laptop,Cable,2025-I,65.58083003873956,124.34521904709388,26.24284220599986,0.427732189966631,1.271823834521514,0.24693300998773787,0.7288593428789372,4.088886136738445,2.4057579855541475,2898.3411654939623,96.93185036135286,115.69947255760741,139.26334835368357,525.0300220747321,101.97964582816087,89.01928349103807,513.0353766057226,355.9525170459749,95.24385575128332,117.97273252386152,482.77240554565014,232.60612691532324,88.15216281051104,96.6096639084061,602.3148451198049,127.78003586594437,100.02743587262343,55.89827821516632,160.64604889596615,208.02973655958277
88.68808769812733,46.823177265587354,3.616873240749036,2.9573595347071917,1.4434238507171049,3.096177781919975,23.460523967217497,11.221686011771906,9.293730129122007,52.358720975573846,476.9010143714735,20.695087589492168,19.78879796431793,10.614025063175617,7.872448070752742,Passive_But_Steady,Ingeniería,Laptop,DSL,2023-II,64.27309823627368,110.0579193742336,2.5458500402048276,0.3216795123043943,0.06103467928802769,0.4872738254230983,1.355549706043147,5.203505408656799,1.902789065597283,2242.501474378704,84.60868225612697,87.75906468110531,166.29379620513163,359.5174037677808,123.74645472872481,94.8190563413348,742.0317745664922,353.53439625894583,85.35624073940151,166.26125723859505,508.5340871756406,326.6852544643977,85.55493031539761,131.44498026751498,742.0145574161646,165.0213637944776,122.98575103408207,72.7442157625114,202.7069707697165,317.5103922476303
36.927077920801786,47.180361143991625,6.23119065349856,2.5864017678776987,0.8511276731046029,2.003289716958922,25.403321971675943,19.501436579236525,9.88392660451106,40.01044795350027,249.79044388684548,23.0386759698531,21.674075119632654,2.412221729479578,4.845305890677946,Passive_But_Steady,Empresariales,Laptop,Cable,2024-II,77.06741219288318,101.12978759411169,24.628066284740612,0.443459105288401,1.01837673820221,1.2223436361933953,0.3274772415244882,5.429575463474186,1.5805350685060475,2746.5722367674707,94.02475223365833,102.6965513731165,136.99511628234916,385.1970664695655,97.03964255389707,68.89402702796882,643.4036559300538,300.20323637523296,78.47949802005695,136.21001362781172,488.75551494724556,289.47411981924887,62.77890127023139,91.6340197736367,613.1907140161069,135.3876543117407,124.50453345032605,64.25393662435451,161.45171516147667,190.20092513571856
43.69368976161708,54.67275645510469,6.826951051497704,2.7025845662331,0.9865498106529096,4.3928104537657555,21.06255589828183,11.796804577219747,9.91827006502345,31.2927344525266,355.50891088824,20.11215175327278,18.792040890195736,5.472984003135584,6.244102541774289,Passive_But_Steady,Humanidades,Laptop,Fibra,2024-I,70.37486815188716,153.20694958450053,21.124332635888244,1.1786483071158562,1.9718596166849807,-0.2148104897598287,1.105685108180258,5.185703013125721,2.2993126484839315,2476.6783880392595,111.76008807985266,139.64816785467136,189.61806488226975,403.6323255650412,151.02734887908454,107.61817805538814,667.108831602581,463.7722260999187,94.45942602756591,180.03365314014607,574.5570800716447,355.15740396279256,88.65769128688386,139.67260128156664,760.359731533672,201.278885620663,125.69675296768959,62.46192799529321,180.73231617190953,219.59993890176293
75.77219681056418,51.40150751156341,6.3098318503308874,2.781568828256662,1.6914275952936546,2.3669351179092017,23.1632413984434,15.773809511849315,6.347030428209357,44.060403124930986,468.91962164261747,24.123678401869867,17.270119919381546,9.70226037343016,5.2936281165262,Passive_But_Steady,Ingeniería,Laptop,Fibra,2024-I,76.0651168144663,117.53988894860035,13.311512712322273,0.3153698686420232,1.461224846305281,0.31493538280660727,3.1445926090341736,5.952850605780243,1.3690104367545335,2201.1206476725965,96.88796449283137,110.85006626228818,162.67743348209595,520.00776769359,131.188892547213,79.12228741397007,717.8385882024905,374.5439272904336,85.13627818096688,131.73139387044847,464.4305733934838,208.902216428634,72.74560231334887,97.41115978901608,614.3403044995994,155.78769501823302,114.5221211460653,64.020964841513,189.54317044960408,247.839241189114
44.86170433836219,53.049350340145146,5.420669017026281,2.8309139333177527,1.3300563014429825,1.4968449105046664,25.05719453061986,20.079582214172195,6.41014264772342,17.117680359080968,287.26103915277565,17.102023945898956,19.131772492950255,7.367190006023008,7.2432691829754665,Passive_But_Steady,Empresariales,Laptop,Fibra,2025-I,84.40217671351844,129.58658948506718,12.210430669197077,0.9472352940230859,-0.31965529301870044,1.2851367998673249,0.7195337524185117,6.133573866293265,1.431641748737442,2296.15802711237,120.16070072929342,141.42227187349468,108.76474766106344,456.7759461527405,156.85706190647346,99.50251824033013,919.2224102932273,483.6655380854304,96.5151260092381,129.7594201027052,438.10889041089786,236.29666184255242,90.42305933309903,119.22671444057406,680.7215709989699,166.6441294974709,115.33328739955539,56.45408487611857,209.69379882353033,267.70056305419143
54.58506658560194,59.48088950435034,5.48822835725461,2.3323036736155673,0.9717323360455971,1.8591848220948335,25.431738648011393,19.42962862270659,8.952484603915812,58.29503928328928,146.2945276335869,22.677463117097442,14.766065317378471,4.922540369813799,6.728568617928883,Passive_But_Steady,Salud,Laptop,Fibra,2024-I,67.0777666947454,134.46095224570604,32.8147159838689,1.2423273591802497,0.8108948213521514,0.8148717190952718,0.42926783723797785,4.978359973971944,2.2039382196792747,2227.427558064383,102.94270584858418,140.13307174518567,149.66824727959255,505.9937540484954,109.43200992266294,109.70847022575717,727.607439495898,436.9580013874956,81.36277348890599,151.0172436395415,459.73874346824977,287.9730990766091,92.18445162296902,134.52850069111165,632.3478266774032,202.966190060861,101.49064227857124,47.88578715859814,144.11111972060453,201.12199758544634
54.286117439953344,51.85381304520786,5.2880923579872325,2.3746627146597374,1.4154373828667064,4.158181753231165,18.849011513636647,21.031831822555347,5.158516805517845,65.69047802393762,254.598518642768,18.620946935895162,8.009022255196234,7.964224896061147,7.157962198700798,Passive_But_Steady,Salud,Laptop,Móvil,2023-II,71.3902401888937,117.2174442983215,15.515020023780203,0.7990965378540384,0.49047681136154786,1.3254867673476072,1.6717998899807094,4.836166970364544,1.86858219205356,2574.0248643202885,102.32202876515846,104.73320528697182,170.17178351148343,395.44860113140226,116.57813312808373,95.50681628184547,727.7541748802827,412.9556729787365,67.44471384949313,104.39947799243728,371.6093022896462,251.65245303756856,83.56300213584153,137.49759654490572,579.3139697197525,155.05607020899768,128.87257869477972,75.09451797547472,198.26639441206265,306.96869647092615
75.07891512086645,42.46184853201437,6.076651166292368,2.599179703773883,1.3773532248745368,2.8807148032758936,27.668960571241875,10.71067328905756,9.617388068387251,24.33107615722738,464.79003688574176,21.584864346019483,34.88380469438307,5.732298082849519,6.02221485092684,Passive_But_Steady,Educación,Smartphone,Cable,2023-II,77.94244486046391,81.18307395164977,15.919103826350552,0.7093440373018418,1.3555839988450817,0.6149299081612771,2.6164491701213874,4.686584220552071,2.345858739559408,2580.3675963762594,109.78658439888528,121.96360670381274,149.2921769464088,453.8887665197451,124.55897363239106,109.64469091219291,607.8764706656928,326.8622037276876,66.3119914911721,145.63386318956364,430.24067499787463,246.24110659814562,103.13359119726988,88.72790082095025,741.599544085798,153.58884678958395,119.07801613805114,70.21005552326193,189.0506884662996,215.29704709729572
11.714025324332049,55.493904075948265,6.263146657710259,2.7192329612948667,1.3024493436620825,2.8075001620325293,22.95987144257132,10.98398001385151,9.133182630514913,15.958239703627122,393.1782827853187,27.774554198885404,25.637799730254834,8.26264444084914,7.501961173732789,Passive_But_Steady,Salud,Laptop,Fibra,2024-I,74.21516407859858,87.55036740623072,6.43097059123002,0.9283151257558586,0.7840222954682206,0.25573509519396515,1.9298257580864573,5.740051135197653,2.1223588285516,2293.2077639557356,99.22835011054698,116.55961667455045,167.48249040863254,403.03154775272606,124.85944019481444,89.03709638597408,688.3980968670196,447.4995131660751,76.43903948435303,133.52890542437197,479.28830207887154,247.3707431378066,89.76582050239045,143.83287149275168,666.2271733297844,157.39684695145752,115.82089888131003,69.19701600860932,174.76221365557868,227.6996220717082
27.372539903880295,47.68135542759134,3.9022542466105077,2.727996052048863,1.0100281594029705,3.228203476146168,21.922542821176815,13.643474793750801,9.914137542676151,35.54494363548783,132.33776313837987,17.43437173330745,17.935023055094508,5.329180044559397,7.327901945649858,Passive_But_Steady,Ingeniería,Laptop,Móvil,2024-II,72.17469601437361,63.280493379888725,7.097607810050763,1.0658972204543333,0.7833547229783493,0.7161345996245734,-0.21893080967725725,5.546868419960289,2.2349062555987436,2479.189651945857,74.61489663599559,107.38575516328267,118.08921181977244,393.5415811244495,105.22016287046203,74.1489953110626,752.913680533857,397.8359123795567,73.62438164214461,132.61664932427306,491.8341666031441,211.34133771480458,96.95206681177446,93.26219266240925,703.2540621187409,148.89356723424333,143.58260569901634,88.3284808910587,199.50740068157452,251.81590452101753
46.81594700854932,57.28480919287294,4.758961979772428,2.973559558351668,1.1719283105969829,1.9466139875704531,22.04950367721751,21.610715580303125,8.579105728362073,74.7856149721701,213.18244334205747,21.429488143794373,16.837415192655378,7.327229631749684,6.652621584977296,Passive_But_Steady,Ingeniería,Smartphone,Cable,2025-I,68.08292499200603,100.8571893420914,12.863424581506164,0.6439850144467901,0.6343061056970645,-0.11135960912068571,1.5299485315944537,7.011484297620446,1.9723747914146716,1592.9385074286542,116.20990664493647,110.1044667016002,101.23032488347006,490.5865617606065,93.91310512120305,78.41940555746729,649.0472150353721,369.1915683056774,85.16821216888573,111.78199694634269,469.7976196409695,297.37351595040195,94.56653181809226,137.1043463834632,757.3036008444717,145.11859615922634,105.06222003050135,70.12259570727201,155.61554304089486,193.70893805001396
69.79277185753665,51.99379531915448,4.884680166781644,2.484368417424281,1.029038577725719,2.305468707010588,21.421471850025966,23.755598335188413,6.137923970011614,19.48497707380991,248.1821068295171,14.362061360551243,14.443198379005748,9.073631319414101,4.656158807609059,Passive_But_Steady,Ingeniería,Smartphone,Fibra,2024-II,62.62556257809427,112.30365866892704,7.176283811021607,0.9451120242853507,0.36246859412088367,-0.0334049795175276,1.8200070763214198,5.243392631180648,2.0588877802119887,2059.548882371125,98.6713403264402,100.63899260745704,137.89651028524503,287.08989436791455,118.5695839238952,94.4342453471129,606.90366848517,385.68200042003605,89.92686744893055,105.28954935397566,440.7247211933786,246.48775180613376,70.73937232441163,119.35537429059276,654.4015881463146,161.01533521877496,100.87479064766457,73.57665117125332,185.80378583479916,235.10616551834397
86.0404595404647,51.85003895983405,4.319574845147275,2.17575467659902,1.0483556036986843,0.97148556814266,26.07292563664825,20.775524248329365,7.055675747083015,33.27065265334444,336.07978212416197,30.72646990467375,19.128996623147906,1.0052036616786264,6.191176765028666,Passive_But_Steady,Salud,Smartphone,Fibra,2025-I,73.69124896941787,94.27957948678264,19.093731901257815,1.0298841163824553,1.175391662699876,0.7907012704647216,1.0258241807613047,4.813375176744483,1.5790337562453898,2445.313938085715,104.24161883904358,109.208035722073,160.51439605856615,417.4287539421054,122.20155981578793,104.83656932828839,637.4777652076172,458.7057936342164,84.02138994140212,118.26944437949429,436.32655702711884,229.60723062765626,93.72989849354717,126.95634304330424,674.9445364989392,174.69922529085994,141.1285840549127,84.81617368721061,168.5766803475198,313.4598826491321
59.537541687622216,46.11435443499575,4.235108721772026,2.8644657621903744,0.9973344254639342,2.1101085586184323,18.24909105103883,18.911351127786723,9.769494880899162,51.71377984900859,340.08142386747255,28.32208024775326,22.46673215667682,12.29626378781106,5.4180470860350365,Passive_But_Steady,Empresariales,Tablet,Fibra,2024-II,66.28948545052921,130.9294371048273,10.71833503338748,0.8348010324281888,1.027867008884096,0.10889215333601182,1.8551182270610704,5.368880846353321,2.177638298800576,3497.0862014707523,89.19745656611562,127.27335553367158,170.6305911899054,523.162290747759,117.60809413599436,86.83042460662301,802.9806221780822,281.8197781060085,75.55976300867678,121.18870521613313,441.23534250958664,305.34024377134915,75.88304203307274,120.87582489907233,642.3988791748591,159.6864331336541,128.67859007475238,78.68709294100893,171.7140949889895,209.23194839814187
63.23029147316993,49.197462680077194,6.622615947806928,2.2445665127543837,1.8637365667371544,4.310743699298312,24.943635446255094,9.775328987754119,9.287787952153604,48.98855753119955,374.54878946399543,20.812261247427735,17.688004390049944,1.888525532820904,8.38908503896789,Passive_But_Steady,Ingeniería,Laptop,Móvil,2025-I,84.59760973193278,121.79894704500843,25.769657586235873,0.6599047897789201,0.2785752960966906,0.680455552897952,2.1454955202667123,5.772691683634039,2.095702165164038,2946.6578730682686,85.0727498477415,124.66608864463254,148.63569937784936,422.95092643073855,129.44200755356766,117.74062893644906,753.7485597582862,435.2044928805564,83.23372315737619,147.61750766524636,445.12857846127736,350.40815543134903,91.23163966098687,158.1097620125813,831.752090971154,211.31621985064314,101.41097290565101,67.08346107290193,159.69831741233702,294.13161896913
87.1184716432064,56.314553012816575,4.827058700243173,2.138391967260275,1.0201069517358134,1.8454153041202592,21.464534777075944,9.755293900863547,7.910406305380398,41.3744570103507,337.409035451866,19.657917275797598,19.19943342416833,8.25189365731817,8.61801507742963,Passive_But_Steady,Empresariales,Laptop,Cable,2023-II,68.35583017818023,92.57971367554141,22.019376886459977,0.8231943405282548,0.8599086509469733,-0.019114618694327012,0.01721923733215136,4.603029367071419,1.912763596561708,2090.9470630425676,130.34935647459363,151.19068976750845,141.92356488940882,474.01944110542064,101.44388771524717,93.41590057586286,582.212502836221,358.9962967853824,84.07209971443942,133.19839659461047,478.5690052577283,260.5478587976241,89.07957808472761,128.80354715289712,616.1080379706159,181.9377507425814,124.9769278646249,64.46627105483516,165.14173669751509,226.48719456270828
62.539998889052406,46.71557014923292,7.153246058630476,2.673761149272967,1.544222260997116,3.946482318558696,23.14510463994407,17.423800851707437,8.052057261120693,-10.94541614293369,243.60267472450425,23.463279272625098,19.00854211958777,5.394980386791149,5.746877643481498,Passive_But_Steady,Empresariales,Desktop,Móvil,2025-I,66.69207766521191,109.66832253063406,18.456519058060575,1.1212289637721624,0.3459612046302888,-0.1314250839370645,2.2769174990753442,6.617443000507132,1.5771668768197902,3477.83607807217,116.64737294294419,115.97606628144469,144.68155405578244,429.6419736717841,122.21568162067008,78.02842074615164,640.7264229513304,372.9111618766689,82.04291868090321,121.82395767014253,406.3958801345751,269.5320108772987,76.91607342388942,97.27672910056108,598.3224809319448,133.33312083117565,113.97945492941132,63.131788617838644,159.7488224563165,197.07022053764888
57.54124808885189,51.45720167041712,5.444721543112728,2.7909596566031496,1.1189233121613622,3.4778874441297223,19.68146165495373,17.819810150514268,7.811063803430271,61.44064343149755,88.87099575080717,26.226172709343516,33.16929349439244,10.878180055563648,5.855246233505955,Passive_But_Steady,Ingeniería,Smartphone,Fibra,2024-I,73.07835158278813,115.01888177758968,22.704491613708655,0.5283344793332584,1.3819924491781688,0.6127746290455734,0.7719828350596235,5.586755548279774,1.1597416191085619,2618.983537909876,93.98124220463744,93.76286366925524,128.8975195450437,328.74023032280616,107.14899149138199,99.95601195679258,731.9630347550873,376.9111307155403,90.51014847177584,134.0812431566738,430.8113881836417,294.96870226033985,86.12595282841161,131.1317659647225,664.5377320049723,174.5485585267459,110.99038650447699,60.54240400968594,190.0788070004649,228.17483599306215
63.40676568138362,56.527719656849634,5.1853853006407595,2.3588865469634555,0.8795681277099487,2.827942678629158,25.093624840822386,17.11972721947591,7.745371655213581,10.184770050197987,302.01044967023006,27.763506294323893,13.629309427281967,9.562814433237698,6.60046616381771,Passive_But_Steady,Empresariales,Desktop,DSL,2025-I,68.9269919421754,105.58746179644697,23.03343326448883,0.9219671816351435,0.6392895628394186,0.35078594489583725,0.48905043935003234,5.290850605488594,1.5933935579697274,2018.0836718876953,88.01522860374416,115.13300988614934,112.1612240514849,389.96603768717716,110.584958268713,105.24454130812265,570.7757745113549,423.36830440485215,74.8598167427547,113.60455075638056,415.82297428487004,239.01026470721555,79.08619775045824,131.80669560679087,648.9727687246495,187.0384954588802,126.16157453743752,70.07765887447655,194.99045410979366,231.88822083636606
62.479449308949505,42.81089549996549,4.534794020285285,2.467289097431792,0.4541674560532315,1.478989902235946,24.961906669146096,19.998197122847326,9.1398216137926,19.487546733342732,204.98096540599948,17.41392120804517,12.356983430718984,9.448378773091026,6.599937142060839,Passive_But_Steady,Empresariales,Smartphone,Fibra,2023-II,86.20860717245188,100.22440836733992,20.682557267642537,0.8231128793406751,1.5038523534106087,-0.15695240103631591,0.14611067171521763,5.8813999118664295,1.3644748378168936,2585.1215048501263,125.20234102089925,125.84235906710414,153.0057371550571,433.1887086730429,125.23940838110096,92.7085250477811,643.5519546472719,369.1049235662621,100.41020338974765,130.826769232833,510.9694825707693,299.1275718092236,64.12827438584891,116.47632999702282,613.0870118844306,172.52025794072506,99.5713002190632,64.09007686787011,157.06177859160368,213.61608083947044
60.74231650528964,59.176272628495994,5.50812094438645,2.4670442050607817,1.0089876286308337,3.996457248958236,24.549151885950927,18.81350323566872,7.423887354620331,46.12763617519782,186.709120932431,17.406924256068933,20.56338539460571,3.0948164830670644,5.647398358347294,Passive_But_Steady,Empresariales,Laptop,Móvil,2024-II,68.70015446530782,84.21915598159731,19.53745802358109,0.3661382741319218,1.3298608318139395,0.5613888622013629,0.98468562546279,5.999595431376204,1.1918997039005608,3156.5804816890786,99.25950399984272,119.63480025025318,127.48378740978201,465.11603467872413,86.38539703114976,82.11993611226043,553.2431070652518,445.1722359761552,97.40150931534413,147.50339953775804,452.9797566975985,235.60736722914055,90.03615527556359,125.08111290263275,753.7407037316933,157.85932294291618,120.97985228944427,70.7036944645523,179.2753468373133,234.45636450875463
64.68032212923059,47.63078502231011,6.017495388548973,2.4603900056973838,1.2674811180737389,2.8624391977036843,16.376878781776114,15.193378361902386,7.307860278189589,41.56485493130205,327.8283138112816,18.680036220129637,25.7668273610783,9.888820246258078,6.015045450099104,Passive_But_Steady,Salud,Laptop,Móvil,2024-II,76.1737198400015,81.5321105380485,20.746708963958987,0.6768896948727358,0.9417386704097708,0.4040930162100435,2.3654900089676834,5.514506184411416,1.7012089783620046,2029.6559582110342,107.3338222233069,122.59696326728556,131.49581453618657,480.27778068598695,130.6533270842006,101.71721452562883,561.7473858464601,465.9559896869382,74.62777685299412,128.1639458703481,450.47087770586074,171.1119641736189,93.00807218414872,152.10884897454287,676.3252894953849,214.84952035394025,120.44081350404531,78.16447935454948,214.40090553186158,274.04889274978314
78.82365322919652,53.001940653996144,5.419272430546037,2.5849032081767276,1.052550320809819,2.8919233569857217,20.958262851760253,10.28690903827483,7.143926850728747,21.932427358186,299.4568172393152,22.247176581769132,28.437786717868473,3.3510457081189444,6.29454773053075,Passive_But_Steady,Empresariales,Smartphone,Fibra,2025-I,85.88940536259327,128.84592910451838,7.924901896184624,0.9273522301288717,0.3315709227460547,1.0717233606713625,1.4111409975348914,5.727380163682633,2.3662985090880566,2085.422079428065,99.44047459515372,80.63733367590649,139.59480376354153,245.4051753189613,147.73612255650897,114.0673227648098,661.1917643717891,405.4905649197167,82.33048357370077,133.22420557478347,494.62387315729376,277.77862213273505,92.85718938657028,140.75334881280455,789.8086787962758,176.45038817632604,104.45966797965136,65.60867382739175,187.70050241542685,216.54768773932386
72.46314217358446,48.78054639161767,4.991341833327151,2.6262608538419925,1.330403719711368,2.9926233032213525,27.180149969293034,15.390424403479331,4.465540394202115,24.267605023948658,333.39865812859426,19.948608997207092,19.489266014703162,6.400539292180895,6.038855627570284,Passive_But_Steady,Humanidades,Tablet,DSL,2024-II,77.07376551729746,128.58228520521988,32.68718750588806,1.1122498681716324,-0.041465058561072646,0.6614727282241404,1.487367501649608,6.78108257949989,1.450029766527448,3605.883915537446,89.57911208779603,107.7741014235414,130.00819498216873,394.89259970139796,121.23633444884832,88.0907556391179,622.725186831377,308.42389483720075,80.60203669467123,137.76434605497954,457.13072467871365,269.6948648745698,90.35693625735426,97.45840720090561,602.636237466139,132.24830983319612,118.69559444232253,57.04727744936051,204.38730220356362,242.1434243300149
98.88724213741541,59.46545424490584,7.368981548646227,2.6604358692199996,1.3353649713162568,3.5280069465155575,26.668309074921492,20.71057827739441,7.542262998938943,46.02230953864067,317.98163740461797,22.637329571437522,23.915617098513493,6.673281021306457,6.626161156434481,Passive_But_Steady,Salud,Smartphone,DSL,2024-I,84.09858510888789,70.60204365372036,12.988856987544203,1.1324135257909222,0.6813027302737018,-0.07149249827686328,1.4415144422972253,6.217116006798878,1.4549473227877598,2803.883833469307,95.36426484943222,122.16022489843945,155.8287971424519,376.67867872528893,128.24356737764262,94.23176965531353,777.4664412114448,449.9297438932067,87.21080906743637,145.51389728067733,477.82084677814646,299.3366003430024,89.3543694280492,138.3019709156364,809.4859692626628,199.43864765156388,116.47405442310294,71.11960097373313,198.07100581474518,265.6491346456954
59.28958286118664,59.45470327762219,4.030031133936696,2.540957205345351,0.9584992620010236,4.0875350782585596,15.6410028069545,15.60465866004776,8.64263112420662,25.215881094991985,208.5434074655763,22.384116011570633,14.496295305206438,6.580821766667132,7.109721028945249,Passive_But_Steady,Salud,Smartphone,Móvil,2024-II,83.79616182997357,56.26514205462051,13.33173007325825,0.6929230047048179,0.8457002028661376,0.7080218580601142,0.7556215730048292,5.034358059160667,1.812047602205097,2397.719233762803,91.12757980256652,122.27633698846181,142.06370379464397,434.7780921933619,111.82284485323387,95.60288133909343,710.3620434039657,331.63818178895536,76.75540155719503,119.82665026041798,465.0567470337594,282.43623324448305,84.85133262556003,129.83676868052095,614.3382468817771,177.48817403310514,79.13338067628402,82.69012055204007,162.7541102226164,238.01980324349137
54.1590999666037,53.00078192886684,6.281614910471735,2.3785389639489596,0.8448322874641517,2.4568811287587407,23.213531696782525,11.936475917666579,8.182290642283062,23.934790426960816,100.9316558794817,20.209485691884208,25.681906197787136,1.6044011223822516,7.317977071811501,Passive_But_Steady,Empresariales,Laptop,Fibra,2024-I,65.80213384932968,91.27149557106185,12.98077659894251,1.430107814713487,0.30868160763772357,0.6510324741404825,0.4976452393356454,4.9608250472659075,1.3490450057615617,2596.420487000398,109.03107296802378,109.7355504123294,158.31334907999735,504.2308803190366,114.11005970184434,103.66969579145818,656.6287927464823,355.0872708468695,93.25437827981857,121.0374025807142,588.0287312660818,227.89729497774218,105.9758303385155,160.2841677884118,811.9360535799351,194.2641911426925,108.16462951752726,60.84222901231099,167.31298846999246,235.15708442111463
101.18249646161112,48.310658850397026,3.8098601800961127,2.7156539349732975,1.0873610725820881,2.172299606333871,23.445017980261643,21.910349659366016,7.527740879290655,8.087271670766176,269.3032194932639,19.422826747645715,16.03915088376609,5.359793145803256,6.434823527775597,Passive_But_Steady,Ingeniería,Laptop,Fibra,2023-II,75.60149910835752,104.64899173391805,21.190120954928467,0.7483128513511053,0.3383573339142471,1.5247116775633753,0.8487882924221586,6.555404956848753,1.629891667051273,2809.1505928328124,87.59234320319352,102.48764467434708,125.72771206352948,365.83660884327054,108.40534662250934,109.0540350986921,811.3774301296812,387.86868998816476,74.74050246024854,150.17786265289772,441.02674174969457,275.9267830937021,87.52451736994882,138.78078837943397,834.2537107945597,148.35142264042707,123.11567580973566,62.15923160987373,175.16800608461276,218.99971812739923
106.56724248421838,54.43329128968653,6.22622150719025,2.6761517610634677,0.9232502853728232,3.2772988391580236,20.334242789696518,17.380844648549903,9.045463415134774,78.24361411179788,280.13332140748565,20.71591211256419,22.233466931418693,8.54733610405267,6.44881693262606,Passive_But_Steady,Empresariales,Smartphone,DSL,2024-I,83.27782616969655,73.68403035626994,22.534927265701754,0.6743043009568365,0.29890558222585106,0.7818102575542756,0.47163147285902085,6.655746502741268,1.258337124851769,2557.258336707643,107.24222806730455,127.11350283839478,130.88123281008944,495.47521720862824,113.503346723169,91.39343542728676,605.3538917003078,323.0310208987304,90.31477068456547,145.93844964205675,528.5548887302326,276.1355105194974,72.8778821478595,116.36240533415075,714.8512063175052,190.84720082939606,124.21430581333456,75.20864555409318,174.7071057984474,288.49353615907347
48.28091399166223,53.229558170201955,4.894292051318707,2.1838438848048787,1.5528503568121073,3.8727653014939922,16.78158273756056,10.821735303898501,10.670246798475812,3.677711023782937,205.00834790338754,25.738718591799774,28.0255296312633,6.5738571867373805,7.57288297847074,Passive_But_Steady,Salud,Desktop,DSL,2024-I,80.92892921240214,124.86412559611263,21.26651212110956,0.17344756863932392,0.6712050192964785,0.024387510156999026,1.9736031669991718,6.41700399511895,1.3531400466994128,3384.467128123153,102.66651248132504,102.78776438739398,149.6481739834326,463.77453326656115,105.8321843242312,97.36380056011139,519.2384720875482,403.59646757789176,97.66962518734353,119.4161615830486,477.65571251268375,302.3969697971741,78.7999091960403,115.5415529418215,777.0328242449118,177.7953910619059,105.47253854925741,57.16310204324823,102.29511472583269,229.52104161695192
58.61042880004132,50.54074887856329,6.082513694687891,2.746060749113898,0.873301679900616,3.5198046149336717,14.087984727320496,11.4227630821783,8.000133639222563,70.47059025202077,313.77693103141337,24.213088701152493,22.82898683330913,4.763144614934912,7.816972890105324,Passive_But_Steady,Ingeniería,Laptop,Fibra,2024-I,82.99169581463276,78.32859341738595,25.0948975463387,0.9261244785102405,1.534030599390918,0.6844381694211814,0.05589457972042888,5.8424608822116095,1.5613679071256594,2720.667840322757,104.15655688260745,95.02985068446685,130.19695490308368,450.18327812770724,114.18079968294657,103.34864478491923,680.8151885160867,457.00243011200746,83.68128288065124,119.96363945343224,427.4146251839987,251.12250323648223,77.75095767738391,94.14381293833985,613.5278818667472,173.07532655994302,111.51937873064934,71.1947658680014,152.36433855094762,235.26131283178847
55.7782346901931,50.544846982119466,4.438545416746081,2.7707732580991515,1.5544368333851621,1.309527627212923,23.91078109690807,19.140527202185353,7.808407171534891,45.830383448146236,274.2177755157302,25.373181453767266,20.83762695476628,8.583667817563342,6.780618934060391,Passive_But_Steady,Empresariales,Laptop,DSL,2025-I,85.87794502464851,101.22944559136276,24.4948250398889,0.8337331488740538,1.0116524760579866,0.5507827329502973,2.518866696162524,4.8353182714393945,1.7527304023606383,3025.735090521064,108.18424096731452,130.8206191333976,182.2168136862856,519.6084753494339,122.09018596976615,91.2971729726972,581.7958807601365,363.9177569815066,107.00401684022317,115.5914526399825,470.88337333789076,312.01382618010496,97.61191208945017,139.959863848845,749.2623700225756,142.85423427915217,118.24780246205674,79.29689303611976,148.14953935892527,280.7201299152039
78.96514149450066,37.09079356710103,5.9932943258072156,2.3505459758197644,1.2758130567906876,2.847835193289069,20.071496358588707,12.190384848414176,9.202839486545614,9.158024540365354,212.30254925131297,24.067713823827013,20.1125532070133,-1.075284059253648,5.5407277324113124,Passive_But_Steady,Ingeniería,Laptop,Fibra,2025-I,65.20851551685753,122.70451775970723,24.94015874234372,1.2919898349581067,-0.24161486343524496,0.07995252990446093,2.065334616288216,6.1564625597769895,1.3649403280581227,2719.725928810156,94.93625333449714,115.19296224358982,153.17868367512884,513.0384457498677,121.9485483760333,74.9829268559062,725.1043609926562,301.31249478932375,67.14348959560698,107.52369791153092,425.65810288695525,224.15320776273492,81.56730079689902,125.8806769320686,654.2295828913664,169.6260589684612,91.229809326001,70.19904004164921,135.74787327860514,237.96363046312752
82.11801122283256,51.31607417398235,2.8917383942382893,2.59519139921479,1.4583949521267057,3.6504613084028583,22.872934997592694,20.78498076263225,10.159010574794236,76.48303483195626,278.5046198323098,24.485460402414237,17.896829812376946,5.944643107271555,5.983500963199638,Passive_But_Steady,Salud,Laptop,DSL,2023-II,73.47995457779385,90.63752281170606,6.4647015980188325,0.15311027394469576,-0.2583241410263287,0.11590347982744595,1.6252969415220104,4.863887035862746,2.078496016702201,2659.033733878059,111.02178661587604,99.52052178910377,135.43389316344485,375.9919749893129,95.04576210988255,84.3298087106692,622.2382599075631,261.8789417109213,74.96885648674177,118.24628245082944,453.12878026539624,253.0850297487126,79.17957707911397,105.34594717317572,707.7411779922627,181.29004994919097,96.43543513943764,67.75506987562706,136.6789083039304,198.1237436832763
41.46477036538539,61.02862219537745,4.962447529132178,2.507334332492796,0.938590311473443,3.7505750094771315,26.1414874190907,18.51853860521631,7.556604570343166,35.675349445918734,268.6180455145909,21.598810946867893,19.71098708775224,8.012269543116785,5.579559477007976,Passive_But_Steady,Ingeniería,Tablet,Fibra,2023-II,69.60974248365092,97.603893456539,22.843233922042725,0.8487162829437311,0.47013271416124663,-0.026964995266873515,1.465260787023596,5.899796382131751,1.6248394566145212,3159.149507558702,94.049538523481,102.70668135873109,145.12916465319952,451.81259404323686,130.5324981455725,89.58649758331865,563.8783498059141,397.8577160755025,59.41666607126382,129.79666130284267,408.85717856241416,263.77979846296364,88.0621689131998,125.3880426941943,651.9915016153443,188.95666100752447,120.9163913375021,62.47176267382902,179.5978621183538,244.45066125533907
57.491293490113236,51.63461323856134,6.552635357495366,2.6992194511004355,1.39767243124965,2.0198048848820465,15.350263886343344,17.48314005840277,7.068844214188831,42.95940587547779,326.6404138986806,21.68098969177845,18.92452931026324,13.196771954033824,8.798971666736952,Passive_But_Steady,Ingeniería,Laptop,Fibra,2024-I,55.69914588048267,110.47692020492248,14.104706489111525,0.7214661149309849,1.185270011904787,0.12459750161432512,1.4442519696222487,5.185256948002825,1.1573392676000118,3174.0318973579765,99.9251837828248,121.44835626567117,107.01671403979626,530.7287652096088,125.58499366096848,83.02186738441625,659.6349966374588,279.70037583671296,81.6467611928654,108.92842186911355,425.5713087107347,240.91727427654638,94.3335267520896,154.03212714247044,767.6799331473153,162.13344827792872,141.82044873919747,91.31880316596742,179.6793956167072,288.13261795172144
83.13066916610799,47.20064635200061,5.599231027957699,2.5577865639245725,0.769514211508397,1.7003848098131107,18.217374708781968,17.596558781325175,9.968686045198705,15.505322031588598,142.09637773455398,24.785486134202987,29.571380834836305,4.4713353618679035,5.020845442279033,Passive_But_Steady,Educación,Laptop,Cable,2024-I,87.1862054782826,104.36761494981154,23.565015695085158,0.2591831266056134,2.2331990757955675,-0.4613109940263793,1.5464527173258076,6.615309587386519,1.3669724242116927,1818.3559929216822,91.30554194419965,120.34376106722544,142.9338206203862,469.09911654029736,123.10365385407923,94.70242549338846,635.4239051265832,403.548212130466,69.32082345144192,102.13088684717985,526.0411906369501,229.66458590281545,89.30774022147766,96.95589493013821,649.6542529771021,164.89367301962716,125.77534357902567,73.62598594676412,201.3648006572067,296.44657231571426
39.55615164853191,49.45863330463127,5.594736577382906,2.4158184329880306,1.1211299732356557,1.540560997168751,22.606912430363852,14.623173609275227,9.435190279877997,78.02151550188901,203.10719555669385,13.096893758480283,9.359961268521204,5.9158440480433025,6.792200525740331,Passive_But_Steady,Humanidades,Smartphone,Fibra,2023-II,68.33588027377174,141.95540394891327,24.291735471056686,0.7637218631053341,0.8700887484425095,0.593592399259213,0.7845617421582185,6.253549834676775,1.0314360111058334,2683.4561288100404,92.9810250649242,85.11501214389251,126.23072572581393,413.7040437220424,109.65931400660592,111.11415870433052,672.7636085048595,360.11029041737,73.3983395941549,103.50151191468245,468.89004124741746,260.3317957252664,99.2483615011482,112.36900567412805,656.3476175465831,165.16301669961464,104.50936563817619,66.69687983800416,202.1773371735142,226.43582566970142
80.86866705785079,48.85620813031733,4.467134364780806,2.4546605328424564,0.8207943969484415,4.244061730211942,24.601477447551655,16.397839029910386,8.390172936773192,50.641037702197046,360.40186124551985,31.085581236285968,27.31056363540258,8.152087661804485,6.7251785920751574,Passive_But_Steady,Ingeniería,Laptop,Cable,2024-I,83.82230218550244,124.96206818071524,13.492928982617203,0.5907036904337074,0.5875183616558737,0.26051583641810994,0.43299384372631816,5.198191140520226,1.6213684002395554,3791.186768058032,103.02080660322214,109.91421092023201,139.58289642792928,393.8907087412888,100.86981125285659,87.78493008322376,446.779579718768,379.8148677825723,72.86964529914171,112.23097582184424,410.40010147922186,216.1894302803999,72.33124637095526,138.5329637155736,655.4844526431447,165.49500853425823,120.05145341833934,71.30868163707486,182.870936099858,265.90963204018266
38.901249630018626,47.80227906498979,4.877658024600388,2.933264529035675,1.031763199604052,2.6825298533534907,23.37432731028021,12.34270052110226,6.975495494809945,41.208829030967934,216.14960524261167,24.71766867035318,18.347688280514546,7.996194869348825,3.7486011232573593,Passive_But_Steady,Empresariales,Smartphone,Cable,2024-II,61.492397927266104,127.07356340229589,13.935674793936743,1.2570107108878903,0.24437112454392437,0.5954217852559014,0.7583182160610515,6.368400309413994,2.161165520429263,2463.056620073197,106.72003196180373,93.93578487767383,147.4643006847205,360.00938778277333,108.05468111175865,97.90060597382558,697.5604700206002,334.6731568688637,86.76910682130526,89.59831588319074,423.9313136955612,218.792233504819,70.61478080883018,142.65638509284528,781.6427485215557,150.99292121624447,113.50226540182595,61.07414528770604,153.1962675327191,237.7650563817833
57.06641423859361,60.23335325516191,5.090088949501024,2.730387633405895,1.162724791070304,2.3617066568612866,23.47376973831693,15.53014321255031,10.338847444104115,4.863318919320161,220.96304741592732,23.83680625456919,5.405497332445656,7.617066061480428,9.039797944042386,Passive_But_Steady,Ingeniería,Laptop,Fibra,2024-II,77.37085593058588,116.0242369441793,20.506960075838315,-0.04322383886597728,2.2362841394119455,0.4352771303695078,1.3116248712463587,5.423777525569651,1.36130423170861,2947.1247308288384,112.38337905127057,113.72387651777109,150.45575128164327,429.71176259680055,126.19253498861941,115.84500809501509,573.3013138346607,370.5128960395922,98.22506310863243,157.00734606953807,564.5334999008072,328.38830991376085,67.16545934528176,137.35816394275002,717.7752012517115,196.79556642988197,125.32517049194952,91.48999144009167,203.28639747192437,259.51495592945236
73.35086667069166,57.87201409441354,5.2143424036581445,2.3370926433789063,1.1064375177207872,3.377469224131131,31.630300915064804,18.486245972536725,7.7620150625378015,-1.0943111010255961,235.83971911009377,22.216679475492157,20.320686848325902,1.9635811557070522,6.950026384122132,Passive_But_Steady,Empresariales,Smartphone,Fibra,2024-I,73.02596456405702,111.18475698429926,21.339504945253253,0.27556008321929526,1.0328324444347983,0.89961519180916,0.9569969207489385,5.38735403219161,1.1631906600246726,3374.076504386694,111.34809933566008,82.82642916031614,125.57642885044027,367.55299857203744,99.82118998409732,75.69013883280977,618.4904220248484,353.8380240871379,97.15858108993861,137.0880210573343,536.7270973014507,272.3334680588062,83.31621610957174,134.10530775731257,590.4069527225829,193.12942998967637,100.95736404388816,77.10904055405706,183.00375349925946,202.6700192879981
49.30186337047729,61.1105137514129,6.027226918057436,2.238115672653463,1.123546559900514,2.0225342475300496,21.48321179001292,21.433651889130495,6.139678046696365,55.876358883360886,310.11626395569823,24.544428968606866,16.936567374298097,8.718017430146924,6.866939212538356,Passive_But_Steady,Salud,Laptop,DSL,2024-I,61.96513970686529,103.84379297408502,13.025963311423174,1.0080332428355074,0.057051636241348,1.228701385489305,2.23956834208018,5.438384222650738,1.7809303050718754,2120.9012789793196,112.03231921302495,134.05287455705493,157.07479525525687,474.6352555293198,93.50859655189784,94.1204226682495,654.9340262982056,364.41061343628405,90.84667194842744,139.60620665175583,535.3198127124326,297.35660731030066,91.76962659831212,133.53317521284947,667.7933306869141,225.4077305817292,106.25775197741687,65.76538346174696,170.185819783126,220.01787392146764
61.08808092957088,55.309280384327074,4.31849726598022,2.6109925486758128,1.0722595875942966,1.9580948482231355,21.00503584301252,21.500423998045353,8.549333474903978,32.46137852966076,218.53304275913757,16.632170165343144,12.91293050626885,3.0610358517416967,5.210327185421696,Passive_But_Steady,Ingeniería,Laptop,Fibra,2024-II,81.8993016094373,112.31628940140833,17.0967917747673,1.345752596763412,0.6887918183058674,0.1846820030258084,0.7492558398860638,4.319775987668297,1.7491520789602928,2516.7290730512823,87.53037058046164,89.1320026703992,103.7414029330795,310.07375539187876,106.86379559798955,83.93316556665081,552.0409989027611,298.9210309666011,77.1699395580716,145.75317351915837,512.9836161372053,285.10181976221384,78.48942825932171,97.16883693492345,604.7021190923404,159.94309891828615,106.0252671016931,55.34994548583612,190.5548611388421,249.25548135544886
59.180878965605615,58.76089189128036,6.042730761545355,2.4764467897800624,0.8423461193201357,1.4786670451092718,21.690927784152894,14.302842693429982,6.114383979007249,39.87943040037434,244.46621766454416,24.41131937097402,6.59516440231773,3.994249752271943,5.958827339040269,Passive_But_Steady,Empresariales,Smartphone,Cable,2024-II,82.85172217467898,80.2337667296211,20.782896502573283,0.8682345806606917,1.1460412341754829,0.47209313073888515,0.2840741925576944,5.2009189794403365,1.9048919722764586,1880.833226585744,85.49920838584595,108.40804540639989,135.10667615005516,473.6689523578256,128.42471804691274,119.39555960178782,811.3477879464399,446.113280623864,73.89283906263186,129.08364379877344,531.5150181154494,284.3435398738508,75.1389795544184,122.99949675471407,642.180713397929,138.92197928082254,91.78148413833976,66.47302045518096,190.16637469404364,230.2216707611554
72.95268799318823,48.75519921247346,5.274216894343953,2.5250916383675155,0.9174036016345003,5.179795789666514,20.70693979780801,25.457708398451413,9.765172443409035,52.2121345337111,280.36972380579596,17.95825578488426,11.692604663492464,7.675210194134556,6.411456552384848,Passive_But_Steady,Ingeniería,Tablet,Cable,2024-I,68.80024249324526,115.76067077122427,16.575342126216327,0.6122736921680452,1.8052453753856543,0.5729312608527914,0.09225046887285968,5.382226059795068,1.8536193697966603,2779.0449720935117,112.29765269241004,131.24419675058465,170.85175025869722,469.82746023769164,126.25211294286811,75.33622794131925,449.03988779689917,424.7781933082572,85.76136456317529,154.93709662456385,376.6394968352925,274.2130236587101,73.55066009928765,138.94994534113883,679.7988652245924,172.96848187049397,137.8594697421067,64.16026340662025,159.2933353821431,259.80232586126294
46.19807339298188,55.2687151421413,4.444775526627943,2.7270066142442473,1.032499766883328,2.4063958476380645,20.36297245035974,9.745151877556097,6.703822644928969,-3.6142342159562766,256.5506211136045,24.41749513387751,20.51308670765503,9.365092064209708,7.051769797976344,Passive_But_Steady,Ingeniería,Laptop,Móvil,2023-II,69.00990126549809,104.25831108641755,24.40586653429752,0.47421234856223804,1.7474038023723144,0.09827144081454281,0.9267469988363334,5.021781508973546,2.319078937490506,2932.350763397386,85.88023219321659,115.15175296664431,152.71259669072032,385.0141287260656,121.88625875630179,99.15955792684399,720.5522812899021,369.957443703867,92.7161428483555,115.88618009630213,431.7284622069167,211.93151660921586,65.77582880686381,109.86354548014714,677.9577320267102,142.732358695553,113.02841938986703,66.27947475159017,184.94894020129846,166.70015856978128
90.69273572607644,48.43670675173998,4.388730557991571,2.3412603939476844,1.2207233077177735,2.9119705619380447,22.1472397848217,9.712928227378148,8.45810898028085,-0.7423846264993124,325.673221136305,23.64953741652791,18.057972921020536,9.040520295407896,5.603499691008704,Passive_But_Steady,Educación,Smartphone,Cable,2024-I,81.91620116691219,130.322072661426,20.8331086843012,0.36653243283504955,1.3340764397949174,0.02700093455866176,1.4402789639311482,4.9358270876958406,1.5579661630349815,3074.0486342740205,71.05292449156707,97.27833883251942,90.94985518049315,323.073791496553,119.87174313612022,99.55110512260393,657.5954257832295,327.25412197948697,99.92164194190403,132.60347094481128,489.76586047649005,271.104405931564,90.83852261754454,100.7956725013986,756.8851089925253,171.5128833556077,114.97299868240901,58.780216069463265,150.851871206998,266.94161918850034
75.63565433548096,48.54428229273691,5.261405093122258,2.2764270064090653,1.181145002475762,2.103185894125066,15.587989251133845,6.458273253408544,8.790620155127662,93.53034795847475,377.2424852194426,19.402265886644713,20.020902582008624,5.5273736790374555,8.36593020315827,Passive_But_Steady,Empresariales,Laptop,Fibra,2023-II,68.83727766955094,127.32441886157022,12.390956427341246,1.1763487896167628,0.49049162772757465,0.5711231260713543,1.6908819173146012,5.735501674259312,1.5919200491924264,3574.1743407433614,106.52555453807814,129.3100137531932,153.23379553856773,516.3893683336428,120.07297172091747,73.35480054311738,616.941089079452,321.62439403688126,91.2911021332475,137.76017412967178,427.81265073898766,302.7652266577144,86.04965662597394,132.649076304495,714.7004682767143,195.91980569609592,112.06508880614851,66.45790521358074,157.24027010838105,253.5833491853905
33.3759253514539,58.51429645248722,5.0435207851433805,2.519320830371423,1.530958652570821,3.5344611440392986,22.768960525824316,15.46089319287472,8.353778851308451,9.78536137798242,132.5441731090448,23.462106956875857,22.176737507538498,2.5651688906729526,7.055468890184566,Passive_But_Steady,Empresariales,Smartphone,DSL,2024-I,57.33645009452819,123.00672632717858,22.90764322704975,0.8521846139929445,1.1135127736852304,0.3293927510247875,2.047875184770249,5.5150550820987325,1.1433904160276505,2771.9741711891184,96.43448242292789,109.90118408955782,135.8193593446436,419.10562274036937,119.70924299666163,89.19255700967213,649.7827554948748,311.8024589963353,86.27118066799564,136.98873011191318,470.71511056672915,292.08207663309156,86.68677672314229,132.86883046582926,765.6479867689887,151.86784660800288,107.08295453241679,70.69282531447824,152.33601192122896,249.60224785728448
35.077376355174124,54.71962819098337,4.293294906994322,2.7906751671542214,1.1337738066845187,2.9630856990284733,22.36830351682534,14.78803916427535,7.65064864358437,46.30192182975198,410.84298585723855,16.78605309243543,19.455003448478674,5.702872416341537,7.054782531868636,Passive_But_Steady,Empresariales,Laptop,Móvil,2023-II,72.62070707331874,102.61081902274468,26.402994300326117,0.6592971198374781,1.353467189535899,0.3974511761054491,1.632498047552715,5.619080249631424,1.633620591469294,2126.7281525068815,107.45985904761433,130.16516917797603,125.1894119969535,480.63150473663114,103.56560934254811,91.43431921166726,624.2123495469976,360.9590020488688,85.66780829646758,134.99189948662422,536.439190895916,287.7522633647772,64.40542195862217,143.65804423582185,591.2693994363843,194.74765995136897,113.54328368140298,59.67875503653383,163.48935560346817,228.4310810404099
34.54705317699362,48.394154743389514,4.210402504149695,2.60733680680607,0.9955342350117979,2.8557912080789456,24.25499692708503,21.41830756332666,7.598089181141958,15.052132884562177,145.89843337376266,15.056714643313313,6.213795596914147,8.688181272348972,5.764624518198724,Passive_But_Steady,Empresariales,Laptop,Fibra,2024-I,86.43846692789326,86.4093130342568,12.700435548557339,-0.1176697228827502,0.623882211566383,0.7553462175575746,1.3316729345280718,5.490279691399438,1.5435013446697061,2275.396502726134,97.38817614298337,98.85895779799236,132.33622475407384,358.1595226780849,90.05270670240596,102.45589408373809,574.2397953465714,348.37801848671967,84.18587163036126,129.6256129094629,508.0782843527701,230.8840521917567,71.20329827476667,118.16577700655674,847.0855728949302,151.35772597665598,107.94346441183477,72.32367122457583,154.83061959546734,205.77535704315545
39.296904944185854,55.410559717148395,5.7019247384417,2.229292846861046,1.096099631784206,3.571238577599993,20.855677865596213,17.453902960549446,8.230420041192279,10.746953523760325,137.84421857752903,24.582267099518777,7.275553245165472,6.195854269512235,5.8597407105898,Passive_But_Steady,Salud,Laptop,Móvil,2024-I,93.79639546877563,126.92556043801123,3.7901535910204465,1.0749273604086949,0.7360904177205213,0.24940413408260054,1.9528096504777215,5.1764708595664795,1.4469331590952244,2342.4103010084737,123.96123705845281,135.8773813662845,156.25985740839832,538.2934984345206,101.8920244068109,120.58114065389812,793.0203317486698,423.87218697525725,86.43749094977855,156.62173565750817,506.1392796350628,295.3657579200585,84.16141220150148,88.35917025426178,695.5347402618811,128.73680818664872,116.43594612576271,71.14567005936685,152.90359069575672,223.73440488813782
-2.824973410567843,60.269698508460934,4.400866346080576,2.810441005790941,1.1722342556023275,3.6508450046957663,22.510552864455093,11.166403813374489,8.878968155005872,25.586601833752603,266.5390570546587,25.66950847635165,15.168636184846639,9.264274001778876,8.936677970852019,Passive_But_Steady,Salud,Laptop,Cable,2024-II,82.88960104922715,105.90891278870258,30.111330535606314,0.062108954216256285,2.3304022165477107,0.8358243905056338,1.571821884787179,4.885701333731459,2.4023372992219962,2863.6916830281957,108.98255062481039,119.2462694399523,150.07617613002796,504.1946744269765,128.6134119186189,107.4576641327872,633.8648827250811,302.8883300175844,80.00500652030739,119.49864656212891,430.6260717034693,245.83047807623015,91.18643237294053,105.12985278622861,743.4168963428197,187.30366252510808,97.42681475713476,76.2984687334328,169.53775967104892,242.8507153964005
69.06649603797861,59.075465611605445,5.30508260431,2.754864674997847,0.9305523555382913,3.289356158002734,17.133029580635764,14.77358517960964,9.191059943261852,71.86438247691531,331.8714719286204,17.306600404065513,17.729452063303455,-0.741731807198085,6.339119069466315,Passive_But_Steady,Empresariales,Laptop,Fibra,2023-II,78.0656596930427,120.66140714145483,13.074246024113464,1.0479276515734972,1.8338461932955312,0.2018750296154082,0.29825558053849877,5.955822128480346,2.653669318360553,4010.53366536485,106.7447610058268,125.2707329528205,128.81831686054915,430.8025420818798,116.8472015504644,107.60650996358753,754.4938396863377,314.9858746320169,91.13777520232738,120.15695728704151,494.02555120171155,262.5029412209243,88.89227806913452,131.2980880910199,827.4596543466297,159.2217409108335,120.03707786303828,67.44467256157093,179.29573909279074,269.0366556639686
40.046324533977646,52.307317704827625,5.841732106251376,2.541578712949482,0.4240334773491702,1.5685862461350668,26.530752384526004,15.114300571080394,7.7118568396426355,63.943673507436024,274.01081211718787,26.727285165976724,21.436743432497636,8.161718760857113,7.092379835872802,Passive_But_Steady,Empresariales,Laptop,Fibra,2024-II,67.1086551016266,127.87563100206053,11.563193337977069,1.0346039414345907,1.618712753227174,0.4624647058044649,0.9300386963962922,6.448561980504785,1.6897824849558902,2721.813135566662,116.84443971063142,114.65505848802594,167.49624908502682,374.7422737024881,148.0160311931418,71.08796095527276,750.2864326487531,458.0036345826213,75.76946306788224,152.2529304850853,386.18516664982997,295.41515407823556,108.276513367645,120.26952624963516,763.830592130458,191.74372389585074,136.09754115693875,67.40647393082405,171.84709995385123,258.87974489986044
63.50309017087751,60.98517297952349,3.1087452647335097,2.3453636486550336,0.8463082358234001,1.592143877008358,24.61100062327358,6.274739428860613,7.974667698384373,40.400995122915035,336.2362571839224,19.109464799426142,23.343113125456593,1.4594255042047068,6.793976250950063,Passive_But_Steady,Empresariales,Laptop,Cable,2023-II,72.53351264234904,79.35507143436425,13.587761622463113,0.21007651391638996,1.9358654762895455,0.7269730502400104,0.9188863926980747,5.896271946709645,1.843003703722002,3497.162316786904,100.85799811664495,115.68837027725911,141.72985048211567,428.43992060800736,85.98972784019476,89.29221474550425,713.160239162083,372.218855550068,83.14022553093506,129.2867472003802,435.33145484764646,281.88835548596285,80.83002207481786,113.99747604132843,630.4143881643904,155.79562639441616,80.84924095462571,65.06035266181141,169.63213524119806,229.92613495813964
39.22993794081972,49.45100779244687,3.3477165342928608,2.3701751590232827,1.1946015909515368,1.4596163985393127,18.83902781865786,19.126067047729887,6.282056555839193,32.03646896779801,368.1384853444874,18.577639491796766,25.02914318325452,10.733769292859304,5.722854584573787,Passive_But_Steady,Empresariales,Laptop,Fibra,2023-II,60.703250181818035,86.28518675453334,16.83686223329745,1.3249626849512526,1.062731727279686,0.11121734219693011,1.134410201291424,5.973038342384117,1.7223590070285848,2706.7861602920666,99.99575426188161,103.4841042263406,134.38264228903074,344.02422626181914,102.82795327724467,80.14897649696198,672.1597649833171,236.18614000682294,63.86065101300706,100.87484713923621,376.66489352406757,278.99814862367526,95.86303094943722,108.29602797688636,754.0892583034074,134.4095936407199,82.28079275087356,47.06997783030032,135.57315346177145,211.88395718409205
57.37514702296685,44.7323370549219,4.750391496188748,2.415544682085498,1.415796314211434,4.344546268766682,19.37253585005509,14.722807053139041,9.373971306832708,36.482860308290846,166.2222020395668,17.85516677501842,13.380575657203828,1.469465706355643,5.401821193173999,Passive_But_Steady,Salud,Laptop,Fibra,2025-I,71.90750195530084,116.29080820194378,15.491154021137072,0.496279082323446,0.8329221088273935,-0.7726772205855986,2.64233818870009,5.301833855307435,1.687793903330068,2151.519887036026,81.58638540172805,80.95747932172068,107.39612876418116,264.7106849745668,118.22380448305654,94.98567061980272,611.0531690907658,407.32155247573024,75.09930137410596,117.75106125947482,400.1686643051684,273.9423646527285,79.66769921930371,95.33321007519696,703.3509137468644,142.04458614627364,86.92038657354118,66.37786574603938,171.5712748949998,289.8207618489305
76.21421911812953,47.35431392784011,4.820094976059409,2.5415945576972288,0.9285943320539597,4.01812618275977,18.331652421786508,21.332990910687975,7.349877420755318,-3.5204835354127972,394.97984548821705,18.810829756351524,8.056672846289317,4.038000652883202,8.321257841515834,Passive_But_Steady,Salud,Smartphone,Fibra,2024-II,93.73533811277196,130.1998669896745,25.3095067635585,1.2564588373013987,0.11931234946381031,1.602535743783244,1.076241253173451,6.70125822731625,1.528021014785474,2339.4044707748394,132.96153698393974,109.32997071862425,149.11656710165474,489.7817564268857,103.559903019549,86.73893545749539,709.3601095203009,434.5925107653499,82.31052104029067,123.56612321997906,483.21031381797366,299.77440010807817,89.36279034565942,150.37251627574457,705.7247878950722,145.33225395380964,113.28193109855003,74.54856089730843,162.49567453183968,264.9697111765477
80.43972997485346,58.06682201698178,3.622377926208264,2.448149006020685,1.1874011630006736,2.2466142299892744,20.556602543854382,18.145248837859885,7.508780343673763,0.4777067990531272,421.62231453608774,23.529583566446746,20.98525374549415,6.039034137110434,4.564121205644607,Passive_But_Steady,Salud,Desktop,Fibra,2023-II,84.61208995019969,123.1046077101939,9.08175349121191,0.21909310446219832,1.3448884779421602,-0.109601230427335,0.3830660476448269,6.344582986138922,1.5754554226630944,2389.6836583166673,89.89679948656327,115.59956048159111,136.09313989342144,429.80003849343046,118.42514302701774,90.92533380679045,572.1221385835134,309.98186648987615,89.69707635585848,109.23821031645927,509.870973140252,237.5310251893309,101.02881781069857,142.18815844407584,850.0540443463955,151.99189584675767,112.6699589499197,81.75393402592898,137.1173747754133,232.0251924139823
62.29650937559341,60.182194459238445,5.923700849389443,2.0093626196131744,0.9694635972094998,2.855365344557376,20.552075872789054,19.930377321225997,9.56851852289275,27.71510522642207,368.8798205996533,22.199530130666243,20.748441791357827,1.5890983506866645,6.3878361262330525,Passive_But_Steady,Empresariales,Tablet,Fibra,2024-II,76.54140585353241,73.63426115140886,19.341194314257834,0.6673474972281158,1.7469469948275351,0.8292168260304387,0.31057475193140377,5.696914687850375,1.3931095212783733,2717.1935234051834,115.88022429605066,109.86261352927612,141.97275691949577,464.871280568246,129.5949244721458,78.7964636189355,563.4561938155559,397.95410807034574,90.7630272210045,160.3404174974943,522.0267962012022,303.65903004509875,78.17580152876047,125.52525738710533,650.7072963160784,184.84438997156732,120.0307612490316,86.84968698087842,172.60582604676222,297.96175324973655
66.4699616951793,47.79268568150657,5.900683142908593,2.5307267626265557,0.8483096586897545,1.436708821567049,20.778380477282123,10.763777778493012,8.10959417980023,28.60059582677185,231.14579673111183,19.734582722065195,9.312620075641497,8.876002980624941,5.0193132071513,Passive_But_Steady,Salud,Smartphone,Cable,2024-II,70.69450405301717,119.79108903693876,27.061947627138167,0.2415237710659268,1.8090072807532132,0.23853917273256914,1.859599269762238,5.629707975794529,1.6267878003573712,3002.527198594257,73.73155784970321,105.82967963862082,134.57912274105493,352.37311981511,141.0764145472359,95.87504560023231,694.9912492360297,269.0754428381004,79.1434019596948,136.1112610644728,384.4295870773904,236.98400092259914,78.6531851272549,110.75318997941469,703.4921745039321,164.1505244780372,87.36662377579144,46.37398380576299,170.27440199201035,119.442751533667
60.96916437327921,55.00333089767712,4.266058570822459,2.6574602044285216,1.8925987521975154,5.3391970751218105,23.56057782436382,18.577222754682246,8.481183941785824,57.52454074937871,530.7523025918749,17.950236696453764,14.327311324702773,4.72399653231297,5.819336129745341,Passive_But_Steady,Humanidades,Desktop,Fibra,2024-I,76.67313312419982,88.26781584610684,16.061723560280186,0.6336730551233523,0.9846913080774713,0.18352636281887102,4.067223622931286,7.228340661990404,1.5210253585617532,2438.4105575747612,95.74744787779444,103.1313422552165,115.34742233829935,399.43807165496395,116.28058140626003,77.67750941710807,774.0038662188779,400.2830599012057,93.12038704425986,140.19778081712442,491.4235914733341,278.57767874071163,78.44412184865463,140.47600727613494,801.3812431620398,161.82978402062744,73.6716258422151,59.44535093420232,149.05581455235583,205.4547178933354
93.68031539964545,56.21255222630511,4.37874094060298,2.493347141420101,1.0588262268477515,1.7302002543160577,25.504945314074728,21.799335124774927,9.4252602693819,12.618262457440498,306.70103993539055,22.874607336050573,21.40297203177033,6.238266833981723,6.6928777437941696,Passive_But_Steady,Empresariales,Smartphone,Móvil,2024-I,67.69390931097334,105.1926166679493,10.657237111463882,0.6148799787077779,0.1183158824984124,0.7346551159820147,1.624509695517136,5.4339765033645335,1.4277190541593618,3215.392787039907,114.83120639740518,97.06646318191967,122.98042335866799,372.59126631477574,112.91785633130746,90.26927100082789,541.9825582167938,281.95975826993094,78.52695787625493,118.77131852113935,428.7895298119559,205.39335140780702,89.43030447584472,93.05657585825773,646.3380935644644,151.1893401010558,106.46080324882291,73.86768628418663,197.85346518359162,286.07083174003213
26.07781515333317,50.956681781573224,4.489690839539853,2.4092954659436554,0.9753814254329688,3.4739741925499614,24.88849979884471,10.32755855181982,8.947655089528718,66.75103381256032,315.1883175196259,21.225565902497898,13.19830339398241,9.993791483283038,7.356125681712972,Passive_But_Steady,Humanidades,Laptop,Fibra,2025-I,59.65539617520017,86.94277064833221,24.2155890200112,0.7784865298799839,0.46478327072450365,0.9409210708988475,0.42803308877356294,4.941398290538219,2.2024790122919478,3356.0123325873715,85.40987227515805,121.34528084936943,150.97953881148015,453.19543569459717,124.064804200661,91.32960188309676,739.5767280210441,307.0341719261754,76.39835319982558,111.6805323438629,412.84899156800356,246.2763646920855,83.97854948005286,119.51838386907015,667.55556260719,138.43852297740636,140.99441373359608,71.01033034190205,210.01934069301,240.83669530048817
50.70368684507297,60.60143541997933,5.34844006006777,2.2244036618464174,1.3706222377131156,2.3428495595268752,19.76992837667574,11.843284864080395,8.48827304215925,38.3052956868856,269.39002078840775,22.525786162108595,17.53898830619632,5.401860271696457,7.4983660706509205,Passive_But_Steady,Empresariales,Laptop,Fibra,2024-I,73.7703092630879,98.21462769166465,21.171213062434624,1.0563247346669309,0.3319610318850243,1.5593022182447436,1.3340539664354267,6.749123706117386,1.1675719412396093,2660.3741277145564,94.54061469882873,102.01861462530817,123.26873097529403,292.16730295358235,105.61527868686117,74.55666359412278,520.9796576361198,306.78258998738926,71.07397671281954,134.64300432135917,447.4025475625514,267.55672876809126,92.19128020510533,141.42564014265574,719.5728610691101,162.12135110349237,132.21387453975288,70.60658415962928,192.02777613310448,224.78034166086016
39.090862058302605,46.26965602985307,5.315649098145886,2.7565826295224523,1.0202458563224273,3.7914472806621307,23.798083494729187,21.029825175871185,7.096381083532621,56.087313625892165,250.49616446750537,24.333334274142505,18.984812521952353,4.243251490634982,6.151443965975226,Passive_But_Steady,Humanidades,Laptop,Fibra,2024-I,59.4173277111394,128.18229073875506,21.145409081173486,0.7346142658765896,0.6602622462704912,-0.003417097131939103,1.41293159971762,5.680597001116746,1.949481318494668,3294.5274870390435,107.07290700866186,78.79591627847195,150.26250940069255,450.89171164119307,127.9791568810561,83.64779578437171,643.3640427851274,363.36585455875127,58.73528648896976,102.82231761234061,453.82318085540453,240.594445686887,81.18063336921479,121.01001128262526,599.4205544039378,142.90464319661035,106.22867803474233,50.64014711179941,163.61705522213293,189.86870259297666
104.27023643950113,50.41164176828371,4.475245040149117,2.4080883761535987,1.0992940893794014,2.055537283605335,20.087256920143915,18.902129330038534,11.053829411745806,15.4455679603049,368.02990572292015,27.74263085993949,12.244273897678685,3.4601328544550585,7.035033513931088,Passive_But_Steady,Empresariales,Laptop,Fibra,2024-I,73.61920602874068,111.82043256873503,7.661236148045373,0.9127338166885031,0.5232233451797859,0.21181297531996368,1.3412849433899434,4.575585638199538,1.7201378173639437,1771.8934648738039,113.63931978474514,110.89516002129841,155.13862643168412,382.2688089904076,128.1878361944268,99.5614771241392,730.3525551589323,415.84462096399795,81.30369213077054,165.05744743215882,458.9282094075595,239.94687438410634,89.25319907997424,104.16016849943878,572.1742746528173,156.90623908801376,132.2829416481861,81.80983135270095,178.35489899911602,327.4748748268504
42.38682872401885,41.60127250384761,4.526321677632342,2.255283953340322,0.8348664776611808,1.8481806425680567,21.55371639561361,15.518883601022917,8.907500711047415,-61.13351197075548,140.247930585139,27.02843535843472,10.057357097438668,3.348803558232234,6.5020233007201,Passive_But_Steady,Humanidades,Smartphone,Fibra,2024-II,68.0010641835053,122.29523800168639,23.93953330627964,0.5192310974746054,0.3394672115213127,0.6185938056071538,1.2320242668411867,5.706598065992666,1.6076572582042412,1553.6044407331829,106.434028902642,126.51544718818883,152.29482258141772,481.79666674539646,113.5972445383889,64.65560678637318,599.2569557707686,301.0200681863746,83.0042764796875,111.01209947026703,467.65649017764247,277.21592739073014,86.44210770654509,141.88015674030606,819.3606949365835,168.10041135927938,95.73594312174617,69.09417130101542,156.26616408613089,231.7736815216874
54.86493283836086,41.96663458064605,4.78037441483386,2.4131158464982048,0.8974079168840888,2.5299024170309297,23.658671095681566,18.30167020761636,8.256762383318431,55.46921672661495,307.0199938687504,23.90039840231583,10.753473564486637,3.3918250156898777,4.5225873882045615,Passive_But_Steady,Ingeniería,Desktop,Cable,2025-I,68.51097808409325,99.23896350749024,15.451549342209264,0.5429375773534221,0.9465916503616774,1.0552745994744575,0.7393959211685194,4.812966375025365,1.698104439611336,3260.0680395508416,100.16263738754023,101.31341510564415,123.62018694077085,380.6074210080353,100.30180374996371,86.77063199345453,465.7600587595558,302.96220598359645,79.43928512388628,119.1286463680117,336.6380623702477,235.47536938173502,79.24909686448602,116.54855138423623,577.3625975591591,158.4278751753215,137.67619224971403,59.422841675292524,177.95990392175543,238.41573156288212
51.67619789410695,55.719867052962734,7.430522940305213,2.7926819647424233,0.6617344150226399,2.2028517028228753,26.279556821912536,14.139709864058473,9.087598181957482,6.121969048399251,340.18504885456525,21.02413850310586,19.709819432318547,10.540598682023695,6.491425351785865,Passive_But_Steady,Ingeniería,Laptop,DSL,2024-II,74.65604470830071,106.22637538201857,27.614618868986696,1.4437223334476725,1.0795294460850668,0.8215885523218022,1.2395176981095652,6.376085381128672,1.2475744861075966,2594.238454333939,109.44631017180805,127.05354971341363,169.98093013168756,536.4885948827188,122.27169339563045,105.1505152915566,650.6282668586019,383.6626541059201,96.04225610844117,131.4007583539009,489.091716432299,293.24047234271706,84.03116453245777,120.63098733035788,653.5129837752078,167.82052839110273,98.20170501149057,58.42473387434622,163.9980221141634,270.78268903482495
74.52522957957879,57.20318159341814,5.067285515165804,2.6982141481194746,0.9205934868286688,3.4467706501001527,27.80883885483288,17.18112089256012,6.975105088725474,33.11190897820491,407.08059759608295,26.50113410597075,17.100634414664025,4.6939866463130215,4.709319474028801,Passive_But_Steady,Empresariales,Tablet,Fibra,2024-II,76.13582678089614,125.47424669410526,25.777235270823155,1.4967139170179788,0.5781607549109561,0.5167304295629946,0.8622680115002381,7.07057164856949,1.3545208655780028,3998.969056099131,119.41702632471812,96.29579536115666,123.59381873347887,436.01147882031836,138.84439995360947,98.59293286162351,756.5633895968683,403.350761944685,69.2944320079084,124.6200502076796,420.5853454371015,263.08845058474077,76.7116496548361,102.02345145024238,608.9411445085518,126.15265827590702,104.38965380881682,57.96716318088897,124.99713649299659,186.26117044999452
82.41379398266885,50.153509262183285,4.0982777201551865,2.979889111135411,1.1050097512805883,3.309072341697041,20.36935895755834,21.94417502644851,9.19296335799463,63.89231026790242,239.65531945188368,29.027378286147748,19.856764970574662,9.565573258390856,4.977384014284029,Passive_But_Steady,Humanidades,Laptop,Fibra,2025-I,63.95817211839893,96.05957943208301,31.16566284101232,0.27190912791037797,0.8900830974620171,0.46751208788675247,1.833584404198622,7.538415258116034,1.3591299363526381,2777.2196292180925,92.20875442853774,108.688938139649,118.70775266517666,373.5134070923539,100.44535677366208,94.91294230257041,597.7294423877538,345.5730956750497,77.00055674736733,129.30906487225346,449.15690610370825,272.0811983776344,102.26166190271387,123.08731865537585,788.2401003384402,163.40604965528155,120.21253714163123,81.6831487479066,192.30150404773315,278.3382770847997
77.90581425785348,54.91114991623545,5.716477166472223,2.6169100341157803,0.9634474732952063,1.1546847128704376,16.067235145085583,11.822737869068213,7.7868876084669845,59.63257137846692,273.3938197167609,25.168436782530538,19.94732094178717,7.542427121778309,6.11750399069718,Passive_But_Steady,Salud,Laptop,Fibra,2024-II,77.49781323338831,121.85301965346274,16.172789860694078,1.0611551819319471,0.7149902657995053,-0.06773002730353234,0.44394791877224726,6.973397909762458,1.3293900089389232,2296.7015748385847,113.00876049889733,114.65292171515836,139.51460295053366,493.96092991090103,120.4799752463011,92.44261358605917,725.4205443903685,403.09389365704516,83.63762616698666,133.79420537723496,370.58644235244134,270.249668078322,122.93384383026438,153.77681021209108,702.9648167996874,198.08159838173052,117.72356737684854,54.361805825260824,185.13127003442423,222.35357756820025
65.52207939382352,45.81477770981735,5.065440313863417,2.6890261207678066,1.8388762723410816,2.604875036115225,19.781409517751456,19.530224278424583,8.523464004532734,67.40945462895769,292.4505238866792,21.8707376673275,11.471857641203606,9.10748039463925,5.067909706316053,Passive_But_Steady,Ingeniería,Desktop,DSL,2024-II,69.92826357693855,117.24565839617512,1.4295537764377357,0.5336340087240022,0.5896246160994449,0.32356279200240023,1.7064212361091273,5.122149256206194,2.135312950377616,3734.195427973379,96.70699896861971,117.25337575999319,136.27629849324566,491.21639819967294,118.72262065679149,92.96244632922803,659.6361339094034,326.31812735320653,84.39741530385159,141.94599784641713,464.31270419799216,266.43219614415716,94.1606576024639,119.94216412238785,732.872128148558,158.2372027647144,117.67140011462728,55.66823416634135,143.28134450691678,198.43608172421887
61.93512421461781,50.29966566298705,6.43999766912289,2.5408758757755536,1.759262007978588,3.822103580265871,21.998287439790516,13.768211145447403,8.799363570942534,53.19817285363962,346.693629222048,17.62658973583707,25.30421398226496,3.330921936090318,7.935055221791952,Passive_But_Steady,Empresariales,Smartphone,DSL,2025-I,69.59590689024614,58.44418080178976,22.450439528832575,0.3635679395704276,1.34748320534283,0.5042068645177904,2.0359300564167038,5.199590074670593,2.140935265427902,3187.7878327626313,85.25212074395542,122.81307735115948,168.2522453558019,448.19839074563015,155.52361240944953,113.72522537934825,715.7822030071761,394.57963167826665,81.18396089420288,141.5019831555083,470.76510219341344,307.6696859439027,101.86735727758555,130.00270383326594,765.8714165847182,168.82149516837939,108.5314328567031,50.814124269400885,162.2837423856312,261.9947282925871
36.79670820013129,46.23324247692572,3.5342034773523734,2.5842054671737507,0.8578276134474243,2.5630421789657514,22.24484782186809,11.029497085675919,7.8339985250962885,54.27915000219096,291.4541393350829,16.02515355106449,15.13872145686928,5.349670066309349,6.998914160472014,Passive_But_Steady,Empresariales,Smartphone,Fibra,2023-II,69.57522605436563,117.88572374252138,10.540405680252329,0.26348124859707,0.7913211820580844,-0.3686578178248555,1.2744115247005576,5.987773205028228,1.061501576833861,3667.9924204080558,76.09747272933677,108.58132944336226,111.24527257831578,416.0336352349299,82.7101681605072,93.16686767135644,530.2209015741471,370.75398924536285,54.3959661923108,110.19073914155547,290.94306899972617,207.76358443696512,93.2690912335197,129.9088100420669,881.1025856013606,168.49271550978253,125.62719322169863,56.03185824726174,161.94546938742525,202.72090800098167
68.19975844411226,53.77079275524873,3.7780689222325337,2.5058097750602344,0.6356060355601558,3.899686353317102,24.16106066074221,24.196629563709987,7.755730615330901,71.21545312216672,133.9341008572086,23.737688699441037,32.319548358565,10.464056496268809,4.055231536308736,Passive_But_Steady,Salud,Desktop,Fibra,2024-II,76.78576154148678,117.19188128164625,28.31149399905954,1.136445684655906,0.727976632341565,0.21740513376416346,0.5201358588231394,5.113933580951288,2.2231064395953064,2532.264552176124,77.28386233571615,80.11881264638338,110.3089452303656,431.93348914369517,129.76481903743934,91.36051123513762,693.0296867379918,346.46993431614567,78.55432864974658,104.83534855811503,434.79110586162625,198.90660674567496,88.1037030810654,99.40861837309123,666.9590448118871,161.27951651256902,88.2310810795398,57.24306017018754,145.13258174727076,203.4755948794098
27.788251964223143,50.998875607097936,3.913478058787697,2.5201497404491926,1.268246969260355,2.7460815584345926,17.698169789010844,15.863998786531031,8.131183969548518,4.334518841097527,187.4338014564939,20.96894981805777,10.712606604496152,8.917792812273015,6.086346632515087,Passive_But_Steady,Empresariales,Laptop,Móvil,2024-II,87.89353089489147,119.92496511713831,10.793224919189363,0.9342363678607921,0.2880203041389071,-0.4362005446852272,1.886876343508418,5.978926673170696,1.4340158937198304,3043.4143868721994,105.8575901025909,109.0432485640468,134.23915580882448,453.348505438116,101.97537910000594,110.47882868391572,495.29807520827876,388.6959701864727,87.23407744836553,125.41159822303324,511.28037608717267,264.84852600324285,84.50661230963878,111.44812682658734,762.7573373194332,121.25793384562866,101.31437987337688,72.51266462954908,126.47126665994169,262.1091127774425
42.83729678150417,50.28860817318699,5.4618361947912355,2.717086576112269,1.0515844037981776,4.4865883540884255,22.755126350572702,15.883759927010619,6.135655280496214,59.42460091625405,452.00549914595473,20.31777087100059,9.821015543377959,12.556169532396494,4.815603028296421,Passive_But_Steady,Humanidades,Laptop,Fibra,2025-I,68.09347327221157,74.09981793922455,22.03228113358467,0.9335459750048355,1.0322008373449747,0.7916042982975215,1.2512608015331512,5.926379417541835,2.443422695855745,2385.4090569711025,91.24218549496943,116.31244930602952,136.24003822792463,396.65048365974036,131.2895363401448,90.03504581027553,628.5774224384983,301.6261942546774,74.57781659769175,128.98375799032766,519.2821177657643,282.10245370341204,103.92120619388447,150.65975785798392,718.7466434250648,230.72664772915653,100.71319620758175,57.61144211305841,137.99411730592595,232.96463929296297
63.17179368765762,50.88906896022497,4.183965760330453,2.2989946341115814,0.8389943866724153,1.3682685435346744,29.76372367226801,14.760461169861939,7.392396081090815,-2.9544085171100924,248.22322681966972,23.41880014591319,26.891956907454265,11.640037038301621,6.20700075207418,Passive_But_Steady,Humanidades,Laptop,Cable,2025-I,84.14878299592917,80.62458535801049,9.75742527759168,0.40340150805837266,1.121871790987765,0.9196419554508435,1.0579120471564127,5.568047989830396,1.6436079883559398,1924.7075359343835,95.28950551691798,117.08540492853415,133.3735320114113,425.80683595677084,130.9468861145609,79.45955383278064,597.9093746247929,328.6061902918349,83.01166940489671,123.34076556130812,439.3761584085863,276.4260919151032,76.74401290375707,140.83198240008494,622.7196235754643,163.09868641678588,138.55030365510066,61.33081962193883,206.22427027929888,255.05979470502754
54.607908667737284,51.298033370821074,5.503115208123445,2.2712484742590493,1.0954735453840578,3.1890201829569773,16.27113426033221,16.187244941921087,7.869723833807378,53.74832874929149,309.5419820491009,26.038296957542762,22.520858285356724,4.453662051198882,4.571556822591068,Passive_But_Steady,Salud,Tablet,Fibra,2024-II,67.3850249507249,79.72266095918413,25.133260755717828,1.039417004598913,0.5676672476889953,-0.03937747247858342,1.6920320780224611,5.051012989364005,2.3175714020412923,3256.1966448950056,79.2546016953044,118.90269853759759,123.2599370547449,415.17827093104785,129.7110239247001,78.98355805977444,667.456253548336,405.4161904454031,84.6563301081725,124.89871811338173,424.87793804164943,300.55332544804594,90.19194647622814,109.50404947882335,638.1300999070706,133.85702305936417,93.47723654704346,52.22466423269869,149.74687224598165,214.7185057652632
57.419081659872234,56.31020765273244,4.443064438739154,2.2138596340765577,1.2588554556044023,2.5479478562950506,27.82789247399692,16.42311453729982,6.984736513488271,-12.339318580337942,246.38392131023852,21.737797008661033,14.48400524873807,5.445489809338218,5.618866021807957,Passive_But_Steady,Salud,Laptop,Cable,2025-I,69.0818037429323,82.66969764435136,1.2499085076195096,0.3327245983379762,0.47129793233536976,2.2831853714393344,0.7288184919522147,4.314577576506882,1.9232394933740484,2619.9434361250696,104.44630671591756,112.82884838677559,158.01729977446982,537.5142466242537,105.59745558578774,89.08118394011527,719.5531851013008,330.8632338815017,81.49210879217162,130.5630140152761,296.7348054399383,256.2878576879148,73.85927287348149,106.12552021785064,809.0448832065367,163.6700013612555,111.7922228561721,54.60794208990297,163.3331109382182,214.91785574174196
64.09881683717113,57.70263682023652,4.3796696047357475,2.709164334537136,1.162632724899933,0.8112863914721404,18.525187515281242,17.62831088796954,8.14016649168526,51.12350043983665,194.2324955912017,17.04074060773384,9.58912822027757,1.2479801012148442,4.208742491770056,Passive_But_Steady,Salud,Laptop,Móvil,2024-I,76.08833916681365,118.18880835268169,12.088907011001055,0.36568637394724135,-0.5655706176742834,1.157884638942628,2.213874642220349,6.296371056682716,2.1869824267971505,2336.0440927642717,88.18466130688577,99.4472921240496,142.4113642767263,358.67867113642217,106.11414562112662,97.09855638392496,592.6904698600256,388.58638982462855,85.48382281226972,105.09495279026473,513.893380334259,209.11550400849447,95.02006955864869,101.32767663689378,568.915526942438,158.13139430885502,137.5744652654577,68.59684491299015,155.7890359672006,253.10370668363393
73.67447862555875,41.22420362709033,2.6984448508594063,2.5289784811367237,1.100691732700384,3.749105541376935,22.764405038251134,15.923528436453704,6.593065886538204,42.5279987374396,289.27185159613805,19.37021982913982,19.278212790076367,5.703626663031428,7.188277458377522,Passive_But_Steady,Salud,Smartphone,Móvil,2023-II,63.8132612305744,107.66621488929023,25.368312407520776,0.250486464161818,2.0581558875587938,0.9065743053289379,0.15994128352788084,6.103521126932836,1.6507397291583867,2130.3846014016135,117.9696073163334,89.08899501126068,158.9853820130703,464.9875971815651,112.10676925640705,85.65460760207446,641.5016414010313,356.5054681022187,91.96734405558017,134.43183853505482,472.5714982820256,267.98500880068616,74.15304487741253,133.22413394080857,674.0406633744083,173.07304346912878,117.56092577416017,83.03844816002264,181.15280023088314,270.93610722627045
55.02631521119834,47.050274455066244,5.264885534117339,2.6701068666615124,0.8269948314574177,3.0773485855534424,22.778235429597657,17.52947625251373,10.937631504803177,74.73544548858405,181.67607148340656,17.298577910704367,16.456428935435106,3.934775819835925,5.127191857891694,Passive_But_Steady,Ingeniería,Smartphone,DSL,2023-II,68.88964909914158,84.11441746656064,14.686223023839524,0.6084454901321992,0.7188598907451993,1.1874148900499886,1.2871499958548993,5.228500904816351,2.0170271945524436,2972.311569476788,86.90960506231849,101.44038693395079,100.42462605991085,401.7783187338829,117.81488351027961,98.03928502116013,705.3640051782245,306.30737616330975,77.31855492409034,113.69411268381849,500.4153275167599,206.96506955492487,104.70500598328599,126.03058520552166,768.5487573527826,189.46555427574685,103.1460328713274,63.89194543011388,177.22740747405206,236.98949079975523
57.31662886501532,51.423062672499334,4.676247099864808,2.29069166608924,0.9770915169628815,3.5939409654043217,24.225277896827592,19.751510384129922,10.762672872646329,7.425709209651771,221.53352660994344,17.499237407327033,21.466926182616046,7.079431887471979,7.125097890645975,Passive_But_Steady,Educación,Desktop,Fibra,2024-I,80.51562277820923,119.53870871373353,7.8081258316751425,0.19587841935764944,2.3731917038581685,0.5523137930486142,1.2752738919869047,4.887454603545851,1.8179572364492462,2912.725609582679,95.5056952666642,114.9409313190128,181.78875754346382,419.1600477734758,120.30770990850057,93.08750672157277,700.1728277401622,334.25995719721845,70.68205356781505,144.66366773812487,422.5197905882827,304.3636776952276,75.37087946132321,157.94713297616727,648.535470634754,170.4202667769218,119.04783943582589,76.72731315422483,191.1685361580115,293.53122521307205
55.987923907810746,53.28451408136813,4.46424971180611,2.7731110350862482,0.9290741513931863,2.7246430173701386,22.370617647772796,18.02838027035264,7.403826061401885,22.07985251340063,292.4926658669901,22.146933046697367,24.6351691323791,4.941451756440141,9.063272627643649,Passive_But_Steady,Salud,Laptop,Cable,2024-I,110.92572680751547,123.20486991282596,13.915191995465388,0.6105633546594414,0.29586339997191713,1.3363688732516632,1.6497664631801077,6.147198067505211,1.881704381957029,2624.2117201798355,117.98913206217858,106.37289712941491,167.55937770524673,452.598873035344,124.65391384048984,97.70203720661007,582.370744260259,432.6017784912818,84.84793451709871,123.19689433340776,512.075123338132,255.17782482704732,99.64062988099704,120.97937868815458,780.5605519928492,183.4867004890697,138.6869785758238,59.039887657882794,204.05015994796588,320.934511071446
45.731703802393525,52.55303965865063,4.911617347208035,2.5791910567583645,0.8708075634244793,5.179826525511265,19.52542503008398,22.829828409020436,11.483050132307415,45.74160439978346,254.82413213221537,20.866205370210388,17.576235090058155,5.014976381829362,6.455845143165619,Passive_But_Steady,Humanidades,Laptop,Fibra,2024-I,61.90897361204226,66.98877268029138,8.100181801308864,1.4775171632919084,-0.2039351915632156,0.22085402896531503,-0.03945797180730948,6.094270456649904,1.4770585573181059,2526.131960197445,96.26530209310638,116.49416799428217,141.46791870154266,398.01205021649787,91.81183590283565,110.07418489028049,663.5365688979995,352.2272767063718,66.93944039723252,103.06844896562721,453.1571407699458,229.74141170825902,64.14994623255834,116.67163345581568,642.9212270798969,148.91651805810838,99.17163789614975,59.62308526640679,177.2381363000902,211.1741461285484
67.65975069086151,48.694696172911826,6.6976726861771,2.374218655009551,1.1854274210109763,2.7564068408969016,15.323374853133577,20.801979593688287,7.301666975919897,86.16415961410686,231.82494931410443,28.81351939804068,19.440816141161946,10.72083268126666,5.411869067473485,Passive_But_Steady,Humanidades,Laptop,Móvil,2024-I,72.41525982964073,74.58852173214883,20.345581763551806,0.7359951140593226,1.1996687602371987,0.06725592142449069,2.022947742457353,5.293665779833183,2.256393670963801,3298.3742396593248,86.69615274931978,102.5780615442429,104.33468120053749,343.35773861403476,108.40294483104697,86.16969951295276,668.0036694282788,296.96322970542116,80.97041308755536,129.75895793016164,497.42416051232055,249.64576852303026,96.14029250521834,121.28663851699991,721.4297428886358,179.97710417411906,113.2257479264907,60.88003497446872,142.3397697755406,222.8692707552359
27.283137858852115,59.55134836903889,5.673289918033505,2.508593405239887,0.873494647238976,3.1914551849934103,13.984905898686733,22.67847344988677,11.44095286740545,38.17589111091607,297.7906155082612,16.310726087816725,12.494005422915837,4.242071807175044,4.820712859813239,Passive_But_Steady,Ingeniería,Desktop,Cable,2025-I,64.94672271631087,76.35652985339473,34.90148862760752,0.9772294138332118,-0.16914317953379268,0.45437111729919444,1.1383199383260305,6.311534189925288,1.3326729452393398,1568.7237003550754,82.4200548702605,95.06472214206455,148.72379270753896,400.24471639131673,81.15981519163094,72.36858350264916,528.9479982151141,196.57403864033694,57.50386094951155,91.53245420622036,373.062691560219,177.3215884427127,76.3538638766804,93.32041098531514,626.2314942851755,114.99948280236785,87.68381734477207,48.95314014319031,125.93171788433361,226.29015055347435
88.16095697254819,43.838193719845,6.346949174019561,2.730261258660631,2.275903785196522,2.748203517470894,24.220962656726737,15.815103962055078,6.889329452517112,-12.778264897962679,238.02234046643215,23.85942226725429,17.219042319942815,9.351156680396631,7.096784384989986,Passive_But_Steady,Humanidades,Laptop,Fibra,2024-I,96.65517509971545,100.42413944130789,18.629658686705767,0.08035039917648462,1.341251434121625,-0.04602582669116459,2.968491107759297,5.622902406170352,1.9793915223562482,3233.668359522451,119.29975743654465,98.78371839013067,160.33146553549207,540.4840756087726,134.09159439050737,88.3239560255385,781.7581125477883,476.6957297384989,81.43637641686568,133.0812465112448,470.88143522321525,286.48973585293265,78.31459395474181,117.18657873749123,639.4122239147297,183.18045615388462,138.35187169842874,61.08963869560077,200.65153294236987,279.159001058763
44.708938463214,48.2466220711109,5.449553877385223,2.3895258262950394,1.3951072554678872,3.555386649989056,22.753734296106114,17.94492798761475,8.092211050043645,14.615328470734951,282.71228094015527,25.42577828893665,7.557045366529415,6.923174967529278,7.4538454739966165,Passive_But_Steady,Empresariales,Smartphone,Fibra,2025-I,63.39633143601249,85.95516281380009,13.623020545457507,-0.09941552539793652,1.5932137119482699,0.35389504717049103,2.42112425614992,6.391273634134759,1.422110189368931,3148.9137231513955,104.27136135378599,120.19430782248858,138.36017940787065,406.5917505604412,129.74636322252647,97.57778755657101,725.5992676215499,401.2542953865639,84.1851367895463,141.3683361706522,469.42622406408816,239.7489592781781,91.40275028965746,145.6544154413135,676.4869622620092,147.48874633894638,141.30017740394865,75.5629786028575,167.66109667794538,256.6222812327785
62.72716514229973,52.73512440433963,5.775533686870501,2.5150485616844125,1.058169112879595,1.8180348825416044,25.61689874503097,22.025017712835766,5.953086774245916,53.63093218939002,402.091021689893,28.493442598729903,19.946766066927662,8.692398889619982,7.58936993602558,Passive_But_Steady,Empresariales,Smartphone,Cable,2025-I,84.87362940100071,107.60116591913823,11.378095441260497,0.08968212194702344,1.0138810410595958,1.324773180659988,1.6830034736049326,5.127652459647579,2.020358126053756,2247.818769557478,120.31410586482791,122.62449486062575,125.58838538937431,530.269573877034,123.68715965111187,113.68137283298128,768.2213784856311,483.1459289789116,98.7914296028429,136.31979549830208,432.7587903772264,265.8059027985271,107.37137820591889,153.60624359105748,712.9324618073646,190.23661614617959,131.33705857555432,76.86516078003349,160.95296564095833,281.34920963872736
80.85442187671934,56.996487377508934,5.703157166498895,2.6124905948773547,0.9281739000230117,3.8209033578730778,24.225661060007393,18.792239850411068,8.80905499121662,50.18385793472007,381.8675292955512,21.44724468286892,5.7102334133020065,7.45261479892573,5.0751477857653695,Passive_But_Steady,Salud,Laptop,Móvil,2024-I,66.0693291356263,71.61812152431666,29.97992908159644,1.1729671107052893,0.7450263643861599,0.4998983163030145,0.32142406041328,5.737070438354753,2.2757760186465283,1875.8859647044103,103.3281220138918,113.5190477946551,137.41168476959945,491.7541129349528,116.6886782962018,92.44264291152896,814.6967715831602,394.58534705079063,99.03132841076331,158.15727862646656,506.813420241882,327.9307768171462,62.497855795012214,104.0404601836673,686.36530959217,157.59376745632812,98.2582336599868,64.30602656055953,170.4376697338736,243.79206374850207
51.349390334566124,52.38054121986057,5.802467287647864,2.336003473739105,1.1359132472064044,2.6201572162477578,21.239795352615637,16.63017710009813,9.019043434022025,53.802321974069905,215.8284994720271,24.868830928097214,17.558823544600195,7.659521793005932,7.622889375043095,Passive_But_Steady,Empresariales,Laptop,Cable,2024-I,67.54105954044553,108.66313971310795,17.878516266349457,1.1456331416421124,1.7266014103999812,-0.05649848645991641,-0.02813286682703181,5.08037317903636,1.9584404507961117,3225.8173752674,124.30700350562714,107.17946611359912,147.6433898940379,377.83735693341157,111.64869960072396,80.67466825511148,646.1924678363773,306.71676765576706,75.17486528625885,105.20917905869935,455.0081934147409,226.75379624634277,74.10279713868228,122.09436884810324,639.8335409320158,180.98185129420088,87.43202044476224,61.00084167229516,192.65734163459646,243.58896223386506
53.168517861586345,50.9965147901783,4.645765256363163,2.528860833836077,1.3450980533114756,3.1442357489447685,16.136270997331387,12.82862438785979,7.236184828562074,42.88585113176211,236.69646446701285,20.115776972559075,13.181209910508462,8.849320484178032,7.6734056888202735,Passive_But_Steady,Salud,Tablet,Fibra,2024-II,73.83576507978208,121.25180811567114,11.648253508377437,0.659054867419711,-0.8246485242171524,0.39554465103267133,2.304315544386811,6.31894881058901,1.5918360216152567,2289.0879553204586,106.05814019149369,105.06231490378802,154.39575353425096,427.7027028387738,124.73044117832472,88.85046127025674,685.910813099373,364.81032123752857,89.70060926719837,136.41568083058306,553.7170030648375,309.7530203557119,83.042993909759,139.27799465779648,704.6628717887293,182.40383795262122,128.74663849778597,70.78014181062183,175.89207358258093,292.4810569452418
66.54199327063814,50.588536186964184,4.238062985677828,2.4805120482310814,1.1858145841577117,2.9603060670825223,23.883895936015662,13.425889345403746,7.407346354684475,6.531032437354405,240.41892523979953,26.068426906510126,20.690140447521415,5.912183180183777,8.214687977325877,Passive_But_Steady,Empresariales,Smartphone,Fibra,2024-II,77.22467717221227,130.80575356101562,16.150466551926367,0.887798862840537,0.09693810599931163,0.5059233650570614,2.162927617844449,6.914266909134134,1.6870807997079638,3758.724988064256,86.1948838142406,117.26298416887752,151.0999962804209,383.8718681025257,129.87336985512297,109.03527268413649,677.1282698851973,346.8218960227923,104.58201735373335,136.05632894057283,491.84460350858905,269.11471012606296,78.59661422419614,137.8816061834067,740.1572963060945,190.9364289728414,137.50597753143873,76.59432507349061,182.82789489733585,268.9302195902911
82.90501261369744,39.56532428395961,5.379330603463354,2.3892455471472114,1.2758830022843384,1.8376175411879496,21.756512708716887,18.283763795941898,8.635489798832033,59.32936471135419,372.7735315131235,22.290462630187708,15.678374128635289,14.026673617407587,6.555054975182391,Passive_But_Steady,Ingeniería,Smartphone,Fibra,2024-I,60.4339104950315,133.66815392601094,23.411253227051965,0.7024954998219476,-0.39576909375897096,-0.025409736699099267,2.370464285964225,5.69259968215365,1.4050338969854552,4053.0658325134054,87.97660052719338,111.97104154509796,143.7493674471734,400.1956680126753,114.59486364499774,71.49751055760126,620.937785368652,395.052091312582,84.73915008159247,132.4149550888551,491.52121725508516,235.47285134389548,60.06954114214256,98.03832698458501,619.5539540475125,134.62830094440494,104.13372312568303,56.23614610608275,132.69008405471317,226.68697650017145
72.55636796135315,43.754325097840734,4.808719161493853,2.4338209134288316,1.885338504962373,3.963857287596536,23.710234016001017,17.031227353604255,8.046705534027462,47.606876721798294,388.6370340317058,22.3879618905366,20.545954541775053,5.455568828919558,5.830791507482534,Passive_But_Steady,Empresariales,Laptop,Móvil,2023-II,95.08535761106747,94.51385149229455,22.92635008751183,0.6029607945415392,0.3191176768351889,0.10148514031259012,2.97295676201737,5.674842062553431,1.5870296941804891,3154.258429050446,105.40376862251385,107.26597725422457,126.2303401207985,415.5507948395898,150.1665897905751,88.89319275381212,686.8057316167834,438.52775661173996,62.35147807378571,140.11036946972112,413.81698321175446,251.950254737034,96.42575004481344,130.62670732397396,648.7636988549061,154.48599403721627,113.10541572388505,67.37778379978168,196.69165458206618,235.63440667007313
36.23032814273721,53.96813186162105,3.7004213466707014,2.5034784856855765,1.3790213877515123,3.1721975645052463,23.930603208687995,16.853760651222576,6.885721727575295,95.41870147464267,355.27249484152986,17.20015374540158,9.560029759170677,8.535813220584958,6.04406664402707,Passive_But_Steady,Ingeniería,Laptop,Móvil,2024-I,77.71280107633062,133.71315799280734,13.846913326910958,0.71572067015922,0.3954863529467521,1.07191356570975,0.8501383988599559,5.088571342795674,1.969517061201912,2876.1155470057465,110.49700550533275,105.66642698611173,130.93268738573846,451.05583388419404,118.50214294859329,91.56890371478929,651.0503088547333,412.8898809796951,68.9224740157272,83.1272259100613,478.85187501767706,290.2089727446398,86.6303766833745,113.78923387824842,722.5828856475788,149.9391905438937,96.02479562501748,78.66860974485922,172.65221859763832,242.58702249897513
55.37615562040033,56.06274074364687,4.779064426561486,2.4894147326606744,1.7516926601885117,2.4062059633147532,20.905152883581604,16.63996997156385,8.22902450931309,26.81723216332152,253.06613748015988,11.345924715305248,16.27374543464741,9.645056834704416,6.776161832344656,Passive_But_Steady,Ingeniería,Tablet,Móvil,2023-II,77.081580855035,115.27210477764685,13.72330432091221,0.8702294421658892,0.5546664900767887,0.932903620161141,2.6305547032623307,4.737788185318848,2.519115930077611,2817.0518321433415,113.67787686533332,100.7741160714288,162.5224831633556,446.53435124832737,118.09046155263802,89.40599195585499,609.8281299254779,411.3848075430452,82.45674230498449,136.13237380001073,532.5264884246385,298.4485840470917,70.10575689803113,147.73929695565758,644.6763845700226,189.18795293769136,119.35329622763037,80.37948946187691,177.95880820036396,232.28877310188577
38.93357428974876,53.594923845077545,4.003166823340118,2.5156031912578034,1.3083954920048693,1.9640479943628493,23.304478409972067,9.75224591921497,7.997608972067307,64.89281762945141,323.2577471165949,20.516877971253383,8.355036527977674,7.668965059295189,7.165825313548601,Passive_But_Steady,Empresariales,Tablet,Cable,2024-I,78.14645537098366,102.37825922403643,16.24555167782027,0.05486393678020218,0.2054655827238916,-0.22406840311717155,2.4773323845675863,6.254553221634835,1.4597643477554978,2027.3121959505736,101.45919867800237,122.07069164956724,150.99397066718674,459.2726047063275,88.77784968981582,85.98923577172488,587.6754939881577,359.91526382233303,96.40976147374748,90.68159601249084,501.2754655847779,271.4107210459259,76.54253961146154,117.13347100676788,732.1781752336893,130.26947704059114,127.10996317957178,73.31716892610196,184.72280124369107,205.99461531916347
62.635937148094264,58.1211787541028,5.010255358487012,2.7073926857923656,1.0440153294935457,3.872671807111228,26.048590457185416,20.500589778747774,10.576764546512042,15.099217627457385,74.24851753647629,28.46641213863628,14.939708485552824,4.687730693140642,5.816650488708068,Passive_But_Steady,Empresariales,Laptop,Cable,2024-I,69.40180769720529,62.9915376368944,9.687828816121481,0.6596703391305626,1.2858478016432444,0.7518196717856204,-0.09869310027278175,5.668388396051423,1.6239915271926604,2788.851111968962,98.38148710125408,118.56471906197801,153.68617247840106,555.1900717504686,118.24025449172026,96.1839342534843,641.8658968748823,353.8074799915357,88.50026188550858,99.84331185261269,481.4240008079692,204.2956150567282,77.82657951137925,146.68625721644534,653.0870944636213,155.75876671696264,114.98709085915075,74.93956356015399,157.6660671118096,252.67982971550785
72.46290996217958,49.52106854344272,5.720795152403478,2.9013045321696125,1.1598710088419244,3.299348800583202,20.53669994849882,15.513854186211201,9.183201075183636,50.88209377128087,389.8917043682759,18.581980170044698,13.364738667477589,5.09421347624718,5.636856425861726,Passive_But_Steady,Salud,Laptop,Cable,2024-II,85.04902243655165,124.90764879895231,12.038408827088329,0.662346684042416,2.730252150535461,0.2781531805398491,0.15084886093325622,5.749069632631368,2.101157623614057,2700.2556792779196,113.45631739708043,102.65404905250364,156.8540286785243,478.97282495229774,117.64163198605445,114.12087770017568,699.0103530579698,428.757111589386,93.6441985601545,145.07343661961232,585.6734428702784,303.7621158556129,118.8780215538191,128.22497763992706,925.6086146270684,187.06055806374013,132.9826226770911,56.30914836670274,172.07362701602085,235.48219858737443
68.21624760817949,48.817965214682665,5.04522085177442,2.5294177054415017,1.2072253603045267,3.6757305577985,19.199851813327136,15.173847309264001,5.772192367995428,76.01577164141919,406.8485266059116,23.494393756090492,22.03691645024299,4.072213051898025,7.359551421280117,Passive_But_Steady,Ingeniería,Smartphone,Cable,2025-I,74.1584063250941,84.06042305951664,16.290056542511948,0.4527146449107473,1.6128464322170493,0.10185403665850407,0.4034034466078458,5.847233202304091,1.3351006260658782,2609.2370479317583,98.71109150137583,108.04279136827972,148.57906164993486,442.73164292375475,91.44084878211032,93.94138358707832,555.2720588225868,386.46364969120435,74.8963196612431,140.1576705332513,492.21502693626803,261.1744470603034,75.6319697443095,141.11375545215674,627.9414847585242,178.35883172736894,135.70927554285652,63.07895816234944,152.05326718609544,258.3620837880154
59.28333315129949,55.280507537152275,5.023761172279455,2.2036080128481825,0.963461297872593,1.526492503577526,22.210317570867918,18.38024589475751,9.668791406575362,-6.282641832064101,-50.44281313601931,27.96407112476424,20.306681303927697,7.18777798735686,7.92266461404755,Passive_But_Steady,Humanidades,Laptop,Cable,2024-II,87.98900584971179,110.63004371223653,12.429112717413666,1.1437225566209852,0.7315513283203907,1.2001382465412227,1.111956235497207,4.2737744270698474,1.7844230598974857,3161.4667790079916,108.44573584849238,90.60277826691524,125.71480099742384,457.32680965286863,97.22600157724317,92.67653162854107,615.4371292071152,260.4330805461058,85.97488678575714,147.72239752280458,570.4308503932559,253.79142906351214,82.96456322868956,129.63216520567278,680.0614083612461,160.8038195702697,114.54058413809292,65.1941785578341,175.25492851476366,233.32059428977558
50.86585715401476,52.59320138707019,3.2363837906617148,2.8955223110490333,1.0118516965694095,4.196663017320684,16.34243129574102,21.194317798753712,10.919320777546288,40.16324226553882,199.5413211708545,28.005502274862938,21.836872016445803,8.572857083453755,4.634121221632439,Passive_But_Steady,Empresariales,Smartphone,Fibra,2025-I,71.21052310472302,105.29125249952163,32.463806056178946,0.34086087020321676,1.5589998930504894,0.0963362219418503,1.5541909730982746,6.716750839543159,1.8033429043400875,3026.165199814245,107.8248381416276,110.65854028710478,131.23838301383057,381.5285172499571,106.97897882276898,80.62931642110888,609.2489124311098,373.7316000739926,84.53685718017584,146.75657541025353,538.9113937890446,244.30245837935198,91.9454250526896,131.34659021239858,615.6275561623229,183.3238590581826,116.77544286927659,81.15933962453357,185.3821994349265,289.8843665241488
73.15199758195403,46.19970351517475,4.605131780995303,2.559017608660268,1.2643605359061896,3.1061125656950055,15.33532317151365,15.740869394419839,6.150364107077619,137.14807254684393,413.7321844115774,13.258562064955711,11.777677924743818,3.2697315053164755,5.446614334171201,Working_Constraints,Ingeniería,Laptop,Cable,2024-II,65.67764830923251,132.7391719020959,-1.1376446971487653,0.6716990585264897,0.960035058300331,0.13528588983748635,2.444057648703949,6.033213422786795,1.5249565437304826,3379.3112461882874,100.94296907921246,137.11506999340082,141.7643238700354,483.3984684031019,108.11769305562679,93.51612069812403,609.0839045897036,433.5046240267014,72.53418433158924,135.6074967351573,466.73397762497757,261.28129417282065,92.32989767086113,87.41638792390164,634.5935517946393,143.83316290966656,127.29685155866422,72.44555194660774,172.43681841606374,288.23048724676033
32.81576206203911,49.73055327097009,5.152535068207174,2.4534228376008103,1.2429150244490381,4.129194339930628,20.802849002665987,18.788842631244766,9.13310143619497,84.11041688822942,344.72712299347836,21.315142882347605,15.738124638956236,4.760315106077356,6.412550853357537,Working_Constraints,Empresariales,Smartphone,Fibra,2024-II,62.5963622845227,92.97948985001112,8.47193615633294,0.35917919804262005,2.4550669437993626,0.4410714878975308,0.6876544573876515,4.806768819174883,1.5383131177652167,2726.7960078342476,110.40549988505082,126.94238841256309,139.32862359086658,476.3720375444363,137.5687572837245,86.89353426646895,697.8751581281441,392.14716520921866,68.61013391225056,87.84554307281076,374.28189051649315,256.93490126460824,74.91550544919085,147.714501387582,719.2723502804787,171.96639100755527,99.58017883968776,51.52754285434217,141.77130905723982,185.20041562027612
27.572595136637474,32.35576342638775,4.41798235440371,2.4872446542039244,0.8475866195144565,1.5587729707544042,17.90810536342624,20.021242016234986,10.595227087939318,222.92558416416156,668.4186984800657,14.10436994959904,14.968355087265463,0.38627808506157235,4.516593334885561,Working_Constraints,Empresariales,Desktop,Fibra,2024-I,76.86114541861367,104.56853458012272,16.082703951485072,0.8989745194889316,1.1751529580984394,0.5201632350169002,0.7550914169194727,4.996397077111333,1.4779616997455467,3288.7479304449744,103.60967319832275,97.82585635881377,136.61831616871984,371.5067307549003,92.64774639617892,89.36874234213731,475.5847465373687,359.29197685948765,44.84994648811793,102.1797090455179,329.8744470257064,197.26384970669196,74.23249774636379,110.01622878444925,470.7282698528773,164.767723495483,112.16929211646509,51.585389464087406,160.96209029996263,169.4595551550699
29.860074209989815,45.21706419178952,4.0031475384175925,2.399723821831497,1.4684938469998365,2.7158611207079626,18.808283914553954,15.112568351331165,9.044321459578121,162.60373100095325,610.390998277566,19.664773697586423,24.989944269684585,1.7442666205867337,5.6646387263749505,Working_Constraints,Ingeniería,Laptop,DSL,2024-I,85.44592412555367,150.7714521715066,8.466927873615111,0.2673937381559006,0.12456450156079546,0.21061007065573906,1.982941928005854,5.0134567905093474,1.133606543818088,2975.1207880216884,113.36568118630343,107.40861087778245,165.72552263146187,396.7057896652898,120.03316670922197,65.15951724320774,578.282939635916,225.8222173819061,68.54712508399514,82.97809616984307,242.47982042889964,172.12938945879648,63.05010875344813,98.76297498522503,579.1935260279721,123.75047540038808,101.54560705703406,70.91994939975945,167.34261398730686,170.61604500061318
40.38996747798056,51.34132658222259,2.4070767758623304,2.5941814681771262,0.8434221511393714,3.5090889598368795,20.8405252782987,14.366966769319792,7.585294738879323,164.7057474282712,748.0572505259265,26.534261885872017,16.65604447873264,0.223973069438919,5.532561557994178,Working_Constraints,Empresariales,Tablet,Móvil,2024-II,67.85363318670895,87.37122928599877,16.836844695131592,0.24248604848834251,1.0335355743752246,0.2518665279691241,0.6904692715920266,5.18346894674756,2.081020177334921,3292.818528095825,85.58646244465801,93.59105262945414,101.80642501907799,382.3194340805449,127.25994944549808,80.12469275321104,565.1691086962735,350.21289909667246,57.67551788935377,122.79672388430856,434.99692168929704,191.63518323257082,97.11174912686576,132.36796302900225,696.38879331803,191.2609233079569,119.92285668434327,82.0798806803617,184.62871752583266,253.81824945505159
60.813114211344704,45.437841911259916,6.381456856776886,2.4349705797367407,0.8134254246155813,3.0746646142676557,13.341190151048128,19.315015451843273,9.576018039826964,151.94177821587658,340.536746442289,15.83870302493788,13.865650256153195,4.600921790804613,4.779190803425015,Working_Constraints,Educación,Smartphone,Cable,2025-I,71.4174232635668,120.83748111045668,11.953418686220074,-0.0630176978189485,0.49533018378048066,0.39344175871604065,2.2129988949932287,5.475135219945453,2.382302316300992,2936.7978208591758,67.99029755723231,62.64304872251251,117.33753495849786,270.5148867779442,90.41874204454163,65.529658120499,412.2126589227539,292.01462080840054,58.338427962918864,114.15648561755339,356.24777415135196,250.71206478879063,74.91867686849403,117.17148946371057,503.9270943885955,113.7969149838946,74.24011461137145,50.04002441970956,99.19074037404926,158.27412043454154
53.31779626994848,48.849396075353205,4.15322903422894,2.6233097362362954,1.4068155388863148,2.268459345302673,27.227243630962484,14.287837864566132,9.357471724514728,129.07636302830772,408.78928496092044,12.78313314747862,11.472112266338112,3.7942744537488315,4.908585146251182,Working_Constraints,Educación,Smartphone,Fibra,2024-I,84.76953215594065,80.11289071159833,22.932953605574248,0.3696491290118857,0.33905822494793814,1.086520198181984,2.337934656559832,4.398294926342969,1.966046840095641,3930.744101065472,102.54852451155092,141.12349850888788,115.15359116597006,486.0900088687534,116.99023983094125,85.9092029454541,610.5958241942164,287.85480868694043,77.6135365762116,129.31429819178408,462.6237665606363,262.03354724246964,84.42297905863333,129.14355623063148,658.3064210663348,189.2129845092282,125.52676189449251,58.095383420204364,211.15549385569892,219.7969795422003
40.58378409657047,48.54968458116792,4.2233375498402825,2.4187509723987346,1.2620766927858085,4.075337216425178,18.587768480743506,18.824888667881307,8.856651352092161,123.13627407991251,259.7198057054059,19.91476389278865,11.890097062600818,3.8772757432925777,5.441535188808865,Working_Constraints,Ingeniería,Laptop,Móvil,2023-II,59.58023537282938,83.08110744731532,30.594908353115837,0.06867203961331697,1.3430484742104467,0.5215032560912032,1.1221542210585445,5.436735739552997,2.0883892213994586,1682.7601207671096,87.03884115886348,83.23695053547564,162.37294914338364,393.54107885916886,92.1245298947047,85.03495721540996,401.18121570857784,361.57386090738606,55.378350650940014,82.60745080401239,449.32840375447694,183.00980171220513,78.98444173135276,127.60435907900757,570.2794388214103,150.8248192061304,79.07623608968707,47.20617800162927,137.83322740379396,168.4452246679556
34.67828239952233,50.507216069587315,2.248471698259007,1.8067872967051029,0.9527657431973982,3.743517080218233,15.833028200987581,24.594212597494916,7.238742613679062,163.9780741109017,353.52287426011964,17.134347278423945,9.97895931169295,-0.06367428156462629,3.1557577897923714,Working_Constraints,Humanidades,Tablet,Cable,2024-II,70.94750453362073,104.28890300678995,21.20415224836064,0.6018381921342725,0.6749484668855295,-0.007579177083042621,1.3088429904983636,4.783970550606168,1.403021560383964,3323.1896921814387,78.03612645540058,75.86356792889369,98.65033736773866,251.67553071128407,86.65088701356021,68.87040866128245,477.2403216515662,217.05416313387445,53.132698495217326,90.55674474065542,254.25936986488176,172.55282522121615,58.75238275026008,77.19555801939055,479.184409713377,98.41165553776719,83.11621598281432,46.21401181469135,115.5471465291857,161.28639971015465
33.743346309209194,38.7373584568528,3.584600295402466,2.4391648499835936,0.8353144228232817,2.291601551616396,26.910209330932833,20.993876111867817,5.704335233416832,200.59581815611105,563.1501177242445,23.3656980798786,17.558658139939194,4.012783484316061,4.290835945728972,Working_Constraints,Salud,Desktop,Fibra,2024-I,69.07543387392425,114.14490979888134,6.003890544299637,0.223056397486103,0.4172398511321048,0.7373243383301701,0.8711197668333714,5.406112349154663,1.5429512809924901,3450.065410473944,83.09317103657264,95.64046808804059,115.58560359336586,402.5682680604956,97.35066209139366,62.58717815096881,699.187591616112,291.3620657748257,73.77247428217868,98.36447699071871,406.192051355743,241.490073895199,79.42256764590118,96.82379373316532,676.9609905129269,160.83844209820958,53.042013775798054,55.76293987854104,93.13221416655938,177.01615077067527
21.64047180888288,40.416302008837896,4.950200284447453,2.6326673219130194,1.0189910504522046,4.384813080740223,26.83030339891549,17.395158168520236,8.046060555835457,207.3364874982709,326.7693044146722,23.82325175379657,23.794655030732454,5.980764348556033,4.7526320587288025,Working_Constraints,Humanidades,Laptop,Cable,2023-II,68.31884187640738,135.90310490115587,26.54134190141483,1.132143519036916,0.6860550121885878,0.7314340953056909,1.0909619265965071,6.088435019025013,1.531552985881024,2320.7862667336635,89.99103454188251,102.522086357998,120.03099425742865,539.6063937102039,88.05647511834567,87.31194980555107,459.37595765329553,223.19190634702247,75.17140366122607,121.66496881567511,343.19351229766687,255.09249705653474,77.97889372162567,93.46837563247254,603.7171446532324,98.89291902652705,113.3181814906539,62.50604320945897,142.27072371551745,241.2766482337433
45.13205966812504,47.32140647859419,4.12383961209006,2.8619817085549144,1.3889942892017888,2.8413369680285694,14.276910320717462,17.307549920654008,5.760328222527979,158.99713150914818,721.9669736175993,27.10904009094448,8.418410849605905,5.1175765682994445,6.607230542800636,Working_Constraints,Ingeniería,Smartphone,Fibra,2024-II,55.061298295888534,126.68917259429563,12.118030847254111,0.1277954655790466,1.2886502066508907,-0.2510365495831174,2.2722880683461693,5.9791402642134805,1.525636027238292,3974.2608103526886,84.02868643980042,117.30999324988888,143.66090827860933,424.8718905883432,109.96553685969435,91.01714837401545,451.34520482279777,351.15774295637044,79.67749149358461,116.37911737547833,378.4745775351118,273.26613843240585,89.10608439291107,111.47961727641176,592.9797665541582,165.89508132667913,98.68166991431922,57.87154054901034,146.8648956540952,225.91032861773354
30.89726061741839,32.540327018286696,3.6415576129059133,1.9303267779869497,0.9600047199733607,2.7200992288351853,18.930366522040025,20.215679132533207,5.347368420352325,135.97515683143945,280.02301870465135,26.08287040792066,8.672708485415484,4.594415808646669,4.366217540904405,Working_Constraints,Empresariales,Laptop,Fibra,2024-I,55.22646949490107,107.66551955579155,14.625834294263711,-0.020971568165635224,0.6417165172802966,0.9005163643082396,0.8397574267086989,3.933045939834507,1.3032109798845342,3016.057393965806,74.68438321699236,80.4107808906111,105.50758393888309,391.65707100473145,98.28250515678526,65.78690730391146,621.9684259706772,268.7790896136878,81.00582860463162,134.32335171504005,369.0129939087673,234.12434759680778,62.913107450739126,99.02892466490297,463.7129807029439,147.59737969684642,126.12100039175533,58.460385945826644,125.39132373164114,205.42786872058971
66.89638446577648,56.129452880037945,5.048596342764303,2.7448764414144593,1.2280891129518636,5.968446963362716,13.092934978726237,22.230931551131057,7.234290633360944,129.51115995553798,252.8903477943759,17.67715538363494,10.811514736305474,2.5806898249318926,3.60347553030989,Working_Constraints,Empresariales,Laptop,Móvil,2024-II,60.52932250056561,78.09617848184497,13.641860096729253,0.9466175843072663,1.0420897314228952,-0.49274276976510495,1.6566625102386243,6.578370003816054,1.3232133799059045,2941.291944014193,100.24211785170802,66.64306047970459,123.44826202717078,383.8716187604605,92.25914987969078,79.98297527274883,465.5500884522271,382.35635630830717,67.33041713041325,84.07966088205791,403.3681492645587,194.38200874231316,79.80272534271457,129.13918078680538,501.53151073302115,118.35410037507013,125.78474409870763,69.39441773474199,151.43978451034127,215.9181516943451
48.32076256845667,50.63068927256937,4.879491036134208,2.3552885260930516,0.847264671838224,2.93980697315428,17.099202019288246,17.608495298692276,11.489644389873279,135.8738888098096,339.1721461443768,24.74000889281562,3.1169965780081963,2.0104288275003386,6.509306953490646,Working_Constraints,Ingeniería,Laptop,Fibra,2025-I,77.96482445801034,110.10164950209608,10.323346320651993,0.6921445784377228,0.2813252272220187,1.2961380339613402,0.7924913917814872,5.972761178746655,1.3663428800906072,3209.652669691654,80.37151912723073,102.59005518569263,146.11066575009187,344.94981477942247,103.03766055080456,76.8037581260966,575.5663728566221,344.2955620582435,75.69668700495401,85.08305168981346,402.79406543216555,182.05016931043488,87.89649548954102,115.83588323766652,564.4004571312614,210.28616268943728,128.4760620368847,75.42237711172636,156.22408432852674,282.20389803012927
35.01106296883216,43.96059457825456,3.7543173360304487,2.4403081243476317,0.9375586667776961,2.4990885362379918,23.767123805091913,24.192009885161596,7.390780425180235,82.49043509055427,469.0378914439652,17.725715036801535,11.740062795854646,5.088729120916442,5.644256712699165,Working_Constraints,Educación,Laptop,Fibra,2024-I,63.46991447325645,82.71379810922862,26.822950105616602,0.6877371860975556,0.021725744682737747,1.8362449845749054,0.3051285117820712,5.582621275818539,1.445619546913549,3488.8012012946124,90.19518549835855,91.85550815443546,133.65994824314103,393.1955654715572,128.03705065500586,72.89835687376149,706.9716331173101,340.49083002542505,79.03979066515863,125.40704629638184,435.06040282367803,280.70822333568265,93.81979900334004,142.34780344820882,574.2863010681359,138.74335231804048,87.72871633801728,63.31987723076136,155.36310697987707,237.53947013481823
82.56246879437569,46.72072339235287,4.289457140491649,2.9424658386570517,1.0377458402849062,1.547085295148304,20.086932427866746,11.672117701378138,7.494317050772371,109.0135856404586,506.17504881650075,20.641145193530427,3.6089990415760673,-0.6531947983567565,3.088167539025203,Working_Constraints,Empresariales,Smartphone,Fibra,2024-I,70.37737216390923,96.27324727022562,16.91741858722568,0.25589222648895454,1.2671624329949562,0.32565111393612955,0.29978582181113195,5.045524309576918,2.4426306571945715,3089.466394488488,81.44828386681496,111.84975420150077,126.21824311426279,417.6974623929674,87.91687431124991,84.98680189721627,539.7361125350758,304.4196726122543,90.63422355070668,104.4813633185706,338.82971146179847,270.79964668629924,77.26036445516002,110.2465431363153,663.6492610855023,160.38184128833242,107.25592784982383,79.40364466837285,151.4284307418553,258.33662961004353
34.550748552840076,46.2838280451105,4.2059281010040035,2.370170149121448,1.0544121245299665,4.961483260556252,23.81374153332982,14.563705893334234,6.829522185776787,112.02569219264001,516.1210122671057,18.744462315772733,24.24195398395998,4.203972695325967,4.005213611203036,Working_Constraints,Ingeniería,Desktop,Fibra,2024-I,89.75451260792977,83.85754659528357,25.25284325208758,0.4244728137834629,0.818190943715447,1.6864367830892064,0.11644260349689955,5.055435512005885,1.6824294166611709,3076.333038146082,87.25974448609898,106.95813823853662,150.46758646020095,427.0617382241367,124.46759013232162,97.85722415318591,650.7329916628262,386.23304940965096,90.06298531997263,113.89467874624283,460.736309247799,261.33508995588153,60.263979870386606,72.6462341084398,433.7559228078786,142.77243012593524,98.96510459774599,69.74009370690682,174.7087092946921,280.62204623625803
70.01571070472983,49.41942073396074,5.6285406789098085,2.724376432819797,0.9949939403041557,3.4510459103212687,26.026667710987923,21.588637073419328,4.655226087432058,172.49819189102146,341.9166030161971,25.50369716037105,23.881044802726052,6.433309675762596,4.930792007909316,Working_Constraints,Empresariales,Laptop,Fibra,2024-I,68.77243502735264,108.337103245226,3.4013126673570486,0.6442478879579591,1.9716273963106234,0.8436180886699871,0.1232298124009309,5.424276590055689,1.842675929473251,3473.3843741092396,100.17814927113804,106.09402266075988,135.9076263766616,371.7796121542576,83.62185219867422,93.52844567690018,643.4680972384939,377.52407125252694,84.52284184349564,137.12750724083418,404.2198729753061,230.46956524760168,73.85456057128438,105.39765021919581,519.7779269717597,92.59874126531389,89.58435596162437,55.620537725358105,118.68782138519823,193.5629210195084
70.41078915726098,47.33446067082627,4.1169117952340235,2.584409903434576,0.7671678668220597,3.1433319228458956,14.201549796121546,25.248504391504728,6.551480710899165,136.5417948093415,343.1593105520114,23.012624392702815,10.13392134117848,2.285452733539015,3.991155047851085,Working_Constraints,Empresariales,Smartphone,Fibra,2024-II,78.7856919423761,67.8206297909666,22.611227939801747,0.42365466936798396,2.0789871918241745,0.09775361525174513,0.5946883700202705,6.3169310271105426,1.4795697805599217,3546.9865294305187,85.03596861417506,75.6664281171388,115.24371723772698,377.4166441170438,83.72290701074886,51.46086418289455,309.54116446210804,309.78478933267706,72.84503042933166,121.67508683312352,315.76140936549086,233.19353364441625,83.07776020520406,116.86990583100672,559.2784846346792,157.82850860128784,107.17375956764664,51.81801799106395,153.63935539659877,194.74854859605327
25.870524363210837,45.931874057736835,3.706487639330058,2.447723417967646,1.3886883157195276,2.292473049248998,27.52162805746643,20.236180379943747,9.389310533805995,130.7960709126468,408.75142349803235,18.499594738425515,17.174281086641773,4.435557169584077,3.9207256470894305,Working_Constraints,Ingeniería,Laptop,Fibra,2024-I,64.85703914894053,79.61439379011004,24.599963924201038,0.8679390281178045,0.03649220672448748,0.4284206648029681,0.4314150964386892,5.021151181327524,1.8733948004572327,3213.2952299714575,97.05128893230875,96.66361574309387,121.07247278616026,304.25936761381496,104.76260076614753,60.73859874919215,459.3946332117947,313.69318864944364,63.55639512529736,121.83576469277386,321.7101932696596,230.26646639017753,77.84235714605339,97.50293059238082,480.6621999846151,148.07642861013798,93.88990703528164,60.64367944879542,156.3328706360783,197.18341819747653
56.60014993856723,46.31741002894268,3.5321598639485883,2.3506880971943693,0.9463234868218465,5.30136570325908,25.973238855307375,16.48391613836047,6.931531970683699,173.07540394811826,317.054531775067,23.418492204917705,11.72587842531815,4.18742729400694,6.6506778973025735,Working_Constraints,Humanidades,Desktop,Fibra,2023-II,91.9636557833925,95.24045897890836,14.591134708044933,0.01242567229371025,1.3535847250507467,0.5416501825370896,0.07334584704213831,5.437501335265396,1.448922605507188,2211.566980028151,97.63657686886884,124.4295516984422,127.9601260263409,491.01536960774206,94.93021246696092,100.38464410734855,647.8127191649075,328.3616852062642,65.20821769766624,80.96885629830321,421.50078669746574,193.1205466817883,68.82263414455505,82.31279075628011,576.8691295064177,139.0673432599596,94.46163873390962,66.74404669104271,134.12405439928764,227.03903542789715
50.18993263250013,45.662693036765496,3.2057741771584283,2.2297680391740338,1.3243857715019833,2.6983678031943277,21.54852273408899,18.87938008582283,8.492578682648649,135.77576023416555,369.9552649870486,24.888310611000122,11.733920799250573,-2.8649612375852254,6.996559010185235,Working_Constraints,Humanidades,Laptop,Fibra,2023-II,73.96126667323382,126.47515557693208,13.121394463502849,-0.15920670893923827,0.3123560814952948,0.37885687394450357,2.5349607905358305,4.761947136203568,1.585210525008046,2497.5773871338324,87.17976129256215,95.39005020445511,111.09255578275614,257.20615562117564,86.4318033740681,97.66571198828156,453.2320952130003,387.89048696510133,64.26109531024673,108.44345734060049,439.310741116935,230.49848685435634,73.1928218009997,130.43194528308715,717.8849668847924,173.6512968631713,96.27400315015167,70.80819902692272,154.3228287806037,190.75551106398538
55.996004982128056,48.05631473544067,4.325711051441441,2.219276365469847,1.5266043127474096,5.079653781084252,17.269063329867706,18.46657324254935,8.602600096004831,159.6095818161887,607.6440428993076,22.789497936070394,11.635098451783506,1.0050160637818097,6.176091826881939,Working_Constraints,Salud,Laptop,Fibra,2024-I,65.21859692337185,67.76496091202056,15.623704423201303,0.7367541928189711,0.28760728664068147,0.075397562365615,2.001894525959453,5.755442806973575,1.5635597030329327,3623.571001521127,93.47332276142012,92.12312802762311,142.04033776821973,457.32260159543296,116.2021270139923,91.66136758527996,571.6601603478315,440.264711603275,72.1852133946332,106.83822800422925,451.4401351137857,182.52848146462307,68.56071883664723,110.75312981145447,512.4692603261542,155.21940156741454,101.73187177849867,66.48085896631314,146.51161029400336,217.1575276045264
66.7870904644376,43.02769683941128,3.7585557431577215,1.798169946399433,0.8774874026508833,3.933119546841934,23.35415681955465,24.293772904678036,7.070873037666772,255.80991699108108,193.18202443836512,18.65740087603718,18.340147824945028,0.6000999314313474,6.939291198952423,Working_Constraints,Empresariales,Laptop,Cable,2024-I,83.02266287312995,114.64416419181322,19.789276207727937,-0.015215395350267169,0.5969005947108617,0.8914033027836865,1.10598037871036,3.993123082489624,1.4218355732176382,2900.098928103644,74.49568874386291,93.30943757158461,75.28321122813958,370.4312406591846,107.28903578091827,63.38802287859795,455.0637866035133,316.46869219438395,84.94794623769418,84.06753136745621,345.58692079894666,223.48091515827693,70.37695724161743,100.63932261751897,578.8179352035716,137.65021487423283,109.95198573518715,69.18202347593537,164.76398363189924,265.8080807438315
48.4051955187652,50.725467685576035,4.776502358155036,2.584460972659973,0.996660696557408,3.6940076134480915,27.91908001211775,22.55518726584065,9.492665850488448,208.71346250334383,642.8459929496456,27.790838572381784,28.25006480922286,3.665621580213256,5.702069323018169,Working_Constraints,Salud,Tablet,Cable,2024-II,69.64988053085928,100.82952584313408,19.619017510213443,0.14109780213942003,0.184105950942573,1.5724709300802409,0.6000544334093144,4.42410222034854,1.9711514243119674,2732.7411990346914,99.39331593915418,110.80585551299322,141.57895729778437,419.9559116686555,87.14362389997626,86.00365704531889,572.0327682632243,351.8903566142582,72.31086657074978,125.86819090437915,438.3832320220331,311.03918489854834,50.38770879062815,132.17684670828808,614.1219588448828,178.69280820486165,90.91827480748107,58.79831816797801,192.45519022281346,237.51051951774207
32.028392857412115,39.460779403931525,3.922514453963712,2.5600611734810323,0.8704952937201973,3.3071939029543023,17.957984017532773,16.360908850856656,8.320383478009525,203.8603263426386,365.66664507705326,26.033922312437618,14.175434941731329,-0.8821132041158659,4.0689157254762875,Working_Constraints,Educación,Laptop,Fibra,2024-I,71.57038546039581,123.43370622619942,20.715146723611905,0.4400101578727035,0.6079458293565063,0.05945383764278042,1.6576604300746904,5.4779608536681454,1.5705236488299383,3290.6354528987413,69.46554088479809,89.0838525059076,121.98581445002388,306.10020497872915,95.18916656112893,70.34906995752353,466.1736144719305,235.24939618361634,63.7483222000089,128.33586375104056,324.03641433625717,223.6224543312533,61.65988883884366,100.43325064806226,658.9522103250031,180.35004207931098,82.04774416683557,33.40501928574195,140.46187064540237,177.78180051450698
74.9998455316938,38.55391001971297,3.8426824801552435,2.1933501881191657,1.058293927939355,2.252370555939553,13.753748752351589,16.206120869678884,10.252986983248002,168.1114277057097,380.24252508748947,14.467646641664711,13.795435533662758,1.5815574483501111,6.704904961268811,Working_Constraints,Humanidades,Laptop,Cable,2023-II,73.7305380285351,122.61681992633319,8.095063165699765,1.2277436901816732,-0.7147135947253418,1.3948208659461712,0.19132387306446536,4.688004935306034,1.3188547221578675,3228.15974675972,96.84939721175995,89.68174968848177,125.40971679638056,383.5684635102211,91.00933639584507,84.32866906078993,475.21940686798797,256.4230395731077,82.1770166837723,137.6523920065023,521.4339652749985,310.5975629920873,72.4262937609818,102.78925331242402,620.444153098847,142.6333355947002,97.5643432341464,48.174518910510386,127.2118556124263,133.96443928625231
30.363569337231983,47.91508499450642,4.4880759548604985,2.4220736455263836,0.9394400178264513,3.5922859873706092,18.07731840428344,17.01191088307288,8.177102642674367,129.72244146356655,532.417619967377,18.433016026003084,11.594191765041264,2.5659217770572207,6.152787683057481,Working_Constraints,Salud,Laptop,Móvil,2024-I,67.23820730054291,89.58470241757247,20.56902130747236,0.5933988902582432,0.6387387025664988,0.42890314881080294,0.729674567190474,5.549944722153013,1.4613156969199323,2946.8560099624165,103.13998397675299,122.47782835512278,113.75579788127546,383.57879078706736,120.59722361573293,74.51088128801591,529.0609600753388,330.1547518793958,66.16747479119803,114.76874040834736,467.8205027942105,242.8499723694841,68.03566530623115,126.20694396996282,517.2257475970719,124.59728460494934,83.28270699065483,64.08729636863399,154.90991544304387,227.31685056505364
47.2875332552837,42.985380764814906,4.51027815768614,2.0601780937215213,1.033059320830143,3.525946530249342,26.080198461442567,17.7642655927069,5.346920606448781,82.65505344409384,565.4586420269319,24.90491138704107,21.46664891047135,7.746211639440545,5.094590040209444,Working_Constraints,Educación,Laptop,Móvil,2025-I,74.91181163000432,81.27655129089165,20.026296235730882,0.3812070153983931,-0.059178232131966296,1.013869199454803,0.9027539331567732,4.897506154636174,1.1940870828301573,3463.718253315562,92.88151326211303,89.77184646234086,137.64171234110898,319.8491525536931,72.17409669212495,86.71810596419425,541.5735769502442,326.49068266908034,77.90327779791937,90.40050192376935,441.73619081448106,193.29839635643825,61.516844589393294,127.74642909838286,588.0970397575171,170.94866307913804,67.36223118961942,60.287942762505075,149.23895081449268,158.72111194530135
63.59486829861263,47.656717432342134,5.777889997755987,2.689882224540564,1.2697830302383912,5.829969242335748,12.535944759492722,16.357939555739534,7.897674466898469,134.32995499189042,516.956928201817,21.61799632656738,9.585240665164928,3.845401917925778,6.083164780837753,Working_Constraints,Empresariales,Smartphone,Fibra,2023-II,74.29264383194494,72.97489793416787,19.5098709604146,0.08120051158502323,0.8647785467909848,0.9655259764733819,2.5712742981197705,5.911702861678719,2.4172154267475148,2394.0186713120947,83.00640862057871,87.61249609657948,123.15158781048206,346.1956154479684,148.13626372159183,95.73944170772128,611.9758303725739,415.01414095315835,77.09654988544742,111.12916159838602,482.19583760341106,219.45279818508874,90.58722717354962,101.2788759693331,597.9650854772703,168.96706173720096,100.2824577163234,48.15443228206521,159.0663472114566,197.80430684708145
48.77022797403832,44.36711850540726,4.849687106060577,2.4718410640358313,0.8444196060736199,2.5346452283635847,21.23742037596055,24.53960217824037,5.890216558688144,187.7802806061581,506.71533518935837,19.648043729185677,4.200529797236486,-2.1756881048059764,4.339240449232854,Working_Constraints,Salud,Laptop,DSL,2024-II,70.9945584540323,92.19031290168547,28.224078802553088,0.5151845636100366,0.08306694639985956,1.430472819608295,1.3379031864633615,5.34662527931044,2.0605010113961004,2149.895443371978,90.38496141890639,98.48593301744198,104.33973919939777,428.1349399280495,81.85080407260229,47.42444386847404,473.10070163552064,228.24197546605401,74.11735453461891,120.92599160832384,386.64832328171605,265.79010813629384,73.01117136146001,95.1989805441209,531.4574383599005,129.24454009552272,118.76758206373951,58.78080324601423,170.00276211102081,178.32779104659593
52.43544953278369,46.63514968690328,2.6731943841466155,2.2886624747088264,0.752264024498426,3.1612123863148165,17.153882857483136,22.69912975108105,8.182595666449943,135.1807461451823,632.2561574901911,16.49208162345607,26.116422418980093,3.3949043153873366,7.065612774086853,Working_Constraints,Humanidades,Smartphone,Fibra,2024-II,64.6453536752653,107.53960614141957,-1.95143450096519,0.916353126681743,0.3614870896851478,-0.0016920380696737736,0.418130930849807,5.145770912986289,1.4545608579479912,3879.8313088867535,70.07249919480627,103.4022356595108,155.46358018167456,342.00543580608155,105.05175862095929,37.36443420854532,348.94364320885177,245.6172908407171,79.99039713589636,133.6745410826753,325.3526701430311,251.25996210380012,54.37659332043842,86.67043031608202,555.5761569116149,114.48611084385612,105.26488349129593,51.213434010090175,147.98176868828963,242.46089228517792
44.89111632483674,42.30951516009148,4.14686764930681,2.164834243879661,0.864765503357384,4.224504651683349,27.633819636613413,23.519340434050676,8.238784277542072,145.01393700115239,286.3847641692949,19.342937075255143,19.88042982575428,-0.017052599694254322,6.161777852077646,Working_Constraints,Empresariales,Laptop,Fibra,2024-II,68.46204835709945,78.93446507830184,18.650198048043897,1.1547689501674876,0.941690779515866,-0.154946657745417,1.1377130318051139,4.453313562333406,1.2463199529630955,2482.5890148312733,103.25960688715273,88.43332629992524,110.74514945514862,382.2329144922985,97.49384396885152,74.80670194867218,672.0713199908137,310.98824158454175,99.77494409815549,150.06683313435263,463.4533745084842,243.5165760634186,63.37258137652297,86.21957873139158,527.7304550084617,137.306368626808,109.56210887658008,59.89894039541155,174.89834930382005,222.0900036714085
56.43618195566018,48.584013945267884,3.5352789882597686,2.3645049178952213,0.5445910372120271,5.384060053911574,20.343347809444115,13.890252601167449,5.593214577816732,104.90835410873017,309.41485933026223,23.802357339046736,13.69073800114001,1.5183485114612107,4.050477093130724,Working_Constraints,Empresariales,Desktop,Fibra,2023-II,71.0291642075998,79.78016574061463,-1.8209736833114416,0.0018772137200428474,1.6211583340632831,0.2256486868787761,0.9414363185582644,6.283315681084309,1.250917195375711,2298.05763352292,77.98994959135268,101.18868443791192,139.2769353325321,444.21040007195234,96.89926804008638,83.92567387292803,652.7580896652182,345.5307195632545,79.65936563748026,143.1945239443818,434.98933669559733,307.69683822644913,68.4452273536289,119.71569098450526,528.5758994107257,160.9954059225838,121.55044426334007,53.36550934615063,156.65280750297222,251.55640358354106
34.26246224310457,44.9287751087806,4.579649835897558,2.6417044002646977,0.9382229544558405,3.983525010530323,24.567898519156653,25.146535116235,9.249715967374877,186.0292061006921,270.3719003009184,26.646982544852204,30.760353720031045,0.9683357442229361,5.300791317471998,Working_Constraints,Empresariales,Laptop,Fibra,2025-I,59.306324600694964,95.15091889486847,2.3927922035706954,0.7500398680988888,0.38650301471534076,0.12451853681756896,1.3709641286370617,6.635111849234752,1.5750319913672164,2915.075775750004,85.6433905696751,114.07567322190528,124.43010642281749,373.1705948067863,112.25970008071839,100.49569532425326,574.6990368202358,409.7852615381347,81.30485434376533,138.44154337167237,409.5522479608072,223.31580517724683,74.76597990405851,117.38067159162614,487.97872085406465,140.15896595606608,103.20754160337837,51.527021439679466,139.1590701222488,211.29784559285534
73.41805568004116,53.28766760610647,4.828924406503519,2.6617822230797366,1.4113755171906888,5.451187149736759,11.430720438051122,11.254693702137168,6.582099713682618,178.67137488099328,530.6132786342735,21.319931836088102,8.684970217309054,4.118407465379875,5.344349907031074,Working_Constraints,Ingeniería,Smartphone,Cable,2024-II,78.08720660194902,109.42298220199805,12.01832878145431,0.6965878719081295,0.25168898907130416,0.09424723455693584,2.666339903430856,5.406535514193617,1.5264254032993156,3077.0207943717996,84.2351229351668,71.48777896009918,117.92774216065997,270.5242992855038,112.17489734086766,82.1793611598562,498.4690355609935,381.67936687740905,47.954918377938256,84.80407159881813,290.1549293347443,175.61911717535645,57.68564953277756,111.40700442836429,723.8313485101406,141.9145957545124,106.97099292309241,69.59264678436382,152.2974343686223,265.84919221144855
34.761891619150845,48.894953056391856,4.4895124911498705,2.591531759055235,1.012812894657511,2.4998088538269894,22.638671291740113,25.907304894908343,5.299373632568225,152.09993742416117,347.6988168903873,16.89664195873962,13.38482178098907,3.5024051930149565,4.664544068222321,Working_Constraints,Salud,Laptop,Cable,2024-II,87.34082151273904,82.4616768497805,34.68719013610837,1.1714238708476674,0.9622580895926438,0.1992350109322975,0.5235123057913752,6.90361299404509,1.3547960776619183,2841.24517721287,76.36480881276921,90.19966343387433,91.03376818056836,387.7480141012023,75.60227726198939,74.1005177943112,521.6160354074123,299.01000462549837,66.45979606335654,116.28854189941248,404.04880517838654,243.3085028035452,82.39604717665527,118.98610336148747,585.9956430198254,182.51098595658522,99.92911878116979,64.39843212263595,132.5345623420051,197.8273361762974
59.64673596535027,45.74709146208484,5.525756036806482,2.498303168456743,1.197129720330319,3.2956510255984726,21.43135124393557,23.444316341249397,9.061704510347743,123.70646166865552,414.4463814642643,24.009136329329312,14.350969991038419,0.9442232587336947,3.6231970236923026,Working_Constraints,Humanidades,Desktop,Cable,2024-I,84.75961545085407,85.13175226933365,1.651647205014358,0.15183192069064394,-0.13934380322479412,0.5270349569697915,1.4302896561453506,5.778017666811792,1.5691675381711134,2978.3087988767975,92.48438158723356,95.10145358763711,112.78253289978448,392.28095632790405,124.7371692424096,96.62754905695752,646.2906168489053,358.7049199620563,69.43289710857536,133.7099712463506,401.4409202989088,262.7092677923786,77.68346390457293,86.1999242045325,524.1443796667693,97.95398664784713,108.62121108109646,59.82154960520325,142.38432650459097,196.32004711537968
40.036553433974916,47.388673902443024,5.38567048525703,2.237892047241539,1.2029192370897843,3.536714910759456,17.457281786844494,17.763463290297956,7.939799071325121,177.51371227465222,543.8678580123049,15.828888160381304,8.830714485957637,1.0773118009833298,5.068076761153312,Working_Constraints,Empresariales,Smartphone,Fibra,2024-II,56.03256056434681,102.46673361298971,19.195841529916947,0.045181405741609754,0.502968457511527,2.5404665060062,0.7392875426123646,5.054284308028539,1.473836826704376,2345.4400192559565,81.54639954100512,90.23899258919515,136.68942077247027,372.79751800128395,82.8789627639145,79.48107501197435,378.7185650042994,193.43812672284284,65.82095613358543,110.56248605572357,463.95642085725837,186.42816857991434,67.5628294589311,121.95698168133507,703.8844693359606,141.28578084457862,114.13864194590049,82.9759921063016,181.9997566518956,235.5325278620544
49.50672429941244,44.70701729901376,4.504503327407986,2.1181923951116914,1.577087356272701,1.5140195544365287,10.302151398343147,25.340402370364213,7.731276587971231,173.2031031386939,300.4031728546392,19.307412250517572,21.911974403985642,5.364475386657065,4.595900193454689,Working_Constraints,Educación,Smartphone,Fibra,2024-II,72.69782829251162,134.4833482898185,9.4008439549017,1.2104244322042996,0.40054753656872855,0.5020702726761238,1.560286118522118,4.608709731749579,1.4566602154819381,3488.4732782483343,83.82476687924596,102.16149672146173,106.75100464465784,390.8964402426534,95.9500328295151,77.35424708670794,330.9855033353457,320.6980063319015,50.437014907498266,101.30619162451679,259.28724796343414,219.37132539110826,64.77924767912927,86.15771010579331,426.4519603759093,110.59279237989375,87.22149341578698,49.805828100739205,134.91011963349752,170.9396488671673
55.37014590252943,43.76820593292939,3.0450840439837012,2.5883828872181693,1.182374944331123,2.899870769151471,18.641798638909375,17.03311568975508,6.6788510965521555,146.80887295405248,391.12536871610706,20.640454739178534,20.597764970023444,3.353377562519097,5.615327939233891,Working_Constraints,Ingeniería,Laptop,Fibra,2024-I,57.953750631312985,72.80033933546777,23.025130027467732,-0.002796631590670895,0.9647280355151584,0.3777524443173773,0.9520195170916734,4.621821282628117,1.6750008731169213,2295.0671613267214,71.9177170982457,97.04262003435706,140.16751715148894,376.64632484405985,86.37485523520868,70.07046778567161,445.2748953105344,289.9740935146624,53.84372730565196,99.06142891392548,405.39057649807864,181.65531140649762,57.54898006046497,94.43354400718222,541.7087577769719,164.1734174404266,84.11840515934512,60.63629495005453,149.87386620553877,230.0545256666872
54.957390522643934,53.56832462694271,3.394155760300804,2.381053771625701,0.9090061724212586,4.783845700001546,15.29586297077787,19.74721336912239,5.505281726359689,168.49093740262362,562.5703190124038,17.294607327869453,14.556872409355616,2.338872893143946,5.015427892897419,Working_Constraints,Empresariales,Smartphone,Fibra,2024-I,70.5054089740659,121.2815582198141,29.557435060040586,0.08773235153914255,0.8240657498260329,0.691030795056488,0.770743862502328,5.157584118359017,1.7977561668677051,3126.9973887190663,69.46510603366882,80.25022199997787,117.15660278726747,376.8791952585793,101.56121189563119,81.43024721471001,500.68961345002594,336.5012880546209,67.65152992032895,88.76153748101616,382.1486820119613,223.53852914509963,76.14638009747516,90.91486876561957,675.5247015889317,125.03725471624533,105.60109285502381,62.68081779778082,162.5870207636041,195.39689191965903
70.97007994654774,48.79560836259923,3.103276275835671,2.796773330314017,1.1281368219170553,2.4442438196359797,11.445089142963187,23.007743964828045,4.372834380642776,132.73343351274926,338.1340230408995,19.245472666397443,25.30361460036083,-1.2382066167790402,5.074320469625085,Working_Constraints,Humanidades,Tablet,Móvil,2024-II,67.70187841333649,99.65587228701423,11.740956571383819,0.10702943445549551,0.5995809568401023,0.4478232407431474,1.7278548378802876,6.137414674389229,1.2932993954066685,3243.5031091746473,82.72440740038446,96.03265758533517,147.98387538383332,315.3504296517097,86.67288491919358,86.65672895974362,565.0517517859105,315.4195603534489,65.07920541217013,107.14199661850982,458.8577623291228,211.95990277003983,54.98515514834995,127.69883113591563,730.3446229960568,156.02459094751063,118.18685875010789,65.68922827170073,153.7897216002542,198.69668767388538
58.832050335700444,53.49548780711693,4.327818348419542,2.308433086184883,1.1361658782723463,3.324718227515387,20.563845563297704,29.211827967803718,10.350753297667437,181.92728897992333,401.7721839610076,23.863776639341456,12.041519861595525,2.1074312332043825,4.722666079602888,Working_Constraints,Salud,Laptop,DSL,2023-II,86.1156370548906,124.50664875068027,23.42770188319093,0.4568743720294737,0.6090614499666591,0.42660155683036793,1.5333581005606107,5.971313189256273,1.1948641155023356,3468.6372603898144,77.53426430036193,74.33414056667932,129.69142081867787,344.3775706954812,107.42177668014705,80.67328230930492,564.5426390784921,322.68832999060544,89.51826532292321,135.66644248947082,463.4120392869469,277.0936433889203,88.0130310900439,109.63451109294914,613.4796947058322,123.84445963069624,115.97426098117941,50.44241856949599,168.6069839474474,179.05475604417185
53.89759654292827,59.3247832735976,5.851182760384234,2.8194504131434135,1.0324113902323448,5.571581033572974,16.85579440588259,24.543233914757508,5.810186077442686,152.38234006988887,336.96837436937886,19.804007658958035,14.643249998120124,2.074452455599302,4.264600572143154,Working_Constraints,Ingeniería,Laptop,Móvil,2024-II,70.37501339452714,88.89087960794552,30.69821688236749,0.40454294108338884,0.6164964342350792,0.6772420186708998,2.1918900446953824,5.540352630706707,2.155055290811213,3247.3868902945783,102.2502331580757,97.00511036641241,133.4743561186691,355.8385286234132,104.81243304397147,86.00487555807273,476.6757871470759,298.02797405195633,77.61455486791391,128.45828877834327,464.13788711665757,286.7251277971149,59.988484701865616,128.33914593170408,593.0003747370737,152.9034510783706,89.87613532576023,58.79494504912483,175.72413584724677,255.26630635292508
37.63084383172643,46.34021711321336,3.312403311968335,2.556484835949917,0.9327064892376655,4.337181746179919,27.321279760865362,23.183661776266273,7.87807491626258,126.19204974323117,338.39598374202427,25.396599929346912,17.711431940374798,3.101736494145232,6.027381617373296,Working_Constraints,Empresariales,Laptop,Cable,2023-II,52.78412516234368,106.95541545835671,15.437474732513525,0.6103309678363932,0.8433275672160095,0.5093352230670777,0.05091355711639417,5.474398857132841,2.310400345850741,2549.0375187783347,75.21233207689268,92.06346849557681,102.41956728140552,372.23836872079886,129.2020180020518,98.3427433071567,641.0080832871413,369.22389299761096,92.37472366368402,117.63966352802586,422.49945760472554,274.25472762714634,92.29150480136273,111.16840153900648,712.6325246505779,149.76039565774911,111.42755925760876,81.04017621444999,179.56011844161677,229.4817002114947
39.53267538964062,45.83773158297099,2.9530996695663116,2.1163314285232064,0.9459483126663213,2.826542889584239,24.645638182987383,14.49312550286719,5.094736099634695,177.85793915613934,423.9342880617717,16.076397325517227,9.688355136527555,0.37673784430113005,4.844238764654271,Working_Constraints,Salud,Laptop,Fibra,2023-II,62.43554577570932,78.45327459896966,9.537627347883994,0.6127740787857687,-0.3155434005625127,0.7329420830259927,0.5945400719534639,4.734994592333274,1.5816263007924942,2914.0253610976024,88.08491435788495,87.29983193772121,92.44832812328272,299.2637909419775,96.83803736640358,50.018360197440295,624.8534675672546,247.9819204633824,59.03003700409063,91.51623365382525,335.9892799176699,227.4493144560356,47.245271346878724,62.659707524259275,417.77932279606597,114.60518336692213,103.9715425733536,59.79983723750255,125.27022215861234,178.0679578541405
71.02406094687898,50.561703285652975,4.5753901014144,1.8975202301593834,1.3777381288130437,3.215510234451653,26.00662821298183,22.151718959024826,5.896452303164975,165.37839823444045,431.4035802675383,21.799543871209174,16.132599397440384,4.8033515899307435,5.7771017606525765,Working_Constraints,Ingeniería,Tablet,Fibra,2024-II,75.87430504085374,77.61351144798866,20.9276792007142,0.5276034258377391,1.1053967967363858,0.4532209698701869,2.4074405940632806,4.181912361195607,1.4612146330095335,2761.5072433145533,104.42087902468211,127.39446618230511,138.47318311821954,476.95500098147534,99.56019210152976,58.91171922929033,542.862631897957,321.222523344006,63.7851802737685,108.19145086134243,415.14339353945303,236.98509929908246,79.00462885512813,133.15078969681423,733.0294846373033,187.79872627658105,96.40075427089204,63.05786713564106,155.76019934278906,206.45534055289204
34.25484004566606,38.28926696940111,4.935339354653115,2.901983091424752,1.0923764785273824,2.885940499730043,14.089332182534308,16.619478560164303,8.41662013960622,228.50704174173882,350.9782930408411,22.727877689735784,21.15038027262158,0.32135593253615147,4.556728057162387,Working_Constraints,Humanidades,Desktop,Cable,2023-II,74.20259290317175,123.92140956667436,26.227705154924177,0.6711578035102627,0.2751213786182456,0.684628467972298,-0.10928950150202316,5.9852517344742315,2.268653354621928,2301.4692647456177,100.12992989926614,81.71044145237666,121.30831752383126,302.28420300926166,124.80673012364485,79.49739558996173,572.7400057424873,323.54035104689103,81.00049938395058,114.80014431601685,404.6855292717074,230.96668020543186,71.47189395358065,109.71634818019,569.8694463803599,161.47152306347215,104.48840737171439,70.56685655823269,163.4122951039498,257.028233005382
52.39005578700444,54.43735124979038,5.372105898529746,2.8639874850359504,0.8589170230383792,3.4168486860591205,16.407613226018917,22.503214666032914,7.322026273492635,138.13300861987113,482.81732117258025,29.94404782026276,20.6690193782228,0.5108033445625009,3.074983079045903,Working_Constraints,Humanidades,Laptop,Fibra,2025-I,67.46709246513457,77.82184182472912,8.274465265868365,0.3821092043686362,0.41566812555227306,0.7482245680321478,1.4364150106285927,6.392005414495427,1.6062018599236307,3376.975430416612,100.52992871978817,75.10712010344825,116.43191144354876,302.44660170560695,69.36388918644138,69.63301073792874,656.3199572739422,252.63173038302554,73.1650282235694,132.42707124989832,359.14776029194655,203.66908424906038,95.1475803722094,114.15459065903963,679.4558713312537,153.76044019987324,90.96139884312687,49.130789939583764,145.7655124234595,162.02194317167283
62.07724583256748,34.17833031777576,5.3040842513502025,2.1279340819842827,0.9156631631005995,4.412272808629094,22.11353581116473,19.65843254666838,9.610156523292595,153.88079178064973,247.52733799801206,19.570430297192203,12.161355434911776,-3.6224805814757848,3.4500427816000423,Working_Constraints,Empresariales,Smartphone,DSL,2025-I,62.29591372986595,105.68349440232696,20.102530862104786,1.1645609072800456,0.4041752233984512,1.4795193787419594,0.35533984067036956,3.466520068536575,1.937481228534267,2744.480730858635,79.69173068082075,103.85719559036919,98.50202629083189,475.0323992549967,72.16870200755552,69.21144770527451,475.3799024914211,308.69384415000536,75.90828201383388,106.09608793975895,397.3280195395226,204.6236429561278,58.51386473321422,92.49449279522265,533.7621249387283,122.49735645681226,112.62286546029496,61.76331823956983,184.46755700543181,158.02956940891357
69.6234917249095,59.64151788592776,4.767002392972501,2.572774847344688,1.0633729993305743,3.3850181642957065,14.385435232571881,15.445926850258093,10.029350156412699,200.7314861365408,371.5393026900143,16.551354964287142,13.530100769653938,-0.2608459457785539,6.769212144993968,Working_Constraints,Educación,Laptop,Fibra,2024-II,68.09977615017739,134.6654882245487,15.504834010170281,0.9092365228667177,0.7791588280487165,0.41005528518057416,1.4383118318908565,5.7876763934932445,1.9659995477137375,3231.301225087508,93.60489657025276,135.17185867335982,146.43529754459166,455.2787333688626,127.93594405166589,86.11682590551519,547.4798890713514,303.375507396179,72.09718560897701,105.85559921506841,312.8523056416438,251.17068064788066,71.12262900516914,124.06984282552112,732.87702081776,181.4712220606115,118.1418692355827,70.92332815468166,183.24235867786697,197.31654828213266
30.856488637902785,53.495397718570246,3.112212692442276,2.482638677294998,1.052398836966746,5.067961197473334,15.970479062830826,19.22749021113257,8.203453728727514,103.55022782898628,362.6396491346796,22.87821162424487,13.78000006339024,-0.623603097321518,3.7268929982752135,Working_Constraints,Educación,Smartphone,Fibra,2024-II,59.87754953095953,124.94593900866226,16.155911094147786,0.29514127052009076,0.010453081785490315,-0.02443019817845854,2.142459799561042,5.572289416326677,1.2028389006184763,3096.3446909556314,73.42105904718574,90.87957707090251,105.55754319420367,310.22272202201634,84.26846943076622,72.08305106750679,547.7160808604283,306.91159924290434,61.01545500933425,97.00423436036561,348.57538171065534,196.27934390253822,91.26821351758936,109.09724081553901,684.3748212255092,109.19964481498647,71.50210806178801,49.54517369958609,142.1873706164783,145.11688997317765
9.228934995125677,34.58488986697968,5.447527595408016,2.495898562410065,1.1941610143719334,2.5023671597376236,22.68109965397066,18.192903901070267,7.879441851687461,146.63302531875235,438.59191024309143,26.76732448325129,12.74426824130035,-1.3440722070438853,6.839585532958827,Working_Constraints,Empresariales,Smartphone,DSL,2025-I,65.07709899824555,77.07062377164326,19.213006397038942,0.838705716624195,0.3254023402618124,0.7402784415521632,1.0748017352922608,4.884988488787495,1.0945897728019878,2553.217912601006,74.5532267517646,95.62997964209994,95.41691670134091,433.54350542984434,85.628264249419,102.86552288120336,447.1115033135507,341.8250620607372,84.68057201812441,114.88077861996743,388.03931330031986,237.67072327388985,73.67660761304599,131.36905616028133,529.2725207126381,121.52683399257414,108.11906594917059,66.26026670556243,144.3099721961463,240.54862395024085
42.87419241886937,41.22514009750274,2.9992051839103437,2.822371608765034,1.0915702631708093,3.7189548863765984,18.758070042380357,19.621973634521833,6.017750978077208,154.06109560975295,555.1555987390328,19.299532937736483,2.4092762304225834,7.152958651954129,4.180380652551749,Working_Constraints,Ingeniería,Smartphone,DSL,2024-I,69.31022497859352,74.54552986124942,9.668469716891856,0.3417562371359807,0.18189505816713736,0.06380883895458556,2.2677544843919133,5.74103607788833,1.8949910005161859,2521.2539329233637,94.5590407961227,97.61834225525524,150.909984155242,478.2865508022677,97.9166208093221,84.92376763498233,678.5238794487796,457.26959621573144,90.79351518268408,126.96692204442154,469.7384532537573,256.32314808890845,74.82485448401818,131.30642381163213,664.4817524470436,152.4655661668891,82.85334222218432,62.678302208357884,136.2595203468223,191.84936886127
48.363047109468134,45.25491561796558,5.884016368627816,2.493030959410233,2.0154791630259266,3.5357873987561237,24.56769986915681,20.332865230842856,9.670775849804443,129.12368270281223,598.721372188871,23.655642396853448,16.098613382947285,0.5020283286918763,5.6547738532184,Working_Constraints,Ingeniería,Smartphone,Fibra,2024-II,74.88362257148349,125.65092844715586,12.001047294174096,-0.13776492482885466,-0.20903606351721943,0.5687337224849232,3.3391556897297487,6.680607480351905,1.2841787129852362,2987.9226521159762,92.19771997203911,94.54417688349503,102.67935651405989,381.30264101156706,94.1149955323015,98.54819768172732,642.2529836557933,359.6153747542606,79.67353222946736,106.92962215103177,481.79508169084784,216.12490625721767,77.20173947930003,112.77476941467407,675.436742713743,158.52733374031948,129.58512801086144,65.68015551177889,190.29215960404022,245.88743155644752
71.32756534904198,50.01988793561675,3.887449342195587,2.454863502415994,1.054064424911719,2.183705770676056,20.943143359424692,23.475448219015785,10.426259675085698,139.59680382141664,386.7170046796304,26.68411558310498,25.962184948389837,3.6402239329870767,4.587049945692475,Working_Constraints,Ingeniería,Laptop,Cable,2023-II,66.01883059289777,121.90802548204269,19.216237087401215,1.2896104980562875,0.6543175076305985,0.7546108365560499,0.47444676186854495,6.256162188548029,1.0604038978407597,2469.513621579401,89.2125069597901,105.54013838555234,131.54324068367055,397.8353024830077,100.47049548999091,81.13750203427465,531.9686446098763,328.93540011419094,100.13969261395825,107.59403464755269,350.72311549890276,264.0062020310173,79.01946329997159,93.45022169183923,703.0235840720799,140.36062002519435,86.58828594110089,47.61958910035759,127.54487847911292,157.69991115792425
64.61719926833682,39.18093931910355,2.5936707822871203,2.5215215827698865,1.2754948864327469,4.276306869546048,23.277200253360995,20.791348700278988,7.266729934990844,160.16477030609227,772.1012730146156,23.981029264899874,14.79739502658709,5.730035543923687,3.5361136884582556,Working_Constraints,Ingeniería,Laptop,Fibra,2024-I,62.74114337953885,87.96362028409864,10.35827874834593,0.2946362909407546,-0.49437275643651046,0.18413986947477767,2.236757768523121,4.644641442238041,1.948683168754172,3701.731274621562,82.32058926677799,97.66804002043841,150.0926403247588,403.98762357697177,90.04118292641378,80.25819239664806,591.4683868918945,332.62629976963626,63.343766153837954,100.85881760434704,468.2262922665371,220.96259303029368,58.36933509778087,87.08501004073544,405.77098089056335,127.80820408697369,100.63541637301249,61.245217744193525,172.33971252121268,205.46861940569244
40.44066261568507,51.62755610400499,3.5519072593262964,2.634272153526114,0.9337564790523123,3.322081853076317,22.965483167587173,19.912426987736822,7.763154341940791,141.5507068323933,333.69135645921824,20.085357418206616,11.840172453955581,-1.6990007217024066,6.080318288900594,Working_Constraints,Salud,Laptop,Cable,2024-II,72.4159106328097,85.60887494966018,16.282511542384917,0.49089386153719694,0.28084751040289807,-0.035725215691750356,1.915365505973342,5.089746105356825,2.390524615266639,3895.4832801726225,95.3113408734895,103.86812829655383,145.9856856252753,309.097515706598,116.80085288320174,99.04684665598965,673.8198794681106,385.47867942688003,67.00849354076948,93.62383201265692,437.7992335015913,200.19869463362585,65.34220141755497,94.26713680036048,624.4338716500945,131.62187482225409,108.62786286385165,58.27754953379471,186.3542824291334,223.47814727696843
25.30722579344231,42.13481808933985,4.940429764330953,2.0350454659654496,0.913884487069847,3.008736572040993,24.053394635867182,16.923604125462386,10.489756677420482,183.73887370181097,496.1547825005617,17.3032888879511,8.285124703816049,2.8898730266664048,4.58006239618836,Working_Constraints,Salud,Laptop,Fibra,2024-II,62.73956712832711,93.27763746988145,26.71507734691935,0.16448493741351372,1.8080105342243817,0.352117888662048,0.05955897800387061,4.871121495992899,1.7908783913756285,3599.3327630926765,89.53746695022886,88.20471084983097,126.69573093087922,429.41914315847623,96.38757297390389,82.85920649502877,497.38022668426987,365.6313161881691,46.65819613961773,50.88636005039281,320.2536069211726,145.58804895052765,73.79145454405271,102.25054818137282,693.0027778452026,157.6162410262142,84.74254087104661,46.24231903645214,135.75538062652478,162.92302191018717
40.54540029707704,50.41270719586405,6.197665564126292,2.3839776638694543,1.0728016663390887,5.54887796652134,16.33579960038684,19.98385433522315,7.940080399612809,159.41474323558518,288.97836233798046,18.511871012955204,16.606471441655373,2.628596261576426,4.744726590994087,Working_Constraints,Ingeniería,Desktop,Fibra,2023-II,71.36488758240903,108.01469176133097,13.564519594290564,1.315397934714924,0.91768673767435,0.21480189036289135,1.3701295428058633,6.673031583988133,1.2685532626962925,3371.4624917558176,87.5502949862967,86.76574186842433,96.1536968709062,296.2361979550892,89.19976457093273,77.77979122947416,439.71308031029685,403.8625385796559,75.04449080215933,128.43039603899118,367.29722511083736,291.23181962719946,82.01525048391892,122.82936120788972,575.869884287314,140.0950072456831,126.68320859552979,51.19467988994806,186.36387799539085,214.37790610806798
46.00505046693657,48.48898004442975,3.665242618065202,2.2242337583353096,1.0214237788074796,3.4605151951624933,20.574692413835415,27.325398258947892,9.476595158611397,117.0713738568408,374.57158159020076,21.33507558393434,26.48673416745997,-4.193680676688399,4.535590330789737,Working_Constraints,Ingeniería,Laptop,Cable,2024-I,70.9299797362633,124.37410380445222,13.183250760255236,0.6380836794320747,0.3319320957759948,0.32272885623322844,0.9982186381590341,4.784243659199534,1.7609741727125807,3221.5882984662035,58.77378660930698,86.06488405434492,129.32204338137808,310.7853935709919,96.75980233765787,85.47094364571112,470.2446628731446,298.6412325266533,81.15513148678363,119.39470234872026,383.8456923318133,255.8040901032566,61.6473439369728,75.90242443461358,561.1280405230493,88.0255733152613,104.65322936235627,43.04982392616736,154.88106707105572,205.50656365974436
55.78601177843541,42.62939813158912,4.8939479260630705,2.451483468977653,0.9142295404041758,4.709369515761448,19.7390257567551,14.94328691220635,5.309177233966939,184.764814060984,281.92134363544994,28.19007055967698,8.608609249019846,-1.995099529339054,4.383672883493004,Working_Constraints,Empresariales,Smartphone,Fibra,2024-II,75.68113740347613,85.4576844372746,9.61450989360355,0.46345606457149613,-0.15106201175577488,1.174201248142006,0.5802151611599287,4.111827516299842,1.8502590791162796,2633.430850745131,74.95710268702575,98.98462431940163,128.06183809529008,322.39628839435306,100.03758624194437,80.63731663293164,681.5860270399671,344.75894370574315,67.6026426378106,103.97374939862853,427.0877521489879,229.72160014539685,64.342733455771,116.60996448009897,599.8653420746998,138.41997298618327,101.84566973329444,51.88908156091344,131.61114376668897,215.18604517282864
67.7879297063357,33.20293180823196,4.11282880268166,2.422938596518812,1.1157005477416617,2.158702072792916,23.990114471792197,21.806416415846627,9.429778151177395,173.7817933755327,437.3079901818819,19.67127795441049,27.01909680089161,4.499136703466338,5.7593427078430555,Working_Constraints,Ingeniería,Smartphone,Cable,2024-I,74.27157196436056,57.03779623094121,12.314509123151263,0.6374802263037701,1.2028147432967593,0.14232231899021658,1.3025441955793935,5.568995575567477,1.755728160564864,3637.8758939144386,95.56095224404976,104.3058766319165,123.59008238660815,418.6126407967417,114.89849435530101,90.36886457865512,483.20712877938354,332.4910063414597,91.50789399184484,102.49850753359758,450.37186774080493,241.39279601953072,73.05785094144842,112.66443312720358,643.8982454989017,139.7674547700748,118.93473228848015,65.94323174472761,134.912254908749,209.9045612078054
56.452225907468296,43.46549711899497,4.164859130175641,2.3450437064051677,0.9569828539023507,5.79207339822624,26.482276004508172,26.32928458577701,6.431156560066287,188.14655369436062,476.82873427905787,18.309006056173764,19.818355453471554,6.942297783844898,2.3783183042595386,Working_Constraints,Educación,Laptop,Móvil,2024-II,80.57398932843452,140.68851187146845,25.84147294571979,1.0910740138366715,1.0056748235888753,0.1674375969536797,0.7979714753241849,4.972292540142402,1.3555799599029297,3931.470651762958,79.44234063400958,102.5290084008329,120.67987335197331,350.65722168443756,125.23626991864228,96.88591105952628,702.7335590663056,356.1314800755005,75.30078596432051,83.16615129155159,406.80508717190963,150.14746655375336,82.04493713757455,138.91399260784775,625.2201106633777,133.08601641276576,113.31664233039173,59.944383571468045,157.50828331901408,189.3096944566619
58.30549904897466,46.64489529437931,4.202792487538901,2.345344491074212,0.86772482072513,5.909852078128597,20.296355607881235,19.851168489551718,10.876777092640266,213.40351984456987,441.1716471213649,21.645226639121958,28.38121448920866,3.867258657957513,4.5250631031059605,Working_Constraints,Ingeniería,Laptop,Fibra,2024-II,81.79921509131054,93.43497774051899,29.400874254255655,1.0979552771995817,0.0500435599355242,-0.04528863830670199,0.5003818561931246,4.9086238902144625,2.080969581025446,3022.5469896947184,90.20150142547494,94.16563728685732,145.14719219831105,445.88801682226847,85.05543755858645,75.55260684820044,432.15938577434656,306.2101693060398,79.52732076410595,112.12127553231173,393.9044427905323,184.83483290419252,85.73023741032156,90.54553329677188,614.1990734939442,147.70578547236354,74.6511809423256,43.918219592203286,127.35542783146698,125.44313017187935
54.24595108034569,54.29099496976738,4.336135143345851,2.0908934525963714,1.030588484284913,3.0872404266259377,23.173638522986902,18.18828781767775,9.375568509171256,122.54921290619978,372.7331100633986,23.109887335354617,15.935090186872404,5.246426329270745,6.775504101013982,Working_Constraints,Educación,Laptop,Cable,2024-I,78.04533892047967,92.11628149323114,10.459142861716355,0.24410764777407823,-0.12098684728740514,2.3013817741626132,0.31708615510216887,5.511651580181736,1.410161138627192,3187.978637090451,91.58955368104688,94.8222181352741,150.92560570884524,429.3734719550495,124.59960325584015,69.09018472186803,624.98534144543,378.26156768139816,76.48783580879252,139.79394492902088,348.77425952025607,240.4455458236689,79.91415055988371,123.38190994442986,570.7637598130049,129.0702058660196,71.17370980439077,51.984138356271195,165.35285022772274,197.49205166343313
61.030395576227406,37.492299593319515,6.398175774491806,2.485095509896037,1.0706979902465035,1.902397481993412,14.219399330173704,19.62916764965911,6.96660603517458,138.7741668578493,359.38679015564395,21.095178349181698,2.1839412135462366,1.3736791432791224,6.773988193379091,Working_Constraints,Humanidades,Smartphone,Cable,2023-II,74.1627755292506,96.69242592433747,14.708292421228293,0.5526907474232253,1.2833109867459207,0.138429342552749,1.4761179975126386,5.807844101414638,1.5393451842229682,2779.9860599569884,93.21795056352998,121.38959022548205,105.14976461090806,432.0406330814765,98.76695867029326,43.41024109480577,522.7805144665967,321.8156193417044,85.19582034753677,140.78077076370266,397.4030196841177,220.80784147836454,88.33804873173895,107.21156404873152,642.030974938299,146.78179650073693,118.96435793246415,74.75501903919904,180.56221460717552,268.1191061637566
75.84085023788747,40.29573970193379,4.8082570859039535,2.1672970285207613,0.6969107775856755,4.215103211343155,19.56227975350557,19.648097264611522,9.751441874073633,207.7321136962687,236.79820641814112,17.766322538397944,19.506883594656166,4.199014286013289,6.62272297136063,Working_Constraints,Empresariales,Tablet,Fibra,2024-II,67.91915515408479,115.92322729740341,25.039121078025378,0.6500942322855843,1.0059556954544238,0.5172227441062428,0.12751591478140445,4.10644778822716,1.6378604303553281,3038.0035617757535,89.93569829872925,98.95671436876873,110.42849555125403,340.1963481034967,93.5200966557951,102.04293189421745,643.3277573678679,333.65287897764074,81.43323638455038,134.5590487461961,471.74686892177255,316.1580386712613,61.74314692736808,101.12901320407626,604.4898148045411,128.21325244094407,118.44986977000958,49.10870968522274,132.68414393914267,216.66135956076218
68.97631926722318,36.98730579205908,4.393074409977991,2.5748494105731137,0.9860000398853731,3.3668310787832914,15.9848557757101,16.241667453066306,9.03985681237113,124.05997389317591,448.22099554960295,15.99018895802691,23.811360300668266,6.730695264285152,4.59482798929406,Working_Constraints,Educación,Laptop,Cable,2024-I,75.6631832447548,119.97205809856624,12.64019861016718,0.541929458341191,2.0025044148119377,1.2096771140673612,0.7898888117996254,4.538691944048198,1.720322676093431,2547.408313017616,83.85081863054175,111.10221120978474,127.34503735513027,469.1979944305037,103.87539803329123,97.770434341906,707.0978089188254,409.87242181708416,68.19536345111129,107.06722813822935,443.75913511715055,196.09560229731665,88.98855172509471,114.13537057216728,753.1449344517083,132.82030604737358,112.02566594017458,57.865932990262735,147.80052733180213,201.43751495660723
75.97202886460303,47.492744172040176,3.3729736859313637,2.542803590278368,0.8738940764445917,3.4437928198921313,20.530993965811874,13.370901775118574,8.017409631006505,147.15791831873676,427.31898248397647,26.205010929566825,8.174527638684252,-0.03973535643384607,5.999815502964579,Working_Constraints,Humanidades,Laptop,Cable,2023-II,71.37926333781606,113.26945794591987,28.76613669465073,0.5325553777881484,0.089215394158703,0.45351229553310135,0.894652070700173,5.81957906569408,0.9539164033717696,3067.794838438074,100.8444812500177,85.87888053815375,81.92140519764803,353.8526544308772,95.64067772891391,90.8867829566435,464.5359641923759,316.87493305886517,59.33840710728045,124.49000029500488,400.06591110921124,228.18768037052035,85.07413177474666,115.3082129979517,603.3364363902894,180.18564355948598,111.64439462835625,67.04455805203763,152.86256426334873,252.00070454809506
45.94292974801566,42.134712878465656,4.801435230951665,2.4014897731674827,0.943198306550388,2.741763978585232,26.7625257176091,18.712779579484256,13.096062472242156,157.89939945303675,372.33590962762594,16.438378559955005,7.106095800082274,-1.4235271320328127,3.3977816553613254,Working_Constraints,Ingeniería,Laptop,Cable,2024-I,78.36677050270478,137.55350297800658,33.583954743624524,0.21103993190531728,0.34153751130286625,0.3220805191493776,0.8533020139919532,5.732830578234822,1.70175405456169,3456.729703196431,97.13469501537229,104.31435946803005,124.17222464161708,367.68435971533944,121.60608819672878,75.36826658753976,538.3915144069014,300.43749031521565,61.71037206001719,86.29860708646032,292.66051095267164,226.83065340974582,84.67174158450183,119.04034071065163,727.1717988622784,149.62687488241045,94.56115171932778,62.019113065455315,120.85873718137498,255.63555197845994
38.80900288318895,42.18676141114633,3.861172438285808,2.427566672250135,0.820734443726443,3.7479464110267844,19.1805780895398,24.19929707145348,8.345201328192829,153.21752611481554,472.9560232030233,9.697001662955168,10.35866296523266,-3.2375843314402433,5.678474890881126,Working_Constraints,Humanidades,Smartphone,Móvil,2024-I,75.1542002746329,90.19156735020456,11.074955029693069,0.938056615922118,1.205117561604674,0.8927521479880344,0.31251276612076806,5.520149889498536,1.406519568109866,3403.0447507257004,92.25495195258296,91.41483204949388,137.51003897908097,403.05279567081595,85.74555817036422,61.954690308937465,420.875122128578,332.3371651448031,84.64213366867233,82.92366194786493,380.2778444183127,232.8040833980215,82.7095418807748,85.74844147910827,640.8248672077231,131.21259112121783,100.23290102837885,61.79149115810291,128.15977669481458,229.1163218001396
34.343471222717795,44.869719480856205,4.066154649776466,1.9711428320291633,1.580475752850315,3.4681985260270825,18.489236694800883,10.816099289454566,7.218756610327757,164.63123074172972,787.183792794544,21.238034682311,0.8472870864188522,4.090390154930892,6.268471419027642,Working_Constraints,Educación,Laptop,Cable,2023-II,62.76181023110537,103.52666061930464,8.547553625374487,-0.174680423428524,1.0105212699823856,0.9423769699042455,1.9208496997098037,4.900295011401872,1.4717523499359235,3367.0013773220226,91.9482600988291,84.29740365452236,94.01754580523547,364.09541947286584,80.21345319023726,62.46973129340138,580.3690034218157,370.2221263025219,50.39752658520173,70.22837027549849,402.4475272915231,226.24699450517383,73.5157312087243,100.31231514660081,661.9064230700073,165.20529983530622,104.5226043102335,58.184757426389496,151.14424869437184,207.30593932858798
45.65152021511298,50.10422232589133,5.03565878263339,2.4852997686191136,0.8848586606475234,3.5501406818421057,17.857977410409454,20.01682840458946,9.470992033305226,114.69582877637882,363.3431952031163,20.210315075231293,13.532025485050761,4.1599668586413605,4.707851178892013,Working_Constraints,Educación,Laptop,Móvil,2024-I,73.95979850505181,115.85958118587185,12.516870060535226,0.9173376026377015,0.66100438310002,0.03799030221102534,1.8989440612760864,4.627369600893699,1.988337210064425,1934.2267504746296,94.37173549805149,99.33431619889484,129.93312811657896,389.64806262344007,92.91426356280574,71.44835714891703,445.4784982561825,286.8897945452458,57.81614997024384,103.0365278662068,357.23460622145785,215.08594817846136,59.63146805330442,59.4331038782605,653.0884423331039,92.07238740404031,124.88020391328178,79.18311957289085,197.63832870398542,242.05120293737917
42.14015165929269,46.8011169766465,5.088506836568215,2.790637888038681,0.9126338328739104,3.0482304319107345,17.008786839609495,17.52101596576219,6.43112131026421,82.2513974518721,362.4574187045487,22.152479919331107,19.832184076894315,1.8197437080500984,5.612528592803981,Working_Constraints,Salud,Smartphone,Cable,2024-II,66.01615619896675,103.17034430875138,16.266923048454334,-0.014172372020550328,1.0900424510782423,0.4530984913651773,0.2934367817195118,6.547797504137053,1.4751208072051611,3266.239210066807,106.80165517317103,95.57064378461976,122.81678959866753,431.83695265858864,91.32335440992523,92.49376078084515,507.5781311426982,356.61368026033875,68.8416597290364,101.51008954801239,444.2964541506512,196.71858821220684,83.13771096179204,120.26239073643536,612.6123961519799,162.3847155597839,113.68895448990625,81.22611291862772,153.2505758285376,208.86197975695828
60.327041942014205,46.9246057444667,3.726471036705461,2.4107634325352523,1.05182039003208,4.116092773884105,15.883123903675834,13.720170892071621,7.124523224569397,140.26319601286312,434.42424152039865,21.79307444078221,12.491518155588448,-2.584442156339055,5.12576179291463,Working_Constraints,Empresariales,Smartphone,Fibra,2024-II,71.19149994394235,115.734316600089,25.80007861166782,0.5262298981679332,1.3389911976214874,0.6088497409949536,0.8840997739540833,5.120037316041692,2.307796985764544,3571.501630179656,97.19188663504167,96.45384806974788,157.82976955884052,352.6679810198549,85.82315630959316,96.12382807270725,530.0464139173033,244.59288003843244,76.57647653793137,95.15215899345952,356.3744289736224,260.3673471303325,54.15227320341839,108.03570747087618,515.0872991573019,137.82156133110078,102.56635473135724,56.70924331729671,133.55360206213885,166.303631961107
73.06257445981511,45.34613820534631,5.809692711118407,2.8757746488057996,0.7502921661330881,4.687772876172655,14.57013283756471,23.316270663039866,9.347744769942034,162.2362297144972,305.6472360118299,24.340807744090885,10.91261069748493,1.8783508155456266,5.970376587455004,Working_Constraints,Empresariales,Smartphone,Fibra,2024-II,65.41360242464609,78.18447271927874,33.986896889262084,0.22656297251440424,0.8857043398302429,1.092045668720461,1.4996710611169322,6.309704789946038,1.428096342643888,3243.3332523306917,94.68202506325544,95.13927026686795,124.19763601736086,388.93157013130383,106.47766741784689,90.07721582988738,487.12940066937165,441.40927877026195,75.64165026126878,102.50109257944904,381.925354106915,254.73332137313284,71.83414211143847,120.65914394779071,523.6505866560835,140.3204137766062,126.6115199721918,68.828735405098,158.36452566720538,232.3810577209788
62.41670967879109,40.189413902669116,2.5938646413470425,2.423491885619803,0.7375856039407032,4.652499562900042,18.333311723715283,22.62330932041889,7.663698225419745,106.8334690828494,444.10237527511737,17.523943182744738,24.408223614790455,0.08134722391130478,4.421089568201641,Working_Constraints,Empresariales,Laptop,Fibra,2023-II,66.45224751134762,113.29077887947308,3.1703429945566977,0.9552148826412482,0.24656165227616214,0.26939323792701014,-0.3776068997243952,5.646043369595294,1.7068456008971546,3857.575014692262,93.01215889112635,93.98708377144459,142.1858074717255,311.01303499639073,98.26445216999241,97.08045894145866,552.7866023141281,353.50639386646947,56.42764477522396,101.16348606730983,363.90600562221044,213.2520071465872,84.86086172108972,102.11868843145545,544.5909437224027,132.33548150351706,111.30759202357467,50.14947798515055,136.04289576467124,211.45491128583544
61.27933377942719,54.25284187671665,4.435300515911739,2.705582207516066,1.084593240332723,3.4352339591944885,15.96909531167405,25.025212180883965,4.424028433324578,147.342975703976,360.1724453288741,12.828285958374776,15.121169789544686,1.5185135579093387,5.262264989035192,Working_Constraints,Empresariales,Desktop,Cable,2024-I,64.99947737101928,98.31422374506288,24.871808201212676,0.49522445994542263,1.3275829100635796,0.22705555337167277,1.736736732660013,4.476734936991544,1.8784957016959654,3202.206577868219,116.3092332230024,118.64365436248995,131.89465352372906,402.3955786128972,119.67207958518148,83.6245423826551,516.7408565811797,250.44016252477357,65.8196417470418,103.44145487588459,314.525150935318,244.98634880874994,58.376017588815884,121.49615461899224,553.2973484684346,158.29566429521398,112.59507651326098,65.72787106479811,146.00155245418642,252.2219921269782
51.042084446168545,42.39421491033957,3.961523153114224,2.270082180251958,0.9104085442261066,3.9867514384387968,21.802038787155087,19.220364110735677,7.826275946083865,146.5212994528921,628.7659346450619,25.680350766497046,9.771680253407697,1.8595268977211963,7.170482077437019,Working_Constraints,Ingeniería,Desktop,Cable,2024-II,79.89559802338086,89.97208991501596,21.40448224347168,0.5157431211214587,0.8469621149268347,-0.5621566886633501,-0.002482031072681079,4.952135451533977,1.647965041313088,3471.026284323521,97.91754044662844,85.53665830676674,126.23582962867195,356.2535849190164,110.13427003081911,74.71212910018248,512.6429813539143,322.6689180605974,52.466543995366564,120.47096015074374,284.9219778855811,230.58506815680926,75.617454321377,81.99204677419554,609.3771225271241,124.01973300916625,117.10544870804583,64.57531921425354,194.2785147856432,253.55242971790292
50.22544075441889,47.62995417588713,4.2237472551242154,2.6575861987319214,0.831946224090015,3.228277122653447,14.880484030364327,29.100361687798458,6.56406313712302,159.58317962281325,492.2099486156178,21.50894934115973,8.82477505916179,1.0303418003999187,5.68806166416099,Working_Constraints,Salud,Laptop,Fibra,2024-II,76.29622691371202,107.23400606437743,16.790557945949455,0.5052709476997398,1.2973549038260261,0.41392335059914487,-0.2738124160965209,5.912291709491159,1.8983574805217112,2727.7346335490665,90.19586306551219,107.530842424877,121.17401627006565,385.8750865554501,99.31293805410854,73.66323188549616,480.61622228996373,368.50258901669696,81.5004459441645,128.68629872938928,430.3676848630773,206.4597941787417,78.69166230967906,93.49037060692457,515.9495309113938,80.31746749687098,92.87411204932961,59.79605443352302,113.97763006263018,224.51440220461507
32.68922256766619,54.82879361018375,4.384429834519873,1.9492718739836599,1.090573120154266,3.6968881915468588,13.990209817137817,25.754998805144766,9.829737861473241,195.64889025248564,280.9490568068005,16.020558891181444,18.75842989588037,1.8766345776229376,4.081253752168024,Working_Constraints,Salud,Desktop,Fibra,2024-II,74.53584066758644,83.11661263409859,20.668498541796012,0.6197978230865875,0.857707802924087,1.8641526906178227,-0.24058327091248255,4.6224802662252005,1.4536727435729069,3579.3022935588715,92.47131307198259,111.21216994171145,119.7415070694314,334.04101574212075,88.022184446432,58.81882747696,620.3609697807275,273.35877497773066,58.90779486747738,85.92892291545111,365.5125607564407,223.3795557563725,75.29829921647828,88.06461065163214,489.28388937767284,92.36926819395964,107.45669399826875,61.54562831417167,145.53552895393744,222.04342376454275
41.39272866385484,47.17987652831733,4.108101164764282,2.021319252925782,0.8473403307244833,3.462320747901916,17.972486260181814,24.064784203638183,7.5288662497216325,181.73160835040142,307.1146247687106,18.62508580977904,17.07436813545578,3.4417958954191232,6.686433096648327,Working_Constraints,Ingeniería,Laptop,Fibra,2024-II,68.58500979268206,90.63369588212771,35.257370022589804,0.7986292945729461,0.28889445583127454,0.5372336507642181,0.952018363469016,4.859448075955074,1.2338464312210835,3690.012888900628,88.98820685177141,83.71198729484144,103.31317486379274,301.1127875678843,86.54363104870605,62.735528687259446,380.75111333992925,263.4975916562857,67.55565888758633,113.67750822976595,433.2392396203407,195.67930925595218,57.42867622966145,76.38114038267572,448.7485484358757,115.38301832853911,97.08954427857239,62.57063972533981,161.46669194562122,210.70690877508702
68.09673649476507,47.28581169297978,4.360872569949223,2.821448763613642,0.9396995866410743,1.7009167126877736,20.31614252447115,20.956278601884968,8.46738967285024,92.7737575784651,314.8396337791585,11.12336510484496,6.97264690496733,3.162549554443236,7.02445600726221,Working_Constraints,Ingeniería,Laptop,Fibra,2024-II,71.73192561781404,75.9801772855051,3.1645690994738365,0.9184075536972365,0.46460453781494054,0.06497875870417066,0.6795390962632197,6.62801790488993,1.5332991895054149,2893.1005381772843,118.69861483176753,117.1985209734149,156.33208834951554,507.041703925252,108.39966654466463,83.69881577181695,595.4488470774824,382.5399993589412,77.09032343965772,128.93461836511838,437.5078081831867,228.60599688395197,78.17896852610875,124.76339215818332,721.7320742192073,179.97427716716365,101.74497813243232,56.51862580834888,154.24205757325976,231.6090969943508
67.0662343523251,49.324684360371386,4.147096009204903,1.9705900651048036,0.8328681917674493,4.460172558877298,27.81616069052566,28.7295255435429,8.881676258447982,160.05950258399415,729.8840808742475,20.250753583286254,14.545343465609777,2.598878236701438,3.1595783932872257,Working_Constraints,Ingeniería,Smartphone,Cable,2023-II,77.72857622841933,129.6273423696043,4.593629552280513,0.25757713438123175,1.1168323340859283,0.8300788392676597,1.1467825313482474,4.03605332530937,1.198552749255081,2514.7965283586277,87.66058764094359,96.74527539984729,97.91529881686398,286.4701748227926,99.1490047095217,70.64541202042697,451.90901885330373,375.5037669388532,76.96787859179464,135.73288274559386,505.9163529467103,240.8133595196251,62.52173920767713,103.96934401382923,527.0091594139703,109.99670710959805,99.1278905141334,53.07606702577435,129.8320925742399,254.56716100295017
40.60108360729022,38.46408368247851,5.290201548853375,2.2740898815363915,1.039026074943297,3.8914382097133142,24.076315510750764,19.269969411850983,9.83476233116326,123.46812524080326,271.11898550583567,21.915483493312674,25.631676228799407,-0.5757760570684587,3.9245687705974865,Working_Constraints,Salud,Laptop,DSL,2024-II,61.728324570504164,111.55524447144066,11.475619422707105,0.5501639985278957,0.7163238095151157,1.1672211681397715,0.7295472299352284,5.676627948471762,1.3986491048567227,3040.7031468779787,78.5965262565978,87.54237713651483,103.31205211979653,338.0903284512134,78.20249601663801,83.31021889145974,492.20059079059104,383.884275992834,63.89458721643178,79.26172580978712,438.9713596143142,155.70306653893527,82.73486500119081,96.20376149254956,554.1165705067507,165.90423145891384,121.80192023098782,81.97594940470567,132.28685005204358,275.5125896279043
80.25063755807362,48.56626783962854,5.471570899760495,2.497704762516642,1.215808134195145,2.416348924109781,13.397623277544449,19.609228754637364,7.11042441587316,171.52695482457437,348.0054683518832,21.280370438731456,15.596865057833039,-2.4578716641341685,6.2299098518294755,Working_Constraints,Empresariales,Smartphone,Móvil,2024-II,68.40741550247185,98.8967972903981,18.70789508616234,0.9551383518254255,0.4082461624493242,0.11686512265727478,1.5793044702815768,7.135863182807912,1.6149101092467824,2752.3330547199203,109.58358957794974,90.73578733671468,155.0792312094826,391.3619249259797,86.29565042712991,88.25717201968237,668.4787557626246,325.1550703791051,88.65711329919132,133.33863625559817,481.18613988057126,236.90611922664363,54.70129827905341,121.03216623033475,488.26673490470193,165.758304561472,100.3226902117659,46.044946566981594,164.7792748742297,199.684605076992
30.145392763547527,44.45991481051197,5.191161093813912,2.3842189749382876,1.8959146456817861,4.89060644576184,16.57112946288383,18.40126369393835,8.840430573639988,158.5278166721562,359.7840161964465,27.045690537159512,9.440306360234871,0.23978359404176763,5.649148645387394,Working_Constraints,Ingeniería,Laptop,Fibra,2025-I,67.39474878713611,94.96771914698843,8.57224395366747,0.5679137525814544,-0.04800776732241452,0.04653470170994564,3.562251422808162,4.658342062266311,1.8670825709897243,3608.2342345240977,89.34942738450144,94.13800080047852,127.54473171694625,420.3566860625944,96.57116808331911,45.69296918867737,581.7215612725748,250.92730823415732,89.74258762820631,93.15008760816622,486.124053583011,308.4506955686022,71.36209929195958,119.33599089452821,534.5909024946781,162.26651911077994,97.14257511511036,47.51038046607018,156.54305498107715,170.21404353800915
59.405923191422325,43.38282951788281,4.411268879470507,2.3112470773846074,1.2848345013046083,3.1398630023931045,25.85925297520345,15.395834347434374,9.918386998192528,189.64277078604636,527.5956980922961,16.310095607679827,19.092143646010964,0.5654289869974669,4.406725683422329,Working_Constraints,Humanidades,Laptop,Cable,2024-II,68.6329491147787,76.57647193220838,20.23629082155519,0.5140481538160602,0.38195623140014173,0.8055140037415299,1.7696526331375293,4.72104689644635,1.819604978100797,3031.478820584022,107.29367385480985,114.85336466335694,149.71249193744737,427.2750675334549,76.72962579592524,104.95164204107336,579.6781713348894,349.9878561350453,52.37318607533495,90.80219709323521,422.9536514532237,261.42602818571237,72.3220889434277,104.36303031448108,709.575765797885,142.43117394585133,101.87032320376574,53.67489182378439,147.5386901022196,257.70081430249775
31.072923041894814,41.776357942017725,3.6144747727445523,2.520961943119972,1.5160622081540296,1.9184703359267872,21.338473395419044,23.832282850852593,7.176436291527986,182.69054072433642,296.23263928357073,17.011161833175077,20.408908828602744,2.8331447503253147,3.5336348532329125,Working_Constraints,Educación,Desktop,Cable,2024-II,65.8790180747035,70.93573775196276,17.68748247123968,0.30383611272621974,0.5149346118259603,-0.025168488732290772,1.7959375041012935,6.283334736829412,1.450237079512952,3679.3991164407266,100.01352965828762,92.93152955388452,114.57010375488089,367.98500755820123,109.76487237891207,117.0260280349129,565.8778568278899,384.4180611770139,77.23998386046459,123.36345588683531,343.77195114106905,205.97523511719515,64.65925695017651,90.05780473620716,554.8284624854507,128.1620845340425,85.02218066394272,67.53247242735901,120.41473609442644,192.40402503035858
55.893673541129125,44.904707227143426,3.9175744705950004,2.4598972322154458,0.9144420819868793,5.0010924882215555,18.77965875554098,16.012161962655235,10.518176477221752,118.02443719843468,251.71465226493083,18.64910404125886,13.636433073451288,7.178395015891795,5.732977284045648,Working_Constraints,Educación,Tablet,Móvil,2024-I,82.8429803100416,105.52013055446034,23.124833907828204,0.2861650827897358,0.18081347100686895,0.9139856810811394,0.2958842884447653,5.07730653314264,1.3761944573666272,2465.2807482612475,100.65525445635575,59.12726876719066,127.35944092018782,265.23491875387174,80.9283251051609,89.9119453340445,502.49052432240467,343.8517437079445,71.78168679348386,117.05633147659412,426.63005774246454,194.8046688186194,65.95408002037996,128.9060850701558,704.1243215126055,125.19056789004344,97.54162848296869,66.34846585406162,145.78873439987763,223.90849336782446
47.07264096865778,48.54969483011098,3.4344260846624275,2.4177662125698096,0.7924961950985117,2.148938872583277,22.240308217318855,19.08906071586041,6.672116091903339,144.69379996285957,280.5179760172954,19.95803657765223,18.51738478719236,4.509055531264209,3.193798740183447,Working_Constraints,Ingeniería,Laptop,Cable,2025-I,79.06443499905087,117.70413260331435,13.934018765370116,0.21310105968814597,0.027699917082560255,0.3218117503406798,0.6774821488883997,4.814307917986371,1.90668412526174,2861.457198685186,95.76287859434535,89.09523388708028,117.38533472925944,271.5067511327862,96.55184337085163,65.42559796830074,486.60664298036835,231.82003345341204,61.365090269942755,111.32210672865467,316.1860762099505,229.38356732189675,74.64641916364253,114.78625408907067,543.3189205792116,150.5160673531075,90.49607960447554,53.79719408659235,161.99688777920167,202.06386548175908
70.74242668385705,45.630553929456745,4.960386952893467,2.50113832011996,1.608480283666828,4.891431308418214,25.356831594968707,24.03618289668698,5.771702947225716,184.0142491451926,267.6375664373138,20.903435343782167,25.20235444708392,8.072608337686002,5.390074315565566,Working_Constraints,Empresariales,Smartphone,Fibra,2025-I,85.29198258255622,114.77891424492367,17.139775475470422,0.33265467330807685,1.1160099366304803,0.3542447972296931,1.6636996724634194,4.011223372256286,1.857133035122534,2899.546937356895,85.09935442003628,145.73055721269037,128.83887632920633,435.0740142334437,102.82651325672354,75.69356134365155,580.470051130917,253.96947397715755,70.609671767671,104.63428324542221,399.4444762280953,243.44894234949336,66.30800554722691,110.18598523095487,724.8479918572604,139.48257778631236,86.52719910149112,60.37804550462189,119.48415397431285,195.89996082786968
36.368570184126604,51.71736609534344,2.924992203868493,2.7093699733858827,1.159021639537869,4.051652765482688,21.535499073771227,20.85241862889723,7.267322486821495,132.49858316165614,310.21013653986176,20.684842300749533,7.28550868877976,1.1309734307178123,4.965367483196143,Working_Constraints,Empresariales,Laptop,Fibra,2024-II,75.4158358591529,99.10464361544155,27.42612273554397,0.4320498395458702,0.4888916676537507,0.36456475025552215,0.6792608309677128,5.282566778696582,2.489019706739394,3457.9095347881266,111.32359984904215,103.94916664412825,143.21861409334886,470.41123672586434,102.73881254052293,85.87109906732478,584.370964796817,338.8278851568287,75.41063999208436,114.31336353468633,406.13781456731203,279.008907434546,81.09063072465588,98.60891223683387,713.4750446604913,130.18920655990655,100.2182269227057,61.98814818514032,184.46998560229062,249.70064692024633
66.709623925954,50.53516378788237,4.24129536601868,2.708529077063018,1.1399225926548389,5.613930213387228,20.170226932789518,14.739497338042,9.148935561847187,195.0210435956609,537.5622288715535,17.965737935515133,17.14620893934385,1.035110637222993,5.331075271404393,Working_Constraints,Humanidades,Smartphone,Cable,2024-II,62.88177976959761,130.8860701432488,24.538455308884593,0.7230154040552494,1.2051817088406702,1.196891286411856,0.6950788967950512,5.399474571600779,2.531610392476144,2206.550603632106,101.87695834949095,102.3200204789175,131.96996642824104,477.89714141986775,137.30807847122765,110.30443956940022,712.5866035883114,528.0557137287776,86.52337417026145,137.18911241945415,620.8352397337994,304.1544272644515,87.74360495157933,119.16919120326352,700.2022861963808,166.81547976950245,119.3101323251788,68.33799976975766,151.51086365279966,283.49555143722057
47.91068130362403,51.087208036539344,5.7685314358465,2.1748518948916633,1.3737706524284539,3.323472895282719,21.68870804520495,26.053996910104615,7.624562110613803,169.94190731309726,487.9370934035616,17.16784511753721,22.7503104829982,1.6995361753164064,4.448900531584018,Working_Constraints,Educación,Laptop,Cable,2023-II,74.06697032058496,90.16365054004038,14.79533508734499,0.8668233304620184,-0.1625414528470644,0.3155414874796538,2.0294463651295316,4.50690008523421,1.8897551333644915,3171.6407275971555,84.05373608058203,81.15492110956279,104.49625295761594,329.265344800703,112.14975407863923,80.87207880878968,590.978733635386,286.35920593496644,67.61814093260205,124.67819841805269,383.81327660646934,214.01892240725886,78.73133579211364,122.55855425942734,600.4311976949184,161.47989681108996,104.39154703331342,57.11014578608193,126.47529835555605,199.3822128137554
55.67577257009745,44.717922430298394,4.479451503844122,2.0566365155491466,1.0037047831714425,3.5361740143621176,14.623785159683042,23.152930880056527,7.556585159146646,174.2948342173839,446.64438030509194,32.037360705199376,15.342266551509294,6.827070143838711,3.8696935924779243,Working_Constraints,Empresariales,Smartphone,DSL,2024-II,85.18957749545254,119.7731721363524,11.51950329696469,0.8670266546010751,-0.5684756633787864,0.8761882876944186,1.065535589428986,4.163527799949189,1.731454429809484,3127.44411972361,100.9555947957866,83.59912252162678,135.9913430393802,410.8854989402639,77.71875345498204,58.239489381884425,430.872673220755,268.9968689284428,71.27705078973142,126.01796492415365,385.3883336430202,225.75819305217618,38.85917034121853,69.3547533893169,346.3492532188397,85.86821139537204,101.37677051421862,62.85336073672917,134.43590468027998,201.84104062712888
47.225852327129125,50.32398871375173,3.8858691750174694,2.2504645213366556,0.8323728757776836,3.078753923482804,15.297390734644768,15.314112147697575,7.803706286499854,153.62103290494073,464.53253090888035,30.210992338368733,15.959949470919625,3.826382613382325,5.6483507524548155,Working_Constraints,Educación,Laptop,Fibra,2024-II,84.22514469597871,108.5165127160823,27.278034453325777,0.07606230614814202,0.577116721237068,0.6446276570161712,0.4870212598803581,4.27033821663951,1.8159078848155141,3518.543195852574,103.08521606991339,64.46457275343899,108.00124973425062,354.06252072457596,75.1294578236945,72.35791921479945,397.69483473902727,280.12637850099435,67.34834239447002,93.50743773425397,328.41626268963824,202.18148075257898,58.66837109030823,95.4204299516883,579.3809549465581,126.9178876861507,59.82409558073434,58.49860589034931,127.95663709582928,152.3396510613066
27.933676723378127,40.215158426344786,4.081323047425466,2.5012095587114223,1.1355784444488624,4.309346650600258,17.614195540299438,22.989256506427267,6.911364471350941,151.83479414713727,168.00273924046866,19.591452711886944,22.096098583202394,0.3711826279446897,4.547820174628237,Working_Constraints,Ingeniería,Smartphone,Móvil,2024-II,70.20291701267928,83.02534257910982,11.66278883770504,0.2862341022370068,0.8826736535510786,1.2481951606917796,1.199494303322772,4.868572122212213,1.8470723776754323,3356.202302167887,68.28015101423418,75.1155881245792,91.35901144327178,331.73887432135416,110.25304099192988,96.92157115932973,507.6154844588754,396.923244191423,82.74744308253932,95.50300435834423,345.211115140429,214.81201336219252,67.4567853447247,87.37170810978546,590.178041209185,141.72152943879703,131.05833649755058,56.20721302127376,193.24665943054788,202.63653035067426
41.816749287380134,43.45846353045327,2.908714703293393,2.5984094503508333,1.1260766166471785,1.2931448876406828,18.306436632701537,20.24921845784267,6.15611673873413,165.3873593414078,461.66857044661117,15.680388136801682,22.38954580263915,2.8941443354527947,5.949626776663395,Working_Constraints,Ingeniería,Tablet,Fibra,2023-II,74.85135140952903,77.47991957923841,5.089503217716681,0.13778265135358467,0.6398763427370401,0.925556288974868,0.7714540008047853,6.145234033625483,1.3149088887276006,2823.664145033446,76.80493174686008,100.88670024526853,88.48756532778913,433.11887394792313,81.82297294956649,69.19309187016124,485.0921732423131,284.944727592793,70.9335761920943,114.5863478310202,348.7356488149447,215.64497019631844,77.45962941360442,116.61568137499016,607.9938399292867,131.35413253097556,100.69433809805184,60.29361723733767,161.7840601781985,210.26113073772703
28.096813389776667,48.45884573183775,4.516185386042246,2.025350261368113,0.8179611705175617,4.094280215876201,16.62270748282436,23.320517487419295,5.866511302897623,129.1367008433862,510.80011944861803,24.93316460822576,15.37779416470931,-0.8262433658129327,3.8334081990883853,Working_Constraints,Empresariales,Laptop,Móvil,2024-II,86.22258722955048,81.97539550495533,22.286467425228793,0.2668963393200134,1.5347116632891693,0.2705342387897455,1.3440531432061384,4.353768380873989,1.422027761856706,2131.3999854823223,112.17736428649829,72.62285584508271,123.03152810518995,322.1195038990059,101.91526889981688,83.32168790860702,548.9972966101232,285.09442465071334,65.95049985900927,124.1919847688057,374.91998101602826,256.0243241841661,73.26414716797352,131.57733056806262,601.80664738444,171.61471731599462,77.98902511108274,59.73365087479139,160.7685558597168,202.21498602125826
72.96955245819382,45.24398471252735,4.3822936250618,2.2594908552092563,1.0495168556132717,1.797864235427279,22.554553485915434,24.512377550367024,6.261699227874204,145.77267746363685,405.1543362564004,19.51486681927052,22.495144559508883,4.519049054297763,5.391389699336321,Working_Constraints,Ingeniería,Smartphone,DSL,2024-I,69.1400161639024,123.05227761286501,7.104438450336469,0.2661508351605782,0.33864912956583293,0.7939715168621906,0.7423924451467736,5.16460785813103,1.2937340417804601,2929.155321139352,76.93656657442061,58.463249020348925,89.83049241555025,313.9134529923364,74.16497063439743,104.22732190804199,493.3701814853565,344.05670643093936,58.36025894806803,93.7517194536125,251.983357526364,274.31885830934715,69.97387252070017,131.4694862821933,678.3437381621166,163.99290815871478,93.75091448186124,57.32796120499946,149.55300615407512,232.68662309015153
49.69688325137333,41.54627367093184,3.4990135701464555,2.6271189074527497,1.0990717255709876,4.666812881041632,13.358966526955571,19.95982291598503,8.348447716387684,123.83870978103744,229.41152455232714,18.22210473557581,13.86489920007086,3.188178925746326,4.337440042664528,Working_Constraints,Ingeniería,Laptop,Cable,2024-II,71.59738362576988,85.76478882809894,11.033195496373308,0.5221687131582254,1.4846141353649474,0.1719766934630181,1.4636757017417144,4.927324530684135,2.1713162727745665,2668.11251829737,68.48129474803928,73.68683362765039,98.82531719265215,389.04642255094154,91.2157798738581,56.556596806232335,483.2252669652455,326.21873904299457,65.03717696930426,99.12838679396602,349.28063401752314,181.71387179931114,60.5688262324883,86.20133707208768,470.21925900297003,107.09832544598291,70.93061127617553,54.607100870809674,126.63012595924714,153.84632389714034
38.557826958457284,41.124268495825184,4.355018150620896,2.8408138678047683,1.1384775227689632,2.0310302575661145,22.331147398979674,22.83949749501536,8.443707817341352,98.63297520429623,704.4982131994105,19.649850026545312,21.7826100239437,4.041552024863036,6.837850583051502,Working_Constraints,Educación,Laptop,Cable,2024-I,87.4921286156618,75.67696836594415,10.482090631325143,0.8695547549365177,0.48708660283223476,0.31002050784333113,1.2163998637952447,5.717051389222062,1.683624209797658,2702.9366545730004,99.8055423500883,96.1048696873791,130.00126186590856,417.9015030878267,93.22555626491399,77.69521761197288,572.1167478305933,397.25099788285564,68.13731230683841,112.68476921324441,394.966929806957,218.25142275697428,86.2603624440388,126.16373213416405,779.2292023177203,196.3370772915841,90.73639222989866,55.536536016483325,181.7619436754714,212.02177794085648
52.52174583888352,41.522176042040044,4.300993546118902,2.3883884639033184,1.3582169326366267,2.549809963522819,19.09662182517123,18.876544656671793,4.877691131929117,176.42264838164124,627.9897410856578,15.124014755596066,10.595492990273431,1.2623955946085998,7.028963264931861,Working_Constraints,Ingeniería,Smartphone,Fibra,2024-II,70.2723163869853,118.36804484496497,21.175295795510646,0.5600331107630054,0.41501289642779393,0.3729771462077086,1.7863672675722826,4.35869781617544,1.9219357111435962,2959.368432140384,103.48370558398118,108.93566391420853,129.20990330677472,401.3218633839761,95.53835827823686,103.13002796658293,584.1067842961885,430.4430166061243,52.99237408415644,98.32698361291818,444.7153513083721,218.72465019183392,92.63874705888642,124.87209360701115,582.4141310584664,175.08053403899777,113.04312906945096,53.80420525181812,162.6739668127919,176.10251377662615
66.26900558321512,52.92267574871981,3.4745694550994157,2.203833739157724,1.2345371478574398,4.299462453392483,14.932862358905954,18.054052398608768,7.3135478959689735,123.16800020488182,410.41413791097426,19.85046555369252,15.402304270169882,4.322480137030198,5.338654410551601,Working_Constraints,Empresariales,Laptop,Fibra,2024-I,77.96374117684282,115.11562281931414,28.338309149689408,0.2817294928928016,0.018869784282822905,0.2987430572772911,2.5194700320974275,3.9221392827763224,1.7914094734570274,3791.4751858021345,106.86968673385091,82.6191078989264,107.07437095207786,284.6998047993701,97.800405991821,74.84682515902746,466.7629833044499,300.31714675709236,62.47321390892538,110.41228784951825,326.3300126087772,223.58769423953174,61.04875998246776,111.81852156929786,466.10935062127885,121.13012876843062,100.35187621794628,63.69367352450314,176.6018416978561,255.9871237147747
49.72194315733642,44.23999483530566,2.6386661770222664,2.92756213473986,0.9005835484558055,2.0825189866595433,24.401645645143546,18.697638948007768,6.934019554192478,125.1521486309646,589.8003461110554,18.760942330492004,18.901681574253665,3.8449262230227954,6.089855303194454,Working_Constraints,Humanidades,Laptop,Fibra,2023-II,71.45935890678456,128.91516783838128,33.53222479627227,0.024151889454211123,-0.05264843644425021,1.4115252666038418,1.46906721043913,7.036638052976811,1.684957816679479,2681.6060750353145,97.68135977934035,102.56119752558398,170.11370072496544,418.6803428029742,124.87253590925584,89.59243983371906,724.0236254696765,376.33311375786764,66.66834352538508,101.60538315273129,459.4461381099776,246.4876049109442,77.39714271510202,147.05789694587116,729.0596289375038,195.05684978578265,122.62122901042494,58.36668603966423,184.2734842933406,182.22736445027442
23.62972128274236,54.75202087366381,3.906230538580245,2.6541869043325095,0.8137711960780238,2.291321474782897,12.285614206877707,26.146634604159452,8.6832486893158,185.7714027468597,122.23065820342688,19.17724251880284,12.08006807647475,2.0967819974338773,3.625040922877289,Working_Constraints,Salud,Laptop,Fibra,2024-II,75.96070272698722,112.75618799816634,2.692258572346471,0.3454871797110535,2.57898452446959,0.3016352835996091,0.8950987301124478,5.499165984279818,1.8863238166054621,2372.7156823986957,86.30260781770885,100.68175913337468,135.01530601710763,409.0422573318513,70.97231039204802,63.24252560234665,468.98203029590206,276.4521143304989,72.39767104937003,110.29087522157866,519.5947673864665,239.66370011124698,67.73135157994446,127.13027000004843,580.0726446240501,155.94778655462787,97.08426852078749,68.0913654337163,169.86125765125374,211.6820976805137
63.54687781436844,60.26078875897339,3.455498073351343,2.5196640500101526,0.9781020192049542,5.023095548785077,16.160213630914974,15.911979448823226,6.1834780000622676,99.68889002933389,448.34025857359813,19.083938621159724,8.457589827369809,0.7401672401960544,4.6468489225583,Working_Constraints,Ingeniería,Smartphone,Cable,2023-II,60.31409742937373,90.49495578404914,8.175573099062433,0.5712416125602984,0.7310913546200397,0.060782142511054016,0.6236728692138938,5.1962273088850806,1.8776460793331446,3057.0328179114463,73.17550375405595,80.25864856484368,126.03200322168504,311.1819754001958,88.60250123873008,68.08955562218968,603.218261796798,352.48166223833476,78.7913188078905,145.08733646529816,485.4612716630909,225.25193688586555,66.85721692764432,111.03944390211734,428.3828295048779,120.41814541845989,99.32281546962186,55.94775678549817,153.40452167239346,210.075630238908
70.41974565793647,44.3197367145961,3.6457307439068267,2.448026333221728,0.9444475504737619,3.966132891617172,21.22015184704237,16.988844568527842,6.849873305391943,191.50990087641532,220.69560767339837,21.551462105526195,10.323733762255644,0.9172729326056681,3.8374474916197587,Working_Constraints,Ingeniería,Laptop,Fibra,2024-II,67.2277513051201,109.52681983683993,25.032845748772683,0.8332823572261248,2.2594771828508735,-0.13842651319111435,0.37978882363662564,5.21617069564534,2.2747824560405334,3221.389428496075,90.15517930870223,91.25626797275594,115.95513120372016,354.43160698233976,111.10817925508793,100.29960013271094,557.9786299711545,410.1354875767796,65.79063302664699,113.65840579252647,380.71464639781317,166.11431667855652,88.12411531789934,112.16192860009622,738.1344345691962,152.42601813227373,90.83703054056072,48.250372299687605,129.165087189955,191.36859912898683
25.947344913697183,33.00862350234795,3.330325157882046,2.3429757241615645,1.3555236051245378,5.026433989563474,22.823022101466602,9.751250018105553,8.071066603517707,149.66399592960408,418.7525653984491,21.059757864357564,15.592089945837008,5.866851140869209,8.420131924806777,Working_Constraints,Ingeniería,Laptop,DSL,2025-I,71.8389549669602,103.97209900964255,14.792445013045963,0.024517280904166605,-0.14004220434718512,1.0915636128733617,1.6397702462136228,4.8754598832377365,1.7103868047684356,3189.4223182459555,105.57962723237392,108.5431902491887,141.709408048429,436.9224911162736,97.4577471120015,103.31471058653064,605.6573672366989,292.58005452163684,94.24403969105234,138.59948950417794,475.92346904073435,275.68567599556627,76.62092652067085,117.90633910482889,653.9300713825171,146.47611371565972,83.42496903776372,56.594233197998534,171.03813979390767,251.75263231330365
50.946554772604834,39.09865130752623,5.231676765735003,2.5212720709021648,1.1406366655487774,3.7251781734822833,11.644903237224547,18.648454660322155,5.380471715894768,120.93819161228068,375.8490456860112,21.176113970931375,16.947643210692984,5.101670350348941,6.213810650017864,Working_Constraints,Ingeniería,Tablet,Fibra,2025-I,67.99565033286913,98.20151580431265,8.89274586953993,0.977749024969585,0.39839485735020747,0.7230732914614929,0.707312135104958,5.421174778322461,1.881191904276752,3025.383272298104,103.86511477801501,78.62986997408767,123.37177203061377,330.26494607626626,99.44590038761065,68.00292839228139,528.7805000289436,358.9989632677179,63.95077223528106,101.3452206852034,431.3951193192787,251.6172128690524,81.20522653244713,109.60695614973336,501.71544661908734,162.19906969171475,119.8177183305631,68.30846299543686,164.76717792914621,198.27351892157245
32.60928419509457,48.06905485445273,4.223742677827116,2.5057815895033517,1.709961417007636,5.10961789565694,23.422141313883802,21.439315247286732,7.675549543700497,151.50489990643345,113.29674930621178,25.141285181341857,18.591112006083883,-0.7602533670503013,6.394500390425069,Working_Constraints,Ingeniería,Smartphone,Cable,2024-I,72.0569445862866,86.71856824368675,13.30037793363348,0.36792365799136983,0.59280689977779,1.1434105755505666,2.0061901248420932,5.391158148889516,2.0561145207365175,3250.4715879745677,104.76405406496829,92.13121648379108,156.045939844978,434.092367655606,95.27612484443158,86.93880633312,467.11736179844456,393.5865934036603,87.23360561809378,101.94833968981402,427.1610927000997,203.1465233158516,72.71656135369007,116.18441349742572,515.7189584087015,152.2771342541941,94.24852417518576,55.02845765722793,156.90042303845632,189.7945456853625
55.884463648461,56.06029748145975,4.684601627106021,2.6016563616836805,1.0678840252412736,2.6331039792705204,20.333330198436695,11.34253648165974,5.90020757275264,124.44566884286941,442.3654347056384,20.779148972513497,21.847491886095032,-2.009514801633958,3.9153311145316865,Working_Constraints,Salud,Smartphone,Cable,2024-II,81.574264699007,108.7293633330848,9.25072544500571,0.4446514113153438,1.5163767110504018,0.20215617437967298,0.9797584529231265,5.355907583527616,1.6688789134672082,3499.728243342593,123.83539061263565,95.02892039207188,136.42953428490844,366.12017946731675,91.82917096987507,65.20080950709382,503.35552289268503,298.21735547090395,65.31755137704346,125.21038337524202,397.72030882282263,236.63823860697926,86.02699303629588,117.5291427024316,820.9749545497958,144.1736364737988,88.04992760358303,48.40269612158189,137.3899049256718,184.65932316467183
59.07434141033384,49.141769997165355,3.571459855775114,2.312981510719757,0.9237500452857111,5.040725566056424,29.79784460488607,24.306392403900674,9.21299892808671,49.26172378973128,498.90325238800324,27.842499111491463,14.676873390649018,1.1846060400498502,5.103195134961446,Working_Constraints,Salud,Smartphone,Fibra,2024-I,78.58310957260127,148.38290866886922,14.464613435387308,0.3586410164143472,1.8285120521433105,0.8679551886280815,1.1781686945137588,5.126277034706157,2.04129759181196,2923.106957227048,98.30098549994153,113.55644757276961,125.52060097978607,495.9054446330226,111.81803591125166,64.2933402795111,649.5128278940635,281.2305383110256,72.43321710919928,143.50387481606305,450.8552107429604,287.73058330020496,77.63521522895176,118.61402290379286,634.8349459457439,135.06454439944162,115.10212567935062,70.2598876250963,179.1219241066776,215.4615436752
66.2901277480504,49.337002365951285,5.987685407475722,1.762406901938713,0.958637912481213,2.114310746865651,19.341552484677123,17.85712457274756,7.254775212964226,103.32527605046033,686.3917446419699,22.688524357626296,7.551084732507658,3.064183943637394,7.44447375982513,Working_Constraints,Empresariales,Desktop,Fibra,2025-I,67.11940689378295,79.3399596824691,12.013566072655937,1.7698941835966306,0.43147750789651007,0.3773605053731839,1.0578381153672953,4.582818312569299,1.4650798204518378,3926.8858298892887,86.2730434167123,81.57033778873893,104.1499683020588,444.37096863251526,99.50169000120984,95.90858194932295,536.4799670862456,302.7157938528,68.32354614309081,127.8203314660178,365.55087794156117,258.22442399984,58.174196656809926,98.34317084833529,577.4471621965856,123.68830931004241,91.50717330578262,53.63007247203279,162.67684835068692,166.75898155433865
54.15049523738025,49.08216517935999,6.540981795023113,2.821339595319691,0.9552775066389547,3.3462418897384976,16.931260162968613,27.915936545180866,7.5641011327031205,185.49098293883074,231.74058308136165,23.780256127979914,19.768497057028295,1.939638997613781,4.8729797278615035,Working_Constraints,Humanidades,Laptop,Fibra,2024-II,92.40576533292304,120.215021285089,31.61232229786993,0.4478764301501939,0.44641939043958667,1.0083503566649166,1.2791613148506773,7.104737216457407,1.5515552480747068,3298.1347311853433,106.68660191026218,77.47494578797345,151.5575033448792,342.66018237702053,94.70531994352109,90.42419919677629,524.1862938522786,392.73829197136587,61.21355930628516,90.33028133388228,423.76673773124924,290.407421924795,82.93859040855806,102.6420836059252,627.595303787914,132.55907123391563,115.10711013447322,86.12553119428414,171.65625573617916,263.22961344078703
55.57571933291162,44.3160609017098,4.049011896194704,2.316320381742896,1.6733976312401375,4.259637449867086,15.460050087481045,17.098218995863114,5.389254565331743,215.52299972157573,277.2145150694767,22.537419179895117,18.503783951720912,1.3147193300451065,4.8275095319583,Working_Constraints,Educación,Laptop,DSL,2023-II,83.37632725333098,76.77446647949505,6.92106886809895,0.33803115089218083,0.4978206014789605,0.00620922666926238,2.8349260062425956,4.081523549208881,1.7956002996641887,3922.138970484215,69.39060431619824,93.32801272404139,101.71439043211294,334.0725404467807,67.17564480877571,83.60276655477075,494.3834032977501,290.7346340772506,84.19249774806623,84.65447563673709,423.4682295561989,212.09302053192502,67.32893791506736,86.88005621182658,498.9870206690901,124.7063855793387,91.97940592439336,48.22234393783069,127.61292474475128,218.01512704853695
57.871466234967166,57.98033484605342,4.9748156805197254,2.168148040157058,1.053760097001412,4.616811156916777,15.815681301317015,20.067403385972,9.422249020582388,154.96508053653955,49.09644312387893,14.312221539462044,15.954979351173442,3.537248907138504,4.588464914814186,Working_Constraints,Empresariales,Tablet,Cable,2024-I,78.30754977271825,112.63533553995023,39.725359487838595,0.44079481582594204,1.2360349389087502,0.4709150729548361,0.30155826881698333,4.666304076575067,1.607978151460168,3543.8324501389766,64.0981452902471,83.47502441232001,116.3817149514548,325.52303948097864,103.33757734575292,80.17381457237782,554.395029301731,396.5289184378852,55.87378168440662,97.03612434963358,264.14118607937047,160.90969297738252,49.59430984963069,103.10956983810003,487.931706664286,107.34350892837,90.7924654445872,55.88471359475618,144.32768217396003,232.29383798061937
36.277880489196576,43.85020398685271,4.568027275051804,2.424404825187925,1.0215587412919254,1.7928061775451567,18.39212726994636,18.385701040601703,6.0872378014831865,135.97223663961887,326.41434803699815,15.971111828189091,17.386889088632817,2.498441997651178,3.957356327754863,Working_Constraints,Ingeniería,Smartphone,Fibra,2024-I,74.12694120711127,115.07672793171652,21.28789399905981,-0.11089875955553141,0.353152403016203,0.3861337838132102,0.9761729644139598,5.31817441847019,2.001675078079386,2734.4137066759677,77.43521195004259,93.66772322807135,133.28465620667257,472.1786660439492,86.65769051991983,81.85181724833497,484.77844501055347,275.10822331954773,57.97691240244811,112.2920098850103,377.70541408800074,190.88598124814854,94.99360889616423,111.12475963329345,649.6843616347066,125.92748343967071,84.76688243408158,32.11383249519359,109.92106459535783,143.68476340178853
51.81620271436634,38.17749908707322,4.280742622360403,2.15463174647916,0.9369350136294802,3.6548976797414268,26.420335595041216,25.694924390077837,6.740851553704548,163.31670199934996,558.3232473110942,29.82691053203065,21.28512907153483,4.243476702795919,5.323291056752357,Working_Constraints,Empresariales,Tablet,DSL,2024-II,70.39168209370946,126.39639705071092,17.328020154373245,0.05767321920023548,0.017374665330464334,0.8432070958800366,1.2666223574199607,4.442943263384251,1.8285014335537508,2367.4084700447593,75.14434727917019,83.50404790496323,78.09135626538134,378.54133704735125,107.55494755480882,74.37904667342337,487.24977212367827,279.51027436145847,68.69800616472813,108.36769989130167,301.911238144052,227.18774876280514,72.08735882303986,115.94688695340786,543.9219435920623,134.59004176248047,95.8700226105384,55.59641266192096,144.3180909780438,207.94543531022106
53.669536014526294,45.66834680167449,4.0824273329649134,2.2378629903781175,0.8847725085972258,4.975789819255027,24.037683695308623,19.8249797193405,9.533941793366578,175.52782343707358,396.30491684968746,13.890073708160358,20.419120699183363,0.6622719951921435,6.591939671079593,Working_Constraints,Salud,Laptop,Fibra,2024-I,73.87868870531722,103.68364714730394,29.744701229653273,0.5450207344967131,-0.06754664700754656,0.8341807304225599,1.081679478767902,5.948035051709085,1.2292889037764119,3982.58210298053,83.24118738122958,91.85221108286768,120.28843430160423,311.84098807961766,89.09212708727347,61.814946631868786,511.1197720030425,352.364304561668,51.39483940711254,99.42998799894688,347.71955346058445,189.3299570963199,79.97179240703213,117.83061112454669,668.1281659354879,159.28656841159514,105.32496488169113,74.65171493074722,153.87684776162962,219.31413896348835
46.13227862654925,53.749187332094515,4.201700401514131,2.64834869610952,1.0335276063140735,3.0565456999195444,20.46357378749472,16.649015160012805,6.823463020397869,207.10641377588985,750.1861852331501,8.74771923994996,18.68593939994054,0.9069139285162288,5.324847566988958,Working_Constraints,Ingeniería,Laptop,Cable,2024-II,76.7906712174646,141.96274775099008,22.500147686452284,-0.04199375934830535,1.3009916876832028,0.17625878156412939,1.2981755136100783,4.7113397571326265,2.2121510774394433,2931.099495607638,89.67678699175724,107.24128545757408,135.95454440097524,386.24544776510425,77.11283172230502,70.67351229351723,576.5519283531877,299.09586910954414,78.06938048734665,121.96509677138302,352.37622714849107,243.08629626058524,68.72307886291469,119.17019109440265,683.454179959704,134.16629091440407,107.04872408631483,54.31488117013637,122.44270598310183,250.16143136827247
61.82751743863935,47.282580754075234,5.378042607360932,2.5433882880071206,1.207439055464078,2.142246180721687,17.312035697934622,23.962070642443113,7.522884908118796,135.120852829367,439.025402337886,13.149402132260722,25.218601714557735,5.217444171590357,4.058661505036508,Working_Constraints,Educación,Desktop,Fibra,2024-II,73.79571262359016,101.59444655508331,17.704390174547946,0.4401991958949506,2.0559436144004044,0.4550453588060436,0.34724616176768774,5.098337652583776,1.8548006488504754,3369.8396807019963,91.56271359003746,93.05522174590959,140.98999679878276,421.6262328140792,107.44931615305539,66.30153681053037,581.1888746165013,308.1249335200695,92.30348775469471,100.46914940451175,471.6105904280472,268.69685648930005,79.96673438884233,98.43116698952592,540.058667285693,156.80230395029844,92.78149837542001,80.24756829583954,194.189741318932,259.59668406540095
58.50295665401285,41.73256826069213,4.024481601542649,2.8978129139656503,1.3659199668392512,4.433543570633986,9.949730432519507,13.812709987052616,8.625256854367938,101.71230318739119,491.58443634428215,19.086567576119432,14.774564753851035,5.020470753746464,5.247603124349763,Working_Constraints,Salud,Tablet,Cable,2025-I,66.79011994609272,131.98783361731114,13.918049469958392,0.6423641300280765,0.9610391544112049,0.2779086760338162,1.6935845552988467,5.223997503190139,2.132977077867401,3103.754132754803,60.27621533155506,82.26114273027531,89.32483458724022,360.9607699947752,94.0122802261184,77.72218295496128,598.1881356590559,317.8738320585686,77.29402456975015,143.64885724487428,463.77224253911083,264.13228733437484,61.4435370051963,111.46983761415945,581.0071463188407,142.00511575734174,113.38185767448748,50.53483331422322,166.20276506887066,188.98131311420107
56.29521827198794,33.91234714298997,4.594505117598919,2.4212373216436993,1.192995518289734,2.2532664890503726,24.76646367989085,22.386752357607996,7.529970103060768,112.38053135410954,180.78550989654687,9.31305472802919,18.75454957103921,1.265076621124195,4.5934080913146955,Working_Constraints,Ingeniería,Tablet,Móvil,2025-I,78.16825643843455,58.68675094558027,17.11837145907657,1.494005763361603,0.11591951094718067,0.4896030206875236,0.9315103306438789,4.557320922552095,2.1292462514747217,4145.396439069087,94.31489769406845,92.74846981424493,105.83595979949612,411.27820590507116,107.41487409072154,78.95331857218311,448.2824766777839,397.71541926858845,79.53386269247063,116.05435334128265,433.23730312478204,210.59784619137994,72.82847051560793,140.1782867584693,661.4699099453214,190.1422327372991,113.00496158589553,66.6442261236515,203.005618509307,225.92486242930508
54.915249260137756,45.15504180790317,3.7317142542367296,2.353626873945795,1.5000597123090154,2.8643954099936217,21.407732346868244,26.228607426610072,5.634445625043881,152.65468644705135,558.7697284243601,28.426115051927233,21.054839439451282,3.188272103433702,3.6736581556565184,Working_Constraints,Humanidades,Desktop,DSL,2024-I,65.60513871415729,120.88288009859693,23.39978701069896,0.6354729493956562,0.3373873107615551,0.738400636654671,2.8788705092707825,4.622755998678556,1.6053713845822224,3392.9203593734524,59.547056701019045,88.30079337747942,93.38017253159282,380.8850905984681,88.96615549413342,80.50733956242877,506.35074881789944,316.1187031931407,67.6571919741691,105.16007752242942,456.9655269261327,238.615913494126,56.905842015872906,110.39441301410204,448.9285655768064,110.23178786975217,105.14052090879841,53.543771074646926,181.0128573851353,194.60990092546058
36.731381950672,44.2036643655126,3.286838221831945,2.434115264145986,1.1221341028035632,4.864200631617737,21.843829367870647,21.089562658513387,8.645703991168993,100.0528325253908,184.8533745245077,18.486106524485713,13.75655300400744,2.3156048723366562,3.975887900659382,Working_Constraints,Humanidades,Laptop,Fibra,2024-II,68.45474137839572,122.10411820441237,23.543085128718793,0.7233333522512904,1.5558344265734636,0.7468817595449359,0.06220557656668879,5.639532128357679,1.590693414129531,2699.9286702987574,89.12752415356418,93.77379101414364,139.223780608063,323.7121919937057,59.53958673986007,79.0389951264253,423.2245233108045,330.42389992199736,62.284774050538175,120.13636821254,392.3656341181585,244.99965111701977,93.12990484133739,135.15216289297186,695.6583506708118,167.46686399580997,80.20973349437023,52.88018631818405,131.25434651693473,172.87663380234346
72.33282531994534,44.20655433234555,4.189497933229307,1.9913592140586254,1.1628236670765388,3.2114349684344035,15.354736677962027,20.826051959214553,8.290068593833599,138.9854564281337,577.8589357580296,19.82167055771772,10.300324758460881,0.8490382060701103,7.522582650832493,Working_Constraints,Salud,Smartphone,Fibra,2024-II,74.96309857540244,84.95145035338169,23.440005266627395,0.6159248715977212,0.7643362607372235,0.37037505857714265,0.9755852151030732,4.867750910765699,1.3958489655514343,3299.383032705524,88.9514414554038,80.59647404476104,106.41215189756804,409.3423533416911,107.70738051707616,75.51925131696397,432.10501469063394,292.84316551072095,60.824243292723416,113.28157542523866,430.5937295540171,258.0691063380381,55.99237629380397,89.25940243205078,622.2697954823172,108.94654878280545,88.60274214006425,66.35323153545582,174.42052612771406,245.5155715453025
50.843688992618944,45.028935608550725,4.384592243840542,2.5214190194934876,0.9175424475528208,5.287642752420394,20.761071285446878,24.4214106791294,8.50004907423294,143.6326028009434,428.25084182480293,21.786331559018915,18.351738051730106,0.356147281305893,0.9603616843971117,Working_Constraints,Salud,Tablet,DSL,2025-I,65.18992160163123,99.56603115807076,19.467791383789667,0.3299956766666111,0.47726010748282116,1.500046329932021,1.3087858906584207,5.736383143109629,1.4423667048741844,4043.987328794784,87.16302884997096,103.29855207734776,115.14909669766325,320.2530659129746,81.8536550810071,74.81245987050416,652.5621593362705,299.2394645350662,69.24342800358998,105.97693295235062,408.3458030642817,233.6055465861188,77.6169304552691,90.42211003933728,512.2912258439974,159.2853417670842,120.8509573760265,70.16518755073272,143.09917022033278,259.48077867267045
49.11745373956544,49.286189602949165,3.7974190624514876,2.221384119496509,1.070904424298827,2.910370267280719,18.93254449359668,29.642885058549705,8.002337523174257,176.90414818375024,574.9885250484865,15.478551568016673,19.951188440817393,2.122803081012155,5.615001415809708,Working_Constraints,Empresariales,Laptop,Fibra,2023-II,84.87637750523496,73.48745740481093,16.61936009336213,0.48001849790816775,1.1245297180840899,0.6834825512537847,1.3036363507261326,4.531321224831687,1.495495898197399,2983.278377678532,99.35564207214526,91.93475197982266,132.2011549707108,360.0631627439671,85.56164377586076,68.78413832104769,516.4733522190696,360.71119323822296,79.06358427438785,127.07649885192303,371.98310519907983,192.3302018809996,66.143900386401,80.79008832632798,598.3881980435227,143.40436963169205,95.71887327609548,62.31703796452949,135.9731231993183,230.10052973685842
50.188430946789964,48.52210066813895,5.868684504771771,2.924206734897835,1.6729991958337835,2.6719363608125715,27.643881013497886,27.378505612524,5.3893919902146665,184.5573070922709,370.85139524655983,16.352500320947602,17.341938497983186,5.71391991560733,5.962155262405514,Working_Constraints,Educación,Laptop,Fibra,2024-I,87.67310137521191,93.66148121883701,20.017709854422666,0.11935080586609967,1.2170591795194061,0.1346197352024407,2.064241655807621,6.984873946331078,1.7738776846891633,2617.905224414966,96.38305297793386,118.76180177901153,144.0132948921094,523.9354957462049,130.0814604908139,88.818191092462,781.0038349755387,465.0277422453791,79.90545632572264,118.15186303816611,446.231275353307,263.17922163879416,107.13176872512057,133.4400070187674,780.6131456669212,215.88969412548894,124.05385208338531,73.78586255560391,177.29311973823525,263.64595617261324
51.40025089677302,39.71634861433233,3.4898863652144962,2.2266286628611907,1.2496392873065998,3.5696200298688607,20.71047905432801,18.735112949931,8.997219186108893,148.7708763024171,451.31710564246214,14.203998555512209,16.408446564020274,0.14446957733841037,5.311328392950297,Working_Constraints,Ingeniería,Smartphone,Cable,2024-I,73.72686258248648,58.823028479576685,22.829337044340658,1.0169875776581696,0.8387198859714966,0.7224499413850489,0.14386094902543167,4.481880800743632,1.5601689189953072,3844.574941001084,89.20834440972635,100.48845305710893,110.29173483928523,347.6903810346024,91.01266314201978,65.21381824666558,622.6890881908749,281.84474095823083,73.17779919408342,87.2049102222881,418.5573927875571,228.54742552428968,74.64877904839797,95.124016937172,680.8531046866799,175.15787641706396,123.9306532581588,61.37056297383575,189.02307962542534,201.885012752128
54.41133127380918,39.928219047814906,2.866955507449004,2.6233473539825303,1.0496700164157724,4.000067009907599,24.22691656625241,26.46620662249761,9.061751361218512,93.74499570021568,448.9560241997219,22.374515051080603,5.303895938974113,-2.643463361078011,5.66674727652819,Working_Constraints,Empresariales,Smartphone,Fibra,2024-I,79.25227967902276,150.69510352849832,29.570560054904085,0.39163735221903806,0.3069282406181947,0.042073436981579365,1.4124551903870297,6.000360059671084,1.3778361145091724,2936.259893202978,85.18946524116676,79.65512411061201,101.30816538408736,303.4320550835623,117.12988441511291,60.40489356863951,557.7244218474101,276.742793373736,80.7842098909628,120.0187651484072,486.99244208088624,249.59905591895253,87.38620529473883,102.4481127436316,504.4545854990374,165.67514174245633,98.16860703199004,46.80246083985149,147.50216225042408,209.35124914449892
52.504599145203564,38.03596396972412,4.317859014705243,2.2431904126087203,0.8292548279839995,2.832840444745376,22.533717475842714,15.77714094551529,7.407281652484254,62.90342160336441,565.9328976334876,18.021617411182103,14.179097081925626,-0.09436686653814919,5.494773609556534,Working_Constraints,Humanidades,Laptop,Fibra,2023-II,81.74358170104757,113.58911881840791,17.692229279136804,1.1217906893345129,0.7847651245296116,0.060070139226334585,-0.15441602084334813,4.651624632873186,1.4962422655696819,2555.1987363908293,97.63011878327713,67.77758328319855,125.33136793655369,321.2793475848191,100.24308515441254,60.518129693484745,484.2228824039702,275.24017489910557,57.18660673978245,86.00732472038115,442.51582443793234,142.6174562682998,71.15899588808576,93.63374719643102,626.5100716206642,153.5318037444556,102.22716045182561,57.03647108676522,149.8765122654917,154.60643933938482
48.209671208374736,52.76654913634938,3.2804287229319353,2.3708035979016904,1.5300530125452891,3.4386118763257976,17.016924469117054,24.36745826597054,9.341373040391707,111.82769408099857,254.54541241916934,18.46585659695767,6.633585504237491,-1.3576821262773713,5.720345896900927,Working_Constraints,Ingeniería,Laptop,Móvil,2024-I,72.89811166022815,124.0424961282741,26.915785896640863,0.6302422382826984,0.6492000813113462,0.46382125969299726,2.4384365506465877,4.526647931069253,1.6475774312112414,2961.6332431478645,87.73554551122523,102.19118692255655,126.23397213038648,386.4032356923948,116.32579180520075,88.18104388686669,576.5653257276316,278.7655686217824,71.3142023240037,103.00386255259625,267.04640277853497,209.3987227718324,72.58328121760961,72.05817338256642,410.19848257889817,99.45108559901708,73.94758205588833,54.71527251006834,139.50171796542617,180.49199367842405
47.84891191513005,44.57581331200887,3.6968258773803386,2.8396545512595814,1.168839523857189,4.415119475331509,16.369354745659393,13.943233797882499,7.034344423803818,175.547946338948,148.42367073970902,16.957896149191814,1.9506700682846079,1.6507154645693942,3.5691634657990843,Working_Constraints,Humanidades,Laptop,Cable,2024-II,54.6226388714843,107.93451019736455,14.400427839494903,0.5406468118146757,0.7781974713794546,0.3302852268770405,0.9050510510423608,6.001672033976033,2.327658607666474,3588.2975057612066,108.39395850014793,113.14917533564545,118.43966087415296,428.0113714868861,85.0366766961316,73.38193989429315,419.3571546090486,319.0267485176205,83.22329144165185,113.61898093852328,363.67148642321627,290.65961185251666,52.39505637446588,79.39914632400956,489.95176920504434,89.6167918684632,85.25101151877179,60.36824356227194,137.7406039029957,216.8220323074713
68.91732488375789,45.41206807357068,5.0511909691779,2.6879294250724324,1.0209282493397336,4.025744421868436,13.812668807403874,18.862470615313,3.7857705703057896,186.15683839136292,512.1487405378512,28.242358421810366,11.29168015864702,-1.8623233317733168,5.74556668992216,Working_Constraints,Humanidades,Laptop,Fibra,2024-I,72.67717095520008,117.2689964176072,22.98930256639246,0.5032960774971298,1.2687854906803016,0.6166813081133485,1.2336870007517162,5.993905724519146,1.789902624443599,3679.837182538441,74.2492774812934,80.6862917885249,120.84867437243977,268.71725345984976,101.2051003561536,91.14411727944696,490.3520601498008,330.09032449775634,67.5580901029081,96.19563283488958,330.30178146784294,200.51040017572657,79.35910613702404,108.3336783454475,573.5445353049857,125.26323304571753,108.42139678181947,56.29095003856073,148.20958819322507,205.70730638214707
42.39300778566924,41.953611380138405,3.6860303087856554,2.0937190204327587,1.0692742365657135,3.5542777880800394,11.35446577061704,9.04571314949743,6.92938328200406,185.48888618178867,546.050777709004,26.7746181071393,21.506146603761493,2.0182599791323996,4.686246689634592,Working_Constraints,Ingeniería,Desktop,Cable,2024-II,71.9860914254866,81.75811493011307,16.368050555321577,0.345598916648729,0.561314294666577,-0.34544878325144124,0.8807286196488882,3.7635072126838023,1.7959474890916503,3660.6351921920786,57.38801659708505,77.77798512250065,77.0200883015764,248.8038783788786,84.91931448406515,52.45614190191957,363.86030138200755,247.73033133469823,66.73790392650754,66.83097150294611,336.18449832381083,185.42838211545833,51.50134634541298,83.05004318524509,423.4688499034613,76.88031242489481,82.0859249476099,42.519556850556924,154.8321497109468,199.46152461083716
44.5622788716163,49.31381494622929,2.5092606230955,2.5246369508043425,0.9748894778640426,4.836876947529501,19.561582901063765,18.05556531771239,6.664877062132268,129.25642587263584,334.9709536062144,19.061437209670377,20.707866031672417,4.712801950358635,5.248941808245653,Working_Constraints,Educación,Desktop,Móvil,2023-II,61.6708057369434,82.44223735354423,9.374109396628983,0.540270720405958,0.585420319198976,0.29170448069794597,0.09920652004779784,5.850863749941178,2.4693156216367664,2905.302242399088,113.59554445827627,95.05863821579318,111.72316968466767,441.503800951692,103.4767229798949,66.2329168665144,495.7563285443403,324.58777324658536,71.31852383258233,106.09590084564744,357.12181016736645,193.9549412245363,63.96582408804728,121.60429932419663,517.6713102238314,144.69669501408708,96.08618565873977,51.92029727405822,140.18151901576448,201.41292965909562
43.45170854777538,34.907842581341704,4.695112626350979,2.9649096759569837,0.7919396983648805,3.2373380333446304,16.90888461522323,18.874311794048104,5.292930072945104,46.780312665391236,502.8320502394209,22.80218516022951,12.865614973119568,3.366529429590094,5.544646258080233,Working_Constraints,Ingeniería,Desktop,Fibra,2025-I,58.43873892283659,113.17943119553262,27.865013260934028,0.32766920821449236,-0.3114721397045966,0.6306927221444343,0.7030751445725777,6.5919850373472295,1.7851083745332132,3936.3901342388945,69.84724167493387,78.21932970904942,149.26360406216517,349.79035505780564,97.55063219508136,79.87847646175635,527.9605305317282,238.4231002177649,67.66835065855149,108.44282798946263,418.25365088704854,216.40466864521866,75.99069673096957,115.22457151887556,652.4617465864245,181.16356533883163,101.1505062560517,59.884701717012284,168.9620757168637,244.67403472705303
71.19248350441461,60.387503370148245,3.018173218799427,2.521723122410802,0.9608003257693416,4.896312368919235,18.162674999762082,27.40256120435269,6.428724824832142,110.40938671860887,397.1241646151709,18.348074902863672,9.998784686105703,1.953022364361241,2.958906434863052,Working_Constraints,Educación,Tablet,Cable,2025-I,79.02223931880597,101.9508534312458,10.295858498571786,0.9451491864367136,1.0718514844740912,0.5155651932603875,1.4313220341213677,5.093411382498704,1.6572677293696303,3852.9817601653417,108.19618649067388,105.98757297369441,158.78720596758762,457.95544715773946,85.18647921203858,81.0475811063301,484.87897231012124,215.83452433321088,80.56043337576641,123.7624913069553,443.1613214769475,257.7038684718933,65.91535984602288,110.41713704824035,591.6229477507367,136.63395469837707,93.2655396152093,50.5154170359572,161.93410027141368,178.8434641200116
60.042303198802756,45.62016506334049,3.024094381812035,2.438416990492553,1.076766985508354,2.6266587601759963,22.59676957483955,21.063196711311868,7.162516009892099,130.77611030586567,290.89706644440054,13.64063934660997,13.496560221077726,2.9056203571174306,5.737171910570031,Working_Constraints,Educación,Laptop,DSL,2024-II,81.90720614932782,84.68753879192343,14.072548535555367,0.31316514158994563,0.862247115444255,0.8697842315651222,0.35439328702372064,4.7285688670135055,1.989986762223787,3722.7382270799735,71.49690222186443,100.89123409695128,124.38574694537522,348.5847388179624,125.80970803931051,70.01972262620765,518.4898864094791,321.3554727954777,70.93659820415925,118.42022242226277,415.71415738952567,206.51038796139915,64.43993047418887,102.2748986935387,416.39162653676476,123.75649784383629,111.38014876332271,58.338659162321946,117.84213526014028,233.68334903201088
63.15768471060129,50.20402927755865,3.6369438221058807,2.26978845442928,1.2176329476111292,5.2553288805454885,20.14329135648081,27.48596666591304,6.613267429936237,174.25290096854238,241.20693986315578,17.67424977951617,10.605284395159352,2.286097352971921,6.932867487456851,Working_Constraints,Ingeniería,Laptop,Fibra,2025-I,61.979197290385635,91.88614852708827,3.507920865943367,0.07293399236813261,1.5276563886145396,-0.04560469771378323,2.208839807235023,5.169436540724609,1.530388575872945,2906.132971850553,80.30336067230775,109.30601310837545,131.8294748143201,379.04083055688534,118.42039578491489,79.22078607831486,529.7417002381476,343.188618295977,80.93930960955096,142.84636301722787,420.9443743411603,294.2597544872044,68.89683115941969,108.87224476551424,533.4604865280525,144.0584762161273,129.783383826662,57.77088484202504,195.99871775166193,239.06551258130963
50.24717567921551,46.44428183565414,4.29681732974537,2.9294149333210067,1.1244969835177756,3.901480026506964,22.492393603503675,15.309379679274722,3.2867917805952223,244.81934405475064,367.60763962624065,16.322047429904885,10.938124090515704,2.3528849159836693,4.959058972258457,Working_Constraints,Empresariales,Laptop,Cable,2023-II,69.24199741707763,89.77294341390079,9.022504315308597,0.6031608603637963,1.9621178838193825,0.17772139469957227,-0.49338491607727797,6.271533371222314,1.831700603447787,3151.8559527579373,95.31411310724417,122.5110294876319,134.91673123068304,479.4380529010259,83.98780349336836,100.20294815549775,514.4393225206596,373.5073950316368,86.12821559649346,102.83878124199708,444.49539763389964,224.9171042102982,84.58507438839065,123.80220177340652,830.4158251827605,158.78511769481392,99.90424147540257,68.05035585483706,188.32894594671305,246.63768737610593
58.36220540815878,46.590111080911136,3.7882365341970012,2.2418366827728007,0.9194769290769379,3.455861902576494,14.427301726540058,25.964101316171014,7.34206620531787,141.36774458123966,759.8448035114488,10.434434962842374,11.346246998971733,-0.4192355306990932,3.881433844385635,Working_Constraints,Educación,Laptop,Fibra,2024-II,82.90838255473119,123.55709526613352,23.524259294727724,0.3696531402141898,2.199782185801757,0.5270074711894389,0.5552969676467634,4.128418420678409,2.029429012894317,3653.226424269035,85.67426633172845,72.22413628016609,106.90264489822778,366.3011780493472,108.29544252847195,102.58536569025486,504.20155621148626,413.4303009516568,50.48675121625863,98.41660073985241,445.2392712548977,219.7473451529248,62.30212161526562,92.69357332703139,567.1563679207218,130.43441973175103,107.99773752503704,61.13538236201117,144.34949882015826,231.92955044708032
50.731295042784694,44.81803316747425,3.94422456991969,2.4995351796925056,0.9307493627555103,4.00169512793808,13.924782771927585,22.548929779012333,10.16477380324167,237.30325715051865,483.94621870157624,24.830218074391524,19.456364899370655,6.529986221144897,5.567355301633151,Working_Constraints,Salud,Laptop,Cable,2023-II,70.14206127635558,141.31934486539615,15.674147127489574,0.5297722584138044,0.8402977464467952,0.1765473623643617,0.8088943287569171,5.876784288933603,1.0298613750123633,3798.089526638262,64.41704666644688,79.4050841002723,125.56967630113964,338.501236247671,113.79926175664166,75.18723027621887,614.9959297619814,332.38010393364516,79.19433203874344,111.47207056096092,446.0561592455502,210.14191371468738,60.607602463055166,116.62182686182814,385.41683414936597,147.90211427840904,119.26234863294353,61.76470547075694,146.8958103586577,247.3526668072805
29.509658308124997,42.26915952015771,5.772865869420481,2.3424893624284793,1.791725800425024,3.323015563760374,21.262332105997142,28.555074858556722,7.535688935278181,173.55528729960963,504.56457139024394,14.669957441925002,13.533742281476963,2.285630160537444,4.258936736632315,Working_Constraints,Ingeniería,Desktop,DSL,2024-I,73.78861343173466,102.36467808825174,24.70845943034684,-0.1834888738443206,0.967778242272663,-0.08203330972899184,2.254651070816523,5.054566574432453,1.3206601131734472,2952.4008791792144,94.15585298592566,109.80913658826864,128.94999554385592,356.6734366788602,100.00855621216526,74.64732963213378,614.3038321555284,332.2551674115374,69.44225897694226,82.54285889179693,336.1397784412215,193.39464696919657,68.9915265653983,115.49651555894597,467.2421170603904,145.15262785775636,120.56608133201405,76.06687877786248,179.40899708017335,256.787219645676
10.524881504565961,44.98151846543844,5.377397582436813,2.1467922407343605,1.5381669290260558,4.75799213617956,18.322987914821972,26.506048631390826,7.065815798732324,104.86076937747009,415.16621719837144,25.68962818830472,12.736136049663541,8.299223347858154,7.70782910533909,Working_Constraints,Ingeniería,Smartphone,Fibra,2024-I,66.46910116633893,125.88258131490223,6.422967951549013,0.9383470042911823,0.539267311792492,-0.13836204348016815,1.7480225000248977,4.292446087278409,1.5089508306372474,4430.553790403966,80.60650076158424,76.43235974640301,109.25196471355352,332.16272734876753,101.39090483714259,60.33929499029894,672.5083061659714,360.6607976622173,50.52420033135306,123.35371820126431,329.52358040016406,246.4736233385236,72.22267117146563,93.10685842476441,569.9622133979462,115.75968180753229,103.71403833725854,58.33190576639361,161.1909897797945,234.3815526280368
43.54297960269239,44.65951128867202,4.07092384719536,3.110032358815073,0.9161187782151858,4.565637515242101,16.911650456833858,19.95105129013621,8.168423084345093,138.12898685836691,449.0197648010093,28.531325980885427,16.327947236907765,0.7820818815547497,5.121300062988635,Working_Constraints,Empresariales,Tablet,DSL,2024-II,75.28407367724172,103.25444837796533,9.18877410420378,0.19213764883183973,0.834557946098452,1.2760120781893083,1.2490474303568013,6.177506601980433,2.0780850581013732,3427.2706630403245,67.75383118804915,98.47175711175444,110.03132080728462,350.80408006372386,123.64338097823043,87.98221549306906,564.4980878595252,372.9494198220311,77.1613620201946,131.42185791362454,369.47157896182534,249.05807791050822,80.73506161797908,94.8644565406578,583.9890783873159,185.1379677568643,101.41479924129575,62.878238950691525,155.27029142716506,210.36151741830196
54.636837346481116,34.87674231367621,6.145451476287329,2.21426011411207,1.1645472653569076,3.1025110915888687,21.39236370853419,13.326528736096009,6.827258398534043,212.5381765527981,618.8078913889441,19.62612988180597,22.48261824902877,1.818335323285257,5.1597688702611375,Working_Constraints,Humanidades,Smartphone,DSL,2024-I,67.99245179383794,89.83174596689321,11.255745934933996,0.4260259768107102,0.29646252927133476,2.136611930806661,-0.11369758739111419,4.070743255624881,1.9275926932270686,4010.8733047285205,94.04014821046847,111.92929370408616,145.53745682011794,472.1333107076979,105.86853425400119,84.52506928698372,735.223561092823,282.07765856182164,73.10720115801254,111.69906418910591,450.9394410588947,232.9574097726144,87.11538382738073,105.02962907949534,587.4460071153901,187.00877153077255,111.77228623159046,63.02690475324204,201.378965435675,235.30663963794328
37.44686059186954,44.35790955557492,5.4210712879270675,2.3321704635509657,1.3052274620356152,4.263100707991498,22.42092709906446,23.580489189345887,7.470672241658379,191.36416374836398,476.72955393706104,22.086042802333676,15.70065886037456,-2.5332046711811484,3.220940378354449,Working_Constraints,Educación,Desktop,Fibra,2024-II,80.91781757391816,135.16593084978456,24.424342159562975,1.0079288271761837,-0.4587867850905093,0.4747608423587303,2.0206992637931256,4.629100253285671,2.099425276206047,2845.759751798916,110.88428480520912,127.97009822467581,136.8383865950501,422.70872620033794,118.93429924732615,88.19655808948984,531.6716651105389,373.4361159431007,78.23670802779539,114.69355411824101,445.93149762223703,255.58297723710973,72.01386361684308,93.14865421647086,697.6090637167432,136.71527324595613,98.64384449953725,50.71099660545432,132.62930324915885,247.32782651397463
39.88235703429253,49.011409638003855,3.89771764280672,2.18684305477323,0.8619437521461619,2.8768819820526894,24.665239496658813,10.748560829751554,7.30628578477803,171.13530434393232,475.8948520548152,12.586053444762157,10.755202945374311,1.5787843371236747,5.147793551400406,Working_Constraints,Salud,Tablet,Cable,2024-I,71.69159679833696,139.65575537146918,29.10920663469662,0.20249802372905393,1.7260334656579588,0.07062826843384346,-0.12981195878117457,5.138963973007172,1.1362624435423156,3622.4337814522514,89.97977965032867,117.09322686933038,117.04391207675405,429.291769029143,80.28088073844218,64.96374342614791,405.27002364253235,308.42431107461755,73.68532492120518,104.0651978185822,446.9584819600486,217.1892199499463,76.8359049375749,120.83564567609442,750.6826845338206,159.23678633360973,91.43339786588457,66.15786465430932,113.74105076204081,184.6703225823734
45.827466483810895,52.28209142079425,3.8629937479444187,2.539950522106844,0.5006078013560554,4.221893116083183,15.959494625757042,19.371084024007114,7.226154342022593,166.90251228856488,355.0598988217932,26.80294248140171,7.885174815253965,6.4958387927886925,6.283664207346713,Working_Constraints,Empresariales,Laptop,Fibra,2025-I,76.85594040575103,97.58640631887786,25.38170838889188,0.7978178371593435,0.8895352484659726,1.4224931573083062,0.7247464311549461,6.0822053628998365,1.399185410991873,2840.838766576898,78.56335577111925,93.35373197179482,102.76608588688644,359.61728744589,86.9346260304259,70.67694851849784,448.650535579956,326.1140427611615,64.23576744074809,99.37786594454666,449.75514842580594,219.66863405409134,69.66843755173035,93.52360802351869,508.6118672316477,129.48387098478005,81.23986984269517,55.08926068188039,152.7798135735045,215.1167380198416
44.04001153103164,45.76827894911332,4.7224257200054,2.9324700191822166,0.8916721923234675,3.0369782364644826,15.262875252769163,14.042305779507505,10.70888282763505,97.5972748406657,687.0085980339367,21.903934847902136,0.3108290369330966,1.5901689721508454,5.088563777843177,Working_Constraints,Ingeniería,Smartphone,Móvil,2024-II,72.31655256851344,97.10089186267294,19.059478787320426,0.12444422192337623,1.3082123885428194,1.4503329331972257,0.8535457132870969,5.807676653460613,1.4567199603193104,3600.859837866247,106.6626141081432,107.59348040445398,141.51374315550973,337.86182033940054,86.04819841822788,93.16474476614673,526.2612148639212,429.463008435498,84.40720079958948,132.96965892212972,486.63259261299936,238.75019311412302,69.20730622572185,105.48146734754278,623.3160793360391,100.47106130258345,113.12243414521656,71.37711932685562,192.5979573606813,263.00357261353366
68.86668166486933,35.32444633450755,4.738820147632534,2.075941323326777,1.211793564530034,3.7455742488472423,13.075267683087477,15.03273876684754,5.953036452161841,169.80970602539398,593.0755228424955,23.059297296215234,19.251750778474644,4.7753268900538375,4.44868401615336,Working_Constraints,Ingeniería,Laptop,Cable,2024-I,77.57999774139543,100.3056805436307,30.166212195504855,0.7592018004961587,0.7969588679157467,0.39844619706994194,0.6484825236807679,4.621659387420205,1.314387456970922,3770.674287572441,61.844531136474764,73.500896190091,80.6623494275015,298.5425700383834,102.38631752169918,88.02157482315738,456.77818177508584,321.9538237318843,67.3399170901386,104.60741302262223,333.4716734390936,236.672479322022,71.04853538322946,107.0635656296209,559.3085561226247,131.28385503990023,102.1554857575377,54.479946696113345,135.64029691147283,158.6597425463463
39.6208759626904,45.73644864158483,3.6584667899464396,2.588696328255239,0.630732770457928,2.6683905661824023,12.100279411598057,25.05829338253683,8.607293072373372,191.19573182015273,580.6759311636273,18.04668969536743,9.495746960146064,-1.465462566345404,5.810996983270633,Working_Constraints,Empresariales,Laptop,Cable,2024-I,97.23461750814641,111.45917572394357,5.7279279608481275,0.8715509425667178,0.40384889791245504,0.3656557959879677,1.325573415231245,5.997749917687546,1.5165160739598815,3803.97460195047,92.31861751669601,71.7018203029628,112.62899080674978,363.9928401992744,74.3026345425116,76.08203955086229,390.9661675976603,264.4625646285051,76.26055483374526,109.39651249088436,430.5943544871559,211.82745206494573,74.81666588837238,106.49918985977766,720.6075163437948,137.25172074564654,76.40340491044256,53.4327471984952,97.94536172451151,157.57372591452332
51.5535414741501,47.09311346423262,2.629380701054925,2.0809554223417273,0.8232801700372595,4.11286634040772,20.269404709263274,23.793409305710927,7.611420921457405,131.20709501171405,441.38960472421434,18.71480008337758,11.458427069576924,0.12725400238559859,4.983424054692709,Working_Constraints,Empresariales,Laptop,Cable,2024-II,97.73113129654746,116.42159072560932,17.761113930128282,0.12346998430790104,1.3816950432594708,0.06753816389743761,0.43475743172483117,4.738439755197573,1.501742648113809,3137.648122454846,101.80241142087584,104.87246430975037,127.78018094158739,449.4520328773537,88.60718557892744,81.84437651168034,507.451087448693,276.5992929455561,75.68293362789156,87.08152946072828,383.2245316605903,240.6903395233737,59.318561329069624,85.6696581008478,560.4599466978055,139.5784697810977,96.61485929277639,52.95002573725796,116.28747333678338,187.74790826381292
43.46760144855325,52.28934389704069,3.58073217666099,2.7647630857766967,1.3460840692310463,4.570701764505004,22.617764092048613,22.426437126602448,11.090664881533785,107.70418623755252,598.8552466099891,27.651747313493942,20.90691664104272,0.4248179229770823,4.990048391562354,Working_Constraints,Empresariales,Smartphone,Cable,2024-I,61.644636609091776,78.469984482668,10.352961435068442,0.047713772916668354,0.03829697369735369,0.615096532916905,1.9373929318510053,5.754502952622333,1.5803823876718959,2564.3425632068174,90.88259052256458,93.85426713987606,91.38038711136937,364.1925929480361,100.74015182232714,69.11878892993661,538.9843600549801,329.489732084576,67.06471258135736,115.45234596352951,410.94640354003025,222.01798806652346,71.55272067812807,96.10596035563091,763.5243433981304,176.0776604704919,110.58363413276282,74.96001163651465,169.83802245873784,205.5768473608522
50.02674348328913,48.50093493815511,4.13623359815648,2.6674776654803782,0.6010741609662589,3.704582936764774,13.472006032811363,20.637768156045933,8.366506010143521,174.65758134678464,381.1699587996303,24.868283510876353,10.047454166647013,2.3527249785214317,5.255353291104983,Working_Constraints,Humanidades,Smartphone,DSL,2024-I,53.805935621829256,116.88407211088473,-0.4617662053088516,0.18143852021215887,1.5863193213723572,1.1185712539306751,0.31010732749742814,5.38133735356887,2.4545666028395203,3710.7875903647864,89.1619222507586,86.97803662579173,118.04547456181182,309.62009044012837,82.88086473999164,82.57533142321266,524.8387742712715,297.058229292296,62.434971178540835,107.1118958342648,311.06988844347524,203.27985952779088,80.70124503168054,98.58611652007706,534.497179995154,104.40837229897319,91.19141835514566,54.1207809675029,140.85046551793323,245.3379475553534
80.16749095829591,52.04806593567069,4.172497210874728,2.5328748367028227,0.8991085700778283,3.8998920503317196,18.121198595543053,9.341041206136676,8.22456527687654,179.70482293364205,479.4332365595616,16.222005370087548,25.920986454155035,1.835518331143285,5.648297546512226,Working_Constraints,Empresariales,Smartphone,Cable,2024-II,82.17111165530751,108.65826889218701,12.81221255901825,1.1653952237576728,0.7472370433397978,0.6106721965844788,0.5454951374684236,4.313289387237946,1.6920882973215012,3329.7078648479737,63.90678579504704,76.77862972207761,86.78928258086408,447.4859693264136,85.50473279249604,68.78457878495664,372.8285160416481,259.59706244550597,70.7749034697397,130.6698345982669,479.28406350928617,239.96445940306518,66.14030959263015,114.18664484415712,567.5446154274538,100.61664275943343,108.58586678105259,57.208181090478945,175.02994867838154,227.84664243533328
45.045042890060664,47.06194854645747,3.8332503837699123,2.334516587684897,1.4295095390786214,4.404631149390234,16.40867852971398,20.787987781475994,6.945031283295024,164.77786287047547,595.0782155850927,11.748754208840188,19.895945349274086,2.251848621226656,4.552866434067298,Working_Constraints,Empresariales,Desktop,Móvil,2024-I,74.19961424552137,89.81581069305422,1.6199124779849186,0.5321350774894082,0.04664795072589778,0.48214387539412307,1.593271624842956,4.677808841282667,1.8496293300210538,3333.1249192066693,68.61180175426753,81.37287198765007,121.80552965518524,344.3226105190518,81.2077639333084,75.37261226362261,537.8725464716475,279.1021706979991,70.79490614258532,94.53484803039134,380.72262904508545,255.00705881180107,66.0511130341813,114.41374682705127,500.1892040231466,122.34929090934192,96.93008714550649,54.07245339970008,139.1090903927466,188.59869126626182
78.52614828619842,46.174223222303944,3.848819328815201,2.239396360221986,1.3379920443293438,2.2711399643425425,19.71079307186225,16.68229823071357,6.6457188864346115,189.61145985266933,323.37325149358793,14.637697384978383,4.364184929856249,3.3110725279517466,4.511250578383703,Working_Constraints,Ingeniería,Laptop,Cable,2024-I,76.04009832178419,110.10522945560949,25.60691415011153,0.9216042250614902,1.125137065935797,-0.07241896184163409,0.2102916303176463,5.2147435775169715,1.4647924922254663,3057.7279026691726,66.39670819863773,83.72956195443851,106.77026008532228,245.46872304735325,91.68027728828622,70.83908048450175,530.9601585700134,284.52124145696524,84.65569826590891,112.74707602970967,281.6389738866588,268.2424876415529,76.7652450914627,126.8516730650731,611.7481391714366,170.49700016522354,99.96731165721623,71.81545340006156,143.12284728044588,227.01412431744077
45.02634791591672,39.98716357253119,5.540941400592647,2.5024389767137705,1.2654959091028306,3.974590711816049,22.08093065484194,14.161399995517522,5.59930858386204,130.01043797555417,386.30433742257634,22.888641548111817,12.831553677776201,2.2199926302814235,6.013755193743166,Working_Constraints,Humanidades,Smartphone,Fibra,2024-I,70.34949663321554,107.22152884201,27.223664993730402,0.3395444290305894,0.003501077082663756,0.1684210625203184,2.098035540600306,5.691474818735016,1.921055117128003,3524.811876058314,71.11540149325458,72.16060521498599,94.4761528138106,257.63127650387514,116.66091796428879,70.75921593143788,554.1373123211363,238.26868884415552,93.70881168566024,133.42925400204507,503.1676443107473,247.9746337870139,91.44843840685057,91.65704631044719,699.4883215094712,175.3573996849389,128.68978134460122,64.77502913145213,179.47958696525674,235.48757096871248
46.53198582767975,41.15673209749933,3.5393866534541782,2.161847245402295,0.8276545475313619,5.356461849020263,20.058509946205117,25.431738340476283,6.165428697013946,215.45846069106295,477.79465463743225,18.987170142463476,16.525331033853636,1.518371072105787,4.725968304184503,Working_Constraints,Educación,Tablet,Móvil,2024-I,76.45004830138275,127.67487465349103,23.82762624395262,0.3289885800581708,-0.05416476104820715,1.8509893397840493,1.4202018195555974,5.904316768857865,1.2032043198855271,3554.6967768986206,95.49898979236895,110.962803326081,126.15076156719653,366.12838177183767,116.39255646485277,87.72336140733297,634.8720110784967,342.4728716069094,69.21751700507349,119.70384028609442,361.3311721906937,228.22194072554387,81.95719045384104,110.39001062094043,558.8532234483745,164.44183611298251,99.0886244570754,48.637198540209496,155.4646378724287,191.71918859400023
54.368856050072246,43.268180399232826,4.533483646851333,2.561977058590155,0.8218694390393383,2.506705742485218,11.648294088881215,21.506956541393006,6.434479934776737,145.72891818020102,555.3388717365638,16.52583321236649,11.382430648770985,2.5498002887272504,6.38121015072721,Working_Constraints,Humanidades,Smartphone,Cable,2024-I,84.62825848354501,72.01386824018806,20.03048517092415,0.06099558903529889,0.5016505257555016,1.9982925575154322,0.26167922796963244,5.8130359847809165,1.3580853456014734,4123.838051181183,97.34856005343724,111.81890183894679,131.1875211700482,340.80027477538374,132.99665842598415,91.11663301262303,748.3252789748946,398.09469411379223,78.94694089184706,128.63998330124465,498.6340238754136,262.79962140891587,67.96062119473886,112.57370322540584,406.3358164485353,170.328431009234,118.87434437126211,62.83479190944682,173.50241615272236,212.22174491219937
48.85885751479118,46.661700055899274,3.067096075878767,2.089241631483658,1.0117812191267097,4.136229503553715,19.075539688817,17.51349369962948,6.916444857912104,96.77617009575069,426.52211957589867,25.73766866527716,8.067086215824405,-1.7656751001110267,5.491207411500521,Working_Constraints,Salud,Laptop,Cable,2023-II,84.221374479333,114.55031438404839,22.69610148918311,0.6480639836389559,0.4464947349514635,-0.4031577484146642,-0.25203337165282236,5.038372878538155,1.691306094677329,2488.5085139516013,87.39694217062903,77.19727407797309,116.03293675786541,357.8119188171472,108.15683205274073,85.51109815534203,535.6504665519627,350.5175506433331,79.94165955153966,113.38639965466889,448.4574712616477,273.95350386120674,69.39780533742568,95.73150018751492,489.5843078608038,122.29561506080316,89.78393595397058,60.81647971702722,133.18033456296024,181.02743008224846
44.46741254315,51.74155397890114,4.346278947281223,2.4492350914375645,1.0351637130028608,5.641319216070967,17.59224508345011,16.886593875162202,7.228299863966202,77.82936035462534,715.2157567498725,17.875642343050217,3.8519299698331375,3.00003427746884,6.353253609208768,Working_Constraints,Empresariales,Laptop,Móvil,2024-I,73.03113258685022,111.67908690879858,20.350704974167158,0.3946265786159835,0.30203671061923276,0.9774759080479485,1.4746568657466084,5.0176542228707905,1.7489724198772119,2862.406599626987,101.42059977125321,104.95716178422606,146.44297108322456,396.5206694218647,89.07809414924061,86.2723218361171,615.6632599759838,298.8426203703665,55.25765609271226,115.94071656636027,374.4621909957474,256.1243161215935,65.92382671520397,105.1169352417813,489.5766930182914,128.6782766563269,91.60715334797051,67.92335523200694,143.09488940855096,230.64496876607316
74.77082398334306,50.46083309424546,3.2626961998117046,2.4512203490065594,1.9218779775931334,2.3465721379464872,17.72076335062506,19.027330341877,8.55750075344294,130.18289836330825,296.863886109477,17.36659069497628,22.01751529368131,-2.174471372809472,5.303711289838114,Working_Constraints,Empresariales,Smartphone,Fibra,2024-I,69.92105146529755,68.75023445072759,26.830079041975683,0.2862134915194254,0.30285280335159775,0.2955807225139635,2.0612774134462097,5.074876505820092,2.1685970170458253,3817.3750027294886,76.70341065476399,90.16854975001016,110.09328132579539,379.3636715277532,116.18031580575676,75.94005231657165,789.662764289377,346.7755973265595,88.41364387512874,100.95667240085574,383.70488067172045,243.91191648711296,89.69889516594209,106.00123991104705,716.6389176197218,169.86778156884048,107.01633752719978,64.3026515548696,176.00671147808984,222.5178005592493
49.534453949248444,46.76622955123514,4.4806437764827765,2.528603922838231,1.1537199856181433,4.532818097521643,18.61342690604487,14.848587305869954,4.909118459759874,155.4232773523799,612.2063516106941,15.389795530774311,5.290412573924941,6.211513290521426,5.236067383452993,Working_Constraints,Ingeniería,Laptop,Fibra,2025-I,72.65545226864374,76.84348430708158,5.076700434234274,1.268138596288497,0.3526930989310596,0.2154948102754648,1.696295958191671,5.026371076262043,2.384948816781213,2400.851290646213,98.10947409242698,81.01335576496766,142.32607121433784,337.0655865995543,100.72249656509234,84.73622279702116,726.5229564459759,350.83514147304226,68.30635531779359,102.20922008282767,435.937082251021,225.83215842302448,71.21469832392471,137.45859939441024,600.5692511100278,142.82971125228642,119.30338724262751,73.46949674647733,146.1075494820582,195.24516604520636
54.41766248223039,50.67951234577254,4.716954001903563,2.7999162028399605,1.212165190516718,3.4148272120380927,20.87545160159643,18.794754754950727,8.596021475519777,164.68032612414638,492.81961500260593,29.059246823934366,20.599694570130755,2.334524104688124,5.41173029243522,Working_Constraints,Empresariales,Smartphone,Fibra,2024-II,70.36250518149107,86.79493265788786,11.999167487473528,0.16945956103464305,0.8322011609541196,-0.26474298314478495,1.8134987711511221,5.2785604310580405,1.826751654105513,3193.6299937990266,83.09515304357888,126.18397932947266,123.77720329711758,375.3091918248566,86.44821812455162,71.70570601727896,542.9452367963614,321.80563266165257,92.69928807652197,110.91484679797651,538.14844311826,238.97905988047657,73.7803096156463,99.76541037414921,587.8826214988394,149.60969079064589,110.81636033156997,47.47527952977419,180.09830637739168,213.67180464635626
43.74431632105838,43.529921230100534,2.908551443160989,2.6363369514692616,0.929268542479148,3.7594368599962538,20.073287197963968,20.078519819573508,8.060906016659388,136.53403129097046,640.851023010246,23.9288601781609,9.608103619029798,-0.6417386049171611,5.282176710658908,Working_Constraints,Humanidades,Laptop,Cable,2024-II,66.21842354474356,128.52168385977762,15.706390123936462,0.1841156376295488,0.8304842477097764,-0.06295180503127693,0.8674793591882924,4.943200118055539,1.9280602912261637,4850.14638922617,91.70240284311689,91.97986995796835,98.73192929507904,372.92944606836124,75.95044989053966,76.68933859707094,424.37732465865724,315.4939378173145,65.20169544255,89.82243684781227,365.8998812762807,193.19374898440734,65.57074685524566,95.98658945594296,670.1742263257077,101.33075772978735,106.67174313490706,60.272498622632085,156.83412624189475,245.76284412486487
34.58626052418943,39.809572672327754,3.8706380464792467,2.268433638457268,1.5049861351480263,4.454358553286681,17.700286137813382,18.544422577587692,6.233116522323531,125.84888230982246,255.74470349051387,22.52237464750263,8.971459963973153,4.636550042070732,5.2651779843941595,Working_Constraints,Ingeniería,Smartphone,DSL,2023-II,78.4813990208646,99.94033863406402,35.33660735940983,0.9861592275862716,0.9708557678160891,0.9529790834121965,1.5427396350788123,4.8292238233678075,1.7189130051487054,3438.5362897728505,83.52107468244276,83.10366420964291,111.89797701589922,386.6553518048544,105.09285515073239,80.10028033947633,565.6978517944862,345.49702609510183,76.3685326802542,95.68228088066495,356.5029874604371,228.24526738986305,64.33573647453268,118.15280223229782,519.1652976825771,129.73619403801243,112.00905335204175,48.70648205361686,133.28841124632586,193.25801797174552
66.24053345372256,47.57715491529381,3.3715787401955555,2.4894202063150805,1.09456399258183,4.683425762623678,25.574797236232087,21.107135123676702,6.614272619038102,129.42073332248606,257.12031598413876,23.25878390004699,26.79380409877265,4.411431989448974,4.986853144048818,Working_Constraints,Ingeniería,Laptop,Móvil,2023-II,78.68501904602829,94.45677003701579,25.64756649534092,0.8667094952534325,-0.3288573583129174,-0.4322058756384217,0.8461099119856786,4.618941252901468,2.008710773195774,3963.643633517679,58.709519780916985,112.36621371716707,94.53276769583937,371.7698849545813,115.46870549589413,84.54111383372926,661.371300424771,321.82080336288317,74.11086407431696,89.3993924791676,415.71021878491484,249.10910587113972,65.52463522013969,115.6959613525907,452.6130041990634,140.8761599643461,87.79052853800216,70.13551836536324,153.29272413116826,230.67578921417612
18.32957468080815,49.38713690460623,4.552035566945835,2.1646457749340997,0.8719455397771507,2.8250074184330045,16.853808218842794,25.14154146270298,6.794574846654471,162.5083312688175,494.5154612948243,18.176932888863888,15.264828051731593,5.648306703271653,4.778184730316916,Working_Constraints,Educación,Tablet,Fibra,2024-II,94.36288267606592,115.6946681036302,22.937397136151723,0.09322984162254298,2.2807225519109973,0.9649187359408725,1.536935830341503,4.275798289113911,1.8725509830420848,2696.7297366061666,81.87106761609823,83.25524409235906,114.90224475648483,278.2172044745153,94.60076401165846,77.50200111904586,595.4856537127916,306.28941440830715,82.35189146937344,101.22107440100986,343.68788457995987,211.78019451397057,81.28014925544802,116.86104428839118,547.4927032694604,189.49750153390232,81.06521960986382,39.08539042936806,117.26558538905518,133.8623906596342
40.80346928264989,40.64718859549687,4.812687451091484,2.779823653432411,0.948273582533802,5.492088792437052,17.690519660721,20.81311461359957,5.8861252093106975,113.56712232213934,281.99860278117205,28.17915333256387,18.2299170511853,1.6892276579271595,5.46604248312568,Working_Constraints,Ingeniería,Laptop,DSL,2024-II,83.01295939514803,65.22993123245058,7.6112815161769545,0.6314706682917939,0.9688075691717914,0.7517146547130726,1.0456151478910363,5.290546149082133,2.494295317816751,3971.3979014019446,90.4916414109274,84.40779721722548,92.32102461448596,369.78705911651394,113.98161510158444,61.02574386074301,644.6268587899585,269.6824151092692,80.44329919630947,96.52472517009566,373.4631448864678,236.8238530527823,67.97072393943036,114.22249140473181,726.4072788592971,132.2461917445521,110.01791945837142,64.88109253633435,196.74311589561987,252.47807626880757
30.240517863026007,52.000712915357596,2.1027580747549983,1.5819216929508022,0.8360778052739406,3.6792466124960326,24.166636390780333,15.217267381263156,7.177642815583486,115.50605367576074,245.2224684437918,22.691782900131564,20.945613147359854,3.960504427913453,3.05941883144197,Working_Constraints,Empresariales,Desktop,Móvil,2023-II,69.15535670958754,51.588881241987494,10.038204313570553,0.37320128859976565,-0.14959100609638898,0.22986956054777866,0.4074529239533816,3.1097812562546876,1.996153963704315,3400.1988138418296,54.22122323982916,82.02338005384756,101.56168940883467,291.8234378129837,63.46669884604785,66.16185211392649,390.037185946021,345.23720872874867,61.24124159248525,91.88555807202646,262.8928136923597,184.14152634423007,63.99095386615572,99.0236105613094,316.47653517834453,138.24091364693427,76.07866338041875,53.09527936197315,109.97533967231163,166.64026704476026
53.223614294470345,51.625711470842184,4.252028223226679,2.475686318269325,0.5736310584389346,3.8956724928964688,26.137074813266647,14.162547901776097,8.845853493271237,135.32839729412075,386.6800136982079,23.53837309164112,11.533690694644644,-2.060863906440341,4.600526621194012,Working_Constraints,Empresariales,Laptop,Cable,2024-I,65.40053245028803,101.75181048499365,30.843717543063047,0.9512103098296278,0.20047723512706356,0.26562923495014906,-0.28616868104365334,5.752944688264461,1.1376424082902274,3759.6007879517947,94.1182597756589,90.56339969333048,123.5081301704667,321.0875171395112,111.65165157700808,95.09201676160222,547.3046155396447,400.6215654340076,64.17243529348121,111.98488176117017,406.78135238853037,263.4928196452303,67.95195595922733,131.51759387240327,645.0997961406878,177.4579099619698,74.61441404742082,53.62482972694537,120.18253512204275,215.18556907976068
47.969405340289185,46.68999956505544,4.953766085248713,2.331750385901433,1.4177102309495588,4.515808073119434,21.898304732329414,19.227275586764463,9.74674479506015,218.17480563977213,488.56977126736507,19.164225410445447,23.188613770005244,2.198699215567709,5.216565921335852,Working_Constraints,Salud,Smartphone,Fibra,2024-I,70.937468724844,61.52655182197223,14.688416189811814,0.2740578730300962,0.3263989509411369,-0.08591046278409692,1.7799532710431534,5.5635379016966,1.8580728779799356,3906.023393527085,93.20506379813517,93.90145754253695,143.93123158745496,409.96499160643265,103.18581333091427,80.06143333952511,559.7082700111083,234.7190530117844,72.63655593766106,140.4565461141908,398.2871462223543,320.08858863613386,84.46477097981864,126.35964575882068,665.782457322548,164.6984467254018,94.3942947433416,71.67273924582359,175.8059735656799,252.2265445737869
45.117584267647416,59.8037379535756,4.395665510593033,2.0136701002552626,1.2932101712516377,1.963580632649912,23.148275303319256,18.9864200939343,7.322686236234081,137.2331190916891,555.2386661761379,18.458954820397274,10.105433098541493,-0.49924527677661934,4.151081464462046,Working_Constraints,Educación,Tablet,Cable,2024-II,82.16893253424216,75.2462334406398,15.036621420128359,0.7064732118107093,1.034023010426745,1.3134545240842939,-0.23041747048701583,4.510691966424339,1.564216601340123,3338.073722569305,75.23438056916976,86.60529131560759,132.33006949620471,351.31726389734405,101.41407261116657,87.94157230748912,426.23313011759075,397.38300479425004,69.23113961122931,95.55899556941036,437.91908751655524,185.45549756008515,72.98871859629342,104.73714080181252,808.6100476662723,164.85763530448963,96.676608089356,64.97419745906316,158.46585516170356,172.74684798446845
50.996907956461456,42.72608999295487,2.761152748018857,2.44839808036089,0.7066494992636093,3.671397680964403,21.746232628960453,12.158469037269883,6.715901977819919,174.84538125734096,383.2592025830052,25.391856147999764,13.411649951766229,4.332994944085058,4.342817629527765,Working_Constraints,Empresariales,Laptop,Móvil,2023-II,74.88109421071817,109.24551073883227,35.64636217265912,0.0871165503321017,1.4453560504468044,0.4350379401541066,0.567809711332961,5.372769597797922,1.8458729815141977,3876.0249704079774,56.03890756131803,67.62417365268355,115.17277797898953,360.022533148458,131.37557418139554,86.82051728722436,661.4605448362967,334.1746610101997,69.14811141303252,123.74018230239096,426.1149348607608,230.3834985657275,85.95723779304407,108.09558399003701,718.1759315240636,144.67365790021617,103.3515828588385,71.42264505149414,158.54496047215187,181.4070745298424
22.766607547737976,41.01487232719899,5.370763471137708,2.3409941922143105,2.1682425860437777,3.002354515176478,21.333969334960244,26.694248614094402,7.489033226985771,109.47497163069163,454.8942884844965,24.110766430302746,21.525039107623314,1.8045913882872175,7.7402209898626255,Working_Constraints,Humanidades,Smartphone,Móvil,2024-II,95.65881607361635,120.49724988087233,4.793330562152973,0.24100170808528837,0.019773250091994765,0.4922717915509059,3.3317911707540047,4.855010854791409,1.2604375072665763,3021.974855790453,120.35507727066133,104.01861412188697,141.29657444145678,408.23928206068285,114.96997353569057,89.38248053633932,571.2426235792427,346.79315677875405,95.91921106920977,140.06775550387673,484.12235878669924,284.9738014837995,83.41801893666445,106.18684154233785,673.0643639137227,139.5266902185256,127.41672989880198,64.72510044356163,158.94327975438432,240.48293938785898
66.6545425786929,43.467261347826664,4.6771925926821085,2.334267393992423,0.865388548010289,2.5705057806036775,14.01583056957346,21.225493555539547,6.58654656320927,188.46306609981173,436.1797655744417,24.508649233782197,8.15063307202647,4.295021358562909,2.7380477202246842,Working_Constraints,Educación,Laptop,Cable,2024-II,72.02662824495421,129.10587236476167,28.433199824557988,0.7851659611454737,0.7131364322120224,-0.4673877067384824,0.9729094991272045,5.481958985218834,1.696669820226226,3652.423035108976,66.24314053402216,64.85590694943333,108.84443528186894,341.86228364341156,108.75807277844855,70.98690559737582,416.7004178145175,350.31294932617436,46.11225018042473,71.16553620609982,179.22440839461686,193.0716610676481,59.93641060627783,90.36529270553777,602.5210726427516,109.88920617562484,86.41724980981166,61.92360260048597,162.61201510165955,234.30388423398324
78.05508076191578,42.73194178431911,4.057036110905711,2.456597808872517,1.2496535490120881,5.131128000154487,25.804441070957388,20.788140694889613,8.982173116095783,161.98664467056088,468.9321049976324,23.1524798144623,18.35591693911307,4.095845172470359,4.639485383622764,Working_Constraints,Humanidades,Laptop,Móvil,2025-I,77.34457873005582,136.20768897722147,10.74464560512427,0.7032772537907136,-0.20492079507457922,0.27272565309797386,2.0389897474524963,5.616910502011718,0.9539168434251277,3904.8742190131743,110.34978800132906,89.80407959864279,129.84138432221215,342.86823717047224,106.60023416609319,63.83223299314179,588.7867591310124,293.76494638176774,92.87501611678262,126.86770261529836,526.8014058013633,281.997142484053,103.87362798712735,109.86817156717512,596.8501292379062,156.67693814073047,89.21908180304852,60.55858804480396,166.44996065661195,246.6709476210566
48.94878989494984,41.900785139987136,4.688367004548589,2.335468382036089,0.9572606255611329,2.358005552161055,19.570946549858355,17.785462612562824,4.843100642686913,102.16053268675645,439.9311815778997,17.16053936937382,16.096855964539834,0.4921711733531291,7.448220926656273,Working_Constraints,Ingeniería,Laptop,Fibra,2024-II,88.34601039611262,130.26286726086065,1.488739903733264,0.8623058491107576,1.7675862355759357,0.27672787061954907,-0.013215520039595752,4.804070575001887,1.8101159279611985,3343.2252035072306,99.46284502397734,92.83856105767423,99.20459467556103,374.1605039897926,103.56608658660967,119.83734978805873,663.6348310193833,361.9491317776785,83.12159215136325,108.84025906807562,433.44759705037126,180.60029252883425,85.39864795845759,112.35878977935589,548.4922980731436,171.93393902374592,129.17497258448557,75.77434729012779,172.52057485617536,276.5703307107695
40.310602220633506,39.19476081403259,4.132296415072118,1.9644671357788033,0.7531381091039584,4.190690357701403,26.3036437627513,22.36297899580581,6.132926898369643,160.48643537350216,362.658991841445,17.011091521966577,17.048295110122723,0.27280683556304486,8.766986501519282,Working_Constraints,Ingeniería,Smartphone,Fibra,2024-I,66.24097110024366,57.64193210189189,17.706865590128665,1.329028797166159,0.9058427876858733,0.17550363110880296,1.0506440116260345,4.533543285923719,1.5621022759600665,3121.0374292916777,111.87137724704847,113.01815567803685,120.70890323977842,436.1735072108562,104.15217473829613,90.00516300593125,577.3124075884696,284.97163996287605,73.24568770107958,94.68781815646716,390.72147954213534,206.17211986568788,86.47241528117577,132.23673558643313,689.4245155474267,173.4763567827178,121.35039985497332,55.73300099853954,180.9403677763154,226.3482598023907
37.34374248019196,40.54273202922226,3.1150322940353927,2.177532810210599,0.8182646765296184,4.1447333736787435,21.274615998757948,14.921783259219033,9.586222561585032,134.76984763208722,271.3462126047606,22.080105972385187,9.784916486502851,4.096174119367366,5.583071674501656,Working_Constraints,Ingeniería,Laptop,Móvil,2024-II,74.3910317565718,112.87785516484223,5.59618727645841,0.6916292015634274,0.14270655675080812,0.28560131222660273,0.7570961503092216,6.20253143690138,1.2833300105140133,3395.0303075510747,57.633087150469635,62.99963076953549,81.9536486374832,338.2402447649529,87.1227646497925,88.16670130644694,513.9659672098509,345.8144590647579,70.38710944238821,97.18969780250205,327.6550221427304,255.66001217264883,69.39806824058289,110.58672727572122,598.8079103009728,136.1030129581779,75.53164874023709,34.76490063111571,133.54993566837177,151.96093260703887
31.061317054333752,44.21933744446437,4.156886848655787,2.572239982013077,0.8441817347803682,4.115399506905835,21.206434248784333,22.434983601462683,7.562074906466661,127.84028262722003,165.38815889386333,16.40320504924074,12.202776950548643,0.4388461808899582,4.45495461673118,Working_Constraints,Salud,Laptop,Fibra,2024-II,70.75607145928024,83.56652503866908,12.328088299385662,0.754911029514117,1.0080331692082733,0.313103532704393,1.3499004785357331,4.258821265440344,2.6464688316993294,4223.897209203658,77.40534480299355,116.397526728637,119.98202970165643,352.66922074596386,98.46713155766018,90.70376304785032,594.6476504565578,379.27017441234045,81.97338482099934,120.22009151986299,499.54462562072655,215.65839059280813,80.53563421325198,94.17734008517722,597.6349979050912,156.28732343876487,117.28898017460196,65.09888800142164,149.737691628677,241.7755916859502
75.1845086891215,44.17625634852862,4.382829571643912,2.460975798314523,1.2179120488389548,2.7240234422581264,25.416981733713538,16.582952569531905,7.121863319717081,96.62789993724519,568.4397977190645,17.502251375878583,13.338105062237332,2.5019965383266634,4.996323955241202,Working_Constraints,Humanidades,Smartphone,Fibra,2024-II,70.08189167362093,80.1857772080804,16.684246102685815,1.2589664292051421,0.33580784168498434,-0.5984042704247244,0.7098688521336207,5.281587531979183,1.488756076592908,4145.764674901708,89.1678759100541,133.2067392369332,157.24903689193198,454.4518664480758,128.85266258466362,109.18186960200813,644.3927831256744,389.7704562890098,67.62996699882171,131.58008327609954,394.65290606927346,267.4706574859977,61.27673983563804,91.05958589680107,570.7160264789082,119.0585972542258,102.98903582130269,40.57160835353622,170.77330351588245,216.2887689812136
65.75719061672895,55.96793142459628,5.403308925402888,2.9223158445882946,1.2091370530253438,2.0122975282452558,22.140303011942123,21.843271990863244,7.573982851504906,108.96403021637575,466.9902297033139,25.401177975307657,17.600405099826933,0.21420241714795463,4.58505966348845,Working_Constraints,Empresariales,Smartphone,Fibra,2024-II,65.56548683867112,117.48529060193543,2.9760411487371434,0.5345904762628219,1.012858513174967,1.946069726848938,-0.6552821669107629,6.1055745536956865,1.947559036201176,4055.526076777497,93.00001900480987,108.44695393600016,136.1311530176918,424.6719214108235,110.27703367434871,95.29301696553695,600.2204292777382,314.6765630963284,90.84587200072012,131.50423471046142,414.7805077781854,280.5928620988337,73.19234917315322,121.54500548728659,724.3411419429939,150.4877949861647,118.52717883708517,70.82784070054903,183.39433469607997,242.04246890470353
57.22374693170279,51.483613691498256,3.360965896387092,2.7471979888510645,1.410050301761347,3.907706624674929,22.728540956906635,11.699192389166575,7.93282504331148,149.3361919261346,500.7110306953075,16.996612288277,27.073285342254625,1.3486968717382457,4.56858785215247,Working_Constraints,Educación,Laptop,Cable,2025-I,80.82319374522002,61.11027158604502,31.547144279405202,-0.01753208176265214,0.8427543950889202,0.331999645163931,2.3656917912157804,6.772467330966977,1.3552917352619283,4473.85141732449,75.29191546322356,100.54860959499615,127.33074971677259,420.5204396782323,106.63359310044162,68.85150092144318,583.7224696307524,366.8297745910355,82.75201433773209,138.77316822644002,496.97773467508705,285.05632889580465,68.20647886074352,108.48186284017713,647.6247353310318,196.14491505037302,105.8116273462412,64.50659254115214,174.08988719085193,255.8362732294446
66.36788081010907,39.472072263179655,5.70409764548173,2.325969295189861,1.2656395556270943,1.6785485531097133,15.264716475869795,23.563331776562677,8.716002636916086,112.77408190198591,489.8224336853979,22.021641109838193,10.320586753220493,0.009034036769238502,4.920939943349631,Working_Constraints,Salud,Tablet,Cable,2023-II,76.2864989680304,65.85509447821727,11.479156979178612,1.2401875941908849,0.8999181852070073,1.1767207451137958,1.4827977518517508,3.729664579626379,2.1884474041332513,3676.310932109609,78.94723849982108,88.41704063506982,109.94458578977732,343.42378076158985,81.28419979386841,78.37424380240114,516.0988912531747,369.5614300298309,83.81211864729939,136.43881506104515,500.132808530931,271.97345202399185,71.08561312165199,112.70031751600855,550.0203635959832,156.45281613748392,88.40952640061184,62.07017866932301,162.40280399113902,251.52617634199746
51.26879010097567,45.149577038737746,5.842004473601995,3.2050848005650514,0.9571139115247356,2.7788337660738716,21.77279754962932,19.93722708992583,5.684087947260884,169.0446613829765,214.9018646345009,22.66310956601893,12.051799744011092,1.2060455061581237,4.7529272080719425,Working_Constraints,Salud,Smartphone,Fibra,2023-II,62.97833039026237,103.31659235688035,13.537445983183906,1.2890739848896617,0.9480432008216139,0.13820067398854163,0.8200739191821229,6.252954021060544,1.842354897688845,3770.5045537486476,111.97504823697001,127.31023064108163,151.99739450265352,558.8345263545453,86.7871501676538,92.48435909675939,583.0554286694305,359.6449658343967,79.35865737241348,114.71389584355413,400.8615128090997,233.01484459621332,75.43945422650768,113.01888257758455,628.1998879292146,145.48078790813787,99.95306028426906,55.24519050796187,176.1781860025413,242.24938487778246
67.69625828820487,48.456642165804,4.108458384010424,2.236812205193922,0.9307370006827999,2.7169706084304446,16.76668051317149,22.457266190465866,8.276264835875862,145.72235681530847,349.51212662202073,20.60064086144845,5.578835444845438,0.26045427955143907,4.7630243639261804,Working_Constraints,Humanidades,Laptop,Móvil,2024-II,75.36799332771817,119.09073460475007,12.60731955120472,0.6758082010454928,0.1294936055167284,1.1015573578394686,0.04748407480794542,4.826833343419159,1.261580759452117,2616.8716446276344,68.82898839186105,99.08984893343137,110.16124533742429,355.13856373267214,93.97418871905343,81.73066554531161,385.577348522468,352.00034997552655,53.684669565838966,108.23637020042658,375.6147691357652,213.5557122036847,67.24466236158237,106.20684999360557,473.86838465549977,134.27546661518087,84.04638505895572,50.66915571906177,123.18563463300917,178.66392763151853
44.004775488658225,47.59492644121128,3.8310413749527137,1.9475936032885883,0.9966935939733814,4.787482134626542,17.961491124899723,21.158714365951482,7.8002801475159504,183.4733060481561,491.48964085752925,27.972305651631626,23.943803660131216,3.7395849450548546,6.363551117254225,Working_Constraints,Salud,Smartphone,Móvil,2024-I,76.33172597218831,99.02089964624152,11.525266523452276,0.08788745461492531,1.75937022564022,0.9615446321420829,1.5102391690974715,4.184858439550673,2.1481241695674074,3198.4395355964793,67.76090520796853,88.71664392911343,94.06183147789984,375.0392380908571,112.19080650823874,93.2236858538191,628.5125525714981,374.0548151075535,65.87188606882141,118.26863634345997,391.50452324008035,219.50091958015054,82.10572627718678,139.39859813311384,630.2065552031859,167.83034715506827,93.15226773992676,57.51911551916802,150.15661312985168,175.03545237691063
62.48898296154553,42.284773064635765,3.3545986591057106,2.371877930602118,1.0358274296108945,4.772868101777907,13.432302787801104,20.84317087969751,8.448813672836017,118.47177236067867,386.8060361730322,17.14957093928354,22.18195412961429,0.2700503633212077,6.8171267441247485,Working_Constraints,Educación,Laptop,Fibra,2023-II,74.56105174476495,65.92641017175146,33.75831245563144,1.0644465781539962,0.36355594985385076,0.3703335430821272,-0.06516760635983809,3.7201873225497426,2.2444021630714865,3960.6586396403536,98.31304169914127,93.71099041863349,128.85731476602376,500.0155319213476,103.61649336850007,78.33849483276641,622.1814118762752,367.4213550110801,73.40861953795097,91.0084969611021,411.929274067551,223.88836709720934,76.58814956059895,127.88466863526976,726.1337933472469,161.30002416981165,87.38920842391774,51.77846606725726,130.2922289126792,238.88860747311776
38.426596920989134,37.27719988680232,5.270698294866988,1.7966029824182523,0.8914184847511589,4.52125075176476,18.35451107925634,25.773246573807295,10.359167608293447,132.36526844774517,350.76867973759425,18.9333488239741,8.496097330196411,-1.6119567628487435,3.7540575547917454,Working_Constraints,Ingeniería,Desktop,Fibra,2024-I,68.2613773710857,133.3786299520473,14.581188530149147,0.24029860452418705,1.9626576640042057,0.5026034057342021,0.6053687092699611,4.813515258481496,1.27532586892117,4154.719076804456,88.3966422915709,106.11836926201154,129.20365748955908,358.1927190404937,81.16831014763206,54.810362848633744,345.7824272891245,296.7874533497273,65.2259107528625,118.64359486392212,410.1888820422517,165.68677456038134,37.60404611614595,91.27116417705362,425.36913416129386,100.93431271005166,108.86691178607398,44.8886776415891,117.40928596062561,169.70913764381598
64.87002918820987,40.20425807887014,4.584392481116642,2.755590431802589,0.9906351628780871,3.5309649969981303,20.641647530910113,20.350915675413734,3.991744973489877,170.71103407555324,414.96713172020844,26.559838564576676,17.869084265842908,-0.35444960375263257,4.854938467966218,Working_Constraints,Humanidades,Laptop,Cable,2024-II,76.5125341981191,122.33194525928691,17.23037071747179,0.37585177730722014,1.2118156537630893,1.9187217287135208,0.09901408173601038,6.353684109683987,1.303190005703571,3005.2916603636686,77.45023533966211,90.62147510763133,123.06933198993148,363.5716702288572,130.13837018698354,92.19089166968632,722.962924289773,340.3319104854192,83.18331574512135,139.0018317893813,373.33769552556976,265.9512734142054,88.71555427572378,116.42994006504404,723.801601834883,157.81272421676965,99.43520564304563,53.80512139385524,169.96547784998177,222.39088291435434
