study_hours_wk,sleep_hours,lms_activity_rate,attendance_rate,assignments_on_time_rate,procrastination_index,self_efficacy,stress,internet_quality,part_time_job_hours,commute_min,social_support,screen_time_nonstudy_hr,extracurricular_hours,habit_consistency,age,credits_enrolled,year_of_study,lms_quiz_rate,lms_forum_rate,lms_resource_rate,lms_submission_rate,attendance_lecture,attendance_lab,cluster_label_true,major,primary_device,internet_type,cohort
15.648610162674746,7.94365672595313,74.1500276566841,72.54227687602085,87.36625953056557,47.0303123092749,51.87388946169423,38.78246541403166,81.4109352904836,3.821409336388653,28.442800804140496,64.67278820314736,1.4752642911170897,5.023238206908971,64.216822722679,19.32015671008146,22.50044769694943,3.096961320348527,77.19032327937585,30.57519362881058,59.03105591324675,75.34177742857838,83.16004156383663,87.91103879612581,A,Administración,Laptop,Fibra,2024
13.006381926527737,7.40393758160808,63.20686026508221,69.97099914197572,89.78144982877615,48.267403918107306,55.63985241940385,41.082121716682366,81.9661181751797,3.4665845567409637,25.68704185341796,59.7339911457504,1.925676026839757,4.508297777717431,65.87541493480784,19.38596705104447,22.9123463579273,3.0402930684603766,76.9450676297169,37.44355197794216,52.743923261934114,80.55814295748497,89.48369721870141,92.40604494225903,A,Industrial,Smartphone,Fibra,2022
15.271103342667626,7.848895585936543,69.70731947025077,74.73362261045416,94.04642645858382,48.441977498759016,48.93704887198126,37.970351947076495,86.45666934569459,3.029042997078421,28.580952833359092,60.40545443700746,1.818766795290534,4.444608116565467,62.16107959133652,19.355206321037677,22.592838457472,2.8151016707924414,77.84375954670858,30.540117367627293,58.62017600524045,80.97255641008645,82.04915288545612,90.44002208423004,A,Industrial,Smartphone,DSL,2025
12.299689945726138,7.516911861721584,71.89675858154169,72.68315041159994,98.63493456921634,47.564423876910894,53.122897269760365,39.58954382092937,86.15848863802687,1.5241650294853668,28.958255387381584,62.36241034506942,1.6262539004647805,4.629080395090279,64.36263420553075,18.967857336911234,24.1373042920905,2.945449421616857,77.14327947239633,37.782611583418934,54.998315050979855,84.47848186681824,85.51414168288026,94.17677056763304,A,Psicología,Laptop,Móvil,2024
14.28350833472209,7.487901277513056,64.03148304312816,74.63747901219442,89.36077398951,49.85564419176412,50.66065299355549,41.24956907609095,83.50125588670461,3.3597930651713597,28.320715332707316,58.61962421003241,1.9815649084926457,4.7303840880189645,63.18943624534732,19.4199248242979,21.8974287583023,3.006531592536892,74.83066965420358,34.30688919053283,57.99251907467041,79.91908383919589,83.09456018833232,89.41570156645331,A,Industrial,Desktop,Fibra,2022
16.253913875204848,7.820293870054109,65.97859258178167,70.92856206162226,92.27798947602149,49.515529225944185,48.66350118528994,35.84121347681209,88.01031706977881,2.9192674502423244,28.274884190517575,59.75597147895537,1.823494057716844,4.349985171971493,62.51565340839588,18.99300648453746,23.226499801218846,2.908462572901643,78.98342073448708,28.339526272239304,55.27791037571786,77.59890871221293,81.94405273527887,90.37879214655436,A,Psicología,Tablet,DSL,2025
15.28034728648618,7.664436650515463,69.05434250556036,70.48356174309305,93.12439760285203,49.01643376395205,49.868652905039724,39.16162003938402,83.29612416821725,3.204310295844693,27.96004330213826,60.28093705830236,1.5875629696643918,4.401302045570903,64.0196101110515,19.260539365191537,22.72895936124199,2.910549601027872,76.78746402031324,29.877388201923004,58.05625343265095,77.19113219695433,82.41080862663,91.27133805940838,A,Sistemas,Smartphone,DSL,2025
14.43036822405419,7.73996576881067,66.91498772912355,76.85367080371526,91.22562715296823,48.545718789633185,50.88733739441237,39.04371326355739,87.665871484777,2.5936263422438843,29.712635552798936,61.00192814334568,1.9562108274376553,4.814147183780709,61.756376980836436,19.26273212018454,22.396437756485327,2.976493973210597,77.43612442502152,35.63223107269842,57.31502448276683,82.35286074289351,82.98659171980667,88.92620354545319,A,Sistemas,Smartphone,Móvil,2024
14.626777837206737,7.5707400471747714,73.1679058392245,75.14832014276605,95.73754628992477,51.020788939071544,47.643299815244625,38.1264530286343,84.02387413967321,2.543637240538079,28.293448007802986,59.29155047790291,2.2451629933148327,4.167179787809325,60.81648278799871,18.803059774958832,23.11615848151432,2.816781193721225,72.18764250809164,27.20571785104932,63.350384879912816,80.98244847152898,78.41125793158376,90.17166728816632,A,Industrial,Laptop,Cable,2023
13.997256063925205,7.375050985491889,70.25525250466694,69.97646780299486,93.02724522771534,50.30808903279953,51.108284845992436,40.28196774960405,80.244946327769,3.0158210154544762,26.96897085657606,59.73717262951687,1.8850347045410134,4.324493318680004,64.32375828182991,18.947929988742416,23.190785335602634,2.980946953829282,72.80050509540766,30.118610550309423,59.472509741585455,77.65290766993667,82.44144161844461,91.68614289976745,A,Sistemas,Tablet,Fibra,2022
14.84687022433124,7.568323114991105,63.67717275922231,70.25629934026091,97.33092554158314,49.15404699493611,50.8662729752599,40.14494877546713,85.60260748437015,3.1235151691275345,26.98932910213515,57.32527183674491,1.7544343412319918,3.663130745097426,63.30191984246252,19.581908283180915,22.160345893302715,2.662897827236298,78.90948078913439,32.748842362500646,57.248612870625095,80.91304100375163,84.79860491992926,93.60032137380081,A,Psicología,Laptop,Fibra,2024
13.42191745361697,7.451716816671625,73.41109004889996,73.816978529604,91.02187054622094,49.4541416080724,51.98259574608677,41.37079029607976,78.67192035993855,3.361916933823852,27.14509026049438,61.18265243221331,2.0250996256820155,4.613437229190564,63.72272393488236,19.129380707852683,22.680546370377744,3.009917741695295,71.43094229900562,31.705991420966903,62.045498872289016,79.46781871955501,82.62891691008703,89.93252126401923,A,Sistemas,Desktop,Cable,2022
14.185054652686336,7.820121809776299,73.39574157033738,73.06748394106735,90.29291667989149,47.020160232789856,55.53533543986529,38.18391766567834,84.10903615221697,2.818027711164041,27.975277716207515,65.08318986624053,1.885770314613529,4.555748524341132,62.882048109529876,18.968599273937635,23.194693268221677,3.0445138174900714,77.72208216336207,35.25190752713484,57.893841339951464,79.9428957931037,85.8745007672813,88.9975883670034,A,Sistemas,Tablet,DSL,2024
13.017610475668112,7.7119969719560135,80.15725382714878,76.95272013989714,95.45588514654956,48.53302290269723,52.859015480131816,37.191919391269195,83.83476785143816,2.017197241929276,27.89776532616444,64.31313290295097,2.4001315042174327,4.342470072532926,60.69545509757283,18.53009547646046,24.092505961594593,2.9088868514827855,72.82427703702145,31.752822975259896,62.892650271018,84.45461786511343,82.17563218164113,89.70419199653625,A,Sistemas,Smartphone,Móvil,2022
14.214427728918118,7.715050805280699,66.57632827004238,71.45163776999979,96.69541890080433,48.02263303707381,49.78284462526547,37.09726192719042,88.70501623309673,2.174877482207485,28.290275156005873,59.89828908300466,1.6136408360013408,4.599296861521581,64.37293849009612,19.168757905145664,23.957743674480895,2.879395988682595,79.89385834647668,33.07993686767519,52.03053145286135,82.32357282372992,84.98336356946959,93.96479545936407,A,Psicología,Desktop,Fibra,2024
14.466414814349953,7.7127013943783815,70.9169495322677,74.67150341697587,89.94044584449095,48.64098751226671,53.51968031119082,39.35583936004352,82.15093018088872,3.7207322078677563,26.583455744352435,61.525849293547466,2.2694000535118444,4.171982502563804,61.827515233680046,19.242404834971243,22.227620332225033,2.8903394102605398,75.16134639260741,32.292286625383724,61.31363190867418,80.58205707260694,84.4985556030055,88.57566455589041,A,Sistemas,Laptop,Cable,2025
14.686587830123951,7.70810418344783,66.72359940037425,70.25921145282628,94.44857297825314,48.11055215209234,56.9365170277238,38.330586212479,86.29434845054539,2.956331956010425,26.18639020888931,61.417331604788735,2.174062663951073,3.266189512088327,61.41239864450856,19.128967037877175,22.50256249128899,2.734431819309786,80.1169557697161,35.76413907421758,58.18271542440377,81.35575665123005,87.8180797602937,91.0073097626261,A,Industrial,Tablet,Cable,2023
14.468061314072585,7.912241167015465,69.79649529213806,72.27510988606137,90.04567731245903,46.354556838244505,51.82366790127189,37.76101256133886,82.86651658479536,4.165118373110341,25.62977870412427,61.577750640642336,1.7326955297036295,4.852434003783083,65.67679849726235,19.620601419812353,23.251409469499993,2.9341191979492116,79.00678847917449,31.044626528450273,53.301480120033595,80.44655892492179,87.82186836455978,91.81285378189457,A,Industrial,Desktop,Móvil,2023
14.263648368285626,7.50152567360573,59.56240799747901,76.12856987236208,94.35001853834702,49.97803034968393,47.14314066055118,40.86053526379922,88.93153321485867,2.48647278846864,30.058713535073455,56.029817550192185,1.7714124546363401,4.82066800081018,62.91109706032879,19.629302576296414,21.977099551081995,2.8745247833705183,77.44772760667236,35.711206833315345,54.825298118821685,83.34002077732055,82.03492772468344,91.79549117270591,A,Industrial,Laptop,Fibra,2025
14.28471461655337,7.556413639800073,70.6448008106197,72.22297275818681,89.63783514501215,49.251487952320595,55.07917724675263,39.99864233841801,81.28792604001649,3.2959233571601514,26.96783120461555,62.20704203509678,2.1785830564890776,4.097178656870692,62.245144690471285,18.96493417576755,22.442131488141897,2.9909584419374755,74.42840523457892,33.52521653709268,61.30408181182966,78.5024568896129,84.38276298681225,88.56097232402371,A,Psicología,Laptop,Cable,2024
13.256470905434446,7.496385080951897,74.3550105188734,70.92708594962248,98.88072185305485,48.34227804198856,54.57579223287969,40.783653299019306,82.45995178628093,2.1501466337040807,27.667968884284054,62.31383234558747,1.7780027803113412,3.7355653287875823,62.94559853433483,19.02331459843111,23.068330008153758,2.785995548833175,75.65176319622212,34.981032403243475,61.64172093575082,81.64816288958062,84.38832829648007,92.93232349142932,A,Industrial,Smartphone,Fibra,2024
14.457636540064973,7.971961649558935,70.64979937645555,74.92181764831844,92.99486246093146,46.37687532881103,54.94642401588512,38.142744529753585,84.66213037046431,4.006267888569134,25.277584112210235,61.80421777253329,2.235557138939005,3.78753923924238,61.85935235209288,19.64999056465804,22.232104760722848,2.6684618388072034,79.74009318065248,33.706647577028924,58.92527682093563,84.18410912980201,88.39727956073882,90.5447441078805,A,Industrial,Desktop,Fibra,2025
13.067775519737044,7.356447243587778,66.51056138376087,72.67523099460148,88.69172822452303,48.639509131303264,53.25402449943962,42.98071537384742,82.18642728547968,2.425404989573587,30.152346331705072,62.059702962134786,1.4270200245651723,5.4358216075557095,65.67480889665617,19.21511848971592,22.57927660797053,3.284168674326237,74.81438805213745,39.4352670569746,55.3969186013157,78.25804263882658,84.23842842279349,90.02866964774987,A,Industrial,Desktop,Móvil,2022
13.907569108265255,7.153826279602158,66.26205641057706,66.63195614123526,97.95626834168708,50.14728866700982,56.34539803097757,42.37911173249523,81.41446053732719,2.0955603554088578,27.246327727997613,60.09470297748873,1.501960397181504,3.2642526916366514,64.68944575173167,18.87767033317011,22.811222376700506,2.874192546886792,76.46417861072614,36.073994258377354,58.83839093148309,75.92370430513735,85.37161981971543,94.24533859151421,A,Sistemas,Desktop,Fibra,2022
15.029794035886473,8.112840793056783,72.4469375582896,76.41123353004457,88.62986319453552,46.393899746861464,46.13494779295093,36.53101214384029,82.00360396676828,5.021256012174072,25.456631414860954,60.19445880933797,1.7967389295388132,5.501269305555031,65.8223495144439,19.91165771193012,23.258804191731382,2.902112095548621,77.1245255357825,24.959882175284122,54.12980859089893,81.26147048997888,84.87347569908967,91.13265459649047,A,Industrial,Laptop,Móvil,2023
13.27245431035324,7.107002120051771,65.07596813991984,66.63195614123526,87.8175399078014,50.006276991080675,56.83329982428861,42.152594753040745,77.83316584314609,3.0236969285184436,26.34861860281813,61.214400335770726,1.632671042287306,4.546863605810826,67.0615437783493,18.7739566444063,23.415887595620656,3.294087559653885,73.7323034441126,35.91386992978959,54.20793509268469,73.44492435298773,87.12687800449861,91.78170062106233,A,Psicología,Laptop,Fibra,2022
14.30659869155248,7.700103130087042,69.09736971454606,76.09354826929756,90.40771345872699,48.45772543121228,53.1764690886596,40.81782529071381,81.66543370604202,4.170113161938435,26.193637509337396,60.05562964449257,2.300215925261831,4.070474140614354,61.7725116742008,19.634440051003793,21.457198452324334,2.7878031679291584,75.29892175069543,33.23194843998523,62.15082523680378,82.11853534830644,85.12117966271202,88.9236672489354,A,Industrial,Smartphone,DSL,2024
14.441279072059066,7.5923972204324,69.11927322447791,73.13765979995424,93.77085337663895,49.421954324486606,56.17713022165613,39.67419186881621,84.55947624982527,2.864914389960456,26.98975899574962,61.28875728888911,2.4269474114544916,3.2721360946735465,59.77512340965848,18.994525853798564,21.966380128888076,2.7536604173865595,76.32506913790279,35.25543077969291,63.29974953690021,81.58572555552114,84.74761814904018,89.01683510462861,A,Sistemas,Smartphone,Móvil,2024
15.184325223788466,7.945126114593223,71.67786894028583,72.28653832565101,87.69781565766652,46.20781971333889,57.17137930823693,38.92887441566303,84.35695472816329,3.210992980133923,28.669642537845057,66.33704396101743,1.6540976189937864,4.508303572256789,62.71852472070459,19.196356532017273,22.242125556771704,3.0753197980439864,80.11883184136539,37.1103440407599,58.247565879442334,77.42645513264304,86.56994892527335,87.29762630645354,A,Sistemas,Laptop,Fibra,2025
14.516844787126097,7.289155603483568,68.62995228590142,67.87287071327886,92.53815730448522,50.457980407255356,55.536365990158444,41.85227583790319,82.64807198652102,1.7850009306271577,30.083154344187772,62.81643582844299,1.590401395372311,4.009463376175214,62.71105981078575,18.594675639713753,22.442558746705892,3.114758834628515,74.87448172751311,36.8111402422852,61.32623156320537,74.51635594821056,81.770306768962,89.33615465235623,A,Administración,Smartphone,Móvil,2022
15.279912121712334,7.901509195582871,63.34169213045575,73.83087375299098,94.1195117213164,48.10290501441436,53.71003583897575,36.580418707270695,89.53131671372051,3.474858773105981,25.766785595089857,58.944859937360924,2.444122473057034,3.369737463514575,60.322805310591534,19.44657355762487,22.241106296247096,2.6027142492840314,81.58188216063229,33.65837541520456,56.50109446886256,84.41721729361741,87.6112563597498,90.79402780939455,A,Sistemas,Smartphone,Fibra,2025
15.44907025983013,7.908024797199538,69.9121800717321,70.92305131108645,94.37855542884517,48.305693273948634,55.37887903629358,35.05453567251924,87.94318719317951,2.9130815368996226,25.77080610820174,62.21973654554479,2.4262864830240534,3.214986122579187,60.13674036013536,18.778078623395164,23.35198202383295,2.7095718031478313,80.17101259862554,31.2182211783281,58.366818449790955,81.37701852216534,86.38605119629594,90.17391753694538,A,Psicología,Smartphone,Cable,2025
15.7840951746383,7.7373206141080875,63.633081977311306,73.1800530825833,88.59557958565799,48.65695673176108,49.50225965859603,40.34152302745638,85.4411132525668,3.438087910306815,29.783423223521208,60.0473804565753,1.452612358946363,4.97930359248523,63.81687573583003,19.604107321869293,21.639934048081358,3.0384870911934745,78.51060607539591,33.60097565062783,56.1937295822775,76.82239032303526,82.45067634131438,88.90675131909978,A,Sistemas,Smartphone,Fibra,2022
13.31398279017151,7.918733201889718,71.16831361974374,75.61690143334248,90.48760357933635,45.1118707607661,54.38966272889741,39.97618222561794,81.67594616320929,4.426688138813484,25.209105082810517,62.2327159996873,1.8917029269448042,4.7492144630826365,65.10607844708825,19.993467227879066,22.452189717104915,2.8459848745354677,78.76974075545154,35.34841094878108,55.62233755663064,84.30858173336405,90.07414655040063,91.55051113477663,A,Industrial,Smartphone,Fibra,2022
14.547908970386342,8.17026407534168,75.83872327659948,75.22775452409205,90.28323031676602,43.867611425536005,60.70634314611504,38.797326067702684,85.68488911619849,3.151923324921405,28.213211605231695,68.87240706400846,1.8141040274093154,4.080473353248158,61.113683746374576,19.42041119593285,21.923316405387215,2.89175121530496,82.57507157784605,40.81688232492678,60.37213214549605,82.1262191610466,89.52097073454564,87.2090512808021,A,Industrial,Laptop,DSL,2024
15.983762305829266,7.803160995552092,63.617356307715355,67.91324459313076,93.8986525102368,47.27816328853713,53.871535632628664,40.35503304648826,83.72960953978198,4.31228634815982,25.723694603836243,59.236901728762966,1.5300414038469812,3.445323733432348,64.11787890242145,19.972667658940765,21.317399815442865,2.643248155618555,82.15620960172434,33.016103368949345,57.095076939776376,77.77654284571611,87.87677148406269,92.4675203563719,A,Administración,Desktop,Fibra,2023
15.188321447701975,7.77366784088057,63.327136856408806,76.25380103968516,88.8786871811019,49.48236461171171,50.82949278256599,37.08504092971441,89.33916075355347,2.873460995382123,28.828917097466437,59.84171837332104,2.2925857758925123,4.602597592274131,60.78656868278374,19.078497331936983,22.52191502046935,2.9823263964851074,78.04033555643905,33.8563783287434,55.823868029958476,81.63725741042892,83.29426316226143,87.88525243395569,A,Industrial,Laptop,Cable,2023
14.646918858492946,7.979764921236141,78.94625749163542,73.6118906945763,94.12355269160508,47.22628054616475,50.5224662799065,35.82196546753805,82.41249855001195,3.4892295104850084,25.977694041363797,63.3086609761652,2.0047058416321026,4.402721221707838,63.130450663321625,19.060388307940453,23.968757598832873,2.8190990912351146,76.01319319303688,26.260178545344118,59.695980463876374,81.0398632450539,83.65957791635905,91.1263398409348,A,Sistemas,Desktop,Fibra,2023
15.436298631137884,7.766569476172776,66.31394298334028,68.58071675526112,92.96075723117343,47.07228833224388,49.33427595052996,40.367059669046654,82.86622085310245,3.798038400515415,27.807532250788913,59.951555113430054,1.049145365769775,4.819213266109393,67.0615437783493,19.889223737131672,22.42460657484079,2.9132511482264984,80.2275952155815,31.301363986863123,53.48334834749579,76.2577243373858,85.11116522522723,93.4104235524044,A,Administración,Laptop,Cable,2025
13.17457488091434,7.521131038632109,66.67303189244151,72.71402563536905,93.58300722270693,47.094183822983126,52.94668624594673,43.526048346548805,81.7363416759759,3.34089996000805,27.908374470653104,60.15057506953901,1.384310307640711,4.733461487012849,65.92989149279133,19.933722888738473,21.88664688933112,2.9115056510396826,77.50586615205262,38.21287030075833,56.31550156843976,81.50961837740722,86.89013564113388,92.95496436616861,A,Psicología,Smartphone,Fibra,2024
15.031445882686057,7.715399991159593,68.41647094362078,70.73416456892684,92.04591583587171,48.405484693748434,52.623636550883475,38.53353157320949,84.40883446274361,3.1500882923017746,27.47236831502545,61.38149724733482,1.784672424380536,4.236196780344445,63.371811235451524,19.175622906701115,22.802330632445415,2.921790314051529,78.07386745971694,32.307316216652524,57.14009723732886,78.39858342254742,84.6603465148253,90.63005261155287,A,Psicología,Desktop,Fibra,2022
12.84930796090695,7.512737857878991,73.12228271470954,69.14783055270573,96.3927056270112,48.03591174714767,56.39405218742223,38.602468019956575,82.07887335503317,2.5892848737612137,25.194943761606424,62.3257801974591,2.0906009003156307,3.7462062448419973,64.00602655115404,18.828142671630193,24.099829049913232,2.8511579908693196,76.1171334162566,33.9387088407732,57.38727125387789,82.07032901858898,87.90413468647333,93.6002156425213,A,Industrial,Laptop,Fibra,2022
16.385819679109805,7.671786982889001,73.22542375337136,66.85977116072888,93.65790378207309,49.44690281085241,52.341405817062586,40.08931815398837,77.90888068959008,4.33575976458119,25.478159549104486,60.73498373626951,1.7269590693297505,3.2472214745770316,63.08313947341729,19.31602963889693,21.793253845226445,2.7078305942809795,75.4420716172776,25.637575043200705,65.23309977545456,73.32006522832121,82.2636968497701,90.55340639809019,A,Psicología,Tablet,Fibra,2022
13.655228692413496,7.7081525503381565,72.90953921259522,74.70039757785999,89.2923234832681,47.25527997112284,48.401974365062294,40.523200710057864,79.71568208534909,3.7979769884695265,27.913886820227834,61.578730243481075,1.414732774826478,5.788208390853178,66.94169260092596,19.624628115603876,23.146911679820448,3.12739684810239,74.3007194344745,30.789060314867164,55.63088193926514,79.29141002554306,83.57025872691594,91.26869544454858,A,Psicología,Laptop,DSL,2022
14.472387429454974,7.707129878154318,68.7609008589176,75.38242825900416,88.88990490584236,49.41193421004891,49.900276642548356,37.88696755917801,82.0014940077653,4.2948061529580634,25.204983697031683,58.73709026499661,2.464318221778829,4.515238983341316,62.82483562650847,19.32097634192248,22.810694534867842,2.8875214568063683,73.94808625377742,28.00112010949084,58.39792523378293,81.41097764183306,84.17160484946918,89.61871345354328,A,Administración,Laptop,DSL,2024
13.445105364318913,7.8176554087477,74.47998374839594,73.83672739775699,93.17199967384553,46.53246152672406,51.90468244681991,39.43612525915155,77.92099732417569,5.024952225224392,22.862630918792718,60.0056704115043,2.114482384840967,4.2603610462782076,65.35916278856538,19.906502683942087,22.872746173848636,2.6846254244820384,75.38990204951949,28.335704079058466,58.774335700585524,83.49895211326786,88.2959815498299,93.26253867338146,A,Administración,Desktop,Móvil,2025
15.516685654567592,7.832835262720112,67.6898565648539,72.18318837200614,91.7987201032062,49.7517703401857,53.77166654269606,35.05453567251924,85.87388168121622,3.9445983784124983,23.545179760746752,59.247081236958266,2.9490382646381295,3.097171078721835,59.73744673200944,18.86131794397288,23.140541395866332,2.6581493821834066,77.41642282166522,27.357643399304237,59.241190574641244,81.91370466470353,86.19970727568625,89.57838140457034,A,Sistemas,Smartphone,Fibra,2025
13.00618551118136,7.477623389597114,63.89997909549911,73.54565591491543,86.23924207688995,47.54487746689107,52.09203675618983,42.749722389030985,81.15141455650864,3.6373478781864224,28.209212583201168,60.42794086200348,1.4508113330034336,5.790698150704489,67.0615437783493,19.744320852891683,22.452574291157006,3.2531340671715556,75.95005195452656,38.11005539936108,52.03053145286135,79.4873257955138,87.03323694772774,90.94980637851117,A,Sistemas,Laptop,Fibra,2022
12.98822935371867,7.450228931466051,64.75180837027165,74.34442088439893,85.39213468089834,48.65088129130413,57.34386065353573,41.19454919698499,82.69041435399868,3.2333298623062876,27.250257124083024,61.96118931181643,2.295953472040635,4.745894538488621,63.256215539313615,19.11609370825672,22.35640550251975,3.186335884774337,75.19169606411415,40.04158042408431,56.191997232327424,81.04105949887001,87.9194952249579,87.99523997825102,A,Psicología,Tablet,Cable,2025
13.776474525287114,8.122352478873909,78.79767696450423,77.43106005462862,88.34447233842269,44.50153490961745,58.22553466557798,38.55169957668682,81.63322188078457,4.040496746786745,26.151264647171907,67.39867572270465,2.169278484164448,4.477473807405957,62.0558318030397,19.46567144646632,22.4187622783989,2.915664309291441,78.18288139663122,36.12009870904765,61.22136478400861,83.33307518282929,88.92469260253512,87.39109390170589,A,Sistemas,Smartphone,DSL,2023
14.399824976101726,7.468762350441502,63.430666975254006,72.84942315156951,91.61087726950561,51.416239777980024,46.10031806342188,37.02540674811389,84.4044276370223,3.5249960033894876,25.71763017677062,55.16363094455585,2.3574992440059477,4.658116655897902,63.9829810622231,19.07048568616172,23.75470560436532,2.918521449333606,73.4588011775084,26.013782351713584,53.9995344730981,80.97706376674891,82.39056864370411,92.35773564512446,A,Psicología,Laptop,Cable,2023
13.039721025601738,7.645460020654248,71.42373326434402,80.5558022080618,88.09179027401832,50.02468708540525,55.85591500842534,37.03611857564591,84.70434510208159,3.201724652811297,25.53717341805396,61.492611210118724,3.463472747196389,3.9342477475551676,57.901058195505726,18.61764828605535,22.904395274509007,2.9028008264766503,71.93503435287285,34.03914480503306,63.012653069614785,86.96871744055537,85.1415932660855,85.96054309096513,A,Industrial,Desktop,Fibra,2022
13.447610693786682,7.32858115952989,71.80336916418507,74.9023236665815,92.58098664065595,50.408814708686805,52.71677362749526,43.07912304517755,79.97474108440936,2.762983027830086,28.723663893252507,60.7522448195315,2.078292671838671,4.250908410252093,61.82530403448427,19.084419147535073,21.816261388658432,2.95823305356108,70.99633746875304,34.67327975595651,65.35998687380962,79.96269528245001,80.93296787347235,88.93556313639681,A,Industrial,Laptop,Móvil,2025
14.76437763135526,7.768412915508806,71.53489881791286,73.19363847811717,93.17983090616703,48.36574888746593,49.36235460691341,38.13927521067861,84.08250402379619,3.1016795521609115,27.95937053342814,61.067159095381406,1.736222776637278,4.682922712524331,63.67118044092633,19.230242563574205,23.17331686080686,2.9164189763670634,76.47197789184344,29.79223747050665,57.67287068124376,79.76555903891811,82.59822763249258,91.0758024892466,A,Sistemas,Laptop,Fibra,2024
16.554387619848942,7.837626781939841,62.008429574470824,69.56088239361375,93.86381376821231,48.219471604914574,51.47657652321531,39.46558540472775,87.14429402554501,3.6409105205438466,27.95661900046195,58.9172806279494,1.497172174402291,3.6664623085066297,62.68779744158104,19.77980258169785,21.249616042031807,2.6935335534258953,82.42826692188953,32.80242799175183,57.17886622817679,77.40689840804423,84.73199705262742,91.11223062900417,A,Psicología,Desktop,Móvil,2022
15.711669249787388,7.803997226782768,71.4836811451642,69.29472496324895,96.89541696959974,48.47201369736231,52.9335236961567,37.38912453316752,85.84650980622303,2.6786262304790815,27.544649768695486,61.99495351057761,1.7833946932584204,3.4424647788125675,61.66873332104699,18.997510466339573,22.87481846865412,2.7196081020019007,79.32643906769093,30.583756590309655,60.27589399903752,78.4824913780517,83.47384944362754,91.36676156713258,A,Psicología,Desktop,DSL,2023
15.00330509038946,7.929540556917789,70.8851063665602,73.01406696213118,84.48407491421466,46.90112515327628,56.655829457907934,37.68563189410601,82.3463983760053,4.164521598895693,26.134788445936177,64.73821337094633,2.150998619515915,4.541769997147965,62.9066723906251,19.16884639539308,22.581710036449113,3.084039036596639,78.01539094330977,33.65201644610623,57.46169573760329,78.05375188268432,87.69130563574329,86.87267669972837,A,Sistemas,Smartphone,DSL,2025
15.373997284380872,7.687763883648565,68.79636479451713,74.65964965361185,99.60667006183974,50.49603878720381,51.63831230308062,37.714728689521394,89.80072382278264,1.8921338933175749,28.88424858751678,59.47398436553579,2.401314444401112,2.9730578779024714,57.53199151330783,18.858320791018876,22.149710243605547,2.5574901013805484,77.53680485892538,32.4501772253644,64.4432925414358,83.4250512777868,80.56996316059848,89.94647183808124,A,Sistemas,Tablet,Fibra,2022
14.078143838796844,7.659262205448043,69.32985447817177,71.13915557653343,91.64661718958482,49.16011064769297,51.99941595417135,35.44642706550759,85.22915806992502,2.8428252902329154,25.88268501116925,60.8538725898067,2.276392987849415,4.44440858681268,63.54527926557352,18.656800267769096,24.412367489547922,2.999559227016369,76.17952075780866,29.764620020545586,53.748731329728,80.80559330496416,85.48906103004201,91.53733934771739,A,Industrial,Desktop,Cable,2024
16.094698579824293,7.926468167462414,66.78618406013325,72.85653422546137,87.62148629082148,48.45623326265956,49.07224590392121,36.278074582525925,86.04794887673779,3.7023331333439424,27.90217761549878,60.89819062227379,1.8140412091210651,4.950008848632529,63.509036245060024,19.234033161287936,22.97344614259573,3.036969362647488,78.5719910433798,28.80028165318124,54.40048588586315,77.26905403590239,83.18748235941413,88.83640102596642,A,Psicología,Laptop,Cable,2025
15.902488422670285,7.557746554839614,66.49300875391341,66.63327957119725,95.28318684949463,50.85612443859738,50.03303181773472,36.09197192045115,87.56326936849078,1.9122445599685909,28.633738064456036,59.98504700612949,1.729572029088006,3.93415031055098,62.754071391669896,18.459344513606936,23.958499563122103,2.9517577443609753,77.7826501050762,28.71341934897543,55.71429751040188,75.53142018985427,81.04755658900292,91.80583215003861,A,Administración,Desktop,Fibra,2023
15.173947287971384,7.681998907606581,69.47223833978146,73.36133273455356,89.52471456585685,50.5720944287329,54.85202133065739,36.00797630900366,85.49631397035583,3.024527475482436,26.30939584294068,61.5757307592861,2.8460474883626006,3.5277050828621466,58.94306989341059,18.45714361795432,22.97624467752894,2.899189144588326,74.98835101950294,30.631442661611942,61.7312444432415,79.96398307451737,83.44009411256292,86.93291705241779,A,Psicología,Laptop,Cable,2024
10.9168867228516,7.530346699708255,69.73966014276235,74.51095619160144,97.77424024569086,45.568904605418005,56.55363609416837,41.792190641410585,84.42447591744077,2.311232488948563,26.771348445800644,61.84961449314244,1.7729235690047374,4.566221449572931,65.51108711705929,19.632300354594836,23.414045513945954,2.8454482016102967,78.54087422445347,42.62560127512973,53.38267687781047,88.7634775840653,91.21705757553734,94.40725761665293,A,Sistemas,Laptop,Cable,2023
13.893476102394342,7.348090040065693,72.23008912137563,69.2868408061965,91.86286744743798,50.09154170099989,55.82533616642126,40.67062446748837,80.83694542062719,2.2452087842816706,28.251478871823256,63.242170629134876,1.9338780767430337,4.043921968116175,62.73750093319339,18.52354330842782,23.04325657434415,3.0918967415571066,73.20958445326043,34.58222629223687,61.80058281506693,76.42382689730307,82.86603456939753,89.40484120866107,A,Psicología,Tablet,Fibra,2024
15.282027155832605,7.9178584155542815,64.70419741724305,76.36807114079595,92.88676205327766,48.26484969687719,49.26957282292568,37.589545462523745,87.09412855882636,4.1341970488928155,26.0399450322167,57.50193157439311,2.279349313934397,4.072487739483311,61.62389672399893,19.80144442963831,21.983524673703915,2.6363389844478022,79.14369058475951,30.298100898033855,57.1655158994543,84.16798473593745,85.20757216295404,90.81274210901803,A,Sistemas,Desktop,Fibra,2023
16.383747883542473,7.876260049409774,69.13143397120919,68.87880032710221,89.355270325156,47.83798605349041,51.06146470816236,38.12976893080788,83.21607588028961,3.74298660347519,27.960209554861414,62.36706742803274,1.3615317304539554,4.595011600253268,64.67353318433878,19.326203883382995,22.585137611249397,3.00928821324194,79.23911747600924,29.415575658054014,56.44806541859184,73.91863887306945,83.55237057146128,89.75360892994024,A,Sistemas,Laptop,Fibra,2024
14.346470291600191,7.780510395570565,65.56762771380077,73.52251355129617,87.54337776682556,46.49598854176475,57.32244605439582,41.27269204042379,83.33272164066592,4.002018024953834,26.96460092754261,62.60110963783381,1.8833837682081347,4.342220656480413,63.36940032400541,19.75284539056845,21.355759116107734,2.9537424366762792,79.80482738552006,39.30141388024132,57.0778326094063,80.45486863239397,89.2205120634769,88.69921087198158,A,Administración,Smartphone,DSL,2025
15.270555946986164,7.53299924214124,62.39091242510446,72.74624564962835,94.01184448377502,51.427874878471684,49.17182947204102,36.63129592633665,91.15286924176884,1.5241650294853668,30.44702083236704,58.73838861266488,2.0920334624378216,4.288722195020627,60.54275912035356,18.535837154969002,23.35255122015068,2.98053097976181,77.41324928033282,33.03411317112175,55.56697111863738,80.1178393223593,80.18066499605678,89.88912392107108,A,Industrial,Smartphone,Móvil,2024
14.523459913986489,7.896769479344529,71.53146245268393,76.57154226528301,96.60715143250239,47.985536566305285,51.270631866753426,37.4302847068963,86.443477687611,3.302721133000587,26.3742541351398,60.037745380553666,2.3605361515002308,3.7059192184813488,60.444427811638654,19.420611251429108,22.541776154596526,2.584297706039351,77.79671038090882,30.985670010107533,60.94825479213071,85.56928986608139,84.5012409778186,91.0765335783083,A,Psicología,Laptop,Móvil,2024
15.012642194561465,7.9692056563864195,74.85905532602979,72.11615865074134,93.50844875066991,47.45344882902555,52.41434609571792,35.63350581299899,82.76268893020307,4.046413623630211,24.26285574823377,61.85210200842248,2.2610049164320656,3.80518997668674,62.59264793617765,19.18677934323735,23.515561880775522,2.7087046597423137,77.48659929845992,26.63546303315234,59.104852411852846,81.20181443080253,86.03701827680912,91.27383202366768,A,Administración,Desktop,Fibra,2022
13.432606713423922,7.568514944218068,71.29735721954502,70.08332793802373,94.19604774566031,48.1153364205133,51.55622107947006,38.8015478884628,81.61810963823795,3.1057930807482013,26.056955290000012,60.728973094176226,1.7308972251064974,4.613378912062806,65.92981098284403,19.16123816910095,24.0030467410537,2.9511801089740133,75.75320524800075,30.966431172061913,54.82162968406833,80.3122634059298,85.85987274185308,93.76560888213119,A,Industrial,Desktop,Cable,2022
13.789625646242598,7.427079895959252,74.88150872387169,74.07545055025523,90.97805533968874,52.25096342390422,48.18284651934747,35.79852836997965,81.13321930602385,2.806097354981042,26.05476405407788,59.598816800288255,2.759876774039236,4.572575927983832,61.87992710064248,18.456933041958,24.412367489547922,3.0566620093422214,68.10908965004575,23.614686426550477,60.86294170362988,79.91436453934723,79.19648428493664,89.52508061047463,A,Administración,Desktop,Fibra,2025
16.36639417541105,7.794820012101006,68.0064152394887,68.80734686213366,94.19313016538794,49.89546222404895,50.41857259585509,35.53074824845052,85.0850962530991,3.681047300321615,25.231867881347792,58.83174442920156,2.1924969894666697,3.382760246383067,61.83612376250369,18.99777690579597,23.12178066718276,2.689026576979221,78.02702969364597,25.0925740396083,58.608603880342585,77.73249350827547,83.37904954760026,91.32448297674166,A,Administración,Smartphone,Cable,2022
13.583387724361307,7.333720927066219,74.5008766316514,74.60915001573144,97.7028785672099,50.23228322341611,50.25127542718026,44.28603059555038,79.03296638498959,2.699558245022775,29.110035776648623,59.79336874699018,1.752200678281511,4.0217993298747405,62.18709321770406,19.373015834325237,21.502917535954246,2.7726566491855995,70.85559951763788,32.6981972546315,68.01171241786925,80.33628156877141,79.05266393767248,91.01958198083153,A,Industrial,Laptop,Cable,2022
12.648917951990912,7.489609191203104,72.30875471584714,73.62175526905064,97.34468829713373,47.71825398098532,54.71691870714367,42.70209430319176,80.99103587570305,2.962025330261662,26.798268275252344,60.948766786710756,1.887436064313145,3.901744692112439,63.41354305506805,19.55070581765083,22.211911540507728,2.7345982366005983,75.30396222183104,36.81432543160449,61.73119419153871,84.0152330098025,86.18361896213911,92.88575512846627,A,Administración,Desktop,Móvil,2024
14.412135238596491,7.81248019359541,70.83025400157719,79.55795107916786,90.85542615121817,47.91593830919669,53.95267180460578,41.22372889726646,84.71043685549382,3.311832142034363,29.007738368929203,62.36935499569828,2.231442424523732,4.1955043069521825,59.58143364885481,19.55463238933228,20.906735537180907,2.8165899001093173,76.28930521047975,37.14963591813702,64.66298881355998,83.49303105783832,83.36951405582197,86.68091447499303,A,Industrial,Laptop,Fibra,2023
14.707467977359723,7.61884665116534,70.9862690028209,75.35089254388475,91.87353798138157,49.31923916885243,50.3654120102055,41.32865643430639,82.31708462838506,3.1638585779082957,29.188241934028596,60.87428089387699,1.8247879676946488,4.518565219338636,62.10531201523732,19.359032692292267,21.714223359331587,2.921390975122966,74.16423351346847,32.50775649111846,63.06365578725342,79.20672463981046,80.67835294048102,88.73352478634,A,Sistemas,Laptop,Fibra,2024
13.642405731383109,7.5060373966840945,68.27812601709171,74.27056121719325,88.09242691740698,49.9907871661502,52.562406553466175,38.04981242618005,84.32877168050008,2.6175569957621168,27.896500039712855,61.36472148071953,2.332326426883145,4.884113242966863,62.65125022687083,18.6384367189377,23.623518050467023,3.1734979801882,73.58131451869137,33.501834015642416,56.425105319756845,80.36585604113525,83.58136902803648,88.63963757735812,A,Sistemas,Tablet,DSL,2024
16.1691973557568,8.14920283023838,77.6935267140754,69.31883935857768,95.11665914836368,45.82155519040883,52.40585199909694,36.24923569579322,83.49808154750473,3.5544703069665466,26.85208972000547,64.99756210369105,1.3920196317015938,3.99766441971603,63.689940751088,19.307370400356554,23.22484912958606,2.75818703356348,80.91519520745246,27.74036295080851,59.212018387760835,77.06897781749038,84.72637160856803,91.38500721582346,A,Industrial,Desktop,DSL,2024
16.032690105021853,7.771313280944653,68.35786481173588,71.93088539614466,86.60610380113462,49.776384691897114,55.75074926586217,36.39534983218043,86.89398144867701,2.631052191628462,28.78967050406093,64.14040288584732,2.3220478628424663,4.013309090575845,59.6245978543689,18.456933041958,22.68244511313967,3.1051686631138846,77.40565031018878,33.47171973436261,59.944802647569894,76.10213215225522,82.88560246759938,85.22083967501035,A,Sistemas,Smartphone,Cable,2022
14.959665782293218,7.914407687474162,67.12614584900795,73.80679471035675,89.33515646131379,47.62199009874397,50.51951383779227,36.58451765469503,84.82053703608524,4.211085966359406,25.50977158042672,59.856830737257354,2.105315306783103,4.65758199784409,63.93232046160031,19.50271836635028,23.094925558665835,2.884997233127164,78.52037035359125,29.527709692101354,53.85613155468821,81.29492058237425,86.56572672020904,90.7202531000853,A,Administración,Laptop,Fibra,2024
15.322617801587727,7.737292448564144,65.1207983290868,71.6876376006805,88.78214989799065,48.349254267534334,55.92382360227216,38.76476136799055,87.09487067083727,2.749787191772342,28.91549701107698,62.991923904933316,1.9100928841512104,4.181065309248278,61.6408359948679,19.021035956304313,22.165269806000342,3.0341509639119995,79.795254960309,37.39127620938074,57.03330734472376,78.02598311159018,85.51465994048169,87.79381228988495,A,Sistemas,Laptop,Cable,2025
13.63602629360379,7.697905930659912,65.34449643541423,79.68353505977282,87.75772583241655,48.67204846527852,53.25835580207798,39.74330200387638,85.29185997098706,3.7184823992569878,26.99840213033352,59.70694152588509,2.640222739629621,4.558549879187161,60.8587339420248,19.484039634491122,21.785162259473914,2.9141284857048055,75.55085054467683,36.43634831890539,58.76950005908334,85.35067652922635,85.92566187364832,87.64055948087044,A,Industrial,Laptop,Cable,2025
15.017081886858325,7.791427961308097,65.20810976069765,72.16712625025066,90.42918600179318,48.625611538097964,56.09626769837333,35.91118903564674,89.33710707215319,2.5714440957523985,27.325724637666767,62.25355589014022,2.387896036747942,3.8293093467744046,60.53137520085051,18.737872476861455,23.131611376337606,2.9332578680816326,80.15010853468573,35.64532614479691,55.46670805935828,81.12869107252145,86.78556492106281,88.69027849079852,A,Sistemas,Smartphone,Móvil,2022
14.24658314241395,7.595487940640286,74.11841750363608,68.22346043295525,99.7255815488869,48.41940410015277,49.0114756550019,38.70357462435787,82.93900531031629,2.2846081426582683,27.910508639742414,60.94538578077448,1.2696186438876758,4.354060139419366,65.61342447148763,19.066664544533733,24.096514043926366,2.839056938198951,76.56498539878659,28.83319018866863,57.02666554500671,78.64502014353813,82.33359507445385,94.40725761665293,A,Psicología,Smartphone,Móvil,2022
13.177260852145265,7.792797179122497,69.19065518108854,75.68171461058219,99.62403984206152,47.64922248961669,50.58439683090667,36.63767584842583,87.43356540491345,3.098531925265028,24.753919086053966,57.925487085611294,2.42191218569209,3.8160829283897244,62.38105301384573,19.484559838922976,23.69910464536721,2.5303598617968333,78.42143819442539,31.351598995949935,55.497523849146965,89.26914118995155,87.45459162948224,94.40725761665293,A,Psicología,Desktop,Fibra,2024
12.977308127493899,7.550501071740708,72.30333122273323,70.98734666040134,96.37330001998667,48.647992190659465,54.413205889402334,37.028068239873406,84.91450889390893,2.092827708958528,26.200964531244615,61.89504260969416,2.2201534908476876,4.004116551699267,63.09431015666729,18.613904314609197,24.412367489547922,2.892240446489194,76.01594169298497,33.21369013185372,56.17457100698857,83.2149309272691,86.27405210582606,93.05447212671727,A,Psicología,Smartphone,Cable,2024
15.22537604904971,7.510070031385037,60.88647086687838,74.79544673167037,94.8345762075356,51.27985027204185,47.67378512514022,40.03686396684748,86.71475547451615,3.3196321692365065,27.67849374160986,54.736561803341885,2.2486194873365175,3.8115231172549113,60.949712596883764,19.533686512087897,21.505357690662432,2.666675229542139,75.9307326556055,30.80702451891876,59.871002227974,82.0959373235876,81.2927951499726,91.00289300439971,A,Industrial,Smartphone,Fibra,2025
14.462785162255992,7.823920012836153,71.02388429550506,76.90921719312179,97.55804004983867,46.63567541565441,49.76027120290139,42.57005523507919,86.31410688804104,2.4491210044315697,31.14749810849799,61.82026223148609,1.144152710246487,4.7009017547590215,62.79969795685347,19.956780468364688,21.25902887600132,2.769095189575358,79.28590181660894,37.52511798195841,60.99022929546385,82.6625933864302,81.87209103567781,91.20893012119164,A,Administración,Desktop,Fibra,2023
13.926288187157095,7.751340632918259,70.22320485460178,75.70607096031152,92.62820264629659,48.588181656586194,52.117609101090736,37.05369901891315,85.996391416117,2.9468663919608673,26.79464194679668,60.90955455696851,2.397174654538573,4.3132943659032685,61.6021727554131,19.023676686303226,23.35283247465177,2.8644424329755913,76.2668956903239,32.28993508743786,57.69824382904437,83.961898433443,84.84973296618821,90.20820390059174,A,Sistemas,Smartphone,Fibra,2024
15.360895553223301,7.95337955609077,74.02045523861752,72.87808066876612,87.87013907592706,47.490891810734,46.89622336936924,36.95713913309552,79.97012423257864,4.616792587071705,26.141042949709547,61.38340992092948,1.6118223678151,5.446858458269313,66.29088358606015,19.48503491212342,23.553033374592466,3.043674745793335,75.39526669943892,23.958862993290243,55.54653810268285,76.79310408273199,83.01916861851643,90.55095265517791,A,Administración,Tablet,Fibra,2023
14.640565120984576,7.768154276718607,66.5642561384285,73.23912329389398,95.09782281944248,47.99400575444661,53.055725877953506,37.7872729768617,90.53737389192598,1.7327635367307321,29.986085763707543,62.14021441215226,1.7624979775696437,4.277346559530376,61.60609647188047,19.01407659793373,22.993070418727292,2.905028008762334,80.75962209081148,37.36155817402336,55.41935075706237,82.12907699675976,84.45207070085543,90.68030532138542,A,Psicología,Desktop,Móvil,2022
13.984879468020504,7.53839122138049,70.05072648794538,69.65858041544627,90.77442188143583,47.86803966700082,56.84748491300332,41.203376757041084,82.08276030449359,2.654060406337301,28.441671333194044,64.07351733070617,1.585853392092264,4.363379237258507,64.10556704261786,19.041545674039206,22.586579287342964,3.09122255429921,77.11919790145728,37.84292871899922,58.277691454702264,77.21739865889907,85.9632443921105,89.90392479523341,A,Sistemas,Laptop,Cable,2023
16.554078302671442,7.6563337854844775,62.85816210586961,71.13515618847318,93.5051472735896,49.08626422768181,53.16739148387838,43.265469013642175,85.04930074447708,3.3892132481094395,29.817718820184275,59.61438075866435,1.456846766041613,3.4386664747094104,61.06865903829664,19.8370574545452,19.74471419794818,2.7104539694663092,80.00779578880706,36.44900495779999,63.69088205081103,76.24959620324182,82.34285042726461,88.77860861465216,A,Industrial,Tablet,Cable,2025
13.80892536801727,7.641995757063724,69.27737546354543,75.15773643645636,86.32445671381359,48.37683680876308,57.4032922257164,40.01579149379879,82.11568617054799,3.606058639632797,26.62422199707277,63.073252856984865,2.4697981600017886,4.269965209465959,61.50698352136199,19.089410059569648,22.09445837167381,3.0405794608065277,75.1567881655716,36.88714865619724,60.43497857117665,80.87487062407685,86.80497984310551,86.84917034162476,A,Psicología,Laptop,Cable,2024
13.548122870768323,7.543588322527187,57.904243991905275,72.90138384939542,88.37918579105418,48.99010998618876,54.42999028550084,38.457835113624526,85.10962999626662,4.30252583807715,23.44614763626281,56.38737807960165,2.6713685809468175,4.091102129479862,63.72685071539946,19.53788657217403,22.699118028044552,2.8538920127837892,78.02963232162512,34.975023722155214,52.03053145286135,84.3220515330648,90.94229150365656,91.75399284829554,A,Administración,Tablet,DSL,2025
12.287516258723018,7.319672310428432,79.04229912093285,71.16261927896267,93.91846959309564,48.75902683941921,54.349563314270675,41.754227717331695,78.75283592795857,1.624774884430054,29.49940262785954,65.37529576746338,1.528872064243214,4.955587809714459,64.97190219286941,18.532098117954725,23.99076358013359,3.2208811117358374,71.11456346260213,35.48547412903387,61.19173439405223,78.1754174943332,82.07580969005016,91.06252679865952,A,Psicología,Smartphone,DSL,2025
15.05385890830841,7.194605317190272,61.88362513732938,67.64033355480518,88.16003285315439,51.89631801974716,52.235853843893416,41.67451098318905,82.19342196759763,2.6403944701895203,29.28241158173124,59.22147648939299,1.689289106644615,4.4814325281697025,64.03077673581377,18.776370722111135,22.288850163453958,3.2155869452656693,73.84175389534087,33.92942561300405,57.703239527241124,73.31975271704599,81.29381152293003,89.09010394403636,A,Psicología,Smartphone,Móvil,2025
15.936190104710626,7.833907167019954,61.44680808465074,72.54933386437592,90.20662843462648,49.83455126645902,52.33775355058344,35.05453567251924,90.98354812705767,3.011465757309681,26.697106254240648,59.12024581213233,2.566675928746321,3.795782363892175,60.12889083166531,18.820233133202606,23.142060089304117,2.8507230027446475,80.24953574038582,31.339380960422663,54.07317655731366,81.08554955586385,85.29933302394448,88.97130052355429,A,Industrial,Laptop,Fibra,2022
13.347086680635005,7.817675906796476,66.64579997212304,74.37243075043561,97.30450426577687,47.38160389839126,50.798103347409324,36.296195668406,86.04387460138773,4.014265966624011,22.821297808414087,56.72711346676205,2.5014019211926604,3.8261600961464977,63.64528983760029,19.706862884534072,23.682100374355706,2.524515411281029,79.02057572905028,29.912955843169687,53.07454614763064,88.62654774436304,89.74203388401794,94.40725761665293,A,Administración,Laptop,Fibra,2023
16.26516121332235,7.772344772815275,67.17935283357228,70.46572144018475,91.50885940202865,49.53293623509776,51.61387368196179,37.20181936243948,86.31667442970688,3.027520904475113,28.155786181680163,61.00126742502393,1.9105017070736365,3.9474953441820957,61.577754348499674,18.95545963544259,22.561327987227486,2.896758528737771,78.4235648857844,30.20826844776824,58.682445858772724,76.60542087483513,82.36920404899539,89.03051654960096,A,Sistemas,Laptop,Cable,2025
16.11194414687563,7.859069675367177,68.49815959886173,67.35996966138337,95.82453967018905,46.00618509715385,55.294506531467945,41.57895843426785,86.13107354758331,2.4729882668615346,30.766670296177818,64.55895802222017,1.049145365769775,3.9542427233146062,64.01682562661189,19.64226775345258,21.38709104908685,2.8544999702969576,83.64948608444939,38.57842317697455,58.31357798458013,75.08682541514912,85.06502954490216,91.23638859350824,A,Psicología,Desktop,Fibra,2025
12.950612880955376,7.662967357190107,72.31749642193014,76.52596140033047,89.38935134862523,47.30385172931864,53.46321720083705,41.522910313218894,78.21011069962574,4.568630043720533,24.945271018914656,60.838223879646264,2.2175359068865808,4.651177394783193,64.2741908386529,19.775688024298017,22.139713234596606,2.8841140462293597,73.62571256364532,33.27513550863194,60.21829626445506,83.30515312120691,87.19068961636852,90.3075193538631,A,Psicología,Laptop,Fibra,2024
13.237334128278242,7.7311015635089415,81.60899746724755,72.02230022212945,94.06024565906166,46.080340224123866,55.67158315548125,41.20202736777654,77.43698289908727,3.2559290170201853,26.96517598866992,66.13135327276012,1.5408962528139674,4.430860402914319,64.75945726440452,19.27093467112053,23.005631070559964,2.9356269229655085,74.73835652481196,33.53832540339619,62.92261504865567,79.48337445778958,85.4862643433356,91.14302950739486,A,Psicología,Smartphone,Fibra,2024
15.38605702848376,7.632082488109442,71.30785971928016,68.84052321120616,95.32136055993645,48.57622596891389,52.202349861997995,40.39245509523848,84.24496647988535,2.1446566357681847,30.327359101561335,63.08505238845152,1.1883324845495808,4.225136648685271,63.46401508181172,19.04445761053174,22.50820386856013,2.9598822985257196,78.01780518867724,33.69632400869315,60.09858580490745,75.41026950324698,81.38594853545082,90.8249363134237,A,Psicología,Tablet,Fibra,2023
13.815311873236102,7.562013346319056,63.201311611595074,74.00184779661532,94.31066128057901,48.60381810347034,51.516126505584836,40.80183334619994,85.67071074372058,3.178834009273389,27.32341047160487,57.8591054348702,1.935818463477717,4.262074985365812,63.40570629194468,19.67562216499428,22.11568824183385,2.788234257064355,77.92785327293342,35.869856393864055,55.98899588178986,83.54590732894872,85.95782102504333,92.4048795597261,A,Administración,Laptop,Cable,2022
15.101364956258752,7.8338814754233,64.74448743152509,77.24882854760207,88.0539217428392,49.538180584562426,49.57742735827719,35.88107255578829,88.23327975869847,3.4238008132734543,27.372448950737226,59.154422206943664,2.5339615301333165,4.689376371488674,60.965548335126044,19.095948370239803,22.9124962849095,2.9521032682743855,76.86038130339122,30.669417159704096,55.61184797571539,82.56721658246435,83.49707837087504,88.03603408226978,A,Administración,Desktop,Cable,2023
14.839272880301271,8.042147242734346,70.91201335316589,75.15695353090649,88.53771731940259,45.71733393815201,56.07809371559088,38.26847214831851,85.91362718711792,3.420802628376711,28.097434448098024,65.20388497513386,1.8637803176130783,4.566285597743109,62.230171485710784,19.42486012982683,22.234721231719384,2.9724191231565005,80.74498724575788,37.112048904947954,57.298191196270665,81.03966225441467,87.45892974125687,87.81841376624989,A,Administración,Laptop,Móvil,2022
14.966513276625168,7.700701080968201,65.01544709465833,72.88977691529345,84.85607970097104,48.00223399604796,55.55227089785861,41.38799642527898,80.12940011775751,4.919462163650023,25.586690541148748,60.73105660240041,2.1044828520536627,4.268270999733484,63.455693725384066,19.75590465789312,21.055509224217584,2.9599659653455426,76.9349802733596,34.61767162241066,59.10805451976798,77.90526053781448,87.6059641973147,87.75377777002306,A,Administración,Laptop,Cable,2022
14.92347039800191,7.613972147090703,73.95137730794036,66.63195614123526,96.1313032582191,48.426217591450396,51.65101557900154,38.39665024842673,83.5535788422382,1.8778821848482785,29.366257835659223,63.770049981339895,1.125158827894817,4.468548792080835,65.20224677479845,18.701192649271277,24.05360347780596,3.0442655953215247,77.4756968850023,31.02302612298236,56.86488721021274,74.82515791646732,82.04191071828546,92.69387909634105,A,Administración,Desktop,Fibra,2024
16.136959136978895,7.843877608916073,62.626348195711074,71.33324208258414,90.75051430567908,48.71879698544985,48.547832399860226,36.857208111826836,88.1657348072695,3.3377613607568053,28.237564799594704,58.99626862741892,1.6472269208136006,4.6725795178241905,63.78529947465604,19.383719502692454,22.801298785907974,2.935944066704627,80.46055166906972,30.300105848694223,52.57769806877995,78.00685794171721,83.6839765763061,90.80518343134398,A,Administración,Smartphone,Cable,2025
14.820887765272449,7.7091451648599465,60.57722117636342,74.51460373623362,85.33678855129716,47.9481672477219,51.99873167929424,40.89095086644204,84.43273576788127,4.182884968595188,27.823421325188484,59.38757648166484,1.7887739324766347,5.085349993940128,64.489835808326,19.853449844525386,21.478976697840842,3.066478123756371,78.64732853600488,36.32148828538832,53.68250205083402,79.35128287420547,86.59039949516577,88.80822671857482,A,Administración,Laptop,DSL,2025
12.401416413326334,7.6401293095633385,73.31276843974415,72.23517510113211,95.40519221001065,46.72695327291764,53.89660845611805,39.151051073824334,81.15348378379124,3.360915982370535,24.71037823207039,61.401377287387376,1.967408076978482,4.407617185160595,65.59722321169305,19.38432806018311,23.931209055965343,2.834674523990837,76.2499370124705,33.27610442575389,55.4049118726546,84.39723476630905,88.84740432122246,94.40583908171796,A,Administración,Smartphone,Fibra,2024
16.554387619848942,7.727956126523292,65.5880947762252,72.69393244165869,92.55459766974654,50.83059850513042,46.23190485581638,37.65003132561798,86.24834441544878,3.3299201527821087,28.59702294096789,57.65817381644017,1.9017265304955242,4.223094417324497,61.60795209828837,19.213141274595827,22.21679709272857,2.8216103640138224,76.4567489097419,26.364372938662086,59.57614538995986,77.15975376422956,78.99114023549023,89.57588076267088,A,Industrial,Desktop,Cable,2025
15.998787409161146,7.874380498354043,70.820425175518,69.57751981029088,88.1723112225337,47.105756986144016,50.41573879798854,39.71022696016608,80.31257229275154,4.276322382303609,27.775732943461882,62.60722633659904,1.1488307642507825,5.014655576393513,66.24220390217874,19.637683594294998,22.31411383435617,3.0552876850046196,78.17256808263352,29.280834384564557,56.74255396978829,73.50407894053353,83.7996356659294,89.99319790230783,A,Industrial,Laptop,Fibra,2025
16.09701716517733,7.98462824680562,72.2094205945958,76.7090573582457,96.68164914499258,47.83580178848102,47.94785713579124,40.2520394370048,84.90295823076167,3.694272527946572,28.954632994217484,60.018460592644345,1.6488006472089607,3.9530282942515864,60.83073908658483,19.94938052856854,20.899296160875643,2.558730534541132,78.2191824948379,29.703640536411285,64.98684184113952,81.20848805901407,80.3170378128004,89.90733134123306,A,Sistemas,Laptop,Fibra,2022
15.362416632825255,8.154777739352642,69.1629212143333,78.52906903146464,92.54863697389206,46.16723811617716,51.42495845111276,37.68616408191944,89.04766486884793,3.4575070713036116,28.58595271651232,62.046138395042114,1.9444825188088561,4.415486782421484,60.804144967890224,19.78512018096547,21.761059754555276,2.725118597147812,81.5239288361731,34.60048857487455,58.269059065087944,84.46244579627552,85.14583210034496,88.88535594045841,A,Sistemas,Desktop,Fibra,2023
14.995838730700452,7.388718279498742,74.5924730031922,68.98800187921695,87.40039004218988,50.338272049792636,47.515056027470024,42.99161252674028,71.41150330053581,4.88526402574597,26.36349595587463,59.79181288060619,1.3885898414701563,5.104641660749278,67.0615437783493,19.446919917326703,22.251352289005485,3.129682062790201,68.67621622140726,23.552723887146318,63.08869666714474,73.31975271704599,79.43892639669835,90.18751269006745,A,Sistemas,Desktop,Cable,2024
12.988782714440138,7.526238993926171,74.47489896947494,74.9190699760056,94.39575473633461,47.36224684206549,51.77389840929554,44.13566176280041,79.48034138552322,2.903419735774626,29.45981497211659,62.462509563386945,1.3144874904359505,4.977464263388617,65.02395829740409,19.67803738890409,21.967528029119656,2.968941176359017,74.05474536205811,36.501252246011404,61.77431713744786,80.75201327267449,82.96234889454821,91.4275729792335,A,Sistemas,Desktop,Cable,2025
15.392679226690444,7.884154459178411,64.58171245042345,73.27008817363111,88.06202605293107,47.791358329606126,50.76478546992282,37.836804204115566,84.31397235820424,4.535583804889069,25.738239439296112,59.224753156449935,2.0007545732414878,4.598800614976001,64.04532059606508,19.70562271109631,22.343655906938768,2.886817785237343,78.98528941093917,30.40177837605082,54.30872020434232,79.86307185724735,86.58426373328605,90.14299011639024,A,Sistemas,Laptop,Fibra,2022
15.402269637378469,7.597222932565897,67.71586489321773,68.85786949076808,89.07474551243816,49.86035825827825,55.379171812954894,37.475087811676325,85.30868910383595,2.4541015274563525,28.294539403394623,63.11325318418573,2.030283772518886,4.037747142762688,61.82311557547791,18.46527274702392,23.15363199808606,3.1074021876291464,77.08801655987561,33.459648288206395,57.910478492910684,75.43045031952248,83.67575602789624,88.05559771575483,A,Psicología,Laptop,Cable,2022
13.556509411210737,7.488863503268239,62.35424890072082,75.3548673634839,88.53891850163211,50.28974671312302,49.4449368576753,38.86222796629323,81.86924262706069,4.643891556118223,23.664074340364603,55.057379785565,2.7093181944682136,4.5281195648208445,63.905304471749496,19.53930435965096,22.79067040230675,2.8619206389320744,73.24317597488712,29.170768378854238,55.01618864319333,83.70047791897122,86.35158965307602,91.42048987012838,A,Industrial,Desktop,Fibra,2025
14.977206035036925,7.423272568708091,63.622017682956994,72.51995358912487,94.31484711330637,51.657214809426016,48.14057596554233,39.08905812755676,86.36483551390768,2.51041390026068,28.63384737227026,56.82195288634184,2.079618078542056,4.143598740714655,61.80008080630647,18.983354492850353,22.628526619237245,2.8694466372225516,74.78636412295315,30.48755887050177,58.58321462800094,79.64412804242048,80.19545721007651,90.93915952817011,A,Administración,Laptop,Fibra,2023
14.607311151335082,7.7048623399868115,68.9914560896454,69.71035776044025,92.69126483143957,48.06888772529515,52.9078032569615,38.02807997150181,83.40416952667786,3.3924201100115177,26.060481265916813,61.01906071024946,1.8410583330516694,4.185236637875959,64.34480662061961,19.198503050349448,23.304202844959434,2.8908363020188586,78.01568322168893,31.27952910597316,55.67288530217524,79.133873172477,86.2567187386394,92.04206181553016,A,Sistemas,Smartphone,Fibra,2023
14.47515944567232,7.663315650340537,69.79467867882349,71.02980524143912,89.36639925616274,47.208040127058524,55.34003860066064,42.025216659420266,80.28510950727241,3.7453951358525224,27.597833258716843,63.0479572580727,1.5217461581362997,4.475511112850662,64.65802832771939,19.56587160631434,21.764950661862585,3.0074964494289755,77.35076015421801,35.98835489340043,59.17101600658391,77.11053629354628,86.2228463951226,89.6501162453384,A,Industrial,Smartphone,Móvil,2025
13.978257926464583,7.643872848645984,70.43861675519629,72.77075422329287,92.04733595075575,48.35530292409082,47.04056445761918,39.06958337215699,81.76563767223469,3.4407465309034215,27.455838423734463,59.59782715118288,1.515429136318461,5.40186750385522,66.58239641126424,19.428705427706998,23.667513258962064,3.034059918758999,74.88334646995429,28.727330067286573,54.19044563237837,79.5000386868865,83.02073373689117,92.85934282357508,A,Administración,Desktop,Fibra,2023
13.921574295935462,7.525532182628901,55.9305413901365,73.95222156419808,96.16669114891535,47.98114223037468,50.56661585425216,43.195852725107926,88.29825276135077,3.1276121450762226,28.603405664358785,55.46875506654385,1.4934250690489563,4.342217763803462,64.43121039138359,20.31730551122069,21.034170252167186,2.7025876831088427,81.43046127445044,40.266092433750636,52.92325341314523,84.66180256467973,87.20143199649715,94.1511833456261,A,Psicología,Laptop,Fibra,2024
15.623275044019293,7.545868250697086,65.7599365563031,71.26222788228293,89.50457198566451,50.96328712467525,51.04989124751916,38.929500278670055,82.5975142615666,3.739703517306256,26.649696650957143,58.61038251523463,2.24280231951035,3.9438191031785648,61.92266832394575,19.05079329581589,22.175014764493852,2.908142351365633,74.52485169214887,28.84974255587642,60.49573263110839,76.74710602300922,82.10242698077386,88.8017908109893,A,Industrial,Laptop,Fibra,2025
14.233573214455976,7.799124446503168,77.06536750029214,68.66635683818924,94.62041938925957,45.61515109674249,53.36070388675102,40.9234920409912,78.36451787223704,3.6971742906469474,26.743703689269655,64.27184048335326,1.0562383472889465,4.557753128439519,66.99165541120801,19.646523436402276,22.944545683782138,2.8985602428690393,77.92497412544,31.769634080623458,58.43516359153165,77.11812883978287,86.28075513606322,93.29195360789758,A,Industrial,Smartphone,Cable,2022
14.514773823710563,7.753810735635593,74.49268775981443,77.36724038545347,95.9662331328746,48.53891094312519,51.756015162188035,40.98886089938745,82.97052349509923,3.219367941517905,28.190378475747828,61.24383046023333,2.1188482783049247,3.7598328443060964,59.98987339503125,19.493617965283512,21.36710797356674,2.648707388100126,74.93471568259187,32.613668910664,66.9740845315522,83.0174369478487,81.52507588179998,89.17198195815003,A,Administración,Smartphone,Móvil,2022
14.141808096551902,7.336675260964756,58.8814775936975,69.40018160711594,93.00514559955292,49.366803971194436,49.650954069283856,42.44492018941676,85.228795987198,2.6161343936918158,29.518849308588138,57.33797437570112,1.1739258674132897,4.976974624190586,66.59637095918116,19.6065970231061,22.36430011651457,3.053330386255817,78.20593670520603,36.89198700474472,52.03053145286135,78.05143942553322,84.37657956327692,93.57023817629522,A,Sistemas,Smartphone,Móvil,2022
12.88027440505641,7.941981197348058,75.0590183976067,77.09856310751518,88.31962245362882,45.12371676844634,57.075782411053886,38.30235500442001,84.19688148604823,3.0244218850400526,27.610316247701007,66.64450954970701,2.026134852391605,5.128073519885579,63.3919724864001,19.198728149943996,23.384534094761015,3.1089573754176767,78.08977296296314,38.71792181503299,55.90004147407555,84.10192619457827,88.83789455324542,88.62574869420087,A,Industrial,Laptop,Móvil,2024
14.050096086982187,7.24110318146837,70.24943772859959,67.32508769263055,96.5357552344116,50.31321215315839,52.84232778211048,42.26095092832739,81.86700702531222,1.6462397917490765,29.9318731387316,61.521983188456666,1.3326613452929028,4.1318263535873285,64.190755597146,18.7614383310592,22.894735194877164,3.0276269332471077,74.33340408506028,34.84839199753838,60.63129064497941,75.56236887645156,81.0243813722562,92.16829707155868,A,Administración,Laptop,Fibra,2022
15.12919236696729,7.896728588358391,74.6829021323433,69.68757990749637,93.3976670276301,47.261530661040354,51.277874158492224,36.203306728764275,84.08086111888832,2.9096450326406957,27.477921394354908,63.750804953735965,1.525850650559741,4.598302734230512,64.59405748869949,18.950275503527905,24.100235733032633,2.9711738695648626,78.44339998271765,28.837428202833884,55.76929651443862,77.57344835565888,84.07621437547134,91.66904948191478,A,Administración,Smartphone,DSL,2022
16.190131675735294,7.554683987078484,56.405364673228505,71.71385507482009,91.67037366668362,52.19222714507095,52.81836962095946,36.119011554734456,91.15286924176884,2.4595735367229477,27.685121881515855,56.74855995015749,2.7494826351767347,3.141336356987321,58.15730414703146,18.660271713382727,22.226638858726,2.7870180822975166,79.08890748238423,33.33659588795785,57.072600907257524,80.36004472706871,83.27365325631544,88.34447667212645,A,Sistemas,Tablet,Fibra,2024
12.70828040668105,7.508740142271384,75.94155338374458,73.94262922266545,94.56653030463198,48.058069681097244,51.42676347141059,41.46606660654666,79.46838982725181,2.8529605951492383,27.753430016588585,62.096192564935464,1.6829675423995711,4.869621401301785,65.00062638144095,19.25742370905698,23.245703179096186,2.9776144181425703,72.76200157202238,32.99816144685061,60.21517152308398,81.43633372423957,83.38105429688383,92.19214215275993,A,Administración,Desktop,Fibra,2025
15.053882873075567,7.9412922751603645,72.11457148496467,70.84630166807747,92.5943011173366,46.8705628883808,52.64784887431162,35.77437548105061,87.490337824806,2.324209420233025,28.786729737678115,64.61922793541999,1.5424782359541171,4.726121538269384,63.75170031281128,18.862131860215147,24.060629951550982,3.0365923950424003,80.46217549881503,32.71518016566387,53.77948681740608,78.80637337867188,84.91806398003936,90.75815304216387,A,Sistemas,Smartphone,Cable,2024
14.84260591862487,7.477292035278214,64.74121447421237,67.38766009755392,88.57949873477854,50.20926534674381,55.852156505730385,36.96291359008132,86.08977272912436,2.186715152755803,27.836091425037935,62.32820307136345,2.0785772543846477,4.187774711531088,62.86362235986307,18.456933041958,23.835468306488373,3.1929324041384657,77.2693880771233,34.51031301209782,54.111732270269144,75.76007177676225,85.17696184089581,89.17833072023885,A,Sistemas,Tablet,Cable,2023
14.075591090128613,7.717111050723885,69.36257108784739,74.21393494815095,90.50756706562215,47.84522091067207,55.934473440702334,38.87377174921237,86.69197216410282,2.2716632919542707,29.184015450535625,64.08685464702903,2.0019922266600996,4.449226623342069,61.60490109899652,18.912304784179263,22.7550266185278,3.0498778686592916,78.11245561214649,38.41631188084831,57.79235255464684,81.1168805557211,85.4028881018543,88.34131998380197,A,Industrial,Laptop,Fibra,2023
13.732105113467764,7.75759941499976,71.95547134186529,75.95130508894417,90.13030518012324,47.10557549973523,48.148686612610696,40.9118163552359,79.28924188160539,4.450401097291707,26.63152258024088,60.01008391300031,1.6135105778888486,5.4368413949906715,66.34888910667615,19.95963897000391,22.539987391513087,2.957362121511801,74.56943302833139,30.007952631712545,56.981157410463716,81.15849524513227,84.4593380069195,91.64010133330079,A,Psicología,Laptop,DSL,2024
14.195289298664775,7.328907862563151,62.3094862004761,67.08481701674877,96.5692168655977,48.83591916140857,53.54822315351829,43.910776379680875,82.10153176760977,3.1237570347376753,27.443522633651373,57.966746272215715,1.2977858849592276,3.7629932553518635,65.54578905401713,19.772921417439786,21.559092017291842,2.782191991282526,78.49256084009453,36.979927672453314,57.17595995271533,78.11478375954708,86.24974241154833,94.36719484041048,A,Psicología,Laptop,Cable,2025
13.499278044167559,7.387482989876281,72.17064173803877,66.63195614123526,93.29781821114936,48.76309442860665,54.45329999216729,39.53594773872182,81.5449373928605,1.9184441557446927,28.28245233872114,63.70394989918084,1.3957209267500517,4.665929882178584,66.14970545312698,18.555238762388957,24.375688572003625,3.195306003669034,75.4307821810875,34.16689793863369,55.08847309098989,75.78295572980726,84.60842176904136,92.63069110482122,A,Administración,Tablet,Cable,2024
15.296863613381745,7.739100890544422,70.15787329585342,73.1601588358284,85.85117197561979,48.88037700081691,52.226579626338165,39.04549815931598,81.12370798605274,4.005158842614957,27.327273271963907,62.18333413939199,1.9976148971489813,4.733106494445,63.131459612110525,19.169844012682876,22.31215894809427,3.08883856196703,74.92124535359552,30.493602195766805,59.62782946352263,76.3143344806422,83.2232331512037,87.26687174941594,A,Psicología,Smartphone,Fibra,2023
15.074137636315388,7.611111273165099,74.95041653439716,71.01244661763246,94.08325922879833,48.8063009143539,55.84961523989232,41.67637835970063,81.23870619105469,2.6669932783747696,29.07384964692782,64.29662917716277,1.7223142072783295,3.554077429440693,60.984148800621796,19.004878485973567,21.575926458479668,2.8617818770181254,75.54648988953758,34.625259498458924,66.92124275571368,76.51615265829483,81.81337063228118,88.32125408516323,A,Industrial,Laptop,Fibra,2023
14.502445981358266,7.789479968781675,72.53210345905049,72.25234190123325,92.97837682479337,46.48842893217848,57.128744205236295,41.05992404908402,84.14651934081382,2.614380361454611,29.33346581244679,65.43418825801412,1.5166486238735366,4.103639823049017,62.38210891855498,19.311617866411687,21.87649748804231,2.9258325844551596,79.51065574467748,38.99541248988423,60.9457995872846,79.23966311805715,85.72651922996674,89.17338766963258,A,Psicología,Laptop,DSL,2022
12.550534646835661,7.538505524976994,79.77023471078616,73.46597847078091,93.39727291191937,47.14753912993953,53.96560660094117,42.13500114927752,78.80957788962004,2.2938349074255817,29.358736662112047,65.78766893513145,1.409962969648735,5.112633453599308,65.1023176015019,19.03357718190939,23.315343196807934,3.135080699463865,72.93176627742652,35.92306353261716,61.396844519681956,79.58132858873897,83.176647358173,90.75786835881172,A,Industrial,Laptop,Cable,2023
12.797827708516404,7.41453849123283,73.86412097495754,75.51608843177634,95.04510939704184,50.2287387845402,55.48439150034112,39.54712347887363,83.44954689890686,2.024333219011746,27.39896829841683,61.96660190296429,2.681703781880265,3.6657713957817863,59.642465640117145,18.53263279312624,23.09353114704734,2.862364811045731,72.0316245440115,35.16317146283052,64.42096797306304,84.17700407407688,83.10876364216986,89.3376525363262,A,Industrial,Laptop,Cable,2023
16.097226283383748,8.090650353917736,72.95240452020317,80.38997871271724,88.84774872057088,48.855860109466214,50.08357593282769,36.335151262296655,86.27996370510581,3.869476050086082,27.921971776011997,61.86289722009065,2.6297958863348896,4.190872939687784,58.02994738140805,19.213052903786018,21.731742778574983,2.7803145939693636,75.86591101818021,28.488121019705975,64.74937107623958,82.1548630966138,80.65527727102818,85.04010364002953,A,Administración,Laptop,Cable,2022
15.539706160034362,8.076548902053428,69.41233441943545,76.14409672927157,92.24729008160824,46.82384630721672,47.81319202837692,37.58776019293946,85.48847764626635,4.25071577561735,27.01364037366666,59.818164443543516,1.7677597519193868,4.722397802622954,63.43016980449143,19.927794352530686,22.27859677947625,2.740712063816503,79.49763156887434,28.823179664169388,56.65507156674923,82.06667774126417,84.27208164401156,90.88683794209818,A,Administración,Tablet,Móvil,2025
14.170193093699186,7.54056990263278,74.20775557085592,75.39159444699811,96.86917417100986,50.60105399530805,49.75448051531466,39.16474236263349,83.43093582199683,2.463008800309761,28.086782571884385,59.96651736266647,2.2997431761612663,3.870250164941755,60.32424628772309,18.858242237723324,22.797653449444002,2.7577735015377165,72.26431398088376,29.432297499100926,65.07435661767403,82.12090332125742,79.48214037891154,90.24312804202317,A,Administración,Laptop,Cable,2025
15.116348767351322,7.836820458864672,67.98804615943222,75.15682421104677,97.71118642497855,48.89054471882179,51.642529581404546,36.06360556711785,91.15286924176884,1.5241650294853668,31.14742899254992,62.119250020095365,1.9975480475467868,3.9661533826874247,58.97103378264249,18.694462948342956,23.167530972529818,2.810836503038711,80.64339583505335,36.04217044760178,57.82908175759298,83.63183738297907,81.66642135718965,89.84098880521478,A,Sistemas,Smartphone,Fibra,2025
14.809835610592135,7.655353545386722,71.33259717690618,68.92770816043554,99.25098639531679,48.56755258007266,56.839569464126264,38.297029278154874,87.68976397875304,1.5247047761852253,28.605611052659782,63.47373906025498,1.8781460397316467,3.017475265517925,60.30409354809016,18.66995077630468,22.92317811451641,2.7269017085855625,79.81078497703976,36.221206853901734,61.29957480068895,80.19996755825753,84.49400893956309,91.34564382172411,A,Administración,Laptop,Cable,2024
14.527606221334663,7.588808663561239,57.12620635041323,74.64027671037441,92.91842793993314,47.473784876537856,47.72052219588197,44.7471932141758,86.31753274240648,3.458649446186356,30.616706265161874,56.45062470798122,1.049145365769775,5.289570276811768,66.2786385542998,20.59565371201078,20.54259490576072,2.891925711038212,80.7687088967422,39.40175142610094,52.81057644313704,81.0088658755339,84.66943941118912,92.89725634819438,A,Industrial,Desktop,Cable,2022
14.158072989866335,7.589349220151338,64.62593949829282,73.65670273226442,90.21045256913759,49.32628503446125,52.10646723701491,38.7880005273614,84.77221567770707,3.4068319073136633,26.561258323997464,58.972135400335674,2.2592521143410114,4.395723549853039,62.91767156452199,19.23747018467017,22.738994125711674,2.934159744740741,76.26792391125474,33.24280452674345,55.92138084720139,81.58321638174364,85.52194028114963,90.3491980665768,A,Industrial,Smartphone,DSL,2022
14.96666121623111,7.780547759558836,71.79093133147096,71.30234204187822,94.23362669326445,47.844172609256134,49.820627331960985,39.019444697023104,81.99179730827912,3.7109739891156246,26.716649701542174,60.5381036092987,1.5933395020493326,4.375738438603436,64.60494397654261,19.52140509961815,22.804919068725184,2.809165045991086,77.11421558659424,28.78025429852857,58.31828348035516,78.90705754288085,83.81915787031708,92.28740332437904,A,Psicología,Laptop,Móvil,2023
15.872349129046638,7.9752689878293,67.87278287950988,74.53530403710138,94.37320497734892,48.167315847759006,50.009485172112434,36.5313473848004,88.97961178712195,3.06869114902467,28.14559029929586,60.36734663384209,1.983300109564372,4.033587078036283,60.91955258917939,19.34652459899066,22.475000040574223,2.7199714776887363,80.25543933218444,30.85101157409351,57.973315359246286,81.74425157061846,83.23336364323875,90.11080314468136,A,Administración,Desktop,Fibra,2024
14.488786763668939,7.337879402990016,67.23782385441295,68.51570208125311,93.38073595673359,50.710231095242335,51.535201143025034,40.75059975086632,80.63034003396767,3.194949422538359,26.67177965714672,58.57835726449292,1.8743543833609875,3.9584673707207303,64.07315362376315,19.057464051824425,22.69400138614141,2.9113064062792104,73.8194901155776,30.379953855311484,59.58584738597313,76.7812622416697,82.83113954798212,91.90343224453571,A,Psicología,Desktop,Fibra,2023
14.763000395820386,7.562915406675193,59.45257183724868,71.52988983386403,90.93161634690642,49.587791329418714,51.49194494845969,38.83014954913609,86.76809288654663,3.367198607322393,26.792251973742665,57.28614454437684,2.067364194989076,4.249285141577477,63.43722748050921,19.385570517429414,22.496330123743075,2.8959602007868304,78.62156984412057,33.8583685156164,53.216245146804575,80.59297547273232,86.08365811644362,91.41881354633993,A,Sistemas,Tablet,Cable,2023
13.353247368564615,7.518812343539247,71.76835991215498,76.02032511971207,89.4263380707506,49.605952743659266,51.19340601267186,40.28217254545591,79.01748044026591,4.017934495570649,25.62423289446356,59.61048362292702,2.43235643337345,4.608916980791377,63.16376412765406,19.262909754080425,22.665147548496247,2.9478524308282155,71.06982963091559,30.11790077051527,61.246871367972034,81.73416470277539,83.65800700599127,89.5779203392934,A,Administración,Laptop,Cable,2023
12.699339327585763,7.507830657802912,71.61905342285634,73.32642070212374,89.5537215961642,48.2160535971948,56.53423141113909,39.92765200783484,81.41924845971846,2.904192851197173,26.66886536727339,63.24983193382058,2.218194961092503,4.5692804194618954,63.55882997185581,18.894162855524726,23.343606657906868,3.097372542107672,74.23289532199283,36.63706463486163,57.87264484360454,81.52820173157548,86.97746308740466,89.76160444686423,A,Sistemas,Laptop,Fibra,2025
14.946668251705738,7.8894831383590915,61.092943254600016,71.72625955824985,90.43683110664585,46.27968076893009,55.70370174813449,39.20853554052802,86.2580093133681,4.3404996944163,25.274159016160915,59.769880746003665,1.9295409268984283,3.9169964298291453,63.76794604214711,19.992718589649844,21.67739680123659,2.745271236549961,83.18777987903039,36.95011402873226,53.038616976722174,82.09499776966555,91.21407194754958,91.42743479215896,A,Psicología,Tablet,Cable,2025
15.215305042892247,7.68397561185341,67.823026054012,69.62158925066706,91.50823951549336,48.148960455217114,61.295879121831554,39.668288683995954,86.69874727463343,2.2301167812516374,28.727175805981346,65.3106493509468,2.0406707701037416,3.138687450540133,59.627305032989604,18.763004006257834,21.719251984969826,2.9146498003447228,80.534679553778,40.766520360986874,61.6772565798656,77.86478920045033,86.75838086967602,87.25395512804052,A,Sistemas,Desktop,Móvil,2024
14.20302417853408,7.795780449827789,73.97611136685101,74.3423989091202,95.13327043096227,48.795164277724105,48.86703721573391,35.37964117998291,85.91011231224522,2.580206451284847,27.154630414544524,61.103273685428064,2.152881461107961,4.56151103625121,62.587597186030344,18.799712270976382,24.41231691872709,2.8757241511687943,75.5587087402168,27.782280037944005,56.95651318400763,82.72441089641401,82.48623543110915,91.73018067587506,A,Sistemas,Desktop,Fibra,2023
15.248087297317507,7.771194182167452,64.45081992781017,68.66073255271317,97.98297184242901,47.65996045900779,51.676191830213384,37.9185423749674,88.72824999371807,2.5855955107632442,27.746325781095443,59.61586637266183,1.461571240357884,3.8405536610921795,63.884472370803074,19.43336895636097,22.974936955779082,2.716689100025644,82.62442448002348,33.694792293704225,53.357697453347434,80.49351227332168,86.17697490369325,94.19872208115952,A,Psicología,Smartphone,Cable,2023
14.42790160887199,7.473132577689151,65.83015053921552,76.97319796091888,99.73967112987393,51.80842546125314,44.18065521358501,39.17459724524309,87.28937740168789,2.51380194460351,28.380359736232826,54.25902073393149,2.283042731231557,3.9922166176892557,60.62143797453927,19.312564838768463,22.47635509508262,2.5963358472631586,73.49884044782036,28.07926784815727,61.27660739913739,85.01610754208558,78.32979446451402,92.7405147895307,A,Sistemas,Smartphone,Fibra,2024
14.622466076958062,7.709786463394326,60.6986889752278,73.14404182557652,86.49991177560949,48.57708050281634,56.93797402802647,37.40991521664279,88.60273559339144,3.090033109362352,27.06268730577061,61.282334303986936,2.444973186623927,4.192394271956149,61.397754890662256,19.000949037526475,22.566554817503146,3.040550070716697,80.01614571596517,38.40180259048071,53.35517654104538,81.28900871102742,88.57588711811633,87.89696661846914,A,Administración,Desktop,Fibra,2022
12.471505748209898,7.502114052843101,70.42013323424155,78.641740073804,91.38086541936704,48.147209705749155,48.419476158070275,43.571659125920085,78.77996315978662,4.029565489561394,27.321861992840972,58.477726611996545,1.821397784719667,5.408265984744152,65.53462646022412,20.015943334083204,21.97786441226933,2.941071672796609,71.9006829765674,33.507142528914116,59.302395046123266,84.02954882222505,83.73199762522763,91.65566638487076,A,Administración,Laptop,Fibra,2025
13.61891659662778,7.648217027736893,72.83860391891041,71.66619647555066,96.83014483400781,47.14445026401914,56.1645324846416,40.72788492794343,84.01009371199558,2.310202653877871,28.199132221842312,63.60332160445082,1.6808767154691477,3.856885877952984,62.747114846191224,19.208694416739036,22.60810764804438,2.8192489737428392,78.24560746118428,37.689089342556564,60.3137323700559,81.68621024391443,86.00737477423145,91.76842355238114,A,Industrial,Smartphone,Cable,2023
15.018155338784286,7.986107946696282,71.49423986499647,73.08729326027091,92.30064500839272,45.84034869144139,55.483696829557196,39.44017870845174,84.07939307802971,3.740514295163449,27.089652462274014,63.70985968727747,1.7188041704834254,4.0159595789402625,62.69831148933839,19.6803956768312,21.84501018015302,2.7791637275708245,80.7592223302685,35.285969174727256,59.375567155098814,80.67187181398621,87.37123502359655,89.88003961958432,A,Psicología,Desktop,DSL,2024
14.073161310964748,7.7889349618876205,69.31241952586636,75.52299383910155,92.34538139784522,47.064251443028304,48.424264925070716,40.49316858755395,82.61760869284842,3.9145780496331835,27.500291023521996,59.625920737586924,1.54435527809204,5.1508015507189935,65.47330275048174,19.956441851772368,22.397462668195352,2.880588111433219,77.01401206332085,31.87883762309376,55.98552486245259,82.01016341974464,84.63751839833974,92.1495915336277,A,Industrial,Laptop,Móvil,2025
13.758870605352495,7.476136043118,60.34438672024258,73.7524204047413,89.89088305088089,49.898476361891895,55.79596425504465,38.94423695304065,87.34327460341683,2.902723442810754,26.540135779049837,58.78311660955716,2.63550122169072,3.877028061531758,61.08138895108063,19.026328509209538,22.45435251084105,2.9205431754065123,77.31372612965035,37.97862274769756,55.62752250582071,83.40182154154559,87.50653184761326,89.48806472233476,A,Sistemas,Laptop,Fibra,2023
15.919952346999407,8.170230398594049,66.14880254025879,74.56422245577693,94.31868150420212,46.072068392061276,53.494927308984266,37.154320524307266,87.88561804422369,4.48070679305555,25.057076978582504,59.8649165475592,2.170772837023901,3.3389335032967136,60.966062007885014,20.04382537872796,21.451198442607758,2.462835992215516,83.64803346596437,32.468064740797274,57.943286301859345,84.33039659087277,88.76934957678215,90.93678245880272,A,Administración,Laptop,Fibra,2024
14.937955791002967,7.815545885607369,75.4260089075746,73.62212809747444,100.0,47.432874584860116,49.52105804836599,40.64838888192596,85.27777212714727,2.206207499260257,30.379488646409786,62.2473365150416,1.2300818552409631,4.083346131281995,62.30883924168172,19.516258414544257,22.133493230877114,2.6692344335164764,78.29484082252583,32.702335492008814,63.19480216920442,80.93618861564553,80.47410492428384,92.32540269920463,A,Administración,Desktop,Cable,2024
16.554387619848942,7.874667589425463,75.23399228759489,68.66337344196023,88.24966468897779,49.121277184317876,51.271395919706706,37.04026143957989,79.15163414842681,4.357573441408116,26.134497344534932,63.03515732887777,1.8372189493725468,4.084340689527604,63.080113356121416,18.949306627931666,22.728349230601943,2.9571474271345135,75.18228083153934,23.530759235125018,62.53086100345902,73.31975271704599,81.39224784516722,87.9374301970649,A,Administración,Desktop,Fibra,2023
15.657937323081917,7.703258916392403,62.7110086711844,69.81796971090266,91.69511089897377,49.320655172302,52.76880110462655,37.94396218836481,84.45393099406937,4.261357572864123,24.537580739815212,57.64474492526712,2.265818550047375,3.441830522756329,62.521418611993305,19.45417325137784,22.166074855495303,2.700627251399798,78.8951985124064,29.94219092963082,56.92489730916788,79.36642412054783,86.7532806397152,91.21210339402411,A,Sistemas,Smartphone,Móvil,2025
15.16891749821813,7.846739511402358,69.58988170110737,74.19743754689611,87.34156272871388,48.03398117861814,52.98940676777741,38.295505662885546,83.67598492596986,3.7434023181896103,27.484698493718454,62.55259572014044,2.0375415173566918,4.613968700978208,62.48928694205491,19.240555607375043,22.373735860254968,3.0150302217554503,77.07978082422252,32.36442647091472,58.42958471581648,78.70018779468462,84.56099824389415,87.69598313479187,A,Sistemas,Desktop,Fibra,2022
13.858922140892998,7.818718317491093,77.44352218052063,74.02960721025025,99.35073148466228,47.392300626686946,55.21293314870495,38.040767744773994,85.06861888215715,2.3561495274093724,27.009438857320518,63.66883432637746,2.185579706400973,3.3443128761436705,60.2826580431652,18.989181814072413,23.062726240600696,2.624477674950037,77.41240041393104,33.55583371297874,63.59058726077704,84.53577194782054,84.84945801265613,91.40987001824627,A,Psicología,Laptop,Fibra,2024
15.865289544564401,7.761847354529169,74.02638199579226,69.24253804012207,98.60794392604883,47.49160605362109,45.70905147076656,42.393416486824314,79.4270175500021,3.7592752463920727,28.888764791383295,59.882421317665916,1.049145365769775,4.542284644559997,66.61463822876519,20.08282486558488,21.77674440918861,2.7146267318144073,77.33925270638231,26.844730711927223,61.37874267809519,75.09385296095276,79.95675635955655,94.24968736976693,A,Industrial,Desktop,Fibra,2024
15.900338032060205,7.84664871447049,75.51671545315811,68.66215835555785,98.6170111608336,47.35441631367556,48.251879772511565,39.800178343027014,81.93838175295508,3.1351846446989016,28.73693246956797,61.9402347789834,1.049145365769775,4.247697139604654,65.12668002990125,19.570838496765997,22.613537516404296,2.7440847103413666,78.50832744736496,27.543752251540226,60.637576086116894,75.76101073584478,80.95612489525615,93.42219046285295,A,Administración,Laptop,Móvil,2025
12.937346278762162,7.491207794165019,67.25481648012047,78.94940789459899,97.09885795716386,49.67416455603154,48.20529952357677,40.79882512133393,86.71519448932467,2.2767778875435685,29.097936420368804,57.497411808211254,2.145224199199105,4.603831469416574,61.758461470351584,19.43244765430092,22.492834892911972,2.78053250017309,74.30337310288031,35.00655915555792,59.230937854417505,87.04114248584926,81.81048729512331,92.01079209988099,A,Sistemas,Smartphone,Fibra,2023
16.321306359162413,7.652165999238949,66.72438459121783,69.41483711883971,87.60018063429176,50.07342901317205,53.152573883121256,38.67077223976866,83.4703140173311,3.3625097260394146,28.20064191804945,61.714036975255524,1.8945120514748237,4.098106733701803,62.070016375638396,18.880307551774344,22.137188222813112,3.0515480110665303,76.6694474594276,30.98733277578581,59.871463602688785,73.54659275179436,82.20987909897,87.30766929406268,A,Industrial,Laptop,Fibra,2023
14.614162446535351,7.727340301703694,68.73287978150361,69.64909300547754,94.03679063911441,47.90782914913145,53.65291758534467,38.07776211372207,83.33702627375405,3.6494461454451828,25.07837301308987,60.386252606032286,1.9776625317998446,3.7728312932902024,63.81923778219449,19.327279361943393,23.048173353531972,2.762249729502166,78.58434445769143,31.16696864253997,56.60923820927108,80.31436431399317,87.28502729188793,92.57930207882144,A,Psicología,Laptop,Cable,2025
15.207490304126075,8.131706678077187,69.67346129251389,77.2840672568204,94.24440786063255,45.354382391594044,52.439594118145195,38.683925402899945,91.15082752492887,2.255655482938763,31.14749810849799,64.44852544073386,1.375933286709999,4.735450837720853,61.449296636907036,19.655315730437973,21.897027624713832,2.8528228433807077,83.50591269264935,39.11909581432008,56.90071590702697,83.23737022993092,84.5235358565808,89.20203126378935,A,Psicología,Laptop,Cable,2025
15.300344705077663,7.681746918444884,69.13763727353233,71.43091068699142,92.78152434555248,48.5556445579365,53.67173540160058,40.98690368797322,82.10376494130267,3.670962686736564,27.254370260406326,60.960828357241844,1.8216794548973816,3.706920218608597,62.249329344798845,19.494220314182297,21.43034353350216,2.7760468603596617,77.25422296669319,32.94522320180028,62.42626468107235,78.0966708625125,84.08688697084943,89.77211766669187,A,Sistemas,Laptop,DSL,2025
15.426415599861432,7.785517873643636,79.33439984633242,68.26637514018644,96.68562464279705,46.89194478625665,57.632445653109244,42.16135719048424,77.42863206483464,3.8074156703275883,26.375918126062288,65.08635298840524,1.5325604787937572,2.8838650460150292,62.14948027045195,19.475893029282147,21.195218964297464,2.618463270482449,77.27207238250296,32.13985073497267,69.12860773108346,75.91569826020095,84.64320652124462,90.29066575329747,A,Administración,Desktop,Fibra,2022
16.08405565788771,7.96208892244693,67.39257504406956,69.0935300686727,84.81897127464289,47.001432573468435,56.40496678843368,36.574748264494616,84.73966945153083,3.8293073920602545,26.879717924597465,64.6652749492397,1.8036701599518454,4.452923401936749,63.623444364139104,19.057041557816298,22.82135365768617,3.1228326972465625,81.0470852225789,33.39266842533128,54.15283410090639,74.90784877865993,87.72451450878178,87.58634258140637,A,Psicología,Laptop,Fibra,2024
14.675548132282252,7.613125536686513,70.25125665704688,73.47158818000557,93.12138228743348,48.99754987780652,54.37317213942988,40.99750760852258,83.6908979785231,2.8000883503948426,28.70811370982115,62.037502954366154,1.9674593023474518,3.835892947489836,60.954476269609955,19.173619223370792,21.66831118947975,2.853562600479275,76.14148330745078,35.45443366300911,63.42570364298552,79.64960720992518,82.93678177301797,88.72741643440409,A,Psicología,Laptop,Cable,2025
13.509519394243252,7.736782909723489,77.57312012400155,72.73154116264013,90.49785173858274,47.246257486000076,54.09005726745228,38.52910276990478,79.65689069908686,3.3758052054158023,26.31217167195416,64.57390606326663,1.9383789390555437,4.741473189705123,64.43577794858982,18.982315363282417,23.74418652138575,3.0484677052455784,74.3395506806297,31.34082634694959,59.05426301626765,79.70513438150445,85.46408822197641,90.21562300536411,A,Sistemas,Tablet,Fibra,2024
15.226927047633584,7.570705067924495,71.50547308554358,68.9354777734145,94.43630266897034,50.09385636685835,53.95685207802807,38.43075952609186,82.46816898741422,2.971272488146439,26.478621155927748,61.227093945387224,2.1451865466190667,3.3115540787626836,61.39566180925936,18.752237646503115,22.792902849736606,2.798588289822372,75.40178378759798,29.69686408752311,62.73526752449672,77.29099728987045,82.88833494319661,90.24909604776279,A,Industrial,Laptop,Fibra,2024
14.837531024576036,7.781822110551432,72.44832986109897,73.97027856686246,90.56559203925178,47.03842520792264,53.03016473438708,41.67052517666864,83.28803241710742,2.7707521520191385,30.87837756192139,64.74509341828143,1.2529093254364656,4.953162086045703,63.44769119829325,19.428264993084042,21.756029481956688,3.0746772657087855,77.6689912465244,36.84787572809245,60.50819631112667,77.38634054054025,82.55126123918207,88.28466109843748,A,Psicología,Tablet,Fibra,2024
14.168136598585713,7.800660616133967,66.57531368513831,77.42941450264914,88.47640242929762,47.74525420003674,55.111407797097506,39.28670705561342,86.09563036966114,3.451728099114712,27.51555370723547,61.75285124402427,2.3761750731915976,4.359574610153647,60.937498223412774,19.40851814982267,21.838322281406857,2.917259620080856,77.93723208235184,37.52863506701285,58.48682453220642,83.62694168130757,86.68483392559143,87.63767205813008,A,Psicología,Tablet,Móvil,2023
14.98164880344375,7.97802932131115,73.13418601800484,74.14298998439978,93.7737144686663,46.550065032883026,53.93468990407842,38.20998854844589,86.00260607636694,2.9604890666226336,28.314797208969754,64.03781392682355,1.7791529907723909,4.140203102594167,61.73574442962978,19.333914252043684,22.444743214681314,2.8117794568810224,79.88112794492153,34.370047305628475,59.775710357729835,81.3107150486312,85.04581432081027,89.64280007237753,A,Industrial,Smartphone,Fibra,2023
13.163829194299552,7.398151275606769,58.486177270055244,75.27153926464221,93.73805379633365,49.82650415390004,52.930833981447506,39.83094168955259,91.15286924176884,1.5241650294853668,30.05829409802911,58.41188084051466,2.134899074362121,4.510832877196832,61.67056059430065,19.037247122767727,22.76298413131635,2.9900566601540413,78.52348397326716,41.69797516498743,52.76491467182521,85.28909686781192,85.31166391462024,91.11712443236584,A,Sistemas,Laptop,Móvil,2023
14.429300559173782,7.837325562072078,71.69716687857375,74.39842035934599,97.35779031770605,48.40218009686941,50.08337824934559,36.00013341385245,87.49148160194473,2.637395973558399,26.935649238465476,60.30824831696664,2.185004047834383,4.007713461850131,61.58206095030016,19.059822049747424,23.68362373606638,2.7016877928070513,77.76345158903084,29.775418144007283,57.787116108280316,84.29481942442484,83.76086745052703,92.26072688824085,A,Administración,Smartphone,DSL,2023
13.491823137083735,7.625722125352803,70.73878676729362,74.97433350920915,90.37039398003789,48.611794707649,55.195089039605044,38.048185634121566,87.16431882654261,1.645905662082857,29.798836353360944,64.45713757699262,2.1301423443516114,4.755708226060284,61.467103492114916,18.523712689019135,23.574252009489605,3.164542789796135,76.16935201585818,38.06489902446909,57.206722575504315,81.65228450389618,84.09021985838464,88.1503879957336,A,Sistemas,Desktop,DSL,2023
14.412566987377412,7.762520480199882,68.29546505840972,74.10847265878802,88.94685542431074,47.596705796095314,55.764204239596275,39.777779651130814,83.3375033418319,3.7686012588332582,26.63885336478686,62.19651525768756,2.158150623319794,4.165295163945589,62.2302386983095,19.417915028020833,21.931885770797052,2.909950638666347,77.71854150071877,35.794907494102375,59.070713167373135,80.90897924471764,87.07056127082612,88.58176926927175,A,Sistemas,Laptop,Cable,2023
15.725366325932391,7.778977673728325,69.51926729875488,75.00776554454353,94.59280347145318,49.23598944012627,50.14468454576196,40.05061035335995,84.29880378892707,3.585764373244679,27.97142282544793,59.39528180337047,2.01551835477279,3.698598498921446,60.45248852396788,19.566022731358512,21.208079368957335,2.648758615193413,76.64471113709038,30.455233057131853,64.3953156208878,80.40149278955064,81.2596137623886,89.30296473369943,A,Psicología,Laptop,DSL,2023
12.465889299290348,7.644856803350487,79.4644736739949,79.63923265015627,96.17139085859601,47.73417177843485,52.14138555350194,41.842678125406835,80.69528481441115,2.7674887084769173,28.31020545135169,62.88951714497382,2.108293040792448,4.491044619254341,61.58527674214325,19.368249274748088,22.362378457204393,2.79936809866894,72.01474843399589,34.55477091301198,66.05937420962634,85.83892188021716,82.26787452796626,90.14286333282107,A,Sistemas,Desktop,Cable,2023
13.674086721273834,7.736043915476128,70.76517696949433,75.81509787697281,84.77470551413549,48.117358402194505,50.58243116918739,37.66387071801766,81.75750964703029,3.8086690953626223,26.819081632429654,62.02087921693377,2.108937545227172,5.704450789330269,65.09046397148782,19.11363559869689,23.767828997147497,3.2400585112007008,73.87115426687409,30.82683071504217,53.96015352904266,80.17295229799987,84.93573914171262,88.78441901508249,A,Sistemas,Smartphone,Fibra,2023
15.682455312293639,8.130990466540082,72.44028874143136,72.61490771018475,92.80349157884791,46.25721502495814,54.51155076440053,35.54741065230294,87.37363742007115,3.2766688198795375,26.94709639157613,64.25160451597966,1.954174948238618,3.904330728373904,61.49662080652588,19.196186235949845,22.97872744940509,2.77930683682497,81.7914368339345,32.116542826916984,57.58299486769411,80.81375138450909,86.5649046975856,89.62007609101963,A,Psicología,Laptop,Móvil,2023
15.087160873059652,7.787978026314085,71.59987945431043,70.91831557815703,93.58157397444525,48.88596842926615,51.67559870726268,35.48136465638791,86.29907520665748,2.5543094866228895,27.348809924432697,62.14989835434292,2.031709336378263,4.163656455503568,62.30788740360771,18.668885111183325,24.014075822627852,2.9192859540048723,77.52623287951602,29.34699372809275,56.84066445736708,79.30678577146558,83.40491217016314,90.72652231309779,A,Sistemas,Tablet,Cable,2024
14.805795263989326,7.880822769034739,76.99626655227091,73.90473214624595,97.1180881821827,48.62772503430454,51.998794516241446,35.87190216722541,84.15905202404231,3.1710177294617536,25.500999905169568,61.72666605322682,2.4692626830323823,3.385444890532558,60.16748807799489,18.90177785939258,23.3955206509154,2.609898193157015,75.81500759314204,26.998811273736642,63.42845634031826,82.95701134137148,83.20517849719894,90.82630482937294,A,Psicología,Tablet,Fibra,2022
15.114935613845038,7.664407660825027,67.71237628875573,68.44433783820452,95.10208087026342,48.513525262837405,53.00735830248856,38.260939793288145,86.42991938327027,2.325059706016706,28.43394071094926,61.670285219298584,1.5569844927219767,4.017434966095962,63.42380901090326,18.98671845343329,23.165408534735263,2.90392742305301,79.6174944177841,33.564822749444836,56.02716445613349,77.89337147994618,84.40744847809636,91.93930724021253,A,Sistemas,Laptop,Móvil,2024
14.932474150500491,7.323702566307706,59.12767571142196,69.68763577504508,85.12780343622808,51.318291980868,55.37056889155423,40.38703608046553,83.18113346390676,3.489739510246784,26.86736277932069,58.826503315321325,2.337048520668071,4.063379632538051,62.480396642884486,18.90750798782395,21.943759405523252,3.123564611654085,75.20902364321879,35.29790363250907,56.95802457204327,75.87261298044152,85.25358676850546,87.71983941507705,A,Sistemas,Laptop,Cable,2023
14.074051105207133,7.64576238412236,64.65433172942728,69.64958029824544,96.81564119868173,48.4597040663759,53.157033448572925,36.57322989878264,88.41948202702847,2.4631592221881142,26.068796286340948,59.22949549351497,2.0575048645234846,3.7906469915208953,63.35618137476857,19.036047723838593,23.920931604379497,2.770090221287539,80.27092655159217,33.646400141703225,52.297905664574465,83.13094975480777,87.70489705222448,94.16027818546067,A,Sistemas,Smartphone,Móvil,2025
14.780285563832045,7.886057688578972,73.2111718996437,75.39911352688726,94.18728242141268,45.93320697916451,55.35669371353712,43.09791061300147,83.17993005060495,3.253736762362048,29.687236320374367,64.3581876857198,1.4164794880236315,4.0479665379088345,61.773628072543204,19.913417453136113,20.546346208270556,2.7565167228879437,79.46707436165056,38.843483954547985,64.57716639100353,80.7165746902577,84.61157715550709,88.86607102734226,A,Administración,Laptop,Móvil,2024
14.018928954631697,7.616223994972116,68.59849788898636,72.13507308102795,99.51657053770457,47.94382347195717,52.239493892832556,40.76076846064976,86.47701328755868,2.165370234415832,28.901205140227383,60.38528988495294,1.5445492386816282,3.9027752696719817,62.8853748458039,19.451591058765214,22.410711699260837,2.711376766595186,79.10007160516949,36.34241372326094,58.65456705352851,82.69957753485117,84.35973420756082,93.41053073942925,A,Administración,Laptop,Fibra,2022
14.178063616828062,7.660532214374075,68.6600178670929,74.33308065245285,93.6768632905696,47.89506788209395,55.008677297465695,41.7088080402063,83.65016935738237,3.2602275417902895,27.688816394492672,61.23083945829494,1.9676786212036421,3.817862494858634,61.6895618633633,19.583078585323907,21.371616998215952,2.762164210916521,77.56916676433293,37.14099742481589,61.84718457259521,82.09026584873322,85.58553476501488,89.94852939698768,A,Administración,Desktop,Fibra,2022
14.020926693362863,7.572616243078966,71.62204505059647,74.83987917932673,93.22516627184585,48.19603148813607,53.9314733843514,42.96679193496065,83.49907286145387,2.2404025904148,30.952566004491008,63.48427325003331,1.5286229625355485,4.505107494933016,62.09117800536,19.29962058529035,21.528004008656968,2.988587796705954,75.9147443768129,38.86162828126065,63.0114954844929,79.67706532372915,82.04858843521833,88.72503883589513,A,Administración,Tablet,Móvil,2024
14.313421613170336,7.795074860748662,67.24531936167845,73.12955827174956,97.9057514925738,46.128798277062316,51.90583331364279,41.31399119005061,88.26471932047956,2.156112642394903,30.644016211919503,61.82296771446875,1.0495189723867018,4.561630638424626,64.12403722564366,19.82004835995198,22.0403303963616,2.8085217201373047,82.26112511181306,39.40987561316354,55.53301521041331,82.3277603047406,85.24868681720504,93.06218200518447,A,Psicología,Laptop,Cable,2022
15.618960069231354,8.17026407534168,72.40005955617691,76.63339841502973,97.28181843563671,44.02380548265269,52.17878379421073,35.05453567251924,91.15286924176884,2.4568460757446355,29.590674616897754,64.9085850965046,1.5223565580698413,4.3358383042542465,61.138757538551246,19.634844846330633,22.861375334344906,2.659291157304752,83.64948608444939,35.632989626438714,54.939818736482515,85.51317522004892,86.51230021540265,90.98406219486938,A,Industrial,Desktop,Fibra,2022
13.41531034048977,7.772179214956198,64.98116077886662,79.35557764873217,87.83872216555835,48.44666880379664,54.2841524270921,36.90385835715869,88.2876326940919,3.2117996873066237,26.534108460845705,60.48799738502175,2.8781280256705624,4.542780035282532,60.40841048631369,19.108066765374307,22.90519875962755,2.9518741586508868,76.99300477508976,36.6646079695037,55.34476499369712,86.96799593344726,87.48858404753535,87.96596092791063,A,Psicología,Laptop,Fibra,2024
14.081791279086678,7.386783037225616,69.33282817317637,68.20747371396709,91.84031402702746,49.646037860067665,53.16410960531937,39.70037252860694,83.8244437950462,1.6443776164410986,30.00780670304936,63.08018512513173,1.4419336026044038,4.8181378523776095,64.73829981995499,18.521654878053543,23.79704806994981,3.2427042660196146,75.4459223365495,35.106123694703356,55.78433179450862,75.44319174370922,82.4379977166771,90.7576820830975,A,Psicología,Laptop,Fibra,2022
12.42521690150531,7.667751401609526,81.59345865872254,73.84805096923515,88.43844946699888,46.32567878026482,58.30689328361004,40.93381609348435,75.76908952337013,3.6133020158599654,25.91936371455291,67.21319952191736,2.026674208645107,4.740871322840822,64.45783395342458,19.022491271764565,23.245093072967567,3.124017857071035,72.42427161079206,35.052965885587085,62.46796399593015,80.05669590830117,87.21758221723553,88.767165285354,A,Industrial,Laptop,Cable,2025
13.694471755879672,7.649693918814821,72.60249765318713,70.71238936379987,93.86706060391748,46.88053389493425,51.02793611375085,40.81365211904692,81.06016361108699,3.0567453105211526,28.101799204434617,62.31201749670982,1.1646914567667204,5.084577125872224,66.92450593826601,19.50305039155346,23.279266459038993,3.0172876060696305,76.88576928190511,33.18068785534073,55.47221077684296,78.75656540357924,84.92690097656057,93.27825896682837,A,Administración,Laptop,Fibra,2024
15.784726505366176,8.070900040898767,72.09951841516235,67.86021206539709,98.06328168598164,46.107964379326084,52.558484548236265,35.05453567251924,90.85269663430583,1.6959361486977462,29.173070685791192,64.85873779760074,1.224267175794397,4.172553791058082,63.581756379158016,18.849194296105463,24.412367489547922,2.859096046196017,83.64948608444939,32.38760346894175,52.37805538274458,78.87735771046272,85.34480553612141,93.12627871475996,A,Industrial,Smartphone,Fibra,2023
14.121406208776564,7.386188408759224,64.28862812599245,72.47592160371802,85.89881432293622,51.367598674202746,52.01351170027046,38.25537070226143,82.2698711351484,3.534555805434082,25.93299794338814,58.592878875365386,2.5852355658591515,4.5865157828250345,62.98718711118942,18.728915134849263,23.264943163332894,3.1380451319522744,72.31252784018217,30.62547629735593,56.34630993916761,78.59426557242368,83.97943369192797,88.63724061212527,A,Sistemas,Desktop,Cable,2024
14.591032291237632,8.17026407534168,78.48982016605127,74.49208821505871,93.09408944006404,44.721503446391765,55.21738146323996,35.05455696990851,85.76533046737416,3.271105309974774,26.40175334978919,66.55817964862173,1.965431683168121,4.302500435090451,62.34073121578477,19.174954253166963,23.752271905915265,2.8208909220799905,80.87077469053253,32.2191757592348,57.45691011701551,83.10274785178225,87.81073070880369,90.10289735348303,A,Industrial,Laptop,Fibra,2023
14.019935521725557,7.422159357034616,64.43997129667872,70.85077461285476,93.0539452852524,49.233964672175624,50.88912316733147,42.82804242812393,78.35817495518907,4.765167533712911,24.31690795527439,55.8609987217327,1.9108423124115363,3.9735610993342347,65.5000465374011,20.024332769760193,21.57205251005749,2.712238671264832,74.82556032203678,30.773726362528677,58.772056877264504,80.11918112140906,86.30224427405543,93.48608072145174,A,Sistemas,Laptop,Fibra,2023
14.780023443153034,7.550082292008307,67.47174989221206,73.67743303620723,97.32968637111908,49.21728089644651,47.52538593614162,42.795556304298486,83.44479700142846,3.044959174942725,29.491754455671558,57.82271059662586,1.3750774790331537,4.342154662051338,63.55204210652186,19.84349880475862,21.37082559554904,2.7306034496190135,76.15151153493584,32.44180914658389,61.30913100993804,80.11530955447965,80.53487750338158,92.42592328022431,A,Administración,Laptop,DSL,2024
16.554387619848942,8.164809579968125,70.11559380801089,75.34570378310009,88.87696772859279,47.19602746895123,50.717434131946696,36.663738301305834,86.65150247782482,3.960420224954244,28.260675744875947,62.67805894301439,1.8706086309711003,4.449003770354728,61.232707629518124,19.500565265562276,21.886771413526418,2.8538367596901724,80.2628352403852,29.963599230338584,59.218791720235075,78.66142954314869,83.171155626154,87.20094181614708,A,Industrial,Smartphone,Cable,2023
12.60642808486753,7.452441471724805,72.89061525904908,71.86668552920456,91.51014209906307,48.21774226654786,56.64603699469664,41.06319041444608,78.39433216085068,3.5239653578348062,24.998410967173097,62.12218402336068,2.2163977475861865,4.129703304808836,64.17535270006515,19.13513068052153,23.019868084641356,2.949026367104857,73.38166328304985,34.72011602171479,60.001421684338204,81.35106591355739,87.6179704275857,91.22407989020107,A,Administración,Laptop,Fibra,2025
14.690138895564544,7.622585701087264,64.82864798795129,70.21657305056915,93.47713185698468,48.639663988459255,55.93932165640896,38.693867626795516,87.92922382736353,2.2249494718911955,28.334156333078294,61.74558724208734,1.9288892612258441,3.7662944769358813,61.80763622929724,18.947031295772405,22.672471385231024,2.904699195134628,80.05335682181715,37.61218062457045,56.38412362242734,80.01579471967695,86.16511462539381,90.46033544946789,A,Psicología,Laptop,Móvil,2022
15.00462983396196,7.890204919696372,75.32932157558754,77.26961151260454,94.37947381653463,47.80648404577543,46.973731190454366,40.38493935301266,81.3184067177011,3.992767833425049,28.042675281554963,60.384094106045836,1.6822169115029046,4.655755045990774,62.90919592035369,19.851687538749342,21.781037810463225,2.72703075591345,74.89356412904262,27.893720602262448,63.613371637769504,81.1550047524879,80.4973066899508,90.36372304258528,A,Administración,Laptop,Fibra,2022
14.498667198274344,7.618860888925913,70.26425388262217,69.4655873225019,90.51058501275047,49.123567347699776,53.0259155652941,36.70273646230322,84.38666070444656,2.499576371465388,27.555551700503393,62.734514256757194,1.9126646497312045,4.588208161424305,63.890736447701094,18.54709920542976,24.21263719998251,3.1281567752453396,76.26298244978712,31.373852070547976,54.95615973536353,77.34408594729886,84.22165166988736,90.39179968592654,A,Psicología,Laptop,Cable,2023
14.270779784536218,7.523958438483968,64.30277588508297,72.27372041075037,90.29729637567364,49.21541930422671,53.74028018496951,40.50588130773784,83.58199064540283,3.4135353786196436,26.965483788438647,59.524673082225924,2.0756768711298386,4.188361732263667,63.05439455203838,19.332201483872208,22.11911113974318,2.9336972237373478,76.56113544052543,35.1599232808285,57.49151861227662,80.01528900381103,85.74727463865172,90.11255531977338,A,Sistemas,Laptop,Fibra,2023
15.080413358095903,7.720573475940046,68.65045498967683,73.60258284228087,96.41148977110873,48.30072904898936,50.87609786086694,40.52892949217519,87.37572923887166,2.1513957520714624,30.782888589379077,61.40015213093453,1.435261408751772,4.260519292046645,61.921436213577124,19.3863067067474,21.89924139326275,2.8266587995768075,79.0049409763304,35.70333627250509,60.05562515426191,80.20902510934965,81.59313546896365,90.6148993382503,A,Administración,Laptop,Móvil,2025
13.079957320754835,7.635906454675707,67.58684647968063,73.63943682476773,95.56340376006395,48.43455873541048,52.80709215051502,36.214774479491226,89.57381250175739,1.6741556085978768,27.781780405340967,61.00974110965784,2.1964032044578703,4.463835696818341,62.63890545943546,18.727775745493222,24.412367489547922,2.9400955221139204,78.27371171378343,35.71553923487595,52.388229252940775,85.40624978492806,86.28385842245798,92.65251757221682,A,Sistemas,Desktop,Fibra,2024
12.483279266023256,7.483443487291943,75.9494949631386,72.43013158247439,96.92557925194163,48.68214787541803,53.198361939849626,39.40026617994867,79.66005367695678,3.067989710820112,24.78455358534376,60.78020248140731,2.265154510225684,3.9532046634423224,63.7765003088926,19.01704391138674,23.862929096067614,2.7814961617639606,72.66296798826079,30.659300778008113,60.611841304530685,83.67661535072307,85.55397274360458,93.53233837950997,A,Sistemas,Tablet,Fibra,2023
15.07341398956475,7.627148192081743,65.8147738904341,67.04872995599993,85.24981429743843,48.288170068771485,53.4281812304952,38.32888055531073,82.20775911364383,3.4648163954904154,27.407329045896567,62.631358455805746,1.4630744949067482,5.1532213326319765,66.72800330052118,18.980677907028383,23.56135940400397,3.301120233344645,77.85932641232698,32.53588290885537,52.03053145286135,73.31975271704599,86.19989329104125,89.97599011651623,A,Sistemas,Laptop,Cable,2025
16.218764797795764,7.777504662992308,68.15480018957487,70.1381961538676,96.52197243653964,49.59173240686074,50.27995971290648,37.37016830751209,85.57482189615081,3.397764688632176,26.485028810801435,58.754944701043556,2.005992453097573,3.2889245959902325,61.315035448857905,19.240695830938115,22.382144739985463,2.6080075273246637,78.45700939504103,27.46846516958332,60.716923762096485,78.8500274218418,82.57780262232717,91.53405890327033,A,Industrial,Laptop,Móvil,2024
14.13634993852772,7.469075237738706,71.75025158885668,70.32522803561821,84.32623718319631,49.80780581309936,53.6657463643338,39.17914550869138,77.7078762285767,3.7598443524606915,26.241722610318558,62.7090191294418,2.093976643926831,4.964697424082787,64.93680342174878,18.688763172027308,23.49398776041223,3.289180862792659,71.5395451419896,29.954132258960776,58.13908240741537,74.63967323232568,83.92412649904978,88.07973119156999,A,Psicología,Laptop,Cable,2024
12.837138858073011,7.538860504025509,70.4979180682819,75.21500042595346,96.54676437084672,47.98907536814823,51.50519324099257,41.96837108886674,81.72561886642012,3.304088119943769,26.67485360446214,59.12779127954674,1.9161800704406786,4.295217087357045,63.92046622258525,19.724537365851333,22.329766944211052,2.734361850376995,75.04748455409197,34.49519269093183,59.80303719225246,84.80705856457288,85.36500836535608,93.21299742355252,A,Psicología,Tablet,Móvil,2025
15.694649131898004,7.834582779578543,66.3678767413216,75.82592037465079,98.35340575889124,48.710753641687276,45.076964359959796,39.24469880889326,89.99188474936014,2.3106247339858648,31.14749810849799,58.34259860942193,1.3568565400863337,4.599463473950259,62.06741578457176,19.680513870121278,21.987272557052904,2.715628874595515,79.6427163459368,31.816041265737063,58.06796090449738,81.90331762228908,79.30448378185673,91.91495008980073,A,Psicología,Laptop,Fibra,2023
14.205469402740404,7.586818941681019,66.89478105573045,74.98694257004493,97.05082323820585,49.08983964466557,50.232957606470485,41.210390350864564,84.94716580513838,3.0684990664729845,27.853645880571722,57.92154592186196,1.9466168554242516,3.9164407840883926,61.99300797613068,19.662896120366792,21.71584259673155,2.658595685167196,76.59882461259474,33.73318742504682,60.83162141832286,83.51491306655073,83.19790668360277,92.05701419131435,A,Administración,Smartphone,Móvil,2022
14.635425580162611,7.783192626953733,64.6994971203624,72.29404934472174,85.96883035028588,47.140067721512494,54.010540477574686,38.944778527956544,84.63930413163925,3.668589716625965,27.570503892323487,62.21589359211955,1.726275534040455,5.062398192206418,64.9184947459115,19.429168223530603,22.641450487288502,3.141602773866543,79.43522533134575,36.01821639943877,52.350328682222894,78.54905227754004,87.66685706269465,89.24309744049619,A,Administración,Laptop,Cable,2025
13.793706407486338,7.798822210708259,73.68539104296484,73.35901943287854,88.55267010545984,45.63827119134367,54.70867043744388,41.2859522206739,81.76820481869285,2.9945580705966104,29.700841432961568,66.15267397577196,1.1941312105298842,5.457241460577762,65.69758842108551,19.441919812422714,22.625563437595098,3.209689123080592,77.90914805648714,38.1477181477007,56.48399264364741,78.14504454391226,85.86278758081899,89.28416461200543,A,Industrial,Laptop,Fibra,2023
13.228725584848181,7.84023673395298,74.47081092640914,79.28116535992206,93.66865881568268,47.70593077217483,48.910482557242304,37.36125273768022,85.05144774814774,2.9985615924006894,27.435670982968496,61.15834864413907,2.232573111689175,5.024485385747851,62.57397331754308,19.263271989491944,23.650593793459176,2.8749064111037246,74.7685430484061,30.905720491865054,57.891008402293764,86.28309128149186,83.44708573779467,90.91007430422145,A,Administración,Laptop,Móvil,2025
13.30624702118967,7.473729122229169,66.47164674522259,74.50284599341958,94.93253333056819,48.03572093969175,51.38604259837758,44.5423383652317,80.36603765614345,3.900559392177836,27.026999208050597,57.80250627815576,1.6513193646702697,4.32584780574232,64.74342823573991,20.17841227027832,21.092153202480038,2.732290602746435,75.66500260217998,36.034761926905645,60.15667198464741,82.8324038496949,85.54608781928299,92.90571540770452,A,Psicología,Laptop,Móvil,2024
15.32742928050418,7.982750885361884,69.5669685460146,67.87125092923046,90.3100692698627,45.43222954178809,58.5050362970712,37.045070984368024,87.14299891185557,2.638050276839967,28.26390976625774,66.75663815433077,1.4002834014214096,4.274839560973801,63.980855713109044,19.023767086247776,23.251315459580326,3.058973120946987,83.64948608444939,37.95755135006863,53.04031131031655,76.93570186969113,89.1625780769012,89.89524378354983,A,Psicología,Laptop,DSL,2025
13.170245669143869,7.524492490634793,69.8624489390127,77.72526250688796,90.74958237883637,48.050839375860896,54.438986898437314,44.38642649633895,80.99453060750804,3.3213349594340458,28.917606281799458,61.643722701508906,1.920792329687048,4.565504554049171,62.323616100297606,19.71742540226503,20.892206704005904,2.934765580993883,74.21885168200969,39.455297176953096,63.465313420969466,82.51421691287118,84.2921279699444,88.46381646759828,A,Sistemas,Laptop,Cable,2024
16.379276522097058,7.654920111909218,61.2351942620561,71.41050075581856,93.75166772750072,50.53582894677222,49.073945775993536,38.79302297637708,87.60028019753392,3.242306261494049,28.184994904614978,56.89614051866919,1.928480799615774,3.7199243611087387,61.336665773222,19.389399775369558,21.656619726847065,2.731217420287869,78.74633253475376,30.496702300570647,58.53695254131783,78.36208268461901,81.74051698631203,90.41344653501169,A,Industrial,Laptop,Cable,2025
13.588735526732219,7.257410898284383,62.3710385669733,71.12716878348424,93.66285223865425,51.56971724789812,55.60606903253943,38.488484352932566,88.72904845915187,1.5241650294853668,28.495162957098678,59.63032644219333,2.5109462258942274,3.6681995424306884,60.338628028366514,18.456933041958,23.38134962801849,2.997579027897204,75.7331443838903,38.017644736216035,56.91112410480872,81.67994326191682,84.23195195335393,90.13012921729283,A,Psicología,Smartphone,Móvil,2022
14.701192572438206,7.93230403479631,66.06261456713888,72.73991866359061,96.07110391301265,45.16949847953679,53.61382061682707,40.54156767503832,89.26604580080546,2.44350727325249,30.259273317619645,62.81971498665513,1.0501088716215268,4.526708889833962,64.10027003326019,19.904432214810164,21.917277252178103,2.82162884957463,83.64948608444939,40.595502234052965,53.889508587158446,82.0651022295297,87.26550243569646,92.39200927201513,A,Sistemas,Smartphone,Fibra,2022
14.912365050115515,7.8123837992614,68.21086427085575,71.13387813581404,92.70941678898241,47.42227604428993,53.126849304373806,38.742602797432525,83.11672597079595,4.08003311450344,25.3393291039293,60.31096987839538,1.9112323592099798,3.932910030570446,63.78066325665004,19.611666016893444,22.42499286304529,2.750042338986488,79.06833193987825,31.478720993258754,57.14963893241127,80.34666071742949,87.22908135274196,91.77413497465595,A,Administración,Smartphone,DSL,2025
15.56513881665861,7.605833292856331,62.46792176255792,66.63195614123526,92.40824251456218,49.11423975741884,53.402571140100086,38.37812032602016,83.83321446373546,3.835591900704412,25.043879890545895,58.44901184625354,1.8485766067092961,3.5912146202712494,64.4431357283351,19.324051899120853,22.687272678110322,2.806629569295608,79.66056092062439,30.776388760227192,54.48696588357257,76.75534969351065,87.23451712830587,92.66450132455643,A,Sistemas,Laptop,Fibra,2024
15.381042449181276,7.919831098000341,70.39933358177706,73.37412570362187,90.72131820834315,48.428842477178456,49.054501327535384,36.36168914129002,81.19067646507206,5.167042035484354,23.150696307678235,58.24841620601254,2.387928487668555,4.086467326721214,63.43239046089895,19.600653150589068,22.8880208246392,2.6895706496134535,76.02040583215816,23.585206754914353,58.209279539401194,80.8570172001425,85.43117178693323,91.1963032750338,A,Psicología,Laptop,Fibra,2023
14.14075983288339,7.503531684935665,67.02831188747379,72.19238845674465,89.41427443105204,50.205300851987964,52.989856879073834,38.1762103444794,83.04177305049227,3.300188672927837,26.02789023446264,59.77367468183579,2.431045844712574,4.233746182151811,62.602630049858796,18.839068559723493,23.212846360416748,2.9986363094070962,74.18979706041753,31.426507512570915,57.54214991900142,79.83378157577758,84.68600440036083,89.67995825625724,A,Industrial,Desktop,Fibra,2023
13.881481319460523,7.642284865323442,67.82648368065071,71.65791782789128,93.89407100912102,47.66207667765251,53.311422308762786,40.52954598187608,81.42709372688805,4.087995109273354,24.86842928788351,59.16226565357984,1.95458188801417,3.9478494817253327,64.47088236106568,19.74725747437173,22.316999111228505,2.7270669945644492,77.41232510590713,32.88426104750457,57.568350937579226,81.99899721550482,87.85152542892226,92.97511571108552,A,Sistemas,Laptop,Cable,2024
14.093812732942428,7.877560270925725,68.04323736053975,74.82305005536135,89.77757879955803,46.769073028597084,52.25461766079338,37.24956208230999,87.54113411194041,2.7990737025933803,28.508634941309246,62.794835417070786,1.781924149890002,5.2072050524662625,64.03958229461195,19.239614246669873,23.505629606451834,3.0803126631261097,79.60379113922896,35.6310819347834,52.031683030862865,82.13451230158938,86.45488288957253,90.2440816580956,A,Sistemas,Tablet,Fibra,2022
12.17246139788251,7.474048337435288,67.38397903660976,82.8064080211785,63.42661198841448,46.2177169390662,72.01001466030677,48.806166703091314,76.99017569659796,3.7737669586851323,31.14749810849799,73.70127429147225,2.4632482844557124,6.042260897600086,60.23440476059252,19.093029847369547,18.688772192707138,3.9822172672919987,72.42022755831871,59.40972357416732,65.01226481329968,76.02705093746702,90.45058521060842,73.03434341086445,B,Administración,Desktop,Fibra,2025
10.849705581323178,7.446594911970409,71.44294223421052,78.71119596149677,57.15832084347889,44.222734073253704,77.53756455005477,49.52498481868554,67.12432448686911,6.0878732686321175,25.44835984918528,75.87923925203648,2.9280803907071857,5.623853302561514,63.248149656366124,19.27879323487598,19.00764541989526,4.025544879529569,70.63665686593833,58.671849378788394,64.66014961267572,74.72791839960813,99.12205444739413,73.38073452291106,B,Administración,Laptop,Cable,2024
8.291979441627305,7.741212477199002,82.67243097969977,86.36111496091704,65.61805530877203,42.674765327983,72.74714572092421,42.871870919857926,71.84512074378773,4.356920576234648,25.70874438488171,77.39305739529365,3.230719072026731,6.831472226677431,63.52992651967208,18.675544796138528,23.032410984022356,3.978462008278978,68.27606204090704,52.6439292341019,60.147084470594805,85.74405027887002,96.90494584837283,77.68023667064942,B,Administración,Tablet,Cable,2024
10.84254360435205,7.685131250968662,75.45563652163528,90.88763186568612,59.24301790320165,45.743819508593766,71.05101445389978,46.440387208754025,72.62622321231625,5.439753688492404,27.984147617504036,73.71646347475223,3.5973758122168924,6.343189272072648,58.7848337139037,19.154835058597996,19.279888406407068,3.9050056165613607,66.87180739157321,53.498970097710114,68.631065911202,82.30002858889982,91.6131047638056,70.93158299253747,B,Sistemas,Smartphone,Móvil,2025
11.689902752030436,8.102484765936728,80.71510417976823,87.56347232133092,59.02424925691459,41.30135071972304,71.54115870680604,46.652831861304925,70.9143354519695,6.0483391823842325,28.680621841830124,78.06330491658241,2.4246825984479843,7.060547089127464,62.96321603763368,19.778867117810766,19.3656678335382,3.9738086700583697,72.44572251589395,53.82256384446861,64.79829002814668,78.4981418618032,94.33589112583351,72.56547525175505,B,Industrial,Smartphone,Fibra,2024
11.836742989951567,8.00391378913199,74.58231990692559,83.90909322861155,65.3521877207022,41.08932723169309,71.33800060334977,48.61352180863906,71.0088822999788,6.648096085203832,26.549201077939703,73.80020161513725,2.219657112458788,6.053202740509562,64.11221906692185,20.497029442402276,18.464856242482643,3.5954515422892523,75.68289141178168,54.133933161329814,63.65097260061723,80.10274693913343,97.30411968124425,77.24083930700951,B,Sistemas,Desktop,Fibra,2022
9.153387926799153,7.519576060299273,73.61568650883176,90.11844913559132,58.420491461401255,44.112221425788185,67.42426878427875,50.188593468071026,66.91022327265159,6.57852885384161,26.73093219238671,71.07674446104541,2.860227181715539,7.671189678575044,65.47146247198005,20.09084668352727,19.46579368368684,4.024543593129909,65.61218829194756,53.49092274789041,62.22640042574621,82.59198361929862,94.35204698048473,75.53046178399985,B,Sistemas,Laptop,Fibra,2023
9.26761015484065,7.652359260743823,70.50285104330341,89.02092136705852,56.656442769079476,41.98843762230783,74.9568463234528,50.240909201429886,72.90589007475012,5.14579318359096,29.839104193659225,76.33590009718816,2.5615149714036605,7.573131362327608,64.03534202819047,19.823544710617256,19.104308668912186,4.2039356622428175,72.01406493059453,62.51734886526196,59.201290045843535,82.2505860881249,98.02025831469757,73.14028472800972,B,Psicología,Desktop,Cable,2023
11.837771028458404,7.260654863776555,61.10586857765486,86.25279175160381,58.02024605491199,49.55365675290675,64.04168064378368,47.08742815937957,75.1775780754126,5.059384990524797,29.62449797690855,66.7142181213747,3.1808956877468257,6.959510196864111,61.513144541606856,19.115702282558367,19.462656445921773,4.0934097960778235,66.29834429265449,50.84549962096054,60.990860576228656,77.33473924228188,87.96968085559554,73.19266154288428,B,Industrial,Smartphone,Cable,2022
10.101460063609435,7.367782662231199,77.93236379989312,82.01749141209287,69.82250020152702,45.03029679102105,75.32413673407287,51.30772866672626,66.37575540778477,5.6241666105217,25.29696516389274,72.56290665768186,3.012569470118399,4.6692719087612495,61.19233980418313,19.62761613585124,18.534227576418637,3.4999708629023214,67.800265930906,54.81053807257666,73.15832377733206,80.75755622427381,94.93071560206344,77.29988545201574,B,Psicología,Desktop,Fibra,2023
9.262643110638946,7.554692033535909,78.02436470383374,85.28327504023842,66.42733855397717,43.60502402274919,73.18435644345965,48.724395388632345,67.868623969057,5.91240386517974,24.660450423899167,72.88467094782469,3.108658387564807,5.810341044210502,63.065904342425064,19.699878163812418,19.841195315474,3.6661038023158845,68.32527593764539,53.97803053387304,66.36624058799957,83.89512739918716,97.02414231182028,77.73894354448139,B,Administración,Smartphone,Cable,2023
11.095587867660376,7.988508741197637,78.78270778806623,87.24869540878998,61.161817727329804,41.92512004664357,74.19147246371362,45.83959549802837,74.59784523167724,4.843122985946353,29.438580625741224,78.06330491658241,2.681809116284929,6.643681106083616,61.23442493442986,19.31771095306884,19.84749698891559,3.9748855304000856,73.36148833273646,57.777401001026064,63.97871781942058,80.64873606748539,95.11636096385762,72.66384968778564,B,Industrial,Laptop,Móvil,2022
7.615620698089565,7.641832235120675,76.29197054220818,94.17354497743703,56.85560163791129,42.18830398058409,72.93394499884648,49.16781178177128,68.50427250128558,6.284275081415038,25.82160197628218,74.2863137085713,3.411650958001029,7.683622846646532,64.01421868647219,19.927878867617583,19.96020277300638,4.061133043789627,66.48410844846403,59.458529751642416,61.3213585117889,88.48602535738404,99.04438089169794,74.24254648034494,B,Administración,Laptop,Fibra,2024
9.875150793649883,7.968956206899501,81.23522658621025,89.84607771704019,60.67541737196618,40.99267720186155,70.68484367370294,48.87237112791094,69.76718777735053,5.795410535977791,29.07873048945978,77.69469471026541,2.2269281122338973,7.703778773839149,64.96939772477286,20.08712732347369,19.59806179375025,4.018809228320688,71.18384171825613,57.002877659478486,62.817996791120535,82.01515548057365,95.45297341842229,74.71564961473895,B,Industrial,Tablet,Cable,2022
10.175089668036078,7.598742294016233,68.29020511169999,87.50415646695402,53.712469013669704,43.835361376273376,72.7304752233201,49.17672408001093,69.3107690781138,6.717299248177407,26.450003078552747,72.74149678946826,3.0386140957798418,7.196321905358027,64.19188147755821,19.896199923910224,18.9507344443705,4.113225109881284,69.3132664736682,57.40613390116913,60.27998795505295,80.04848892282456,97.59453916956554,72.91337050209717,B,Sistemas,Laptop,Fibra,2025
11.816412256509627,7.736953690849615,69.75917271470323,91.61786352002765,52.90883812026886,45.25468749479314,69.5787927596192,48.83173578036294,69.68809165629696,6.972770653217289,28.727651066938247,73.2523901041262,3.1884247897500395,7.515459613849101,61.420958930472544,19.781939930202764,17.90418459208311,4.2007949860357705,67.0103742633702,54.2011575449367,65.66869741005101,77.27434548035873,91.87154961472989,68.39063745725862,B,Psicología,Smartphone,Fibra,2022
11.131030625233343,8.102824561491706,77.42251757987293,88.36779325661365,60.949739893216346,40.992713832191114,71.04465425775791,45.96269785053978,73.76040677142652,5.775026914871525,28.38519271775019,76.75651033417267,2.5061952739749973,7.081019314854174,63.17311616298669,19.893650542659476,19.726323189886287,3.905643711365066,74.14934460935864,55.43409603024941,61.256831593461534,81.82733289410746,96.07524504395536,74.32552418594018,B,Sistemas,Laptop,Fibra,2022
8.486241464327604,7.348216245208148,72.77393425664341,89.51122656765126,64.25939318138714,45.87850351276528,68.69782093269072,48.17650831171204,70.59716792697077,5.351571724073337,25.99558185123779,69.53887357791352,3.465682843057613,6.654156895532241,62.686832013955666,19.474175888544295,20.37443474262352,3.835284509757642,65.12048224765348,53.74941058682563,63.22865355999941,86.5114906593309,94.24419748706728,77.12089165004765,B,Psicología,Laptop,Cable,2024
10.442581120124073,7.922068730555361,74.07752894011846,92.64445976078589,54.763687953199586,42.202017671459366,69.09149281465476,48.40807434827885,70.92379879951179,6.560582194081194,28.60087106718583,74.66972670078671,2.754242511658688,7.844821589551719,63.71979099541022,20.152114689940607,18.913919968080727,4.096873700932804,69.90701218962623,56.116578252170086,61.6621620468252,82.11078833978894,94.87154468755342,72.01278175097592,B,Industrial,Laptop,Cable,2022
12.753463389420327,7.969767303327229,72.96719144627797,83.53540972178875,64.53109183222406,43.91122794733442,73.88656764749307,43.36459613976554,79.21184694429049,4.421721709457749,28.97602825897376,76.05792573629483,2.947487238523843,5.4594438750035925,58.73196577736372,18.992344073882247,19.795096811017757,3.758452006622002,76.04644438926965,55.3121688505894,63.92799825427949,79.41821400001201,94.14947137512233,73.26727695031252,B,Psicología,Laptop,Móvil,2023
10.516681314077267,7.784210999922211,72.29008766404777,93.05536407096291,60.000053885613056,44.16734954519638,69.53142042751765,47.7650077375677,74.56864250102203,5.545515824264432,29.005563997613507,72.8311615633423,3.2180008247681124,6.8770703385068455,60.16915409570015,19.773070637791577,18.76502159767651,3.8753004732147396,69.61354389872021,56.728623019162185,65.2048562838792,84.78219421310615,93.04770448162557,72.27083243226424,B,Sistemas,Smartphone,DSL,2022
10.701281263264008,7.722314027150884,78.31983272585188,87.68165693403839,60.79972614775443,45.09859377058287,66.52868371485118,44.999907961604734,69.63010349747582,6.0140028020989105,26.271824710691046,72.52247503308097,3.150762277056164,6.9857069397285,63.03659766847886,19.304239346867888,20.785225527018728,3.933473975669941,66.23568464236703,46.75417184370455,63.86921239059825,80.65067307374927,91.72235772541868,74.90764475006517,B,Administración,Desktop,Cable,2023
9.68262181658775,7.574242538306663,63.91834877687758,89.63423242354614,56.11168383356613,45.02327414592839,75.27052747761766,45.68396639326015,77.67907884973543,5.060279388368946,27.19068029027157,72.47372041121274,3.799275748308051,6.562686622154878,60.07576073419286,19.163980141024737,19.842155690772035,4.055245884174655,71.36746036383545,61.66548026248893,58.09789466724909,85.52348867236753,98.56390425194448,72.18693322690338,B,Sistemas,Smartphone,Fibra,2023
9.915160010801184,7.714320000881447,77.17794447206109,84.96306828311114,56.39863124555781,41.760459750836674,76.68074187308162,50.09664789306573,65.0313637249441,6.961040245802678,25.285476167943667,76.67457249788896,2.7728425495285856,6.672552001699257,64.83496268542586,19.94941817436941,18.961156878573078,4.009742399164633,69.71931055368205,57.44776989522844,64.50063306073898,78.86048267814195,99.43980556686718,73.7195841576431,B,Psicología,Smartphone,Móvil,2022
8.961971637141934,7.218135111300434,78.89778461382473,85.17413237966133,59.01124328164388,46.24063578817226,70.05059172551253,50.20692976697245,62.3704643132017,6.069553833569301,25.8266433894533,72.63442676523978,3.061826883847188,7.029094540998,65.05256602136114,19.23976697012153,20.28674910916054,4.116908777844098,61.01612269702507,50.57332118293744,66.95852267796508,78.10946937550433,92.3554230984651,75.10484244637607,B,Industrial,Smartphone,Móvil,2022
9.568983092920732,7.478726096540831,80.96719570354274,88.77475485472931,59.17369421374484,44.703753902865486,71.11687412473616,50.32432861622386,66.80799979882111,5.123799772594054,29.59294458280451,76.31366230480745,2.7599690634301264,7.280582339360395,62.8318336587816,19.263096335012257,19.53956929284977,4.160186985092594,64.1545293842374,55.59879040100081,68.83445805535749,78.9098238364585,90.7871001193143,72.33648733763007,B,Administración,Desktop,Móvil,2024
9.873528657470738,7.635912778633394,82.67243097969977,83.6959128982583,68.01336570573562,43.08227454548298,69.20561962894848,48.02854783463856,69.3433963817751,4.4916194225383546,29.003617467164954,76.14006542437343,2.1413334743419945,6.897718838301613,65.00918462301007,19.349035100227322,20.91963835242893,3.928129335741432,68.7970299172468,52.694857790342425,64.48508413506336,79.49880968690029,92.11419089701583,78.091138811564,B,Sistemas,Smartphone,Fibra,2024
11.108885949949206,7.842990209105361,68.33015772481187,85.06283550911074,58.09192859054944,42.53001388912618,77.5370976357141,46.81219792680154,74.14597014791002,6.150140732357672,25.95367657802157,74.81407798767822,3.171505947177758,5.893067810772029,61.425947472107346,19.72771248368197,18.86086192914895,3.851515546557305,75.12944575316888,59.982607352326696,61.00314050350001,81.47732656459642,99.99339915637732,73.23111381137133,B,Psicología,Laptop,Móvil,2024
11.695148551542502,7.581756834730978,66.32819014709605,87.4739265475099,60.07399768288492,46.926047330941174,68.68661261892704,46.43741064151122,73.24994796054659,6.344970585923828,25.863248366163845,68.34945595485098,3.6120377074292205,5.886242838642672,60.04858794194688,19.577129979623265,18.847575847457005,3.732961825219056,68.70089753005823,50.67057327282939,64.84103275827069,81.43213246794339,93.07349972672175,73.57072755894576,B,Industrial,Smartphone,Móvil,2022
12.224539367834293,8.089104680147273,65.5797206030992,89.51618033117535,61.10688861610622,42.15997248447331,72.23649052865035,46.3828812339897,79.87696787149065,5.780498419309433,28.83938748541555,73.04657360542703,2.8796904144505713,6.193837212115432,59.93619834791039,20.19733282148126,18.020053441447676,3.6958283822122393,78.19740866489649,59.86341195095953,60.720468534164404,84.00255791767036,97.27158576353573,73.14512727654581,B,Sistemas,Desktop,Cable,2023
9.777198153017933,7.713468731009268,75.31690068789902,86.90811260592652,63.67460448275836,43.30284808975464,70.45458848820753,45.86278612022998,74.45227900782076,4.60042085042827,28.448239062380992,74.65960936671392,2.761003221621716,7.019353530884478,63.34947782216922,19.3081180280047,20.929425121125053,3.980427743507094,71.00582194501409,55.90235278972383,59.57351804703366,83.18185896352604,95.0317573234133,76.31767511172637,B,Psicología,Desktop,Móvil,2024
10.054635620242678,7.75859372000421,72.60069039544557,88.86025430497234,58.54276003711729,42.7175389845432,74.08153005682588,48.656805289488894,70.70981196997806,6.393831103801068,26.291422312858234,74.02962932864381,3.129308020029043,6.558025258410826,62.39239298436877,19.956091746465248,18.829894492875813,3.8786963603694,70.85127209216697,58.096650584158255,63.50899030365842,83.25020230072391,98.09122779426528,73.60886587645844,B,Sistemas,Tablet,Móvil,2023
9.679430306880146,7.692432944209121,73.06891933926339,85.03157306601204,63.963344434326885,43.39447580907834,73.7955224244247,45.4982884784521,72.17012201759772,5.905011906638728,23.918595948931923,72.44498218249277,3.385325248935886,5.878301362017887,62.70224674525511,19.52799505517975,20.54167865783839,3.7156000864169147,71.39614714610985,54.33486534703666,60.64947574020477,84.99364410360153,99.52731946309748,77.42720933035287,B,Sistemas,Laptop,Cable,2024
10.69828923821258,7.518185888573958,75.0600985660966,82.84242868833522,56.31741794079708,45.355676932334084,75.26495792571282,46.16633616901179,70.22947805163864,5.06463739117754,27.534993378521293,76.60856523383609,3.1378362426161566,6.543570183359206,62.160086525923134,18.647059858030836,20.523984149973373,4.216451334585465,67.90003217977142,55.131797353150525,63.48941274783062,76.10258164276834,94.51730989944217,71.92141421628246,B,Psicología,Tablet,Móvil,2022
8.514300806068515,7.367729331209752,74.68118720243866,87.14215817786813,63.00651947011098,44.058011198237374,71.17888014539444,50.764495218888385,68.85373047254366,5.074293272673573,28.086657297568028,73.10842811501334,2.680975491122516,7.11634029683837,64.79903084663071,19.655479347270617,19.90119319625625,4.016740557522473,66.97910211717632,58.3014625823489,62.76009492779893,82.77704887066538,95.00029860962051,76.7723122559498,B,Sistemas,Laptop,Móvil,2023
9.63459012319604,7.68101642339249,71.51256671548401,89.20748861057392,59.9981550321543,43.31399892677288,75.70478881613397,47.990242486237975,73.34587362493727,5.549600277617694,26.84291974963534,74.2651652703407,3.376135423337392,6.257952647699517,60.85162426451965,19.611237437625917,19.144862135301494,3.8721180155042645,71.11355221838457,60.581317606780246,63.45211867774343,85.05395125795418,98.27764926762015,73.42299112602,B,Administración,Laptop,DSL,2024
12.284755777678425,7.9644495449625525,71.26057364381714,88.677795542599,53.241427059147675,43.368680346099,70.99617952107582,46.06619052336938,75.33013743205713,5.522357509050102,30.76209061053038,76.69581134847519,2.6586757029189094,7.521119796102802,61.69730619723736,19.452182054932567,19.08882780461629,4.228899535992293,72.68581350326426,56.83263460317171,61.095523291882046,77.00795408789241,92.9950911854454,69.51553985536736,B,Industrial,Smartphone,DSL,2025
9.84555151969841,7.706756242854361,78.98054051985527,92.17791545885403,60.44650227154152,44.6428628039056,66.8995745284871,46.961061543164,69.94550548348379,5.793731723219949,27.649218317245218,73.046090777292,3.213906971286337,7.295520254862687,62.11254289900468,19.516541950380656,20.072420149809645,3.951161208798835,65.2680580052893,50.721283194841455,65.91091045826248,83.65170851007062,91.32258582943241,73.66866861973196,B,Psicología,Laptop,Cable,2022
10.893947452179905,7.418067068074327,68.85407617759952,88.49806653339112,59.864424992387214,46.795404268270325,70.67028601165529,49.954873433295425,70.7876889518429,5.893869263810197,27.70760794220616,70.22250077161429,3.3727405359912392,6.066257637043045,60.047311374162106,19.610470814856864,18.072961858372317,3.8364583909090766,66.68712271874345,55.11552757988308,68.65499285920708,80.70512096848823,91.98683374600874,72.40101618903624,B,Sistemas,Smartphone,Fibra,2025
9.53285664037141,7.679121421294442,71.68857182817689,87.12742358527316,67.82097430805402,42.00359595083341,68.18070927790254,49.63914594900427,74.9423912685621,4.604307444778856,30.057101068173168,72.63114997682763,2.0023841138616376,7.282456611841329,65.50557031189535,20.18286075347411,19.765063303873063,3.8514353456741715,73.66133491948153,59.54022884712167,58.07031376000049,84.39200199381864,95.387583852447,79.31718662639898,B,Psicología,Tablet,Fibra,2022
10.01916699925308,7.602576600253943,66.76841534837882,87.3818620022393,57.16214316987731,43.99544077645467,67.80064350975682,48.32004782642629,69.57363223458863,7.083690201236537,25.21353217365198,69.14970494544589,2.9282011361078992,7.398407963943084,66.0312086972017,20.226349586366883,19.56805632251923,3.9699480366689666,69.34704342664236,52.95013560296756,57.004751354169755,82.03014453030788,97.3121930908561,76.50658262599241,B,Administración,Tablet,DSL,2025
9.199958991903497,7.801265020678941,74.74942140237452,90.76313859924142,63.10756710196975,41.8060171646038,70.83949101815067,48.55520045300362,72.38522090790147,5.7427131970236465,27.398989351570343,73.59652014844639,2.809781232655581,7.0610289154162205,63.60159799666583,20.13328887690623,19.532506124369807,3.826685257401189,71.31590610444087,58.152006905214996,61.352664868016696,86.58593034185637,97.2974875176004,76.3446520804921,B,Administración,Smartphone,Fibra,2023
10.356868429480878,7.439387782125373,73.31209437816496,84.03810594676797,56.26430544287366,46.24882689186162,72.61759189270362,46.6694522204854,66.51425818818915,6.620826709423459,23.935890022332213,72.07840838623395,3.5937475153438694,6.289945850785605,62.864239397189536,19.118965190859832,20.183811047684056,4.0132553306068335,65.12814318758937,50.02634132219022,64.3778399111012,78.31008893889137,95.44935905867833,73.55149599519311,B,Administración,Smartphone,Cable,2024
11.126177375263387,7.933300948262695,76.9576164375601,91.250724955286,65.77075721994686,43.615127320156084,67.01491737733096,45.57612609673282,77.71732538228859,4.3079016170311295,31.0274806419782,74.57318243546642,2.719474641001172,6.908252258457193,60.253937717334054,19.463159465880572,19.863454820336038,3.8271713017372777,71.66918885828807,54.4467777535371,64.53024250986921,84.03235794420684,90.3151919849429,74.17313372277604,B,Industrial,Tablet,Cable,2022
7.732742020791822,7.384685739561575,76.57008581375399,88.98780676262186,69.70816451163232,43.67928139808322,75.64631836688937,50.54346035533285,72.74039028566655,3.9539327589561424,28.1364631659251,74.16731549396751,3.1456342216370663,5.861961071053686,60.86097024881149,19.447189676368,19.641459895042715,3.716985958201273,68.81561127924022,62.51734886526196,67.02744136741343,88.65978388055336,96.57338926169703,77.22161995445533,B,Sistemas,Smartphone,Fibra,2025
9.993829679673985,7.501931473844539,69.95457009043446,88.15718778048091,62.02061205122433,43.54399547791637,71.18128436056591,52.99274257538194,70.61118283795314,5.537940614609537,29.819165131298337,72.49918076477523,2.3650630929097547,6.892029126679322,63.618230787857776,20.264983546908386,17.816049205506264,3.9126562912267704,70.26986903887271,61.194602219537984,64.85352122327903,81.26770573118064,94.36404895329377,74.95068865946932,B,Administración,Tablet,Cable,2024
7.805637683214805,7.397827252928222,70.47442217853092,87.99656112006106,62.28522521165355,44.53137459358582,74.4237571792947,46.366573331123796,74.29922102840116,4.534152436364605,26.047413973286194,72.58586963595782,3.591839519687416,6.639146787769109,62.54766508044802,19.06597142461525,21.26464187701406,3.9936952916163473,68.75682364027708,60.08731912708114,57.9233067473145,87.78835669706709,99.01160734738498,76.66671187780133,B,Psicología,Tablet,Móvil,2023
11.250288295829296,7.650692066718626,69.05610327517508,85.37601150535974,53.11482118650824,44.4900005795502,71.48947181989753,47.36259567412705,70.93120417200578,6.137196911104518,27.93311410832162,73.98147791345116,2.825133712632812,7.34339779182495,63.97987241058825,19.471406064833605,19.522841359248158,4.232647417879132,69.85340054858553,55.207456689710625,59.57286605576839,76.44671852829863,95.05377349995257,72.00994521696688,B,Psicología,Laptop,Fibra,2025
8.212126931343736,7.458345598568561,71.45294923004943,90.59507573358,60.95170763618455,44.200149264071385,69.6179488426426,48.522986142484555,72.03893860748188,5.175945468308878,27.563420461063817,71.64560350920982,3.108386885253914,7.497823059866072,64.14324495136907,19.632720187750383,20.421489365763467,4.043251355375034,67.37212460019826,57.9925174580558,59.032060559952946,86.35408250191122,95.93078392739591,76.31167884991598,B,Industrial,Laptop,Móvil,2023
10.961871981916364,7.584902076305579,72.82579997923797,88.55798590542886,60.085215611745845,45.25277005253747,68.51674539663841,49.63250943175987,69.5962732764265,6.104907523135419,28.15045241564173,71.63875005436401,2.906807534128165,6.716124642087175,62.140666362949695,19.829286584968155,18.53153634327797,3.891609220948289,67.32531148523363,53.15984839170794,67.0352938700541,79.85637960381653,91.63491226453613,73.40005261525818,B,Administración,Smartphone,Móvil,2023
10.010400485927619,7.680362054975759,70.22123471521927,84.62539159840333,61.59138608020342,44.184833265642965,67.22543314618167,43.56396119762157,73.59669336539152,5.7199782323002735,25.22675551708976,70.592214883574,2.9945494116338787,7.2113326579658175,65.6686298761413,19.42431351028401,21.857041380191266,3.9712116625578053,70.70333916946336,49.97057921848649,53.56524949143767,82.76562374405378,96.83611997657138,78.59749601233408,B,Industrial,Desktop,Cable,2024
10.463634371527295,7.490113488071113,70.57185494522334,85.33170583449143,61.66843695100269,44.7869551540922,70.51457769971096,49.97145587417162,69.47057225326871,6.022442827750585,27.059721258466535,71.20058586009311,2.7860622323554014,6.45918229746199,63.58140530807117,19.873829092602733,18.880878999519577,3.8633505014214466,68.93663218108082,54.98528279927339,64.07385138468345,79.99167525643192,94.59236963925602,75.67381148056194,B,Sistemas,Desktop,Fibra,2024
9.110958318671253,7.433221478420599,77.42658944837711,82.36439794351703,60.32949104793418,44.24826075803249,75.30344644257123,48.18920733542315,63.6256673639886,6.799005444357194,22.268782751927198,73.23672371969965,3.3669349049501895,5.9891088586312415,64.69843613604357,19.43059219129544,20.401879042886875,3.874642169240109,65.98199259904335,51.89311747831047,64.54519749511365,80.42467775922171,99.0518098481878,76.6874866496864,B,Sistemas,Smartphone,DSL,2025
9.783525539428043,7.724523151827901,79.81462433845175,86.40661090312176,58.16718496655946,43.92307847687055,69.45252687221222,43.59892041000299,71.29548663103985,4.930649631744041,27.678747182329225,76.51445279377047,2.931180188723722,7.754780177383797,64.5181876108179,18.76893798465809,22.25365692997127,4.239765780009631,67.39363759349483,51.006543613693225,58.53567287881724,79.91494643463864,93.68317981031025,74.50068231488036,B,Sistemas,Laptop,Cable,2024
10.964548510195607,7.963563663421064,80.94785643565933,87.75792075480722,67.98199521154679,42.508698327817996,72.75099791290535,45.630613045669364,75.81763334176853,4.350815090292839,29.220953733286727,77.22561326609912,2.810253754878056,5.911538010634972,59.64032299222346,19.308587940843466,19.877118350615977,3.6954112391460843,73.06102034910518,56.04031602732025,67.32630956968259,83.57236802351092,93.54754632531731,74.7026052326328,B,Psicología,Laptop,Cable,2022
9.912047307393319,7.54917897499887,76.64011774690997,79.32813700572576,63.46768078529749,43.04629594916695,77.53756455005477,47.237929457914895,70.88427959116264,4.557716223291942,26.827059942993973,77.84246691555899,2.708694655513403,5.840422091790237,63.41230540480468,18.93152179679501,20.684327320983087,3.9916735567839727,72.1225329996094,59.28649932335203,62.23234095013503,78.39353368141107,98.71493591244706,76.09139059728936,B,Sistemas,Tablet,Cable,2023
10.1420655290953,7.844298269735375,75.94889017966617,86.50094960622057,59.585896403038646,43.05876160759821,74.03611907524099,43.94810743316473,72.59497230814506,5.785420370190637,25.117449440722023,75.34877839729862,3.4035744680004383,6.443262199106627,62.176395103504134,19.208812926612644,20.900647116404034,3.926549140938294,70.97633006832523,53.871937126626335,60.601904265905894,83.1281552076957,98.27493618023666,74.47556663574304,B,Sistemas,Smartphone,DSL,2022
10.013527958444412,7.697107326949387,80.9430571171566,85.25552176873822,65.42834475035662,43.65517685814943,70.39968626775752,45.99961857530118,70.80360323610442,4.896943659908964,27.407038066193554,75.3630609368834,2.7724703155540404,6.6020098036692385,63.234592818984524,19.181692435000674,21.022817619574184,3.894510127505175,68.77803481778662,51.94440854253178,64.01258632429648,81.32276739114893,93.54790030032352,76.58299679549864,B,Sistemas,Smartphone,Cable,2024
12.322597877577508,7.738602262931231,71.51800679568623,76.44701953402542,61.08354797453397,43.03674075492024,73.34209909783982,46.49978165775477,71.90467746248618,5.398688919899702,27.870276200943636,75.80223079936397,2.0001186594029052,6.4033477929868035,65.68350313054793,19.393995292621483,20.184339760219387,4.039532427071824,75.25087679181196,54.30898926615662,58.160250926609905,73.31975271704599,96.46931283465733,76.38916565798365,B,Sistemas,Tablet,Móvil,2023
9.421058834081393,7.613627269860363,67.15249478640311,85.07677980201046,64.07081853537632,42.29434149231864,70.20129551461497,48.66210437862392,74.74492901844206,5.098327359402999,28.192058320246936,71.80693388431888,2.2705778574471767,7.25933587530192,66.35762856470882,20.077225546025808,20.139367910055025,3.946084716927717,74.23026602651176,59.96285840950553,54.07820736135307,83.66024565092101,98.5200588884255,79.23471824346728,B,Sistemas,Desktop,Cable,2025
10.479779950188066,7.875080376068669,77.27492776037269,88.42935382303554,61.67633428915061,42.5720324384039,74.3349389043664,47.08979461484109,71.64299102208706,5.926852928342404,26.50290424901308,75.60556092936383,3.169484790368128,6.112022338517133,60.939059672770604,19.675553692835564,19.225907550683754,3.772717231875271,71.24659887073246,56.19849758608793,66.21412118062148,83.35838970095281,96.78220586951062,73.61342677405926,B,Administración,Smartphone,Fibra,2023
9.61685354125638,7.696356676305962,77.74782380948267,81.40313458913552,63.31632450450526,42.361662206518936,77.53756455005477,45.78107250715586,70.01081686718892,5.542621753294773,24.13840730629012,76.59340758925563,3.115009795508734,5.721955521939916,63.3793278229088,19.19331759797758,20.91034391277291,3.840875056176892,71.94440543787825,56.290927367102356,61.73241033230602,81.67963219415432,99.99339915637732,76.85012193262389,B,Industrial,Smartphone,Fibra,2022
9.613842111538517,7.925821023153032,78.96569783261589,92.73523770896085,61.5292862671361,41.40495141760527,71.51006881287329,48.664038933574034,71.94528806450091,5.638882713685285,28.735244224410565,76.21325958354952,2.7861869854220056,7.185650907073846,62.259924620986986,20.022596897464844,19.136503378254012,3.886428115620512,70.66820532504595,58.46492965809112,64.9746087857946,85.54949964906365,95.48598507194087,73.75302563815485,B,Industrial,Desktop,Fibra,2025
9.494076813558932,7.582321393251881,76.14759748786402,88.263462913242,59.121061875128774,44.325566947926745,71.67391049288658,47.808401989564814,68.26513124064934,6.1336344410971835,25.759578667145316,73.35956558875307,3.293553265598533,6.782511600686625,63.00001593069097,19.501526695045385,19.9681182931695,3.963644882010139,66.4701665329061,53.58956627311318,64.3735666074255,82.43172347719705,95.49470860678369,74.307625033381,B,Administración,Laptop,Fibra,2023
11.840647139075822,7.979647281582493,79.74580141018735,89.18810272744972,61.87307112965445,45.34830317951603,68.34574571900555,41.76050623098543,72.21424671110174,6.412508544183047,24.372551858779744,72.6465073835186,3.898034051636688,5.816752692137614,58.84806823566709,19.110934757511533,20.498376933955875,3.651525391725909,67.72317591637382,43.905307861398825,67.94756033453194,82.91670354061914,92.2151735213101,73.05246016995451,B,Administración,Smartphone,Cable,2023
8.878021792812195,7.550938519423549,70.63359584827309,92.48595241664546,57.40298092805604,44.31646311900167,73.16325820247428,48.0259519890244,75.33606270675794,4.506337325282395,29.78030767761094,74.64837856508412,3.320630256967394,7.370210956628469,61.0319230713259,19.255048668410172,19.77673552518217,4.1717143025298125,68.68671472590252,62.51734886526196,61.175961110901724,85.51035417184077,95.26531530689526,71.93854074486075,B,Sistemas,Laptop,Fibra,2024
11.563982627408214,7.809001361643252,76.87361002642176,88.39868378740935,64.70605738266383,45.42471794700012,70.36848951682927,43.62087027526201,78.84222403841274,3.580490184064242,30.81918902081364,75.86330488097866,3.1681862899971,6.20991178621491,57.94011812075772,18.61826705614943,20.44834756405571,3.902556026222041,70.72562163717699,54.265700254515494,66.22022790537419,81.71323486431807,89.691843816995,72.2616553430378,B,Psicología,Desktop,Móvil,2024
11.075104333102109,7.655265615702847,74.73271780080727,87.99103762650851,62.76847420688291,44.00976579463506,71.1314034149973,51.02344537491174,70.35024813842583,5.645241739307665,29.390479812482695,73.7904200612538,2.603095622493299,6.334571079230442,61.44395740367997,19.95897679992283,17.87299013126794,3.8077459993529663,69.63358950667441,56.931143458476996,69.36963153784887,79.88709817311815,92.22000301180886,73.3913030186761,B,Industrial,Tablet,DSL,2022
11.072630010004755,7.654654058913752,72.32716440875934,89.6215603720503,63.88811038401808,45.46023152572939,70.81610782107707,47.800176259351886,75.13398092871498,4.912682270227726,29.148805425395445,72.51986870015003,3.2423055603141746,5.9502515614487805,58.70856148819176,19.43963245115661,18.672136192280913,3.747659742428637,69.73142506273142,56.19589403215261,68.28140397696308,83.07706932328053,91.71004359866326,72.88980883988208,B,Psicología,Tablet,Cable,2024
9.786162513502433,7.877765038982902,78.52541927866237,95.0872529727536,55.34261767461182,42.37843242473788,69.81535343827422,48.836762847247336,71.36517854299102,5.5744262105802544,30.651449393731063,77.09659621816246,2.786614976849633,7.844821589551719,62.36921903439419,19.78112735394951,19.130075139243516,4.20105207021149,67.94682281686812,58.353462525381445,64.62706516411356,82.99225084566346,92.64178740637401,70.45642496377427,B,Industrial,Laptop,Cable,2025
9.336562702465107,7.229348278000694,68.88583024310864,86.18753791347287,64.22127783448408,45.92762818792018,71.00376848670592,51.27273778427951,71.47700318948178,4.700795915408541,28.89774789212226,70.72256194108888,2.8292202810335723,6.481582949941908,62.816546876497284,19.566672108554204,19.096250882199534,3.922369965222595,67.60099804798098,59.223917873486386,64.1750649247272,82.01229369405458,93.42278206353454,76.20249633999757,B,Sistemas,Smartphone,Cable,2025
9.816593920847616,7.459976243904859,72.36228988113044,84.13257207878674,62.98663891696174,44.098489156815184,68.63583878352637,50.328803063860796,66.91725017690928,6.387549153165191,25.974342964161536,70.4725310094872,2.5154287163314453,6.848554421697759,66.32238107468459,20.098514646922613,19.526679949297904,3.865965726749371,68.20462010236496,52.776093167993736,61.749003092857436,80.13599696275176,95.4264534699679,78.33894941388928,B,Administración,Laptop,Cable,2025
13.23921656943341,7.874558703028814,68.70175150688048,86.07404356123126,59.10403751113653,45.77883298157207,69.28033504396366,44.39043111621811,75.6163738005986,6.0801718341142506,27.395795254041182,71.60897670096446,3.2773655160636235,5.916090701841771,59.38302090418477,19.408420720047545,18.923252135024363,3.7875632110179045,72.06331892552255,50.02849133315381,64.65510704463223,78.24100965347904,92.20946349485358,71.8732475672482,B,Sistemas,Laptop,Cable,2023
8.998103035409532,7.559838802252336,78.06547099441902,87.13838354970069,57.777070243031694,43.84351676616771,71.93701606138967,46.91031443841522,69.10723706097284,5.211007713023759,27.44793851273852,75.98625874601593,2.970102271577305,7.544236389294577,64.5226963448345,19.085096509844693,21.16119831460894,4.233183911335641,66.51755843408847,55.174525873618705,60.757062696201274,80.87763182084454,95.18072598172074,74.28529044403604,B,Psicología,Smartphone,Fibra,2023
10.00838737761622,7.726568430528298,75.7842342113946,90.28566262966922,59.39870743065134,44.117935815425554,70.8913074313127,46.40695154303148,72.64392159852788,5.333223924002211,27.995286405043874,74.55315795138011,3.232555608892446,6.9912530823069,61.465255625331515,19.32848163850596,20.051406770581533,4.004189079586922,68.35784981663937,55.13016485298666,63.67517729138844,83.22374778077038,93.93368035553678,72.97872705560201,B,Psicología,Desktop,Fibra,2023
8.033761586671696,7.432358384131866,78.41560083576371,91.95075746637839,60.249798727717646,44.1729123018165,72.61503526332345,50.64359993088177,67.67318819365578,5.39411836341408,27.65021791487363,74.42523810209119,3.263965738503218,7.0968975323150065,62.422726905398285,19.537168110630994,19.53317589560532,4.023337720388873,64.23887020797625,58.5969942769161,67.20687426042713,85.24022920145894,94.5360067386818,73.70057807188383,B,Sistemas,Laptop,Cable,2022
11.434446614052431,7.774293544939302,64.98052819716224,83.70874391526836,52.90883812026886,43.19734959278439,71.2846537951335,46.80412799757108,69.3822533430798,7.720674322664308,24.59501182683382,71.705143472087,2.837854550951597,7.348541357750863,66.4424503723089,20.083303085141804,19.45022166266259,4.1314742581183435,72.25294119080145,53.10728197265418,54.74156129906052,76.94095111618462,99.65611134990564,74.08342380293533,B,Sistemas,Laptop,Cable,2023
10.248585502895883,7.803114845885448,80.2780840425317,84.61754955500089,59.9444278720086,41.905151239611726,74.82487315748908,47.46980953978036,69.45969621862504,5.392488110296137,27.8667531576721,78.06330491658241,2.5324654142696823,6.877862896939034,63.99079451461065,19.38202417500975,20.203240999767488,4.072150919276122,70.89964463804618,56.73800918482273,63.27367917136191,78.73255242565067,96.44538743492912,74.121611771923,B,Administración,Smartphone,Móvil,2025
10.207459559879586,7.638170937090855,69.88939647190446,88.91284115962736,57.76839917261084,44.51015926632071,70.85407796195784,46.46343475216665,76.01137177567313,4.57131394701318,30.025574927275695,74.34037245517838,2.953096378130035,7.418190554902223,62.16109519344165,19.189735119948583,20.185542887330374,4.188238694713669,70.36419714645699,58.68707418167546,59.03220595463551,81.68641631061179,93.94381421860277,72.78585181830186,B,Administración,Laptop,DSL,2022
11.533588919541184,7.625081406837292,69.83768155043411,85.30369485418959,57.20557230347498,45.74832914038987,68.67078050129689,45.98231305826485,71.89947150049744,5.941313026467004,27.317182808524954,71.80028483206584,3.0316904565378437,6.892318267958946,62.91039628613106,19.330604762371365,19.921000049678455,4.0527396451450075,68.82828981860833,50.96575896754291,61.13027958864504,77.69287123825764,92.91087208644426,73.45233011091597,B,Administración,Laptop,Móvil,2022
10.027170856915205,7.760531791519617,76.89775720565663,87.83848232275204,54.866289359637236,42.80284614411532,75.00783490866726,47.359630344836695,69.49101732863873,5.919719093630155,27.2970407075486,77.43536173606782,3.0454215595557055,7.141768184691344,62.95893704957369,19.36760394912127,19.83801748284945,4.1702076559831065,69.10610376681423,57.36988870333978,62.985384082237815,79.94821647304408,96.81092028896784,71.66453243132776,B,Industrial,Smartphone,Fibra,2022
11.228356819602187,7.978642435844324,72.8021297783882,91.33172969435103,58.6754821137784,43.45604798406238,73.10503187646246,44.56438358409337,77.94916341688031,5.072136494325552,28.958545840881143,75.80116322246138,3.3932551659692907,6.524360751772908,58.66963736872676,19.2898961659436,19.43829629003381,3.924879927784006,72.80720915108097,57.87689671614682,63.46629031261424,83.98202524988805,94.89884408674573,70.78015675025547,B,Sistemas,Smartphone,Móvil,2022
10.3143198022825,7.592467942564639,77.59960990704049,89.31901541392142,59.27673967123398,46.06888349282847,65.58801481099019,46.12309978094482,68.18915812428472,6.179086106892358,26.344644335269187,71.39856104943946,3.3154313404770854,7.186685964122127,62.89294431598693,19.31619778147749,20.50529760577138,3.9854508508895687,63.65437656162032,46.569834642130964,65.17490874356403,80.89594236251963,90.54366718695765,74.12984006076704,B,Psicología,Smartphone,Cable,2023
9.769773623041928,7.666016520741565,75.66953802661995,88.19937026929085,58.566435411014794,43.14565510860314,72.5867920862648,49.234496279822125,67.99375014562176,6.379752583905541,26.432296724460816,74.26706593985247,2.9730936127412115,6.875285454166663,63.576460824322176,19.849797367399454,19.222084372685888,3.9602027680600367,68.33238236882822,55.888110825438076,64.44333899969561,81.65051087518944,96.39148212902091,74.03483883076133,B,Psicología,Laptop,Móvil,2024
9.654799076051006,7.689442996785768,77.24891445910107,89.22831888085231,57.269208759974745,44.15758795287768,73.64000566719662,45.70412188097899,71.28532135757733,5.399328287275137,26.916521273266575,75.99514262198781,3.4815593925019073,6.87417593358907,61.35605233085961,19.01732001922583,20.515094241655376,4.090132935167596,67.44602349230978,55.44542034971246,63.70522996431589,82.59157351484667,95.42510780094355,72.13483760446157,B,Psicología,Laptop,DSL,2024
9.397943985468247,7.810613743635701,78.37840280985192,90.89638965326041,58.40774704758093,43.19944311131047,69.08607855589118,45.944604099598195,67.75036713542374,7.031755310581688,24.04018950805221,72.71290551490571,3.447300348418192,7.172422134690827,63.81088677329354,19.802707480844536,20.45491048890848,3.892026469264004,66.5371596744119,49.67151437445892,62.56175138017917,84.97529666144555,96.49712602299923,75.03499060566158,B,Psicología,Laptop,Fibra,2022
8.959272215572415,7.693546395190591,79.74886766634434,87.68351184570045,62.013289166724896,41.626716094510236,75.99614473026531,49.71995272630449,69.42413308682214,5.212992321652082,27.953608017412513,77.78806764979666,2.698259116900896,6.753004755466129,63.32059627615506,19.648485755555118,19.60156469116256,3.973931541852077,70.12089982813315,60.863353651409085,64.94774529255606,83.00959081782159,97.55467626402194,74.70545688165174,B,Psicología,Laptop,Fibra,2024
9.496173594772703,7.513213095812359,76.18260203467932,90.88842558250005,64.96674334629631,44.79007700914802,66.01278489732312,49.81930821176221,72.06735479490618,4.526432095761662,30.79283404365721,72.50560200161199,2.561733505640457,7.42970133929598,62.960114137232196,19.647335214349077,19.647709058913712,3.9651788500107603,66.63365846600874,55.53717154700456,65.15133531760577,83.31838321453915,89.69525820516404,75.60207500388125,B,Administración,Laptop,Cable,2025
7.921655886160457,7.238699913154568,68.26802761452066,92.78146340939094,59.71011641873562,46.5356143827093,64.29589988235202,49.56845633188655,69.01891101506467,6.1500299996338565,26.046386020099533,66.39002107476696,3.451287686731027,7.785497262641545,64.84764964502465,19.893954684766857,20.152125570052743,4.000468479152544,62.53610354752549,52.711712407701086,59.78347784459707,87.14583198377031,93.46671101964519,76.98998844221083,B,Industrial,Desktop,Fibra,2025
10.539162899935825,7.784088207931662,75.32598310249519,87.58239483025855,59.32751442127353,44.33206440704019,67.84827235757399,44.32147515197288,70.95076977164858,6.263567665428725,25.447198385646587,72.33588443323177,3.2326198239360444,7.046705986868581,63.532413078075855,19.428384622726888,20.900970877758517,3.9465751877030195,68.25121048505913,48.4865574182436,60.450869189744495,81.8435362029678,94.5579238381926,75.21535747286894,B,Administración,Laptop,Móvil,2024
9.012042151175304,7.882535781303526,75.69685461522297,89.547636198435,63.908726672041155,41.677272552684904,71.05717127674014,45.25337472944788,73.58476569741714,5.740465593449068,25.39837072247767,73.51002106030394,3.1295337983290716,6.880119451785188,63.72241278005218,19.821347115041515,20.886402738231194,3.7871068461577426,71.95921007315923,55.30079613031589,58.295246866892796,88.10927608860135,99.15292095953538,77.69045085735536,B,Administración,Laptop,Móvil,2022
11.535616083823344,7.594641777341045,73.24219918763166,82.04146343409538,61.38153316816171,45.035375890796345,72.51340099977227,47.05177905956589,71.6709512812316,5.176771199051974,27.993973868930745,74.39496894703679,2.7527739590215985,6.152384926458294,62.30169785269373,19.1570347239,19.75391826102418,3.9634798980359713,70.43284538495796,53.90689444911691,64.17700362342319,76.48419309961008,93.51481030035623,74.2060393630764,B,Administración,Laptop,Cable,2024
10.926592021969043,7.902901620982549,74.17208737522638,95.0393760241611,54.318445468970246,43.97135010860708,65.9741148448104,47.25475924130003,71.88812145679113,6.45332815347015,29.138797959115887,73.18199380817094,3.083668909038813,7.844821589551719,61.92506328609817,19.91385851782491,18.95004101447012,4.087346022995134,67.45458703150565,52.632706727797085,63.9055891560785,82.34674689494229,91.27148253927581,70.55938708590975,B,Administración,Smartphone,Cable,2023
10.892157529863088,7.575700721008626,75.88647790864266,85.42677323061287,63.811282690110424,43.60081657783601,69.06942305703369,52.216456844510425,68.3089025530888,5.512255695962004,30.17408384017412,73.9072429825583,1.9848083115493496,6.895965070460992,64.43694973807267,20.083299156854242,18.302251503165497,3.912976019949974,69.32779870712467,55.989418509430784,67.17972477475305,77.3260946241849,91.40235195109138,75.45831042907399,B,Sistemas,Laptop,Cable,2025
10.009635942053812,7.596928259548617,79.36454615411265,84.95936697438857,66.75410366896197,43.86115604588418,69.014955477618,48.8326005713986,67.27953436024248,5.9165755997789224,26.078915068582113,72.50234470521745,2.6653440923176834,6.332097073914665,64.26160880946287,19.79866572249945,19.89357660606822,3.722058464404389,67.71565357662773,50.583732373670884,66.321723852799,81.25785069663635,93.7111438190116,78.04608341992655,B,Industrial,Laptop,Fibra,2025
9.795442855731961,7.705321643957983,81.38518793553479,89.4363060038315,64.95921369842833,42.75124176677102,73.20589019083621,50.31676495284139,70.43510883615711,4.817767468916781,29.78446050524497,77.04818745193984,2.6408403057727314,6.480264733198284,61.22917121889789,19.644188642123375,18.86583801803039,3.848903737855582,69.0546886805243,58.99085504593792,70.01353062848803,82.64566179209821,93.02752273685944,73.80317355059093,B,Sistemas,Laptop,Móvil,2022
11.133516517963205,7.670913932553122,77.96083402121485,83.04194284024533,62.01032539543481,44.76160591707459,71.19416024804819,45.768441924699786,69.2233123170229,5.759858058544235,26.017152145985374,74.2587268746916,2.9907793470564017,6.181166580987519,62.726691032182735,19.156403932559275,20.430762532814317,3.8900148315441547,68.43762354550823,49.51217995002639,65.14645481955841,77.95550005348798,93.65603811323068,75.04565365282568,B,Administración,Tablet,Cable,2025
10.191347249481458,7.629943306959211,76.534033734846,86.44667916826414,63.74505725545775,44.57086357999522,68.5793933431417,46.44814758699356,71.51074541661346,5.16442873279474,27.568970085097767,73.09122054055125,2.873637693317207,6.796977618635102,63.18458551825826,19.334953267138136,20.606879406622813,3.9147516020606807,68.27641393011238,51.752506098340525,62.91309529281519,81.52167698538634,92.87934901422786,76.16207947886339,B,Administración,Tablet,Cable,2022
9.12804705646068,7.615749324937035,75.01371065391236,96.1890248974823,59.22781341959872,45.122693036814844,65.64127539421166,48.05931519211483,72.47982421911566,5.314119095183108,29.42268292087638,71.81725400222771,3.30660257466226,7.84439700117118,61.545496997358086,19.615211075982007,19.724571671250597,4.04221303396406,64.69765711831128,54.51258894940416,64.4342618124408,86.466688007714,90.5675746711778,72.81081230785429,B,Administración,Desktop,Móvil,2022
11.473098590593741,7.994559520535592,75.3233559557021,87.53407617947212,65.48116835603346,43.7481810733304,69.86028776864366,42.89336010442657,75.49488416128148,5.868541873006889,25.193388053778687,72.36109269047857,3.4406928569447666,5.710241877161158,60.08112147548168,19.49205324217664,20.276201663723356,3.5667709360469098,72.52000623165738,49.44717628755218,63.646172977890416,84.80907922872488,95.38917781129815,75.78902915458613,B,Sistemas,Laptop,Móvil,2024
10.291402001051214,7.667916478597943,73.52462035943655,84.74037108026992,56.648445906810196,41.99976247912896,74.12640400623954,50.82571257669856,68.19692555056074,6.050847811993664,28.530586933460604,76.43162477230645,2.2194609263634053,7.332820076285495,65.73390454685818,19.966029146802292,18.902852047911676,4.16035927200729,71.25953428619394,59.82046680452011,61.388699881619694,77.22561590115895,97.1502615015552,73.89507113182592,B,Sistemas,Laptop,Fibra,2023
10.454014630528961,7.684819740037064,79.10411740335626,82.54935065695166,59.23561925946725,44.77326940073849,74.03639915335333,43.03817343654556,68.58912218047922,6.0526589391353145,23.313487619317836,75.12952027205657,3.600062243538117,6.037954703593218,62.50668551945482,18.720994849241148,21.626815677364927,3.9557141029478284,67.51253927981048,48.31922372484813,63.00561378804948,79.327783233272,96.78033465571454,74.63689035984325,B,Administración,Smartphone,Móvil,2023
9.519898450835296,7.437050602792238,73.42642907855817,86.43919660789491,57.53813982946485,45.493204330654876,74.87246138065736,47.34374558623999,69.57572852990481,5.569544873971367,25.918995039995945,73.9276523717266,3.5744652506936117,6.389189371259768,61.66048424143257,19.013354345782073,20.103203176346046,4.055743683587802,66.3918097668624,56.03574462521793,64.2891469826674,81.22692279786352,96.07140692597123,72.92920435753965,B,Administración,Laptop,Cable,2024
9.27438195116086,7.461842320956767,67.78650347682306,89.46569436212668,65.88860895081923,43.79425413157117,67.47383634189778,52.28111701704238,72.07413056296281,5.554347698328125,28.778605044121818,68.9851261348478,2.4583614370791986,6.9956048404140745,64.52563944265988,20.510822379859917,18.419979304184025,3.759950635062997,70.18921636239693,59.103575709992114,61.79346965225646,85.37518415419649,94.700490163531,78.25440517224098,B,Industrial,Smartphone,Móvil,2022
9.909405019134129,7.721638618560489,76.79819832868262,90.43558834315466,53.516380352973584,43.663341466410266,73.44557370449105,47.97531574352178,67.37097313290126,6.7286609892483105,26.056604748907453,75.42122329864297,3.4155759411503364,7.097706219896623,62.28734875868133,19.564341365762132,19.309285016304816,4.0964723977384505,66.40773185576222,54.90680020006529,65.57694567243357,81.2036489361267,95.96209613444913,70.89173156397348,B,Sistemas,Smartphone,Fibra,2024
9.116395168109873,7.788447946110606,81.62201324264709,85.77419005968132,64.2307670681613,41.6938043927421,73.73467842791354,46.918860415631045,67.37784919231557,6.300428120787119,23.894957301088514,75.3134780514997,3.0218510445455724,6.3213468237982,64.39074096842216,19.73316030719326,20.6223188654014,3.7558998708660827,69.58013951629479,53.07578707721401,63.57032844607879,84.1906987202304,99.1005137671246,77.64714319817425,B,Administración,Smartphone,Fibra,2022
9.396688118243281,7.558724994782086,80.07075544430501,84.4484363197144,62.04348893413477,42.285710803514654,68.73978729366326,51.37762968582571,64.3649763848224,5.976940879237433,28.094463260106025,74.96555113156153,1.8828323935260327,7.747388490085896,67.0615437783493,20.05326188117871,19.947517793053922,4.08747267534461,67.46855067035366,53.8825525888101,62.43709680315021,77.84749062063104,94.14663106732385,77.7193138289932,B,Industrial,Smartphone,Móvil,2023
10.68859399084801,7.889793435254843,81.89737934133245,87.38446276544944,56.40830031683219,44.028373721344614,70.46685261289726,43.12908830199336,67.22193453421497,6.910084936472439,23.67923374487272,75.14076923024058,3.578949091938156,6.803014767223205,62.723567383212824,19.1255271065228,21.17636816265121,3.982930578792998,66.10812765890414,45.58631226891704,64.2645102757005,80.23800340352297,94.97970079136934,73.05511465369604,B,Administración,Laptop,Cable,2024
10.079218361573746,7.328487465948555,72.30944153211964,86.86793033646961,58.900231817831525,45.854185597562775,69.47182520864604,51.7977807005885,66.24567716599068,6.129625842386263,27.86688364215512,71.30705655408629,2.8060215325251754,6.923932141618261,63.82467625149905,19.78623040240547,18.584912541716395,4.019345122405606,64.8792043038351,54.468729952545644,66.83813787364224,78.36914751552462,92.05749867791788,73.99962260638752,B,Psicología,Desktop,Cable,2024
11.195128621102576,7.992773384010301,76.27360707287181,88.51345063775065,58.2640903369076,42.498650639087096,72.14227661213526,46.10132564083674,70.14463108411155,7.020066743237491,25.180536854463757,74.48025033689969,3.2042043038531496,6.44097137860364,62.01974492865406,19.905458656821207,19.198465387540807,3.7998909526695357,71.04619046130942,52.13892500900586,64.60926505119507,81.83711271796417,96.9255649314074,73.17318628515694,B,Industrial,Desktop,Cable,2023
11.873408123057402,7.561442586593701,67.7100290235849,86.71820527251519,58.64108012163376,45.56306141871969,66.374897791319,50.21514366079226,71.25245680607095,5.9709189362666235,29.9257408254232,70.62466125120582,2.4190972538736815,7.16440735995659,63.50209164912864,19.98176879372254,18.208709597253343,4.009141516419805,69.18895619850731,53.73188840753024,63.682683422319734,76.63886057127174,90.44828719077145,73.49335088694998,B,Industrial,Smartphone,Cable,2025
9.923681324511824,7.763144540845248,78.76761707677265,91.96968785273093,56.555215587629235,42.64761503933022,69.21996724715093,50.79795680008077,66.06166834159045,6.785542585954056,28.097609510429628,74.81936737278518,2.6765919891651837,7.708135001427339,64.18665198679454,20.20420280887153,18.57092178289383,4.045267104447003,66.48845159763117,54.695520924172385,66.63849234576465,81.02280091333422,93.4324296627832,72.54404681682996,B,Sistemas,Laptop,Fibra,2022
10.719543341458944,7.3550009567667685,71.70703334117975,84.71483300630965,54.638072758276266,46.74092269054595,73.71138888517964,48.32579488099249,69.44926191357628,5.247271036317805,28.42064032088808,74.53957167313894,3.2082117274868964,6.701155449936444,61.656567771808355,18.81560181757802,19.56168939133282,4.239765780009631,65.75602925232819,55.8663288709133,65.39042064227614,75.7107122755584,92.4836683654949,70.69526502661594,B,Psicología,Desktop,Fibra,2023
10.879211023430083,7.982743958927639,73.36151377188799,91.58769962317085,56.35216616745625,42.14684137808377,69.91856355981342,47.08672331953453,73.98615549098601,5.905048378386303,29.406989856089453,75.45427041557534,2.7190694943521336,7.66211759882686,62.74142659593683,19.923216668019908,19.18236636906695,4.072681078009261,72.03372415875079,57.14046757935684,60.81404812105691,82.07105301963188,94.84466905234427,72.03554917360924,B,Psicología,Tablet,Fibra,2022
9.277546617554664,7.89428005429229,71.41912183942095,93.87666642445919,56.98204184315843,40.99267720186155,66.22118370796336,49.06182858565372,73.47016070825347,5.89202931694465,30.171321782291027,73.67449059846932,2.241065594479063,7.844821589551719,66.52450632269024,20.47389813120166,19.607135545556048,4.184000838208148,71.66853088415,59.19814879943307,55.041457012932824,85.04713058541914,95.82505705963106,75.12074827707875,B,Administración,Smartphone,Cable,2022
11.515400937729465,7.57464171325854,70.71911380102338,82.33995403630557,56.420247070052554,44.58628721432371,69.93788858777269,49.366459938770795,65.6454135841124,7.3085951856487075,25.486673052950522,71.52307536096232,2.620070983211242,6.779752437791561,65.71479120321165,19.981942909929163,18.916141000578207,3.993208263373397,68.58919972894029,50.53107258484004,62.60526676524878,74.85746770771115,95.14049593205777,74.8146710336219,B,Industrial,Smartphone,DSL,2022
9.704027899465213,7.526840807629258,72.57139818860368,82.38020666943537,58.855917495801535,43.039446555155706,77.53756455005477,48.77086626979762,71.14574570830928,4.988587530990366,27.20593157237917,77.54392398181457,2.935805089235103,6.086868277009115,62.62669069808576,19.165406169710394,19.64704291716017,4.079773779157254,71.99020023858509,62.51734886526196,62.27974075187394,79.3681534448936,99.87097561298465,73.60423739721804,B,Industrial,Desktop,Cable,2025
9.436619963827495,7.975640853489948,77.7101262410859,94.67699041069656,62.6115819344452,42.28513411972857,70.3811405933442,44.514613119021284,79.25091817596358,3.9175238379378268,30.78863416984389,76.95646051907613,3.0895607308485573,7.474854364009946,60.19285883549711,19.241996540363736,20.739515908978323,4.007065970376779,71.76982566868747,59.474998134673044,60.93955939952275,88.35299319620412,93.92529983301324,73.15941349680561,B,Administración,Smartphone,Móvil,2022
13.080191981988728,8.066443642646824,67.50448239088615,85.32386572173218,52.90883812026886,42.297729369583486,73.09836978315295,45.94893837442924,75.28467228465972,6.2675335811031365,29.47605015329127,76.66938196901151,2.4678656785469752,7.26342420017604,62.90347447436094,19.750030286009213,18.686134237407533,4.198620288452103,76.2490929343828,57.59433719985664,58.16046419256861,74.89674208560277,96.34554572484154,70.02121908416044,B,Industrial,Desktop,Fibra,2025
8.54654309767105,7.674338037351878,73.90652775138969,89.6162229635505,63.38684710315501,43.132115230386454,72.71079053441147,45.54572969622098,75.25983744829131,4.708346112712887,26.842253828289582,73.92057300884242,3.332631461059985,6.810910406982705,62.319956977424845,19.315523352707192,21.07042699577553,3.915692167202258,70.57922874004095,58.488625069845725,58.842497036657676,88.02690918053074,98.0130034588362,76.39842184960149,B,Administración,Desktop,Móvil,2025
11.598920628605146,7.892058719070194,68.21680313091315,93.39783992796052,57.454890392628144,45.87819976122285,69.29319392944858,43.03098187717378,78.80259200182574,5.656698602280821,27.44392660434125,71.25569347380716,4.025065274323037,6.385033145307859,57.325391518643755,19.239840228655403,19.453694490392103,3.837162356256594,70.3068613541927,53.00184151955426,63.381799771115205,85.5130043666846,93.09911432454726,70.41825802483777,B,Industrial,Desktop,Cable,2023
9.446133499460469,7.565281886245601,78.45111571441569,87.00780812314854,64.55391629881747,42.512602221768184,71.49936551617206,52.33593597520214,67.7342056176863,5.352058373749518,29.257048213326904,75.15633888183953,2.18709509819653,6.947017926151536,64.65904762612472,20.059038451567844,18.80846895101137,3.910715977220118,68.90763851427033,58.690277232325684,66.58384079524518,80.91531324524425,94.07621637469748,76.21071734303527,B,Sistemas,Smartphone,Cable,2023
8.93348327740832,7.232760968209935,66.41777600257285,87.82714284321852,60.14896822722894,45.99831817975539,68.01014434347665,50.326330272388056,71.18072735575434,5.203660567500617,28.41140702666002,69.29531446444133,2.8694215801988996,7.4592457771884275,64.83551939375138,19.66749558252425,19.772333861660258,4.101089820256683,66.47604251131915,57.395337060714745,59.13058875315822,82.4478394460025,93.8124194945529,76.34587054815003,B,Sistemas,Laptop,Móvil,2024
10.963652558208942,7.6706482381210535,71.09724702201505,87.54129053175355,58.84761783575347,44.699853451005566,71.92431897067988,47.70503710587657,71.45482615148434,6.168022772425712,26.70932818407625,72.48121906609767,3.2404311458650197,6.317577844193691,61.35717002937942,19.643314751685676,18.917302322203398,3.8734814462973923,69.55578721941085,54.6914402327919,64.78809556609245,80.96506997251865,95.00532665313453,73.05612823448314,B,Administración,Smartphone,Cable,2025
11.256166245084325,7.847159076980992,77.14215778783121,88.2719902647637,59.79840333990878,43.55381584796669,68.10676490024146,46.94598228548586,71.52764264363084,5.640314696635044,29.143454082208834,74.9409966246841,2.593068224664848,7.276447323474947,63.00758474851587,19.606746114039904,19.687250352793306,4.013052334700169,69.56576830816424,52.28926134977726,63.90313951621383,79.19246459750556,91.7839142029354,73.3953066205414,B,Industrial,Laptop,Fibra,2025
11.158464212191072,7.6549331574836375,73.39763374429364,86.96502077949694,57.777829211166626,45.39896331050603,68.23229438097711,46.51525230878739,70.04713394503362,6.182269818537623,26.97905614436203,72.23858310798457,3.0821006333782925,6.951897906752736,62.844515141633735,19.433833625260657,19.835276404047487,4.010306848668995,67.32429251756656,49.979962447982366,63.450728793567336,78.74293178580385,92.40949288872835,73.388821197007,B,Industrial,Smartphone,Fibra,2025
10.002397219617997,7.536337243611311,71.23184628328816,90.86958721193913,57.15088501269898,46.537325896817,68.88995681342124,45.924260106561,71.35609932018548,6.098740680843894,25.824343393348894,70.38195568154897,3.852310647315611,6.78733197310486,60.88469821963618,19.262268775172807,20.00678946323717,3.9666146226611674,65.09609995915005,51.272701270195405,63.77773122112333,83.70909196393374,93.31381634583121,72.71499073851244,B,Administración,Desktop,Fibra,2024
9.716914151338433,7.705419986514387,75.16067911311123,94.4400304215795,63.10393321351461,44.50863787103486,67.33357731776685,48.09737290766137,73.62741913859038,5.285046423108804,28.95521345317958,71.92043840633951,3.239850870540949,6.995524632998826,60.47887496881612,19.768028948634623,19.20740500340967,3.8143544620192626,67.41840536413925,55.10515055477913,66.34598803413992,86.88605573530134,91.6212822344096,73.82566902599231,B,Sistemas,Smartphone,Móvil,2022
10.149052883732136,7.798499084763641,72.7538609811832,91.06753070362235,64.28304780564304,42.839598708541764,67.71597936116021,49.21140256515972,72.00745196544302,6.2896354306359505,27.265467141823507,70.84294758033833,2.79692967276538,6.790591736496482,63.031974513055104,20.434096760218726,18.685031474771762,3.6736959156645628,70.8242810344006,54.85911176278211,63.67432239719989,85.77136595860019,95.0119124630169,76.50622574714336,B,Administración,Laptop,DSL,2022
10.578020136409505,7.751959131115269,80.57220295340578,91.12147617082125,55.4754959471518,44.260123207943224,70.64014315104586,48.21347843726418,67.24240442007954,6.284188123590743,27.990000602655638,76.03301033152708,3.159955891562921,7.202732036858017,61.55141129413588,19.4559949895938,19.15120941753884,4.0869668270718185,65.0821223564369,52.4448721855971,69.18267570224764,79.46977736511194,91.62197933113688,70.24377750131224,B,Industrial,Laptop,Fibra,2024
9.960429989492853,8.17026407534168,75.5053535335625,92.77939258031076,68.70747186430775,40.99267720186155,62.893043784526164,46.90946264891777,75.095191883681,6.308980319271392,27.518775095267593,70.99850209203183,2.180125934480924,7.653555517062977,65.9157017242035,21.00767286468129,19.825273664430455,3.5650011067847935,75.209230066824,52.68016846643338,57.04350818066051,89.60786958143333,96.42514960599753,80.60579008340972,B,Sistemas,Laptop,Cable,2023
10.307810910957917,7.462537049504526,72.0638767672725,87.42611550975721,64.68981846943956,45.77313948730495,69.28993387776735,48.317639992180915,75.09882537051547,3.977065489625611,30.742026880205678,72.79959741939962,2.7766383218551693,6.672924049072384,61.23680296874191,19.188672058517486,19.725955806538657,3.963435594305378,68.86631004948505,57.20655965119056,64.33897865573684,81.48273436404934,90.70075586786163,74.72818729869182,B,Industrial,Desktop,Fibra,2022
9.40623364898916,7.588509038041718,73.3609563959309,83.00037867997278,55.694783136317994,44.0881238164077,75.88846662490539,44.09738597469064,68.85517917571143,6.355184876578456,22.63658027748436,74.27731234079077,3.6431396391763156,6.527676368971997,64.27416941361578,18.971427853328894,21.606661348934214,4.093386383258465,68.53693770084217,52.930961106566386,57.623919583712535,80.98135550153879,99.99339915637732,75.08611312012013,B,Psicología,Desktop,Fibra,2022
10.935092039084351,7.915338611741823,77.57699338460974,90.87848438592603,58.15135067684628,42.66163344030725,74.06128303763968,47.767883601482666,73.76576301492157,5.070666965172113,30.40471875235808,78.06330491658241,2.8851312974659953,6.865459652648808,59.97166076407174,19.448255331318038,18.80520278677686,4.035985273594095,71.16017913058442,59.66311219787863,66.99762315065854,81.16133777463835,93.61633729714528,70.09590916220444,B,Sistemas,Desktop,Cable,2022
10.656900302662034,7.357321578177192,69.21554888552825,87.75084233350559,57.13913877623382,46.44019265949141,66.49977615715594,50.957857129964964,68.73298155508104,5.858988408992081,29.496207303285274,70.47565080049593,2.654018168377486,7.504909552270221,64.06427236705885,19.740487882139192,18.729630137400523,4.141566041133381,65.37101993470273,53.8092840070308,64.09585871350461,77.3444326715544,90.08669288038273,73.3076645045089,B,Administración,Laptop,Móvil,2023
10.544843428190191,7.9548186910525,71.21184035927999,91.32609082393098,58.90025298647458,42.44542925589311,70.22385255037484,46.217066014981356,74.79445491967344,6.175418219367911,27.261434420484395,73.14423248061155,3.091149210622972,7.065461224337022,62.20254201040583,20.008164171857047,19.362136990874514,3.875024795813811,72.57980051551993,56.17387069550393,60.06244576004415,85.08815607232384,96.85913085102153,73.86545741773938,B,Psicología,Laptop,Fibra,2024
9.890357449846189,7.501397379051509,77.58163325962457,87.36573106838863,62.51718038664316,43.34314821458008,72.07314562033609,53.667133692132474,66.1536064352103,5.740832680994657,29.344859881379023,74.7928624604576,2.3060639160082887,6.746967369609689,63.715626230471415,20.108367901586504,17.909259367879017,3.9151195575556343,67.55189543523474,58.69568851729201,69.77646570845127,79.27287350611425,92.9907078499148,74.39125892534702,B,Psicología,Tablet,Móvil,2022
8.84163404330879,7.677929800842034,79.95309126957663,90.01300779052495,59.25350372079539,43.433318075981674,77.53756455005477,46.65548675588823,70.22961483296254,5.406446230024578,25.763905567632435,77.19838554359265,3.774411964708472,6.199618015413656,59.99116870152444,19.04578586273684,20.147343165209048,3.9461022450573155,67.37269687090061,58.292292097393414,67.10570605312087,85.34733067080934,97.70764697229768,72.14100734586762,B,Psicología,Laptop,Fibra,2025
10.494419335874024,7.928903009754887,82.67243097969977,91.79734518292726,58.482415739340304,42.502798381937055,63.64518416903986,48.435924682034226,65.19106960092765,7.103117445947619,27.608806521709404,74.1080360795716,2.4476146271248913,7.844821589551719,65.73310865272666,20.229019189136256,19.642757753164755,4.0048545697950555,65.59560787236632,47.02339149036406,65.48126274132791,80.22491145917182,90.83245755748744,74.36107827008313,B,Administración,Smartphone,Móvil,2025
10.684745893876082,7.996915819893655,74.62811823131553,93.34938290997562,57.23295694913618,42.85073749545502,67.93588923053528,45.44833687653508,74.99309135681193,5.713191661211457,29.1312713883695,74.64710172295383,3.0026383803033845,7.729863096507652,61.943088202348314,19.713910623848086,19.816788775373638,4.045219407324917,70.61468137603424,54.60658118624911,60.88518797345952,83.91824701337599,93.5227688491766,72.16046388767231,B,Industrial,Desktop,Cable,2022
9.06325165737378,7.542244219102216,80.36024311811462,90.99114890998372,63.00281571164823,44.47562672000531,65.5244057970524,49.47726412994114,66.91233532128257,5.781733491087445,27.816172743331116,72.22784766781562,2.8035254188374426,7.535352952339715,64.36792958505606,19.7812472542117,20.03703744955872,3.945090566615886,63.77747258294738,50.79805466331864,66.16211526371066,83.24802137534628,90.86210407779501,76.05047697449898,B,Industrial,Smartphone,Fibra,2025
9.851747867211975,7.461730886154318,69.12514433340266,84.02964164496643,61.434897613230014,44.47242709829201,68.2484002876792,48.45726143217243,70.2904731795422,5.800687755300442,26.778159258098334,70.45113831214259,2.576092820667162,7.198565128379544,66.31736824728318,19.792879967483586,20.283306735710806,4.0034803609545335,69.35017287270811,53.75097883962606,57.457817219898175,80.30077165780783,95.63758071131885,78.03593165155168,B,Administración,Smartphone,Móvil,2023
11.98700458276675,8.11105843309427,70.6975151350677,92.06799431368535,59.62676575321693,41.49793743960686,65.00418632714421,48.8553911957041,74.67455460212635,6.474678042815142,30.47676742381726,72.67760174393341,2.1045021527062056,7.785433974376092,63.89166200131886,20.76087414949126,17.96801340277314,3.871159706948905,74.46810643818095,55.30324712498091,60.840385815564346,81.67538114757721,93.01729380966111,73.95335662296574,B,Industrial,Laptop,Fibra,2025
9.473446518413457,7.748530071625288,82.50108911115181,87.44322280068909,62.24565082785847,42.05117254088724,73.9226763841827,49.05609426384061,66.93440901247901,5.945222816887332,26.549566816368387,76.88426732458473,2.8016145821600986,6.6042209159507195,63.42627127537526,19.715695060571182,19.645083520062435,3.882340115715809,68.44494408850554,55.61536754865837,67.15634443480552,82.01216720240717,96.24106821468797,74.91358095220296,B,Industrial,Tablet,Fibra,2024
11.08483760779083,7.82119798135753,76.55149657668295,86.62292760175876,61.77026240753075,43.33438668651887,70.13815162762558,46.645406744045744,72.79185055393111,5.214166780410225,28.95117368244267,75.39570085208719,2.603618625366036,6.879203059456682,62.68642943272953,19.478663466677272,19.898950695207482,3.96154030242241,71.03137157594621,54.10961413205953,63.26565085328113,79.77521197313547,93.19659680212871,74.26525767049434,B,Psicología,Laptop,Fibra,2025
11.341805272570227,8.06692781235054,76.38931541368179,86.47201672032378,56.593293814607414,41.462834818404325,70.85034182236785,44.637617391357196,73.06376141935122,5.8595025827029135,28.256629917572052,77.42130323626907,2.476241291452019,7.614277977223994,64.55183651123224,19.572047197302812,20.524345294671907,4.144354024920416,73.40571872644811,53.95258690747917,57.85567115641432,78.73149147169626,96.12749008438098,73.46984457079331,B,Psicología,Laptop,Cable,2023
11.14804097802118,7.627371407047111,68.37898498325396,88.71143545242917,54.846256366673785,45.48807594302463,69.2168192050033,47.720107473170074,70.886561132658,6.570007213241898,27.067115841013337,71.11889652497409,3.2364793279129747,7.016039833319344,62.340802068697954,19.70157455689398,18.92296960014931,4.033212060823104,68.01885944003234,53.0797978738125,62.68917654437965,79.61940352419623,93.70924443552671,72.06305715563681,B,Psicología,Smartphone,Fibra,2025
10.335513438392006,7.713618771645118,74.69237839740234,90.75512475476124,61.28435585165154,44.11716450640379,69.23865051857476,47.53405029463459,75.3088371414465,4.388736329843774,31.14749810849799,75.00570312179832,2.749708640364172,7.315358243600594,61.36647859098034,19.365125817427213,19.698456198761548,4.058841075156613,69.65713956527456,57.71725294230674,63.516303777512476,82.4173614445096,91.39383636919078,72.92342193882489,B,Industrial,Laptop,Cable,2022
10.868604973424812,7.897941469908316,69.16660313136738,89.28239660639208,55.22733454327911,42.61497420431856,71.30524014405785,46.08341125436756,76.06919838295586,5.481974913155227,29.39673859088691,75.19577594165565,2.7629965409181048,7.641810673678593,63.08500713262503,19.6501786923787,19.71487244621025,4.172623978285204,73.4010267312567,58.860369305156325,56.9559546658017,81.28722512573277,96.30921385194195,72.32945519789362,B,Sistemas,Smartphone,Fibra,2023
11.122663048767324,7.295353235940086,61.05155767743495,83.60497338280007,57.26795050303068,47.571924261664506,72.673692934794,47.87866640014987,73.51025263811346,5.623934914686322,26.729560392248587,69.14570670140915,3.4606351501296957,5.993789238010243,61.23658191094071,19.230913261479436,19.027857097828242,3.9878489241043664,69.189039499171,56.40853009468741,61.27596736703754,78.66046205867228,95.10877156074658,73.29221809843268,B,Psicología,Smartphone,Fibra,2024
10.272303735694821,7.760647230859935,78.4426595274281,85.81723685895099,56.637781875372326,42.123666342413216,71.254631808323,48.6942876857708,67.5827558774912,5.970675481955718,28.46991032134715,77.17291225955115,2.2624491575829064,7.789447480749391,66.1037568871515,19.69688925643863,19.990200712393445,4.223722789944459,69.31509601785434,55.21459855041535,61.25218589425229,77.16656589498537,95.0431412425068,73.93755604515559,B,Psicología,Laptop,DSL,2023
9.624382324074231,7.874444106296488,73.67024284839854,92.07485993633027,59.062399904357534,43.37033946058995,72.90758692013452,44.67046751465955,72.57500645779284,6.71273007065541,23.53879352548528,72.3192570780675,4.020177928021937,6.251909369268192,60.41672242340209,19.68231623611225,19.923606171305682,3.7288340855977746,69.56847161943226,53.71817842776873,62.846863048787384,88.37589664518408,99.01734466392458,73.802548696671,B,Psicología,Laptop,Móvil,2024
10.506421719189753,7.150798950463665,59.357472620837804,80.93428458862383,59.56768915768119,46.93782528257151,74.58935508026394,49.96218166766561,73.550597341842,5.030227223580132,27.61495547818633,69.60788643124512,3.022538835771557,5.960736727907794,62.75552470912348,19.33569018532233,18.936995517146986,4.016859860288771,70.75891503223077,60.8154838530489,59.52542713332342,78.14898462592879,96.66513138428381,75.18655757081542,B,Psicología,Laptop,Fibra,2024
9.587310544714972,7.492244811635829,70.56776375021843,91.24771652913681,59.042922650096116,44.367371713260894,73.21006647743931,52.13418383872636,69.83493875771381,6.019297161569481,28.10730753760665,72.3492785796283,3.1609662100737377,6.556332830867915,61.238576645064754,20.0527535349856,17.658761187531358,3.886689251630603,67.81991987205056,60.81569537076686,67.71702001732761,83.65396534974909,95.13889708951203,72.51909612595179,B,Psicología,Laptop,Móvil,2022
10.120840185378635,7.517782306997197,71.02360148233217,87.62880040345215,61.1569902602689,45.87940924311768,70.91830984665435,46.195231432797904,73.84362434320725,5.01854614551828,27.354015620895197,71.94985321645188,3.4238643593972413,6.438474639922035,61.00099275715467,19.1134630154856,20.188599334478962,3.9391258736337975,68.19575764019646,54.73387648130773,62.77824511412089,82.83763373226243,93.87322253274614,74.19464001853774,B,Psicología,Laptop,Móvil,2025
9.601174936341069,7.587945366457437,71.27846195723843,85.8097845961388,62.290863766196054,43.642900875446614,73.79610295490474,47.36736446637473,73.46834684378281,5.064802775570971,27.104393092968515,73.6510240605391,3.016122260489278,6.463132055276926,62.84586270645697,19.445436543951484,20.114233922221597,3.92550485360764,71.33852320320631,58.70919446767475,60.27085577495877,83.30172645499935,97.61389742493616,75.9076601921766,B,Administración,Desktop,Fibra,2025
9.153902395480728,7.711357455116897,75.61060062711802,90.05229608219766,62.88987311222381,43.14360340233132,69.80648611843479,47.39287086318349,70.67025027245883,6.060529981693155,25.704232113781195,72.18363575834732,3.171702572007572,6.845023681143496,63.387991550684205,19.88292825963469,20.08259148139888,3.7998007446606428,68.72363393241362,53.99777714767093,62.23557799925955,86.29720400033665,96.54490096449982,76.6110001382385,B,Sistemas,Laptop,Cable,2023
9.028476542030074,7.610846686963464,75.1827346085463,89.78329790476803,62.25196604975595,43.8040579164585,71.49411698719888,47.40920628509755,72.70359232965407,4.973153477264693,27.77419826039291,73.90463106771851,3.1482620046873424,6.925978532993047,62.331105174927124,19.418250167561588,20.29165336501248,3.955538767579702,68.57341813939202,57.32592957099901,62.388399944586006,85.2980823331266,95.34605102175999,75.12794134468635,B,Sistemas,Laptop,DSL,2023
10.537150678022284,7.894494390596652,80.3296958148642,88.19371747876625,65.51303703357505,43.57366147326265,69.356853948957,43.967325542716914,73.48882732412349,5.190058852604027,26.80749390966105,74.53630330538593,3.1581907531431677,6.378235917052023,61.25422376601878,19.255571018682218,20.885639857207124,3.755366318214654,69.89753043411312,50.3044380990728,64.43685082232128,84.05654108823498,93.53670370264949,75.7037072065986,B,Administración,Laptop,Móvil,2024
9.786376960207857,8.17026407534168,82.67099276739611,96.26465914353194,59.6084175886388,40.99267720186155,72.59843973140106,46.06521610399554,72.80084821227106,6.056650731769848,27.534835661985753,77.78071005130903,3.3565637405718065,7.0178735400251195,59.95656513502238,19.869483941468314,19.33953921684318,3.8254470396697164,70.51561008129296,56.7246740750584,66.9416098134084,88.10157219831575,96.14070393178058,71.49417529407357,B,Sistemas,Smartphone,Móvil,2023
9.65139896695581,7.448661274402187,71.70507952693514,91.90959528086417,59.6451148647978,46.20726324089432,68.62349590245259,48.549348018995886,73.0831827659775,4.8514866398448175,29.606516175932555,71.85706170761449,3.2889324275780973,7.16111405943534,60.8626592702533,19.306700130634514,19.476266334796634,4.051755648103652,65.6760716228001,56.4668593790513,64.95246630479643,83.51492482556158,90.96897599682694,72.60546805104075,B,Sistemas,Desktop,Cable,2025
9.791206790623894,7.22739367818505,65.99680475586996,85.42528282117713,63.39855409873798,46.856776752670726,68.9752706844874,49.473146105554804,72.58566150894669,4.92403188356146,28.031547715424175,68.7696186697872,3.002869742352081,6.513255761161212,62.99732714214255,19.462206788961257,19.583723769969918,3.922427852497413,67.59371345454824,56.11058844727686,61.663316121536596,81.64304497558842,93.1327351133986,76.6547431970084,B,Sistemas,Tablet,Móvil,2024
8.92022974835162,7.419598094279369,75.17806789631815,85.5534333246399,67.22821836739425,43.445626496735144,69.42496263210764,51.46912294866041,68.70648954164197,5.180816964566473,28.08421274072069,72.10658324383732,2.287986008091557,6.877816908692445,65.7266802677723,20.01197242153376,19.633842544689294,3.8451285611530266,68.61320395540021,56.88796064868773,63.06169608128635,82.57341356150063,94.6597969873395,79.14566473990675,B,Sistemas,Smartphone,Cable,2022
10.34347225739842,7.832933946322357,81.29554725878447,89.09658779073109,59.38919256057682,42.465033982204815,67.73361885460339,48.721667746616276,66.99824442661901,6.3118556963083225,28.185652363279686,75.49654349955846,2.4142324232443273,7.698502968354993,65.09087502332495,19.941968177545142,19.6728273353259,4.035567692148333,67.55209368897675,51.55240255047761,64.7774128434861,79.59690858392179,92.60712870998728,74.35602860351713,B,Administración,Laptop,Móvil,2023
9.349104386248074,7.632994610352003,69.92623043096434,91.52335011178573,58.122352304929606,43.54068406058825,74.60164581519474,49.22665383053954,72.95230101087519,5.735632201396671,27.46909109931527,73.45787357610513,3.3895461810639054,6.664100428928592,61.01717903377492,19.799901760643415,18.684400414588655,3.9352065538269763,69.98927885064832,61.66468660192663,63.46948303237068,85.69872558438236,97.64518338205117,72.61406715923341,B,Psicología,Laptop,Móvil,2022
11.809703073887082,7.633110921678916,70.04150163258636,82.44130118214673,52.90946644329283,44.85137699967512,73.5604742157785,47.68776452547543,66.60340150427194,7.424431517073315,24.56552166445166,72.96890754890983,3.1260015161479475,6.395538630943777,63.74759100827224,19.61731077718642,18.956203394512276,4.042900076216137,68.96134806103444,51.55589661647571,63.1793297333247,74.67642342836362,96.75281325530062,72.24602085180774,B,Industrial,Laptop,Fibra,2025
9.516787218126263,7.594894676474652,78.46657860694492,92.09530871165558,60.13614358936188,45.62893261132822,71.09288757735455,45.63238593695302,74.64586234040074,3.9199100776928923,30.162044990164777,76.07009322909926,3.482774842432324,7.062642381435374,59.23054280297282,18.607287580903034,20.696371604928352,4.131807869475294,65.72346718397239,56.377998328858915,66.13082929524364,83.85473012094442,90.62201043828031,71.20994073573773,B,Psicología,Desktop,Cable,2024
12.81476517142505,7.7645285722698345,75.44492174988525,84.77942777874887,62.688503763401584,47.362133994324964,66.61189536863628,42.543963472564826,71.62288930043054,6.334851728369386,24.671438265536242,70.15746732328854,3.6775022805783877,5.496465075541608,59.457876983569385,19.003731903457552,20.242891698373846,3.6519962980199834,67.17940578506685,41.555179032421215,67.97431998954873,78.55483506687483,90.01151256657582,73.91434644724175,B,Administración,Smartphone,Cable,2025
9.38989132496039,7.819285097154111,68.88924562512905,92.31721536300938,60.154641181214686,43.1599316795543,70.01928555184608,45.2249795432374,76.38136897727374,5.789343976651338,26.267661593358493,71.31144030994272,3.4790369551508724,7.066141224003996,62.12650495472964,19.817634504865442,20.21360783559672,3.860991347011532,71.65828458320193,56.83317208060657,57.261116428367295,88.79165042327845,98.18692591356964,75.37022216371413,B,Industrial,Laptop,Fibra,2023
10.332019434816925,7.740374991779873,67.69929632270437,87.20478989299966,61.3114510735857,42.60855387579445,69.16304175932586,48.46031638970279,73.89627339142034,5.867986140540976,27.976017388086756,71.58398206407814,2.4705837310309033,7.227348917404814,65.04830742729003,20.221666658599002,19.35739037411355,3.912787479575794,73.4119219864949,57.53241411229377,57.053168321905126,82.76862184018215,97.0482459668292,76.8743200170373,B,Administración,Desktop,Cable,2023
9.668160299945484,7.611625188847796,73.81213176028389,90.11559968404337,56.984398839364914,44.399730775944896,68.21803941214542,48.02451779865997,68.80777887311771,6.367317762297417,26.75279003386716,72.0946943456078,3.0983896870663528,7.551362106056621,64.15189016259295,19.742419478585887,19.87401699042525,4.066083574885727,66.21827799340043,52.71619065060004,61.87785850317677,82.16309814462655,94.1712229793157,74.0943885315671,B,Industrial,Desktop,DSL,2025
9.623278532382564,7.680165419111023,74.15728728582583,85.32334814035887,62.28953500437247,42.968224204573886,75.01853163622877,47.33004553679185,69.36889297562307,6.471336021239934,23.62012667932021,73.05386847128437,3.3214407596400877,5.881234157518359,63.03863536746234,19.76553559700062,19.79851285980376,3.7259716902020052,70.59092898316355,55.17733464336184,62.89630014506878,83.99687385836992,99.99059954151467,76.5531032455358,B,Industrial,Tablet,DSL,2022
9.779489603119556,7.777176254142876,71.70643152471168,87.94170959891972,65.96543681773163,42.002262270511295,71.48743948080683,48.832722542476105,72.95599344746856,5.96299092464848,26.352454316294384,71.85367428291909,2.769044329114276,6.30982817338947,63.42486124972186,20.32331607896731,19.075940267192575,3.6337531890977606,73.36150078715576,57.79276436328952,61.49357110836405,86.20946949411382,98.46656402078864,77.97454768522593,B,Industrial,Laptop,Móvil,2023
8.321686221550221,7.365781939566151,74.24793252419934,86.81666956668666,62.7636681169394,44.30507970428367,67.38526124567849,49.91275369096107,65.83533641878059,6.3172340091239505,25.12514519961408,69.80157617663832,2.810695057675505,7.351771371418735,67.06133619962063,19.985043458593353,20.459231883952835,3.9328462190640927,65.24020561052538,52.09052347242035,60.331582428466845,83.49931549932073,95.76806346830952,79.20361253489614,B,Sistemas,Laptop,Fibra,2024
8.834811569536875,7.578469051415834,82.34347394717493,85.29541806667676,59.13809869913094,43.09121585067133,72.63840638805847,46.67168974504746,68.91034920062307,4.439694095020945,28.794691889668574,78.06330491658241,2.573969792659462,7.793053142640412,65.45320456888203,18.805897967120227,21.884805958856596,4.239765780009631,66.88339471607586,55.88512243430997,60.395168423574866,79.12694527001406,94.49216152054998,74.76236194840291,B,Administración,Laptop,Cable,2024
10.185518981485517,7.627754038743546,74.27004458671237,83.88968070118638,58.084194047327344,44.04396376847711,75.1726456700656,45.19045161268944,73.47017631648899,4.546019079894908,28.153604496735092,77.11389453685848,2.9964106684060297,6.829852256711138,62.68451302345416,18.734414721433875,21.075806038108986,4.2099344926175295,70.54980374511867,57.60595670500316,59.602053379223946,79.0031390998755,96.22103687042511,73.31793768745023,B,Industrial,Laptop,Fibra,2022
10.511035898272548,7.653857122422074,74.38917736399233,86.74276261517248,62.56689114874035,44.085124208292655,67.14372516272175,47.8013905970463,71.78519271369186,5.25683371848403,28.993764077766038,72.89479176937816,2.46521135665687,7.288741243437563,64.3550059944404,19.651348140933734,20.066689649186866,3.9895535942654936,69.35229953089672,53.11474877637222,61.44489122383051,80.20749329679316,92.29511583971575,76.04120296651718,B,Sistemas,Smartphone,Cable,2025
9.18823593259237,7.484683032651473,71.65871616584097,87.19350901777821,66.28154664382603,43.838360110486306,70.86428661490338,50.22927152106143,71.14302770860034,5.466193408435689,26.94841761251361,70.90836861471823,2.826542690605382,6.357786385968888,63.526425999823765,20.011592662953863,19.246778614896428,3.728042986380962,69.77081663434285,57.62839987527484,63.21367914691403,85.00963192764374,96.20563557179398,78.00986175651532,B,Psicología,Desktop,Móvil,2023
9.167423830141919,7.45973714888565,75.2446186713513,85.77194922722956,63.28753673499442,43.68897464753831,70.01961505818954,50.53623038501868,67.30158197953234,5.813774593631069,26.930781780447525,72.39892828900084,2.5566132347695203,6.981697734851888,65.63443811653389,19.910368799809728,19.72460794429512,3.9253937806446286,67.57916998666255,55.142367469267,62.93929840277835,81.45190938884974,95.22892468548996,77.56627572427712,B,Sistemas,Laptop,DSL,2022
9.560926692857214,7.404692225766136,74.0791492376068,88.09657104791708,59.49200076119476,45.238474890432045,70.05602645750868,50.960712389044204,65.3413439594534,6.663730116255272,25.838594392332997,70.96135783789333,3.125268605289165,6.717134459395541,63.674210053235356,19.902254049963524,18.840412188653115,3.9036639199936243,64.59309085576983,53.18983713916079,67.01658833752224,81.13230805001822,94.01852751438832,74.72905800341418,B,Sistemas,Smartphone,Móvil,2024
9.336792034110541,7.441765788442033,70.16960576091391,86.827122396773,53.18788283596676,46.0199696652038,70.92045724283989,44.94329746733213,69.4692251350876,6.213332575490995,24.530629474049842,71.65526326103154,3.7112556158266905,7.3551019312610535,64.10411354069474,18.981364651619025,21.34997901890188,4.239723870512223,65.18320206196101,51.69108202536203,57.46749071207361,81.12186679611047,96.59088456037901,73.69914801232981,B,Administración,Desktop,Fibra,2022
9.072442953189189,7.633324909053999,80.49373349951892,87.07649815482787,62.65326423302044,42.47267778987928,72.84705879772574,49.328762072149,68.25267914464064,5.303821077176887,27.787374804943955,76.41476544751593,2.6170637459913366,6.994428878859266,64.28436183674674,19.597386635900644,20.06235923898683,3.990778914226064,68.33860907953634,57.066765693515975,64.5837508860732,81.94998185199964,95.57798217996697,75.6846503502111,B,Administración,Laptop,Fibra,2024
11.554645327293025,7.901269301379732,68.90424555665096,86.54483094435294,63.37392427296514,42.95626109704655,69.32934136892275,45.6404040216168,79.01236915829661,4.674422517682866,30.119883657498686,73.62474684352368,2.4468161651962093,6.873942673180963,62.466123936092664,19.678208601290606,19.790208175951303,3.9004059799041397,75.87308402827209,57.3459153341947,57.821817172099216,81.72263033453898,94.64196182309117,75.50452210295566,B,Industrial,Laptop,DSL,2024
10.509341625992171,7.9775933846174185,73.88759026781382,92.19498304568042,63.5870564292115,41.36596987187976,68.45394864722124,49.410425918053505,73.68682312634114,6.024863526289598,29.05554619600608,73.22427373503933,2.4680357525044068,7.103083907226212,62.91487879851088,20.569983283034368,18.33468350025248,3.731530944839609,73.22354983012144,57.609450270016254,63.32501497263687,85.43799818938552,95.09225699196912,75.39182904445816,B,Psicología,Smartphone,Móvil,2023
10.758759222305544,7.587068251915311,74.72920319686843,91.18308693080826,52.90883812026886,45.779384370957175,69.1338916611175,49.339108994587725,66.06097318770802,7.024003124652318,27.05371505518922,72.60579821655122,3.3657842662550124,7.230146233303094,61.905803719492525,19.668505025602784,18.507915146048926,4.0963370532421,63.54378867018392,51.35116411124916,68.50035035903446,78.72216409920824,91.43874210943551,69.9547594475189,B,Administración,Desktop,Cable,2024
10.885343620814217,7.785469742421071,81.90216451671057,85.06601948322415,65.06466026564223,43.73944978854683,70.84757209385334,45.892208332569126,70.6717752870637,5.117481782922775,27.574829399604386,75.9877480527334,2.791569922643709,6.273909588387145,62.04783647122642,19.188797250716192,20.459346356138504,3.8368748909944568,69.22190212078486,50.96675958758286,66.75499474582453,79.83756942041042,92.5971294848409,75.24414874441341,B,Psicología,Tablet,Cable,2023
11.479689374931423,7.997483197727176,79.97088771159018,88.13660005670683,66.47236032838532,43.56542453029306,69.44096452838605,44.00544056274396,74.13820021650301,5.471215304842776,26.797595469098713,74.24717602749293,3.1723862465606056,5.884689656445641,59.91823619253851,19.417736851574755,20.106494739444525,3.611828797835116,71.20507806367232,49.52856438093167,66.96696294313178,83.5175985270327,92.95400930141196,75.05604651367847,B,Industrial,Desktop,Cable,2023
10.468487345512369,7.637261425873365,70.94276280124149,85.17025365109768,55.72431597831924,44.2710265292434,73.25208737123512,46.55273591383359,69.90471718876944,6.421197359587751,25.31212708344559,73.34678615648633,3.2454288645120664,6.712551733355635,63.499981878695394,19.443479757391827,19.96474334946129,4.051577918899352,69.36970862492676,54.18729807031163,60.42572093664872,79.60698673137261,97.52942307051177,73.6380894663939,B,Psicología,Desktop,Cable,2024
11.343311869067833,7.980264317763732,77.03355991637254,85.85097395843962,54.41142003467388,42.837913226609324,74.67243245673126,43.340634831253254,72.21447895541621,5.954282396493273,26.4893142896626,78.06221625507297,3.2028805137454723,6.847924868553809,62.05580370095129,19.024310384320195,20.656818848143327,4.13817274384648,71.43599615068945,53.42579159131397,61.008989354929874,78.49265089818007,96.90239666105676,71.2449073349025,B,Industrial,Smartphone,Fibra,2023
8.903081392177098,7.439043830461532,68.99164294515248,87.5249706406202,60.34667735468497,45.01316375587387,69.91385572087921,46.62583980927384,73.5365908943528,4.985952326838504,27.14315559084557,71.2856932812772,3.1738260477989972,7.2663978710661805,64.07259048392359,19.296521236587168,20.997080611789517,4.0830613133304645,68.41189448056923,56.42712730324721,56.76962634307938,84.23310458163694,96.09919116904403,76.43205111044487,B,Sistemas,Laptop,Cable,2022
10.305135155431921,7.462653367164517,69.63827320634347,90.4402476552849,59.50988577807135,46.158965055381735,74.74009829693001,50.08902761859105,71.06958371361247,6.0185768828716935,26.632397764254097,71.36083983537391,3.8283832954417507,5.5393273102165,58.12722017598666,19.60395010976575,17.65724129682509,3.7445685207909434,67.10281505340143,58.36813427529271,70.86594404671676,83.7544462460778,94.5953510917346,71.19943625289693,B,Industrial,Desktop,Cable,2023
8.38493099401516,7.583829225560527,74.56003043971711,88.57600649014925,62.37540022904271,42.616901905182814,70.86587676070585,48.28292245008654,72.40683878907643,4.765448256528998,28.485465411836024,74.39784508582252,2.6409433990686586,7.610225458042224,65.18845828807189,19.613359630645768,20.7728006824097,4.0821350109600445,69.73476396607074,59.27240586146174,57.964698525602955,84.9306264662332,96.66552665340141,77.04261892183759,B,Administración,Tablet,Fibra,2024
10.974980103386814,7.74758999201792,66.89851107451088,85.3122240280015,56.726154264187855,42.60712456309336,76.10841599504836,48.84751392817801,73.05065649931119,6.130294762163986,27.373936072605616,74.47861965031723,2.809286800511453,6.464884556715429,62.84791024929132,19.93155300625698,18.45107673794379,3.9765851075560006,74.3817243901297,61.337340785672225,60.29217007734336,79.9357808134707,99.39156686364902,73.12921099448612,B,Sistemas,Laptop,DSL,2025
8.49625476775441,7.82692215583388,82.67243097969977,91.5201441769649,59.50169399786385,42.499684873965464,72.49917297147155,44.97372691695372,69.05040472375676,5.7926842288533065,25.302645968095124,76.79535841039781,3.524244577253903,7.185559306170704,62.64484217430851,19.219736791990556,21.366780212295964,4.004049164272954,66.313994355826,53.07861754112976,63.592680303954616,86.27072320944512,96.74361513674985,74.11815896648673,B,Sistemas,Laptop,Fibra,2023
10.21854574939704,7.719951174884389,69.33657859543813,87.77829028616428,52.90883812026886,43.015478073259246,75.42204042823225,47.94795282869836,70.18946075914941,6.689990837036754,26.24064231429707,74.95240255361139,3.1915575182788567,7.176300643044675,63.512044971567256,19.716549335823313,19.166609636009465,4.178959965779092,70.53447675487142,58.986387610503414,59.64252867700383,80.18501877264536,99.29688162618203,71.46350704089451,B,Industrial,Smartphone,Cable,2024
9.525738393506844,7.527990186905577,70.79121784213372,84.47699553665007,60.675512062636415,43.60350726659291,75.9291279133224,48.74661724227902,69.45877209318404,6.221941274211911,24.548979066587282,72.750372599662,3.226313429952148,5.997999812833584,63.31456899622984,19.72130091565424,19.437156311061198,3.837043636207383,70.37878460635791,57.90016237655503,62.17566107462573,82.5848804269844,99.92038237069319,75.94278921862713,B,Psicología,Tablet,Cable,2022
9.982833244839195,7.178170469836337,74.60571663329375,83.18538893446302,57.85184411266142,48.08477858858139,73.58316461403062,46.97307027111253,69.30722726173109,4.390246023117981,27.936996474351705,74.41808220419747,3.4494738860021594,6.420733554894401,61.24568645833458,18.456933041958,20.84208933750941,4.239765780009631,63.262993549867694,53.84659556552687,66.02213731089896,76.39456804605368,91.26647880604978,72.08523784963388,B,Sistemas,Laptop,Cable,2023
10.479128979689529,7.530176022465077,67.01326145444273,87.30127833597105,64.2151116921934,45.1309010391548,64.87772915394369,48.59613045781507,73.67048829432925,5.519854397893404,28.37466706950041,68.35829843467812,2.5986143856269557,7.079253477636223,64.3700166767908,20.025380543079617,19.508305917891523,3.840971089512692,70.05211204111461,53.343556543384416,59.351681786698734,82.49193651570306,92.76444719285202,77.78637011128185,B,Sistemas,Desktop,Fibra,2022
10.477716509039224,7.705981672092667,72.89564290907397,89.10225893988775,54.55933622381584,44.10785670402515,70.45378234713613,47.57613740446431,69.49834390957547,6.507057267431098,26.96743216293163,73.56512221817692,3.1094498664968717,7.346925872086995,63.32600960553738,19.664440458994928,19.465941103064125,4.107516833346417,67.87214790375269,53.84484847004316,62.26806236914631,80.14135540628524,94.8722503393166,72.25929288754696,B,Sistemas,Desktop,Cable,2024
10.677184695986242,7.682616335784864,72.36760829199783,93.59447381059985,53.223512323919735,45.2420839074618,74.4953127722505,48.170212632527836,73.89657760764126,5.2237146234091645,30.154269854005236,76.06567893926355,3.6104075873404913,6.839885183889319,57.83505935486917,19.159519839079035,18.30135006328651,4.148993664915608,67.59139492616336,60.5537061463814,68.41056985349547,81.75470490409211,92.52445439079338,68.39063745725862,B,Industrial,Desktop,Fibra,2023
8.988600407975156,7.86985498819444,76.12048836425221,92.9912751297409,57.64019422912365,41.32481002536006,75.27273946672811,48.46511211612849,71.78688930740657,5.948080595932002,27.323007993339573,76.59162565234021,3.2110076668375434,7.099453421326341,61.92897524181236,19.90934185218365,19.156611446590404,3.974244705515443,70.71698719937396,61.49804122326678,63.22785673168457,86.61916659353909,98.88597072446339,72.50893485799875,B,Sistemas,Smartphone,Cable,2025
11.289356019541875,7.956802176832804,76.33550521414533,88.66334530809556,61.55244858554662,44.070460658108416,70.59932915856,43.4695115691768,72.70879317831479,6.470651503273766,24.47564213991826,72.78590270983622,3.66414324825838,5.9173750612693015,60.089714350248464,19.466446181830555,20.039708096924347,3.667898478164645,70.15226409698151,48.83000486872594,65.16242974867987,83.89520749788946,95.40747495640285,73.9674450630683,B,Sistemas,Tablet,Fibra,2023
8.19836634470291,7.285405272233482,66.14848849743024,89.2589868800943,55.791131165712834,44.63270119786598,70.88972697144841,51.00001610770984,69.63793716875746,5.817288217034007,27.495880762348058,70.76416933925856,2.982520523757385,7.838897770173043,65.71504621909703,19.860423230287864,19.59948889253315,4.220421304488033,66.75854099163706,60.52617291519306,57.39826382006763,83.41146594935296,97.1956650313676,75.19804535902938,B,Sistemas,Laptop,Fibra,2024
8.366240401725348,7.605524243006433,77.71499173402239,91.9005632902027,60.147635856477564,42.18374542914689,73.87853347904776,51.46890429650978,69.41398061859547,5.269573756454137,29.154677914730698,76.35597467340948,2.7742660520122544,7.345408350466738,63.15119039055159,19.880121951061184,18.998036194204758,4.0477022884440075,68.0618444108606,62.51704324481448,65.39147160966925,84.87965882928013,96.0428291009857,73.62240938026238,B,Sistemas,Laptop,DSL,2023
10.691032937496379,7.418409429280445,63.18144458152222,89.732538305688,55.18267125011842,47.32472751548188,70.63222589388802,47.212915274065175,75.83615569308878,5.1419363242792695,28.92037897285685,70.41791127762234,3.6023321887868343,6.827065226082528,59.91500261793252,19.145082939870413,19.14224912942983,4.1194893739790786,67.92768194411389,57.69387131119222,61.63181509959807,81.48346485740147,92.835107326648,70.903046648004,B,Administración,Laptop,Móvil,2024
10.546877006411895,7.915064644644895,77.02157638352264,87.10533486435915,63.4862166934716,41.94735850356179,67.7008410827007,47.17138104686956,69.45860514459807,6.718067949990556,25.716398153192223,72.62299321258273,2.5606841275436683,6.952585073167445,65.27888782327182,20.252769045941843,19.856933031644964,3.747976260929686,71.17830767168726,50.40389380927542,61.44570642174453,82.50962457723756,96.03034201895021,77.68425829472702,B,Sistemas,Laptop,Fibra,2024
10.588508687964199,7.630692758913177,71.72977522674132,85.81256875567476,57.97316616818004,43.807464321234846,70.75808764197629,48.53010604977756,70.69097659234578,5.755795955879189,28.31303312684531,73.87037421711868,2.5933402397342915,7.230978614319992,64.41423545046852,19.670800358892194,19.54094662064404,4.099940489352904,69.97716944343878,55.95815524957026,60.795709625178624,78.6111603586683,94.81458789031731,74.20692226516636,B,Psicología,Laptop,DSL,2024
9.96048902642579,7.424191835929249,76.356379306747,86.81517611081733,59.611496194905804,46.517273676195394,67.07520832194125,47.04534081477366,67.27325164610471,5.902230809817686,26.25674258122984,71.34048078584719,3.226936949247413,7.053886881838173,63.64801754532075,19.177007823833016,20.64883367507486,4.039359002614059,63.28078224501203,48.03602530839714,64.53223079035341,79.61656886770821,91.22238895364313,74.8804561574034,B,Sistemas,Laptop,Fibra,2022
9.72918520028313,7.881810019571908,71.44834510991654,93.84377788895068,57.05111807080046,42.887488816489615,70.51625430961519,45.49336406559231,77.64600603319114,4.917741809730424,29.722605589067097,74.99336222639606,3.1709572036144946,7.756810644670397,61.47487423035647,19.491670731833466,20.138970659434726,4.128271126188913,71.47941365398748,59.70294393984109,58.24561203040677,86.22527026358253,95.49023864005808,72.17900096219469,B,Sistemas,Desktop,Fibra,2022
9.307627688135216,7.328067493276262,66.51126907412294,88.789022736952,58.305197416163246,45.632394325919336,68.79226453262645,49.618030673187974,73.85068606155436,4.531468054649818,30.56690981972755,71.580702154583,2.7403046917209752,7.796921884490015,63.98646626828718,19.433410503678203,19.82223264380861,4.239765780009631,67.8256514145917,59.925544446687795,58.390896382052134,81.55952359043728,92.92609553408654,74.3488421817643,B,Psicología,Smartphone,Fibra,2024
10.219855007724531,7.79222538166575,67.59077094532643,83.77089066767121,58.277038154089674,42.79725551732423,73.22357475713807,43.565178557922444,75.25345167057519,5.803321475379678,25.040627309012788,73.2011176514017,3.101982721809097,6.860618622571289,64.68804293471479,19.42190364294511,21.26337156213285,4.02297747671642,74.30987929368698,55.78602755274496,52.42891212188145,82.49764480677882,99.99339915637732,76.56694551700066,B,Industrial,Smartphone,Móvil,2022
11.215286330573273,7.804976547820651,72.29223962919785,91.50761272200147,57.31843522163717,45.63808482003739,66.25876389263316,44.80452841933337,71.75164308975761,6.838594358519623,25.55956242519034,70.07749846476919,3.671184255913285,6.8382616252818424,60.995545222686694,19.628876136321505,19.655678525351778,3.848887364870609,66.95996333229255,47.55686530495795,63.969874360606596,83.04032479150666,92.57267525080297,72.70727721645987,B,Sistemas,Laptop,Cable,2025
9.451775505541283,7.6483242977889345,75.21458286020648,87.25491174516117,55.21517172676657,42.901122528198556,73.24100897916128,48.39553341376763,67.51602074015295,6.387024276245008,26.240041253878736,75.29371572475804,2.9391491642814573,7.404181353305043,65.01016069557788,19.65221074787097,19.96661260453717,4.1611288533499255,68.10990600110983,56.22570401862369,60.91171203002176,80.40109176633759,97.59167716463823,73.69805833059777,B,Sistemas,Laptop,Fibra,2025
9.641674678798754,7.798240980494234,73.82812158682931,89.54380212957113,64.90023661206185,42.65029561653447,71.97552661454685,46.875148950871775,74.76239769805778,5.28759612279154,27.07839654981784,73.36495659637924,3.0953575954626684,6.402143780384428,61.7310719675606,19.78463302159918,19.790385243026638,3.7336562673776204,72.17103911338599,57.651180141811366,62.08094364031082,86.91782004876342,97.15948173250483,76.21470841584147,B,Administración,Laptop,Fibra,2024
8.951365456932834,7.758309379823347,72.44458328657483,92.45090460348155,64.38491925363336,43.44503650411775,66.48210646262189,45.91210895296663,73.59862690072772,6.081402599447786,25.282993806091465,69.36829562267894,3.3717079215237535,7.038340624288988,63.278232941779414,20.04193144269599,20.47670355741409,3.705594267671193,69.30644425045641,52.45209086900582,59.135606543040154,89.91307943019147,96.5339572722919,78.0496275062627,B,Administración,Laptop,Cable,2025
8.888174514662262,7.4655694736798965,66.30083268604683,93.90307716096153,57.50782526803502,44.505896872287856,72.87310658540787,51.350567421321436,73.20380463031005,5.608483113222224,28.686569937749155,71.40874238262288,3.3882166087889054,6.997593066539714,60.962180394312504,19.996727986974772,18.0157977226051,3.978140184333937,68.42332422728217,62.51734886526196,63.71667628761238,86.77309052052487,96.21611154651363,72.27375180583304,B,Psicología,Laptop,Cable,2024
10.768493685409066,7.710576262230665,70.07663299212979,86.20811171728448,63.36464740900343,44.90998858145288,67.70196813195513,44.266378150093566,75.07765033716984,5.5303837205612485,26.195107432119908,70.33669806653695,3.169739457438599,6.539184662053014,62.711156357827804,19.447704586567014,20.732065372490077,3.809001906505163,70.93824906125813,50.72823565555585,58.72910784584625,83.22651404208399,94.81963718205655,76.93366062936614,B,Sistemas,Laptop,Móvil,2025
10.003658018401993,7.7142198335543775,77.66229189414753,92.62346006188977,57.927094717747636,45.8120362063671,67.51248110879466,44.0770757828868,71.70692924762066,5.724501767051579,26.60300422749976,72.77213668189232,3.7993809204783267,7.145743074604658,60.542775954045396,19.019542916282603,20.827608219701997,4.008231237631734,64.456506692625,48.939753143580994,64.7502218121824,84.22104476596441,91.53913067882385,72.1970329437788,B,Sistemas,Smartphone,Cable,2022
9.235196352942124,7.496463625405992,71.90628522916148,88.6540082174706,57.4051314065924,44.51855731429055,67.19679029328316,48.7943927246639,67.53303324666066,6.572542812164671,26.06800900499605,70.55039089541688,2.9463995710533144,7.742074732495166,66.02870040166461,19.901443619605253,20.10400283965663,4.083173080780446,65.83091998543726,52.266004072186206,59.49539584877782,81.94461562685404,94.99939436565626,75.95832808416716,B,Industrial,Laptop,Móvil,2025
10.070932915164265,7.341434830304997,67.28384184615821,84.66078426464018,56.27783782637958,45.658653549967184,72.04458138640886,49.370693393955406,70.18710296491466,5.571762834597121,27.840581596645546,72.12238880595733,2.9097465877045714,7.055470812922613,64.1402949004834,19.398287530299296,19.53914147536541,4.186257193255759,67.90839309115152,57.44589815571321,60.3096610103279,78.11489463309275,95.08576181621076,73.84673154598289,B,Psicología,Laptop,Móvil,2024
11.346952839127114,7.722900778916568,65.64092341831315,85.58111989867457,57.423143543796,44.18250942808913,71.45021175771431,46.69355706893751,73.71068547938236,6.325211821631345,26.472401221297854,71.42957809820005,3.037645923550353,6.591371030439843,62.96418995239722,19.79747616746347,19.21309975529396,3.9322344256189616,72.6558056647622,55.38363795513381,58.79332794673341,80.26231112331436,97.16978370960493,74.19635297004149,B,Psicología,Laptop,Cable,2022
11.462406814807048,7.6733948916033246,73.89940636438634,84.31359684250833,64.49342503561857,44.03477641118249,66.90231341116416,48.686986750229806,72.05448344267191,5.120286528354254,30.014522911573188,73.04371411060839,2.0685638299882028,6.98909001516921,64.41846650194576,19.772823087157615,19.479619133018446,3.9245453264543766,71.03247094559987,53.065138887820645,62.763550965791964,77.54210444054729,91.12722139337806,76.41336453591157,B,Psicología,Tablet,Cable,2024
10.644424141112115,7.483702678901349,67.26379407825405,86.7637809868743,61.32391853905179,46.41907039012453,67.68307794905023,47.22768773880423,71.2084492258859,6.430191571328642,25.102516917966046,67.67924834727414,3.415932207559966,6.276297432732758,62.47766347513394,19.729638182212497,19.473346932573016,3.7645788821866044,67.71853044715343,50.36214601799805,62.40101403383579,82.37763987601426,94.22196536137693,76.04358715498012,B,Administración,Laptop,Fibra,2025
11.03426414533683,7.575555558462624,69.98943171241496,82.00940487813179,60.31765293114748,44.908599462483004,70.86351984716497,45.81896468364128,73.25248067940166,5.0999508111903555,27.68742514218425,73.14948118838345,2.722596580334753,6.735846116152196,64.01604100419658,19.157298903425673,20.646631235085817,4.067544742878819,71.10931330600651,53.820062940340335,58.34886872012292,77.65951860254091,94.85171839816954,75.63922367226425,B,Psicología,Laptop,Cable,2025
9.45083783315483,7.5113280655745305,78.84649169575631,82.64435246923243,69.78212592114824,43.23547659416721,74.6307102603229,49.33918069652979,70.61535649358214,4.4010003518816205,27.71313363379733,75.39378393270589,2.5445864303445025,5.755636160409577,62.99160390964644,19.400760934795965,20.026438186848946,3.74125359573341,70.64989162206417,58.034420029391626,66.11131916313337,81.93648445385561,95.75341745588287,78.22853185732966,B,Industrial,Laptop,Móvil,2023
9.643114951492882,7.482249035937996,73.20499445235983,84.58355631948577,60.727330158632896,44.154034143776954,73.58663333452495,48.517812559632134,70.73123425786537,5.061178127067239,27.734076294812162,74.51216425009633,2.817858455613701,6.723335832446116,63.70567313655882,19.31580963818368,20.08754904660767,4.058219167397548,69.24456061515068,57.932777766264905,61.74954639337549,80.23174378511183,95.97832662516736,75.18872210802418,B,Psicología,Desktop,Fibra,2024
11.418629434488839,7.602461546887307,71.7126749626932,85.49791857194928,59.83147635467129,45.914559677865284,69.14941707566126,46.66447462151862,70.5553816064305,6.167697660058578,26.324661457333068,71.15815827445815,3.1928861437338383,6.3236806702444515,62.01662084945244,19.437121382360246,19.53341007034753,3.8768710835015607,68.02946754448368,50.02431880878097,64.58092250342115,78.89590336744233,92.8532644514956,74.0495090665187,B,Sistemas,Smartphone,Cable,2023
9.579467794476763,7.659887679105638,76.35084635657255,88.67903484813912,65.83323347766382,43.058859957548194,68.46202507996408,49.99096482851871,68.59934191982165,6.251725542704724,26.39709636288148,71.38627592105054,2.712128348106137,6.642101578975931,64.15827925279048,20.27756517218468,19.14858961587482,3.682379967974139,68.74245502389415,53.502436131046395,65.17189645476181,84.50056534349838,94.9607968889657,77.79925853246402,B,Psicología,Laptop,Cable,2023
11.122918472778887,7.891411296019847,74.8947240676917,86.6082006877912,61.49367082827156,41.84640539252066,72.49343350783523,49.35818271636684,69.59359418809409,6.708152722154855,26.666262005563304,74.29845571190316,2.5886165003435,6.34903594322253,63.29265553053645,20.305510635721898,18.317917082201543,3.742909342684743,72.64806088294334,55.67060694777796,65.21362751505974,80.73246872305243,96.92245960230807,74.88373763148775,B,Psicología,Smartphone,Fibra,2025
10.99025457974949,7.775037550198658,69.44380204721347,86.0740902631319,58.311818185128885,43.947940869414616,72.35277279509435,45.2733154482922,73.98110949353678,5.964234321885517,26.208363874621643,72.99418715831716,3.216588562845948,6.508909419494867,62.25870457344434,19.48760986364351,19.922996775367388,3.935051137687447,72.08219636919877,54.77311138654923,59.5392260586536,81.38100025537753,97.20764428648873,74.04040940920771,B,Industrial,Smartphone,Fibra,2022
10.662477269029544,7.553724150448072,77.16356379299118,84.68821927931761,56.01913230209316,45.75824271843768,69.45824160440347,45.559544406919194,67.85817909484565,5.800485115482622,26.758052404946028,74.39221975842563,3.081698922301402,7.241015495089647,63.916669444152106,18.880869895355524,21.031219572210837,4.218736672979484,65.09451491377907,48.78961634725401,62.69356758684286,76.33372054432704,92.16735320526645,73.1170861944524,B,Industrial,Laptop,Fibra,2024
8.141768757711468,7.367083157676091,76.46955495440997,89.50584093120689,63.05788545255186,44.147276070154064,72.28811673149443,51.25751625471416,68.43635091792238,5.087780709151845,27.974703042431138,73.55533788812619,2.9644590798904056,6.911434298286098,63.30012766993212,19.635161039716245,19.53338552364496,3.9646392184333212,65.75231723869621,59.285317638288475,65.82453012702706,84.61400531778584,94.80780955480988,75.63428335493172,B,Industrial,Laptop,Cable,2022
7.798427011642477,7.594015963949341,81.62505634002459,88.67685525887129,68.83602082384708,42.88089316668205,71.19704454008591,47.092194158454255,70.3613428110211,4.866855599551476,25.768222303016906,73.88922508296146,3.1214366634141535,6.561688414106522,63.55168106305995,19.455359058397335,21.335684314098636,3.7492744637116995,67.59209127232653,54.79232436364484,63.29805793931318,88.42465276177079,96.59419709352512,79.15987126577285,B,Sistemas,Tablet,Cable,2022
10.151477069202679,7.788082382175595,66.54550820527116,85.82093070868909,60.74577528873955,42.00263851595626,71.59203792878073,47.67943725367136,72.39623949117035,6.856454295164564,24.658057827684626,70.6729108072267,2.8295639830224575,6.671517067415817,65.35434350592904,20.40403112049033,19.399404349483447,3.774560019068428,74.36726370978059,56.54207176187605,56.01276014613791,84.1224689795435,99.99339915637732,77.88601519486974,B,Psicología,Smartphone,Cable,2024
7.890845390512271,7.220258922194269,76.8603962231123,84.588657996598,64.0977524871987,44.915194839796854,71.91364355657127,49.426666953760815,67.75457693198413,4.616176150927904,27.03260193542401,73.42967632819415,2.853409823946757,6.973668469554684,65.32010915795301,19.13359615639027,21.17317765471258,4.076838378363789,65.07875959724318,56.438043950999045,61.93169051053117,82.24940506595912,95.14384263489092,77.96152115935784,B,Psicología,Smartphone,Fibra,2023
9.045748887207752,7.341225572599424,73.3343445853645,87.04765276423646,59.815485021380525,46.08534289232135,74.49275828541862,46.717034689824295,73.95839942737126,3.751282865237863,29.13935427619637,75.29701558300737,3.401366653707051,6.7247875437513995,60.80795009346657,18.484404283869313,20.897020466053416,4.200839730857993,66.72564614870579,59.545129940635974,62.739329328037385,82.02256701193726,93.80201799696536,72.84898362786257,B,Psicología,Laptop,Cable,2022
9.74120082746919,7.707792281165794,80.35337526733677,90.98850192205741,65.8163217499096,43.29855159891681,70.71678140796827,49.53756464373386,71.76037740492185,4.743278712177855,29.858674979498023,75.46279566518531,2.7552555291748666,6.633462402611109,60.98690534114491,19.659329779177508,19.11009834517097,3.812885537057394,68.5357882526822,57.40120890046073,69.13518515511234,84.22977841624945,91.95270423277698,74.32254113823078,B,Administración,Desktop,Fibra,2023
11.443521377342304,7.913332015424895,71.66649262830238,87.93252369756745,63.764362563955395,42.46471330378186,67.20374972428448,47.800750547762625,75.49190426846327,5.368454135309685,30.060184159212803,73.10115052930173,2.193703859582989,7.149413614805434,63.621800304024255,20.142685683054477,19.113950332762236,3.8484898742527265,74.2000099624012,55.67143580924787,60.43452063817811,81.41365130122858,93.42753541661759,75.93228143772626,B,Psicología,Laptop,Fibra,2023
11.50963873539825,7.619432597282923,62.54865815236249,87.39278901955942,58.44593030773636,46.20059239800729,72.13216723601758,45.11827898988811,79.74993927693569,4.706100611493667,28.95595106221394,71.45891714964601,3.4572335945248396,6.25999562542564,59.181149244480544,19.095670404720945,19.420503645424724,3.977105200348589,72.66050860679167,58.42107695842623,59.74775590179307,81.83212236777615,94.52835146906001,72.05289909444323,B,Administración,Laptop,Cable,2024
9.96027642091046,7.830502671177,82.67243097969977,87.69950294997015,64.58457716405387,41.43268267842108,68.16797518958118,49.91655405727331,66.93152778338398,5.996678164103545,28.26302297148205,75.6042552690396,2.0753119947944936,7.362529751587001,65.82840442310115,20.189198604911017,19.588782599237625,3.8754303825552756,69.15727276893297,52.92013940489341,65.29705861354608,80.86036792242042,93.49698609050061,77.00139430433472,B,Administración,Smartphone,Móvil,2025
10.024451054543675,7.5890112552599,77.77224628251015,87.3255593542,61.54249056719986,43.28263914687345,70.9109687100675,51.80813813092226,65.75377177214916,6.327622618106431,27.613053752919143,73.93530719825539,2.516312933246266,6.802045700726707,64.20745070048707,20.114495119420134,18.4772867337652,3.886195260815988,67.40945356286751,55.25137534463714,67.98799670359227,79.79995823876585,93.87964465730622,74.9193926623309,B,Industrial,Smartphone,Móvil,2023
10.077587411315278,7.566662137352129,64.7133683692713,86.36636729829245,61.36944330469241,43.367240271127955,69.84241885849036,50.11216543276988,73.15577102560971,5.879085097693092,27.890824262071163,70.22749601150605,2.4903135094255426,7.0440432289678245,65.18611160242764,20.29520836221991,18.886790963144023,3.9060846393539013,72.75266249889611,59.16202958425538,57.44378698087755,82.45470028619002,97.32157078928843,77.18217231040857,B,Sistemas,Tablet,Fibra,2025
9.513082189933213,7.794160617947941,70.16577983486386,89.86628366654949,66.55110302668784,42.630321999286004,66.85477347877762,47.08282468979927,73.82987440963836,6.291211445716917,25.282146011352843,68.77281801829457,2.96835941743292,6.729099813592411,64.25123280382344,20.427845617306154,19.854376513782015,3.589746328840689,72.21516737333731,53.50089156418603,58.32416654576771,88.74144095486363,97.76385180534355,79.65949939084055,B,Industrial,Laptop,Cable,2022
10.202917865332061,7.534534019400765,80.01157776937802,84.27270316481824,57.76342733014218,44.82150926426354,73.72626948988096,47.371723021860795,66.80912595917806,5.511970905517501,26.998195779386986,76.72327585495202,3.03494281844047,6.710987106886245,62.99322928236059,18.90027323891908,20.422433072540436,4.150603325946332,65.7219474442253,52.94083219928726,66.27449653606536,76.86501371473118,93.60286691517291,72.7157051772597,B,Sistemas,Smartphone,Cable,2023
9.434644107946774,7.636595104592195,81.8726077460315,84.14429117009415,60.70113113393619,42.78718925732365,76.44908602638476,48.29636001337416,64.84078230386669,6.326195245000179,24.320427911254775,76.70296001706092,3.1017156274778928,6.138375558754858,63.670284916343306,19.428841126771303,20.07437785116945,3.9009894961274405,67.5232639689952,54.18632251917898,66.85409231138071,80.31543802985581,98.11738772440151,75.03216269262045,B,Sistemas,Laptop,Móvil,2022
11.042899746025642,7.815403629502189,71.12711363930134,83.69772694208653,63.93217093989725,42.09772818304538,76.79364278645798,47.95013784184016,74.9354216449424,5.2344955417851375,27.692555716757912,75.54818130304947,2.6798548545265968,5.696409377010835,61.66133856455705,19.75658259744664,18.870376747682094,3.75216478069878,76.13172831572686,61.03193034551437,62.63394095252829,81.42033058534908,98.8793033967564,75.24018403624115,B,Sistemas,Smartphone,Fibra,2024
9.7119805388954,7.876331339763864,76.88831135533914,90.84783655118972,58.72546085022491,42.42331351270167,72.13739724500991,46.947935486283235,68.93608612406514,7.039650435708019,24.358103417065852,73.63154939225304,3.4307607909689675,6.686808215545858,62.592322663938305,19.986283803561637,19.51614494555872,3.803693559693995,68.98232053357603,53.41248270900948,64.04659681441134,85.35943516579647,98.11273132737355,74.18817173221156,B,Psicología,Laptop,Móvil,2025
10.3969828764173,8.03314370293753,72.73197010576244,90.55762361477441,61.58470197006704,40.99267720186155,67.76129775987688,47.518596724129544,72.80458584302623,6.716432163568166,26.86102692255377,72.38804278220924,2.5448808844363544,7.3854432471428195,64.940513436841,20.603187614765012,19.269998818644723,3.7801150172638796,73.69992365790164,54.70312091691129,58.574743615198045,85.24947732285415,97.53851413413855,76.78649820810752,B,Sistemas,Smartphone,Cable,2025
9.628423194610832,7.8620349178771844,78.57673384345037,90.05649292555653,58.66242372468487,41.46247320269241,70.55244230722971,48.86988030634289,67.92085697052234,6.6081327003522725,26.872630596730126,75.28381015989402,2.6590833538271004,7.526845947707235,65.01693071732944,20.157110672596563,19.49533398484457,3.982047972272347,69.30795628461226,55.085235452570664,62.65805194321639,82.70236529184373,96.55760773711606,74.73170454226785,B,Sistemas,Laptop,Móvil,2024
10.111584344277823,7.4592456672286325,74.09740981776743,89.3585783000469,54.90317497358497,45.55273092273887,67.5640248982803,50.43870802851587,65.30141970543325,6.708398479705059,27.48224348053307,71.79199251261822,2.939314397822057,7.6237750302151985,64.38845862466816,19.791486985177876,19.000214254411222,4.146644571100819,63.500488288499135,51.768071446945626,65.5698879993515,78.3862677136776,91.57697372760059,72.61282079157151,B,Industrial,Smartphone,DSL,2025
8.871897870586192,6.396343530514246,74.52041176560307,95.33813504977596,67.78523227620896,54.41837990399925,65.42574294822626,62.21762068935847,51.814668872766944,8.516606822291667,22.524343570983955,58.07160766616122,4.808381635229871,3.7879921743497134,55.59225861702689,20.49744943646958,13.684226359434494,3.074658386574623,46.578850827397076,45.24178535058756,97.6826026340979,84.68258613290767,82.44933751284661,72.74469832839493,C,Administración,Smartphone,DSL,2024
8.619014149940421,6.662583614689105,75.5958063135934,98.0767586317556,69.69116776658674,51.9173610749792,62.076370116158024,62.09415561797147,53.335064356301245,8.78371840029131,23.1693758121242,58.035428494679,4.314637277629238,4.573753213320387,57.684265534049736,21.155214864679202,13.810592505920006,3.013433558668807,49.08675939689981,45.358265545679586,93.81197312321703,87.68556199633646,83.47244329629693,74.91844167863523,C,Psicología,Laptop,Móvil,2024
10.436316083426338,6.635460422532202,70.58579239225911,91.06977388604409,66.07838379375858,52.32311393775481,65.76929879777487,62.55832952100265,51.372590893413744,9.717441908393102,21.679614916775655,58.04658789795487,4.152493552746506,3.7923963184122353,58.25392539727125,21.19091497445431,12.896722107220816,3.024063532074993,51.686722276918545,44.831584410923966,93.62157277689396,80.74550724725903,85.6110728600818,73.9155371935775,C,Administración,Smartphone,DSL,2023
8.919270747415698,6.337113610501476,68.69933725590151,91.90005003365513,65.93167533548394,53.75605888790568,62.10389289263002,62.91969396824482,50.96903305049568,9.069076073817936,22.332664860837095,55.794818478820545,4.120731645432368,4.747529493236237,60.49626992141535,20.963133097243176,14.135286554651799,3.2335344352112765,48.0498630893919,44.348257208345586,89.31735238419358,81.9922535390733,84.10780349631179,75.81345442415825,C,Sistemas,Laptop,Fibra,2022
9.79415334107806,6.886946528703131,68.7057500224142,91.25234760840142,63.916314627423475,50.11742983544631,71.67757398270822,58.003188659357306,58.64675773264909,8.578573529056252,21.824462002388685,62.22230865573469,4.456917782963481,3.919546894207955,57.25729705130719,20.618062719269204,14.506289402016119,3.188050943557509,57.41587359250478,51.47967708803511,85.64851203094635,84.39446410665471,91.46510043949824,73.1047710533117,C,Sistemas,Desktop,Fibra,2024
10.393420947275372,6.660884686662278,72.24773344997094,97.09154296452154,69.30224641371812,54.15593115371376,61.977283692508394,60.61714568646963,56.168581980892135,8.568948102143887,23.76461866504573,56.878284724427076,4.671704983195024,3.740431298898278,54.23695661940515,20.775910112063745,13.155269616792639,2.925418767758739,49.43458746865795,43.258816647029214,97.22341920442321,85.23714492697154,80.55554759417109,72.40907960906432,C,Administración,Smartphone,Cable,2024
7.615620698089565,6.641040241227064,79.46656023103863,98.84229426479212,64.49626271699127,50.64107762630547,71.88067166097247,61.6144131040877,53.413868020741205,7.913097343485347,23.337756660071356,64.5609302379519,4.802028773250376,4.517568395132678,55.92048164850788,20.39195656273607,14.41512620472072,3.3038453751358103,48.94163740275269,53.96453186530849,94.33607211553272,88.75377879497951,87.85373941149884,71.08175894496141,C,Administración,Tablet,DSL,2025
8.935428883076971,6.885477146892016,75.53142017013509,94.82958707696142,66.12422073257622,50.48808838258037,64.02631985790558,57.99740212492081,53.685548797479214,9.46164059998961,20.35308624041761,59.53793790044525,4.456490675858532,4.711666817627548,59.454187232566234,20.946028912712347,15.29893506267969,3.1084073564645505,51.86041719171846,42.712778732052314,87.25828433577563,86.61573039256682,88.0155902279396,75.57227252713496,C,Industrial,Laptop,Móvil,2025
9.393240590373853,7.029337051335363,69.4889575950738,100.0,66.09055912169325,50.26687664633553,65.64434056063061,59.45991230468725,58.74716225379083,9.584637219482127,21.596107518237552,58.07986804894037,4.899553136404563,4.111193038131174,55.105909265124275,21.472891340208136,13.060868286959334,2.8713389627270036,54.770583753491465,48.798233763390364,90.70730821892579,90.37587981299365,88.66059852256458,72.72714097958037,C,Sistemas,Laptop,Fibra,2025
9.833043028558151,6.708927385870001,65.21959980481192,94.03415850473881,62.49121360869647,52.558064913474155,64.79953418221818,58.756612745044016,56.47830666462749,9.465480887951479,21.08270122701087,56.7850448906813,4.69649712294148,4.425908590871818,57.965944630542175,20.900194872948852,14.226740070162624,3.169311296337727,52.77031071574139,45.47842341465305,85.99494610117274,84.77948287826422,87.79739751214416,73.5269271932768,C,Psicología,Laptop,Móvil,2023
9.293840863532626,6.404480984133849,68.88932390598504,86.44158452816235,60.59789128497469,52.70371133555882,71.83034492239581,61.334525755856276,49.17560333127488,9.638634011852343,19.359030865705655,59.97431681793605,4.524623685123103,3.8196686056705036,59.83269441531539,20.49333424879362,14.321535806179092,3.3270256504074234,50.550963768754805,47.31444731916249,88.86416029814423,78.5876005820314,90.3632368105768,73.49721671075555,C,Industrial,Laptop,Fibra,2022
10.404764891414906,6.575754161135199,67.57939308525333,96.34280596845296,54.177622966361284,55.025234434437664,62.82704231039173,59.155887818881524,52.39877566435547,9.887753486451931,22.236428406520886,57.59984777240538,4.990489215323677,5.181289244752345,57.08804079180436,20.42147380913268,13.97130013821656,3.5080441309872334,46.578850827397076,41.661939803900694,90.3411951821839,79.7803253119396,82.5764520871595,68.39063745725862,C,Administración,Laptop,Cable,2025
9.186592369027412,6.322513601785095,64.26898764596166,88.44143380894864,63.62325140987777,53.12201876611299,72.04834339347627,63.348922550411,52.10895265360924,9.205029385317308,20.624282553540503,58.0041027023027,4.5640662599537425,3.3783192292188136,58.07420225824275,20.794489345070442,13.129726795435221,3.161338799349136,51.94521995902049,51.59069929565476,90.48124277755302,81.44224458094213,90.1053928694217,73.72223017057523,C,Industrial,Laptop,Fibra,2023
9.935143471834499,6.519845397453962,63.40801075920096,90.68860336374154,66.04505404589733,53.824380154693294,63.467247629112975,59.44263267236977,55.013679006271595,9.58463232287828,19.840708472217123,53.93856791729045,4.651261300429162,3.8804447867902665,58.71356868166142,20.944509460146982,14.264096649079976,3.0245949835357626,51.914118606649595,42.755244608421044,86.50585706479367,83.80281104715873,87.2874411455834,76.10666037657566,C,Psicología,Desktop,Fibra,2025
7.950203627463731,6.7795753002045895,82.03989630898008,98.13139294604034,69.84245398442924,49.31265327321993,63.848277254646476,63.86742105042411,51.10481694805988,8.508738278925952,24.741446066838503,62.4055530398869,3.6599999275313957,5.2096295657876235,59.716925938383575,21.342408250542853,13.879788550739082,3.147122963434168,49.978367879784244,48.717945025633085,94.04752393525081,86.75880654769732,84.33066974024014,75.10010238259171,C,Sistemas,Smartphone,Fibra,2023
11.50144499534515,6.883667553317142,72.04610278088772,94.98821851285805,65.17507926931471,53.049649931704955,67.9444299107379,58.40878994369375,58.92395619255882,8.31256711180292,24.18585476425425,61.30842548837711,4.780424978949659,3.3442840393350837,52.39338617521863,20.34646558939578,13.118491271373264,3.0462066713680267,53.397942800129016,46.76572472746398,96.55376822324764,82.54636894198478,83.10517660879843,69.04849960517586,C,Industrial,Smartphone,Móvil,2022
10.872541532208617,6.843781548781149,70.09064707116428,93.4813255996085,65.15685816699397,51.32550073488296,67.82095701999319,61.48845190517561,55.53230447832117,9.229356136826897,23.229898015471566,60.241385519926,4.233897352160643,3.739965068063533,56.10218625042419,21.125532781751264,12.533721034909675,3.031148107182567,54.659378595123286,48.58996870855552,93.63834514398384,82.26698663764523,86.20718646482868,71.7227912369856,C,Industrial,Desktop,Cable,2022
9.241014557994689,6.746864274860911,77.35448022087137,95.78050947445392,64.46037909317737,51.5784242560708,65.59611594333347,60.569515368889554,52.59581707173642,8.811154693609724,23.1908784933188,61.63534399687976,4.350767033489294,4.685420608256628,57.57804912809601,20.68511828087202,14.232193197747247,3.2429196015546213,49.554639430501844,45.76626735169519,93.20313328961286,83.63148038160978,84.4119434522175,72.1457544696213,C,Sistemas,Laptop,Fibra,2025
9.784421659121632,6.528104091664041,72.88604866027943,88.79055455404105,71.61635618556582,52.687783287553394,68.65425585379316,61.525305697834916,53.26155459582695,8.499998035148248,21.495957482052194,59.06794989470134,4.329657759357344,2.962690029096425,56.82789421879231,20.66604814867009,13.749451712930199,2.9075231546422637,52.17984233946897,46.46745803460396,94.7935661670785,82.56164210256172,86.2837372117501,75.59063581565532,C,Sistemas,Desktop,Cable,2022
9.375237714427728,6.75883619550729,73.17248454334788,92.55373036126747,62.06382630664427,50.93958527817812,68.98567184223118,59.98072934714947,52.3780292877049,9.45669432537025,21.022563624410633,61.42524443738899,4.461657267730056,4.353618973420781,58.559193925141045,20.770777610880124,14.271849703634354,3.2463618742822917,52.048995545941565,47.13451068519119,89.57160179221907,82.75614146866782,88.88646862989555,72.67441008105584,C,Industrial,Smartphone,Móvil,2025
9.559725722933852,6.482917436642399,68.04684963041748,92.7756080564217,64.00785380434094,53.416142140603604,69.89565880057916,62.084535913158604,53.460618222286755,9.074316366738582,21.549388847353182,58.55174535868299,4.830868075710471,3.4398344723729233,55.70470377768151,20.689964685312702,13.009225124020379,3.099403798935517,50.6272122584486,49.32601504811228,94.14083983522492,83.28320665550005,87.07503343015317,71.78761759784976,C,Industrial,Laptop,DSL,2023
10.204651921808445,6.59634411292049,68.01290294486503,93.42491870306662,69.13050698603706,53.10050705519761,64.81324870211165,62.52834345613219,53.81210981094158,9.527378764403842,21.44801638990674,55.577368823671684,4.497286937514082,3.3355235631802325,56.403360154413384,21.298338650340543,12.529938022563522,2.829997258818955,51.75853269739565,45.33349250180481,94.80386430708246,84.57374735252189,85.28678929442906,74.56775679504564,C,Administración,Desktop,DSL,2024
10.542904039682552,6.606733121442022,66.45314703745927,94.30107623423088,63.61781268482364,53.80564765427057,65.44785509847478,61.362425606278364,54.1940025600591,9.663813118305933,21.690423482059543,56.367607958878985,4.765051342878742,3.696404742435318,55.77038461899466,20.99224498110896,12.67419525582564,3.0309850275542196,50.791124263784226,45.259059652031574,93.78592764520477,82.92974369866904,84.93511631675999,71.73553933912076,C,Administración,Smartphone,Fibra,2024
7.937337266641291,6.684890374788436,69.83116421390521,98.55267504114533,69.09853345732338,51.282734294715624,67.45565233266173,60.51438396395301,58.72190048446829,8.14590520147396,22.594486335782836,58.61445004274627,4.804305730663311,4.086552617036668,55.845389093966915,20.93372003008674,14.051057186361554,2.9968954177221083,52.94631518206128,52.22108149647425,89.6939475525528,90.37587981299365,88.49647291709678,74.52569797818501,C,Sistemas,Desktop,Fibra,2022
8.797954931512457,6.726081893057351,72.51820787247877,100.0,61.39217581420091,52.293460055116704,62.656997639644345,61.08575553685448,51.77791383810283,10.11860108583124,21.24794819399869,57.34114389718705,4.8839641859257785,4.97843220578171,57.467628849589694,21.215510665235687,13.548952131504036,3.1611155594822717,47.548356504279305,43.99745300638843,92.33164834316402,87.42554021847434,85.18399471221205,71.80555720931184,C,Psicología,Tablet,Fibra,2024
10.597323084498795,7.027082126125381,70.06982799596409,95.71069207883987,67.49055197240001,50.337873195002956,65.67478117688364,59.43807736249011,58.133319388413895,9.344472551331362,22.34582214527222,59.094897187528076,4.35411962623573,3.867779137526163,56.22853115660124,21.33958497573156,13.144974706560404,2.89499848619288,56.42249715184227,47.09861638391248,90.64648962674202,86.44336206088296,87.49057246784345,73.54068759901558,C,Industrial,Tablet,Cable,2025
9.290544366162578,6.563599091169278,64.07513866859136,98.8412558874059,65.79296994529004,52.11975914619177,68.26193973918296,65.12606095802306,56.35355318628622,9.002271013745954,24.422573136795986,57.197672491216586,4.489181085221591,3.7881030775413365,54.86622332164239,21.606949263948668,11.858407647747123,2.967079058187054,52.95841063311215,55.85443253320435,95.49940850463469,87.58789382127372,86.54181347367317,71.40881552948387,C,Administración,Tablet,Móvil,2023
9.947531604077703,6.822943522576815,69.21597898753672,97.21233132591689,61.0660272205472,52.52553751783351,66.6663686149365,58.3857754972858,55.87882132707257,9.677084883152382,20.86078188118281,58.54169600833481,5.14029102291797,4.0998145772202195,55.294586153653704,20.764457276989614,13.724885694591354,3.117753707622681,51.38132977465489,45.43706718876973,91.0912903524861,86.01490363032272,87.12456058472202,70.66407770300879,C,Industrial,Laptop,Fibra,2024
10.685315645456232,6.8174275099704635,67.79446130079127,94.42499578891164,68.49300883239115,51.928025054719186,65.19777848891782,60.49289210984273,58.56160836657447,8.734314346985087,23.528101408457122,58.01415158585989,4.303324198174279,3.7111715496309934,55.74776757761461,21.12027457117856,12.961666147052327,2.9314765110678977,55.206465025022766,47.82928279394411,91.7323097741522,84.94754678362025,85.40624025247476,73.48874388442594,C,Administración,Desktop,DSL,2025
11.261229953368138,6.738709052065245,65.14441783985092,92.56568394478943,63.962576982195074,53.42223361643507,62.86493138914152,59.50293336400817,54.91135956548624,10.130309117243158,20.723939385736454,55.1109789710394,4.594588099738331,3.844976935283517,57.22463696249241,21.146445163637214,13.209956219300384,2.9873776575662725,52.57071868637495,41.427834389597315,90.18177449867187,82.04518204008785,85.40363080272874,73.37740388452897,C,Industrial,Laptop,Móvil,2024
8.32531874265544,6.445724547922088,78.04541099255498,100.0,63.62396696343781,54.16069773068512,61.26256538862335,63.374403519300685,47.84175617264427,9.552706237471634,22.435004082368962,57.57663089275725,4.802012194161114,4.92214670233005,57.13811593653968,20.87652677108302,13.502207840744527,3.205570324024716,46.578850827397076,41.942655986480105,98.20174566153628,85.22786087705128,80.43258029649897,71.51747566024713,C,Administración,Desktop,Cable,2022
8.683818379108825,6.8381823872002805,70.0191908363113,96.48361090051537,64.7315947721809,49.46346752873751,70.83235682705467,61.568546643303485,57.08493572306462,8.740181188561383,22.952155744583358,61.73222362344719,4.393844018219786,4.280272492706834,57.04670523155568,21.166973999584542,13.328947283354605,3.132177924030068,55.59431650630388,54.94856966959078,89.02226003474404,87.97207263458498,90.74943126276199,72.75102017085476,C,Psicología,Laptop,Móvil,2023
10.472883150888146,6.664674942964218,65.72718604453141,91.81545494280958,66.54298615103491,52.04428972917086,65.73636892642998,62.68833843603075,53.73685599419649,9.881763007156767,21.404253083610357,56.27355301477627,4.211577286207062,3.6659214528296236,58.069716206312016,21.495015582637286,12.461312921670045,2.9319000976721905,53.924371089559536,46.77224045591354,91.34176222288004,82.83063765824899,87.3413247957995,74.62587691455897,C,Industrial,Smartphone,Cable,2024
10.828201392525779,7.119357226484319,72.83812806515394,94.51223910126595,69.79678718286236,48.3701288972973,67.2114758836185,61.83883539909735,58.40788994784057,8.688863525528756,25.160097232054593,62.36323955238245,3.538665596805814,4.037387346076516,57.12424057776809,21.599750043983367,12.45419598893654,2.926736716211338,59.32066583527218,51.71160675666902,91.78998230245281,84.50581291973278,87.18495528836512,73.76986720142176,C,Sistemas,Tablet,Cable,2023
11.926617824772674,6.881118630412375,62.220379941789574,96.0464001593029,61.94706282075406,52.48408321680633,61.2125544175489,61.12704133506239,58.519886863199766,9.644183219112293,24.793554758152503,56.232573139833114,4.066012468121261,4.6532217780347285,56.89132447430412,21.50653588696545,12.06842350225967,3.12016014242946,55.150204480678994,46.182307491747515,89.2712133925169,81.56556843172945,83.3669367468732,71.17773577195746,C,Administración,Desktop,DSL,2023
10.332802097826045,6.732600069656707,63.19936531406996,97.89855148027307,60.128431249104466,53.074228971642036,68.20381378484626,60.800830480982526,56.991868049974485,9.854664490752,21.567710929077805,56.98261696890206,5.193537194434462,3.705174275028075,53.97205067583184,21.086285732106983,12.144332004641612,3.0496740456096485,52.57416931329577,49.53699741902638,92.6700101856243,86.06439242787175,87.57492853409289,69.40344392735281,C,Sistemas,Tablet,Fibra,2022
10.234505944416933,6.838477504959773,66.69040056409833,99.47099404413348,60.03192089728502,52.794545306384165,69.07882503058038,59.47434641856107,57.15839564136872,9.826189808813364,21.118533501484205,58.36011881576291,5.328166016491215,3.569650771742523,52.690486564437904,20.89340177181312,12.443118724882648,3.021490369140319,52.03307119183124,48.689480746927096,94.40747834466872,87.39606701723073,87.5711426569835,68.40863712993561,C,Psicología,Laptop,Móvil,2025
9.016063117879341,6.7514603217644495,69.60144163711968,94.09798971502525,67.33088305318554,49.8122887811572,68.38414623574079,63.94670108573963,51.069249009885425,10.301780055822997,19.499756604980035,57.48661097710723,4.321266613032531,3.6635810650909475,58.943190961226726,21.735740817899575,12.34253107008833,2.828582833871268,53.99182455567972,49.19819126306434,91.93918949420328,87.01837381823165,91.32601743416393,75.77868078430164,C,Administración,Laptop,Fibra,2025
9.796073535080925,6.833582333716932,72.93307092063617,100.0,62.85866464223505,52.626094968964246,62.3900834454759,61.26791897367848,53.37561913255193,10.060198453737037,22.24501519885089,57.351134225750585,4.961059447833264,4.463718329368052,54.93174595598562,21.294846499538927,12.550089333997455,3.0091327800878673,48.334136328325535,43.8009647672074,96.71461963357143,87.49869694613547,83.10568204383576,70.23109889088008,C,Sistemas,Tablet,Cable,2023
7.908817079989399,6.53723366128797,71.86500503171082,97.01231651608401,61.840559363054226,51.862443485215955,68.4068045119335,62.640431268895284,50.84880261786174,9.554475031071714,20.974588607086886,59.27770597240652,4.819114142991864,4.534860631009271,57.94648113778612,20.985027613083137,13.624510084586227,3.228437046090054,48.419140359014705,49.57349759333515,91.8846818627534,86.65786363742073,88.4410512862742,72.36965318634489,C,Psicología,Smartphone,Móvil,2024
9.780953893047826,6.903478051621657,81.12730083501242,95.28094641971032,64.75288553188909,52.07839589969547,67.16025054849176,56.592643165190175,52.94516949489997,9.124199778420394,20.500734380336915,62.337156837120574,5.058620096953821,3.8565161597395248,55.16903236630192,20.188492431237734,15.081359150478916,3.0994259954947148,49.10007585979644,40.87280175273446,95.36294539551331,84.53921111173466,85.08831455743405,71.2874824771469,C,Industrial,Tablet,Fibra,2022
10.471723376460242,6.492747133735061,70.7079275486463,91.76155356522689,68.89806169456165,53.611780649089376,60.68254855822015,63.33364062612038,53.35279223944336,8.41340987474242,25.368252110912806,57.27339885816742,3.6410030388784436,4.505089360798065,58.824793283418195,20.99983462293419,13.264381647738986,3.1487190150808284,50.150149800041405,44.307632691777435,93.24429541588842,79.51535267455402,80.20892844346915,74.66105755821053,C,Sistemas,Desktop,Fibra,2023
10.97462853302631,6.9332181458904225,68.40629023111289,97.96522709066771,64.24313944401004,52.44135232420678,66.84847276515828,58.48037268703712,60.96414863565491,8.48962711850465,24.23811521165052,59.895686063715935,4.856559305064176,3.772220361643099,52.77217559117152,20.676584584863875,12.983925166566841,3.0458828494990406,54.53242091739096,48.83482450521964,93.27040127792532,85.83504367914779,84.61330103182854,69.43965305140833,C,Industrial,Tablet,Fibra,2025
8.859259962418095,6.309748363756526,63.7629020671702,95.68653484087689,62.08362629611,54.18435685726469,64.32585351234546,64.16303302325265,53.29214895628062,9.031039221875174,23.49735861333137,55.63750240471116,4.480313923694019,4.749613841539287,58.16925436820805,21.04218172652792,12.928353791402941,3.293000371030337,48.390663908615366,49.6879954307405,90.38160382769067,83.71769632667869,84.62820601570652,72.55144015076638,C,Administración,Desktop,Cable,2024
10.828908794710681,6.804562251215142,68.7815918093957,95.7604546758453,69.50642501444509,51.21880747505769,65.29854726380314,65.12582797015224,53.532542668729,10.082278510961759,22.70819375267238,56.64975253653785,4.103960021345077,3.3016647337420757,55.98553258793508,21.735740817899575,11.858407647747123,2.7016493803581993,54.27770583574602,48.25090137188277,97.99204367244937,84.85538285028282,85.4776763984453,73.54589697787844,C,Industrial,Desktop,Móvil,2025
11.303512383153123,6.465906524891528,61.316038930262096,89.96713537570963,58.639044673528396,55.054994150276826,66.0050803929686,59.96709944553976,57.17288301353072,8.500361360147789,24.448943409029027,58.02138196722144,4.399922119742344,4.405920990711979,56.93930777658785,20.2693918354259,13.620591232906316,3.461176908191112,51.914224948019005,47.40057418009912,87.82046503979504,76.84418695200945,83.61788997112448,70.03634365601891,C,Sistemas,Laptop,DSL,2023
9.792328680387627,6.3963900898864665,67.26232672121118,86.03272355797918,67.58528993733226,54.846584929430996,64.73502449101578,56.41538792568701,56.81372757643859,7.810399611127469,21.212491189190782,57.06545524421908,4.536737933170913,3.934272693318071,58.864832989688566,19.815579573773775,16.433213522580022,3.2590711337754974,51.22046379160217,41.879234588066794,84.32024195700903,80.64446437736503,85.55788726945784,76.54019723458956,C,Psicología,Tablet,Fibra,2023
9.806572598246019,6.508677386085991,61.58393422332805,94.51304080309977,69.53599229863437,52.53054472657452,66.42376460032727,64.51612661971203,60.048957761512085,7.793985754296262,26.121353911488484,56.85524617855303,3.9783095704025384,3.863724085332709,56.11320101427051,21.29691337003666,11.998538872487359,3.016765928044209,55.58372053370796,55.57080047310598,90.89546393713893,85.47446048770364,85.36869457048223,73.94277388451685,C,Sistemas,Laptop,Fibra,2024
10.181493548407447,6.939239954342964,72.45484237257483,95.52913457110586,59.77834037534128,50.557328502043745,67.2140981720805,59.97096360184368,53.187013736308316,10.008485895934225,21.73888929323539,61.22841904304837,4.451740120696349,4.6280352532405935,57.78216797909321,21.086949070069885,13.458324779066814,3.230776184621733,52.73599072052201,46.4044907921496,90.51886682794526,82.81327049440246,87.74511443172122,70.8261583149584,C,Psicología,Laptop,Cable,2023
10.682157474293973,6.95718680364529,66.40845842918665,96.85003294254454,59.470816058024894,51.759787886267716,69.17394868264685,58.40269997244121,56.73211982035205,10.300984510701692,20.030967743151756,58.70858680908465,5.244633144523119,3.6407258612263416,54.39828390482819,21.027462366334753,12.840003758384666,3.024770102439654,54.15654568529909,47.10867958987812,91.268545210472,85.85678446924356,89.50596240523268,69.61128543251553,C,Psicología,Smartphone,Fibra,2022
10.955654888329779,6.979983665749344,74.20105512292523,95.98729868249285,66.07447783694066,51.08161952588057,63.68459144193897,60.225902133603064,55.8082022297761,9.123357403849775,24.10711985698705,60.488047300167835,4.1006576480678785,4.342729568524213,56.458821445638236,21.12682525704765,13.130683761112078,3.05077248993627,53.49835672974771,44.93332557899092,93.69384568626391,83.02813265765892,83.46285226850863,71.93749612660139,C,Industrial,Desktop,Fibra,2025
11.838249246542198,7.059479197267007,67.56526767455956,94.45850182330044,67.49781492185491,51.43665908180448,63.292487851823815,58.40039503152772,59.06546359482817,9.628203551406795,22.211932616987657,57.2353828933215,4.368134340741079,3.638605055722977,55.710758473946754,21.339505701343327,12.934161568038686,2.8283438872693285,56.85727271810996,43.47171092631937,90.79152946126696,84.4346106673538,85.68265455154226,73.38236267916551,C,Psicología,Desktop,Cable,2023
8.582587605077231,6.407866666249646,72.01302940901097,91.1797565652362,66.80913746663725,52.671831113252026,67.48028855910025,62.6885930160161,50.68223594835288,8.932273749097009,21.336488935671994,58.61763175065818,4.362260234842796,4.021300681338608,58.98910734581007,20.784237911746786,14.057157262310309,3.150204823950021,49.27852013618651,47.28701192376853,91.89059831743597,83.12905779352154,86.89535092809024,75.09944331564392,C,Psicología,Laptop,DSL,2023
9.67726012437021,6.691075892781374,71.94651152926268,91.87090804900504,64.2496102382818,50.49635460231881,65.73079877677218,63.68514523644211,50.60027568179671,9.62187629608063,22.915006862132927,60.05419224363904,3.658776781180216,4.762651041274296,60.8076133504315,21.425609988696337,13.170530295109113,3.2174887894172284,52.489835474599644,47.79803237935255,90.18069688854575,80.65141055125723,86.8523914568857,74.34089199544286,C,Industrial,Desktop,DSL,2023
10.74156848410304,6.770032400439069,74.72577090895737,98.55494277300959,65.73547492512375,53.84133373148106,62.744462436393924,59.86910988517268,56.87189163759014,8.220081075233097,25.508158073156046,59.8643963819856,4.624268185690493,4.219353987747498,53.486805783728826,20.482456543091118,13.264323098715206,3.124106388184262,49.20416334860867,44.315336675612336,97.82335929181843,83.53456080634875,79.18246082774877,69.50755920900555,C,Psicología,Desktop,Fibra,2022
7.950635743232818,6.478257539844254,65.31772357141844,95.53727603088313,67.8838742319223,52.07463738841835,64.08280233005036,62.50989834734893,54.97273198510547,9.082971354611098,21.422389318945648,54.95704541078346,4.43966645685741,4.520170458421134,59.47962138984577,21.370411566834555,13.893150129985035,3.0477441747275797,51.532493756578006,49.259785514724044,86.50413020107011,88.97065162240685,88.52991160159985,76.97105970626171,C,Psicología,Desktop,Fibra,2024
9.692316515796001,6.811936914953992,72.67379634282568,94.93212811044843,68.73197498033001,52.16142997790626,68.11286167087931,58.45187658395605,55.53672433007154,9.41087949295099,19.369111591624893,58.17075030417294,5.1748663032630855,2.9729412452070454,54.47487523524624,20.800240948896096,13.822408763490046,2.7874623979178024,52.35927397219494,44.52720282540576,94.35140945667285,88.17961699248777,88.11218038424596,73.71502907351885,C,Administración,Laptop,Cable,2022
7.615620698089565,6.475049359053681,71.64409042629963,100.0,60.57034509960995,52.97252527405526,71.15698254740326,62.59714679382127,53.48041669693504,8.73772375137694,22.381021402156204,60.474051481850175,5.328166016491215,4.214488438810123,54.12332121111095,20.544674997265123,13.171149658172485,3.2641904817791545,47.060293339167195,53.60989667795045,95.72181894569317,88.99833575585455,87.25774275075358,68.94842685975794,C,Industrial,Desktop,Fibra,2022
9.847590988074662,6.694979438859843,65.5875207396367,91.85660649766933,63.00744340822871,51.75858175916576,72.2319670171531,59.578131971128016,58.68844617836123,8.377996135582453,22.57790837828483,60.96020505231588,4.665141996779099,3.6587994557834747,55.77500833053194,20.514495754181915,13.718195892485905,3.2036149891845467,55.73478300807947,53.19535372820746,88.25775921743266,83.84382269804068,89.95034890871432,71.61817636776114,C,Industrial,Desktop,Móvil,2022
9.699588300501368,6.626547784983874,73.09300669767612,95.31019267636007,71.85674099427922,53.013634550147174,66.58033495649246,61.54126864650507,56.56959421624609,8.058239380827382,23.567788582407015,58.756969096707145,4.6041388548684585,3.205169153705482,54.028194613156195,20.7356924487066,13.106450102164079,2.861610108339675,51.45003835819368,48.04286244567213,97.53548834652918,86.47023913154356,83.5574588500382,73.38060338185537,C,Industrial,Tablet,Cable,2022
9.319889824127314,6.563833504729524,64.84096186574051,94.71562117146844,62.59701578641108,52.708165333713985,65.06894943570175,61.71202824421872,54.09057336388692,9.652412472499218,21.455960423435876,56.146594559732,4.5703736507586195,4.468789458872547,58.442183647409124,21.180610207927508,13.38675124712676,3.16371466682999,51.259524425398276,47.476793531583795,88.23083629472688,84.74699080976755,87.4759823982783,73.56775714678595,C,Sistemas,Laptop,Fibra,2025
9.934866617117358,7.052430663817896,77.09812461974359,94.8095712523741,64.91638867516122,49.463252762466084,64.05544559828539,58.62219789264304,54.28115223300271,9.335556365219729,22.546777159407934,61.96885978805409,3.979854373733664,4.989338083642072,59.41756927560464,21.071956768671974,14.653753126769406,3.1843305951589853,53.76933569534063,43.96271649808268,88.38306254613472,83.77089379878748,86.57856054462125,73.90033781261657,C,Sistemas,Laptop,Fibra,2024
10.26087870675187,6.832337453766632,71.58117912606774,92.21830487090362,65.39301500258046,52.27422575462207,64.55531923396092,56.27019491370694,57.531016441256305,8.592045094724604,21.93190632227263,59.60781581381892,4.529533443537035,4.3196005833021,57.48485007473297,20.371136182376095,15.397914196521356,3.184215211430852,53.14018427970398,42.804683874189415,86.93152005971928,83.34721244872945,85.88673248690904,73.84275519426511,C,Industrial,Laptop,DSL,2023
10.038916176126074,6.934172530562944,75.45044805558071,97.04526758884813,65.99768484545513,50.89283552682238,63.96579106061049,60.35982419550416,53.98533827685777,9.491720201830118,22.57204059630907,59.92855252129152,4.334884410602014,4.397782656220088,57.02401454313275,21.19678716605848,13.444824325556832,3.025918602021626,51.94563182225039,44.42271660067793,93.49226245097798,85.17003042949635,84.89341007193713,72.73954906493088,C,Industrial,Smartphone,Cable,2023
8.261141597501437,6.580198609974716,69.51965616713021,94.7416244437492,65.04750126075545,51.663604865637325,70.29343543066216,61.35964736891584,54.01723616110513,9.12341747789757,20.500961124289862,59.01402786026184,4.880555793561161,3.812947499543017,56.97665637998816,20.88577686200156,13.783835492281714,3.0790935264654884,51.63107020230803,50.864614648568654,90.58858448764785,87.64267975869906,90.24226743405116,73.66265128380708,C,Sistemas,Smartphone,Móvil,2023
7.905586295284823,6.417558321846482,77.21303603958857,96.16753614209621,65.50539659409355,52.83074009913711,69.55871132536075,62.907679650290966,52.57158529660817,7.60065416690094,24.556015363264564,62.64972359132992,4.58674436307639,4.340427307779524,55.90504373436193,20.23281766917954,14.02233090450083,3.326255986667003,47.12292219394955,51.83302953920123,96.40003140694449,84.7889001451697,84.05832964394153,71.13870730349284,C,Administración,Smartphone,Cable,2024
10.209378027057307,6.527175236203252,62.925233380212866,89.500172314411,62.84796788037653,52.57156236444517,69.50187750544265,62.142175961667434,54.87722959984428,9.21906182932883,21.990471926272214,58.06514166545299,4.312425747889504,3.7685598439288905,58.0551055271785,20.956718019048047,13.000103687676066,3.1802709722908333,54.260963504311526,50.57628316931144,88.54057433353799,80.75603286833889,88.86327415641061,73.11459581860697,C,Administración,Desktop,Móvil,2024
9.959201114910435,6.716531097418773,63.537226322720436,94.7383847966556,69.29150135898034,51.81673959749166,66.0747347217823,61.94835360844908,57.692872551490595,9.434547226927105,21.46393690174898,55.20251197861327,4.52722982350312,3.368590390991423,56.28694276474209,21.56812235829372,12.40647972235788,2.7788325984958338,55.559109855029035,49.359425719075645,90.65620144832204,87.8533841129051,88.51158914518446,75.21439637233331,C,Psicología,Laptop,Fibra,2023
8.58981917518457,6.581908246696787,67.0982617183447,94.06017110297927,65.16140670722984,50.88562915576089,69.14484366292024,63.2191967208809,55.60869575698559,8.569461401633147,23.434037162933997,59.71817690402348,4.159037845565878,4.415385510606012,58.491122168807586,21.144416847181535,13.295990978444237,3.2032238369323847,53.9145143102471,54.3878949760993,88.27408612559714,85.58659317901264,89.22814193462551,73.94965947828881,C,Sistemas,Laptop,Móvil,2022
9.695329921371375,6.501495485324138,76.34032413355021,92.16729372625777,62.09691696317565,54.03806633716125,65.75789698070275,60.50267073853338,48.79770318698702,9.335997101271506,21.347365666960766,59.963944910358315,4.674611176033468,4.253413300513087,57.60261336360831,20.298641581452504,14.37485748356279,3.2953684918240223,46.578850827397076,41.34578730091821,95.2832670336633,79.51839844829559,83.1211872271751,71.49567697212034,C,Psicología,Laptop,Móvil,2022
9.599991066441078,6.944978227985869,76.27810613335251,98.5828975872093,70.5507342186709,51.2418503017932,63.8064011946491,58.51848577586541,58.89232757046682,8.07389597775988,23.983092266023714,60.33825306367634,4.514407579887935,4.152044285253487,54.95179572339778,20.7769907530071,14.2317428948152,2.9531771136163085,52.885075408717555,46.09309621076196,93.23457160611916,88.76304547105075,83.81961637999663,73.42441869375396,C,Sistemas,Laptop,Fibra,2023
9.03444082156843,6.617697167919424,64.73884919822221,93.13726348951461,66.4483546554964,51.1891936218632,67.34340103513479,62.8237064874969,53.6660591820515,9.97850467479065,20.031787226547436,55.9039343122824,4.429720887720535,3.8338106647845187,58.982249631292156,21.615369921182744,12.928442428422585,2.9359172714424395,53.99889219304142,49.44326671808207,88.35887386068808,86.65674496908211,90.81699345520815,75.98463338290622,C,Industrial,Desktop,Fibra,2022
9.412951970585876,6.727791768710005,76.83433924894132,95.0530958469896,65.29641505920125,52.86650805815347,66.04258061803826,57.704065775688775,54.680255684296,8.471209271777784,22.013025116863883,60.92414069372923,4.8739986264951645,4.1579446391591555,55.79641573377096,20.170825395775548,15.078306719308607,3.1853134720037666,49.14060877732514,43.42272070742997,92.96528270555218,84.62813665099225,84.33095856666874,72.0423540253775,C,Industrial,Laptop,Cable,2022
11.297191089482604,6.994303408719729,74.67609523143916,93.43937244988291,64.38112683776576,50.98717897852524,67.84793091837768,60.28043831208887,51.91893186535462,10.301780055822997,20.36999250913206,60.35074046118221,4.552194401116456,3.346477814735023,55.85696914712359,21.228603714841245,12.554702385502083,2.892176539140475,53.2914096595644,43.17931776914635,96.66439638423839,81.9719409359627,86.85194455685279,71.4362633247525,C,Sistemas,Desktop,Móvil,2023
7.872010970195912,6.2492265980058495,73.89659513013608,91.43132253746737,60.63091389676941,52.15113136287958,71.99862838425027,65.12606095802306,47.84175617264427,9.258138821226233,22.30706328185184,61.89912516275369,4.1883683467353965,4.478627312357645,59.87510402616614,20.82825176084547,13.021853872542897,3.4331184884379335,46.73658426149924,52.61057328969939,94.96549870956139,79.79356342186725,87.70072051781061,71.8658678979421,C,Sistemas,Laptop,Móvil,2025
10.31341532522548,6.8342208040429036,73.10503145333557,98.00524301205886,64.43977824528409,52.43182316692072,63.018656003106926,60.80476722958884,52.72095079977771,10.100270158906937,21.541927053740228,57.55907358797752,4.717840601977473,4.129373599164478,55.97306417457333,21.24343454072028,12.853744079126304,2.967968295914026,49.75554422166481,42.322214448859434,95.7511590837923,85.06463428230238,83.86223996773668,71.72450017428042,C,Sistemas,Desktop,Móvil,2023
10.569261836949634,6.8998644870721675,67.98590419570137,96.24561055977443,67.51234965432478,51.772467494559294,58.76252472665388,58.904493762940156,59.327971538233186,8.759755782458928,24.422172909213653,56.69199921020281,3.976302282704712,5.005190582055001,58.37679409142892,21.230143986684276,14.101587422596646,3.08725884957982,54.36872434964051,43.67242844074911,86.37389816783939,85.17568183283753,83.26208806120172,74.91774529536985,C,Psicología,Smartphone,Móvil,2025
9.39583310347421,6.463577706661111,68.41375055122734,97.70024939982383,72.57393503664709,54.24758327846369,67.86669249687856,63.740358732250684,57.05899625904726,8.272670212782714,23.11762303199723,56.016478854044884,5.064392197920305,2.5243993445438004,52.19187910840449,20.97739322279458,11.858407647747123,2.6879273918570883,50.55635733982912,50.97439759455475,98.20174566153628,89.31966128234603,83.87463948615907,72.58772636981377,C,Sistemas,Laptop,Cable,2025
9.480703625283162,6.728404821110241,67.46642675526707,95.36620054574814,60.98983726265186,52.265752840623925,69.03315978945432,59.30034766262104,54.64776542328968,9.91793056240621,19.626895991484204,58.210365227271836,5.174523956290953,3.834135925480415,56.0767922764408,20.85705730340773,13.625262891801231,3.097454112819757,51.85984493644523,47.25538968521181,90.11511478306207,86.12177044313793,89.70813333312964,71.606273669946,C,Administración,Desktop,Cable,2022
10.774832100296065,6.677863700651911,64.98045599633548,92.39880835613236,68.1839960288176,52.95017830208642,62.59079376614934,60.96218697142318,56.12393492623351,9.459112100994657,21.960165571009497,54.88392244265198,4.269607529818597,3.7808400732121794,57.61215558003088,21.312831057216954,13.057624534608788,2.9093731414268116,53.711656474281476,44.120483638526125,90.09999779749054,83.51727144165194,85.25239154566356,75.26066381125514,C,Psicología,Laptop,Fibra,2022
8.811886960447389,6.690719450634454,72.05918927587567,97.25786227394092,63.21553559143884,52.267912837283994,71.02182324834398,60.45186723275378,52.69747814725142,9.8987621853739,19.018927423423314,59.06219107677426,5.328166016491215,3.2865727459235865,54.327531837235476,20.82650774642218,13.199994489856362,2.9587455001886096,49.81704671621411,47.97305129704297,95.7100111751478,88.36723607758796,89.49875121792063,71.08865056938464,C,Industrial,Smartphone,Fibra,2025
11.58712271061126,6.769674728616875,71.69996071881707,89.84890136463353,67.31180689319294,52.40334711281566,64.34034454512557,60.696458667756474,54.550059109484366,8.915569344847302,23.761129757189067,59.53289027007871,3.8543033926003583,3.858504337126706,57.53225419319743,20.882345915782718,13.299209378727408,3.067988608302169,53.5890154172954,43.59668789046424,93.16833027460703,78.45427550511954,83.04542816962866,73.3389510436797,C,Administración,Desktop,Cable,2024
9.781588009318686,6.6329444212566,68.99654170427411,94.31461111245565,66.04473909073342,51.65488879015648,70.32221481745961,63.93035340530915,55.257913401442714,8.659421547393721,24.012772202286655,60.38288375286296,4.303604065156111,3.5917715327858786,55.53737687722597,21.09327207089541,12.068935991432129,3.053463231740629,53.58941810116595,53.63853550838533,95.22296041378661,83.88510260000726,86.81216061814851,71.59501362993652,C,Industrial,Smartphone,Móvil,2024
9.965214450729405,6.620804123212375,68.32985657961345,97.26958458739912,66.14524576805456,54.32625836689018,69.55277196233594,59.995674376965745,57.37666361984259,8.852890918215756,21.35096898582946,57.543674830241024,5.328166016491215,2.7021437582153114,52.19187910840449,20.52357396302491,12.645790098293235,2.8616650418289913,50.61268147544548,48.30539149898018,98.20110053726862,87.7620610447751,85.6353585494466,70.05328615183079,C,Sistemas,Desktop,Móvil,2022
11.016144396320133,6.467493409282113,62.48397247822779,95.09971547062017,62.896032467508476,55.43499967397298,58.72231667467319,62.35338511339042,54.87936215015644,9.421679348947073,24.14422399762942,53.33897590594408,4.324279490397899,4.661809864085681,57.418571526707886,21.131859102257703,12.613658299564243,3.179240468522379,49.01401169436052,42.72229236118783,91.44799445176515,80.67796873083903,80.23918803280402,72.21058271580732,C,Industrial,Laptop,Móvil,2025
8.922071057120224,6.742429532042344,74.84137279665754,100.0,64.71509166466407,51.49811202635201,64.36242263785748,63.787200111604605,52.176240438017686,9.506949718927626,23.52951689387897,59.188756299965625,4.511904672791931,4.632040512461281,56.22937542623913,21.418470735257213,12.37061693570251,3.064600675400278,48.776740943928914,48.246730165882006,97.01322666398369,87.4035986753798,83.9507251662994,71.2640221123013,C,Administración,Laptop,Cable,2022
7.65477641205308,6.517280822358314,71.91489085949101,97.3827464650734,62.33416142930437,51.373016789052535,69.48556208449696,63.96753195066427,50.829219840718906,9.367883619383715,21.723808664953353,59.952141862379406,4.673621410052372,4.543527666972176,57.957661108022656,21.105366274383584,13.21546995619006,3.231313838637501,48.924052559981334,52.20594396586108,92.57474023297232,86.97708953969493,88.79725815714897,72.27994653653744,C,Administración,Laptop,Fibra,2025
9.108396566415044,6.378263262684078,71.05304572470426,92.46261164820422,61.175863456071845,53.52289476546324,66.60828507245638,63.771156285775334,47.84175617264427,10.019593311541286,20.78901900562217,57.870667241085556,4.528362812649742,4.324900671313411,59.064843619693534,20.93961409140871,13.232796893268272,3.2568039394957293,46.62259210816955,45.15430163204621,93.94601021091275,80.5489179059942,85.70793380746207,72.48428931703381,C,Industrial,Laptop,Cable,2023
9.51928948043385,6.621563919904371,77.96774876031608,94.82909607460994,64.25293715481986,52.856606441926004,65.6986991102037,61.96834449069799,48.03834958157966,9.89006918052182,20.866375231806227,59.57483455271904,4.670195132571378,4.012317522118322,57.05616595899609,20.840689287427008,13.427101034335386,3.090449060923502,46.58030802975591,42.11204942153069,98.11164109855895,82.35761118274378,83.88870001658877,71.93819127351244,C,Industrial,Laptop,Fibra,2025
11.15288671096751,6.834489265644472,61.67146588622036,90.7918732392909,65.78539893453592,52.10451877926445,69.9821639469875,57.97086376783441,61.117201853191204,8.965225021571385,21.18736332831541,57.81991336464531,4.774313299646658,2.9742198908770456,54.90893054573611,20.81688109130514,13.32749937930232,2.9258671000895373,58.47956743672942,49.495629677368825,87.63112501246997,84.5111319839253,90.14082632946044,73.07530005511512,C,Industrial,Smartphone,Móvil,2025
12.487901822551772,6.8100893392210855,63.576963056101626,89.73167131883089,63.080382432297185,53.16348364239903,67.90565766623591,59.70638172799541,56.56742684380604,9.88361913399299,21.45641271518936,57.513819606066185,4.561830192707927,2.9970572978820575,55.1171452528023,20.973929838060744,12.257122536173657,2.9573301758327943,55.8088467336805,45.06755580238436,92.65407084161843,79.05580744276507,86.49886364652548,71.09663248961463,C,Psicología,Desktop,Fibra,2024
10.363845136057705,6.532005600354739,69.08678838325068,90.58746049759046,69.2072888129313,52.4340429183076,64.5585579508895,64.02174226499514,54.625546638666336,8.234338437631937,25.449218330314796,58.7030490049788,3.551796225076652,4.156083833217507,58.56596994704342,21.10026467294884,12.847535217204717,3.1190090087661626,53.099591616123405,48.97088045174169,92.46227135805714,79.99940322959796,83.14790876441526,74.65843194341932,C,Industrial,Desktop,Fibra,2025
8.575418909376008,6.5119454514934985,68.81367649042262,97.84227538015992,65.64887959471223,53.425151401335334,61.481822557921284,61.77017634336737,52.837055256697255,9.579104371356166,21.250173432848833,54.657237906326095,4.75161929526047,4.6195612977290486,58.104247214261974,21.195786001194236,13.750106516848298,3.064916704289043,47.8282865814351,44.09998930179679,90.86703506382437,87.6522503676895,84.85918595599928,74.63434425944591,C,Administración,Desktop,Móvil,2023
10.662783398513318,6.395418048870256,73.31001294748025,85.12174642038896,71.60011828718723,53.92819273055638,66.9305402773317,62.183623181940064,51.989946158886895,8.056016370495675,23.173624304430025,59.38006957295591,3.8684022986726956,3.1188438925421136,57.79811873676334,20.396005468931524,13.846328590655235,3.0415330649603285,51.05600950010239,44.35571453041928,95.6106952646182,77.06922863154387,82.81763811663032,75.45036184123403,C,Administración,Smartphone,Fibra,2025
8.629493439649243,6.59339913912618,74.74387273903906,95.62153697938942,70.92803118363526,51.86338714170513,66.44433818256135,63.22668135488587,51.700353007844406,9.214218405583543,21.201582838548525,57.9132176957364,4.551749685881671,3.5265633873283386,56.720089235842536,21.238908469602638,13.08014560139895,2.8382507512537694,49.90407205802437,47.04312110062568,96.63670383186832,87.67358739893146,86.24555006843758,75.19669136735568,C,Administración,Laptop,Cable,2025
11.784985332626158,7.083764303594759,70.33534425730512,97.08632731329472,61.55076547588875,50.67796710749481,66.8494009818506,61.55156496807032,54.679411680622984,10.301780055822997,22.680518563294847,60.065365475208296,4.4163032022453095,3.8335074641170204,55.001735965457506,21.5822558468369,11.858407647747123,2.9601901379187354,54.89021483506681,46.83504491867285,96.14090148413234,82.53027496984754,85.94921425537738,69.19481353423937,C,Psicología,Smartphone,Móvil,2023
8.905211368855959,6.5449599044889375,70.21396537719458,91.35797814165426,64.78165951757408,51.94430603277182,69.46262249231862,60.30844061192728,57.001915699587585,7.452708395332682,24.464712700632827,62.10143962212007,4.185334946454681,4.513972314570483,58.026510453159396,20.249211649906226,14.834311107658541,3.398621639761329,52.95373525538929,52.3329459700766,87.31328193959989,82.63615644628337,87.0932358067415,73.13407854230891,C,Administración,Laptop,Móvil,2022
9.552404832140589,6.297235930491844,63.78585091085845,91.16573064424306,67.3279636515848,55.44019708786953,66.44160216190188,60.75081322461249,55.79519483825665,8.526776237765588,21.283012411004897,54.80429116464545,4.956042083035549,3.273372016113925,55.84047483015658,20.454497779416787,13.81789405649398,3.032540464525631,49.92318711874097,46.41828574413298,91.44766576533233,84.04477937896561,85.47362078601857,74.24383675576038,C,Industrial,Desktop,Fibra,2022
9.339659925022529,6.6377043157028455,71.29886286128236,93.80659461300908,62.07793539846291,51.88261553767122,70.05364465786496,61.986822136993496,51.274342977169,9.777681363764511,20.673527722006934,59.964820329083246,4.738239585835487,3.8399104050829425,56.982026466280715,20.937247733736875,13.115721503357896,3.1355758758938084,50.688757480576385,48.452640607957406,93.56997731951702,83.50103254922321,88.52729384175095,71.65038309740058,C,Psicología,Desktop,Fibra,2023
9.175434592653195,6.357797778612101,68.59784148283254,96.32362430565692,65.65775231818405,54.82421104964075,61.91161100371535,62.35523970483031,56.06595827969234,7.644028942520023,26.06202604385714,57.333197520406756,4.32217244540666,4.885103229297887,56.80330853746538,20.49861209249564,13.823787915197592,3.327896068900227,47.71443387697683,47.890299291071464,92.08602196731235,83.40368548877763,80.24487312454012,72.32582198695029,C,Industrial,Smartphone,Móvil,2023
9.497923423488979,6.342418700246688,66.5606471911874,94.60958825554754,69.77476744170615,55.22122643011039,64.32607600967114,62.6319420972962,55.00427116623308,8.624034802566388,22.35042009047576,54.352866964516835,4.848016302326274,3.2920418230320805,54.96086014215992,20.825662408427828,12.892592957834783,2.8975843148255667,48.77585092457025,46.23008994894745,95.87636608600614,85.79441961399728,83.10016936123334,74.02842404409671,C,Administración,Laptop,Fibra,2023
11.117233077641197,6.672010051073501,59.74129004771097,89.15583830435267,69.94733079920397,53.33768927044293,61.110902460882286,58.62291499650965,58.76869557935258,9.492489017933503,20.436399733176493,52.17136251025405,4.292818255325878,3.5761787047698372,58.78456474629409,21.286036807485612,13.949154931518805,2.831924415677386,56.20118591081406,41.829272708334635,84.29147599723085,83.86293604560822,87.11024545770314,78.11395483983019,C,Industrial,Tablet,DSL,2022
10.546706306550053,7.061188537689188,76.84345075176682,96.43398977493457,66.89846852048375,49.58101715711694,62.23378395516045,61.345579080736485,53.40187971126572,9.667791367492203,23.69177423754037,60.67924778304739,3.7363166348371926,4.776748030619274,58.66455639125065,21.582801593836916,13.10636980050049,3.025260834908239,53.64149856583922,44.10304202010033,92.89664862342393,83.50992873928435,84.25955216693552,73.57992577927092,C,Administración,Laptop,Fibra,2024
10.391286401091797,7.271703065682591,74.41139889204165,99.86407652171468,66.50506617614468,48.554525044103144,62.12268297806895,59.59072709621695,56.23943399604853,10.226434335538727,22.22139791979396,59.460260081056916,4.140765848896446,4.715380659782441,57.72311068212808,21.735740817899575,13.055530392232683,2.8827503489466464,55.88089920324762,44.479812975337346,90.48114423892471,88.28083543768435,87.0374818716989,73.72627150975566,C,Sistemas,Tablet,Móvil,2025
9.635723782270855,6.816596735087106,69.49749516059278,94.70115308869,63.450270305225935,50.783319675828096,66.25129407020385,60.22072252097162,56.367735353308746,8.933307303157044,23.220136904933856,60.219001586243614,4.198186823351181,4.738149356719312,58.36748187055644,21.01370106415144,13.92985736689801,3.234032477940031,54.117064168728575,49.09779830266754,87.3631639716675,84.30078440603275,87.5612271704542,73.03757724833537,C,Industrial,Desktop,Fibra,2024
10.093365540549613,6.709839576185577,75.83671785197599,93.15071421459638,61.162523119609546,52.2338864914428,65.49477825864719,60.98215751800856,49.20185692180259,9.895118784778166,21.604127992390765,60.5956629849736,4.360138785846057,4.550145449570748,58.53227698817499,20.805220152342454,13.790356870103842,3.266946972956016,48.62154602161295,42.48815719478363,93.78409465761887,79.75316681291677,84.58032846532592,71.5165961535221,C,Industrial,Laptop,Cable,2022
9.40685825274537,6.638022171877641,73.55080605918873,92.57146570493123,68.85746427997421,51.814509238176406,62.98059682142369,61.71278040609435,52.240929313143894,9.062501719648932,22.36516232785719,58.140767706668655,3.97883363692225,4.4271497089446,59.61615058311124,21.1138791458954,14.088812752849623,3.0684794097349455,50.894243690604696,44.021246979616755,90.98812892414188,83.33264915102059,84.83044136547137,76.06026768420011,C,Psicología,Laptop,DSL,2023
10.500203101442398,6.534172152072284,63.44153413334687,89.22928423992371,63.52177108800552,54.27275416739715,66.8382367528497,57.73536439719636,58.2339912723385,8.41120499181438,21.950761249413272,57.433036100854856,4.697643870691903,3.8344060954128643,56.906077210052764,20.202377756361635,14.730718816616793,3.24193139585546,53.12678495537743,45.88197438880835,86.16089580878578,81.1216875772249,86.53920118060357,73.19223069860352,C,Sistemas,Tablet,Móvil,2022
10.281373804383453,6.784322453935009,70.98030727526499,100.0,66.01370295531294,53.04741950067654,60.96172239557483,61.405349331461196,56.85432075680263,8.881280123944768,24.950535846723746,57.383349847016056,4.5102907060105295,4.523115900404861,54.86175697452989,21.141194361245354,12.653401310629977,3.037250027930043,50.21284371988357,45.507442621040965,95.43969713952065,86.19417227552562,80.86585489588288,71.08843054797327,C,Sistemas,Desktop,Móvil,2025
10.041247616140106,6.635752293430701,59.270848589358735,96.37429648549505,64.15618948503615,53.11530941623399,63.36060269363293,60.68964726850447,61.01074798755955,8.585292523141998,24.29659691986704,55.235742192171855,4.457490311333207,4.551718645487704,56.706789100471035,21.129379351519436,13.146428182892784,3.1516593767792087,54.60247638277338,50.4731363326621,85.70738054828479,86.17999195195907,85.88250049377754,73.07174354770024,C,Sistemas,Laptop,Fibra,2024
10.183554845874951,6.87880964868823,74.4216928545881,94.73621867621338,68.48403406146227,50.629878194097415,63.65141061970837,61.57524032501759,54.03953980883358,9.2282580115806,23.288177847495195,59.60334843452751,3.918014655099139,4.318200144891534,58.128234461285466,21.356116955879944,13.256966859242404,2.990605217076489,53.28641117554886,45.40206892151586,92.80663062920456,83.92587795961317,84.81079509136853,74.37602373443455,C,Sistemas,Smartphone,DSL,2024
8.878464383017274,6.334590786739498,67.34512506843183,89.86898116894196,70.16484915683267,53.38658637031227,66.09183167944967,62.68807852563943,53.37575159054581,8.58854104462971,21.56795360780924,56.03816991554461,4.2891861413051675,3.6617098302009783,58.79489762945466,20.889678466713203,13.918600365276575,3.01844444427353,50.99884887652141,47.54870270415408,90.27473474484432,83.95697796768066,86.71885527876502,76.97701456589239,C,Administración,Desktop,Móvil,2022
8.21496924584938,6.750899999196819,69.94838847595938,100.0,63.75980519949106,50.34980843639866,66.1270086506357,63.029911797523,55.184755018168374,9.185438487048087,23.392226403913995,59.236385212444475,4.420226665765162,4.9757739094698135,57.739961181772806,21.47242327847985,13.003689032798459,3.162543912611994,52.02634021732463,52.56437786960501,90.0199751687427,89.26198099845985,87.95167626638526,72.68180590027144,C,Industrial,Laptop,Fibra,2024
9.402485384349266,6.950407265546494,77.6551075240966,100.0,63.047572178234915,49.79541293673001,64.03558673858988,63.93212278284616,50.47751247428221,10.18101666623458,23.479291261521137,60.89968778792095,4.162115940158519,5.011010416182241,57.60745184655053,21.735740817899575,12.143270813451494,3.094690420162821,50.065159086664735,47.22781398179006,96.68501989407588,85.84865774405696,84.59243733945114,70.95002485190227,C,Sistemas,Laptop,Fibra,2024
10.864818413224317,6.80602117108238,64.32877008503442,91.3894164638468,57.98316800868679,52.16426043454221,67.49792356473563,58.48144142081034,54.0367903622167,10.301780055822997,19.336009932343487,57.71700323975318,4.7683245093994335,4.121938882342134,58.23351277659938,20.984562638676234,13.68598171874952,3.1993084025830325,53.79018469278316,44.23217322443366,86.39665393270296,81.09570661663426,89.86656062571038,71.83442744759961,C,Sistemas,Laptop,Fibra,2024
9.617498714647812,6.4635921966470065,72.04476909837442,94.0174436522901,67.46176198587203,53.50836689757249,69.28263437372861,63.69977064450033,53.59474851944668,8.289185361061477,23.89880492951187,59.883665096616284,4.5614570961252054,3.3293681723275266,54.4794468636442,20.650949789284837,12.484632748383099,3.048261357287809,49.806912122267235,50.529271480734955,98.20174566153628,83.13459128617902,83.82200230596706,71.31583369659862,C,Psicología,Laptop,Fibra,2024
10.201799521812056,6.591740460813859,70.50152417817662,91.74005317245278,60.149010669265024,53.72428337098571,65.73289127491368,58.481576222739164,54.89861388626249,8.423691838220154,23.51827973189666,60.61395031553512,4.47400498310795,4.761379019280543,57.67071053320284,20.078617262834968,14.91783651544635,3.476302399951634,49.881821154308945,44.852494068115654,88.69833471118703,79.15941087023947,83.83049626720229,70.9060301552656,C,Administración,Laptop,DSL,2022
11.343051286634893,6.403523525662741,65.44579126463015,86.61162021759657,61.73619605346645,53.91487532991105,69.78836335329544,63.83880859786843,52.2449426201884,8.904099374684947,23.969978806383736,59.77078147792715,3.9703829386210225,3.6150380098760646,57.53351996084677,20.64490928465654,12.336402120612416,3.300836487405567,52.24265133858257,49.471666273382766,93.69535584631949,74.35814868044052,84.71312938535702,70.89737020071112,C,Sistemas,Laptop,Fibra,2025
9.753923126340837,6.911690978861478,75.95029254109443,95.45101006018413,65.23844900053138,49.252782145235486,67.86876159172337,63.655213944791754,51.29954508525293,9.783379987827548,22.90324140186763,62.007671205950814,3.9129893930167237,4.319511008958997,58.26446775519213,21.584315297981032,12.403449691971442,3.052680345859587,53.43041835041453,49.389856736446276,94.74194685075142,83.56698703808917,87.37740844531264,72.60889154146084,C,Psicología,Laptop,Fibra,2022
9.44878561902013,6.804989292798202,71.50296434481886,97.8182490023192,60.77116934255644,51.308614978634374,65.87478288937042,61.08690099458899,53.55306934136786,9.658554318884486,22.48628440644028,59.8964896291806,4.549507082363817,4.814325519405989,57.43615066372402,21.1127742690246,13.339338653375222,3.233534076895287,50.969219326277226,47.60480822691813,91.14710484089584,84.90678530071898,86.52930401250049,71.05651196253675,C,Administración,Laptop,Cable,2023
7.993545893482902,6.314901895581489,68.55939969451757,97.64483884086113,66.02004202512836,53.763683205441794,64.59263170729724,64.88185377087676,51.11117464191933,9.30636846507321,21.952992414021182,55.26774415499861,4.735347370153206,4.2711026776512035,57.41369058350454,21.224471291613884,12.809932132968703,3.0680636420799168,46.6808630111262,48.53476483409099,94.47730538699659,87.34738631868802,85.04784586853192,73.85999380544006,C,Administración,Tablet,Cable,2024
9.699226684726518,6.711145565314192,71.82044112300514,95.04347515962482,61.67157233514865,52.99784091840949,63.24722389923815,58.25977205814791,53.72939350863564,9.374923383418684,21.490521654278705,58.46848237645024,4.713314176443922,4.79957632880733,57.989373108737944,20.579770274983098,14.817909156628472,3.276732680438245,49.21101671998366,41.94289296457745,88.9910978292821,83.32888956970277,84.83417871862771,72.42025793419754,C,Administración,Smartphone,Fibra,2025
9.188140616539052,6.802649581990738,67.24754463292086,100.0,63.43304928910695,52.03213298179045,68.24916037517549,60.1299798865393,59.41791384789328,8.835348437259714,22.854826091952958,58.76098241852666,5.1954369544081755,3.974336437370338,53.33749142431405,20.93731659711586,12.885553827041125,3.0406084186790916,52.81432748757439,52.07549715046909,92.3932192748592,90.35460356086259,87.4917062640751,70.14541195267476,C,Industrial,Laptop,Fibra,2025
10.486342201708544,6.5659697198788445,72.3765323953353,94.59215558908122,67.20851302378924,54.43384422231287,63.051186867258465,61.047445125016225,54.78146106763904,8.379141783776431,24.317195073924502,58.13809361908149,4.4643143905002685,3.9586096578776275,55.28204743749116,20.54202364334451,13.398796046970954,3.09756406165795,48.845556184355345,43.790708717511805,96.44850505352815,81.91636134572846,80.30131364051347,71.84933507553487,C,Administración,Smartphone,Fibra,2023
9.522303591789173,6.856943251671602,76.1659971129164,93.6594727900739,57.56935829381722,51.020272074136976,74.3457566359956,57.874415055755236,53.347745976787024,9.127733982947301,20.95351342047725,65.45582344775632,5.060937370321013,4.018427281762231,55.476691749798015,20.081780658235242,14.510113076622101,3.3837083258260954,51.62284804179976,49.29906710346244,92.19335496520448,82.32923687255884,89.78502699685383,68.39063745725862,C,Psicología,Laptop,Móvil,2025
10.45867308051897,7.006884118805271,72.76617151569953,93.91436222292198,68.89247684315815,50.34978463711452,68.18803861728145,58.28261248308867,59.5408538511637,8.333043305290206,23.19377515329732,61.6527049558143,4.350005903620695,3.6240705564423967,55.374148034671535,20.796589275770263,13.892543656022976,2.960945223678319,56.903881341727505,48.6689159332452,91.01887528646213,85.72725856291979,87.36913264316999,73.23920751089439,C,Sistemas,Tablet,Cable,2025
9.723950045080489,6.351205504863691,64.79877504747549,90.02162774707321,71.59778405533224,53.558785526079234,67.11971440911968,64.07870037849348,55.98737213671485,8.093475107324645,23.64885097045273,56.28963334605054,4.110555199050933,3.228388877508353,56.90929221562397,20.997711315748504,12.708423204811076,2.939690986053809,53.16656646808978,50.96591403328138,92.85511617890667,83.21446527595211,85.4500115531934,75.73461499403956,C,Psicología,Smartphone,DSL,2024
9.295336428346872,6.924329183069739,68.0811568357058,99.680887454635,55.85542191356174,50.853250004630674,68.30878710687209,58.91273765783925,55.908392752624536,9.999117942482501,21.33294997910927,60.400171130466155,5.056008924656208,4.964136013590423,56.57225248238017,20.98718062412573,13.637948751764856,3.33000785885692,52.416209086866886,49.5616677244414,87.50552726253031,86.89410710271208,89.78959334840664,69.16082732995172,C,Industrial,Smartphone,Cable,2022
11.262171127632387,6.882340906757602,71.50387285376719,92.48519106770726,62.66164829322082,52.11567376604473,63.79238426436019,58.69131400228055,54.44174378235018,9.567976099902166,22.392466094983714,59.52791043450588,4.251697734392118,4.411802094770764,57.81141110539756,20.836976872209576,13.910263601130026,3.182736115285989,52.68286035545026,41.95424356329006,90.34133084221354,80.01976875195446,84.47145452690293,72.09094386724425,C,Administración,Tablet,Cable,2022
9.80653269648031,6.6606240263628225,75.65212571159798,94.84582701390006,71.05373427302284,53.65048916384017,65.24246001861252,59.61540825518563,53.63116425331799,9.03527150888034,20.53533993271427,57.43575265542647,5.031517382918088,2.9861494570476066,54.2493798505992,20.646798567330734,13.751015416946299,2.779382819643642,49.066786480918296,41.66140652665205,98.20174566153628,86.49234498876335,83.78226202349235,73.87554381660986,C,Administración,Desktop,DSL,2024
9.319474001048981,6.5899090852744,72.35102556721648,96.24220494775071,70.44974192555466,51.88812474432463,65.44861936289033,65.12606095802306,53.31056434598712,8.773535913607374,24.17874965261373,58.28194037762684,4.092725116047766,3.8342722248380103,56.50794958778928,21.429567357709427,12.074058971707684,2.9130675657190856,51.157586204996996,50.00627207671379,97.36311105423685,85.67203354947253,83.97887580726852,73.93373419121838,C,Administración,Laptop,Cable,2023
10.091416468168772,6.829961860111636,74.98182769062717,96.84272755767904,60.079452356888964,50.95821750377226,65.54557374913688,62.57395981465193,52.12424950694233,9.302537648712267,24.938714543321822,62.479084123947295,3.9904564662083755,5.173333942668461,57.970411691572686,21.070434904514695,12.925191881207034,3.3697594395128725,50.683085946230605,48.11713969072848,93.60154030038494,80.7918122309813,83.74962596259887,69.69357279514736,C,Industrial,Tablet,Cable,2024
10.68662014287318,6.89547211586459,72.00507240008963,96.72215532475985,57.984535010890035,51.88067271629192,68.18546444953778,59.916248126926774,53.75556203281644,9.845336654677753,22.393689784767588,61.48921089471808,4.790661626654236,4.312489951386239,55.33896048256621,20.80124780531921,12.918568073099818,3.2515915412570213,51.351472031031165,46.674265871526664,94.06972564728895,81.97546044539203,85.8797973240819,68.39063745725862,C,Administración,Desktop,Fibra,2025
9.750441704422675,6.735803604828845,70.53257192074977,94.3112281832484,65.74942287518031,52.51034003499009,66.52070718212134,58.92793420850955,55.11624322494913,9.360877059177371,20.46075233109127,57.995481614643204,4.899725544257391,3.6928573122976633,56.15501103236876,20.777169799137962,14.01713445049042,2.995596591794878,51.73570596077535,44.64623254214346,91.4912244252954,85.78460559148417,87.18897850538653,73.35369663562854,C,Industrial,Tablet,Móvil,2025
9.3711816396056,6.761378612470067,69.15292476320717,98.21510927376153,68.33498517986246,51.0113810792218,66.58407062353172,62.864932875958715,58.85023183646135,8.117889202097308,25.49487651040201,59.68241492707995,4.193821544963278,4.213946048668893,55.57714783252892,21.247716782636,12.549881957832017,3.0297309278623015,54.5133101826178,53.748144587729094,92.63601040845549,87.75358079403014,85.60728387156868,72.65487865084737,C,Psicología,Laptop,Cable,2024
9.93281883679339,6.701585217034907,68.63708512689142,96.17238704402992,64.1550034144739,52.075094563847976,63.17166206629351,62.822117370210634,52.45064758219354,10.097011161416383,22.000622719136118,56.49581655355829,4.325386289773563,4.437279910357537,58.173928385936755,21.545209523500187,12.581877687329591,3.0406976406884407,51.00728966725627,45.39582450303367,92.25642908120169,84.22611286158816,85.42845030073818,73.27482611837587,C,Sistemas,Tablet,Móvil,2022
11.402911304956271,6.787909355965045,69.01856826367256,94.53286372360773,60.083814757848806,53.56050821705148,63.71065950243617,58.89516517302131,55.64829783775011,9.305412089027884,23.472725483645927,58.989427148321965,4.549414389506101,4.480799188288801,56.061132359632474,20.610882702150032,13.50463709678619,3.273008126012522,51.093213339039245,43.10112762993688,91.75106656061837,79.89494124880733,82.66218923105176,69.67063185545231,C,Industrial,Smartphone,Cable,2024
7.901820509373859,6.428598969969408,70.7550520419879,93.66250944066181,67.75261391434506,52.34991239561282,69.92011828313699,61.497491220845006,56.922293962717134,7.216594380039018,24.094700764786143,60.9339506051848,4.478483156855553,4.164076594756396,56.838345397002065,20.315117427485855,14.572039773775344,3.2605237707488013,51.43939464460846,53.947937334532945,89.86323774951414,86.41890253983816,87.1963869252595,73.86698736024515,C,Psicología,Desktop,Cable,2024
10.562147748515835,6.490947087047207,63.23096666004169,90.38727332784694,62.919938919258946,53.7127767215927,68.72349331987503,62.03664439984148,54.524449548963425,9.333359596595509,21.816576405103053,57.15163290935914,4.572032554907421,3.4747279828761335,56.594328692087494,20.853898965395885,12.684953095447405,3.118306671785185,52.63169303502008,48.671216438029454,91.52588636781294,80.63727429184874,87.06796672802695,72.12071619360569,C,Administración,Laptop,Móvil,2025
10.13464380678146,6.809291129492547,73.42504503502802,94.51497524972638,66.83343364760344,51.02721344723079,65.97425374269815,62.29256722453741,53.090635450358235,9.432597494246991,22.735328896824505,59.779079452903396,4.1415312911846085,4.010234506481337,57.31494477864293,21.296941753654398,12.800704001152607,2.9978031255362763,52.69146475337818,46.82374192420838,94.4219369665827,83.50539438635323,85.64925650846548,73.17873319714876,C,Sistemas,Laptop,Cable,2022
9.65382872906871,6.536576468279373,64.68911376544762,95.33377226591588,62.818376702195685,53.87488847734058,66.61086708018514,60.13958948145231,58.45831850115647,8.233112674135649,23.816012694789872,57.97501802694195,4.787915562563478,4.2469365461866975,55.4928600428998,20.48326635297045,13.713430365903182,3.2575356612073696,51.54082356354884,49.96324317659287,89.51592669541601,84.56628998606033,85.24202257176715,71.22642347801786,C,Administración,Laptop,Fibra,2023
9.150588862808995,6.535067968007152,69.90911740957142,94.88725419913271,64.60735934775074,53.9126456375478,68.28849487381493,58.79682368432369,57.66659638473171,7.829903012260055,23.01585815136207,59.72291037574964,5.040715961677637,3.9083254121649804,54.62000528882164,20.053618036721403,14.553371182330887,3.2303082506443475,50.16394210818798,48.77424303964061,91.56837698958238,85.42313109024619,85.28684043903789,71.35882071744827,C,Sistemas,Laptop,Cable,2024
9.244196315135014,6.550910977953259,68.30595155216972,91.85903934010095,61.87817614723079,51.52176323240313,71.96945422095942,63.375268852469624,52.264376596391145,9.296119140263151,21.92097292418957,60.67356230367786,4.410100250110165,3.907731319037918,57.76751963396544,20.963860830476076,12.85075811085216,3.2255172965179346,52.51881875693553,52.7324005477695,91.63895667999729,82.1657589088216,89.63128066788914,71.90309443548108,C,Psicología,Laptop,DSL,2022
10.35467820430967,6.524805210431253,70.56505932274996,91.60564413810778,65.94596457471503,53.3764908092695,69.02642513754317,63.17204509508386,51.661742625685996,9.339882856788634,21.844367717389726,58.71115410684519,4.563509904435208,3.1217861952847628,55.57764864397169,20.87582433072106,12.340840899853486,2.9879562083051368,50.544181337125075,47.26929311317322,97.85173779874327,81.1270433645363,85.26509783055262,71.90090964292476,C,Psicología,Laptop,Móvil,2022
8.812880766490572,6.573722004968175,78.02965503084269,97.16426311685858,67.53069755824059,53.62080992174221,62.236829186544995,60.018607264902634,53.03575212200737,8.26864974275433,23.34373803492096,59.21805309622884,4.640066955203066,4.595861978666065,56.56704469861654,20.39172141639952,14.780248167826194,3.178568840212234,46.578850827397076,42.598628035716914,94.96039853961132,85.38495855413983,81.12645783918472,73.05126926596769,C,Administración,Tablet,Fibra,2022
9.944162307595384,6.746720829310958,71.03120876431893,93.48340534650396,71.02843925337136,53.353597034770374,59.53479986378913,56.71190563929327,56.121498135423494,9.277200041932137,19.770602592371148,54.38993125088959,4.736515471936923,3.9054630447112753,57.75276092856756,20.82853040627298,15.27077807898999,2.85014426933714,51.07819775151328,37.257066038537346,88.57390275711333,86.93242028820954,84.61504375476805,77.40378672912983,C,Psicología,Desktop,DSL,2022
8.915774178554733,6.762906180066429,68.41366423899713,98.13462700749177,60.32599550141457,51.13195099241059,67.13086359587275,59.84317899000635,59.886344294311876,7.708040816982383,26.117674479112814,62.24700424657033,4.311622270516715,5.480520332199569,57.17300061911362,20.557094114134458,14.33440656195991,3.5119233522609945,53.483606733039025,54.14702640695595,85.60125462551626,85.59521353709705,86.40935129719881,70.4046893295769,C,Sistemas,Smartphone,Fibra,2025
10.128500247323153,6.672775124740479,72.45017643397051,90.91224332849423,61.751042567729314,52.1292482464894,67.94394635289719,60.01360999029479,53.644502222933724,8.650574571994271,23.355640261012645,62.059225243660734,4.193112235450349,4.504482683284526,58.18578230673284,20.413379866785885,14.319557426572132,3.3828262782531517,51.70766183760732,47.10847841581649,90.06450622325964,79.21878902144175,85.65364825103455,71.5824809040339,C,Industrial,Desktop,DSL,2022
9.2322425021462,6.245730627752962,63.426141292787804,89.91279649081972,60.093767332465774,54.637241801715795,71.53165024648376,62.204488330918224,54.76032744160362,8.073366088313925,23.346033342829244,59.4350291636593,4.679620508499911,3.9940009204920197,56.821231693660806,20.119083531203543,13.724770798355276,3.458449793105859,50.17459659298943,53.06141363361898,89.6325171514757,79.89704675961806,86.98866789936254,70.79650708838601,C,Sistemas,Desktop,Fibra,2025
10.210673687651015,6.772743039923145,69.95726727914173,97.61504670122893,64.07515745865231,51.17744851343125,66.44774441290839,64.8449487144119,53.330907009052765,9.67769027897023,24.11991863604306,59.25094972601245,4.158504465995015,4.183415025116004,56.31220361265513,21.64126760626335,11.858407647747123,3.0326805805799837,52.524330167044084,50.686274964984946,96.34208643586965,83.90412860550826,85.13712741113585,70.90160891108572,C,Industrial,Laptop,DSL,2023
7.757986738245555,6.524600484797637,81.58691162379631,93.09982590883675,65.69266102280133,51.39221464288931,70.55791400637993,62.173349866370884,47.84278719186125,8.818833975445427,21.058149291588723,63.20363274913938,4.543637272155271,4.133950126334065,58.26582120137662,20.453563802056433,14.614046239550998,3.2337098273433176,47.12517117757106,47.59046572245378,95.74269423811927,83.86438802130282,87.2289170321795,73.2825332076954,C,Psicología,Desktop,Fibra,2025
8.75816505644104,6.498995489763689,72.6236379442114,92.88160910278374,65.70588406077229,52.86400328577487,66.84302624580428,60.79156562816206,53.05560474913413,8.521242536466042,22.133853377947933,59.46409909679942,4.5312209661277985,4.252843424716143,57.90245646134154,20.496139327051374,14.555290986324975,3.2222281363536873,49.362766111179546,46.87180398662984,91.10320744660439,83.82041383721584,85.88719290134755,73.81934678209701,C,Sistemas,Desktop,Móvil,2023
8.819123447363065,6.402929049629568,68.35801684409579,90.82463642150066,64.60765380284619,52.25922654834138,66.91919921874367,63.96393934088654,50.57372168166406,9.281563147415968,21.909407967357858,57.97591263528487,4.067421458255993,4.421911038900643,60.38908837818877,21.114782721841728,13.52430628306045,3.2297580274058304,50.47996900202303,48.85440914864547,89.5111996277864,81.7901629037499,87.56799344426854,75.05328234441889,C,Industrial,Laptop,Móvil,2022
9.214096412092328,6.585909031189089,74.18195324141229,90.91549003057543,71.84838954399044,51.59639447845372,66.275450436722,62.104320931159016,53.95388903269155,8.139118938235553,23.254688067758767,59.79902702265889,3.916028786035465,3.8644532241847394,58.45483346365275,20.866310613848828,14.062383130063452,3.0209724083114278,52.45478713252531,47.78720222287221,92.29226297687305,83.63458084085781,85.5295732678882,76.31915703346638,C,Sistemas,Laptop,Móvil,2024
9.096383821034543,6.434022169733647,66.683649989427,97.02079910428411,65.52010280280314,53.65744997482947,65.47884597760773,63.56419060732227,56.44866338689154,8.09172376584629,25.237010951174963,57.686224679472645,4.450484265548439,4.369397316558051,55.87641864953936,20.859446862087452,12.800329982358658,3.195935101030799,50.07886628925278,51.83490969987828,93.11629540026637,85.26798690043653,83.45320319370586,71.86565157003848,C,Administración,Laptop,Móvil,2024
7.615858155057209,6.346113200949785,72.27478902278989,96.91067510483988,61.49728373218855,53.43115306105067,70.93146803527397,62.60771479245555,52.661110451352734,8.184174394277736,23.01983321965913,61.09596897074753,5.037714150652622,4.343223812692485,55.69921721130281,20.249884600963874,13.887156852812812,3.3810348374162698,46.73479162556397,52.8822397149552,94.17685290478667,85.796084123823,86.38647307469228,70.17130728527998,C,Sistemas,Desktop,Cable,2025
10.041309055934375,6.7384548693431014,71.74163548085512,95.17717807988316,60.42881014211299,52.59094693968002,69.53165999787332,59.08465217718669,56.80806129141413,8.272277752537253,24.052495176150842,62.64776807541266,4.75363193039146,4.279303148479632,54.83531915968846,20.191837445381278,13.938803613253796,3.360591080394112,51.56918570191898,49.67799071084487,92.28807063070795,82.36874638910338,85.30033799880866,68.77150106950681,C,Industrial,Laptop,Fibra,2024
10.229333904698137,6.940584484962911,66.77307129037813,93.06925827433002,66.49848558045792,51.321688278917634,65.61208870971008,56.22419769921608,58.993563872048625,9.476215860594564,19.64624960424193,57.13770373896017,4.796066375687544,3.774445980021161,57.16735455796605,20.940053417391933,14.709213383340254,2.934813449823163,56.18481438822929,44.02575658176249,85.11099736033535,87.12597749846319,89.92052297903099,75.2899926247578,C,Sistemas,Desktop,Fibra,2022
7.615620698089565,6.347181804219662,69.39079014617803,96.80558578314366,64.10901002069905,52.97861601434996,70.55844727387264,63.70083666377503,51.226117028058084,9.30660715871771,20.20734117472542,57.68719714710357,5.193081937586728,3.759053699695117,56.311295853588796,20.902876740179718,13.179519348326016,3.089882938135924,47.70575478096701,51.744915267928434,94.16317193056128,88.65540417415528,89.2262927483536,72.76921368839649,C,Administración,Laptop,Móvil,2025
8.258992856594503,6.594285074294833,73.50448711732506,94.26554504599724,70.9190599451323,51.547569980135314,70.73049385678694,61.906765494322244,53.2780413839716,8.984767703222564,19.861755599844784,58.873638549665394,4.913242735914803,2.9532214644738373,55.69025035489148,20.96448195164979,13.47712219972062,2.8046476703118675,51.577714127708106,49.651942649886124,95.35260862922402,89.18942099044631,89.61643218730788,75.17715688477345,C,Sistemas,Desktop,Móvil,2023
10.613217367010277,6.852670384920092,71.44178975083253,91.8423357314351,59.546977756945196,51.03050420482434,71.17977293193702,60.365375825326446,51.862523033815535,10.197102427311034,20.450381728001112,61.70948235742243,4.606621251876922,3.768258240480794,56.99465531658472,20.913163790476492,13.063881455506507,3.172049915110632,53.292038197881716,47.20729487899369,92.54098552005377,80.5245412358963,89.37673584323593,70.37155175769803,C,Sistemas,Tablet,Fibra,2025
7.948734584019916,6.38190856270875,74.08205821659567,89.53431523935205,66.16186631931556,51.752316987555155,70.48992080088516,63.64228000261572,47.84175617264427,9.83035883074881,18.939975770286775,59.10897962745323,4.48333116184635,3.6875189342644905,60.16710771714419,20.980640550297466,13.976938453022996,3.0888988778755317,48.6771024215836,47.186063901318384,92.7226254660129,83.23738390580866,90.27775632601563,75.98455023052942,C,Administración,Tablet,Fibra,2022
9.532324008751777,6.47692205901332,61.28072470933457,95.6585132632867,66.6274504219523,54.42206182565035,67.33458461999209,60.4444368220519,60.490576761182446,8.159137309553232,22.885369220023577,55.532244640485104,5.091497683035554,3.41645929897227,53.84151363740427,20.638686090220045,13.1878857963723,3.007212982129301,52.699041593932684,51.190818558927994,90.65547112284563,87.77056424286164,86.34336097537125,72.52471962069035,C,Administración,Desktop,Cable,2025
10.017716537143704,6.551531540855185,72.15420476097326,95.03037884363161,65.59568055635533,53.59286122044309,65.99465916284687,62.0935249044386,55.70143041381033,7.821141215689441,25.832976294944984,60.53479519912339,4.310448445229573,4.207856070032829,55.2388613850028,20.459452605914812,13.21806015140992,3.241388720734192,49.91408374660779,49.0536542157056,95.73909332068804,81.8384295400427,81.45840612358154,70.6305596333429,C,Industrial,Laptop,Móvil,2022
9.678169248755594,7.0161447127732135,74.17707238784267,99.00920229592357,60.93714826102527,51.30931237705985,67.20481365665299,55.8090466359567,59.480690321582316,8.39043830243455,23.25934678306527,62.821124735636715,5.000967954816567,4.727907508045982,54.680392892590284,20.241125328156183,14.987359702324728,3.307089110268772,52.638508299811654,47.32270452564484,89.1467495309116,86.91076986099227,86.25262840811294,69.43737234893817,C,Administración,Desktop,DSL,2022
8.037070543969696,6.9013653103947625,74.53216663502062,98.5608262157824,62.392124369900216,49.23761516622787,67.91152385963872,60.49205342847508,52.62230462084553,9.944618555092944,20.34630308713227,60.87674732386367,4.658926445655975,4.855930812413433,58.783411312696295,21.308490337903834,14.118854583754414,3.1567086782646285,51.948147057187526,48.880487144918725,88.67405611595933,89.09297209443139,90.89561729200518,73.32321008461699,C,Psicología,Desktop,Fibra,2024
9.94439570630459,6.278020848485209,62.946944133358954,89.87236231680932,69.85770254156051,54.12618092218234,65.64286587347706,65.12606095802306,54.14343022437268,8.636221771200963,23.465561285488388,54.845420306910086,4.032571913694174,3.42883107197661,57.76180837555466,21.207287497222808,12.240414097151412,2.9727225314618226,51.98701858725961,49.75071120047153,93.0133752419335,81.69677138522636,84.7041018279627,75.55142189914687,C,Administración,Desktop,DSL,2025
11.361113379193554,6.667375659657802,70.745341689549,90.46377966628067,60.38592447980233,54.86738590389268,70.24608742695646,56.31297527214868,56.30029923462849,8.554283553469457,21.717608910633434,61.27791883280444,5.237172299953432,3.236140579953566,53.24599499025709,19.61487853219688,14.433439562431241,3.265258235980551,50.64168490557637,43.77051867677466,94.04225788570227,78.89893919190322,84.4820527265601,68.3909712181326,C,Psicología,Tablet,DSL,2023
9.437244686983975,6.481963412517375,63.69656264819051,96.91131004045364,66.44743200410473,53.45102079994493,65.01086722159424,64.31072887798945,54.71213901519137,9.496860480429955,22.36022633714823,54.4384550282226,4.665119100530591,3.7545350244802687,56.03537686324573,21.48771022373479,11.859109505348426,2.92277548236823,50.91603123737674,49.559479234572095,93.94162558811924,86.81076830162057,85.71467957498919,73.29972761737419,C,Industrial,Laptop,Fibra,2022
8.672958449026352,6.339177377740001,70.95327314286665,91.96564436761263,66.57452557602547,53.20468579920493,67.14874768016628,64.215272492464,49.5660722664768,9.222160212797775,21.409008582545546,57.55954697825598,4.4024825148687,3.891515352045295,58.55169909405744,20.969397093582945,13.28962750188919,3.1041258700549923,48.27506370145167,47.512814592246336,94.1346395208016,82.96157988183312,86.10576283147495,74.57720191301794,C,Administración,Desktop,Cable,2023
11.58753352240935,6.777770281889276,63.341593120795395,93.28464795183532,66.88368848558235,55.23873440040337,67.8426427912816,54.70090586817159,62.337111863386674,8.827046564182798,19.773923157322656,55.51433597229565,5.328166016491215,2.2045560802446866,52.19187910840449,20.14464117087278,13.86848125976104,2.7714109121931014,54.27098996491877,43.033932659231255,92.6322490822613,86.5272157662948,86.37074815010821,71.34877587933039,C,Psicología,Laptop,Móvil,2024
8.189865912907102,6.686416060577558,80.19405443716808,94.13158072628906,64.1529917979208,50.36908298239417,68.00668206309884,61.68439278742041,49.227288935925415,9.04255332954473,22.014360644472493,63.17170121174386,4.193562949047252,4.845890769725591,59.684095633178984,20.754053715217008,14.650142900966072,3.3096622392861166,48.99733757429003,47.19794328874487,92.2000373258034,83.49723770642892,87.10942444254273,73.43932615435747,C,Psicología,Laptop,Cable,2023
8.900139199042743,6.7021655008609216,74.03547063328149,92.7493467436641,67.87658921029649,51.10902459424047,65.99682516816956,60.26971900744773,53.03916512993481,9.067029007259826,21.080405357737412,59.39505462934254,4.30766392052556,4.233968496103872,59.076386639873434,20.93293493971077,14.600821651565651,3.0735428194564074,51.817067341139875,45.55635161201509,89.58292741443371,85.23302593170712,87.73806951729657,75.78110012417498,C,Sistemas,Smartphone,Móvil,2025
9.03666021872785,6.743183882493831,69.05706853355838,97.82591110397219,68.03080450893673,52.56936677759865,64.61887414860972,58.52837038240757,57.898724621967055,8.995674508058396,20.816950031093246,56.320930610940884,5.098428219327854,3.8378983581197716,55.40274229949788,20.895196013145853,14.180874222194335,2.9079622150332742,51.81686902552411,45.64600812479489,90.301188505281,90.37570624769882,87.04983945007803,74.30241340219492,C,Sistemas,Smartphone,Cable,2022
9.547354996749673,6.4404730879321175,70.53909550580211,92.32348772037385,67.44042619227518,53.5315074457816,70.31792604714106,62.5727820961128,55.32095208917235,7.818736075233884,24.024462877102028,60.360701181009304,4.54734278119201,3.3307651677593824,54.748704732961706,20.397787888907885,13.11120625492686,3.115527962352551,51.02001479068896,51.60015027631877,96.1338622391177,82.81075327222085,84.82396137823976,71.7747875393406,C,Psicología,Desktop,Fibra,2022
9.970705179798529,6.758135454075861,67.45640845177434,97.3818802226631,60.563734730158686,51.440330958346664,65.41305007094073,63.312695403856324,53.04069691521323,10.145305830166208,22.78353609816574,58.15503847518348,4.340293337500786,4.67340664151054,57.749043396410535,21.567641842362935,12.117531316297498,3.1630153009230644,51.92324583382861,48.82286831897394,91.84645366561,83.8162820091612,86.5241356870451,71.1290715051873,C,Industrial,Desktop,Fibra,2025
10.776466083474089,6.496708788338055,64.53920464460748,88.46025843550092,67.45369209683481,53.30312256937058,68.0659538328887,63.23418736196743,52.42169950354713,9.875607778071048,20.391242387923334,55.64848552192424,4.388594108743449,2.8478384235452516,57.22578274176533,21.26438709703223,12.191275417570527,2.860541715991329,53.2387461493752,46.473006885945836,93.80337198219227,80.82863197732189,87.53454831755879,74.66529654201835,C,Industrial,Desktop,Fibra,2022
10.753019005044015,6.441453074016025,61.23336027521461,90.65205621345392,63.87630501187961,54.00124286609405,68.03152216650773,62.84073042223997,57.19500118645816,8.437898937575408,24.425191648568912,57.466456741319924,4.269520558223079,3.6964651244659903,56.22392141684079,20.784268062241754,12.437756274868313,3.1910227165234972,53.65996651211256,51.57129095589529,91.00532619810343,80.02934546776203,85.2677024698173,71.75258594646027,C,Industrial,Tablet,Móvil,2023
10.935178526273294,6.481703892940913,67.11742465612363,88.38364394099281,62.840549189053846,54.50317559551392,65.88009435287172,60.30604315099158,52.55193433267806,9.337701123922443,21.466999893603127,57.378062982073814,4.467603276366619,3.7710738872260356,57.773850477316586,20.505489192800425,13.789359359770225,3.2071286734631412,50.37543156176084,42.82158505473755,91.27994982085133,77.75481494271635,84.58958085646844,72.68934137671044,C,Sistemas,Desktop,Fibra,2022
8.690217647304255,6.596721599044599,71.30512524812511,97.59221786632085,67.69858273046154,52.76355476088361,64.78373899784778,61.99614193390596,51.9262408886265,9.942757492973659,19.728401925252417,55.529008493951736,5.009104679308844,3.6986581183128933,56.40836834369034,21.29214426240473,13.145740814295685,2.8485906002620305,48.71623850205247,44.65538440131857,94.93427701725231,88.95544473213805,86.63864028428972,74.43544123630481,C,Psicología,Tablet,Móvil,2025
7.615620698089565,6.245730627752962,65.07138152826278,94.45381761982625,62.45386734454057,53.46111743983032,69.20435550986474,62.820545574465115,53.54666844100812,8.588188399733037,21.655786301285634,57.40161401300592,4.864702179853792,4.451641114208315,58.232078685899054,20.636445722485217,14.10829367094005,3.3296284809877488,48.74061650966198,52.79387692188838,87.93119400224327,86.51059211691609,89.00641222593849,73.54514430836267,C,Industrial,Desktop,Cable,2023
10.338531887913694,7.0906801800100645,80.7165636607187,95.46624779567564,58.90408506142339,49.27252989751899,70.10078946729435,60.39025414948448,49.06333398636413,10.301780055822997,20.96627105463135,64.95413710080389,4.446774260468323,4.361141651992113,57.27210123224678,21.05644777211642,13.169388162939027,3.2081860471731924,51.6494512674487,45.28342810948761,95.90356092316723,81.18521049635929,87.96374409523155,69.15329522767024,C,Sistemas,Smartphone,Cable,2022
10.067578732215033,7.005978567046979,74.2289633813168,95.3509209251094,64.46859995174995,49.92867375200706,65.55538941702217,59.554828032367396,54.31300831938361,9.70017088518976,21.833215285803888,60.75703621592384,4.247885119649159,4.496454761059293,58.145094297782364,21.225633187619824,13.792527596454121,3.0827071281666054,53.942190031426236,45.34531832398273,90.17622920536638,84.58080419331583,87.47556056544535,73.1644612049419,C,Administración,Laptop,DSL,2022
9.424038135581952,6.2457383743119514,70.31397638849103,88.09258876542137,71.96235894003348,54.88868923950341,67.704403852396,62.300764837746016,52.46151376807192,8.23346486190846,21.3419260411562,56.70340982809197,4.569283726376781,2.7937834777230304,56.466127511371845,20.414263106854076,13.821733275183337,2.931191033848286,49.19712754748784,45.62943634345549,95.7517670504297,82.14437067408359,84.60286039130011,75.84592498267236,C,Sistemas,Desktop,Fibra,2024
10.785864677111109,6.743856919892959,66.43536994882378,94.18255106560682,62.67826515093673,52.22521970101429,65.27690368147353,62.03821992517268,54.1688120854768,9.918818040266235,22.414248580562745,57.48337354131627,4.328252681082159,4.126721374850831,57.270654039271136,21.34548476920734,12.38693373915752,3.0793614600834944,52.99154874587567,46.647579979059714,91.82062699045724,82.05172891749064,85.93572870625437,71.96552915386539,C,Psicología,Desktop,Fibra,2025
12.407735783383602,6.923689746814832,63.90828493710149,90.09318956866795,61.55326203684427,50.70595121103901,68.9262925648635,61.53807007744358,60.234581186248775,8.304256042668316,27.219010324681534,62.666047204887015,3.4475334140070566,4.317336494547585,56.98225174911388,21.008986569128943,12.174617197897948,3.3235408200408005,59.8726285524402,53.80330276039639,88.4438844191174,76.59130917977409,85.78077292316827,69.88910454536109,C,Sistemas,Desktop,DSL,2024
11.459427603688221,7.17131610420819,68.56446725991066,94.4492900541609,61.912415165897954,51.104546282024586,65.58047090092231,54.53000328564923,59.24935949419389,9.955042708026516,20.04818299653572,59.089565008531025,4.915533714254764,3.9748445957681326,55.91541608838164,20.816529169333368,14.46035404474716,3.028323223287174,56.46473077224394,41.914420692222365,86.49364413456283,84.80405518207783,88.6908717606589,71.90872687856302,C,Administración,Desktop,Cable,2023
8.290447658575243,6.3570127535327785,71.77622435425174,92.68579417086548,62.85145274837944,52.55856289005319,72.10796259498103,65.12606095802306,47.84175617264427,10.271365017897777,19.011791382080617,58.71794347866474,4.8758198507508625,3.405566245577009,57.6389970113904,21.105789639838132,12.492818506540235,3.0681374956478917,47.54522124822857,49.4619382185815,97.03980898235045,83.6019671469437,89.61490525380388,72.59220247942022,C,Industrial,Tablet,Fibra,2025
9.597997131316395,6.812536889153204,75.08322139110818,93.41531263636769,67.08017341055842,51.126645396904436,64.45144997355717,59.83816388788415,52.10673590449578,9.689526195619836,20.568170275590234,58.948322799566434,4.34331881954733,4.20943166340443,58.816089851500216,21.090289485546062,14.281541580332904,3.014349920526063,51.51311790814097,42.5120463345054,91.06897121478721,84.44744787058823,86.75743050533846,75.1510042385011,C,Industrial,Laptop,Fibra,2022
10.495573119047124,6.791469306245856,67.22298710495163,94.6943944328716,61.92012186054451,53.049436795585926,66.49339884159221,57.65986385114964,57.170281148281795,9.38816138556953,21.080012263766942,58.08512348932096,5.031489540427792,3.8996846181049154,55.399897253523584,20.608573664094596,13.952551572075638,3.1173496639707925,52.526739470866595,44.8229647634667,89.75486577931402,84.35553133607361,86.82161787847159,71.26075125978589,C,Administración,Smartphone,DSL,2024
8.954599172661059,6.764289744054765,74.78367057530392,94.33590876692435,63.62863853506595,49.75571385331422,69.71370105955975,62.75689433535601,52.80321173691857,8.826755649227131,23.699220758191398,63.3110959291473,3.986783162194477,4.655357102955927,58.644137184369384,21.03435480277218,13.466110990167529,3.2796167685132533,52.9478254252577,52.20987795435724,91.36113455566183,83.30812354546521,88.09238090570403,72.3290377047709,C,Sistemas,Desktop,Móvil,2024
9.331737373753715,6.4897098780107,74.42380529108618,93.42534136333538,68.39800209522238,54.61288898874482,65.09024177031165,58.66691400225233,55.15718332512291,7.870886763132177,22.53757479771691,58.80511617435693,4.880414136681657,3.76644512866382,55.322756015194386,20.00245356427353,15.006249096684783,3.124763356882188,47.90845033275312,43.345940303759996,94.13512901230904,84.23120209022325,82.49847860478013,73.22807145220276,C,Administración,Laptop,Fibra,2025
10.076842252146893,6.554805921932553,67.54821070636397,92.68240386440466,67.18659146555822,53.159516799870985,64.63994657609446,62.500979571934856,52.96263101610573,9.603483166373476,21.436569022413252,55.79441647994928,4.416746947217256,3.682668568384121,57.495569818343526,21.232788515847606,12.838279474710374,2.9500221548664594,51.21355692530022,45.136941936339085,93.06346222165871,83.3170656369102,85.49596719221638,74.47556200651773,C,Sistemas,Tablet,DSL,2024
10.379453823295359,6.775041944084086,75.42860425917478,96.01237753911143,67.96516225564355,52.78309605961202,63.57616423746658,60.814118584190226,52.734452884902225,9.51402853290282,21.88680240698746,58.139998502472544,4.617317150699903,3.6809798652290744,55.48013829553479,21.016788342421332,13.084591486954494,2.894955767589063,49.658181929241124,41.90126602736251,97.7576519164507,84.37382255406588,82.83530055870042,72.65570661918439,C,Psicología,Desktop,Cable,2022
10.536345360900095,6.76302471584526,70.51951543779575,94.39572497808616,62.472188911117975,52.79006771045903,67.32322256802931,59.2510420315262,55.958178257432266,8.942157884154646,22.790771348479147,60.19539892212906,4.714834683441002,3.978498845714218,55.31030694962491,20.54149877754676,13.588967098250514,3.181529841181099,51.907611736290704,46.45028047859826,92.69454289898465,82.47160421275062,85.14632785231743,70.39751056413022,C,Industrial,Laptop,DSL,2023
10.178295073026044,6.700309138387173,60.38214184838442,95.35775374311048,63.9712884321451,51.90841355938412,63.79954042317285,61.4592386069729,61.36781463841422,8.190297323828215,26.058386245428004,57.39550161561047,3.927152168431754,4.97742567787858,57.964311207154616,21.202072294087756,13.130393367960167,3.2670830637858352,56.35069886159319,52.81556931993004,84.32575397472999,84.34432471153325,85.8464583972087,73.09838845057264,C,Sistemas,Laptop,Fibra,2025
9.959215908074432,6.430173629379825,69.11512380919822,94.20601216742774,66.07487533962535,54.965636121258456,64.47004174191156,61.36722273697338,55.35206721754531,8.1922767541381,24.071157267156803,57.460870641810416,4.63128702883348,3.9443358485619697,55.33558665039546,20.427167322771137,13.500350782438232,3.161558449159253,48.636512705929135,46.09740261895047,94.70452470588198,82.52630084208997,81.6115305781979,71.85625186697399,C,Industrial,Desktop,Cable,2025
9.454629956544565,6.584338102153184,68.73308219755421,94.45404944961301,59.79450359592883,53.0918019979238,68.44639741806046,59.904852401625746,55.45080579302885,8.592048879583508,23.118688012379295,60.50742216342618,4.752868208105124,4.5192402558187075,56.50760602524094,20.338857316880937,14.11577135529286,3.397590225559205,50.4855237239684,49.32267020422827,89.76482872626782,82.61971819254133,86.21428804628606,70.23081911409122,C,Industrial,Laptop,Fibra,2022
9.520004689434858,6.865591952079813,68.11289002091429,100.0,62.35692586652523,51.404069555484135,64.6386815766725,61.675274788944925,56.50211513544757,9.710668060473202,23.01654057273776,57.80095142801084,4.760421501600293,4.605443381427021,55.56309950004777,21.480353325501596,12.381850946486349,3.0581419781421166,52.09558188087643,49.36552264804374,92.25594247612581,88.72175011994725,86.22968690950026,70.75834179241717,C,Psicología,Smartphone,Cable,2022
9.514698382865248,6.718711969417411,74.24708184802,91.56448215802119,65.2907100417752,52.84643740185851,64.7087201006941,55.55743623907725,56.00322230660609,8.311173330575885,21.323729520735256,60.125270836937354,4.681375902537725,4.466197495879171,58.02817957062524,19.996715660244067,16.36829843259156,3.276703186730018,50.71937091724598,41.440718590925485,86.63767725270004,83.3205063794501,85.62873231366784,74.28324778252977,C,Administración,Laptop,Fibra,2025
8.41648131030469,6.731354512395235,70.67654340446735,98.75030037717718,63.938486250872224,50.838380244234195,68.45991542471138,62.37159418739512,53.7005506369523,9.643868080362658,21.253248744163525,59.01876738559185,4.808026516965993,4.202945280726755,56.645496376065225,21.32958206361716,12.937534456989951,3.043099991659006,51.511019953042634,50.92700326146934,92.34839326329121,89.02483629464447,89.24874285056484,72.47325150723933,C,Administración,Desktop,Fibra,2025
10.677422251284014,6.940907554027775,79.18018368376164,92.83835759523627,63.538128096314345,50.63424947475522,69.1362481380096,59.76267089959066,53.54718009910681,8.67103881646953,24.002144874229522,65.1348257923151,4.123840864497543,4.183039132600791,56.398247762087536,20.50065154145358,13.802316317040873,3.2516547631445163,52.77621470354002,46.912127044735996,95.06442989539907,79.78072982419323,84.80424487930593,70.16469627199783,C,Industrial,Desktop,Fibra,2025
9.65670401466125,6.482353866489321,61.72957306671019,96.9487472614502,63.44735355290719,54.12878887050233,63.22174126804968,62.176274220282195,57.557568391670905,8.79728779275821,23.996938773695373,55.01162383933718,4.603087302028551,4.51810422985046,56.49263582810158,21.04406860262171,12.882950972450388,3.1787759764010426,50.95314795541729,49.21593938095479,89.49207633153904,85.33325267177474,84.22708708935926,72.28079540981823,C,Sistemas,Laptop,Fibra,2025
8.771829438744641,6.39288541125502,72.25847834867129,91.24856126701391,61.76711782797693,53.51015612362685,66.02754101144276,61.45537164461228,48.2102230959018,9.673712025801244,20.123374191329265,58.200589215279514,4.59489831577897,4.510025476880412,59.87649281465829,20.607122251687514,14.573551807027059,3.3164459581919483,46.62859612387139,43.25174973790332,90.71047976406962,81.00476738992138,86.29628546547359,73.7433473655451,C,Psicología,Desktop,DSL,2024
10.117123641042587,6.46437381000138,64.093690095497,91.89785341728422,60.852197518590614,53.16103806413557,63.578790435110186,63.28969037174489,53.71776032870201,8.989568344320926,24.713571032138766,57.567479391783316,3.8160741746529294,5.14320114424635,60.12339262223479,21.043791169074126,13.22522108244624,3.424977431238946,51.291493591045246,48.456290443284765,87.33196140043225,78.79312954560196,84.22266647585309,72.72350224589574,C,Industrial,Tablet,Fibra,2024
9.946719587584893,6.568047766831017,62.71532264662734,93.8892573257174,64.72087689332636,53.11059942488976,66.07859263979189,61.54345311822957,57.28755966471589,8.957904514258896,22.761276162997785,56.28330611618011,4.531611257826405,3.9755314158667003,56.734768603434674,21.04373692926372,13.002979222091518,3.090797912721932,53.314508545739606,49.55798590844876,89.15014055387826,84.52995063918641,86.76006773051405,73.18243266790238,C,Industrial,Smartphone,Cable,2025
9.675530360216165,6.509225315979309,68.74142243507427,96.5888558509815,62.06584420291075,54.35037078294063,66.96841891589048,60.735554729268515,57.29884939015459,7.845350960189711,25.185465002218553,59.89131614467337,4.802066179354811,4.338879662156383,54.34862038913483,20.212121969579957,13.554937435036834,3.342475105725902,49.31571702525177,50.06205092333323,93.48573427466313,83.31384414694519,82.66489664839251,69.20024615681356,C,Sistemas,Laptop,Móvil,2022
9.307962537722824,6.626948610969896,68.37069007711281,96.85128702001103,60.69173971192667,53.600408663933166,65.73500873168477,58.59396520070251,56.30851977138391,8.865924923850105,22.16261835422351,58.405488698725904,5.069098695453066,4.558157517941755,55.969919708480845,20.409624707245243,14.413996714912953,3.296838606141407,49.52375962142858,46.38174738216398,89.35560662826335,85.39298055856712,85.61718175467126,70.85947569548172,C,Industrial,Desktop,Móvil,2025
12.229051298434472,6.989284363042378,67.80870929241081,97.57160367110802,60.66423328207182,52.86395638062062,61.798543956431395,59.24952807541282,57.930522732210044,9.558350297742283,24.68317086652781,58.42822402849457,4.422859591578777,4.5242318563940085,54.91227632450567,21.0580389607673,12.469028305749914,3.1499143890348846,53.16668161146042,43.521584003655704,92.97949385178478,81.17531352494777,81.55619146158797,68.80424755898741,C,Industrial,Laptop,Móvil,2023
9.750256206430414,6.597326480460419,69.94377702333823,92.59154578697806,64.00920384246614,52.891270219387174,70.74257446926266,60.90148011545356,53.17264814936573,9.387929844264093,20.434179161722884,59.2463081483796,4.9766544445334535,3.208541391337503,55.33470910681378,20.66411274986359,13.204784316791985,3.0371361527111094,51.18013644218465,47.91783285204202,94.57948116107468,83.65823004086702,88.07914994638514,71.69898261379522,C,Industrial,Smartphone,Móvil,2022
10.033574871638836,6.533272831874744,68.3184987345232,93.22244432228715,67.56171242817996,54.301378717644624,63.71076412651316,60.235574264713364,54.47633613645708,9.175830426372794,21.157762162987645,55.419607625201834,4.782295412522098,3.5959270369391656,56.2898213536612,20.777765838277897,13.70290946227853,2.96317929954739,49.86894226077882,42.78412354957805,92.90774278556785,84.22536925280049,84.23890950269764,74.168794338378,C,Psicología,Laptop,DSL,2022
8.002873588344151,6.57209474921859,67.16121838969289,98.2294245583488,67.09947952445035,52.03835200539636,65.48820772891837,61.5548327248121,57.34031540739141,8.488514196176453,22.736915017937612,56.97949968976157,4.6821545828029,4.48323613962113,57.12794014008609,21.071964378753744,13.851504346090206,3.08697367178326,51.63480958548818,51.244862049912996,88.47952485582331,90.264917303407,87.59444845258908,74.59051616095685,C,Administración,Smartphone,Móvil,2025
10.673819712935334,6.873994512852076,69.0131857981971,93.98684546341173,61.85351713598756,50.52918513497391,68.9051051534823,62.22221094555907,54.51768896842049,9.67080642017036,23.087509175849004,60.94266557401904,4.160782883386514,4.126715260596248,57.1056762694389,21.314186295595338,12.283529344162012,3.1392041633055263,55.05724895539295,50.38654111203464,92.0353939053972,81.8083357440471,87.84327422184708,70.93420616018463,C,Psicología,Laptop,Móvil,2023
10.305287480565346,6.788350283139673,71.89516937691488,91.78179319044159,65.91636831264702,51.25438495173703,64.04624999630943,60.76252958256677,52.82428894629527,9.594265940043437,21.92399288235122,58.82156229609882,3.9842720175318664,4.382639535894898,59.48507382355409,21.193317122665345,13.795578546446045,3.093698106817939,52.912532253609086,43.76255793088722,89.83442198000327,81.6583046531419,86.07309075192903,74.76849762253318,C,Industrial,Desktop,Cable,2025
10.070769644556128,6.691653218952456,64.91679594436481,98.33077173283391,61.41838213477841,54.05418425038446,66.89405749969187,58.29529930317296,60.598865245323765,8.36786771340953,23.54437263474666,58.2252380916628,5.256711252622559,4.043000779292941,53.04921976283182,20.36018807337287,13.571807781698075,3.199774995570235,51.770525488709595,49.26409727363179,90.96970794751803,86.50968261726511,84.97646101203462,69.13404394546377,C,Industrial,Laptop,Móvil,2024
8.988824824193593,6.900684419698414,72.61768056065934,100.0,71.01328174792044,50.72172390421613,64.07287623774076,61.13673433866505,57.67023948039949,8.977016624412943,22.665427729637017,57.694049318538156,4.639640004148723,3.9532434740809363,55.18550528068812,21.485080391470657,12.987740781044332,2.777551066258353,53.18218540800321,48.39240701504793,93.88629672394254,90.37587981299365,86.16204836941213,74.36292828052909,C,Industrial,Desktop,Cable,2022
9.99807398840694,6.564855194859382,68.08387268228388,92.0432052554296,61.16359894018534,52.667516021929494,69.92413253577062,62.30395469045762,52.564163437385076,9.411565364808977,21.997353726341927,59.74198907699115,4.549338556524879,3.861324911363571,56.92042054738589,20.809282638144417,12.876913583268593,3.220599087880731,51.44602566017889,49.41411338985836,92.76249230112123,80.87618257137947,87.36639579205163,70.99738266421095,C,Sistemas,Desktop,Fibra,2022
8.260888761781477,6.361592685270991,72.35543253663641,90.85675568703246,65.39535949515252,52.43471811273183,67.99818791323888,63.0258802538797,51.023270592140165,8.3736467784419,22.807163027981552,60.21576288476692,4.12569893778269,4.5202701347782925,59.81392727266286,20.60122810528981,14.409733309729114,3.33449452927354,49.2139255235795,49.511160334699724,90.22498105968766,81.94394666931647,86.58125790253528,74.60001560023153,C,Industrial,Laptop,Fibra,2024
8.686394349648413,6.529230241544122,74.3142480120322,92.97952086723048,64.18494099632566,52.525276064982776,70.94305797289402,61.451863388999975,49.8886436195898,9.53454773198616,19.500434343985805,60.02765136866722,5.007239077753708,3.4625161697417206,56.55825069306202,20.62032117368564,13.773810320350503,3.0832388378806206,48.65079767804394,47.01706390010295,95.27714973256167,84.44137770128665,88.53247862492253,72.5225825209692,C,Psicología,Desktop,Fibra,2022
10.816296773155983,6.979189054401792,75.89990167015952,94.56578112688516,65.01505453983278,50.739852243223005,64.53788948520805,59.57939970217881,55.68050495240461,8.72100370993219,24.690909886057273,62.38824918911392,3.9310688415598545,4.650684055432957,57.31470373281483,20.852021724632174,13.81123958182475,3.2000640338732707,53.583881042025766,45.440566447336266,92.07607144326379,81.4376101917985,83.59911312411437,71.76741280949027,C,Psicología,Laptop,Fibra,2025
9.402136710618707,6.9676488072771345,77.05814075621015,96.50631014266916,65.09452048229409,50.02923911590928,66.78604676131762,59.27562271118126,54.391389371563704,9.18845271913562,22.106592455063943,62.053419376423484,4.4360411801330315,4.46292744695493,57.26342431017303,20.93736875403697,14.1949231368156,3.1141002039694445,52.648594927296124,46.422213010796014,91.5829448607455,85.9767660433565,87.21074080993952,72.66417949756902,C,Psicología,Desktop,Cable,2024
10.413973211418309,6.690289978562551,78.31161907727767,89.28581001132221,73.80734617642679,51.464297693831455,66.56048194627579,62.75586696297806,51.926874883332005,8.480917482096299,23.301914400161568,60.90434170487913,3.7261507312098345,3.231596108409035,57.44843917452018,20.962132298395666,13.249752087679223,2.867952012637579,52.651969147593796,45.18654718827946,97.87020859885178,80.77952094522145,83.65387934832489,75.66031275928432,C,Industrial,Smartphone,Fibra,2022
9.892281663154776,6.785231409761406,66.70531975507818,93.61601476773996,55.674531784425454,51.646389199940565,67.57393514390799,58.66822540487159,53.678948650278016,10.14927437645144,20.536805499607667,59.63561389059374,4.704211161238906,4.936133026060215,59.035720571689254,20.8151682834721,14.26990604724494,3.4159760143476814,52.2824070937423,46.28912643856821,84.97381650002166,81.85052968307166,89.63187318851584,70.94126452155169,C,Administración,Smartphone,Cable,2024
9.938386597848591,6.941379545812223,70.39357144416707,96.56890728146604,61.846545398771696,51.91078605608721,64.74515974262798,55.9007930860994,57.56998825391939,9.408227578971958,20.769386471267342,58.935280075757724,5.005960904649198,4.516383958093041,56.52217735857656,20.61416474635631,14.967083817431634,3.1686885506165337,52.54432330652266,43.17601032447071,86.948817187628,86.43969235243596,87.37246015011505,72.11730026134508,C,Psicología,Laptop,DSL,2025
8.782934494766486,6.581359237862225,63.37389267154368,96.92624839079626,64.10759609713756,51.81235693418166,68.76397259888792,63.14183156367485,56.97706821666447,9.007743395741887,22.73038905671443,57.42549829601047,4.651830105262502,4.0927921145405834,56.47324332884877,21.291140346607946,12.539849949657757,3.0883365495543953,53.51550339837346,54.408301157466774,89.6657538327624,87.96797200127165,89.22365714202331,72.69895183876238,C,Sistemas,Laptop,Cable,2024
8.215691922417108,6.406983656917181,69.38416804765777,97.16000260346622,60.786787800742346,53.75958892371934,68.81394892553708,61.58752510730085,54.33740479550557,8.372486087056775,23.08641600361018,59.6519385570659,5.0367379212418815,4.492570110591976,55.77326230253744,20.33701392815489,13.903420039257487,3.3727959716754135,47.67177859235554,51.262634234283254,92.141409380841,85.6066371301602,85.86828309217262,70.23356962896338,C,Administración,Laptop,Fibra,2024
10.320532604675524,6.897797737147755,77.69484201091757,97.48436544421739,66.30741201272541,52.14310277437169,66.68536017294383,59.852026021190824,53.08738049952761,9.607108186519715,21.30724797878408,60.25214641510626,4.96541256948747,3.4095936853595408,53.78562602045467,20.85349722255545,13.01387387006848,2.8867810529172533,50.04040578861322,43.27997374517612,98.20174566153628,85.56271401511931,84.26939845582548,70.7234211042835,C,Industrial,Desktop,Fibra,2025
10.2921379912897,6.770714728417242,71.13288453705934,90.84574397180435,66.26491801103342,51.23050412100253,67.82379788237358,60.96172614910394,52.63353450286373,9.799365499987175,20.53352727283398,59.0834643274979,4.312120277014859,3.580954030408752,58.022805764298745,21.15606617114542,13.327868001323536,2.973217464912887,53.710121997151454,45.55825290662929,91.87361495920045,82.42397208091201,88.32207917389555,74.29427318072256,C,Sistemas,Desktop,DSL,2024
10.634890585831519,6.620008704081709,66.84896305750497,94.2755658411363,63.494311107797024,53.74938117268686,64.50616101398359,60.95701470371354,55.6675170122752,9.044091481337606,23.363217389174196,57.388884110039236,4.5221569912051285,4.109948063653316,56.11636284206009,20.820903756300137,13.05786678501261,3.1491542684727203,51.18796795801543,45.946782369094436,92.36845956316596,82.00457038651146,83.6096507074962,71.49078643003287,C,Sistemas,Tablet,DSL,2024
8.920888003249681,6.9570122509333,79.87681176753661,96.77906390357452,66.44353973674163,49.50208293532159,70.51049625707881,60.76091019686652,51.11066322110945,9.935277153187823,19.734830973739182,62.341917491822564,4.798656723062316,3.570467244027703,56.070951329694964,21.156909507271862,13.383712923279383,2.898578019176629,51.8261932032856,47.17049542374306,96.60368153398417,87.82156659089372,89.60167068147695,72.62255533270734,C,Sistemas,Desktop,DSL,2025
8.33181969724598,6.57947875564089,73.17475426723948,96.78404974910393,62.21217750492532,52.01959162413391,68.39133483508515,62.09943627165364,51.55589790147906,9.268378320989239,21.688913373195128,60.154490419763874,4.781720590859458,4.446973054318569,57.208888078309414,20.820708763039434,13.662276934222849,3.235393120550465,48.60340271587006,49.10306408976416,93.03751270020447,85.73993242653118,87.24573008612661,71.68274550964371,C,Administración,Tablet,Fibra,2022
9.924659244113151,6.657482989048224,70.56628851367168,94.18926936250655,66.20037496489188,52.287469961009016,66.15702405783807,62.36672036593533,53.13146055983476,9.411209387747206,22.154467842074546,58.177950649018825,4.415203342074015,3.83044416560979,56.86421526623601,21.150497682636978,12.82408888025413,3.006802790266286,51.440264077286514,46.81100383692206,94.21867128991884,83.73877869119637,85.65661682588448,73.09560244927331,C,Industrial,Desktop,Cable,2022
8.99509234208009,6.606004304059537,69.47027070158192,99.95372701361578,64.08140291874861,53.399282001665945,62.20739041714109,60.81030203891677,57.26374757262261,8.261282594931098,24.902799469619428,57.804117620514994,4.633400774607795,5.0351609900881344,56.1355375759721,20.741804005337336,13.842695652989125,3.2609659478264343,49.03147004890543,47.86890325501942,90.99008498018321,86.98209015892935,82.44543506495066,71.60566629360096,C,Psicología,Laptop,DSL,2022
9.661830232163599,6.585574006030767,75.45487696823032,91.86824027165224,64.14955279093692,53.14880785241736,71.12489241414515,59.33565012765323,55.00297964734008,7.696512180625087,23.593523767567767,63.49662950755635,4.711107855059161,3.7218912949528917,54.86343046993065,19.82741746620054,14.5010254636001,3.308582953085664,50.23885286509554,48.89144830152505,94.69254028527178,81.24057222473282,84.83698287464202,70.23768987842655,C,Sistemas,Tablet,Fibra,2025
8.386665498076972,6.920907952648266,78.67986995516172,99.19852318431242,66.06850341503196,49.14468460483271,69.84834348446935,62.723825147216075,50.4508652869779,10.18036773861824,20.16376378746834,61.48584876463182,4.7309864985785275,3.8600401974486496,56.47592489748112,21.533603234027254,12.713647908734607,2.88969800984916,51.326370709516105,49.21799438596629,96.94464511268765,89.48048083019533,89.7962252871067,72.6418874968056,C,Psicología,Laptop,Fibra,2023
9.104875128339557,6.892066630618806,72.28543707135637,94.43881671924183,62.694980166424074,50.06491165598501,68.32472869482135,59.11978552218335,52.780349914013115,10.205952395522095,19.071141986877283,59.876893578686804,4.710239758946766,4.253660001479837,58.677370858989676,21.14399452824478,14.261877560995822,3.087189788835456,53.12640020825985,45.98536265044105,88.08927752117232,86.27056150526238,91.23381048002626,73.85971594693447,C,Industrial,Smartphone,Fibra,2023
9.115699966727206,6.8060613994819485,60.80000774086749,99.278176166615,61.82353884938094,50.605062095399354,64.03344363404193,61.714837376649086,59.01871567998992,9.53345393575743,23.222074059197393,56.204538311378684,4.344633858413604,5.190710121542487,58.65177034882413,21.735666865648778,12.918385166285972,3.173518639818986,55.508674953475854,52.44524958412265,83.51097808570283,88.89503707605166,89.38762130978753,73.47248948799457,C,Administración,Desktop,DSL,2024
10.355507136583647,6.825077051506485,70.54595398006256,91.13807779523236,63.1977302750468,50.74201784797759,64.77834729702391,60.517585569587354,52.414543214134106,9.942555112168579,21.492794357682964,59.254169335803546,3.934716492835702,4.651027374493158,60.47947871670131,21.252906920956054,13.893320122357782,3.187628442697697,53.65363925717443,44.25488104609806,87.46945048553567,80.71553871078154,87.585535261381,74.42413276426987,C,Sistemas,Smartphone,Cable,2022
8.913211844828677,6.345050617784794,67.8590603943884,91.53596063611634,66.274574285751,53.72534836544871,68.69593356498284,62.0969720514106,54.89198958014943,8.002451664808271,23.11080119398252,58.69089068823041,4.523075508461421,3.8420109940861726,56.93512719076002,20.43060901406928,13.908196168452672,3.2138763489523816,50.44895950970996,50.62144285970726,91.33084895643339,83.2205948030481,86.05709806391683,73.48587256064066,C,Industrial,Laptop,DSL,2024
10.518956630973085,6.757970341391569,73.92589224881353,92.65241234858159,65.2183716779777,53.490224163779935,72.69123767830757,56.62549839140846,58.3156785395478,7.908138499576667,22.021343076838292,62.762574614896096,5.327835007114016,2.7443082579373046,52.19187910840449,19.69477161802644,14.304654453190384,3.075889224235554,52.30855035977963,47.586806891015165,96.23331229662296,83.58399972796009,85.9907541843342,69.2746506618548,C,Psicología,Laptop,Fibra,2022
9.2099953204789,6.851202481354998,73.24805683427074,95.90350979741258,61.21830095860183,50.72502770263551,70.69463821734048,59.57974740676526,53.83037942102427,9.551488070813177,20.75728924569827,61.85743156134734,4.89961819454483,4.085624851515131,56.29439868983388,20.78414740458052,13.803658811596016,3.1718329411573825,52.251081653955225,48.97918143972299,91.5835837743931,85.72281129701992,89.70268652531153,70.90575401605085,C,Psicología,Tablet,Móvil,2023
11.660010423258083,6.8594703922601825,67.48984525581172,92.1496907689317,60.157932419797696,53.47452252157512,65.33912628274042,56.63241479447048,55.292837558669106,10.15717583904813,19.925495697418192,57.635755698559564,4.98422402059775,3.772293076103862,55.99407044932796,20.60523569965401,13.958698206733088,3.1116308054211923,52.38500810648249,40.114422376680594,90.04370045282367,80.74201403386155,86.12165463953734,70.9357491812465,C,Psicología,Tablet,Fibra,2025
10.271573131700636,7.025439950584769,76.70842707458759,98.92691598054196,66.26224081546319,50.541518463860214,64.65448626643371,60.121096401350805,57.04084861034053,8.580246931578884,25.120050101330005,62.18133359480967,4.221939452887497,4.538414622800129,55.39699401781067,20.995298521750165,13.282872013568767,3.0910524614948107,53.12881455480344,47.46327439340044,94.625367451108,85.490406720798,83.33056429537956,70.95872199282104,C,Administración,Desktop,Fibra,2022
10.095518083659297,6.802931366220185,71.10572277483901,95.08379463633142,63.216961973703455,51.59008267690315,66.00552272749053,60.62913547837797,54.417181138945416,9.390653062000275,22.575811348422093,59.72858211380999,4.403264170926984,4.361693703717229,57.207261613647994,21.01521784651503,13.384747330750962,3.151523333551611,52.31728948042957,46.683859224011584,91.47998702400429,83.39702893870883,86.08561459659992,71.95655638548907,C,Administración,Tablet,Móvil,2023
8.867026737952335,6.4371611455456454,68.49645844124167,94.815327295626,61.97414185473622,53.947971400647674,69.49438380762388,60.54117321914258,55.74627664230623,8.142719890501231,23.0297988309141,59.80919381141639,4.995507951917828,4.0994340054318315,55.32045648168868,20.176874566682148,14.057423305176995,3.326097149880967,49.293193249391244,50.70211769934883,91.71130053759813,84.32904602456804,85.99217148001642,70.55779805734582,C,Sistemas,Laptop,Cable,2024
11.89943941029458,6.887572994498322,63.17040428051656,89.11613343797859,67.35248680617075,52.22637129537825,67.2631494298756,57.65057615085212,59.78324719763454,9.33789953123931,20.833818496256086,56.9527449533859,4.5217655919498245,2.947295438406764,55.85733882166733,20.953318497953177,13.39624127965346,2.8521184798580723,58.37532266865063,45.19688846413535,88.16859661645091,82.51924853219788,88.56994659195911,74.25392505527299,C,Psicología,Laptop,Móvil,2025
9.795653249930963,6.926318856827132,75.57118564436394,94.3748984542592,66.09589603133816,50.803121315859805,73.15169070162237,57.984228862641274,57.784113499254005,8.280335371837811,22.033759729401172,63.94625160918039,4.941220752426802,3.1887711285910743,53.46929352812366,20.305018469742013,14.026741532546371,3.0345083993773105,54.64901507927209,50.54074011117556,94.27134089191784,86.09571874088024,88.7963193486079,70.73496690829275,C,Sistemas,Laptop,DSL,2025
9.941346115256234,6.910226531581035,65.16191943345919,94.27501667397996,62.12415096453619,50.239793245212546,67.36145869756066,59.392784294702984,57.540478811989956,9.647727452346267,21.486385016787793,58.87977334029594,4.396691973818699,4.470265074588429,58.42259455341918,21.281986034339642,13.667091937954991,3.1443608267121115,56.57813360645475,49.476995246502185,84.66148647148023,85.43606713538435,90.70252137341714,73.40672035746664,C,Administración,Laptop,Fibra,2025
8.643606190679083,6.394809932712857,60.4964568149486,94.65679305178145,63.450418299119605,54.20237263561538,66.31645677025296,59.54028672218692,59.61497994600805,8.087617200300823,22.60654728541315,55.776424582734506,4.949067401715794,4.388765206406496,56.8125297807339,20.458133054070313,14.53488525475405,3.2751905548386313,51.70860907329732,50.84830251914268,84.51687911413794,87.03306142825848,87.6009761416717,73.54536328656064,C,Administración,Laptop,Fibra,2024
9.549114059168502,6.839682402582984,66.39760328844979,96.24076419278254,63.80922875661312,51.85377973249018,66.32623173153975,57.69120179563999,57.911163728888525,9.576981502323346,20.016684207753322,57.07798678239056,5.072666724543877,4.007893941863842,56.320224927499886,20.950922580493998,14.184335180904345,3.0166595407600374,53.76321606938004,46.20427923306656,87.06072497368574,88.41785734587613,89.50937674136026,73.3843303456679,C,Sistemas,Laptop,Móvil,2025
15.598145274357172,6.812799434835198,63.6152550654176,78.1941784372086,88.33121648136355,56.83509879756488,52.40665401959169,52.210279956050925,66.88628094339064,7.091465883428519,23.065837328651444,49.687442950742394,3.574483765187155,1.5034279121529948,55.50207307819978,20.297929266559873,15.452135784533652,2.289147844263402,60.52652924641996,27.219773175605923,88.76997850022047,76.92680463692338,76.21431707058306,83.28277452002524,D,Industrial,Smartphone,DSL,2022
13.278876566733897,6.75304079992398,66.29633488460203,84.18856740468907,95.4943620290969,56.7555236027292,45.52056537483726,51.94512398697454,66.71127281316316,7.165351994230773,21.337959885805635,44.944600988830274,3.8534820385022543,2.0085523798169445,56.8606824055624,20.75960636778389,16.581372790162533,2.031104110307611,57.19251365729422,23.25801239147775,87.0429544197819,86.41436543650616,75.70072269489633,88.48481384278637,D,Sistemas,Laptop,DSL,2023
12.768025432069516,6.349986653992174,58.07713912476,79.55081168180133,96.30024270961471,59.03315899866791,50.51252388100141,52.556418072356635,68.20267826887141,6.516658184290619,20.000734913152634,42.66913717345325,4.335077520986328,0.9020872505857271,55.62031552324622,20.286434104819612,16.57055539760192,2.002924601268292,57.39243928160004,27.563921817645564,85.82103864053386,86.24222629086806,78.47453702133507,89.25454481601868,D,Psicología,Laptop,Cable,2024
13.363118329306975,6.717325046620583,65.22225583185622,84.99004894093036,93.43235465546206,57.76357116257271,46.109361880769164,51.09855940950289,66.49770923278585,7.471515086801986,20.262808814342115,44.169336529832975,4.314646148236868,1.7766257874267528,55.58745382488949,20.57506665651779,16.557800247103273,2.028341433365953,55.783541676790804,22.050535207127364,88.06653807935726,86.77886287593152,75.74183181641459,87.14581334495409,D,Sistemas,Tablet,Móvil,2022
14.119765450714748,7.049176594309733,67.49457796768606,79.5829038584679,96.7760860486681,53.77161252108002,48.13458948664686,50.2786065255024,69.66880571008761,6.622445135756757,22.48829650608126,49.043149711881924,3.0723734299649332,2.127268851955803,58.7708536808978,20.782149924603075,17.232778036676,2.093254368408532,63.912427672659724,25.966812637127028,81.82243756002418,83.77475301962819,78.72051070504119,89.8798640548291,D,Sistemas,Laptop,Fibra,2023
11.105358931467284,6.547977904735577,71.96198060989632,83.56067926914092,100.0,55.942403705142,44.32895866636023,53.84209922812169,66.33244719192743,5.6636389203860364,22.33165132895967,45.014685049504315,3.369902047413576,2.0099896428303126,58.68948165530362,20.770765331125112,17.67292277740777,1.8914408128751736,56.242294004052084,25.41460027780618,87.1831030743574,90.37587981299365,75.28505357443741,94.02443081660155,D,Sistemas,Laptop,Fibra,2025
14.392994526881616,6.840501206840027,61.0193134345863,79.11373802142225,91.26217256240535,55.71726359036427,48.433126706865245,51.4174394182637,67.37712386614575,7.629466505410577,20.95018485330751,46.08576027986084,3.4838100478517826,2.0485482733642586,58.72439746816744,20.847501268507106,16.44725159337444,2.1727985089976487,61.57612733676329,25.184938616648914,81.78615046558096,81.76528989315354,79.15634742614562,88.15617254527271,D,Sistemas,Laptop,Cable,2022
15.289529453153442,6.779888912748126,60.10005054836213,76.82964319392802,90.34370337093196,56.980044704536375,50.94389809331919,51.07038622490741,67.34642677192397,7.572756573927951,20.6725361116369,46.50087191053384,3.738093826782884,1.2911700496375031,56.742637293673006,20.498325589013415,16.01922554355938,2.146968601027518,61.39560306547226,24.861326678903225,84.92238273974135,79.09656988932402,78.51970894055441,86.32995092774823,D,Sistemas,Tablet,DSL,2023
13.047747621239198,6.352721141044649,54.71753637396608,79.76248936632767,99.95585206310588,58.64686392878925,46.7214316416639,53.825419420369855,71.76809919496252,5.678724411500152,23.085748885485003,41.417918730519084,3.6273427942431815,1.4110298240997863,56.82918649962076,20.628994982893538,16.29168577713625,1.9961498747291326,60.008826941829575,29.693624939504428,82.91644754978003,86.40346767758064,76.41981378335541,91.2240473943302,D,Sistemas,Smartphone,Cable,2025
14.783550761038338,6.781439314916375,64.12134394293393,83.12495821780347,97.59456628413862,58.009884824654215,42.642888163788136,51.40689713912164,68.85615694190615,6.9244605944778375,22.894906822179273,43.030936294307594,3.579259039149939,1.9070813247364913,56.27468185635219,20.78125417355353,16.24619534127483,1.956065562167152,57.96749935056509,19.79646800807296,87.75711168219641,83.94675147284401,71.76965226725038,88.6988329715381,D,Psicología,Smartphone,Cable,2024
15.173654922861608,6.813852212852884,64.69266813329068,76.07309904738636,99.10600672199479,56.19456109783452,45.20365607996344,52.533583215841816,65.0156616047345,7.809536130673285,20.33675395265984,44.029326094524855,3.109322308647642,1.233062192221118,59.051730472320614,21.137225784941375,16.05419043657643,1.8392538139265482,61.16701942085863,19.743640872993666,86.56754246790867,80.4366432155947,76.34840535426896,91.48010748025884,D,Administración,Laptop,Cable,2024
13.522505826321385,6.490472797390288,67.39373666933969,81.17946174346508,92.03171662897883,58.809847698469866,49.7608548830475,53.213644778559576,62.60101765735524,7.2592190314382545,20.626746675917964,46.1729035983395,4.220146340301554,1.3408521286682098,55.368365762483,20.19585782941854,16.126191973697445,2.145400160852171,53.481348925054334,23.2604385371443,92.52545485531407,81.83503393877336,74.7310129051992,85.568846125929,D,Sistemas,Smartphone,Cable,2025
11.77164088111088,6.485360558927341,69.00697877383482,79.55692181750646,100.0,55.735487189427765,51.51298978966712,55.589656031526204,64.00097430918547,6.329527498908814,21.056966011157158,46.84249402383193,3.4933310898612993,1.1519539611950296,57.91250082588185,20.75976489396227,16.413180743954886,1.921211957402317,57.88609090833616,29.573173618266203,89.4339978533166,86.77800080392738,78.8735904175513,91.60178583215279,D,Sistemas,Laptop,DSL,2022
13.62078396134141,6.510420100512825,59.97313342733675,78.90106685820231,96.63834823510719,57.80569790212159,46.8118430142751,52.8302740329811,69.26426712238741,6.048189758190587,23.19729059164266,44.44693402115215,3.4173418741784833,1.8626781412070694,57.788939060888616,20.471484615790843,16.70705012431629,2.1559424533663,59.37190128694348,27.00589970472368,83.47793816945529,82.87637817968196,75.6464035544408,89.64670940161427,D,Industrial,Laptop,Cable,2024
14.649101157136316,7.144409342504983,67.26761342122865,83.35210668138895,97.29442048474675,53.69470393993132,47.79474782184485,51.98112444511366,70.39773658153307,6.895052260538696,23.55605369499974,48.60838656111167,3.1589313007133906,1.837639250465958,56.46139129410066,21.16912014874257,15.660943380027724,1.9389488044317147,64.17736833738861,27.466386259707264,86.69390006801639,85.2989328667894,77.16794119281316,87.9931874670294,D,Administración,Smartphone,Fibra,2023
13.928550719652222,6.6393672039203615,60.92678373277989,79.73231548248326,91.43655916380477,57.19280520507595,53.41186519635361,51.96510300252757,69.7916212367542,6.1788365055794054,22.808680080347774,48.2609095050945,3.9143569794799067,1.4017369838524796,55.032706233311885,20.12100111564603,16.197804219347233,2.2470834186398303,60.41795631391729,31.02546478798491,85.99135529499111,82.31308829877365,78.17021155604782,85.26395738770019,D,Industrial,Tablet,DSL,2022
15.633487046798285,6.842538382491177,62.427651213745385,83.25094861590244,90.86969781936007,59.03916907522358,47.37002774605126,49.05647021614905,70.37771194202912,7.05315403453138,22.009052548882664,45.48047467715854,4.419902810385557,1.2247070149377035,52.411303661969654,20.104666655441378,15.965755955852508,2.070922249646967,58.071351908679006,21.619910426524953,90.06885485919132,82.34079407691546,73.25926196385093,83.36188385631857,D,Sistemas,Laptop,Cable,2022
13.123377655805035,6.584584343464523,62.780650330151474,83.3899023887845,98.25385352142926,57.14398209821547,46.96439388251227,55.2103675580552,65.47120642609352,7.482467685682446,20.77270617124783,42.65799115876078,3.8373516696829153,1.2642966659729287,56.414139230748006,21.2057919507896,15.172763276057477,1.824336014141129,57.508676971256655,25.9334213615127,90.00611729984642,87.23419087952077,76.68142810232038,89.59488260056835,D,Administración,Tablet,Móvil,2022
12.758221569835603,6.567705116794878,69.37255371670715,79.454146155532,95.7640472090396,56.282254715467374,48.83697863768151,54.536466093786494,61.38599289564877,7.333641361814886,20.54932496924244,46.714380985740156,3.47960411764311,1.8030356369677043,59.07613661423796,20.74790377481778,16.521758964722476,2.0999813682290176,56.01855119589277,24.452597957816963,88.64693217203349,82.74435701904518,77.17403717186296,89.6207294943617,D,Administración,Laptop,DSL,2022
11.62327147102956,6.2998262648267715,65.05753998462835,81.10277204115741,95.3324529687324,58.01341102203902,49.71107516738305,55.11896912118505,62.103412348982125,7.047370002232966,19.845111144759088,44.265134017631716,4.047942555361335,1.6121991237963895,57.94094285635358,20.546322843554968,16.570069906683706,2.1074951914638573,53.64245733455715,26.68305304975367,88.36644220300539,85.7998695580195,77.81723953286172,89.54183279458253,D,Sistemas,Laptop,Fibra,2022
13.271039713832822,6.731569909526698,59.3592912026177,82.83250303149154,97.89970696717292,54.44321799261218,49.99498175314498,57.12234987665024,69.36985761717351,6.71462305056706,24.053820535622847,45.74081491941672,3.0357524171509898,1.7223141168956313,57.53419027927285,21.589596199397423,14.388327179056262,1.9468670875408307,63.63330573806026,34.99161167707227,85.96242149665278,86.64421724973974,79.24309535389341,89.39281657473659,D,Psicología,Laptop,Cable,2024
14.53898498294081,6.947414814017001,61.58037564866511,81.9380791457584,93.3063680415623,56.388300083220926,47.84328264991403,48.86116910180753,70.90422869061435,7.258376655183612,20.620471766901893,45.4281679270628,4.0373389984650325,1.587231788330481,55.77341382694968,20.58068890698216,16.76950228631218,2.0204199822950466,61.68719028327585,23.747153314421322,83.2492485844705,85.38922316215094,78.30582338508779,87.50464670161749,D,Administración,Tablet,Cable,2022
13.270943666859864,6.552203247679926,63.0215041777103,82.4067893259067,90.00750002016042,56.89056551365262,48.636946248989204,56.065662641855084,62.240576117343046,7.912550686939529,21.55537263082208,45.4048561130473,3.6174384221321683,2.1792192433978803,58.25557205855734,21.04762526138822,15.156347644145585,2.2127902607670267,56.04187672773408,27.184965913809673,88.39376451500162,82.14191294644708,76.88307466345553,86.52531635668632,D,Administración,Laptop,Fibra,2024
13.513440887609908,6.4284434080526855,62.71835139033819,78.78788600471589,97.95552662226879,59.262441314113715,48.259319739902224,52.43097443446769,64.76663908632803,7.315553360492273,18.939975770286775,42.0878703306783,4.303586763799303,0.5825286521117716,55.70492000849157,20.437237999909588,16.37240722455341,1.8480883962552617,55.69075227348206,21.540392117144986,89.91151153253944,84.57571823771062,76.49421178889904,89.74169841231848,D,Psicología,Smartphone,DSL,2023
15.416151321285055,6.626893691383368,66.40781944034403,77.78769536420387,90.41181740042957,59.45827439595275,45.708545400325455,50.12822228802535,65.52109739387704,6.713599608296164,22.81136909227073,46.91988458609581,3.6979019926277714,1.9535651673115844,56.44266876747471,19.792331566957493,17.09843192448301,2.348681791274497,55.324147523416606,18.707840515623726,88.39962755061737,76.03984465598622,71.76935675133984,85.0817425946202,D,Industrial,Laptop,Móvil,2022
14.003387321978808,6.495360887807784,54.71732020884073,78.7449426430495,92.50868398464787,59.1591895303477,48.9320898947659,50.74579632181087,69.08970459437975,7.290652904712905,19.30368311017646,41.67971031039393,4.360931732360322,1.1080354650663873,56.0641394755027,20.38358491419172,16.539606501047867,2.0515471415498365,58.904646901452104,24.56127553216575,82.88740402695721,84.01472488664322,78.74416290606646,88.31001451367544,D,Sistemas,Smartphone,Móvil,2023
14.388219796772656,6.6618844143236,60.552509903627765,79.3452717188091,94.04579825268489,56.13863174987254,49.15235003326654,56.0500652766802,65.40546481365847,7.509210020857731,22.547887516144876,45.41522452176657,3.1759462936943956,1.6041768757543635,57.99758590457868,21.243839439153682,14.65777738065287,2.0502788191413863,60.72532297713067,28.652913807767142,87.65578990288331,80.97249411564627,77.32962314858491,87.9805027081437,D,Psicología,Laptop,DSL,2023
14.4524585947862,7.0525911028854225,67.67988329362531,84.16401260611048,94.81740648804185,55.42492578953331,49.36439125849932,49.80060643824748,71.24013495247311,6.495801775744552,22.971353831309536,49.068790119183845,3.8411161804906575,1.607080041206936,54.196628924148015,20.461349534567717,16.380256171400926,2.0363165711210245,61.62172476267929,26.526415699137054,87.85508669632351,85.67843569223548,76.41792872223672,85.73582811755979,D,Psicología,Laptop,Fibra,2023
14.87977199946405,7.285372997625228,72.23947575754067,84.10301395290621,95.24504395703073,53.14228751568824,47.41678994351533,50.94958869620935,68.17250553096825,7.378767921927258,22.96739959994957,50.380095668210906,3.2036041141934852,2.0869764914512468,56.656266496687174,21.091216462902263,15.979272980384097,1.9935208082803875,62.8881614920716,24.39667378013504,88.16197440297987,84.17465308241664,76.54802422312217,86.821910528295,D,Sistemas,Tablet,Móvil,2023
13.696322170187004,7.059587427622702,67.87145005524754,84.44229872619022,98.18307783915203,54.33497916929817,47.91179654103015,50.492836676644025,71.66314144936749,6.320250795819425,23.0810188223462,48.33884492031728,3.5280161372289216,1.873722402204248,55.895934527544696,20.785201647694514,16.678429141421077,1.969026250465833,62.74605098423941,27.478739218678754,85.39005607300717,88.02737564056488,77.45517547241774,88.5371792430805,D,Administración,Tablet,Móvil,2024
12.754155236619699,6.9389633702839335,72.76606488096046,86.35169221965602,92.89054784377774,54.8525195265472,49.97949616257296,51.73760661479196,65.3603561825063,7.2120525725174325,21.32668620385371,49.69921880934334,3.9961227415458787,2.0934412814159433,55.900951802797294,20.621253533416787,16.585700483236486,2.1175897816163802,57.25689069847506,26.19267979698713,89.59146673693976,87.28193237635801,77.58995875449729,85.9615454446502,D,Psicología,Laptop,DSL,2024
13.415198874802277,6.448003530125049,69.30498128297488,75.54426099541526,98.54655993105467,58.403779028905646,47.835537603971716,51.452877890877566,64.39610138973204,6.032813695262689,21.307629012784826,46.57936222247449,3.571252436236984,1.4045639757792303,57.98486955182351,19.874554987688892,17.934949122443903,2.14473201116076,55.64018008741442,21.289228483443196,87.69554994028982,80.36504613314709,74.36182618711078,90.26672450530936,D,Administración,Smartphone,Cable,2023
14.832735141576968,6.5640036321555,58.61036996245462,79.3556028536537,87.91441669503185,58.433285857981076,50.568465539924034,53.20729355823057,67.46453238798456,6.873071576893859,23.27016796650146,46.62076773894151,3.757676767858024,1.769434242152462,55.82799402298724,20.288586900453545,15.48831478469883,2.345987481310835,58.49523277633525,28.164351113230012,86.90048642231244,78.44033084102477,75.54480332964532,83.93485544337348,D,Administración,Laptop,Cable,2023
14.759433806034782,6.5379635003811725,60.300695403998546,79.01123181506546,90.55116021738195,58.18323481999167,50.888577147635445,54.815082880401235,65.62765743741521,7.11753161985151,22.82286479722268,46.241666712613196,3.6635481020615877,1.3664427095231728,55.76471589365647,20.544356372705963,14.883676429293349,2.1977439091415016,58.20636581822654,28.05471262216027,89.9504985429524,78.76792634229429,75.4967929791775,84.83859984839411,D,Administración,Tablet,Fibra,2023
12.482459953279774,6.6748720852378645,65.67341645029798,83.15635360309506,98.99310082393377,55.39084358645461,48.86891467364525,55.01844808471902,66.22491677415782,6.925698223941112,21.594580596265555,45.52057153112051,3.546779805027392,1.5871168133735418,57.39785106087285,21.150293519008557,15.755727749316103,1.9092204527704595,59.258172994524706,29.027188142644015,87.95846745748004,88.0020428304682,78.39385237945278,90.2143850187567,D,Industrial,Desktop,DSL,2024
14.040621276580069,6.929349520859111,64.49077677359182,76.41177974179762,97.71468998447953,54.108712805836284,53.49002382160677,50.446460444956365,70.83460436670272,6.244644770696906,21.574440100807028,49.52768534063348,3.3329801409924933,1.150228539679965,57.360576366168786,20.518143041145507,17.006958918908555,2.0219516254962993,65.70324951260802,29.8975338520151,82.30971568649916,83.69646346842372,81.62744181394844,89.83819767795757,D,Industrial,Laptop,Cable,2025
14.497923545224987,6.556165027979307,57.916378904033486,80.05310940567192,90.36708864841185,59.132060198753386,53.6030928964248,50.79600762959938,71.94923156224488,5.853002190411854,23.042185947300318,47.137413580574034,4.362432400191792,0.9874483675625596,52.5973567667943,19.721320092469423,16.084515876441507,2.246578674786082,59.531096861727036,30.443490774284406,87.39368512462518,81.96462892577433,76.55371264004236,83.43368013032953,D,Industrial,Tablet,Cable,2024
13.793743920372076,6.73251648348397,66.25710724739793,80.81357348921624,95.13702683207258,58.18434693311407,45.139938959530376,47.70325366049074,68.89478124163801,6.526852025188413,20.623729460352607,45.17958912977329,4.1295507183236,1.863441619984854,56.48498266159237,19.941678334334078,18.339291392386304,2.1339906849413417,56.98160341412377,19.175672385080063,83.89223391498163,84.47058856811664,74.98669793756436,88.68837385070889,D,Administración,Laptop,Fibra,2022
15.238470602842087,6.3575150333596415,56.41518793674662,71.54982444415924,94.59622981359108,59.58673502634108,47.44355402743274,52.92828548043936,65.19712171009846,7.1837325267349135,20.61197585834126,42.282837372180765,3.407256229441144,1.0580113341562334,58.84065229642734,20.400811639586465,16.31689387900046,2.1151005487684813,58.81723117045558,21.64555485992851,84.36360464948639,75.8875607732898,75.77802559135694,89.96678419155472,D,Sistemas,Laptop,Cable,2023
14.115160409559712,6.70359106054466,58.18164556286471,84.41543653101411,92.89620124989631,57.46569819881985,42.642888163788136,53.401316298668846,67.33089720839793,7.866366702969221,22.262271221186584,40.96450051817038,3.4633409403035476,2.7250884818061967,58.92156119007343,21.34867340653271,15.74553403659997,2.094565215942311,57.96990902578062,22.092701523042724,83.00423906656576,84.46875993536688,74.34496901661288,89.03024474606626,D,Psicología,Desktop,Fibra,2023
15.467485289129867,6.879915980772129,68.24403477123475,81.35173148640281,96.84142572187093,57.91269071421561,44.402462858061526,50.005038909343874,68.30083462882995,6.806029791857668,22.58730029373334,45.9438564163636,3.7281350312517008,1.3882309102266017,54.7338025111342,20.358857884925705,16.41234183381434,1.9641139456203367,58.17597800850878,18.894873310213686,90.81698428152815,81.66398297132108,71.76935675133984,86.8602446449518,D,Industrial,Laptop,DSL,2024
12.714130479078863,6.561072020705084,64.86783625329076,77.3259700141986,99.22134440773658,56.01419016430217,52.296681026355245,53.67608822627558,65.23985031282534,6.874680780325265,19.60355141039272,45.93654991109899,3.6858280481967074,0.8632178181555985,57.783728367027564,20.705542193324657,16.502043786214116,1.911467495883472,59.879511426967696,27.990633535827385,86.73336575669374,85.23879331886793,80.6373042247956,91.20281157544997,D,Industrial,Laptop,DSL,2024
13.656226336212537,6.494263004412457,63.69701011204093,73.5939772723434,96.46241674699019,57.549751939827736,49.81995824783871,51.30836050187082,65.59813575214214,6.529194338179526,20.256740391000086,45.91862108409079,3.5141957549734446,1.3360874784516978,59.06277632570674,20.137844450852096,17.700256515957104,2.1526247683648645,58.95594802660087,23.647605651185174,83.24703992108674,80.0712017251039,78.14182049880188,90.83707136939873,D,Administración,Laptop,Fibra,2023
12.516399612312684,6.7526407836629705,63.61832998268558,80.66740216791322,94.32178239174749,55.352289170149405,51.83153189237353,50.70666263851886,67.91436504596655,7.054919299781988,19.318883415073607,46.70838238395827,4.0297950272012875,1.6083492613058445,57.65139514329638,20.561484593252644,17.336594983389308,2.078159728456639,60.61649622256594,27.976080116148495,81.99439610182343,87.4170847210289,82.15954402549441,89.5157589550529,D,Sistemas,Tablet,Cable,2024
15.016607269561685,7.076795410739384,63.26543433642068,84.5318645587645,87.60269361530213,55.8711001787259,46.964449068064994,49.51850817633758,68.63307385191919,8.058095382532064,21.27537519681149,46.84315744486087,3.9593691737414693,2.303052957748228,56.14191092618262,20.778763467620223,16.148276760497147,2.1870647529193494,60.384304419444504,22.913700127403317,84.46452405035882,83.29518891956144,77.15640791651875,84.5218418175541,D,Sistemas,Laptop,Cable,2023
14.110466490503924,6.697683812205966,68.07737822062838,83.25369806044013,92.29873701852352,58.13275237591962,47.461339196707975,51.77308947749114,65.5295832789271,7.0034289927535465,22.081636131554614,46.8184524293502,4.0584827297822885,1.7251188775585131,54.9196742184091,20.254828501523075,16.26046580828485,2.1514431052164227,55.194809485477876,22.55899596886719,91.3407684778138,82.53211272578525,73.34061478204262,85.05166080927326,D,Psicología,Laptop,DSL,2025
12.809102835756507,6.388077159462521,57.75787654331981,79.11567087996077,100.0,58.09599402340393,45.24182253254207,54.04838591439189,67.34468673274756,6.8529089704456645,20.456257260904422,40.96315357176549,3.63508472543839,1.4104463368462534,58.67978254298879,20.975442923216253,16.4532826551826,1.889215612958875,58.44716474167453,25.114958968150944,83.46750211743385,86.48632977526304,77.46046109979223,93.02443396844129,D,Administración,Laptop,Móvil,2024
13.033899296570546,6.387668035056528,64.10869564130232,76.74006448723271,95.2701094569973,57.93870469116401,52.186430833121484,53.54028853892895,65.22673204711079,6.215569485684949,21.481985454116703,46.880895627891995,3.7440359775434175,1.2398049223653058,57.11478263593159,20.102298581250025,16.754959901788567,2.1875771860444813,57.20062815407607,28.075394905693564,87.40802185947341,81.48274386510643,77.47464704927626,88.4413793044192,D,Sistemas,Laptop,DSL,2023
13.470370007148652,6.988969128244624,74.09757309883207,80.9438044676746,100.0,54.10037355105572,47.502611112779505,52.00041683185604,63.087970704566715,7.895300117901463,19.100318408462293,47.26122946730136,3.4776646473773907,1.3569522627770239,58.29201715158262,21.13730608152046,16.649124074724458,1.7759777728277941,59.46385968460794,20.757691090365917,89.47457314759053,86.00444255776512,78.3570946815655,91.21992993777559,D,Administración,Desktop,Fibra,2025
13.552405601989044,6.887030113498538,70.2068189573333,84.62400361340251,97.29520454500327,55.83877973238818,49.416010450455374,52.225071583692326,66.54313872667589,7.183537884514278,20.975299029180317,47.29465648087236,4.031103928011351,1.1588953585384494,54.48717859639904,20.757282230733193,15.850437636848358,1.85832874483193,58.39652745085047,25.05465046714088,92.20699542662565,87.30886096080945,76.67097551978372,87.20273819473992,D,Industrial,Laptop,Fibra,2023
13.408791086986774,6.750628410520478,71.23986422560903,77.889992916215,94.84835456424145,56.63112528757181,52.857185011120094,48.69999404999077,66.61948375988801,6.2765054179232305,20.123955469091847,50.10008607148002,4.102119147873713,1.1841043198946548,55.84264271037945,19.67479643605328,18.153386648676303,2.162592902570102,58.1794570784147,23.945998940485346,87.1528641737779,82.88908211444264,78.26389550077054,87.47086185037526,D,Sistemas,Desktop,Cable,2024
13.81412246504479,6.514204250290192,62.235299970282455,80.21201111240688,93.64436721975812,58.39552589411951,47.29012141526375,53.3727844741755,64.96006234484399,7.285860968727257,21.051806515374018,43.90346949586679,3.855183315406268,1.5764746086332746,56.960978731514274,20.58805942015482,16.04484458532529,2.095093216973127,56.30811509200965,23.69733363524458,87.97483985316195,82.26573314564104,75.47302330043696,87.83244333667615,D,Industrial,Desktop,Móvil,2024
13.283492298953712,6.753836829020232,66.79740046391676,82.45445906732105,96.61801181402271,55.51042652043549,47.564749361196355,53.66930728223949,67.91639313241086,6.252085780958708,24.022721617921665,47.75591001568285,3.2104697368371986,2.2252874775384184,57.67404158045999,20.77493691383271,16.30508695819762,2.1427454189189676,59.71841017089192,28.47511641494173,86.34781170243502,84.49054073997188,75.80879536454864,88.53742090500356,D,Psicología,Laptop,Fibra,2024
13.80816145105832,6.760375409204941,70.53727594178332,81.75850494584998,100.0,56.73814523572349,46.54980667074602,53.157939644202784,63.62421807117874,7.653980077945122,19.644411515285945,44.49352066104552,3.8433235076306707,0.8064252571159081,55.88543483956375,20.973627875765633,15.811207293243946,1.762516688050197,56.97715698932724,20.37366300161583,93.5337684643458,85.85902396835323,75.35247665462148,90.00781478659431,D,Industrial,Laptop,Fibra,2023
13.54576283701426,6.46539921882939,61.28900465070858,78.23590472914553,96.05598656913071,57.89327845004875,48.916952617456325,53.59652710689345,67.32588234595899,6.287411282818389,22.48278942681015,45.12699716184175,3.543608648400917,1.5265018408143964,57.323881999766606,20.4285400344195,16.379363385245732,2.135800291611831,58.51912519137583,27.431084346672606,85.91954912465617,82.17450760593113,76.22954348079267,88.95808370936697,D,Psicología,Desktop,DSL,2025
14.739117556186056,6.3235129350496075,54.71732020884073,76.04160837715504,92.21711159770125,59.53801219747733,46.995463222370105,54.90438585733294,66.60713348123336,6.789270777909774,23.157642268978517,42.72393264725309,3.345694839972203,1.7171139652865257,58.13642907830588,20.55882689348331,15.524881680299465,2.252219682189123,58.137900854083384,26.285695429424166,84.8795366311887,77.41454374230294,74.45580388802975,87.82733916687754,D,Industrial,Smartphone,Móvil,2025
13.284373409974222,6.969597103393827,69.660015234251,82.01789069820556,99.84383004171313,54.27098991790514,46.6943357681899,51.437795803516515,66.62982607297275,7.376049842409332,20.191507705730217,46.32731193880567,3.473801252521793,1.6831706298101037,58.26093214825022,21.111422020834517,16.861569845898632,1.842648893010967,60.90325299192244,23.156218548638495,85.73267154262105,87.5384696776283,78.69255747655536,91.40456392839478,D,Sistemas,Tablet,Fibra,2024
14.462435618952831,6.534245282877612,60.91683043374433,80.50456321488932,95.04609888959553,59.58673502634108,46.96483834450673,51.50391857154691,65.69524692403873,7.802176896347759,18.939975770286775,41.361379153277035,4.521781027316566,0.6219514592452438,54.42285099120676,20.474946272101864,15.878765283081467,1.8510850066729174,55.6486895178232,19.66093015984279,90.71333127002879,83.86153733677689,75.2449217485615,87.62341200976748,D,Psicología,Tablet,DSL,2024
13.434317732232481,6.6383278533191685,60.33427098756905,84.42931631028092,91.2635785818874,56.51509222870715,47.91397786730873,56.21570303479293,64.61884777611668,8.00349834950139,21.796806057883202,44.11844536314886,3.6669058733147546,2.0508438196418934,57.40751332021028,21.365095124881385,14.572080400758912,2.084667213493093,57.86104537145989,28.501152542859323,88.0376174901929,84.60855628930918,77.37689540267151,86.7655485663365,D,Industrial,Desktop,Fibra,2022
13.433823061506665,6.271861739535011,64.48278754709277,76.6817706638671,92.95884798846637,59.50389599372184,53.556405737214405,54.05740276335261,63.62187329686041,6.304439923717712,21.471818887932596,47.10862052359378,4.070456152712672,0.8741436315256461,55.315801356481245,19.795821071203562,16.2366553151701,2.229545287975421,54.658518896149545,27.438129818935835,91.66735057444615,79.39130781903084,75.71935947304321,85.90531639336747,D,Industrial,Tablet,Fibra,2024
12.041701468107236,6.722767172133032,70.68243883209064,83.1129551515769,93.90532264414878,53.975382514252956,51.80175367064409,55.946419847007306,62.986081730516275,6.963988014395212,22.552936271192316,50.13045981687857,3.2713517010324793,2.333114494959513,58.80669767712578,20.986874635630283,15.95053505876633,2.211045478291095,58.198908998043464,31.510192586984044,88.1818038540851,85.055376267212,79.10361304191079,87.86772562086165,D,Sistemas,Smartphone,Fibra,2025
14.316807632354083,6.712347055852524,62.10190040638673,75.9485188478647,95.92809730513729,56.201907163527295,49.31064121720224,51.42875313567877,69.2910019825422,6.236721364265043,22.646073080427108,47.171283646766334,3.182348321372375,1.7042640335370733,58.46485393361762,20.425990725840258,17.017279862171485,2.1725597702375756,62.40881782130876,26.910205495088107,82.05630313096961,80.64296688184665,77.81803622292945,89.60833806328256,D,Psicología,Laptop,DSL,2024
14.107684625605614,6.451487331158153,56.40895828538076,76.84238284621019,95.36821131218007,58.00123840609669,47.59009794766787,54.70388365100552,65.53332373099327,7.574028612240584,20.47486403659753,41.77158860271315,3.5115110507107907,1.2939107410475827,58.61606846875745,21.01825852350677,15.528615883263509,1.9953085987252281,59.37431275597203,25.354734174217676,84.78676203280865,81.47453304316845,77.81558820253068,90.29259890375299,D,Sistemas,Smartphone,Móvil,2023
15.487073004208241,6.9321267820747074,61.42408377725716,80.56282024077031,89.25802976393636,57.50223679264566,47.311141475000426,48.24043433215475,69.02795724123845,7.763585217341991,20.314128988468592,45.52625105698364,4.1266314569558755,1.6659707026323645,55.6933682997298,20.365534460805698,16.689090255438444,2.1394321946588635,60.057878918391296,20.487573243271594,84.29123120882062,81.36123734853244,76.693391319065,85.48135150901746,D,Industrial,Laptop,Cable,2023
15.04928249164934,6.943074670688285,65.45700616085455,82.1661333240846,94.52289253667679,55.776575829713174,50.7806347785999,52.93056474282115,68.2211356482273,7.224034266601073,22.548369905018276,47.99602295300875,3.6785384235029985,1.0676484403119644,54.271362388416975,20.85628380805231,14.843192478837047,1.9379832135480302,61.54965538681065,27.437267831207414,91.43775037820251,83.00647343067403,76.57092580040586,85.38790700173155,D,Industrial,Laptop,Fibra,2025
12.93516862424874,6.599873238380767,63.17865179912886,78.60684123464411,100.0,56.607087081808615,45.25835614568297,52.322406197662225,68.1082910216956,6.57599179850375,20.373710750673098,42.404482612765236,3.44901018954202,1.3024980901728616,58.7796612676566,20.915359541529856,17.161189015668942,1.798620069599524,60.19278669690206,23.581236295273232,83.57454816827351,87.29247104253847,77.77386199456221,94.22646744704628,D,Sistemas,Smartphone,Móvil,2023
15.241383252359272,6.779455911612515,61.996161572788594,76.62021515743128,94.02790090901615,56.92888478900267,48.90863095700615,51.28469403460449,67.30272598869203,7.3395762161290925,20.996905694363825,45.86053337610748,3.5344980064352782,1.2366006281809265,57.12979596123607,20.59305417916166,16.178536166663115,2.0461724871968263,61.262052532402095,23.279070322070062,85.70283407411688,79.6987377306533,77.20074490144945,88.04009148333228,D,Psicología,Laptop,Cable,2025
13.872042703405624,6.788547293056728,69.53293645835564,78.11268257449399,95.93678926976905,55.63902488570897,53.69602060669328,51.711814114518276,66.88006123610955,6.321571832133364,21.835587359117685,50.47834312234659,3.635428306556357,1.0686263532255191,55.80512431907964,20.196188573681106,16.634338358920676,2.088885511075421,60.51275097833126,27.979468612938497,89.10091068505385,82.11109047668411,78.23617038659403,87.17784291971111,D,Administración,Laptop,DSL,2022
15.430071366073086,6.968830273811591,68.47738834077256,80.3428068816622,96.7956773927807,55.706268842537746,49.060632981161724,52.501851704302986,67.9144644978118,6.8370347436007375,23.406902361649124,48.77582977183478,3.316861528298216,1.1755270237365352,55.08031529588879,20.735280010174247,15.323006212226009,1.9485955261900327,61.579325406373044,25.182740636307145,91.68051582292851,81.0497888045709,74.65604743356195,86.41270802497573,D,Administración,Laptop,Móvil,2024
13.116189434295425,6.547039157653976,69.7012093127695,79.36706229990146,100.0,56.62166467295536,46.78511423296799,54.66196557532889,66.70448955314936,5.364836737989348,24.89988784823539,47.65488961088032,2.9350233127877274,1.861231231510312,57.931342681068465,20.47558251894643,16.68905195007223,2.0952986335550086,58.01881840823513,27.24830929680291,89.0005111484434,82.74184856978768,73.15382007927688,90.43222315288037,D,Sistemas,Laptop,Fibra,2023
13.21854430825483,6.649685489503133,59.68235326506591,82.55300764588553,94.67438765164272,57.344058202227835,47.57888020177405,50.89651821719436,71.68991789453784,6.089598851601069,22.672737018683755,44.902243272261025,3.890403685770073,2.0061738818285404,56.35278669276812,20.379896441326828,17.03252808813123,2.1654967646063046,59.83477958262903,28.017923095407603,82.1247985679083,86.50284040399089,77.11558120615244,88.30654426486574,D,Industrial,Laptop,Móvil,2024
14.53516354319336,6.889499570835467,70.37684246434372,78.16254771273064,100.0,55.59475784589972,44.70045357122909,51.586260992031306,66.32098695939807,6.899978565042818,21.583519677490372,46.099470316617484,3.075887429552444,1.4063806367134735,58.29316773855309,20.87373035814683,16.81452107970259,1.8352802627238407,60.597887118334384,20.028746850393453,87.8638789194788,82.76728195045992,74.91809024528176,91.77743445526218,D,Sistemas,Desktop,Fibra,2022
12.923263301001432,6.664069896379726,66.3494902900803,81.98689264634753,95.1283218490077,56.08355573823185,47.060782126480305,53.60234208758894,65.53857471903372,6.843999949372965,22.313235295486944,46.41045863035892,3.418569440128359,2.2871705959431665,58.583896097870934,20.783964383370648,16.585122244029005,2.161606445326388,57.784132155951134,26.23497798156011,85.69304542904061,84.37990539543463,76.50456344764544,89.03533825846965,D,Sistemas,Laptop,DSL,2022
12.595342728407399,6.530169270219831,70.544706633419,80.08242244964737,99.44080021277986,56.9940515881324,47.70615517241508,53.620292789842175,63.88719965221135,6.378094459576351,21.642454650646922,46.5389796186707,3.542423421318012,1.6226362207467875,57.801452920978114,20.44788971095277,17.016968093580555,2.0416424831310396,55.73080676906809,24.262173345602857,89.48911222491958,84.33813780383362,75.23310623429346,90.27922259414866,D,Industrial,Tablet,Fibra,2022
12.08194799947184,6.4304434582410535,63.9091454225723,76.91407419930849,100.0,56.83967549977683,55.82215541441762,52.79328596619946,69.11566957397903,5.458661070957122,20.333995522416803,46.754183199355026,4.044857401318431,0.47867873684761447,55.20716257405148,20.12543192471988,16.96153568473176,1.8661509098151843,60.60430556476949,32.229407672196906,87.44304887617827,87.76266730271331,81.22883065489677,91.15659675680413,D,Industrial,Tablet,Fibra,2024
14.538486664014197,6.820510157166865,65.70354677828485,82.47457651016948,90.59150530522585,57.16404822801549,49.58534955903227,51.228851034450386,66.88166172032452,7.2849400774170565,21.682275282585657,47.564787523789505,4.043732270015523,1.6015662436791498,54.88595179012135,20.38206056799455,15.996729714343454,2.1503945788128904,58.04062863149947,24.479559049538633,89.35615537184133,82.27005123200102,75.80446594692941,84.52567149496126,D,Psicología,Desktop,Cable,2024
13.143203129940932,6.7755839183068645,67.37728500270214,82.6289225382031,91.1784058197618,55.85939291936934,47.91816743667127,52.36107322670102,63.25890817757887,7.968080977726502,19.96800446148837,46.540660372835475,3.8108340213039607,2.250020908657599,58.496870039587805,20.825995305082465,16.616957434132477,2.1661690681519183,56.863255370926495,23.403353178854253,85.99747226483831,84.14912499210486,78.13208946033949,87.69134294958594,D,Psicología,Laptop,Fibra,2025
13.361232202863782,6.675875067998528,70.4462266964123,83.20868806428014,96.63673310362131,57.155621046788454,46.64875088549332,52.95508871388163,65.58515840337407,6.445275399238937,22.9934401381886,47.215882896417355,3.6596420552056252,1.8832005748475784,56.127937046489976,20.43364114895902,16.497931049776838,2.0956977008948257,55.7839600850286,24.07559495858033,90.94026809463399,84.11480839813527,73.28307186054973,87.44256925486953,D,Sistemas,Desktop,Fibra,2025
13.711936095995618,6.631976400848288,66.33307297409624,75.77900551436665,100.0,56.752631650609835,48.943036638837945,51.44589994630093,68.49715660244641,5.897114783340337,21.392682503334797,45.9941915536927,3.411895481253315,0.832847286455717,57.21712371892147,20.34666213289601,17.287498092020474,1.8828268540422284,60.88603222698985,24.6342982161921,86.32064570449384,83.70333670456115,77.00359913172032,92.09855220914137,D,Administración,Laptop,Cable,2025
12.802024712926036,6.690082709575714,74.8309292358134,79.04927321171785,97.04458894342017,56.14586831075535,52.615511197326725,50.96879766809985,65.29919442971465,5.779601982327029,21.820268149118895,51.36947785184029,3.765611473202971,1.410805572521736,56.18189001461593,19.782815898370984,17.825469039057506,2.1793233237172513,57.04248391475721,26.034818944488784,89.83640679443982,83.1720160602012,76.68418400733322,87.74004796101694,D,Industrial,Desktop,Cable,2022
15.995111152058985,7.185395671072097,70.00994402452596,80.10443749331107,100.0,55.34936777837277,50.08804971950872,48.53966229890228,73.64011315857003,5.832549442287831,23.65136242647944,50.1504657713434,3.562436155879447,0.5161944204169915,52.478758197548046,20.274236775949383,16.24660260865827,1.7954362879566659,64.9395144611189,24.79405352465122,91.01491935149818,83.49673222109794,74.9214072618539,86.77763132699987,D,Psicología,Laptop,Cable,2023
13.77251482446137,6.903297485361014,67.2834469014394,79.84869259906586,99.74184976615852,54.553284066136754,48.45687680179628,52.51214433948265,66.73622569771624,7.296521660718794,20.599014656555212,46.40073412421292,3.348090289742565,1.319740407616834,57.97248340369756,21.122177752006483,16.252292690723223,1.8348353750707829,62.014283011895145,25.01305887721398,86.49573909130166,85.51139356878967,78.98844090971721,91.01802320985442,D,Psicología,Desktop,DSL,2023
13.42956346786147,6.973606644743107,63.97204835262534,85.02118781470057,89.7505393894664,53.854120512482275,48.92995570903964,53.21594074694043,68.15496656800624,7.308262791640619,23.34974777078195,48.736807980942,3.3105032136101014,2.873499016492876,58.3997706123091,21.147987339217213,15.86187693859446,2.2821463026563835,61.68382514776651,30.564508910919127,82.72817688437189,84.9813845614106,79.09633992773658,86.30618451917988,D,Industrial,Desktop,Cable,2024
14.651516595481024,6.990586357562066,68.33663020230368,79.12837974701024,94.19555916013431,55.64542467750167,49.63532443619306,48.683336267425844,68.07341597816487,7.08373424415645,20.56805000872425,48.673959603171085,3.7755675002372735,1.461260156377329,56.44409240587842,20.309639578836403,17.279056452557388,2.068148906675483,61.10987721635975,22.345353175174196,85.59083794223355,82.47194266127158,77.92191463087094,87.54354235193361,D,Psicología,Smartphone,DSL,2022
13.52232916141974,6.272339396563779,54.71732020884073,73.14387950017812,95.03744359814371,57.59890760397688,52.63143090828904,55.51773045013476,69.39022059820942,6.056144982411419,22.7040280915049,43.94007472578302,3.1686881081505236,1.336291542545894,59.243854444035094,20.640119033755514,15.870211312931453,2.2168547356579404,62.91934021820858,34.275567353825735,79.70384254492436,80.24454327805998,80.62243578875874,90.55497010440203,D,Industrial,Desktop,Fibra,2024
14.815206354737454,6.717710986556459,62.171623079974296,77.78064396104008,100.0,57.167654153662234,51.90738885226156,52.54286837393858,69.32849674516753,6.753974495919126,20.7212056214236,45.089277412614095,3.8921895511362683,0.47867873684761447,53.78092696471282,20.65644969806187,15.259898390942878,1.762516688050197,62.242950753692924,26.791675190780516,91.15317241179889,84.17867107412712,77.89341726144251,88.8569378570669,D,Psicología,Laptop,Fibra,2022
13.072016559122279,6.337317046949667,64.1502640878789,78.78177710864689,99.36907671801085,58.57247334195165,48.79693529906558,55.10043692939078,65.62950444677847,6.042228806591446,22.547035280091652,44.68107309537798,3.613423461669702,1.135789014239398,56.482612501024676,20.40529008387692,16.08250139034481,2.0203680560996,56.28013361944109,27.124365145684436,90.29428943631727,83.13458102213913,74.62812571996,89.5235998619104,D,Sistemas,Smartphone,Móvil,2025
14.906101735124809,6.705031005379547,58.987322617348084,81.66723484385253,93.30367961034689,57.91025350339651,45.05120655910349,52.46505850114166,69.7878601672398,6.828697292108264,23.630665893387473,44.06246506474386,3.528438459960678,1.975482298990495,56.36884669444849,20.726466987095883,15.697457486485181,2.1309712221084802,59.70100001875734,25.020938206114515,85.54497550374985,81.9210307548263,73.94142834105453,86.9001930492197,D,Sistemas,Smartphone,Fibra,2023
12.277529266933199,6.638919608734375,67.31149842047142,77.495250759506,92.92483481416771,55.06383468557196,51.78055688886905,52.79699801054854,61.03737961476933,8.002953556425897,18.939975770286775,47.08429174915252,3.694872196950426,1.819924197134195,60.661599503505954,20.764881532915677,17.31426024075889,2.1489375772719517,57.96548148861881,25.02927921785946,83.32048330312654,83.56360930641397,82.44036663788609,90.57960546551446,D,Administración,Laptop,Fibra,2025
14.496764432757143,6.679513842478349,56.5423471771242,78.5810054665775,95.18787906865155,56.9195707037023,44.65509831711335,52.676923941731225,68.94274246709207,7.265255047992804,21.925932541344764,42.45727313363819,3.2362644816754305,2.014482374908639,59.27433981064374,21.083677479418817,16.14934877763048,2.065087411262629,61.67047958024104,24.609798660014988,80.79974835527459,82.29714004078409,77.11175261193347,90.51333596367172,D,Sistemas,Laptop,DSL,2024
12.904758066290634,6.7789922975635735,69.05616043379896,84.82605346350681,100.0,56.17171958049892,47.69923376169595,52.47138703442036,68.17291516885896,6.481727328289165,21.802464922946918,46.052683158664564,3.9002857332530496,1.3199142472969716,55.04307689682329,20.73193832219449,16.309999672836273,1.8413997238541344,58.32794939885976,25.93012767533405,90.40219239266814,89.12929817346149,76.01690549722265,89.16472599855356,D,Psicología,Laptop,Cable,2023
12.900261380477515,6.693340044213262,63.94235006226341,89.6045038118849,92.59755468878019,57.86927082268833,42.642888163788136,53.083466738676364,65.78818996730173,7.883781321528341,21.235618228142926,42.00111457242311,4.224898893365961,2.5106762990360494,56.23384015656935,21.08298677105207,15.850066510966581,2.037677866689167,53.91018430967666,21.979551198063685,88.37257112776902,88.91804144468051,73.88671751872609,87.03610840871087,D,Sistemas,Laptop,Fibra,2025
14.389563496011066,6.481550927196405,67.52370550092847,73.6660422402332,95.35622320725801,57.57463004148868,49.493198073776334,54.15364764962987,62.59709227157241,6.52512714004927,22.631016883750924,48.011860751899114,3.0363991276826012,1.5374817056192414,58.95110715881385,20.248068841249488,16.546575611164634,2.2399356299497333,57.39758957437712,24.036819708656676,88.73406413087342,75.78876041377721,74.54176703859551,88.62016833336165,D,Psicología,Desktop,Móvil,2025
14.953875423698218,6.6920825773496215,61.23433681209248,78.57174343159382,96.64646250442127,58.909581950786816,46.83277622441009,48.54458566998978,71.88392015954285,6.073906142352893,21.949899658761446,44.57438317438093,4.010423433088615,1.1150512358015523,54.70569125612702,19.94435982832932,17.26767029282032,2.03524697950858,59.84745259166833,22.041466301845738,85.26922789180318,82.62815578085379,74.49770032612938,87.99992191334596,D,Sistemas,Smartphone,Fibra,2025
13.217405632330722,6.629258867279995,54.71732020884073,81.93910885679733,99.80462589790399,57.39250494659333,49.31083840011011,49.9623046204005,79.85678781883169,4.670133569975698,24.14009587498746,43.49120877966101,3.9264339923047453,1.3358679064106638,54.397768411215885,20.29808999574729,16.998245421297895,2.005621348917001,65.16979232327499,34.146205429542086,78.32224137263279,90.36000480010287,79.02056862069892,90.03361019485493,D,Psicología,Laptop,Cable,2025
13.967203941995825,6.561721494517842,70.58949435094118,76.53156681255454,100.0,57.609910221341565,47.780144473077165,53.171035850031984,63.48567751067182,6.561130805712808,21.309593443312227,46.32873510952313,3.421129662490696,0.9549963566189517,57.19558801455183,20.375224323093548,16.666504912581164,1.931749172432468,56.74628058883823,21.38437898804177,91.73049728274985,80.85451435782117,74.06015127090461,90.29510007078096,D,Psicología,Laptop,Fibra,2025
12.99853440843647,6.7543409958941245,67.12659259371584,82.3315311203834,99.53776151733534,54.677382993057414,51.24108043375038,56.18136139960033,64.53495798251326,7.486148999149394,20.83088623462266,46.35769601650958,3.5262692560843427,0.9727087516542889,56.63390810345716,21.40066879323162,14.788182169307344,1.7678292880902908,60.283309747110586,29.561534598962147,91.5686877956762,87.17869950942583,79.41901885289803,89.64123112098581,D,Industrial,Smartphone,Fibra,2022
13.025309004683528,6.553875858356404,64.82852686898413,84.1569655728901,87.63694110174809,58.4735569152848,46.47379289667172,51.41491339369398,65.86939959667065,6.730377024080166,22.647250193310587,46.54637238751874,4.059380068839806,2.856928426202821,57.081915194881205,20.049894811607636,17.275263951822204,2.4775532588993627,53.69502709010898,24.29300235354161,85.16079173381507,82.68838212151607,74.12672122206965,84.89181368800016,D,Psicología,Tablet,Fibra,2022
11.79119067262944,6.289003057484314,64.72990729370676,82.22207878647593,98.1736685389872,59.19333821739092,50.773248149330286,53.34639719712324,66.34947653273765,6.002509979165182,20.650615920719538,44.34120329194309,4.485657274708867,0.9331623128079634,54.53120632814786,20.051153479178588,16.779131166088987,2.002593814516065,54.02882645404197,27.6988412936535,90.5255810335868,88.05539697435918,76.47256940982871,88.62083359166942,D,Industrial,Laptop,DSL,2024
14.263629035252485,6.635958531410478,58.6296956016785,79.09681072306581,96.60996754889975,57.836109467045304,47.917741555714,51.42691306788967,70.10956035619293,6.703665792956463,21.300317150751766,43.482995981383716,3.8330868414184707,1.1740041048260008,56.14747191129834,20.559977258894744,16.343056847095202,1.9735387653037997,60.67659641779797,25.40871506183363,84.57632640177852,84.09531505337077,77.16563102805405,89.17921821651758,D,Industrial,Smartphone,Fibra,2023
12.904361050479384,6.4521146513520655,66.29941400492764,76.55164509832834,100.0,55.92526096290747,52.66930195690707,57.256589903702384,63.26937940958723,6.514917512458195,22.04791201494204,47.22621881063534,3.122969282971161,0.9573805481117263,58.19697580485176,20.88869743304795,15.405721021454895,1.965467191712884,59.32409513222552,30.83666322774416,90.45166964564403,82.25508571149639,78.34916836294087,90.54685662952922,D,Administración,Tablet,Cable,2022
12.074003316725145,6.595818339001233,65.33159155127194,83.31021817971256,96.4619427734796,55.97295168730403,48.8606182590292,54.32657248979726,65.91770618778745,6.782309773102816,21.549811110945495,45.75589325292233,3.6936058816629087,1.964664699664365,57.82511865714575,20.8679069431069,16.37825263709862,2.0676610400203455,57.71928155585588,28.837714307340583,86.24246897722384,87.57400899619194,78.31238402416517,89.56043160633426,D,Industrial,Laptop,Fibra,2022
15.57515081117185,7.0433838200997245,67.992269661082,81.7539587781245,95.39771394737168,56.48249002438303,50.37229964140098,50.01548211284123,68.10295057657466,7.608441065052901,20.363838860138408,47.453753309579454,4.173951300039008,0.47889849303632426,52.78635757429305,20.56756449969316,15.470020892994183,1.7958167241186087,60.719685245719866,22.15950866258284,93.09775164061546,83.57273633227791,76.3136250940128,85.33250973531429,D,Industrial,Laptop,Fibra,2024
11.699350098083519,6.460509863132275,61.39831737090958,82.11332935670647,95.77170788835058,57.096355912919506,52.57845612651114,52.29947758833499,70.95250436661084,5.305599719473395,22.647729184847066,46.93358731632052,4.063877949465162,1.6930902111975037,55.84712407712454,20.070288840784855,17.267311946964824,2.216686238550343,58.94221902950969,33.53532299242415,83.34044155290549,88.33028635130049,79.36439711651705,88.39378256086093,D,Administración,Tablet,Cable,2024
16.554387619848942,6.9100300105227435,62.30575808919601,76.74541470389167,91.7667473386998,58.20680748228209,48.635077682000144,48.571419056714845,70.32647055008722,6.889005844858746,22.4183644029553,47.243924988620236,3.7671886106114076,1.0214981101545213,54.26064400898522,20.031526098000835,16.23325797607598,2.1148422591218603,61.57515669289726,21.03440323133852,87.74784806460822,76.91932242482456,74.00838540772523,84.62459886881327,D,Psicología,Laptop,Cable,2025
13.24329811855393,6.768067456741734,72.99363382793315,84.37531224287729,92.96793764001585,55.149168737617,49.856258409294796,56.14699952133232,62.38646787335898,7.007115923489143,24.005942165292293,50.500095388894536,3.2781339024612515,2.2519351665327507,56.94641513572741,20.866059132170466,15.219943937532712,2.2102337546004165,56.37514831630054,28.648150662918187,93.3630325523575,82.36339096604662,74.68652599638862,85.24974528224155,D,Administración,Smartphone,Móvil,2022
13.160476890724956,6.56338209605394,68.89932515146828,79.73749414631061,100.0,56.700542689893865,49.658886117263194,54.944317702053425,64.89101959829263,6.364348180168833,22.213057555304076,46.73459625403427,3.467648949129602,1.053754711983911,56.4694818675163,20.65655099935298,15.913317388991942,1.9171933399299976,57.74968985999423,26.96093042555595,91.93234648400008,84.13847854909623,75.65415464481629,89.66297596434762,D,Administración,Smartphone,DSL,2025
13.56536528853235,6.500865979491943,58.528431284954976,80.8734446463153,97.69504572313953,58.376350560142654,49.8816259497848,53.383684328094255,68.96966948984226,6.750450770540131,20.823609108263597,42.76352814750913,4.162851885994865,0.6708488224616769,54.59865642729092,20.646928893142615,15.541507610861816,1.8614397859443168,59.03295882142279,27.816541977839577,88.52205246427835,86.38138520716903,77.53962133087931,88.66858024215601,D,Administración,Laptop,Fibra,2025
13.362581390151046,6.742710284465643,61.74378061355543,82.41429616700226,99.14833143149289,55.75111949159651,46.73181057984299,53.193100441617794,71.34608251433085,6.023984525853047,23.92488193750881,45.375486158899314,3.269319501393017,1.9430025921038117,57.25525870021009,20.932913274650854,16.213913899400005,2.010479467567577,61.999481995066674,29.590751291836916,83.80817494571308,86.79696571361757,76.77247606929426,90.12380807336758,D,Industrial,Laptop,Fibra,2022
15.101830213799992,6.8492388139389435,66.04013791874024,77.81971963891263,99.48399956495349,56.760182956646055,49.33630621612845,50.22948440202421,70.71049231217928,6.043828277848044,22.654246132254343,47.54043383415686,3.5514828019801685,0.8092553888621201,54.84568873427846,20.26090965090563,16.55897701670367,1.922872984198974,62.17664644140431,24.594235570200684,88.3709817795492,82.19605514457984,75.47876015227372,88.37303593089693,D,Industrial,Smartphone,DSL,2023
14.361829402530475,6.92535851288636,68.01116975347956,79.65340769584955,92.86908449997509,55.289630360517634,50.01062859416947,50.71183440672569,67.38131019440083,6.856091734114769,22.187802475413772,49.635146548498604,3.4626204210569274,1.9032080932226072,57.23785756289397,20.430381266028668,16.827676070092057,2.1964310091154626,60.86644677313673,25.4315852984626,85.62307666873414,81.42451041178317,77.44426220759203,86.87055743593926,D,Sistemas,Desktop,DSL,2024
13.277012394791209,6.692610723096693,68.2543166825555,77.3558888092504,100.0,54.84845357101894,49.838662906821234,54.65672553328272,65.45557712897725,6.467770705887589,22.210869662320665,47.683936687187995,2.9546846871096704,1.387514322296881,58.92775031616875,20.92689425749542,16.28535296973547,1.9516080897928,61.156570196411494,27.94016595907048,87.30296857691314,83.24123826026486,78.07146575280713,91.58337017181051,D,Psicología,Laptop,Cable,2024
12.285567311881522,6.812603495850518,69.7124906283064,86.31654539839332,96.70000079361819,54.81976191661349,43.11978749870012,53.91903153500582,64.99663139030173,7.183160373553886,22.57088593425302,45.836448599612474,3.2521735461164414,2.9867567370975308,59.6784043943264,21.256127588449555,16.677987314367865,2.098756123310981,57.07390967122375,24.572519724384648,85.35468658063763,87.82207476459983,75.66579362422719,90.27138260440832,D,Psicología,Desktop,Cable,2022
13.640264659652532,6.670365892935972,65.90100246008494,78.171396384227,97.70244816999059,54.665143352347094,49.79932254948789,57.35585336624348,63.09896335375004,7.291306279112934,22.611278834165127,47.158916540066265,2.7604977387179765,1.645071944696051,59.60745599197675,21.395522343281726,14.9453703070721,2.0023672045138725,60.81156431905385,29.334576911927996,88.62155507046137,81.32127256116675,77.9888831748568,90.1348611954734,D,Industrial,Smartphone,Fibra,2024
16.087067357021873,7.2070077711448635,67.77918939757718,79.48415648033247,97.22364049096586,55.86892967607568,48.94111359744797,45.247732174535386,76.992446957,5.105984730906064,24.689996483249846,51.055601486287856,3.593730052727821,1.3258238177274788,53.22898571528565,19.68794596847842,17.80430207565404,2.09205707522769,65.42217149747353,24.247345398885866,84.62537074699266,82.20294041453815,74.56670472419766,85.96475591743992,D,Sistemas,Laptop,Cable,2025
11.79666324751067,6.456114044781995,72.5064936394502,84.29786532394085,100.0,56.9875842470824,49.065036572762324,57.02358327385578,60.858921233819174,6.988720100659558,21.028043809620627,45.75214931511193,3.867727996237525,1.1727046030524466,56.042203121529006,20.896743082376098,15.450090874151027,1.8527306608898118,53.170274291138035,26.433941447224186,96.34604114442462,87.64175989441746,75.18038019688152,89.23442787319613,D,Psicología,Desktop,Fibra,2022
12.769047025831473,6.696064955646751,72.43486693288821,78.67011528561737,93.57456880268558,55.61252003658002,50.350744323169536,51.95698510451352,61.78025700889191,7.180716611296777,20.074764420089977,49.320064634883266,3.588291663998131,2.0174479385077952,59.24242777811072,20.338211984743246,17.614450596386973,2.232630770882555,56.45557289425352,23.478651063041372,86.65437317140022,81.9801032330452,78.25652255339561,88.7854383572826,D,Sistemas,Laptop,DSL,2024
13.92158387891113,6.704361396591819,74.4022172197875,78.80777032606694,96.90641977702916,58.650633998468976,49.0894596552518,47.3982357010464,65.83014227071985,6.2244840275281685,19.880575756817862,48.44069328700349,4.400178220143458,0.928523184042525,54.29258917482343,19.369425399805746,18.478398214218167,2.064523786722957,54.6574252262966,18.706570795220344,91.24761068508367,82.54297148597833,73.86453434430719,87.21471490169482,D,Industrial,Smartphone,Fibra,2025
13.210793714755455,6.711251880732408,67.52781966586437,78.62225244978242,100.0,55.550729270044464,52.712724641442016,52.89300382846493,68.31864549771943,6.092043864998179,21.324091209996045,47.71478166570364,3.62518436715787,0.5478409479601449,55.63385713990141,20.56568322940943,16.329809105538576,1.8168519785354869,61.61173624059717,29.20313958260295,89.29185874675566,86.26293264764507,79.09876623134576,90.40979177141016,D,Sistemas,Smartphone,Fibra,2024
14.042092588365847,6.764690712387058,65.26711403328505,80.81710120213546,100.0,56.098000602051336,44.66502935228367,52.50214355761592,72.07931747917829,5.136555825357749,26.2704515283376,47.136139719692935,2.8240421205957937,2.2351056850170714,57.493036433967866,20.580213900082388,16.77096535901269,2.1166097306099108,61.75557646103575,27.747222416520362,84.53317648556167,83.56167038341046,73.07935044129303,89.96900095735873,D,Industrial,Smartphone,Cable,2023
16.10978394435422,6.798768949448262,65.96822408135479,78.96496528140545,100.0,59.39697206444849,44.37886277523426,48.36998664567957,74.20517663287572,5.094124007364685,24.47904134874229,45.31715578778147,3.7281903842983453,0.5380014468039076,52.192930545310745,19.816302206259937,16.836490847265505,1.824803376447801,60.41953004992561,19.94881161918764,91.27183838986736,82.07737019297163,71.76935675133984,88.01368831471969,D,Psicología,Laptop,Fibra,2023
13.0334340929816,6.804368815561028,64.49548611971507,81.27613226140097,97.86870047892648,54.95318342970387,50.743164889203875,52.22762591555676,69.57486024507641,6.44879117384936,21.755723920770503,47.245171592043484,3.5918729727023764,1.5087293894433889,56.92087821719204,20.769012853616722,16.54257486914886,1.9877597966106944,62.13869061387859,29.779220467306757,84.53073494247205,87.15616675323277,79.85931259448924,89.66167739473546,D,Psicología,Desktop,Cable,2023
12.642040588549085,6.245730627752962,57.215781567362015,79.08223646399976,97.18046625866734,59.58673502634108,46.66634542746074,53.59748796839152,67.81485504501292,5.898362268158311,21.852438226881798,41.16971794663278,4.027866595040046,1.4459993684597805,56.76556988099187,20.142734391587357,16.874638379969568,2.1289321600745676,54.90792729854903,26.151615032775954,85.30612340975748,84.3904762179203,74.73485319885788,90.02332532020198,D,Psicología,Desktop,DSL,2025
13.547012160963284,6.5243088492721615,62.49673664095493,80.92996833498468,99.16942292606028,56.880219497729406,50.50701161316342,56.63836875777386,68.1066272287345,6.006072089229704,24.368119060371747,46.14059616558986,3.3325981436986916,1.1250531427652843,55.507575652648995,20.86257701627051,14.749434272680507,1.9653803700369359,59.965932916275676,32.310334503646494,91.06027088210382,84.0930134158438,75.63578767703366,88.16029617924684,D,Psicología,Desktop,Cable,2022
13.275082886540762,6.85042983499495,69.97223571522125,80.23510610921238,97.30034645187004,54.034146450173765,50.84197277755561,54.448530009890675,63.452250700075474,7.557749826474543,20.675283942857085,48.33857234366027,3.295263259525265,1.4794741456669454,58.38621881743827,21.164897455677643,15.805940216038081,1.9386466817697836,60.422166250420865,27.080499388896634,88.85668837657518,84.36076419174182,79.54537227282991,89.6313059353528,D,Industrial,Tablet,DSL,2022
12.37579590146961,6.658232774176756,73.61123414068683,79.70263772245856,98.32468270778357,55.75459236274297,51.7384859146172,52.4969289728904,63.555952225370156,6.48149438023343,20.52497076899468,49.313762707074254,3.749678375868364,1.3299860091540205,57.154510761101754,20.27479404476652,17.309458812429146,2.044604305163877,56.86005615506156,25.737003077361955,89.92031251045124,84.94456305312832,77.97993888310691,89.38165811940026,D,Administración,Tablet,Fibra,2022
12.058615681194969,6.668974737936235,70.27298812943428,85.02633859859408,94.3919229760837,55.7390940029246,48.41507413385358,54.61462022168035,62.05812796230322,7.610375609080294,20.506613563021837,46.629305066821786,3.8429716631868667,2.101669867990731,57.81686845989902,20.95917683610261,16.1772260937671,2.070356434918078,55.06461543337519,25.77341413853658,89.73622393190526,87.03402080703948,77.50442313925485,88.24895834719273,D,Sistemas,Smartphone,Fibra,2022
13.43301537454294,6.290887892957059,61.99448754797152,80.00632766539383,98.0848919432305,59.58673502634108,50.81619269897675,51.41354078421894,69.72743627605796,5.396109855563934,21.798320572498145,44.17213899430347,4.634242526264298,0.47867873684761447,52.19187910840449,19.541429152398898,16.667759134321752,1.9946855431791892,55.085555270445134,26.168742332707993,91.95492347577618,84.89437982639966,73.80331054752381,86.73131842760489,D,Administración,Laptop,DSL,2022
13.733353256223898,6.4711419179878185,61.77210000646554,84.17757899893556,95.72139289293433,59.58673502634108,47.7730915575684,53.036532211150735,70.30580234899907,5.70411694857618,24.20572820047645,44.692868492447275,4.16379367960854,1.3324015435680026,52.88392671969671,20.120221118265768,15.750521206444152,2.087894765716525,56.04530096959434,27.767638900130834,91.3058971027307,85.07423831563504,72.26237009456113,85.42196817924811,D,Administración,Tablet,Fibra,2025
12.844744059248512,6.919680452159165,65.24078864953947,83.64858656199253,90.69439992006467,53.870040649022314,48.59107891185841,52.671052593857695,65.52646658884642,7.9016980019926955,20.80180623829363,47.454127320025236,3.4824458758391823,2.727727701449797,59.745399131347774,21.195624615012278,16.511542214959288,2.208691586325027,60.36044219310686,27.476074289620467,81.77113368280166,85.8416552151475,80.74210507673916,88.36907603993286,D,Sistemas,Laptop,Móvil,2024
13.817050961319831,6.59959810553785,63.095101952141725,79.01889182621342,100.0,56.71602763240954,48.314699091360914,54.3627080026443,71.09983672838067,5.299639450425179,24.671003253086887,45.71312359113925,3.118370019969398,1.0399927068483885,55.987388709750775,20.691167605600597,15.826234915636814,1.8808179893523902,61.99040100131362,30.054271425654385,88.19808352414685,84.72384879572782,75.04330645337161,90.76368998397757,D,Psicología,Smartphone,Cable,2025
14.334558936567774,7.060018423498496,64.68763480853305,80.47685443718751,90.77185014925733,53.00294631303426,55.449058105800106,53.01663925601484,68.35958009614198,7.282811854266112,22.405354306059976,51.50552288218705,3.337780205716445,1.635381003618995,56.77274870633358,20.97599008867053,15.28432477516315,2.1531167940560896,65.19468634254117,33.24736530254571,85.45322902213667,82.59877945999452,82.04221956829979,85.50145944359105,D,Administración,Smartphone,Cable,2025
13.266194611109839,6.823222518670429,67.53272014523309,79.91543327862959,96.054797077113,54.43942605805637,53.286900086476045,53.00663985845972,67.56321510190398,6.45359458702242,22.24574523235145,49.972642505660176,3.428995093215343,1.4799298088229373,56.962506982306145,20.637323797383264,16.299157086355816,2.0856997987193413,61.92661947707536,30.937980614571785,86.68746746443753,84.3612869428087,79.87258886245183,88.13523885688477,D,Sistemas,Tablet,Móvil,2023
15.203926519316688,6.9132773618321,69.25708779673498,84.16128625615049,94.0513810377168,58.2013924685049,47.67356496909396,50.08722313408396,65.56781255514133,8.04134238600657,19.465509398247224,45.4488515629324,4.5897194457807275,0.643225504165283,52.2816206175967,20.459220622471022,15.572281309157061,1.807348368852707,56.07808792707159,18.706570795220344,95.65990127227958,84.24102693434266,73.87771042887368,84.58646065220535,D,Administración,Tablet,Móvil,2024
13.890048963986992,6.501935498859285,62.00043298654443,75.28474649637431,93.34939537379529,57.623065164985434,51.30161810543121,52.097679442208786,67.03380645611891,6.218496052553827,22.092212079680266,47.297595002437546,3.5157296841108048,1.5571675026936465,57.88078313911971,20.061495393299385,17.04572366907825,2.285596116256153,59.34662828658371,27.307106191321495,83.99131776229004,79.29256029882106,77.51618270331171,88.12886993435893,D,Sistemas,Tablet,DSL,2025
14.494986750778548,6.677894962462838,63.833164700201024,77.31415153553951,97.90473474146884,56.83783585929809,43.18279552680771,53.00727276225703,65.44547382032432,7.215490979523905,21.93925434299758,43.76797616614012,2.972344993674738,2.010240526333737,60.06841370735286,20.97625588705252,16.56524138469638,2.0349721331321806,59.36645453170873,20.727063586822396,84.36721624898904,80.43966154964762,74.68761748808703,91.44404180287592,D,Administración,Smartphone,Fibra,2025
12.395219939399045,6.9014393346401635,72.43258416526702,81.0891837928934,100.0,53.87603620711906,46.64105665108912,51.24055767371866,68.15442299223302,6.180848026612493,21.271162165340495,47.2913426603609,3.2259218601693385,1.6943245033192218,58.77792850199107,20.873699346145386,17.807291661292947,1.825039125780951,61.32369539864604,24.71557496257601,84.71247579975221,89.25515084576966,78.38586590337239,93.80873120099152,D,Administración,Smartphone,Móvil,2023
12.775587433056227,6.482318380490961,67.81314842056527,82.1283586266971,100.0,57.80063384013028,49.39988779458537,54.80213735709099,65.93912409624933,6.185039955013573,22.022697420577813,45.35172458160468,3.9012195798201987,0.8163957881254529,54.69729999374776,20.535720117457466,15.786142682773503,1.8522065418183837,56.188667474396716,27.189622749213086,93.61898682353814,86.68687907135809,74.90112609195265,89.05667879272666,D,Administración,Laptop,Fibra,2023
15.912897797399948,6.604529728624888,60.333804181356534,75.97918887315768,93.44623059248318,58.46178678901248,49.519707981240096,53.3630116606535,68.36611543347712,6.355645492310496,24.33684698549843,46.76901296590691,3.2927531144916298,1.1689924273249148,55.55884373818127,20.29905120566785,15.272654710212214,2.1753428268077846,60.453025057453914,26.475233662893,89.19508988286421,76.13470494929652,73.4300428096665,85.58930876511097,D,Sistemas,Tablet,Móvil,2024
12.690754233033692,6.485523068549174,69.90115752723294,81.8189511326062,96.40173980023873,57.83683676088641,46.970130065032066,53.86120561689044,63.46950538133593,6.469132400814876,22.269488488961553,46.40271998382231,3.6950885969309093,1.929376386082903,57.21913060021803,20.344142691192694,16.7861834757295,2.153362818017801,53.887873678083096,24.017337126096205,90.41952614895973,83.59318044756849,73.69272332446796,88.34010276015854,D,Industrial,Desktop,Fibra,2023
16.281418589452578,6.948493018995384,63.31436781835203,77.92976297980373,99.9289797339413,56.59321964742093,49.12808239678885,50.948504381864616,73.58207793696475,5.747950965072486,24.8203657853978,47.822275168328744,3.2497114672601692,0.6618301753734372,53.65432694067685,20.44210864096918,15.515025889527115,1.88243886209829,64.97398575520592,26.769932550673154,89.366574057491,80.75078199136856,74.08154691786766,87.15928602745063,D,Administración,Tablet,Cable,2023
13.920627112095003,6.554997297646077,68.0858758932345,80.43766020631259,97.87521042639099,57.62398939001756,48.005476218870534,54.80242615199988,66.27494655664633,5.853303585410633,24.762371055573716,47.59602978957123,3.290953773617852,1.5745461488890884,55.91944688753225,20.396177715165916,15.789848052914188,2.1142713529544137,57.06495312047913,27.021593589360926,92.13140803828159,81.21036603443818,72.29929857568138,87.2741342368783,D,Administración,Laptop,Fibra,2023
14.74975463912249,6.851930683992118,63.288851477401636,76.36521634707589,95.15076639845356,55.30862042253234,49.61142107509027,51.25561803483416,69.72989224785977,6.321600405722083,23.267363505591028,48.570396437111235,3.0165726415568472,1.8329632405593834,58.40711387692468,20.524737993952897,16.793916935571932,2.18985672303136,63.7479467327813,27.38278931406998,82.21117299955779,79.97975088996101,77.86431537282122,88.81930487343865,D,Industrial,Laptop,Fibra,2023
12.982259764097886,6.775498641155574,69.34618502465067,82.3758936411985,93.97726593419819,55.75101757896221,48.27970770084342,51.27251853740047,67.84102927259627,6.027130394228726,23.505680640846048,49.44442810392298,3.47923121066041,2.5272417862632515,57.65789135803908,20.25084101678768,17.51587064167764,2.309722322257063,58.32808609643608,26.917574625735746,84.75157193305694,84.06243930541795,75.97805941251477,87.51075019428652,D,Industrial,Smartphone,Móvil,2024
12.028413781509425,6.545708167845131,69.57485382212464,86.74529063317479,91.35033681644819,57.172619190453766,48.185938669692675,54.76321616435107,63.21136506533733,6.844298058065231,22.76025117172176,47.50762525002938,3.9586901018103298,2.5291771685943867,56.56164694352276,20.508934688118128,16.208927893039238,2.2924640837540586,52.854055687005584,27.423388687435406,90.68721756369999,85.7246677311858,74.63077049638326,85.48956299523304,D,Sistemas,Laptop,Fibra,2025
13.339757474975551,6.688614618221724,66.18930736624162,80.18811495134372,91.87915570309173,55.853696837589844,48.87035142720464,53.23268868357643,65.12635510409527,6.8575871719343695,22.652661272266545,48.24901572257146,3.3073040062536063,2.4547621805923274,59.03097355363,20.59067030654046,16.697919111896056,2.319169197276889,58.414321031264215,27.051718395149756,84.60285877618324,81.44389820239775,77.07833467326441,87.63753100631462,D,Psicología,Laptop,Móvil,2023
12.845913837577301,6.503288118263319,60.09874734343431,80.02323599189948,97.15057339307364,56.6035369412397,46.094626771577026,55.47713677438422,64.77994620562045,7.4765643009518055,20.806254319804896,42.320246938644054,3.3476746327652136,1.9064032268207458,59.89735483137399,21.29431207786767,15.896831722551275,1.9937670671678427,58.61683854534526,26.302738221172763,84.01783498455485,84.99018554252422,78.2107020750181,91.74195348790799,D,Psicología,Laptop,Cable,2022
13.196099131023129,6.43046552552212,63.49814180195561,74.87787583577898,95.26414628174714,56.89039885778277,49.34621304269116,53.44201211772446,67.22828217130889,5.3459716004825335,24.485115096591844,48.321568078438204,2.854919951234674,2.37592015692635,60.23448583804392,20.106036496997028,17.578582712565435,2.4369162614479514,59.438174708424306,29.32426274358037,81.41612134366419,78.70523300818874,76.21536472349301,89.85521725107233,D,Psicología,Tablet,Fibra,2022
14.670703985109746,6.566138703384669,59.64303496136981,76.81407633138255,91.54801675544343,57.94880223053067,45.06027946337778,52.704269159218626,65.49599455487764,7.311126182201977,22.084998552630545,44.08622876684909,3.2323860295841063,2.2934815853902526,59.817818360315044,20.644731503924856,16.549261699176938,2.2830704741689605,58.40253486049857,22.350038586872532,82.5110174749602,77.96494144997156,75.18021927501647,88.69232924364167,D,Administración,Desktop,Fibra,2025
13.48229870154485,6.823178322854984,64.04847536647357,84.38638422142651,94.44360921574864,54.192172676156694,49.02249110324046,57.65409380468031,63.97238205741923,8.13290663832581,22.251044511885407,46.05648799331074,3.1917365337215235,1.9149811316149,58.06741063938619,21.735740817899575,13.962582589803567,1.9449636931632202,60.543659494816986,30.436260750704633,89.59983104912976,85.26885204424586,78.64059371945554,87.9284108594847,D,Industrial,Smartphone,DSL,2024
13.64631572024635,6.865155853039051,66.78565832776452,81.75703377618852,100.0,56.2842145108926,48.10110955181079,49.80968002478405,69.50385143095328,6.817867527149408,19.89133963572568,45.18030585383079,4.068738104427393,0.8888048766435364,55.17875942237409,20.59417415655982,16.940131136350338,1.7686081095999824,60.428813169145215,23.08931486928535,87.44318453166701,88.31310761642479,77.8854224499705,90.16848832963922,D,Sistemas,Laptop,DSL,2023
16.431529002157156,6.987429023387458,60.20130684905574,80.17047860715836,91.87863714712617,56.1980407504266,49.752970788482905,53.0871706302636,68.12106130639242,8.110676956318056,21.99722532367114,46.09859288256807,3.56037874492608,0.952437426198212,54.77796431356201,21.162490608089755,14.023575688157264,1.915965086229411,63.204542037027736,25.656818014540104,90.17448821889626,79.86048270384973,76.75173689327566,84.86268472394863,D,Administración,Laptop,Fibra,2025
12.880055416120342,6.463757900735552,57.046309805689596,77.57452293151499,98.45029092666132,56.632932396884385,46.397463823773904,54.35228560750632,68.01897255303253,6.626989129527411,21.733179330443544,42.419371920764284,3.1391842253415594,1.9731429413130246,60.53123328372521,21.05192046996479,16.62625005719322,2.0637054606906675,60.94931848528368,28.108871610033596,79.72250504148055,84.52168565693056,78.91539667242608,93.02752700267942,D,Psicología,Laptop,Fibra,2025
14.853828437745921,6.829376639947263,62.59187592081736,79.45597232891693,95.50663865917318,55.865786723276216,53.58378959956206,52.49738426090795,72.8850586379972,5.43038994305462,25.41290316347185,50.26150990510942,3.3679928423459193,1.154682219088846,54.05894569250867,20.298217660176704,15.522386415484252,2.132721878964256,64.24242867214184,33.51566119846611,87.79583694630495,81.77723875818943,76.85421237442911,85.36393721943183,D,Psicología,Smartphone,Fibra,2022
15.418016601116038,6.909728454641886,60.36320534368609,80.93044634069571,98.80818848483229,57.05384132737464,42.93025540501292,50.4328104939988,71.48714030612564,7.085822957140649,22.10715729656179,42.61997901510213,3.498138923880995,1.4413366868103612,56.30582967182798,20.98292287063166,16.079149289254,1.8308005030463224,62.28741897061935,21.109703266244562,84.883222946193,84.28694478207395,74.66366445384898,89.85909929982229,D,Administración,Tablet,Móvil,2023
13.062779276252485,6.7472877850976,66.1368898397932,79.80674354453991,97.04328298267028,55.03977696073606,50.74124424638758,53.667551200281856,64.30699622152656,7.678959217362347,19.393094736819474,46.13131526875594,3.633648111972194,1.260980117334828,58.15075698759749,21.077056346435338,16.067885421477055,1.9042245782802873,60.077789158996765,26.48706864758812,87.00168777675245,85.56242920049155,80.57684803376051,90.28397861147816,D,Sistemas,Laptop,Móvil,2023
13.866709667386381,6.876097972784128,74.28366483665576,81.98615969701227,97.64544334623756,54.43071899448323,50.771099509506826,55.78024945626846,63.046582710087236,7.033867707054796,23.220690901448076,50.528469569788115,3.1425564103961583,1.4315246855093324,56.411094852585045,21.016239528435335,14.993070630280783,1.9653272814428173,58.98453366669,27.732925690775843,94.95041232846255,82.52130140542486,75.55976376147957,87.00192250612676,D,Psicología,Laptop,Fibra,2023
13.648787408910811,6.636466006476568,58.42825096727021,81.99859050271562,94.69987911130144,56.85901137683688,47.00065836284982,54.18963541646728,67.58491776418931,7.430607839642711,21.507128327215653,42.99601309557514,3.637935024010727,1.7569251967189246,57.53902445709876,21.156000743697486,15.446092507065842,2.004344752553007,59.78182108408977,27.2142363680084,84.94542449438833,85.18657732410777,77.73396562863954,88.99420689032792,D,Administración,Laptop,Fibra,2023
14.759789122029481,7.132068104531522,74.4815395314825,82.74544438906811,96.84993779432642,54.49841572411009,44.785570279863194,51.27211361265529,64.61521825259722,7.745186083297006,21.667636763296073,48.43489180825232,3.2635190229576643,1.9731372611897346,57.51512065662914,21.029558089784235,16.324352016462466,1.9371858750980877,59.39619656850476,19.272148651655606,90.22471233719415,82.98296363094995,74.52081500033982,88.24264703974615,D,Administración,Desktop,DSL,2023
13.499046933992753,6.7203310608380455,65.95596406772523,81.94512438512092,90.84296470707321,56.03056975734809,45.72522122616987,53.886983884658434,62.68660970175927,7.927845511903032,21.461988923179472,45.963355993421885,3.3617830916801323,2.6852385244479384,59.842806134793825,21.026112088275443,16.232843692209276,2.245146804427975,56.802770518214444,23.423619363129394,85.36448225946356,81.83121144147478,76.36273613192118,87.95670252476499,D,Administración,Tablet,Cable,2024
13.611996851694734,6.65037610843965,59.828765937564135,82.05744441245024,97.05424779036355,56.50219180244267,47.708442048876364,54.30319550574351,70.3269837718188,6.242477464196592,24.003066907072387,45.02443029481054,3.3541846712617653,1.814417260299189,56.78156397328208,20.924880857369033,15.591672423424868,2.0523278993501184,61.149848054203325,30.40820864478612,85.286927196618,85.22788900328675,76.43759690060187,88.7853294136732,D,Industrial,Desktop,Móvil,2024
15.344134560664399,6.891015806311423,68.17515290745877,74.52134829483208,100.0,54.5065875473629,49.410392795385626,54.21285620241414,66.82638063352292,6.586122843623962,23.243613682024353,48.456625001268606,2.543759845473766,0.8732976827357359,58.11319683791374,21.05931583028569,15.474363707293225,1.8314752804899985,64.51550180352136,26.107250624802994,89.32415812647676,79.25349943361944,76.44769952527881,90.97530751107413,D,Industrial,Smartphone,Fibra,2022
15.734360000717114,6.701174545542764,59.917226222810385,74.69512082591304,98.28835249123554,57.062126806835046,48.227354341307446,52.92088252776323,70.45534029423614,6.062587390709226,24.338867045888595,46.14964902587853,2.8954270405434657,1.1579576971078795,57.054554243121885,20.59847552571436,15.722006107993638,2.037362347484581,63.69598818247755,26.84124980382275,85.74322924180805,78.07414074755373,74.93629922535268,89.04426496424692,D,Sistemas,Laptop,Móvil,2022
13.693065831309019,6.477923134801387,63.526326320166255,77.94290484467733,96.29954065099086,57.76631416344829,54.969494395359945,54.2054214012841,67.23636717290007,6.0580011816735295,22.22495146541662,47.78563457649906,3.9105568192743014,0.48141829570977634,54.17273671739074,20.169442453525473,15.545016092023861,2.035853965949001,59.076484771494606,31.150990992516906,91.60816964461831,82.29104671162763,77.51780298043552,86.5327810183118,D,Industrial,Desktop,Cable,2023
13.923340438660098,6.53946808780821,59.635027666418395,75.29560067877662,95.6542332985174,56.07978775520787,52.4899258825361,56.09863821471177,63.78043531351342,7.712043128776049,20.133064256802985,44.9976542553559,3.311731568033199,0.9026314014338883,58.75825391453611,21.164617692510305,15.006177758503878,1.9599441989705653,61.346554535736175,29.120718084184524,86.74068809188661,80.8545081945724,80.7283757476255,89.99002243046138,D,Psicología,Laptop,Cable,2025
14.14348489092817,6.534798641578737,60.58048570317911,81.15296383823706,96.13876118970285,59.58664468156693,47.09698400659367,50.36585848239061,71.89287383630142,5.608333570131039,23.281257308504873,44.41954768861394,4.112113291104536,1.3369905055893518,53.96130630451599,19.89750311899012,16.868582826121482,2.109433072135901,57.83306462382624,25.21914854467048,86.89587172579546,84.05878074746094,73.3630347300089,86.96981749760313,D,Psicología,Laptop,Cable,2022
13.521694127239112,6.5241703224934415,65.08733910144284,78.4960283573289,97.70687413307408,58.85813919987625,46.616403455965354,49.06862548076754,71.01694147129534,4.97821312603614,23.450158970636966,46.4197927507535,3.7588538448783413,1.8094957730308083,56.28712986182249,19.559409362790877,18.464390272703692,2.2469995394325797,57.546577974675955,23.798884460300908,83.79902286185039,82.88073792109998,73.49462529784293,89.02957169057066,D,Sistemas,Laptop,Cable,2023
12.776893249040524,6.5034122959439955,70.81596009753336,80.0291461579527,95.88875740237816,58.350567204492805,46.28316570630272,50.92192392499215,64.19509084827283,6.258886555520153,21.34825816612934,46.61612870717137,3.861243552628556,2.0246677301433094,57.650880497426094,19.887744609148307,18.15360551129298,2.2306974483208695,53.51647116591751,20.71305622619745,87.58604894018423,82.85407539588482,73.74257501097577,88.89828022374745,D,Industrial,Laptop,Cable,2023
12.034402218862404,6.451855124152227,67.52412632021036,74.74536825080212,97.0955738243073,56.00291793784706,53.830644222289,52.6218021330219,64.85729437364203,5.883614674934843,20.767499708343,49.07240745416179,3.4633686957271532,1.515774948544343,59.425603215510584,20.0417976967851,18.021982324985043,2.2400790965751387,58.83054820998556,29.280668165279153,83.41484661590154,82.55602006944305,80.57610094112474,90.9740160055367,D,Psicología,Laptop,Fibra,2023
13.011913107035959,6.388107252068182,56.41466589969475,78.40631810705014,98.33618919985058,57.33105570166327,44.835515492755206,55.21961455196446,69.08927299493968,5.984959453504202,24.019433690993267,42.5547527092161,2.919152978358915,2.3396335576892655,60.30590492094807,20.944459036085288,16.44392657111425,2.1698479928587497,60.20326540136969,29.251459589130356,80.2302639790706,83.41110734821899,76.20896628201758,92.19928863584397,D,Administración,Tablet,DSL,2022
13.181355596013136,6.431320718093677,58.0414918565577,80.17335015876681,95.07781836222331,59.48705231175811,50.50831682219055,50.028623342321204,71.62763784471994,5.790035184796694,21.162106485945436,43.97503142306404,4.500507659677877,1.043341251302036,54.21054353622615,19.799906519939707,17.271070072193673,2.1111417773865524,58.054696305930854,27.516745577714772,84.46190533611684,86.06533043188713,77.34319390920358,87.69330000021068,D,Industrial,Laptop,DSL,2023
14.647379503874653,7.094780887839801,67.78337288381425,87.37108916014182,95.36403791605125,55.39064951061095,47.14747280855597,51.87223557791128,69.54236977154149,7.3154189071443785,22.843770919071808,47.21443690399387,3.8566813505625004,1.5622257152533283,53.66407948641904,21.039469168853525,15.08417462576755,1.8762803150696383,60.54202841916366,25.45033156106318,91.57618767281451,87.06768135642238,75.10631065829017,85.38033326086422,D,Industrial,Tablet,Cable,2023
13.302519407941828,6.3549728342356975,65.72498993882434,76.49426761338005,98.4613534087469,58.45787154819787,52.92185581209049,53.98285665349312,66.2504707943339,5.566902938196122,22.543700955714755,47.45047961819191,3.7396573805245437,0.700045217248253,55.33514965902557,19.929867836136967,16.41421506876538,2.0860962427457164,57.23121698558523,28.879629351012163,91.08167663837733,81.46762403147359,75.74037595556428,88.15098597664756,D,Sistemas,Tablet,Fibra,2024
13.494003798660327,6.2558195289193685,65.1904856156722,73.23316064797686,95.49866500946942,58.493990900964384,54.206614141815024,55.17726106551267,63.09293622117695,5.973844458665817,22.191361639675527,48.15688661821798,3.4831656389806525,0.8735610437148082,57.1748843766792,19.924240750486558,16.315545254024578,2.2332792162634867,56.65272204344781,28.856731412610266,90.3312197450814,77.38676231599241,76.4202434731624,87.88005790418097,D,Industrial,Smartphone,Fibra,2022
13.501372341203398,6.6991761126884315,64.97602917019759,82.86473078795771,92.17537163058148,56.98186410613586,52.2466301891311,51.88163055480414,69.38116176758126,6.062831042717143,23.266934639341077,48.98816859220774,4.02195780244326,1.6156176093187127,54.29533186829941,20.105549756494216,16.29873604098945,2.2294048552074415,58.75210552029361,30.239800152115293,88.2990040880569,84.26562957435206,76.70279447558694,84.69241415295329,D,Sistemas,Laptop,DSL,2024
14.793013662653708,6.814318340573038,61.997862880780545,81.85115689004907,95.46557525106142,57.391700853814484,48.72828402716982,50.51947391686638,72.59364296102521,6.021255009807328,23.684993440618328,46.670577201866884,3.838250987097903,1.3341599741394412,53.881684918713454,20.283533158796676,16.15824786814095,2.0544775224522853,61.30205357741752,27.151188985538035,87.15437097151495,83.95405500754772,75.066997825667,86.12141776724977,D,Psicología,Smartphone,DSL,2024
13.82555368549357,6.919575071913145,72.90560193980876,81.88532120851744,94.33127057680757,55.09973303804997,48.99625262203156,52.10622352206829,64.10964178200066,7.265096337380129,21.650413415984655,49.63218262781248,3.520279850079689,1.892071724465521,57.142715021375516,20.639354214993205,16.493348071581128,2.1015463892242012,58.182749669647244,23.701751319886984,89.86052413129188,82.78457182813064,76.26270751835648,87.03710701953912,D,Psicología,Tablet,Fibra,2023
14.317125057368324,6.768377125963464,65.94202956520563,79.31732704921907,94.78915518895857,56.478749115097685,47.997301243363935,52.11232721692906,65.90891223812363,7.194031093994651,21.462983996382803,46.60209561549246,3.5140563777466496,1.6360579447478516,57.44329684798913,20.648351162688627,16.36180540648157,2.0730358030278677,59.24751571380338,23.573257035549577,87.1113738344001,81.666771700168,76.36621835274501,88.18747231023062,D,Sistemas,Laptop,Móvil,2024
14.183111599314817,6.710337539650865,67.4247027588363,75.89437135355779,98.72290188128036,57.91607755569571,45.2269440394458,47.26152429861265,68.473620711552,6.219399120653798,20.319349662094133,45.513259686462234,3.7252707334143715,1.531839124822064,57.94492697531967,19.8434776198548,18.92952623284745,2.0778342515122747,58.560866698622036,18.706570795220344,82.67404446304246,82.0150355183315,75.2712885628037,91.22464100110375,D,Administración,Tablet,Cable,2024
14.57478291451833,6.542740343774835,55.012456043032785,82.99058118075736,92.8474765171132,59.474373485259804,43.915068185356006,52.98430271663398,69.19602848961625,7.322453115976193,22.17337073803582,40.96315357176549,3.9876452017334874,1.7291365290369027,55.702185349801844,20.831002728302984,15.342791991207982,2.0438120747565396,57.601023610605836,23.821872362573068,86.104407685392,83.77654675191032,73.94308693345445,87.11041904610428,D,Industrial,Desktop,Fibra,2024
13.128099475177558,6.815011385723096,75.01931284898171,83.204403589188,100.0,55.971057304815226,45.93247564496499,51.934623015220204,66.50807392024366,6.082194115715848,22.754700345145068,47.96615002882524,3.5103283438357957,1.6213317514327037,56.13154108536775,20.493736047439683,17.065991741490024,1.9148313002769681,57.156606117786815,22.791694013958928,91.50347461475869,86.5076916501887,73.46622400587285,89.75767825647176,D,Sistemas,Tablet,Cable,2024
12.582134603590871,6.2532111454678025,67.34790887733497,77.61363467370113,98.70758876199478,58.943286629065085,50.652484191149064,54.61355541239209,63.6621696553445,5.887062870779754,21.760118255801846,46.06645765957762,3.8050349707009166,1.0194021054308937,56.433586164565085,20.017261162092264,16.717903798706164,2.094061151977497,54.30211508780367,26.462449919702614,91.44748134991065,82.37457947606399,74.87820762133116,89.15595873489197,D,Psicología,Tablet,Móvil,2023
14.732435946034071,6.9184367662560735,70.1393014709757,77.78722766479507,98.652786533238,55.59695963221285,50.95276761264603,51.01541161384641,66.51323427453912,7.0100334493506935,20.619077532097343,48.54442905349602,3.609144835171985,0.687347406616861,55.71519222482199,20.522301560289694,16.352073913097065,1.861570935366467,61.237926561398226,23.360927483161188,90.41798651781158,82.31925080087453,77.45112372230606,88.55598530902574,D,Industrial,Laptop,Fibra,2023
12.66357202555468,6.397980779248509,62.69324807763918,76.69072535846112,96.12586076938786,56.26877472263479,50.99675218511075,56.82893383013295,62.47821329502718,7.096449147235858,21.16309325957881,45.586082207383676,3.186438669225984,1.6010034647050975,60.02983168826864,20.978908258389247,15.804474681805814,2.1135051895574937,58.463560092610386,29.57725009130866,86.1016782609129,81.78968441759164,79.31087024778115,90.70534863225991,D,Psicología,Smartphone,Fibra,2023
13.427443437291105,6.642095776257218,63.590642868220286,80.70342192988652,96.1423662441199,57.552213390333996,47.59392567792882,50.58043996671241,69.5373554992792,6.159864192265578,22.002483580787015,45.59825442453752,3.8540923707689867,1.724322126486674,56.47062943988619,20.218429549445883,17.330631566699314,2.121106285388444,58.65870675892927,25.148412124707345,84.45265665501087,84.89208894893862,76.19171104109205,88.76757986095978,D,Administración,Laptop,Fibra,2023
14.094485521951563,6.473633748016694,56.615379160688256,76.77723004578256,96.67203580819881,58.29700192157857,46.47625113425269,53.37463023350355,65.96306027784739,7.678681557755079,19.432520336801048,40.96315357176549,3.6908702297569245,1.1398199849482844,58.487889663822585,20.960988038321524,16.000335724597203,1.9162742649709834,59.173034572188605,22.943561554232335,84.14479454163859,82.62903660262796,77.9142734597203,91.26640436850747,D,Industrial,Laptop,DSL,2023
13.950196159568316,6.536798339828712,58.444445856937854,83.62338936402845,97.61989366473952,58.28896350359079,44.630343030321896,55.30846877122274,68.8159255759188,6.7812832452693685,23.467904449775247,41.77568544888212,3.606333632019746,1.5754935315572642,55.80501670926175,21.095746584330268,14.856159097722118,1.9266477511891906,58.30230828232217,26.949591299143446,88.8169478865566,85.42739458331323,73.71470930883004,88.53180870197197,D,Psicología,Desktop,Cable,2023
13.52047502953205,7.247100796648364,72.2128494738096,82.00434655790745,100.0,52.64731664676806,46.4040585188699,47.897418363716675,73.89999875337833,5.7185773662224815,22.34383046444602,48.86790225299103,3.18459321894128,1.6158533774927943,57.186350199019834,20.78507668256049,18.14240576988959,1.762516688050197,65.98019325397844,24.82187910121784,82.38388949439972,90.37587981299365,78.6760064549413,93.14370618364626,D,Sistemas,Tablet,Cable,2024
13.052141657103183,6.991313423051812,74.45689009689174,76.90630656248624,97.22480374488863,51.566123385493285,57.47478112373521,53.87535906662703,64.27202980833563,6.690611612474707,21.592094658971163,54.422942126866644,2.9357600260257755,1.3311318053014678,58.7274987018979,20.804621919939777,16.390868848802153,2.074193608980086,64.10799039691412,32.691143213760135,87.70123437770235,82.64082059104197,82.95725406369199,89.06799425606205,D,Psicología,Tablet,Móvil,2023
13.373353848798237,6.677180034388911,64.37106511274422,80.26730339314261,99.9227405055411,56.49601818656995,46.58500372699943,52.264778098971036,69.13101060944821,6.183895970440645,22.475952569733824,45.18715144578899,3.4153117567382605,1.6623686561473878,57.530948436281626,20.66593966910003,16.851684096850068,1.9860627930992907,60.14825951004469,25.90468936720165,84.93317440213816,85.51291210008095,76.31151424158331,90.84566823515415,D,Psicología,Laptop,DSL,2025
12.317042228911179,6.468531896439761,70.74827955425144,85.25362178779683,92.86523810611988,57.754111733688624,51.735713390086715,55.32523460869931,64.3765099854233,5.918618918108956,24.16040838775357,49.610691662890765,3.995709171889262,1.8550595782116792,54.31705010389864,20.09335342021682,15.834003465718041,2.284291921130399,53.24305823339127,30.58656430255508,94.51970194487063,84.33554322818978,73.68894485216282,83.9838655918693,D,Psicología,Laptop,Fibra,2025
13.083570007668985,6.547870056664582,64.62917097852868,78.66369551836912,98.7597608049596,56.688198460420075,50.172075041060644,53.313965515921545,68.89567572954284,5.51011003161329,23.59061644002876,47.41037174069732,3.353974704867436,1.5520467117276384,57.10930132867608,20.323836406166304,16.783924775951842,2.1265273892010983,59.93904674729869,29.87651117918788,85.89500692383115,83.70457441777843,76.6462328514905,89.55824246792483,D,Administración,Smartphone,Fibra,2024
14.600643564229573,6.71164207536135,62.15789295493516,82.86776945753934,95.86984919493975,58.67498103663536,42.64425598838935,50.565852258337486,69.90168013526373,6.679416397126059,22.706293414772656,43.05216954190951,3.835837987947316,1.8746067695769812,55.70706382129511,20.487266067511946,16.589160443033688,2.038677684954537,57.66518365611272,20.805903735989737,86.4608953372283,84.03821443635202,72.41087165862518,87.9204266543335,D,Psicología,Laptop,Fibra,2024
13.064138793514566,6.453359973672969,58.723423025601434,74.35848818559032,94.8821623690426,57.00131236750389,53.355177673166104,51.80047851088305,68.89149894570791,5.980664174841286,21.1036633740896,46.59834685180065,3.6116296573068776,1.3581581054964618,58.44227217774567,20.112344309069545,17.451396390364163,2.236010650880572,61.42377781558521,30.45105263962153,80.23001083502416,82.04825774386642,81.0555037232429,90.06964204534717,D,Administración,Laptop,DSL,2025
13.359323832497413,6.609650838190545,65.78287945587749,76.10705926128011,96.44578312278554,56.13818354213044,49.70182988205107,52.52693692696908,65.38262967425904,6.603711578782068,21.261144461915855,47.210319295705155,3.281013929304436,1.7134128289112094,59.38882141085068,20.467449412503175,17.232716336511086,2.157183862703101,59.6159656958851,25.748164421423606,83.92877647741737,81.37158844409355,78.30797645021855,90.47817382437648,D,Psicología,Tablet,Cable,2022
14.572575445233987,7.0586283515457255,67.81860668624421,79.36800872300866,95.82272328858406,54.32484580561886,46.93887963794189,49.93148235871391,68.54076537096425,7.024834808375488,21.96679170646859,48.38494950533063,3.1434280740881295,2.1063600170805814,58.73018785831184,20.778716920350167,17.16494820361552,2.084796568081799,62.906861349324195,23.254591978673055,82.75207977617532,82.55095471185507,77.71115723385316,89.44848767132916,D,Psicología,Tablet,Móvil,2025
12.878086412360318,6.66327554085673,63.20675659394441,78.52937752737247,92.51516169365762,55.65518664977976,51.06263529421976,51.36672148394149,68.65445986599188,6.093396864568583,22.486379339514148,48.67162483936528,3.4262719940138533,2.3496470437253927,59.04261008936152,20.252670073877496,17.66585102965552,2.371722624768843,60.74971307662252,29.82840802504998,79.91404495181631,82.9066148110203,79.66192207493324,88.6620147440829,D,Administración,Tablet,Fibra,2025
14.467876170760803,6.61417747177657,57.457444861191206,79.63851983744058,86.0965388344478,57.111517436913616,56.657895826424806,55.32136373019621,63.40213268089294,8.681634113132423,19.075114267711367,46.13755967914704,4.3027923676559245,0.6808707055981129,54.922457793108954,20.912724637767358,13.886841417654114,2.0837971085913196,59.37481781131969,30.638588365322157,90.56221568898343,80.79293242717128,81.58888795811473,83.3577420630398,D,Sistemas,Smartphone,Cable,2025
14.115566339660539,6.643292271739354,67.74058872484957,70.76712529903914,96.97496577132628,55.49204876693851,50.607007334151916,51.7633002779357,65.5339275009632,5.929364038249737,22.615545892601194,50.03042442148978,2.6408101019177304,1.8596357603680116,61.138863673106336,20.1445325523491,17.987684251871915,2.3094058398920403,61.7569184556924,25.58835769299835,81.6696225322073,76.29208522670635,77.89847409622467,91.19174121594286,D,Industrial,Smartphone,Fibra,2024
13.57719410002706,6.822774530415886,68.92074308867636,81.32085383541077,97.14929022054437,55.679804976046555,49.661263903385674,52.29298027270068,65.6740102537117,7.215277328632791,20.56891670506632,47.19824011150671,3.762312214927939,1.2634607656058026,56.37872184652611,20.743030702150495,16.2677827002519,1.9250939977981774,59.15564974040106,24.78466839742959,89.39356963476925,85.2062241009476,77.76214517055061,88.61243567881127,D,Industrial,Tablet,Cable,2023
16.07415805924746,6.696909326922058,55.87523088664416,77.26985542568266,93.55181877883689,57.2703982723971,47.50402911424653,55.62730453991991,66.23128488680919,8.12281953150953,22.109254448384757,42.97375694317324,3.1750066328516415,1.115682980463884,57.2878412310637,21.407446851053262,13.85298643398503,1.934060463350028,62.10699990517498,25.54599944112349,88.21203876549876,78.14225951613207,76.14751136174554,87.56993743661205,D,Psicología,Laptop,Fibra,2023
14.342725900109107,6.807704427719636,64.24737654111335,82.61564031965193,99.3950204251537,56.14122340053307,46.69759290993632,53.88317403041334,69.85742964525794,6.3873494016106385,24.14315398773712,45.83953019003757,3.287731378147614,1.487335830437448,55.69539867506482,20.997145190628647,15.289788859417355,1.9065029395865773,61.27601061537124,27.65251068144618,89.16974684661845,84.90170887798871,74.62625111808178,88.50222542748749,D,Sistemas,Tablet,Cable,2022
13.73302735345686,6.971810723339134,64.98374044205718,83.05893092299763,100.0,55.43123265808588,47.91100334640515,50.031482406843864,71.08757466757068,7.031544699235832,19.81696462325006,44.46243973549854,4.030429762381868,0.8002682719353462,54.9657272509659,20.949806364066415,16.463663887504335,1.762516688050197,62.52652005183022,24.408080400288142,86.66416819656577,90.35751071785025,79.10541067328522,90.73824266848725,D,Sistemas,Laptop,Móvil,2022
12.849028189472273,6.511305242719996,65.75874596002906,81.88151119419221,94.86675849292274,58.607405120946574,45.67870687946923,50.38767670262436,68.88630488892017,5.545082113526452,23.315731979963235,46.11568232860779,3.858116726539467,2.375544228441476,56.84804189742191,19.822584383954464,18.10201684918452,2.3219335999219033,55.38597807639712,24.186909578813907,84.35380867397716,84.21534050776742,73.45102191533138,88.05153727993606,D,Psicología,Tablet,DSL,2024
14.189427372036217,6.703324895094628,57.84047293553563,81.10921155762088,93.37676855374029,56.33837360269909,49.013081911658674,54.392937131092864,68.43523390532367,7.305068426083493,22.356618555286598,44.63550845669042,3.49470535824633,1.6652807863300545,57.08760545936545,21.128036637197333,15.03874409171623,2.052919662242191,61.55513096945449,29.42367086503176,85.16510467745795,83.52412743303545,78.22765628575769,87.71462479576346,D,Administración,Tablet,Fibra,2023
14.29956446269227,6.555163554076163,66.31525940266847,76.43226071500796,100.0,57.25266120711685,48.669663040360994,54.678595527608984,66.86545014818306,5.940355377473438,23.341842219640967,46.12123085790975,3.117776857786988,0.7637759018342893,56.49760407097323,20.597523996295255,15.768518791498845,1.878142960878516,59.902882875979515,26.265277577021138,91.22395405931208,81.25586697699596,74.23496377420261,90.41746995736389,D,Industrial,Laptop,Móvil,2022
12.562460297676788,6.280490201379328,61.100467520554304,79.19818371863522,93.244515387665,58.24027921008755,48.66088230155843,56.31049746584158,61.54396809193198,7.508308371349893,20.40666794066327,43.22636274238488,3.7056699509991144,1.7761482510123003,59.076609847383466,20.819454717404465,15.836240201707108,2.161125445286927,54.72171540320447,26.464542074018837,87.21039216651923,82.37696863438396,77.33720400559933,89.2397273226366,D,Psicología,Desktop,DSL,2024
14.859611063777798,6.677020079662302,61.324922834109266,80.5503923740506,100.0,58.09008931891673,48.581314256802784,52.529506057243076,73.16156755481853,5.521906626173714,24.146031018625855,44.83266400639706,3.7054212887110367,0.47867873684761447,52.73821178893982,20.457266009000584,15.364782720252158,1.7842475307892591,61.79003237341512,28.105849685211936,91.02519813187268,85.00453694871034,73.82224665666872,88.19364561127243,D,Industrial,Laptop,Fibra,2022
13.075868953570003,6.6391166376450945,65.2706943564922,80.4260854067824,86.92681291400952,55.77854609072349,49.603254852703984,54.325140130882374,61.40007812213024,7.923727107452874,21.174339737759233,47.922991796916754,3.4278803043551758,2.7977667423146153,60.375157409823196,20.79608202058111,16.365171157923328,2.4331612208005513,56.64162948810258,26.567877322124957,84.1231904707358,80.15347457827441,78.59792322693808,86.58927416958524,D,Administración,Smartphone,Cable,2022
12.949855374718274,6.487053235865322,60.79596810359372,80.25138659388904,100.0,57.04635869157232,46.68103509671664,55.31724787882691,67.776138934549,6.489679724825558,22.028074896890306,42.47286190752481,3.3975809680140525,1.2666089152462918,57.67499400289956,21.097483319355938,15.757531820683042,1.8383513549131634,59.61347950358328,27.884442642970185,86.68882880074203,86.7004455502292,76.83817439313667,92.15219733080505,D,Industrial,Desktop,Cable,2024
13.188921992287785,7.012510094921025,73.81487026698917,79.74101638860458,100.0,53.92410784368994,53.50747369033898,49.55417431529293,69.75073684492628,5.987696847265936,20.332505431830832,50.348413050073674,3.8097754895722185,0.47867873684761447,54.782136410687194,20.360257288079467,17.384470132973792,1.762516688050197,63.14250531094683,27.069041736961026,89.15948037496972,88.7200120585965,80.33943038129568,90.65473405020941,D,Sistemas,Desktop,Fibra,2023
13.418730498357316,6.629119501954361,60.729326308334606,79.33285402503526,88.9033793092883,55.542436689982026,52.19431799063018,56.124662921300484,60.5833349194394,8.990538078715097,18.939975770286775,45.249536300206884,3.670694866205151,1.6447994493529055,59.413276140075915,21.394680692154324,14.839967044346363,2.1036681954017724,58.79204508408277,27.89228295558929,86.40128067286204,81.7980680591731,81.94421741075976,87.65125845623969,D,Administración,Tablet,Fibra,2025
14.808568664190224,6.688549418420045,64.55548141247542,71.56159593176235,98.62716046022123,55.69889413840576,52.02881136457618,52.957279891714926,65.9053873715084,6.691170671702805,21.284283822351977,47.900981984745485,2.9538418760854146,0.8272988654363345,58.880692373827316,20.58619752811343,16.406301970066107,2.005638589125245,63.222065705022594,26.214758584583336,85.63385050618062,77.9480708821626,78.99940992057307,90.80079565201508,D,Sistemas,Laptop,Fibra,2023
15.775272251830659,7.082653422598928,60.8629881974467,82.99503836124545,96.11386547202788,56.154506790842845,45.73805890931136,50.22005093431072,71.99329341766324,7.522660204804366,21.835088779383007,44.31909547118427,3.751551151711066,1.2199964742592972,54.5918675864367,21.080826466743126,15.344368344675093,1.8048485301898571,63.553275089451475,23.12166793345497,86.80298927300993,85.05010029328481,76.1524281041265,87.35304103438767,D,Sistemas,Smartphone,Cable,2025
14.814687120409921,6.604332831840387,63.57493304582567,77.85665006572498,98.56826624364922,58.34024474084129,51.677009660001055,51.95116572158144,71.13851084159737,5.335554139711863,24.0080221737138,47.60889092346716,3.7420697386821278,0.5326560214334104,53.160039920082575,19.934867438642286,15.989704357927472,2.008928365765964,60.526992854057156,28.473673927663636,90.94932518036855,81.44916508057271,74.30641122441415,86.55080581850177,D,Psicología,Tablet,Fibra,2025
14.180288199825899,6.584696893383365,60.13352345305415,74.86371684743347,95.22116146269667,57.10295141858745,46.34130860063888,51.38852211070529,68.45712057786312,6.288019868589993,22.621561984538232,45.327870624349984,3.038960953869489,2.1975034646278653,60.29736793325346,20.400825138574834,17.565683601381323,2.2747882201089933,60.944267783397365,24.575020537781512,79.22211192548457,79.35370652869953,76.71500248373451,90.82505204868104,D,Sistemas,Smartphone,Fibra,2022
12.636618456425339,6.616559342934398,68.47957285372378,81.76408336750723,95.71962352864936,55.989537230210644,52.925966689603925,54.570738953736964,65.21616446548687,6.468858093145815,22.13630468954404,48.858826564675155,3.7515294879479533,1.3846861629158669,55.958134699153916,20.517728678981513,15.943234508720618,2.090167303452222,57.855374423558615,30.526293772990222,90.64596935165892,85.00632733140822,77.94413804157415,87.18334451745893,D,Industrial,Tablet,Móvil,2022
11.879682638430362,6.245730627752962,60.17471992588322,75.3379008863186,100.0,58.26788245240962,47.2740357224008,59.46935890941904,60.66768374753749,6.886247766316283,20.690629014303674,40.96315357176549,3.0880578967809256,1.2371290878599206,61.06436578052672,21.20644724602519,15.622791461032929,1.9177572906853066,55.58174635223604,27.61799175504119,87.55579617285777,83.1218016591031,77.19150069617457,94.40725761665293,D,Administración,Laptop,Cable,2024
15.044460854424514,6.7240127941118235,59.8385528614307,78.09472657966258,95.28465834735783,56.345428452395815,47.74602428189371,53.859628684295956,70.60454075459927,6.006358596434492,25.658048316213826,47.06806114313741,2.807296433984819,1.9958312886566336,57.69863854670489,20.743833090492913,15.60646835692989,2.2057365074590427,63.07438015667367,29.652339747354933,84.26597390342245,79.33777946941348,74.96994477401842,87.8155787791568,D,Psicología,Tablet,Fibra,2025
14.596950235717632,6.809274947575029,62.74410421758782,83.37158600419357,89.06542273310325,58.01587151799493,48.5849510198381,50.15435202307172,66.57248000573541,8.096478796491757,19.48783807551573,44.895964158954456,4.5229777141852106,1.407810042550922,54.47987419290727,20.473763121433088,16.00097775445434,2.067096338230487,57.12141762352215,21.704236083142316,88.53945482168052,83.75458533506456,76.77802134588376,84.58978575553454,D,Industrial,Tablet,Cable,2024
13.59965292731671,6.6894204497739995,60.734152957892036,83.77540222175317,97.4742302127005,57.183047327041415,47.71322802041722,52.45315567134728,72.15292894475007,5.9509561091402885,23.729807315102732,44.99182521333586,3.7841152576835464,1.571246839318067,54.82479700318243,20.61124027828401,15.98450546406642,2.0068250001652634,60.461712903045445,29.32634861286129,86.35981003075355,87.13972708295995,75.7449540538864,87.90516512647592,D,Psicología,Tablet,DSL,2022
13.108613756683091,6.641897087871759,65.85426537185397,77.55176541303749,98.16851506811268,55.496556367712074,52.23730311845624,53.45177277020288,67.21737162571388,6.134571121325003,22.16516501970818,48.34295358235113,3.32806561938519,1.3437951619873112,57.75689745480016,20.526921137890735,16.613846159321163,2.07378808207346,61.121767206104096,30.03747856376573,85.8929898799343,83.46925472911911,79.12832020060694,89.86100968652539,D,Industrial,Tablet,Fibra,2023
14.230405217730421,6.4081021845653225,63.36962578977765,78.34030751333702,92.44404662112193,58.427961253373915,46.9154212891398,56.310817500721434,62.333073395237335,7.092171648674325,23.387364506826007,45.36022126227577,3.2016555065470547,2.0000860833128415,58.419913290207944,20.682188179341022,15.336837478371756,2.2602622878822545,55.45606833019258,25.0694612997029,89.84040560364042,77.41986627526887,73.02088568649738,87.00430159042588,D,Psicología,Laptop,Fibra,2025
12.73692729434177,6.56199990662898,59.72082854475269,84.02981197400275,89.66101557600724,57.120282275016365,50.90612817810124,54.67807639122658,63.76312433223668,8.369717758707871,18.94089463242287,43.62926661205576,4.356890103855725,1.565082746317564,56.566194263232696,21.0567562372359,15.176607688621834,2.0583172822064606,56.57249950622129,27.982158141998603,87.57008775292998,86.50307723204556,80.28928669318223,86.57300797084814,D,Administración,Smartphone,Fibra,2025
15.259970738588828,6.8864505921974555,69.91912561830144,76.25901193694739,92.49905361430397,56.21302752117835,50.80630653510343,50.78742130553025,63.0466725642604,7.868229383433521,19.74353820594405,48.931777885196276,3.64220738255134,1.126973847255488,57.02926896256887,20.401943102544585,16.44637038514021,2.0735941151111223,59.18251824634371,20.47362827152195,89.70724683263582,77.9644718680978,77.15528471938532,86.67164445410751,D,Administración,Laptop,Fibra,2022
12.479158845271384,6.711670583785104,64.16610873932174,82.18349076241917,98.07821841121961,55.560334180186096,50.69944794277164,52.315711176297754,69.26295235681847,6.403325857479138,21.22843805682948,46.36202979425874,3.832578689411987,1.458440274834993,56.58564611412081,20.68860106426649,16.698782338406893,1.9764640315826905,60.68057533672341,29.7680537529028,84.86062199627074,88.62551494120922,79.91236835983922,89.84320454209127,D,Sistemas,Laptop,Cable,2024
13.78310928674981,6.902419040309007,77.26957903612272,81.45365880207696,95.92636889002178,56.168477212165925,44.769212462588634,49.57625853654892,63.699117245388294,6.833198475227073,21.653662978824737,49.31173155617404,3.530329627377093,2.3006721665932246,57.870357520477135,20.177929125777275,18.068820213703727,2.168386170708725,55.418044763374596,18.706570795220344,89.05403948055579,82.07699012432404,73.0052258211159,88.19937610893894,D,Psicología,Smartphone,DSL,2023
14.26683417516882,6.760134250129121,70.37963837928501,82.42602880401418,99.31447696908464,58.54324411140296,44.879006005442534,49.08658399709322,68.9152196745262,6.099803173843427,22.09834450494201,45.853050334711824,4.088751201279786,1.2527693629420353,53.96463275569489,19.972555231740113,17.368192830053225,1.944734579044704,56.22232255687832,19.138169413397694,91.0511088877442,84.8687089352032,71.76935675133984,87.81709230291045,D,Industrial,Tablet,Cable,2024
11.655783315612629,6.328335933895855,68.52695513872462,81.24844926231886,96.60836447643209,57.31044768488984,48.742747323057465,56.29272198387267,61.99323152413207,6.381783672774883,22.344525303340735,46.38988790941544,3.507033653327393,2.075436847864857,58.658010293959244,20.547629584520784,16.53372687264308,2.202876339955371,53.75299693310835,27.990594401575663,89.36682271170125,84.23918357113118,75.59949228341716,89.4367106162092,D,Administración,Smartphone,Cable,2025
14.16027803912134,7.066961366001234,69.79508306195925,84.63519196656449,98.55893755428451,55.37966399276288,49.06655574165882,49.828312750664224,69.88153322849149,6.958470448596069,20.97407883244312,47.56730236228494,4.095286770811744,0.9746109185828322,53.5820114870784,20.66504045425786,16.255402288975578,1.7818452643413425,60.95471517332081,24.16508730200797,90.5261433100792,88.32712986395322,77.08178326117091,87.42287418173176,D,Psicología,Tablet,Fibra,2022
12.048241156933946,6.646653870827302,65.25504128763922,81.77176139178718,95.69513901348577,56.14920410995771,51.54508658329759,50.25427345886742,71.43831809746452,5.190179426887012,22.914025395558152,48.865857431874964,3.879578533085004,2.0388124250272797,56.50330049072408,19.92044327967421,18.10685681953246,2.275808220404927,59.80225324165571,31.179417179706434,81.90157710681517,87.48199422055924,78.92069428845309,88.49099127220967,D,Sistemas,Tablet,Fibra,2022
13.716647938355285,6.584884919839508,61.8074005411913,83.16722993288765,95.16309437520445,58.265983181991935,44.29032468365534,52.51639597965366,69.62677695183099,6.109563330804764,24.18087150880197,44.35457349446183,3.6043069861916166,2.267535486679474,56.522009721995516,20.469610518355775,16.49234597817855,2.187234749230334,57.37505227657167,25.481769741008762,85.6651447886313,84.08462485338829,72.93558442706485,87.73215917945653,D,Industrial,Laptop,Fibra,2025
15.317447722347449,7.125673922161038,66.65668997872082,84.32464982777017,96.43589087781442,55.50918916670022,47.79538547447083,50.456822581780585,71.27642998395433,6.971761204356221,22.881976986098696,47.57371840668772,3.749579827888872,1.2565414208501893,53.614725436462614,20.81685906340337,15.493195443438143,1.8649426246767895,62.529469653130015,24.86242707175453,89.99223139981012,85.35098993125372,75.4095924664306,85.96686836100793,D,Administración,Laptop,DSL,2024
14.171205379481444,6.90338966574147,67.64920126737246,81.82046501906612,97.89301077002825,55.64191425705955,45.42841274938483,51.804903982678645,67.37380151307973,7.10004688484624,21.96183915756794,46.074780137136365,3.3893031789464705,1.8115819467930012,57.417104696417006,20.927870467585617,16.404923181107673,1.9491217369546274,60.091680355928176,22.77130272013352,87.02943016829721,84.52366098499799,75.64844932683721,89.45052072986788,D,Industrial,Laptop,Cable,2025
14.069639960159773,6.723939329913537,64.89136712835739,79.96812045923457,91.74153404824602,56.633809327780575,51.818959508730856,52.006408889577955,67.79238209338047,6.477960797472276,22.78781756470402,49.02012408636085,3.7111874059096253,1.658429163002055,55.89800895197138,20.231066254235667,16.325559038249324,2.2473563820657994,59.572571233758595,28.44103082453126,87.14985502643206,81.40006193364023,77.05397389426906,85.51858001653609,D,Psicología,Smartphone,Fibra,2024
15.845716638400681,6.877986835687037,57.91503308652251,78.96532172847232,96.05806433788288,56.63025111127328,46.62685541131537,51.94098838241738,71.80994647308964,6.863637596900462,23.44347793166986,44.670506650899206,3.2500735462778096,1.3766783706995374,56.216145248736936,20.94875167735879,15.32843913107568,1.963722385158612,64.19162131407295,25.915555256598235,84.82913003054463,81.28266262757127,75.78863227436179,88.05495274563299,D,Sistemas,Laptop,Fibra,2023
13.252010451324434,6.617685363993488,68.83379704038565,76.70930000364086,96.35297751359167,56.17262155755921,54.53802885077297,52.331167499148066,66.44605048271998,5.855409113632104,22.049979550466016,50.44430260561579,3.599087711882078,1.112878359246308,56.44125371018034,19.990759771891714,17.01645759328486,2.168443161682071,59.586882165145674,29.43172240774337,88.16892649381951,81.73705751516134,78.45210576055202,87.87632269561092,D,Industrial,Tablet,Fibra,2022
15.937256844565498,6.799366123288344,54.71732020884073,80.1528071741883,92.5742352999488,59.027585217365896,42.642888163788136,48.41116382223795,72.62466964250699,7.440670181239762,21.564794580038562,40.96315357176549,3.791888658873858,2.0269427706273135,57.084630021710964,20.68789137249218,16.71388600840429,2.0680134156764667,61.09706229827642,18.706570795220344,79.47539314671556,81.93596125351596,74.21085354284794,88.58921521346448,D,Sistemas,Laptop,Móvil,2025
14.93946450031012,6.858893240770424,59.728649109570036,77.57373806528982,98.15845357149873,55.72788107314513,51.026422688337384,52.127466649064964,69.49450378713911,7.431102663184792,20.142959909811903,44.84137354826588,3.6345199813451976,0.492570617552873,56.017611302699656,21.04783786570887,15.379856561265388,1.7625323167696496,64.53219532919148,26.83511756282861,86.19483946079012,83.99519093525514,80.27288542381314,89.65100430258464,D,Psicología,Laptop,Cable,2024
14.122041482197835,6.6046095955543045,67.93926115285568,80.80641567764452,88.39826147041262,58.10391572756631,45.9016464562175,52.972130900689926,61.11059009330888,7.767305418603421,21.584292324546976,46.602594819758274,3.6681693811981138,2.4777787128856295,58.33287778521168,20.41345878841604,16.467879266711726,2.3589359864261636,53.453386510229876,20.246730699175117,88.9044455624366,78.33349670365816,73.29340454342613,85.48527368080566,D,Sistemas,Laptop,Móvil,2024
12.395885304006102,6.311965375455322,62.84116068348807,73.40486525765002,96.51605602892504,57.03276271214958,54.5278670949845,53.95208454953377,64.89451600887477,6.029679113047617,20.71546804356137,47.34150447893711,3.5105009748881986,1.1612601969830152,59.01969020489721,20.128833526801703,17.25393554243139,2.210682736782044,58.99507172277649,30.531937849411957,83.93105661065661,81.32601461607966,80.65460584995553,90.68966256509187,D,Industrial,Smartphone,Móvil,2025
14.674680508013477,6.4936229538874874,56.723746014446675,76.70218341288175,93.60002268585785,58.13160990847203,49.43170312429669,54.53508745301824,66.241322295586,7.367141430729538,21.36051802389157,43.445667071032844,3.5554440538595884,1.140728186667543,57.29621415171494,20.81347582081663,15.183233689930452,2.0555428484237863,59.84864035433374,26.685229326783592,86.47992916913924,79.82980664275333,77.24711427752794,88.15907952620708,D,Sistemas,Tablet,Fibra,2025
13.220892675553625,6.630899702223262,69.8457580286752,79.99585691652322,97.57976984406325,56.9463103464155,48.27664840451262,52.83566475033529,63.22033076091491,7.17172212524204,20.162339654738574,46.10534244919399,3.777413775398509,1.3329714706354396,57.22782291458975,20.55844601838633,16.67573446591815,1.9731822185744974,56.184249388347446,22.38649354192574,90.16168987057361,83.88026646549044,76.21351076056102,89.40999973074611,D,Administración,Tablet,DSL,2025
13.879416520578165,6.635978582281926,67.24287935561341,76.61342829965355,96.5544499459763,56.598897197203364,48.307736810546906,52.90032465480198,63.67432699058604,7.116810158536003,20.83035849942106,46.469030781379,3.3351586919709613,1.5388943819624292,58.89563522780283,20.596820287625054,16.750371054103034,2.074374280414114,58.34283290351,22.89645026364393,86.95022801618993,80.53227067946078,76.72949613936161,89.97981303064036,D,Administración,Tablet,Fibra,2024
13.972770418295731,6.348798862347533,60.51352886070086,75.08883379761161,94.45833317566836,59.04147933317211,49.37961154650619,52.8330949830617,67.0803931559808,5.908604727061748,22.86405328891279,45.654239375950695,3.495543381788717,1.5369326965859198,57.6322202703173,19.973482248046174,16.918200849243046,2.2858632496803026,57.75476313872598,26.394518303728226,85.02760404805679,78.58835379071074,75.16955575339027,88.37280341726644,D,Sistemas,Laptop,Fibra,2022
13.737654260215795,6.638748407377784,67.55775059036802,77.94767350075091,95.99945389330595,56.72199327016702,46.84076290336144,52.768346475201014,64.05058229993293,6.968902061193231,21.53583261208753,46.410816542280116,3.2977579008496445,1.9144944712974543,59.09181657970158,20.573525388794682,16.930414971940834,2.1373111321629414,57.63345897956108,22.5896055158939,86.36693540517321,80.86575226779097,75.67536838983877,89.72474695427849,D,Administración,Desktop,DSL,2025
15.546458771462033,6.896805676618325,67.35119085752183,82.2693526644587,93.95692615915844,55.91251868361427,42.642888163788136,55.349506145543984,65.01344618744702,7.357410879108726,25.646117190104288,46.92994175204019,2.60202233733914,2.652203618783889,58.48366792460134,21.294749329380082,14.800303273225694,2.157648898140697,59.09876238429024,23.024939770146496,90.0034769502818,78.19988157794248,71.76935675133984,86.63078565287643,D,Sistemas,Smartphone,Fibra,2022
13.02606353545391,6.245730627752962,61.59833225096911,72.73891488256241,100.0,59.21928965303684,49.623608534991064,54.41079888218855,67.2474022996488,4.8112843573481285,23.761455793151097,45.36802287333031,3.161555336208013,1.261994810241469,58.46318498372818,19.87353026792446,17.33276469436369,2.212902026342419,57.64447241620321,28.582774900619825,85.25915513477781,79.50186813662786,74.7771533750635,91.52956676003348,D,Psicología,Laptop,Cable,2024
15.105794728194837,6.919877834827035,65.98600040358292,78.79531827647645,98.80343655473925,55.845956506920004,48.72423167260396,51.34277140021005,69.71637356263854,6.536923528893691,22.686118474802942,47.45548950732075,3.352722854615775,1.0694705133092008,55.75446656818099,20.651943015561287,16.05509862809253,1.9089418672071097,62.7683616643913,25.079004717926573,88.14094841589086,82.3828641195071,76.05490289631244,88.52247327093863,D,Sistemas,Smartphone,DSL,2022
13.63419055132146,6.570954837993578,60.560780018984445,80.61253292360345,96.46179365941606,57.586626819033214,49.234379764342094,53.09809556884637,69.38040397934448,6.300921331458553,22.548508121823083,44.95654817237106,3.7599042209737865,1.3411794493787554,55.803700956983114,20.532408838310335,16.01892250752784,2.0420126423470624,59.6028961938612,28.51597120281069,86.62264289887445,84.58963691282213,76.64614510272915,88.25554135497137,D,Psicología,Laptop,Móvil,2024
